experiment,fold,unit_index,subject_id,ma_mau,jar,n_repeats,repeats,true_label,predicted_label,feature_mode,selected_code_C,selected_face_C,selected_alpha_face,prob_0,prob_1
code_only,1,10,P003,189,3,5,1|2|3|4|5,1,1,,0.01,,,0.44898515939712524,0.5510148406028748
code_only,1,11,P003,258,1,5,1|2|3|4|5,0,0,,0.01,,,0.5726263523101807,0.42737364768981934
code_only,1,12,P003,453,2,5,1|2|3|4|5,0,0,,0.01,,,0.5148923397064209,0.4851076602935791
code_only,1,13,P003,762,3,5,1|2|3|4|5,1,1,,0.01,,,0.47453826665878296,0.525461733341217
code_only,1,14,P003,893,4,5,1|2|3|4|5,0,0,,0.01,,,0.5148923397064209,0.4851076602935791
code_only,1,15,P004,189,2,5,1|2|3|4|5,0,1,,0.01,,,0.44898515939712524,0.5510148406028748
code_only,1,16,P004,258,1,5,1|2|3|4|5,0,0,,0.01,,,0.5726263523101807,0.42737364768981934
code_only,1,17,P004,453,2,5,1|2|3|4|5,0,0,,0.01,,,0.5148923397064209,0.4851076602935791
code_only,1,18,P004,762,3,5,1|2|3|4|5,1,1,,0.01,,,0.47453826665878296,0.525461733341217
code_only,1,19,P004,893,4,5,1|2|3|4|5,0,0,,0.01,,,0.5148923397064209,0.4851076602935791
code_only,1,50,P011,189,2,5,1|2|3|4|5,0,1,,0.01,,,0.44898515939712524,0.5510148406028748
code_only,1,51,P011,258,1,5,1|2|3|4|5,0,0,,0.01,,,0.5726263523101807,0.42737364768981934
code_only,1,52,P011,453,1,5,1|2|3|4|5,0,0,,0.01,,,0.5148923397064209,0.4851076602935791
code_only,1,53,P011,762,2,5,1|2|3|4|5,0,1,,0.01,,,0.47453826665878296,0.525461733341217
code_only,1,54,P011,893,2,5,1|2|3|4|5,0,0,,0.01,,,0.5148923397064209,0.4851076602935791
code_only,1,55,P013,189,4,5,1|2|3|4|5,0,1,,0.01,,,0.44898515939712524,0.5510148406028748
code_only,1,56,P013,258,1,5,1|2|3|4|5,0,0,,0.01,,,0.5726263523101807,0.42737364768981934
code_only,1,57,P013,453,3,5,1|2|3|4|5,1,0,,0.01,,,0.5148923397064209,0.4851076602935791
code_only,1,58,P013,762,5,5,1|2|3|4|5,0,1,,0.01,,,0.47453826665878296,0.525461733341217
code_only,1,59,P013,893,5,5,1|2|3|4|5,0,0,,0.01,,,0.5148923397064209,0.4851076602935791
code_only,1,105,P024,189,3,5,1|2|3|4|5,1,1,,0.01,,,0.44898515939712524,0.5510148406028748
code_only,1,106,P024,258,2,5,1|2|3|4|5,0,0,,0.01,,,0.5726263523101807,0.42737364768981934
code_only,1,107,P024,453,3,5,1|2|3|4|5,1,0,,0.01,,,0.5148923397064209,0.4851076602935791
code_only,1,108,P024,762,3,5,1|2|3|4|5,1,1,,0.01,,,0.47453826665878296,0.525461733341217
code_only,1,109,P024,893,4,5,1|2|3|4|5,0,0,,0.01,,,0.5148923397064209,0.4851076602935791
code_only,1,120,P027,189,3,5,1|2|3|4|5,1,1,,0.01,,,0.44898515939712524,0.5510148406028748
code_only,1,121,P027,258,1,5,1|2|3|4|5,0,0,,0.01,,,0.5726263523101807,0.42737364768981934
code_only,1,122,P027,453,1,5,1|2|3|4|5,0,0,,0.01,,,0.5148923397064209,0.4851076602935791
code_only,1,123,P027,762,3,5,1|2|3|4|5,1,1,,0.01,,,0.47453826665878296,0.525461733341217
code_only,1,124,P027,893,3,5,1|2|3|4|5,1,0,,0.01,,,0.5148923397064209,0.4851076602935791
face_raw,1,10,P003,189,3,5,1|2|3|4|5,1,0,raw,,0.001,,0.5141363297145465,0.4858636702854535
face_raw,1,11,P003,258,1,5,1|2|3|4|5,0,0,raw,,0.001,,0.5326428572131054,0.4673571427868945
face_raw,1,12,P003,453,2,5,1|2|3|4|5,0,0,raw,,0.001,,0.5039515495300293,0.4960484504699707
face_raw,1,13,P003,762,3,5,1|2|3|4|5,1,0,raw,,0.001,,0.5085741281509399,0.49142587184906006
face_raw,1,14,P003,893,4,5,1|2|3|4|5,0,0,raw,,0.001,,0.5082151738341101,0.4917848261658899
face_raw,1,15,P004,189,2,5,1|2|3|4|5,0,0,raw,,0.001,,0.5693245956502976,0.4306754043497025
face_raw,1,16,P004,258,1,5,1|2|3|4|5,0,0,raw,,0.001,,0.5827866792678833,0.4172133207321167
face_raw,1,17,P004,453,2,5,1|2|3|4|5,0,0,raw,,0.001,,0.6224782652401407,0.3775217347598593
face_raw,1,18,P004,762,3,5,1|2|3|4|5,1,0,raw,,0.001,,0.5397792023354531,0.4602207976645469
face_raw,1,19,P004,893,4,5,1|2|3|4|5,0,0,raw,,0.001,,0.5154023766517639,0.4845976233482361
face_raw,1,50,P011,189,2,5,1|2|3|4|5,0,0,raw,,0.001,,0.5626257061958313,0.4373742938041687
face_raw,1,51,P011,258,1,5,1|2|3|4|5,0,0,raw,,0.001,,0.5224545001983643,0.47754549980163574
face_raw,1,52,P011,453,1,5,1|2|3|4|5,0,0,raw,,0.001,,0.503524661064148,0.49647533893585205
face_raw,1,53,P011,762,2,5,1|2|3|4|5,0,0,raw,,0.001,,0.5771128111217264,0.42288718887827365
face_raw,1,54,P011,893,2,5,1|2|3|4|5,0,0,raw,,0.001,,0.5731923750994318,0.4268076249005683
face_raw,1,55,P013,189,4,5,1|2|3|4|5,0,1,raw,,0.001,,0.41866499185562134,0.5813350081443787
face_raw,1,56,P013,258,1,5,1|2|3|4|5,0,1,raw,,0.001,,0.47913533449172974,0.5208646655082703
face_raw,1,57,P013,453,3,5,1|2|3|4|5,1,0,raw,,0.001,,0.5034301130941476,0.49656988690585235
face_raw,1,58,P013,762,5,5,1|2|3|4|5,0,1,raw,,0.001,,0.49644362926483154,0.5035563707351685
face_raw,1,59,P013,893,5,5,1|2|3|4|5,0,1,raw,,0.001,,0.49969446659088135,0.5003055334091187
face_raw,1,105,P024,189,3,5,1|2|3|4|5,1,0,raw,,0.001,,0.5483707785606384,0.4516292214393616
face_raw,1,106,P024,258,2,5,1|2|3|4|5,0,0,raw,,0.001,,0.5381476879119873,0.4618523120880127
face_raw,1,107,P024,453,3,5,1|2|3|4|5,1,0,raw,,0.001,,0.5436381263625063,0.45636187363749364
face_raw,1,108,P024,762,3,5,1|2|3|4|5,1,0,raw,,0.001,,0.5126488208770752,0.4873511791229248
face_raw,1,109,P024,893,4,5,1|2|3|4|5,0,0,raw,,0.001,,0.5446638464927673,0.45533615350723267
face_raw,1,120,P027,189,3,5,1|2|3|4|5,1,1,raw,,0.001,,0.4416878819465637,0.5583121180534363
face_raw,1,121,P027,258,1,5,1|2|3|4|5,0,1,raw,,0.001,,0.40425437688827515,0.5957456231117249
face_raw,1,122,P027,453,1,5,1|2|3|4|5,0,1,raw,,0.001,,0.38829630613327026,0.6117036938667297
face_raw,1,123,P027,762,3,5,1|2|3|4|5,1,1,raw,,0.001,,0.3602840304374695,0.6397159695625305
face_raw,1,124,P027,893,3,5,1|2|3|4|5,1,1,raw,,0.001,,0.37545931339263916,0.6245406866073608
face_trial_delta,1,10,P003,189,3,5,1|2|3|4|5,1,0,trial_delta,,10.0,,0.9996116415033277,0.00038835849667225877
face_trial_delta,1,11,P003,258,1,5,1|2|3|4|5,0,0,trial_delta,,10.0,,0.9747326843009725,0.02526731569902746
face_trial_delta,1,12,P003,453,2,5,1|2|3|4|5,0,1,trial_delta,,10.0,,0.42691344022750854,0.5730865597724915
face_trial_delta,1,13,P003,762,3,5,1|2|3|4|5,1,1,trial_delta,,10.0,,0.4436836242675781,0.5563163757324219
face_trial_delta,1,14,P003,893,4,5,1|2|3|4|5,0,0,trial_delta,,10.0,,0.9987009660242607,0.0012990339757392622
face_trial_delta,1,15,P004,189,2,5,1|2|3|4|5,0,0,trial_delta,,10.0,,0.999970520234642,2.9479765358015493e-05
face_trial_delta,1,16,P004,258,1,5,1|2|3|4|5,0,0,trial_delta,,10.0,,0.9999996698090763,3.301909236697176e-07
face_trial_delta,1,17,P004,453,2,5,1|2|3|4|5,0,0,trial_delta,,10.0,,0.999999666443748,3.3355625198805116e-07
face_trial_delta,1,18,P004,762,3,5,1|2|3|4|5,1,0,trial_delta,,10.0,,0.9999994462734303,5.537265696844137e-07
face_trial_delta,1,19,P004,893,4,5,1|2|3|4|5,0,0,trial_delta,,10.0,,0.9999995909932091,4.090067909138929e-07
face_trial_delta,1,50,P011,189,2,5,1|2|3|4|5,0,0,trial_delta,,10.0,,0.9995161059601079,0.000483894039892176
face_trial_delta,1,51,P011,258,1,5,1|2|3|4|5,0,0,trial_delta,,10.0,,0.9987144655077252,0.0012855344922747445
face_trial_delta,1,52,P011,453,1,5,1|2|3|4|5,0,1,trial_delta,,10.0,,0.2937058210372925,0.7062941789627075
face_trial_delta,1,53,P011,762,2,5,1|2|3|4|5,0,0,trial_delta,,10.0,,0.9948193906502313,0.005180609349768682
face_trial_delta,1,54,P011,893,2,5,1|2|3|4|5,0,0,trial_delta,,10.0,,0.9999918249114518,8.175088548191364e-06
face_trial_delta,1,55,P013,189,4,5,1|2|3|4|5,0,1,trial_delta,,10.0,,0.0018348097801208496,0.9981651902198792
face_trial_delta,1,56,P013,258,1,5,1|2|3|4|5,0,0,trial_delta,,10.0,,0.8388676643371582,0.1611323356628418
face_trial_delta,1,57,P013,453,3,5,1|2|3|4|5,1,0,trial_delta,,10.0,,0.6046714602508706,0.3953285397491294
face_trial_delta,1,58,P013,762,5,5,1|2|3|4|5,0,1,trial_delta,,10.0,,0.1793319582939148,0.8206680417060852
face_trial_delta,1,59,P013,893,5,5,1|2|3|4|5,0,0,trial_delta,,10.0,,0.9941531835254402,0.00584681647455979
face_trial_delta,1,105,P024,189,3,5,1|2|3|4|5,1,0,trial_delta,,10.0,,0.8212138169642146,0.17878618303578547
face_trial_delta,1,106,P024,258,2,5,1|2|3|4|5,0,1,trial_delta,,10.0,,0.046001315116882324,0.9539986848831177
face_trial_delta,1,107,P024,453,3,5,1|2|3|4|5,1,1,trial_delta,,10.0,,0.006662964820861816,0.9933370351791382
face_trial_delta,1,108,P024,762,3,5,1|2|3|4|5,1,0,trial_delta,,10.0,,0.9991324936449311,0.0008675063550689243
face_trial_delta,1,109,P024,893,4,5,1|2|3|4|5,0,1,trial_delta,,10.0,,0.3693004250526428,0.6306995749473572
face_trial_delta,1,120,P027,189,3,5,1|2|3|4|5,1,0,trial_delta,,10.0,,0.5486305788567489,0.451369421143251
face_trial_delta,1,121,P027,258,1,5,1|2|3|4|5,0,0,trial_delta,,10.0,,0.9979366270863358,0.002063372913664251
face_trial_delta,1,122,P027,453,1,5,1|2|3|4|5,0,1,trial_delta,,10.0,,0.0033994317054748535,0.9966005682945251
face_trial_delta,1,123,P027,762,3,5,1|2|3|4|5,1,1,trial_delta,,10.0,,0.026065707206726074,0.9739342927932739
face_trial_delta,1,124,P027,893,3,5,1|2|3|4|5,1,0,trial_delta,,10.0,,0.831935810566905,0.168064189433095
face_water_delta,1,10,P003,189,3,5,1|2|3|4|5,1,0,water_delta,,0.1,,0.5303999781608582,0.46960002183914185
face_water_delta,1,11,P003,258,1,5,1|2|3|4|5,0,0,water_delta,,0.1,,0.9359513521194458,0.0640486478805542
face_water_delta,1,12,P003,453,2,5,1|2|3|4|5,0,1,water_delta,,0.1,,0.41851550340652466,0.5814844965934753
face_water_delta,1,13,P003,762,3,5,1|2|3|4|5,1,1,water_delta,,0.1,,0.25526106357574463,0.7447389364242554
face_water_delta,1,14,P003,893,4,5,1|2|3|4|5,0,1,water_delta,,0.1,,0.35032427310943604,0.649675726890564
face_water_delta,1,15,P004,189,2,5,1|2|3|4|5,0,0,water_delta,,0.1,,0.9890915668552517,0.010908433144748306
face_water_delta,1,16,P004,258,1,5,1|2|3|4|5,0,0,water_delta,,0.1,,0.8987566962652906,0.10124330373470938
face_water_delta,1,17,P004,453,2,5,1|2|3|4|5,0,0,water_delta,,0.1,,0.9918522640793607,0.008147735920639285
face_water_delta,1,18,P004,762,3,5,1|2|3|4|5,1,0,water_delta,,0.1,,0.9989598242257748,0.0010401757742251677
face_water_delta,1,19,P004,893,4,5,1|2|3|4|5,0,0,water_delta,,0.1,,0.9873300652858327,0.01266993471416736
face_water_delta,1,50,P011,189,2,5,1|2|3|4|5,0,0,water_delta,,0.1,,0.9675712837763093,0.03242871622369071
face_water_delta,1,51,P011,258,1,5,1|2|3|4|5,0,0,water_delta,,0.1,,0.9315547485881261,0.06844525141187387
face_water_delta,1,52,P011,453,1,5,1|2|3|4|5,0,0,water_delta,,0.1,,0.7803013920783997,0.21969860792160034
face_water_delta,1,53,P011,762,2,5,1|2|3|4|5,0,0,water_delta,,0.1,,0.9304103393913856,0.06958966060861439
face_water_delta,1,54,P011,893,2,5,1|2|3|4|5,0,0,water_delta,,0.1,,0.8894522984948523,0.1105477015051477
face_water_delta,1,55,P013,189,4,5,1|2|3|4|5,0,1,water_delta,,0.1,,0.3840753436088562,0.6159246563911438
face_water_delta,1,56,P013,258,1,5,1|2|3|4|5,0,0,water_delta,,0.1,,0.9631547080647835,0.036845291935216476
face_water_delta,1,57,P013,453,3,5,1|2|3|4|5,1,0,water_delta,,0.1,,0.611757218837738,0.38824278116226196
face_water_delta,1,58,P013,762,5,5,1|2|3|4|5,0,0,water_delta,,0.1,,0.692935585975647,0.307064414024353
face_water_delta,1,59,P013,893,5,5,1|2|3|4|5,0,1,water_delta,,0.1,,0.31989097595214844,0.6801090240478516
face_water_delta,1,105,P024,189,3,5,1|2|3|4|5,1,1,water_delta,,0.1,,0.24035072326660156,0.7596492767333984
face_water_delta,1,106,P024,258,2,5,1|2|3|4|5,0,1,water_delta,,0.1,,0.2646642327308655,0.7353357672691345
face_water_delta,1,107,P024,453,3,5,1|2|3|4|5,1,1,water_delta,,0.1,,0.4939442276954651,0.5060557723045349
face_water_delta,1,108,P024,762,3,5,1|2|3|4|5,1,1,water_delta,,0.1,,0.1566196084022522,0.8433803915977478
face_water_delta,1,109,P024,893,4,5,1|2|3|4|5,0,0,water_delta,,0.1,,0.5850440438104881,0.4149559561895119
face_water_delta,1,120,P027,189,3,5,1|2|3|4|5,1,1,water_delta,,0.1,,0.04036325216293335,0.9596367478370667
face_water_delta,1,121,P027,258,1,5,1|2|3|4|5,0,1,water_delta,,0.1,,0.2018357515335083,0.7981642484664917
face_water_delta,1,122,P027,453,1,5,1|2|3|4|5,0,0,water_delta,,0.1,,0.6515933275222778,0.34840667247772217
face_water_delta,1,123,P027,762,3,5,1|2|3|4|5,1,1,water_delta,,0.1,,0.3599621057510376,0.6400378942489624
face_water_delta,1,124,P027,893,3,5,1|2|3|4|5,1,0,water_delta,,0.1,,0.904032713949924,0.09596728605007593
fusion_raw,1,10,P003,189,3,5,1|2|3|4|5,1,1,raw,0.1,0.001,0.25,0.39072179278231356,0.6092782072176864
fusion_raw,1,11,P003,258,1,5,1|2|3|4|5,0,0,raw,0.1,0.001,0.25,0.6878017711493885,0.31219822885061155
fusion_raw,1,12,P003,453,2,5,1|2|3|4|5,0,0,raw,0.1,0.001,0.25,0.5296532673201155,0.4703467326798844
fusion_raw,1,13,P003,762,3,5,1|2|3|4|5,1,1,raw,0.1,0.001,0.25,0.44138110587537455,0.5586188941246255
fusion_raw,1,14,P003,893,4,5,1|2|3|4|5,0,0,raw,0.1,0.001,0.25,0.5307154520946523,0.4692845479053477
fusion_raw,1,15,P004,189,2,5,1|2|3|4|5,0,1,raw,0.1,0.001,0.25,0.40404346085485526,0.5959565391451447
fusion_raw,1,16,P004,258,1,5,1|2|3|4|5,0,0,raw,0.1,0.001,0.25,0.6986187035948851,0.30138129640511485
fusion_raw,1,17,P004,453,2,5,1|2|3|4|5,0,0,raw,0.1,0.001,0.25,0.5596695219533565,0.4403304780466435
fusion_raw,1,18,P004,762,3,5,1|2|3|4|5,1,1,raw,0.1,0.001,0.25,0.4491092573469796,0.5508907426530204
fusion_raw,1,19,P004,893,4,5,1|2|3|4|5,0,0,raw,0.1,0.001,0.25,0.5325060988034047,0.46749390119659534
fusion_raw,1,50,P011,189,2,5,1|2|3|4|5,0,1,raw,0.1,0.001,0.25,0.4024028903163024,0.5975971096836976
fusion_raw,1,51,P011,258,1,5,1|2|3|4|5,0,0,raw,0.1,0.001,0.25,0.6856030807177297,0.31439691928227037
fusion_raw,1,52,P011,453,1,5,1|2|3|4|5,0,0,raw,0.1,0.001,0.25,0.5295469132779481,0.4704530867220518
fusion_raw,1,53,P011,762,2,5,1|2|3|4|5,0,1,raw,0.1,0.001,0.25,0.45849555444820456,0.5415044455517954
fusion_raw,1,54,P011,893,2,5,1|2|3|4|5,0,0,raw,0.1,0.001,0.25,0.5469916052075551,0.453008394792445
fusion_raw,1,55,P013,189,4,5,1|2|3|4|5,0,1,raw,0.1,0.001,0.25,0.36807515148488484,0.6319248485151151
fusion_raw,1,56,P013,258,1,5,1|2|3|4|5,0,0,raw,0.1,0.001,0.25,0.6761854058941106,0.3238145941058895
fusion_raw,1,57,P013,453,3,5,1|2|3|4|5,1,0,raw,0.1,0.001,0.25,0.5295233576225064,0.47047664237749365
fusion_raw,1,58,P013,762,5,5,1|2|3|4|5,0,1,raw,0.1,0.001,0.25,0.4383921038448775,0.5616078961551225
fusion_raw,1,59,P013,893,5,5,1|2|3|4|5,0,0,raw,0.1,0.001,0.25,0.5285925871050824,0.4714074128949176
fusion_raw,1,105,P024,189,3,5,1|2|3|4|5,1,1,raw,0.1,0.001,0.25,0.3989368722734665,0.6010631277265336
fusion_raw,1,106,P024,258,2,5,1|2|3|4|5,0,0,raw,0.1,0.001,0.25,0.6889885558035708,0.3110114441964292
fusion_raw,1,107,P024,453,3,5,1|2|3|4|5,1,0,raw,0.1,0.001,0.25,0.5395547313084323,0.4604452686915676
fusion_raw,1,108,P024,762,3,5,1|2|3|4|5,1,1,raw,0.1,0.001,0.25,0.44238647485134863,0.5576135251486514
fusion_raw,1,109,P024,893,4,5,1|2|3|4|5,0,0,raw,0.1,0.001,0.25,0.5398115486396592,0.46018845136034076
fusion_raw,1,120,P027,189,3,5,1|2|3|4|5,1,1,raw,0.1,0.001,0.25,0.3735544745786812,0.6264455254213188
fusion_raw,1,121,P027,258,1,5,1|2|3|4|5,0,0,raw,0.1,0.001,0.25,0.6593121930374779,0.34068780696252204
fusion_raw,1,122,P027,453,1,5,1|2|3|4|5,0,0,raw,0.1,0.001,0.25,0.5002952439507667,0.4997047560492332
fusion_raw,1,123,P027,762,3,5,1|2|3|4|5,1,1,raw,0.1,0.001,0.25,0.4042791321064342,0.5957208678935658
fusion_raw,1,124,P027,893,3,5,1|2|3|4|5,1,1,raw,0.1,0.001,0.25,0.49689609105758503,0.503103908942415
fusion_trial_delta,1,10,P003,189,3,5,1|2|3|4|5,1,1,trial_delta,10.0,0.01,0.25,0.3758595536940607,0.6241404463059393
fusion_trial_delta,1,11,P003,258,1,5,1|2|3|4|5,0,0,trial_delta,10.0,0.01,0.25,0.773419860593704,0.22658013940629604
fusion_trial_delta,1,12,P003,453,2,5,1|2|3|4|5,0,0,trial_delta,10.0,0.01,0.25,0.519590703584115,0.4804092964158851
fusion_trial_delta,1,13,P003,762,3,5,1|2|3|4|5,1,1,trial_delta,10.0,0.01,0.25,0.3929414686574018,0.6070585313425981
fusion_trial_delta,1,14,P003,893,4,5,1|2|3|4|5,0,0,trial_delta,10.0,0.01,0.25,0.5634211120508004,0.43657888794919963
fusion_trial_delta,1,15,P004,189,2,5,1|2|3|4|5,0,1,trial_delta,10.0,0.01,0.25,0.43607924558101585,0.5639207544189841
fusion_trial_delta,1,16,P004,258,1,5,1|2|3|4|5,0,0,trial_delta,10.0,0.01,0.25,0.8120736100932053,0.18792638990679458
fusion_trial_delta,1,17,P004,453,2,5,1|2|3|4|5,0,0,trial_delta,10.0,0.01,0.25,0.6394745466937201,0.36052545330628
fusion_trial_delta,1,18,P004,762,3,5,1|2|3|4|5,1,0,trial_delta,10.0,0.01,0.25,0.5019329133542717,0.4980670866457283
fusion_trial_delta,1,19,P004,893,4,5,1|2|3|4|5,0,0,trial_delta,10.0,0.01,0.25,0.621262671766158,0.37873732823384193
fusion_trial_delta,1,50,P011,189,2,5,1|2|3|4|5,0,1,trial_delta,10.0,0.01,0.25,0.42867605923969415,0.5713239407603058
fusion_trial_delta,1,51,P011,258,1,5,1|2|3|4|5,0,0,trial_delta,10.0,0.01,0.25,0.7849840381251685,0.2150159618748315
fusion_trial_delta,1,52,P011,453,1,5,1|2|3|4|5,0,0,trial_delta,10.0,0.01,0.25,0.5497599138693448,0.45024008613065514
fusion_trial_delta,1,53,P011,762,2,5,1|2|3|4|5,0,1,trial_delta,10.0,0.01,0.25,0.48565451974407614,0.5143454802559239
fusion_trial_delta,1,54,P011,893,2,5,1|2|3|4|5,0,0,trial_delta,10.0,0.01,0.25,0.6410014943315883,0.3589985056684117
fusion_trial_delta,1,55,P013,189,4,5,1|2|3|4|5,0,1,trial_delta,10.0,0.01,0.25,0.29731279767031576,0.7026872023296843
fusion_trial_delta,1,56,P013,258,1,5,1|2|3|4|5,0,0,trial_delta,10.0,0.01,0.25,0.7439956010013317,0.25600439899866834
fusion_trial_delta,1,57,P013,453,3,5,1|2|3|4|5,1,0,trial_delta,10.0,0.01,0.25,0.5458304312275853,0.4541695687724147
fusion_trial_delta,1,58,P013,762,5,5,1|2|3|4|5,0,1,trial_delta,10.0,0.01,0.25,0.3956274325411859,0.6043725674588141
fusion_trial_delta,1,59,P013,893,5,5,1|2|3|4|5,0,0,trial_delta,10.0,0.01,0.25,0.5466981603123494,0.4533018396876506
fusion_trial_delta,1,105,P024,189,3,5,1|2|3|4|5,1,1,trial_delta,10.0,0.01,0.25,0.3861949314647412,0.6138050685352588
fusion_trial_delta,1,106,P024,258,2,5,1|2|3|4|5,0,0,trial_delta,10.0,0.01,0.25,0.7624000213079402,0.23759997869205976
fusion_trial_delta,1,107,P024,453,3,5,1|2|3|4|5,1,0,trial_delta,10.0,0.01,0.25,0.5293987381655132,0.47060126183448686
fusion_trial_delta,1,108,P024,762,3,5,1|2|3|4|5,1,1,trial_delta,10.0,0.01,0.25,0.4547259059574707,0.5452740940425292
fusion_trial_delta,1,109,P024,893,4,5,1|2|3|4|5,0,0,trial_delta,10.0,0.01,0.25,0.5449648090743902,0.45503519092560984
fusion_trial_delta,1,120,P027,189,3,5,1|2|3|4|5,1,1,trial_delta,10.0,0.01,0.25,0.326739330464151,0.6732606695358491
fusion_trial_delta,1,121,P027,258,1,5,1|2|3|4|5,0,0,trial_delta,10.0,0.01,0.25,0.7524860535559625,0.24751394644403746
fusion_trial_delta,1,122,P027,453,1,5,1|2|3|4|5,0,1,trial_delta,10.0,0.01,0.25,0.4569908097537395,0.5430091902462605
fusion_trial_delta,1,123,P027,762,3,5,1|2|3|4|5,1,1,trial_delta,10.0,0.01,0.25,0.32702253108214807,0.672977468917852
fusion_trial_delta,1,124,P027,893,3,5,1|2|3|4|5,1,1,trial_delta,10.0,0.01,0.25,0.46575813421854967,0.5342418657814504
fusion_water_delta,1,10,P003,189,3,5,1|2|3|4|5,1,1,water_delta,0.01,0.001,0.0,0.44898515939712524,0.5510148406028749
fusion_water_delta,1,11,P003,258,1,5,1|2|3|4|5,0,0,water_delta,0.01,0.001,0.0,0.5726263523101807,0.42737364768981934
fusion_water_delta,1,12,P003,453,2,5,1|2|3|4|5,0,0,water_delta,0.01,0.001,0.0,0.5148923397064209,0.4851076602935791
fusion_water_delta,1,13,P003,762,3,5,1|2|3|4|5,1,1,water_delta,0.01,0.001,0.0,0.474538266658783,0.525461733341217
fusion_water_delta,1,14,P003,893,4,5,1|2|3|4|5,0,0,water_delta,0.01,0.001,0.0,0.5148923397064209,0.4851076602935791
fusion_water_delta,1,15,P004,189,2,5,1|2|3|4|5,0,1,water_delta,0.01,0.001,0.0,0.44898515939712524,0.5510148406028749
fusion_water_delta,1,16,P004,258,1,5,1|2|3|4|5,0,0,water_delta,0.01,0.001,0.0,0.5726263523101807,0.42737364768981934
fusion_water_delta,1,17,P004,453,2,5,1|2|3|4|5,0,0,water_delta,0.01,0.001,0.0,0.5148923397064209,0.4851076602935791
fusion_water_delta,1,18,P004,762,3,5,1|2|3|4|5,1,1,water_delta,0.01,0.001,0.0,0.474538266658783,0.525461733341217
fusion_water_delta,1,19,P004,893,4,5,1|2|3|4|5,0,0,water_delta,0.01,0.001,0.0,0.5148923397064209,0.4851076602935791
fusion_water_delta,1,50,P011,189,2,5,1|2|3|4|5,0,1,water_delta,0.01,0.001,0.0,0.44898515939712524,0.5510148406028749
fusion_water_delta,1,51,P011,258,1,5,1|2|3|4|5,0,0,water_delta,0.01,0.001,0.0,0.5726263523101807,0.42737364768981934
fusion_water_delta,1,52,P011,453,1,5,1|2|3|4|5,0,0,water_delta,0.01,0.001,0.0,0.5148923397064209,0.4851076602935791
fusion_water_delta,1,53,P011,762,2,5,1|2|3|4|5,0,1,water_delta,0.01,0.001,0.0,0.474538266658783,0.525461733341217
fusion_water_delta,1,54,P011,893,2,5,1|2|3|4|5,0,0,water_delta,0.01,0.001,0.0,0.5148923397064209,0.4851076602935791
fusion_water_delta,1,55,P013,189,4,5,1|2|3|4|5,0,1,water_delta,0.01,0.001,0.0,0.44898515939712524,0.5510148406028749
fusion_water_delta,1,56,P013,258,1,5,1|2|3|4|5,0,0,water_delta,0.01,0.001,0.0,0.5726263523101807,0.42737364768981934
fusion_water_delta,1,57,P013,453,3,5,1|2|3|4|5,1,0,water_delta,0.01,0.001,0.0,0.5148923397064209,0.4851076602935791
fusion_water_delta,1,58,P013,762,5,5,1|2|3|4|5,0,1,water_delta,0.01,0.001,0.0,0.474538266658783,0.525461733341217
fusion_water_delta,1,59,P013,893,5,5,1|2|3|4|5,0,0,water_delta,0.01,0.001,0.0,0.5148923397064209,0.4851076602935791
fusion_water_delta,1,105,P024,189,3,5,1|2|3|4|5,1,1,water_delta,0.01,0.001,0.0,0.44898515939712524,0.5510148406028749
fusion_water_delta,1,106,P024,258,2,5,1|2|3|4|5,0,0,water_delta,0.01,0.001,0.0,0.5726263523101807,0.42737364768981934
fusion_water_delta,1,107,P024,453,3,5,1|2|3|4|5,1,0,water_delta,0.01,0.001,0.0,0.5148923397064209,0.4851076602935791
fusion_water_delta,1,108,P024,762,3,5,1|2|3|4|5,1,1,water_delta,0.01,0.001,0.0,0.474538266658783,0.525461733341217
fusion_water_delta,1,109,P024,893,4,5,1|2|3|4|5,0,0,water_delta,0.01,0.001,0.0,0.5148923397064209,0.4851076602935791
fusion_water_delta,1,120,P027,189,3,5,1|2|3|4|5,1,1,water_delta,0.01,0.001,0.0,0.44898515939712524,0.5510148406028749
fusion_water_delta,1,121,P027,258,1,5,1|2|3|4|5,0,0,water_delta,0.01,0.001,0.0,0.5726263523101807,0.42737364768981934
fusion_water_delta,1,122,P027,453,1,5,1|2|3|4|5,0,0,water_delta,0.01,0.001,0.0,0.5148923397064209,0.4851076602935791
fusion_water_delta,1,123,P027,762,3,5,1|2|3|4|5,1,1,water_delta,0.01,0.001,0.0,0.474538266658783,0.525461733341217
fusion_water_delta,1,124,P027,893,3,5,1|2|3|4|5,1,0,water_delta,0.01,0.001,0.0,0.5148923397064209,0.4851076602935791
code_only,2,0,P001,189,3,5,1|2|3|4|5,1,1,,0.1,,,0.39221131801605225,0.6077886819839478
code_only,2,1,P001,258,1,5,1|2|3|4|5,0,0,,0.1,,,0.7372346144090478,0.2627653855909522
code_only,2,2,P001,453,2,5,1|2|3|4|5,0,0,,0.1,,,0.5040098428726196,0.49599015712738037
code_only,2,3,P001,762,3,5,1|2|3|4|5,1,1,,0.1,,,0.39221131801605225,0.6077886819839478
code_only,2,4,P001,893,4,5,1|2|3|4|5,0,0,,0.1,,,0.5459150075912476,0.45408499240875244
code_only,2,20,P005,189,3,5,1|2|3|4|5,1,1,,0.1,,,0.39221131801605225,0.6077886819839478
code_only,2,21,P005,258,1,5,1|2|3|4|5,0,0,,0.1,,,0.7372346144090478,0.2627653855909522
code_only,2,22,P005,453,2,5,1|2|3|4|5,0,0,,0.1,,,0.5040098428726196,0.49599015712738037
code_only,2,23,P005,762,3,5,1|2|3|4|5,1,1,,0.1,,,0.39221131801605225,0.6077886819839478
code_only,2,24,P005,893,3,5,1|2|3|4|5,1,0,,0.1,,,0.5459150075912476,0.45408499240875244
code_only,2,65,P015,189,3,5,1|2|3|4|5,1,1,,0.1,,,0.39221131801605225,0.6077886819839478
code_only,2,66,P015,258,1,5,1|2|3|4|5,0,0,,0.1,,,0.7372346144090478,0.2627653855909522
code_only,2,67,P015,453,1,5,1|2|3|4|5,0,0,,0.1,,,0.5040098428726196,0.49599015712738037
code_only,2,68,P015,762,4,5,1|2|3|4|5,0,1,,0.1,,,0.39221131801605225,0.6077886819839478
code_only,2,69,P015,893,5,5,1|2|3|4|5,0,0,,0.1,,,0.5459150075912476,0.45408499240875244
code_only,2,90,P020,189,4,5,1|2|3|4|5,0,1,,0.1,,,0.39221131801605225,0.6077886819839478
code_only,2,91,P020,258,1,5,1|2|3|4|5,0,0,,0.1,,,0.7372346144090478,0.2627653855909522
code_only,2,92,P020,453,3,5,1|2|3|4|5,1,0,,0.1,,,0.5040098428726196,0.49599015712738037
code_only,2,93,P020,762,4,5,1|2|3|4|5,0,1,,0.1,,,0.39221131801605225,0.6077886819839478
code_only,2,94,P020,893,5,5,1|2|3|4|5,0,0,,0.1,,,0.5459150075912476,0.45408499240875244
code_only,2,95,P021,189,4,5,1|2|3|4|5,0,1,,0.1,,,0.39221131801605225,0.6077886819839478
code_only,2,96,P021,258,1,5,1|2|3|4|5,0,0,,0.1,,,0.7372346144090478,0.2627653855909522
code_only,2,97,P021,453,2,5,1|2|3|4|5,0,0,,0.1,,,0.5040098428726196,0.49599015712738037
code_only,2,98,P021,762,4,5,1|2|3|4|5,0,1,,0.1,,,0.39221131801605225,0.6077886819839478
code_only,2,99,P021,893,5,5,1|2|3|4|5,0,0,,0.1,,,0.5459150075912476,0.45408499240875244
code_only,2,100,P023,189,3,5,1|2|3|4|5,1,1,,0.1,,,0.39221131801605225,0.6077886819839478
code_only,2,101,P023,258,1,5,1|2|3|4|5,0,0,,0.1,,,0.7372346144090478,0.2627653855909522
code_only,2,102,P023,453,1,5,1|2|3|4|5,0,0,,0.1,,,0.5040098428726196,0.49599015712738037
code_only,2,103,P023,762,3,5,1|2|3|4|5,1,1,,0.1,,,0.39221131801605225,0.6077886819839478
code_only,2,104,P023,893,4,5,1|2|3|4|5,0,0,,0.1,,,0.5459150075912476,0.45408499240875244
face_raw,2,0,P001,189,3,5,1|2|3|4|5,1,0,raw,,0.001,,0.6094354391098022,0.39056456089019775
face_raw,2,1,P001,258,1,5,1|2|3|4|5,0,0,raw,,0.001,,0.512421190738678,0.487578809261322
face_raw,2,2,P001,453,2,5,1|2|3|4|5,0,1,raw,,0.001,,0.4974886178970337,0.5025113821029663
face_raw,2,3,P001,762,3,5,1|2|3|4|5,1,0,raw,,0.001,,0.5521559879826303,0.4478440120173696
face_raw,2,4,P001,893,4,5,1|2|3|4|5,0,0,raw,,0.001,,0.5979457915441456,0.4020542084558544
face_raw,2,20,P005,189,3,5,1|2|3|4|5,1,0,raw,,0.001,,0.5509359672386656,0.4490640327613344
face_raw,2,21,P005,258,1,5,1|2|3|4|5,0,0,raw,,0.001,,0.6183451598389494,0.38165484016105056
face_raw,2,22,P005,453,2,5,1|2|3|4|5,0,0,raw,,0.001,,0.5189833045005798,0.48101669549942017
face_raw,2,23,P005,762,3,5,1|2|3|4|5,1,0,raw,,0.001,,0.7001276999673933,0.29987230003260673
face_raw,2,24,P005,893,3,5,1|2|3|4|5,1,0,raw,,0.001,,0.6744652986526489,0.3255347013473511
face_raw,2,65,P015,189,3,5,1|2|3|4|5,1,0,raw,,0.001,,0.502420440388335,0.497579559611665
face_raw,2,66,P015,258,1,5,1|2|3|4|5,0,1,raw,,0.001,,0.4998762011528015,0.5001237988471985
face_raw,2,67,P015,453,1,5,1|2|3|4|5,0,0,raw,,0.001,,0.5255813002586365,0.4744186997413635
face_raw,2,68,P015,762,4,5,1|2|3|4|5,0,0,raw,,0.001,,0.5000899881097678,0.4999100118902322
face_raw,2,69,P015,893,5,5,1|2|3|4|5,0,0,raw,,0.001,,0.5372375089753416,0.46276249102465833
face_raw,2,90,P020,189,4,5,1|2|3|4|5,0,0,raw,,0.001,,0.5547500848770142,0.44524991512298584
face_raw,2,91,P020,258,1,5,1|2|3|4|5,0,0,raw,,0.001,,0.5704822540283203,0.4295177459716797
face_raw,2,92,P020,453,3,5,1|2|3|4|5,1,0,raw,,0.001,,0.5708496570587158,0.4291503429412842
face_raw,2,93,P020,762,4,5,1|2|3|4|5,0,0,raw,,0.001,,0.5114487409591675,0.4885512590408325
face_raw,2,94,P020,893,5,5,1|2|3|4|5,0,0,raw,,0.001,,0.6103601455688477,0.38963985443115234
face_raw,2,95,P021,189,4,5,1|2|3|4|5,0,1,raw,,0.001,,0.4202560782432556,0.5797439217567444
face_raw,2,96,P021,258,1,5,1|2|3|4|5,0,0,raw,,0.001,,0.5627443622724903,0.4372556377275098
face_raw,2,97,P021,453,2,5,1|2|3|4|5,0,0,raw,,0.001,,0.5577757524781153,0.44222424752188466
face_raw,2,98,P021,762,4,5,1|2|3|4|5,0,1,raw,,0.001,,0.40048742294311523,0.5995125770568848
face_raw,2,99,P021,893,5,5,1|2|3|4|5,0,1,raw,,0.001,,0.4636419415473938,0.5363580584526062
face_raw,2,100,P023,189,3,5,1|2|3|4|5,1,0,raw,,0.001,,0.5176792144775391,0.48232078552246094
face_raw,2,101,P023,258,1,5,1|2|3|4|5,0,1,raw,,0.001,,0.4807683229446411,0.5192316770553589
face_raw,2,102,P023,453,1,5,1|2|3|4|5,0,1,raw,,0.001,,0.4416080117225647,0.5583919882774353
face_raw,2,103,P023,762,3,5,1|2|3|4|5,1,0,raw,,0.001,,0.5543911457061768,0.44560885429382324
face_raw,2,104,P023,893,4,5,1|2|3|4|5,0,0,raw,,0.001,,0.5798686569968267,0.4201313430031734
face_trial_delta,2,0,P001,189,3,5,1|2|3|4|5,1,0,trial_delta,,0.01,,0.9108277830728227,0.08917221692717722
face_trial_delta,2,1,P001,258,1,5,1|2|3|4|5,0,0,trial_delta,,0.01,,0.7095865222688473,0.2904134777311527
face_trial_delta,2,2,P001,453,2,5,1|2|3|4|5,0,0,trial_delta,,0.01,,0.5121665596961975,0.4878334403038025
face_trial_delta,2,3,P001,762,3,5,1|2|3|4|5,1,0,trial_delta,,0.01,,0.6131817102432251,0.3868182897567749
face_trial_delta,2,4,P001,893,4,5,1|2|3|4|5,0,0,trial_delta,,0.01,,0.9419257395212346,0.05807426047876543
face_trial_delta,2,20,P005,189,3,5,1|2|3|4|5,1,0,trial_delta,,0.01,,0.5038926751581632,0.49610732484183684
face_trial_delta,2,21,P005,258,1,5,1|2|3|4|5,0,0,trial_delta,,0.01,,0.6916602849960327,0.3083397150039673
face_trial_delta,2,22,P005,453,2,5,1|2|3|4|5,0,0,trial_delta,,0.01,,0.6712428131329174,0.3287571868670825
face_trial_delta,2,23,P005,762,3,5,1|2|3|4|5,1,0,trial_delta,,0.01,,0.9712174788062362,0.028782521193763795
face_trial_delta,2,24,P005,893,3,5,1|2|3|4|5,1,0,trial_delta,,0.01,,0.6597626405883622,0.34023735941163774
face_trial_delta,2,65,P015,189,3,5,1|2|3|4|5,1,1,trial_delta,,0.01,,0.4027293920516968,0.5972706079483032
face_trial_delta,2,66,P015,258,1,5,1|2|3|4|5,0,1,trial_delta,,0.01,,0.44703370332717896,0.552966296672821
face_trial_delta,2,67,P015,453,1,5,1|2|3|4|5,0,1,trial_delta,,0.01,,0.4864826202392578,0.5135173797607422
face_trial_delta,2,68,P015,762,4,5,1|2|3|4|5,0,1,trial_delta,,0.01,,0.4248005747795105,0.5751994252204895
face_trial_delta,2,69,P015,893,5,5,1|2|3|4|5,0,0,trial_delta,,0.01,,0.5412322282791138,0.45876777172088623
face_trial_delta,2,90,P020,189,4,5,1|2|3|4|5,0,0,trial_delta,,0.01,,0.7041050405533624,0.29589495944663763
face_trial_delta,2,91,P020,258,1,5,1|2|3|4|5,0,0,trial_delta,,0.01,,0.7772987849325304,0.22270121506746962
face_trial_delta,2,92,P020,453,3,5,1|2|3|4|5,1,0,trial_delta,,0.01,,0.661094526615902,0.338905473384098
face_trial_delta,2,93,P020,762,4,5,1|2|3|4|5,0,1,trial_delta,,0.01,,0.38859879970550537,0.6114012002944946
face_trial_delta,2,94,P020,893,5,5,1|2|3|4|5,0,0,trial_delta,,0.01,,0.8597818145123395,0.14021818548766055
face_trial_delta,2,95,P021,189,4,5,1|2|3|4|5,0,0,trial_delta,,0.01,,0.5125518884494338,0.4874481115505662
face_trial_delta,2,96,P021,258,1,5,1|2|3|4|5,0,0,trial_delta,,0.01,,0.8521662354469299,0.14783376455307007
face_trial_delta,2,97,P021,453,2,5,1|2|3|4|5,0,0,trial_delta,,0.01,,0.8993924461169343,0.10060755388306575
face_trial_delta,2,98,P021,762,4,5,1|2|3|4|5,0,1,trial_delta,,0.01,,0.3239748477935791,0.6760251522064209
face_trial_delta,2,99,P021,893,5,5,1|2|3|4|5,0,0,trial_delta,,0.01,,0.5035368054051159,0.4964631945948841
face_trial_delta,2,100,P023,189,3,5,1|2|3|4|5,1,0,trial_delta,,0.01,,0.7586202847546424,0.24137971524535762
face_trial_delta,2,101,P023,258,1,5,1|2|3|4|5,0,1,trial_delta,,0.01,,0.49567699432373047,0.5043230056762695
face_trial_delta,2,102,P023,453,1,5,1|2|3|4|5,0,0,trial_delta,,0.01,,0.5677794218063354,0.43222057819366455
face_trial_delta,2,103,P023,762,3,5,1|2|3|4|5,1,0,trial_delta,,0.01,,0.878161443444512,0.12183855655548806
face_trial_delta,2,104,P023,893,4,5,1|2|3|4|5,0,0,trial_delta,,0.01,,0.7628339642708595,0.23716603572914058
face_water_delta,2,0,P001,189,3,5,1|2|3|4|5,1,0,water_delta,,0.1,,0.9840329014500724,0.015967098549927627
face_water_delta,2,1,P001,258,1,5,1|2|3|4|5,0,0,water_delta,,0.1,,0.7654115557670593,0.23458844423294067
face_water_delta,2,2,P001,453,2,5,1|2|3|4|5,0,0,water_delta,,0.1,,0.8807728093689797,0.11922719063102027
face_water_delta,2,3,P001,762,3,5,1|2|3|4|5,1,0,water_delta,,0.1,,0.9874997322913209,0.01250026770867906
face_water_delta,2,4,P001,893,4,5,1|2|3|4|5,0,0,water_delta,,0.1,,0.9963118317966368,0.0036881682033630997
face_water_delta,2,20,P005,189,3,5,1|2|3|4|5,1,0,water_delta,,0.1,,0.957050428434455,0.042949571565545026
face_water_delta,2,21,P005,258,1,5,1|2|3|4|5,0,0,water_delta,,0.1,,0.9455503154877549,0.05444968451224502
face_water_delta,2,22,P005,453,2,5,1|2|3|4|5,0,0,water_delta,,0.1,,0.9976932248465858,0.0023067751534141807
face_water_delta,2,23,P005,762,3,5,1|2|3|4|5,1,0,water_delta,,0.1,,0.9985837234567014,0.0014162765432986005
face_water_delta,2,24,P005,893,3,5,1|2|3|4|5,1,0,water_delta,,0.1,,0.9889379647659328,0.011062035234067262
face_water_delta,2,65,P015,189,3,5,1|2|3|4|5,1,0,water_delta,,0.1,,0.9408101194140657,0.05918988058593436
face_water_delta,2,66,P015,258,1,5,1|2|3|4|5,0,0,water_delta,,0.1,,0.9684599349361678,0.03154006506383225
face_water_delta,2,67,P015,453,1,5,1|2|3|4|5,0,0,water_delta,,0.1,,0.5770425624536705,0.4229574375463296
face_water_delta,2,68,P015,762,4,5,1|2|3|4|5,0,0,water_delta,,0.1,,0.9915273281887856,0.008472671811214385
face_water_delta,2,69,P015,893,5,5,1|2|3|4|5,0,0,water_delta,,0.1,,0.8093736647162786,0.19062633528372147
face_water_delta,2,90,P020,189,4,5,1|2|3|4|5,0,0,water_delta,,0.1,,0.977495426437843,0.02250457356215693
face_water_delta,2,91,P020,258,1,5,1|2|3|4|5,0,0,water_delta,,0.1,,0.991853828579868,0.008146171420131944
face_water_delta,2,92,P020,453,3,5,1|2|3|4|5,1,0,water_delta,,0.1,,0.8292878742622156,0.1707121257377844
face_water_delta,2,93,P020,762,4,5,1|2|3|4|5,0,0,water_delta,,0.1,,0.9006210036622062,0.09937899633779373
face_water_delta,2,94,P020,893,5,5,1|2|3|4|5,0,0,water_delta,,0.1,,0.8892969290324242,0.11070307096757581
face_water_delta,2,95,P021,189,4,5,1|2|3|4|5,0,0,water_delta,,0.1,,0.7912270786992586,0.2087729213007414
face_water_delta,2,96,P021,258,1,5,1|2|3|4|5,0,0,water_delta,,0.1,,0.9676536610023279,0.03234633899767217
face_water_delta,2,97,P021,453,2,5,1|2|3|4|5,0,0,water_delta,,0.1,,0.7347307205200195,0.26526927947998047
face_water_delta,2,98,P021,762,4,5,1|2|3|4|5,0,0,water_delta,,0.1,,0.7715855125846638,0.22841448741533626
face_water_delta,2,99,P021,893,5,5,1|2|3|4|5,0,0,water_delta,,0.1,,0.784566688767572,0.2154333112324281
face_water_delta,2,100,P023,189,3,5,1|2|3|4|5,1,1,water_delta,,0.1,,0.3271145820617676,0.6728854179382324
face_water_delta,2,101,P023,258,1,5,1|2|3|4|5,0,0,water_delta,,0.1,,0.6597720187970394,0.34022798120296055
face_water_delta,2,102,P023,453,1,5,1|2|3|4|5,0,0,water_delta,,0.1,,0.5440852046012878,0.45591479539871216
face_water_delta,2,103,P023,762,3,5,1|2|3|4|5,1,0,water_delta,,0.1,,0.5143055319786072,0.4856944680213928
face_water_delta,2,104,P023,893,4,5,1|2|3|4|5,0,1,water_delta,,0.1,,0.08857452869415283,0.9114254713058472
fusion_raw,2,0,P001,189,3,5,1|2|3|4|5,1,0,raw,10.0,0.01,0.5,0.7159126540184988,0.2840873459815011
fusion_raw,2,1,P001,258,1,5,1|2|3|4|5,0,0,raw,10.0,0.01,0.5,0.7439619363054809,0.25603806369451904
fusion_raw,2,2,P001,453,2,5,1|2|3|4|5,0,0,raw,10.0,0.01,0.5,0.5979348488640945,0.4020651511359056
fusion_raw,2,3,P001,762,3,5,1|2|3|4|5,1,0,raw,10.0,0.01,0.5,0.5109665653634617,0.48903343463653826
fusion_raw,2,4,P001,893,4,5,1|2|3|4|5,0,0,raw,10.0,0.01,0.5,0.7998072187354537,0.2001927812645464
fusion_raw,2,20,P005,189,3,5,1|2|3|4|5,1,1,raw,10.0,0.01,0.5,0.4849090052454619,0.515090994754538
fusion_raw,2,21,P005,258,1,5,1|2|3|4|5,0,0,raw,10.0,0.01,0.5,0.7676304967549342,0.23236950324506572
fusion_raw,2,22,P005,453,2,5,1|2|3|4|5,0,0,raw,10.0,0.01,0.5,0.5512122872034387,0.44878771279656127
fusion_raw,2,23,P005,762,3,5,1|2|3|4|5,1,0,raw,10.0,0.01,0.5,0.7716079291586189,0.2283920708413811
fusion_raw,2,24,P005,893,3,5,1|2|3|4|5,1,0,raw,10.0,0.01,0.5,0.6869697300254001,0.31303026997459993
fusion_raw,2,65,P015,189,3,5,1|2|3|4|5,1,1,raw,10.0,0.01,0.5,0.4258059153713308,0.5741940846286692
fusion_raw,2,66,P015,258,1,5,1|2|3|4|5,0,0,raw,10.0,0.01,0.5,0.6894015266956205,0.31059847330437945
fusion_raw,2,67,P015,453,1,5,1|2|3|4|5,0,0,raw,10.0,0.01,0.5,0.521608824440229,0.47839117555977095
fusion_raw,2,68,P015,762,4,5,1|2|3|4|5,0,1,raw,10.0,0.01,0.5,0.4500396393155318,0.5499603606844681
fusion_raw,2,69,P015,893,5,5,1|2|3|4|5,0,0,raw,10.0,0.01,0.5,0.5605662032586003,0.4394337967413996
fusion_raw,2,90,P020,189,4,5,1|2|3|4|5,0,1,raw,10.0,0.01,0.5,0.4874301810431695,0.5125698189568305
fusion_raw,2,91,P020,258,1,5,1|2|3|4|5,0,0,raw,10.0,0.01,0.5,0.78165425525354,0.21834574474645996
fusion_raw,2,92,P020,453,3,5,1|2|3|4|5,1,0,raw,10.0,0.01,0.5,0.5502091982996111,0.4497908017003889
fusion_raw,2,93,P020,762,4,5,1|2|3|4|5,0,1,raw,10.0,0.01,0.5,0.4454963116114249,0.5545036883885751
fusion_raw,2,94,P020,893,5,5,1|2|3|4|5,0,0,raw,10.0,0.01,0.5,0.6832625635982205,0.31673743640177954
fusion_raw,2,95,P021,189,4,5,1|2|3|4|5,0,1,raw,10.0,0.01,0.5,0.40720014298205304,0.592799857017947
fusion_raw,2,96,P021,258,1,5,1|2|3|4|5,0,0,raw,10.0,0.01,0.5,0.8145974120589167,0.18540258794108327
fusion_raw,2,97,P021,453,2,5,1|2|3|4|5,0,0,raw,10.0,0.01,0.5,0.676124132395995,0.3238758676040049
fusion_raw,2,98,P021,762,4,5,1|2|3|4|5,0,1,raw,10.0,0.01,0.5,0.3532598114382694,0.6467401885617307
fusion_raw,2,99,P021,893,5,5,1|2|3|4|5,0,1,raw,10.0,0.01,0.5,0.4897894751098437,0.5102105248901563
fusion_raw,2,100,P023,189,3,5,1|2|3|4|5,1,0,raw,10.0,0.01,0.5,0.5218987455785381,0.47810125442146184
fusion_raw,2,101,P023,258,1,5,1|2|3|4|5,0,0,raw,10.0,0.01,0.5,0.6470420756642741,0.3529579243357258
fusion_raw,2,102,P023,453,1,5,1|2|3|4|5,0,1,raw,10.0,0.01,0.5,0.46068101747407697,0.539318982525923
fusion_raw,2,103,P023,762,3,5,1|2|3|4|5,1,0,raw,10.0,0.01,0.5,0.6147593450883891,0.38524065491161086
fusion_raw,2,104,P023,893,4,5,1|2|3|4|5,0,0,raw,10.0,0.01,0.5,0.6341390653949041,0.3658609346050959
fusion_trial_delta,2,0,P001,189,3,5,1|2|3|4|5,1,0,trial_delta,10.0,0.01,0.9,0.8842821537333753,0.1157178462666247
fusion_trial_delta,2,1,P001,258,1,5,1|2|3|4|5,0,0,trial_delta,10.0,0.01,0.9,0.7225632716506665,0.2774367283493335
fusion_trial_delta,2,2,P001,453,2,5,1|2|3|4|5,0,0,trial_delta,10.0,0.01,0.9,0.5109596663593347,0.4890403336406653
fusion_trial_delta,2,3,P001,762,3,5,1|2|3|4|5,1,0,trial_delta,10.0,0.01,0.9,0.5882779756094877,0.4117220243905123
fusion_trial_delta,2,4,P001,893,4,5,1|2|3|4|5,0,0,trial_delta,10.0,0.01,0.9,0.9261786236591167,0.07382137634088316
fusion_trial_delta,2,20,P005,189,3,5,1|2|3|4|5,1,1,trial_delta,10.0,0.01,0.9,0.48905908447655094,0.510940915523449
fusion_trial_delta,2,21,P005,258,1,5,1|2|3|4|5,0,0,trial_delta,10.0,0.01,0.9,0.7068795179671907,0.2931204820328092
fusion_trial_delta,2,22,P005,453,2,5,1|2|3|4|5,0,0,trial_delta,10.0,0.01,0.9,0.6553110903554246,0.34468890964457544
fusion_trial_delta,2,23,P005,762,3,5,1|2|3|4|5,1,0,trial_delta,10.0,0.01,0.9,0.9572673487975709,0.04273265120242909
fusion_trial_delta,2,24,P005,893,3,5,1|2|3|4|5,1,0,trial_delta,10.0,0.01,0.9,0.6497290081255613,0.3502709918744387
fusion_trial_delta,2,65,P015,189,3,5,1|2|3|4|5,1,1,trial_delta,10.0,0.01,0.9,0.398317743249229,0.601682256750771
fusion_trial_delta,2,66,P015,258,1,5,1|2|3|4|5,0,1,trial_delta,10.0,0.01,0.9,0.49044522871846236,0.5095547712815377
fusion_trial_delta,2,67,P015,453,1,5,1|2|3|4|5,0,1,trial_delta,10.0,0.01,0.9,0.4878431458704328,0.5121568541295672
fusion_trial_delta,2,68,P015,762,4,5,1|2|3|4|5,0,1,trial_delta,10.0,0.01,0.9,0.4181015090278711,0.581898490972129
fusion_trial_delta,2,69,P015,893,5,5,1|2|3|4|5,0,0,trial_delta,10.0,0.01,0.9,0.5425491276491896,0.45745087235081033
fusion_trial_delta,2,90,P020,189,4,5,1|2|3|4|5,0,0,trial_delta,10.0,0.01,0.9,0.6731454506723972,0.32685454932760294
fusion_trial_delta,2,91,P020,258,1,5,1|2|3|4|5,0,0,trial_delta,10.0,0.01,0.9,0.7821376697164028,0.21786233028359725
fusion_trial_delta,2,92,P020,453,3,5,1|2|3|4|5,1,0,trial_delta,10.0,0.01,0.9,0.6459755031388154,0.35402449686118465
fusion_trial_delta,2,93,P020,762,4,5,1|2|3|4|5,0,1,trial_delta,10.0,0.01,0.9,0.385641650561288,0.6143583494387119
fusion_trial_delta,2,94,P020,893,5,5,1|2|3|4|5,0,0,trial_delta,10.0,0.01,0.9,0.8394263930942673,0.1605736069057327
fusion_trial_delta,2,95,P021,189,4,5,1|2|3|4|5,0,1,trial_delta,10.0,0.01,0.9,0.49685297444252374,0.5031470255574763
fusion_trial_delta,2,96,P021,258,1,5,1|2|3|4|5,0,0,trial_delta,10.0,0.01,0.9,0.8493736449059636,0.15062635509403646
fusion_trial_delta,2,97,P021,453,2,5,1|2|3|4|5,0,0,trial_delta,10.0,0.01,0.9,0.8777700279319279,0.12222997206807208
fusion_trial_delta,2,98,P021,762,4,5,1|2|3|4|5,0,1,trial_delta,10.0,0.01,0.9,0.3274386895385423,0.6725613104614577
fusion_trial_delta,2,99,P021,893,5,5,1|2|3|4|5,0,0,trial_delta,10.0,0.01,0.9,0.5086411343928062,0.4913588656071938
fusion_trial_delta,2,100,P023,189,3,5,1|2|3|4|5,1,0,trial_delta,10.0,0.01,0.9,0.7256837191736106,0.27431628082638937
fusion_trial_delta,2,101,P023,258,1,5,1|2|3|4|5,0,0,trial_delta,10.0,0.01,0.9,0.5343482666548569,0.46565173334514315
fusion_trial_delta,2,102,P023,453,1,5,1|2|3|4|5,0,0,trial_delta,10.0,0.01,0.9,0.5610820546845637,0.4389179453154364
fusion_trial_delta,2,103,P023,762,3,5,1|2|3|4|5,1,0,trial_delta,10.0,0.01,0.9,0.8481076783647568,0.15189232163524316
fusion_trial_delta,2,104,P023,893,4,5,1|2|3|4|5,0,0,trial_delta,10.0,0.01,0.9,0.7452215484455853,0.25477845155441464
fusion_water_delta,2,0,P001,189,3,5,1|2|3|4|5,1,0,water_delta,0.1,10.0,0.25,0.8869438088571011,0.1130561911428988
fusion_water_delta,2,1,P001,258,1,5,1|2|3|4|5,0,0,water_delta,0.1,10.0,0.25,0.7838601354535778,0.2161398645464222
fusion_water_delta,2,2,P001,453,2,5,1|2|3|4|5,0,0,water_delta,0.1,10.0,0.25,0.796109422303556,0.203890577696444
fusion_water_delta,2,3,P001,762,3,5,1|2|3|4|5,1,0,water_delta,0.1,10.0,0.25,0.9339847282052037,0.06601527179479623
fusion_water_delta,2,4,P001,893,4,5,1|2|3|4|5,0,0,water_delta,0.1,10.0,0.25,0.9799919296500297,0.02000807034997034
fusion_water_delta,2,20,P005,189,3,5,1|2|3|4|5,1,0,water_delta,0.1,10.0,0.25,0.7783813481571054,0.22161865184289473
fusion_water_delta,2,21,P005,258,1,5,1|2|3|4|5,0,0,water_delta,0.1,10.0,0.25,0.9254266751048935,0.07457332489510643
fusion_water_delta,2,22,P005,453,2,5,1|2|3|4|5,0,0,water_delta,0.1,10.0,0.25,0.9845607139162419,0.015439286083758066
fusion_water_delta,2,23,P005,762,3,5,1|2|3|4|5,1,0,water_delta,0.1,10.0,0.25,0.9796896410333895,0.0203103589666104
fusion_water_delta,2,24,P005,893,3,5,1|2|3|4|5,1,0,water_delta,0.1,10.0,0.25,0.9486130255797869,0.05138697442021302
fusion_water_delta,2,65,P015,189,3,5,1|2|3|4|5,1,0,water_delta,0.1,10.0,0.25,0.8468807805333067,0.15311921946669324
fusion_water_delta,2,66,P015,258,1,5,1|2|3|4|5,0,0,water_delta,0.1,10.0,0.25,0.9595808545898071,0.04041914541019285
fusion_water_delta,2,67,P015,453,1,5,1|2|3|4|5,0,1,water_delta,0.1,10.0,0.25,0.4736501631979536,0.5263498368020463
fusion_water_delta,2,68,P015,762,4,5,1|2|3|4|5,0,0,water_delta,0.1,10.0,0.25,0.9556480721760501,0.0443519278239498
fusion_water_delta,2,69,P015,893,5,5,1|2|3|4|5,0,0,water_delta,0.1,10.0,0.25,0.7543567662642956,0.2456432337357045
fusion_water_delta,2,90,P020,189,4,5,1|2|3|4|5,0,0,water_delta,0.1,10.0,0.25,0.9002260443017682,0.09977395569823189
fusion_water_delta,2,91,P020,258,1,5,1|2|3|4|5,0,0,water_delta,0.1,10.0,0.25,0.9823687699174526,0.0176312300825473
fusion_water_delta,2,92,P020,453,3,5,1|2|3|4|5,1,0,water_delta,0.1,10.0,0.25,0.7837045881171514,0.2162954118828486
fusion_water_delta,2,93,P020,762,4,5,1|2|3|4|5,0,0,water_delta,0.1,10.0,0.25,0.8064260077244679,0.1935739922755321
fusion_water_delta,2,94,P020,893,5,5,1|2|3|4|5,0,0,water_delta,0.1,10.0,0.25,0.7805740893700369,0.2194259106299631
fusion_water_delta,2,95,P021,189,4,5,1|2|3|4|5,0,0,water_delta,0.1,10.0,0.25,0.7371340825464651,0.262865917453535
fusion_water_delta,2,96,P021,258,1,5,1|2|3|4|5,0,0,water_delta,0.1,10.0,0.25,0.9654197322442822,0.034580267755717785
fusion_water_delta,2,97,P021,453,2,5,1|2|3|4|5,0,0,water_delta,0.1,10.0,0.25,0.737301556854958,0.2626984431450419
fusion_water_delta,2,98,P021,762,4,5,1|2|3|4|5,0,0,water_delta,0.1,10.0,0.25,0.7645073508460745,0.2354926491539255
fusion_water_delta,2,99,P021,893,5,5,1|2|3|4|5,0,0,water_delta,0.1,10.0,0.25,0.8417980985589875,0.15820190144101245
fusion_water_delta,2,100,P023,189,3,5,1|2|3|4|5,1,1,water_delta,0.1,10.0,0.25,0.2144211439215016,0.7855788560784984
fusion_water_delta,2,101,P023,258,1,5,1|2|3|4|5,0,0,water_delta,0.1,10.0,0.25,0.7395638654150763,0.26043613458492354
fusion_water_delta,2,102,P023,453,1,5,1|2|3|4|5,0,1,water_delta,0.1,10.0,0.25,0.45325081525180616,0.5467491847481938
fusion_water_delta,2,103,P023,762,3,5,1|2|3|4|5,1,1,water_delta,0.1,10.0,0.25,0.38788702319990687,0.6121129768000931
fusion_water_delta,2,104,P023,893,4,5,1|2|3|4|5,0,1,water_delta,0.1,10.0,0.25,0.1834930806446547,0.8165069193553453
code_only,3,25,P006,189,3,5,1|2|3|4|5,1,1,,10.0,,,0.2810709476470947,0.7189290523529053
code_only,3,26,P006,258,3,5,1|2|3|4|5,1,0,,10.0,,,0.9954680526942876,0.004531947305712434
code_only,3,27,P006,453,3,5,1|2|3|4|5,1,0,,10.0,,,0.5005894750180997,0.4994105249819003
code_only,3,28,P006,762,4,5,1|2|3|4|5,0,1,,10.0,,,0.319180428981781,0.680819571018219
code_only,3,29,P006,893,4,5,1|2|3|4|5,0,0,,10.0,,,0.6137348596374649,0.3862651403625351
code_only,3,30,P007,189,5,5,1|2|3|4|5,0,1,,10.0,,,0.2810709476470947,0.7189290523529053
code_only,3,31,P007,258,1,5,1|2|3|4|5,0,0,,10.0,,,0.9954680526942876,0.004531947305712434
code_only,3,32,P007,453,4,5,1|2|3|4|5,0,0,,10.0,,,0.5005894750180997,0.4994105249819003
code_only,3,33,P007,762,4,5,1|2|3|4|5,0,1,,10.0,,,0.319180428981781,0.680819571018219
code_only,3,34,P007,893,5,5,1|2|3|4|5,0,0,,10.0,,,0.6137348596374649,0.3862651403625351
code_only,3,60,P014,189,3,5,1|2|3|4|5,1,1,,10.0,,,0.2810709476470947,0.7189290523529053
code_only,3,61,P014,258,1,5,1|2|3|4|5,0,0,,10.0,,,0.9954680526942876,0.004531947305712434
code_only,3,62,P014,453,2,5,1|2|3|4|5,0,0,,10.0,,,0.5005894750180997,0.4994105249819003
code_only,3,63,P014,762,3,5,1|2|3|4|5,1,1,,10.0,,,0.319180428981781,0.680819571018219
code_only,3,64,P014,893,4,5,1|2|3|4|5,0,0,,10.0,,,0.6137348596374649,0.3862651403625351
code_only,3,70,P016,189,2,5,1|2|3|4|5,0,1,,10.0,,,0.2810709476470947,0.7189290523529053
code_only,3,71,P016,258,1,5,1|2|3|4|5,0,0,,10.0,,,0.9954680526942876,0.004531947305712434
code_only,3,72,P016,453,1,5,1|2|3|4|5,0,0,,10.0,,,0.5005894750180997,0.4994105249819003
code_only,3,73,P016,762,3,5,1|2|3|4|5,1,1,,10.0,,,0.319180428981781,0.680819571018219
code_only,3,74,P016,893,3,5,1|2|3|4|5,1,0,,10.0,,,0.6137348596374649,0.3862651403625351
code_only,3,75,P017,189,2,5,1|2|3|4|5,0,1,,10.0,,,0.2810709476470947,0.7189290523529053
code_only,3,76,P017,258,1,5,1|2|3|4|5,0,0,,10.0,,,0.9954680526942876,0.004531947305712434
code_only,3,77,P017,453,1,5,1|2|3|4|5,0,0,,10.0,,,0.5005894750180997,0.4994105249819003
code_only,3,78,P017,762,2,5,1|2|3|4|5,0,1,,10.0,,,0.319180428981781,0.680819571018219
code_only,3,79,P017,893,3,5,1|2|3|4|5,1,0,,10.0,,,0.6137348596374649,0.3862651403625351
code_only,3,135,P030,189,2,5,1|2|3|4|5,0,1,,10.0,,,0.2810709476470947,0.7189290523529053
code_only,3,136,P030,258,3,5,1|2|3|4|5,1,0,,10.0,,,0.9954680526942876,0.004531947305712434
code_only,3,137,P030,453,1,5,1|2|3|4|5,0,0,,10.0,,,0.5005894750180997,0.4994105249819003
code_only,3,138,P030,762,4,5,1|2|3|4|5,0,1,,10.0,,,0.319180428981781,0.680819571018219
code_only,3,139,P030,893,4,5,1|2|3|4|5,0,0,,10.0,,,0.6137348596374649,0.3862651403625351
face_raw,3,25,P006,189,3,5,1|2|3|4|5,1,1,raw,,0.01,,0.4469921588897705,0.5530078411102295
face_raw,3,26,P006,258,3,5,1|2|3|4|5,1,0,raw,,0.01,,0.7901225686073303,0.20987743139266968
face_raw,3,27,P006,453,3,5,1|2|3|4|5,1,0,raw,,0.01,,0.7597508204057568,0.2402491795942432
face_raw,3,28,P006,762,4,5,1|2|3|4|5,0,0,raw,,0.01,,0.523819223756171,0.47618077624382904
face_raw,3,29,P006,893,4,5,1|2|3|4|5,0,0,raw,,0.01,,0.5811814069747925,0.4188185930252075
face_raw,3,30,P007,189,5,5,1|2|3|4|5,0,0,raw,,0.01,,0.6441071629524231,0.3558928370475769
face_raw,3,31,P007,258,1,5,1|2|3|4|5,0,0,raw,,0.01,,0.5099961161613464,0.49000388383865356
face_raw,3,32,P007,453,4,5,1|2|3|4|5,0,1,raw,,0.01,,0.39509546756744385,0.6049045324325562
face_raw,3,33,P007,762,4,5,1|2|3|4|5,0,1,raw,,0.01,,0.47338271141052246,0.5266172885894775
face_raw,3,34,P007,893,5,5,1|2|3|4|5,0,1,raw,,0.01,,0.3501911759376526,0.6498088240623474
face_raw,3,60,P014,189,3,5,1|2|3|4|5,1,0,raw,,0.01,,0.9737800178345289,0.026219982165471053
face_raw,3,61,P014,258,1,5,1|2|3|4|5,0,0,raw,,0.01,,0.8515240423154229,0.14847595768457714
face_raw,3,62,P014,453,2,5,1|2|3|4|5,0,0,raw,,0.01,,0.9619888555781299,0.03801114442187014
face_raw,3,63,P014,762,3,5,1|2|3|4|5,1,0,raw,,0.01,,0.7910376551438076,0.20896234485619233
face_raw,3,64,P014,893,4,5,1|2|3|4|5,0,0,raw,,0.01,,0.8369178300636684,0.16308216993633165
face_raw,3,70,P016,189,2,5,1|2|3|4|5,0,0,raw,,0.01,,0.7748691439628601,0.2251308560371399
face_raw,3,71,P016,258,1,5,1|2|3|4|5,0,1,raw,,0.01,,0.41829270124435425,0.5817072987556458
face_raw,3,72,P016,453,1,5,1|2|3|4|5,0,0,raw,,0.01,,0.8146237852368323,0.1853762147631677
face_raw,3,73,P016,762,3,5,1|2|3|4|5,1,0,raw,,0.01,,0.5361645381499689,0.46383546185003105
face_raw,3,74,P016,893,3,5,1|2|3|4|5,1,1,raw,,0.01,,0.13212358951568604,0.867876410484314
face_raw,3,75,P017,189,2,5,1|2|3|4|5,0,0,raw,,0.01,,0.5116214904672352,0.48837850953276485
face_raw,3,76,P017,258,1,5,1|2|3|4|5,0,1,raw,,0.01,,0.35844260454177856,0.6415573954582214
face_raw,3,77,P017,453,1,5,1|2|3|4|5,0,0,raw,,0.01,,0.6079120817158247,0.39208791828417533
face_raw,3,78,P017,762,2,5,1|2|3|4|5,0,1,raw,,0.01,,0.4725424647331238,0.5274575352668762
face_raw,3,79,P017,893,3,5,1|2|3|4|5,1,1,raw,,0.01,,0.49693721532821655,0.5030627846717834
face_raw,3,135,P030,189,2,5,1|2|3|4|5,0,0,raw,,0.01,,0.8964577183655245,0.10354228163447557
face_raw,3,136,P030,258,3,5,1|2|3|4|5,1,0,raw,,0.01,,0.7389668006012797,0.2610331993987203
face_raw,3,137,P030,453,1,5,1|2|3|4|5,0,1,raw,,0.01,,0.35224205255508423,0.6477579474449158
face_raw,3,138,P030,762,4,5,1|2|3|4|5,0,0,raw,,0.01,,0.9426421487978021,0.057357851202197926
face_raw,3,139,P030,893,4,5,1|2|3|4|5,0,1,raw,,0.01,,0.36749500036239624,0.6325049996376038
face_trial_delta,3,25,P006,189,3,5,1|2|3|4|5,1,1,trial_delta,,0.001,,0.4660611152648926,0.5339388847351074
face_trial_delta,3,26,P006,258,3,5,1|2|3|4|5,1,0,trial_delta,,0.001,,0.5440238552086396,0.45597614479136034
face_trial_delta,3,27,P006,453,3,5,1|2|3|4|5,1,0,trial_delta,,0.001,,0.5107083916664124,0.48929160833358765
face_trial_delta,3,28,P006,762,4,5,1|2|3|4|5,0,1,trial_delta,,0.001,,0.48025625944137573,0.5197437405586243
face_trial_delta,3,29,P006,893,4,5,1|2|3|4|5,0,0,trial_delta,,0.001,,0.5152558241860814,0.4847441758139186
face_trial_delta,3,30,P007,189,5,5,1|2|3|4|5,0,0,trial_delta,,0.001,,0.6148863021995515,0.38511369780044846
face_trial_delta,3,31,P007,258,1,5,1|2|3|4|5,0,0,trial_delta,,0.001,,0.5376110672950745,0.46238893270492554
face_trial_delta,3,32,P007,453,4,5,1|2|3|4|5,0,0,trial_delta,,0.001,,0.5589184165000916,0.44108158349990845
face_trial_delta,3,33,P007,762,4,5,1|2|3|4|5,0,0,trial_delta,,0.001,,0.5766381197165883,0.42336188028341176
face_trial_delta,3,34,P007,893,5,5,1|2|3|4|5,0,0,trial_delta,,0.001,,0.5354309678077698,0.4645690321922302
face_trial_delta,3,60,P014,189,3,5,1|2|3|4|5,1,0,trial_delta,,0.001,,0.6363056898117065,0.36369431018829346
face_trial_delta,3,61,P014,258,1,5,1|2|3|4|5,0,0,trial_delta,,0.001,,0.5984979867935181,0.40150201320648193
face_trial_delta,3,62,P014,453,2,5,1|2|3|4|5,0,0,trial_delta,,0.001,,0.6601043343544006,0.33989566564559937
face_trial_delta,3,63,P014,762,3,5,1|2|3|4|5,1,0,trial_delta,,0.001,,0.5385159414564353,0.4614840585435646
face_trial_delta,3,64,P014,893,4,5,1|2|3|4|5,0,0,trial_delta,,0.001,,0.5475682183375423,0.4524317816624576
face_trial_delta,3,70,P016,189,2,5,1|2|3|4|5,0,0,trial_delta,,0.001,,0.5864235758781433,0.4135764241218567
face_trial_delta,3,71,P016,258,1,5,1|2|3|4|5,0,0,trial_delta,,0.001,,0.5301985740661621,0.4698014259338379
face_trial_delta,3,72,P016,453,1,5,1|2|3|4|5,0,0,trial_delta,,0.001,,0.5948862433433533,0.40511375665664673
face_trial_delta,3,73,P016,762,3,5,1|2|3|4|5,1,0,trial_delta,,0.001,,0.5177423357963562,0.4822576642036438
face_trial_delta,3,74,P016,893,3,5,1|2|3|4|5,1,1,trial_delta,,0.001,,0.46803075075149536,0.5319692492485046
face_trial_delta,3,75,P017,189,2,5,1|2|3|4|5,0,0,trial_delta,,0.001,,0.5149257779121399,0.4850742220878601
face_trial_delta,3,76,P017,258,1,5,1|2|3|4|5,0,0,trial_delta,,0.001,,0.5069502743169747,0.4930497256830253
face_trial_delta,3,77,P017,453,1,5,1|2|3|4|5,0,0,trial_delta,,0.001,,0.5328575968742371,0.46714240312576294
face_trial_delta,3,78,P017,762,2,5,1|2|3|4|5,0,0,trial_delta,,0.001,,0.5808752948306589,0.41912470516934114
face_trial_delta,3,79,P017,893,3,5,1|2|3|4|5,1,0,trial_delta,,0.001,,0.5779113173484802,0.4220886826515198
face_trial_delta,3,135,P030,189,2,5,1|2|3|4|5,0,0,trial_delta,,0.001,,0.6212905049324036,0.37870949506759644
face_trial_delta,3,136,P030,258,3,5,1|2|3|4|5,1,1,trial_delta,,0.001,,0.39042145013809204,0.609578549861908
face_trial_delta,3,137,P030,453,1,5,1|2|3|4|5,0,1,trial_delta,,0.001,,0.4352527856826782,0.5647472143173218
face_trial_delta,3,138,P030,762,4,5,1|2|3|4|5,0,0,trial_delta,,0.001,,0.5765879154205322,0.4234120845794678
face_trial_delta,3,139,P030,893,4,5,1|2|3|4|5,0,1,trial_delta,,0.001,,0.4946097731590271,0.5053902268409729
face_water_delta,3,25,P006,189,3,5,1|2|3|4|5,1,1,water_delta,,0.1,,0.4599342942237854,0.5400657057762146
face_water_delta,3,26,P006,258,3,5,1|2|3|4|5,1,0,water_delta,,0.1,,0.9940978122001881,0.00590218779981194
face_water_delta,3,27,P006,453,3,5,1|2|3|4|5,1,0,water_delta,,0.1,,0.991182396106258,0.008817603893742
face_water_delta,3,28,P006,762,4,5,1|2|3|4|5,0,0,water_delta,,0.1,,0.5149470721169433,0.48505292788305665
face_water_delta,3,29,P006,893,4,5,1|2|3|4|5,0,0,water_delta,,0.1,,0.6021715582064259,0.39782844179357413
face_water_delta,3,30,P007,189,5,5,1|2|3|4|5,0,0,water_delta,,0.1,,0.8885483675558241,0.11145163244417583
face_water_delta,3,31,P007,258,1,5,1|2|3|4|5,0,0,water_delta,,0.1,,0.7863651992922247,0.21363480070777535
face_water_delta,3,32,P007,453,4,5,1|2|3|4|5,0,0,water_delta,,0.1,,0.6209285074195711,0.37907149258042894
face_water_delta,3,33,P007,762,4,5,1|2|3|4|5,0,0,water_delta,,0.1,,0.9081232940825084,0.09187670591749163
face_water_delta,3,34,P007,893,5,5,1|2|3|4|5,0,0,water_delta,,0.1,,0.9454038880080564,0.0545961119919436
face_water_delta,3,60,P014,189,3,5,1|2|3|4|5,1,1,water_delta,,0.1,,0.35372692346572876,0.6462730765342712
face_water_delta,3,61,P014,258,1,5,1|2|3|4|5,0,1,water_delta,,0.1,,0.05079549551010132,0.9492045044898987
face_water_delta,3,62,P014,453,2,5,1|2|3|4|5,0,1,water_delta,,0.1,,0.3390800952911377,0.6609199047088623
face_water_delta,3,63,P014,762,3,5,1|2|3|4|5,1,1,water_delta,,0.1,,0.361492395401001,0.638507604598999
face_water_delta,3,64,P014,893,4,5,1|2|3|4|5,0,1,water_delta,,0.1,,0.30109840631484985,0.6989015936851501
face_water_delta,3,70,P016,189,2,5,1|2|3|4|5,0,1,water_delta,,0.1,,0.39639604091644287,0.6036039590835571
face_water_delta,3,71,P016,258,1,5,1|2|3|4|5,0,1,water_delta,,0.1,,0.3691302537918091,0.6308697462081909
face_water_delta,3,72,P016,453,1,5,1|2|3|4|5,0,0,water_delta,,0.1,,0.8352762211776906,0.1647237788223094
face_water_delta,3,73,P016,762,3,5,1|2|3|4|5,1,0,water_delta,,0.1,,0.779166590857008,0.22083340914299204
face_water_delta,3,74,P016,893,3,5,1|2|3|4|5,1,1,water_delta,,0.1,,0.04913175106048584,0.9508682489395142
face_water_delta,3,75,P017,189,2,5,1|2|3|4|5,0,1,water_delta,,0.1,,0.2519509792327881,0.7480490207672119
face_water_delta,3,76,P017,258,1,5,1|2|3|4|5,0,1,water_delta,,0.1,,0.42575979232788086,0.5742402076721191
face_water_delta,3,77,P017,453,1,5,1|2|3|4|5,0,0,water_delta,,0.1,,0.8224185231688399,0.17758147683116013
face_water_delta,3,78,P017,762,2,5,1|2|3|4|5,0,0,water_delta,,0.1,,0.7422467691375843,0.25775323086241575
face_water_delta,3,79,P017,893,3,5,1|2|3|4|5,1,0,water_delta,,0.1,,0.6410748767532445,0.3589251232467555
face_water_delta,3,135,P030,189,2,5,1|2|3|4|5,0,0,water_delta,,0.1,,0.5120818767572008,0.48791812324279915
face_water_delta,3,136,P030,258,3,5,1|2|3|4|5,1,0,water_delta,,0.1,,0.983757564646728,0.01624243535327199
face_water_delta,3,137,P030,453,1,5,1|2|3|4|5,0,1,water_delta,,0.1,,0.13762879371643066,0.8623712062835693
face_water_delta,3,138,P030,762,4,5,1|2|3|4|5,0,0,water_delta,,0.1,,0.9980260182541204,0.0019739817458795422
face_water_delta,3,139,P030,893,4,5,1|2|3|4|5,0,1,water_delta,,0.1,,0.009198606014251709,0.9908013939857483
fusion_raw,3,25,P006,189,3,5,1|2|3|4|5,1,1,raw,10.0,0.001,0.0,0.2810709476470947,0.7189290523529052
fusion_raw,3,26,P006,258,3,5,1|2|3|4|5,1,0,raw,10.0,0.001,0.0,0.9954680526942876,0.004531947305712433
fusion_raw,3,27,P006,453,3,5,1|2|3|4|5,1,0,raw,10.0,0.001,0.0,0.5005894750180997,0.4994105249819003
fusion_raw,3,28,P006,762,4,5,1|2|3|4|5,0,1,raw,10.0,0.001,0.0,0.319180428981781,0.680819571018219
fusion_raw,3,29,P006,893,4,5,1|2|3|4|5,0,0,raw,10.0,0.001,0.0,0.6137348596374649,0.3862651403625351
fusion_raw,3,30,P007,189,5,5,1|2|3|4|5,0,1,raw,10.0,0.001,0.0,0.2810709476470947,0.7189290523529052
fusion_raw,3,31,P007,258,1,5,1|2|3|4|5,0,0,raw,10.0,0.001,0.0,0.9954680526942876,0.004531947305712433
fusion_raw,3,32,P007,453,4,5,1|2|3|4|5,0,0,raw,10.0,0.001,0.0,0.5005894750180997,0.4994105249819003
fusion_raw,3,33,P007,762,4,5,1|2|3|4|5,0,1,raw,10.0,0.001,0.0,0.319180428981781,0.680819571018219
fusion_raw,3,34,P007,893,5,5,1|2|3|4|5,0,0,raw,10.0,0.001,0.0,0.6137348596374649,0.3862651403625351
fusion_raw,3,60,P014,189,3,5,1|2|3|4|5,1,1,raw,10.0,0.001,0.0,0.2810709476470947,0.7189290523529052
fusion_raw,3,61,P014,258,1,5,1|2|3|4|5,0,0,raw,10.0,0.001,0.0,0.9954680526942876,0.004531947305712433
fusion_raw,3,62,P014,453,2,5,1|2|3|4|5,0,0,raw,10.0,0.001,0.0,0.5005894750180997,0.4994105249819003
fusion_raw,3,63,P014,762,3,5,1|2|3|4|5,1,1,raw,10.0,0.001,0.0,0.319180428981781,0.680819571018219
fusion_raw,3,64,P014,893,4,5,1|2|3|4|5,0,0,raw,10.0,0.001,0.0,0.6137348596374649,0.3862651403625351
fusion_raw,3,70,P016,189,2,5,1|2|3|4|5,0,1,raw,10.0,0.001,0.0,0.2810709476470947,0.7189290523529052
fusion_raw,3,71,P016,258,1,5,1|2|3|4|5,0,0,raw,10.0,0.001,0.0,0.9954680526942876,0.004531947305712433
fusion_raw,3,72,P016,453,1,5,1|2|3|4|5,0,0,raw,10.0,0.001,0.0,0.5005894750180997,0.4994105249819003
fusion_raw,3,73,P016,762,3,5,1|2|3|4|5,1,1,raw,10.0,0.001,0.0,0.319180428981781,0.680819571018219
fusion_raw,3,74,P016,893,3,5,1|2|3|4|5,1,0,raw,10.0,0.001,0.0,0.6137348596374649,0.3862651403625351
fusion_raw,3,75,P017,189,2,5,1|2|3|4|5,0,1,raw,10.0,0.001,0.0,0.2810709476470947,0.7189290523529052
fusion_raw,3,76,P017,258,1,5,1|2|3|4|5,0,0,raw,10.0,0.001,0.0,0.9954680526942876,0.004531947305712433
fusion_raw,3,77,P017,453,1,5,1|2|3|4|5,0,0,raw,10.0,0.001,0.0,0.5005894750180997,0.4994105249819003
fusion_raw,3,78,P017,762,2,5,1|2|3|4|5,0,1,raw,10.0,0.001,0.0,0.319180428981781,0.680819571018219
fusion_raw,3,79,P017,893,3,5,1|2|3|4|5,1,0,raw,10.0,0.001,0.0,0.6137348596374649,0.3862651403625351
fusion_raw,3,135,P030,189,2,5,1|2|3|4|5,0,1,raw,10.0,0.001,0.0,0.2810709476470947,0.7189290523529052
fusion_raw,3,136,P030,258,3,5,1|2|3|4|5,1,0,raw,10.0,0.001,0.0,0.9954680526942876,0.004531947305712433
fusion_raw,3,137,P030,453,1,5,1|2|3|4|5,0,0,raw,10.0,0.001,0.0,0.5005894750180997,0.4994105249819003
fusion_raw,3,138,P030,762,4,5,1|2|3|4|5,0,1,raw,10.0,0.001,0.0,0.319180428981781,0.680819571018219
fusion_raw,3,139,P030,893,4,5,1|2|3|4|5,0,0,raw,10.0,0.001,0.0,0.6137348596374649,0.3862651403625351
fusion_trial_delta,3,25,P006,189,3,5,1|2|3|4|5,1,1,trial_delta,10.0,0.001,0.0,0.2810709476470947,0.7189290523529052
fusion_trial_delta,3,26,P006,258,3,5,1|2|3|4|5,1,0,trial_delta,10.0,0.001,0.0,0.9954680526942876,0.004531947305712433
fusion_trial_delta,3,27,P006,453,3,5,1|2|3|4|5,1,0,trial_delta,10.0,0.001,0.0,0.5005894750180997,0.4994105249819003
fusion_trial_delta,3,28,P006,762,4,5,1|2|3|4|5,0,1,trial_delta,10.0,0.001,0.0,0.319180428981781,0.680819571018219
fusion_trial_delta,3,29,P006,893,4,5,1|2|3|4|5,0,0,trial_delta,10.0,0.001,0.0,0.6137348596374649,0.3862651403625351
fusion_trial_delta,3,30,P007,189,5,5,1|2|3|4|5,0,1,trial_delta,10.0,0.001,0.0,0.2810709476470947,0.7189290523529052
fusion_trial_delta,3,31,P007,258,1,5,1|2|3|4|5,0,0,trial_delta,10.0,0.001,0.0,0.9954680526942876,0.004531947305712433
fusion_trial_delta,3,32,P007,453,4,5,1|2|3|4|5,0,0,trial_delta,10.0,0.001,0.0,0.5005894750180997,0.4994105249819003
fusion_trial_delta,3,33,P007,762,4,5,1|2|3|4|5,0,1,trial_delta,10.0,0.001,0.0,0.319180428981781,0.680819571018219
fusion_trial_delta,3,34,P007,893,5,5,1|2|3|4|5,0,0,trial_delta,10.0,0.001,0.0,0.6137348596374649,0.3862651403625351
fusion_trial_delta,3,60,P014,189,3,5,1|2|3|4|5,1,1,trial_delta,10.0,0.001,0.0,0.2810709476470947,0.7189290523529052
fusion_trial_delta,3,61,P014,258,1,5,1|2|3|4|5,0,0,trial_delta,10.0,0.001,0.0,0.9954680526942876,0.004531947305712433
fusion_trial_delta,3,62,P014,453,2,5,1|2|3|4|5,0,0,trial_delta,10.0,0.001,0.0,0.5005894750180997,0.4994105249819003
fusion_trial_delta,3,63,P014,762,3,5,1|2|3|4|5,1,1,trial_delta,10.0,0.001,0.0,0.319180428981781,0.680819571018219
fusion_trial_delta,3,64,P014,893,4,5,1|2|3|4|5,0,0,trial_delta,10.0,0.001,0.0,0.6137348596374649,0.3862651403625351
fusion_trial_delta,3,70,P016,189,2,5,1|2|3|4|5,0,1,trial_delta,10.0,0.001,0.0,0.2810709476470947,0.7189290523529052
fusion_trial_delta,3,71,P016,258,1,5,1|2|3|4|5,0,0,trial_delta,10.0,0.001,0.0,0.9954680526942876,0.004531947305712433
fusion_trial_delta,3,72,P016,453,1,5,1|2|3|4|5,0,0,trial_delta,10.0,0.001,0.0,0.5005894750180997,0.4994105249819003
fusion_trial_delta,3,73,P016,762,3,5,1|2|3|4|5,1,1,trial_delta,10.0,0.001,0.0,0.319180428981781,0.680819571018219
fusion_trial_delta,3,74,P016,893,3,5,1|2|3|4|5,1,0,trial_delta,10.0,0.001,0.0,0.6137348596374649,0.3862651403625351
fusion_trial_delta,3,75,P017,189,2,5,1|2|3|4|5,0,1,trial_delta,10.0,0.001,0.0,0.2810709476470947,0.7189290523529052
fusion_trial_delta,3,76,P017,258,1,5,1|2|3|4|5,0,0,trial_delta,10.0,0.001,0.0,0.9954680526942876,0.004531947305712433
fusion_trial_delta,3,77,P017,453,1,5,1|2|3|4|5,0,0,trial_delta,10.0,0.001,0.0,0.5005894750180997,0.4994105249819003
fusion_trial_delta,3,78,P017,762,2,5,1|2|3|4|5,0,1,trial_delta,10.0,0.001,0.0,0.319180428981781,0.680819571018219
fusion_trial_delta,3,79,P017,893,3,5,1|2|3|4|5,1,0,trial_delta,10.0,0.001,0.0,0.6137348596374649,0.3862651403625351
fusion_trial_delta,3,135,P030,189,2,5,1|2|3|4|5,0,1,trial_delta,10.0,0.001,0.0,0.2810709476470947,0.7189290523529052
fusion_trial_delta,3,136,P030,258,3,5,1|2|3|4|5,1,0,trial_delta,10.0,0.001,0.0,0.9954680526942876,0.004531947305712433
fusion_trial_delta,3,137,P030,453,1,5,1|2|3|4|5,0,0,trial_delta,10.0,0.001,0.0,0.5005894750180997,0.4994105249819003
fusion_trial_delta,3,138,P030,762,4,5,1|2|3|4|5,0,1,trial_delta,10.0,0.001,0.0,0.319180428981781,0.680819571018219
fusion_trial_delta,3,139,P030,893,4,5,1|2|3|4|5,0,0,trial_delta,10.0,0.001,0.0,0.6137348596374649,0.3862651403625351
fusion_water_delta,3,25,P006,189,3,5,1|2|3|4|5,1,1,water_delta,0.01,0.001,0.1,0.4505158090474756,0.5494841909525243
fusion_water_delta,3,26,P006,258,3,5,1|2|3|4|5,1,0,water_delta,0.01,0.001,0.1,0.610627852613765,0.38937214738623505
fusion_water_delta,3,27,P006,453,3,5,1|2|3|4|5,1,0,water_delta,0.01,0.001,0.1,0.5218663881842246,0.47813361181577535
fusion_water_delta,3,28,P006,762,4,5,1|2|3|4|5,0,1,water_delta,0.01,0.001,0.1,0.4637620641870685,0.5362379358129314
fusion_water_delta,3,29,P006,893,4,5,1|2|3|4|5,0,0,water_delta,0.01,0.001,0.1,0.5358925138148788,0.4641074861851213
fusion_water_delta,3,30,P007,189,5,5,1|2|3|4|5,0,1,water_delta,0.01,0.001,0.1,0.4519190718307052,0.5480809281692949
fusion_water_delta,3,31,P007,258,1,5,1|2|3|4|5,0,0,water_delta,0.01,0.001,0.1,0.5997833331708523,0.4002166668291477
fusion_water_delta,3,32,P007,453,4,5,1|2|3|4|5,0,0,water_delta,0.01,0.001,0.1,0.5081120818355932,0.4918879181644067
fusion_water_delta,3,33,P007,762,4,5,1|2|3|4|5,0,1,water_delta,0.01,0.001,0.1,0.459752278391212,0.540247721608788
fusion_water_delta,3,34,P007,893,5,5,1|2|3|4|5,0,0,water_delta,0.01,0.001,0.1,0.5340035341891815,0.46599646581081855
fusion_water_delta,3,60,P014,189,3,5,1|2|3|4|5,1,1,water_delta,0.01,0.001,0.1,0.44611876576621085,0.5538812342337892
fusion_water_delta,3,61,P014,258,1,5,1|2|3|4|5,0,0,water_delta,0.01,0.001,0.1,0.5875209461281673,0.41247905387183276
fusion_water_delta,3,62,P014,453,2,5,1|2|3|4|5,0,0,water_delta,0.01,0.001,0.1,0.5062230773294039,0.4937769226705962
fusion_water_delta,3,63,P014,762,3,5,1|2|3|4|5,1,1,water_delta,0.01,0.001,0.1,0.458086733914012,0.541913266085988
fusion_water_delta,3,64,P014,893,4,5,1|2|3|4|5,0,0,water_delta,0.01,0.001,0.1,0.5321193669910785,0.4678806330089214
fusion_water_delta,3,70,P016,189,2,5,1|2|3|4|5,0,1,water_delta,0.01,0.001,0.1,0.4418086975408955,0.5581913024591045
fusion_water_delta,3,71,P016,258,1,5,1|2|3|4|5,0,0,water_delta,0.01,0.001,0.1,0.5909039285329858,0.40909607146701416
fusion_water_delta,3,72,P016,453,1,5,1|2|3|4|5,0,0,water_delta,0.01,0.001,0.1,0.5140107607908987,0.48598923920910136
fusion_water_delta,3,73,P016,762,3,5,1|2|3|4|5,1,1,water_delta,0.01,0.001,0.1,0.45548468523863667,0.5445153147613633
fusion_water_delta,3,74,P016,893,3,5,1|2|3|4|5,1,0,water_delta,0.01,0.001,0.1,0.5218855430125489,0.47811445698745114
fusion_water_delta,3,75,P017,189,2,5,1|2|3|4|5,0,1,water_delta,0.01,0.001,0.1,0.4450140279370155,0.5549859720629845
fusion_water_delta,3,76,P017,258,1,5,1|2|3|4|5,0,0,water_delta,0.01,0.001,0.1,0.5910981620699076,0.40890183793009244
fusion_water_delta,3,77,P017,453,1,5,1|2|3|4|5,0,0,water_delta,0.01,0.001,0.1,0.5028772225380036,0.4971227774619963
fusion_water_delta,3,78,P017,762,2,5,1|2|3|4|5,0,1,water_delta,0.01,0.001,0.1,0.45918077422352965,0.5408192257764703
fusion_water_delta,3,79,P017,893,3,5,1|2|3|4|5,1,0,water_delta,0.01,0.001,0.1,0.5326648931521087,0.4673351068478913
fusion_water_delta,3,135,P030,189,2,5,1|2|3|4|5,0,1,water_delta,0.01,0.001,0.1,0.43719033551149605,0.5628096644885039
fusion_water_delta,3,136,P030,258,3,5,1|2|3|4|5,1,0,water_delta,0.01,0.001,0.1,0.5991874302539185,0.40081256974608154
fusion_water_delta,3,137,P030,453,1,5,1|2|3|4|5,0,1,water_delta,0.01,0.001,0.1,0.49774487911517207,0.5022551208848279
fusion_water_delta,3,138,P030,762,4,5,1|2|3|4|5,0,1,water_delta,0.01,0.001,0.1,0.4770752570143395,0.5229247429856605
fusion_water_delta,3,139,P030,893,4,5,1|2|3|4|5,0,0,water_delta,0.01,0.001,0.1,0.5173967611798476,0.48260323882015244
code_only,4,35,P008,189,3,5,1|2|3|4|5,1,1,,0.1,,,0.37692004442214966,0.6230799555778503
code_only,4,36,P008,258,1,5,1|2|3|4|5,0,0,,0.1,,,0.7466678023338318,0.2533321976661682
code_only,4,37,P008,453,2,5,1|2|3|4|5,0,0,,0.1,,,0.5612068343522201,0.43879316564777987
code_only,4,38,P008,762,4,5,1|2|3|4|5,0,1,,0.1,,,0.37692004442214966,0.6230799555778503
code_only,4,39,P008,893,4,5,1|2|3|4|5,0,0,,0.1,,,0.5201510345980833,0.4798489654019167
code_only,4,45,P010,189,2,5,1|2|3|4|5,0,1,,0.1,,,0.37692004442214966,0.6230799555778503
code_only,4,46,P010,258,1,5,1|2|3|4|5,0,0,,0.1,,,0.7466678023338318,0.2533321976661682
code_only,4,47,P010,453,2,5,1|2|3|4|5,0,0,,0.1,,,0.5612068343522201,0.43879316564777987
code_only,4,48,P010,762,3,5,1|2|3|4|5,1,1,,0.1,,,0.37692004442214966,0.6230799555778503
code_only,4,49,P010,893,4,5,1|2|3|4|5,0,0,,0.1,,,0.5201510345980833,0.4798489654019167
code_only,4,80,P018,189,3,5,1|2|3|4|5,1,1,,0.1,,,0.37692004442214966,0.6230799555778503
code_only,4,81,P018,258,1,5,1|2|3|4|5,0,0,,0.1,,,0.7466678023338318,0.2533321976661682
code_only,4,82,P018,453,3,5,1|2|3|4|5,1,0,,0.1,,,0.5612068343522201,0.43879316564777987
code_only,4,83,P018,762,4,5,1|2|3|4|5,0,1,,0.1,,,0.37692004442214966,0.6230799555778503
code_only,4,84,P018,893,4,5,1|2|3|4|5,0,0,,0.1,,,0.5201510345980833,0.4798489654019167
code_only,4,85,P019,189,4,5,1|2|3|4|5,0,1,,0.1,,,0.37692004442214966,0.6230799555778503
code_only,4,86,P019,258,1,5,1|2|3|4|5,0,0,,0.1,,,0.7466678023338318,0.2533321976661682
code_only,4,87,P019,453,3,5,1|2|3|4|5,1,0,,0.1,,,0.5612068343522201,0.43879316564777987
code_only,4,88,P019,762,3,5,1|2|3|4|5,1,1,,0.1,,,0.37692004442214966,0.6230799555778503
code_only,4,89,P019,893,4,5,1|2|3|4|5,0,0,,0.1,,,0.5201510345980833,0.4798489654019167
code_only,4,115,P026,189,3,5,1|2|3|4|5,1,1,,0.1,,,0.37692004442214966,0.6230799555778503
code_only,4,116,P026,258,1,5,1|2|3|4|5,0,0,,0.1,,,0.7466678023338318,0.2533321976661682
code_only,4,117,P026,453,1,5,1|2|3|4|5,0,0,,0.1,,,0.5612068343522201,0.43879316564777987
code_only,4,118,P026,762,4,5,1|2|3|4|5,0,1,,0.1,,,0.37692004442214966,0.6230799555778503
code_only,4,119,P026,893,5,5,1|2|3|4|5,0,0,,0.1,,,0.5201510345980833,0.4798489654019167
face_raw,4,35,P008,189,3,5,1|2|3|4|5,1,0,raw,,0.01,,0.5183790326118469,0.4816209673881531
face_raw,4,36,P008,258,1,5,1|2|3|4|5,0,1,raw,,0.01,,0.2359769344329834,0.7640230655670166
face_raw,4,37,P008,453,2,5,1|2|3|4|5,0,1,raw,,0.01,,0.0901956558227539,0.9098043441772461
face_raw,4,38,P008,762,4,5,1|2|3|4|5,0,1,raw,,0.01,,0.3779727816581726,0.6220272183418274
face_raw,4,39,P008,893,4,5,1|2|3|4|5,0,1,raw,,0.01,,0.05643743276596069,0.9435625672340393
face_raw,4,45,P010,189,2,5,1|2|3|4|5,0,0,raw,,0.01,,0.7587723618928737,0.24122763810712639
face_raw,4,46,P010,258,1,5,1|2|3|4|5,0,0,raw,,0.01,,0.7285250642456134,0.27147493575438664
face_raw,4,47,P010,453,2,5,1|2|3|4|5,0,0,raw,,0.01,,0.7323490977287292,0.26765090227127075
face_raw,4,48,P010,762,3,5,1|2|3|4|5,1,0,raw,,0.01,,0.7097924736204007,0.2902075263795994
face_raw,4,49,P010,893,4,5,1|2|3|4|5,0,0,raw,,0.01,,0.6790302395820618,0.32096976041793823
face_raw,4,80,P018,189,3,5,1|2|3|4|5,1,1,raw,,0.01,,0.04052317142486572,0.9594768285751343
face_raw,4,81,P018,258,1,5,1|2|3|4|5,0,1,raw,,0.01,,0.08521264791488647,0.9147873520851135
face_raw,4,82,P018,453,3,5,1|2|3|4|5,1,1,raw,,0.01,,0.07920682430267334,0.9207931756973267
face_raw,4,83,P018,762,4,5,1|2|3|4|5,0,1,raw,,0.01,,0.11011403799057007,0.8898859620094299
face_raw,4,84,P018,893,4,5,1|2|3|4|5,0,1,raw,,0.01,,0.16951614618301392,0.8304838538169861
face_raw,4,85,P019,189,4,5,1|2|3|4|5,0,0,raw,,0.01,,0.8554047601045597,0.14459523989544035
face_raw,4,86,P019,258,1,5,1|2|3|4|5,0,0,raw,,0.01,,0.754856288433075,0.24514371156692505
face_raw,4,87,P019,453,3,5,1|2|3|4|5,1,0,raw,,0.01,,0.8310201044228658,0.16897989557713425
face_raw,4,88,P019,762,3,5,1|2|3|4|5,1,0,raw,,0.01,,0.7528536431916601,0.2471463568083399
face_raw,4,89,P019,893,4,5,1|2|3|4|5,0,0,raw,,0.01,,0.5944137396093089,0.4055862603906911
face_raw,4,115,P026,189,3,5,1|2|3|4|5,1,0,raw,,0.01,,0.6127929091453552,0.3872070908546448
face_raw,4,116,P026,258,1,5,1|2|3|4|5,0,0,raw,,0.01,,0.7096192836761475,0.29038071632385254
face_raw,4,117,P026,453,1,5,1|2|3|4|5,0,1,raw,,0.01,,0.30045217275619507,0.6995478272438049
face_raw,4,118,P026,762,4,5,1|2|3|4|5,0,0,raw,,0.01,,0.5465626120567322,0.4534373879432678
face_raw,4,119,P026,893,5,5,1|2|3|4|5,0,1,raw,,0.01,,0.4493393301963806,0.5506606698036194
face_trial_delta,4,35,P008,189,3,5,1|2|3|4|5,1,0,trial_delta,,0.01,,0.641686201095581,0.35831379890441895
face_trial_delta,4,36,P008,258,1,5,1|2|3|4|5,0,1,trial_delta,,0.01,,0.3922937512397766,0.6077062487602234
face_trial_delta,4,37,P008,453,2,5,1|2|3|4|5,0,1,trial_delta,,0.01,,0.08605247735977173,0.9139475226402283
face_trial_delta,4,38,P008,762,4,5,1|2|3|4|5,0,0,trial_delta,,0.01,,0.5229058109847959,0.47709418901520406
face_trial_delta,4,39,P008,893,4,5,1|2|3|4|5,0,1,trial_delta,,0.01,,0.07205212116241455,0.9279478788375854
face_trial_delta,4,45,P010,189,2,5,1|2|3|4|5,0,1,trial_delta,,0.01,,0.4956173300743103,0.5043826699256897
face_trial_delta,4,46,P010,258,1,5,1|2|3|4|5,0,0,trial_delta,,0.01,,0.6844317709078857,0.3155682290921143
face_trial_delta,4,47,P010,453,2,5,1|2|3|4|5,0,0,trial_delta,,0.01,,0.7782669779400078,0.2217330220599923
face_trial_delta,4,48,P010,762,3,5,1|2|3|4|5,1,0,trial_delta,,0.01,,0.5435762243397169,0.4564237756602831
face_trial_delta,4,49,P010,893,4,5,1|2|3|4|5,0,0,trial_delta,,0.01,,0.7439158933187755,0.2560841066812245
face_trial_delta,4,80,P018,189,3,5,1|2|3|4|5,1,1,trial_delta,,0.01,,0.08277028799057007,0.9172297120094299
face_trial_delta,4,81,P018,258,1,5,1|2|3|4|5,0,1,trial_delta,,0.01,,0.10828322172164917,0.8917167782783508
face_trial_delta,4,82,P018,453,3,5,1|2|3|4|5,1,1,trial_delta,,0.01,,0.12785428762435913,0.8721457123756409
face_trial_delta,4,83,P018,762,4,5,1|2|3|4|5,0,1,trial_delta,,0.01,,0.2267242670059204,0.7732757329940796
face_trial_delta,4,84,P018,893,4,5,1|2|3|4|5,0,1,trial_delta,,0.01,,0.35440003871917725,0.6455999612808228
face_trial_delta,4,85,P019,189,4,5,1|2|3|4|5,0,0,trial_delta,,0.01,,0.8182856088365796,0.18171439116342042
face_trial_delta,4,86,P019,258,1,5,1|2|3|4|5,0,0,trial_delta,,0.01,,0.8161407465892808,0.18385925341071924
face_trial_delta,4,87,P019,453,3,5,1|2|3|4|5,1,0,trial_delta,,0.01,,0.8552478806748355,0.14475211932516455
face_trial_delta,4,88,P019,762,3,5,1|2|3|4|5,1,0,trial_delta,,0.01,,0.7792389872783574,0.22076101272164267
face_trial_delta,4,89,P019,893,4,5,1|2|3|4|5,0,0,trial_delta,,0.01,,0.7004899978637695,0.29951000213623047
face_trial_delta,4,115,P026,189,3,5,1|2|3|4|5,1,0,trial_delta,,0.01,,0.620485246181488,0.37951475381851196
face_trial_delta,4,116,P026,258,1,5,1|2|3|4|5,0,0,trial_delta,,0.01,,0.6964995265007019,0.3035004734992981
face_trial_delta,4,117,P026,453,1,5,1|2|3|4|5,0,1,trial_delta,,0.01,,0.2785945534706116,0.7214054465293884
face_trial_delta,4,118,P026,762,4,5,1|2|3|4|5,0,0,trial_delta,,0.01,,0.6604596376419067,0.33954036235809326
face_trial_delta,4,119,P026,893,5,5,1|2|3|4|5,0,1,trial_delta,,0.01,,0.38068246841430664,0.6193175315856934
face_water_delta,4,35,P008,189,3,5,1|2|3|4|5,1,0,water_delta,,10.0,,0.9961433104513944,0.0038566895486056322
face_water_delta,4,36,P008,258,1,5,1|2|3|4|5,0,1,water_delta,,10.0,,0.08103001117706299,0.918969988822937
face_water_delta,4,37,P008,453,2,5,1|2|3|4|5,0,1,water_delta,,10.0,,0.010825514793395996,0.989174485206604
face_water_delta,4,38,P008,762,4,5,1|2|3|4|5,0,0,water_delta,,10.0,,0.8017437219100081,0.19825627808999186
face_water_delta,4,39,P008,893,4,5,1|2|3|4|5,0,1,water_delta,,10.0,,0.008674204349517822,0.9913257956504822
face_water_delta,4,45,P010,189,2,5,1|2|3|4|5,0,0,water_delta,,10.0,,0.9991863597348488,0.000813640265151238
face_water_delta,4,46,P010,258,1,5,1|2|3|4|5,0,0,water_delta,,10.0,,0.6143185083364996,0.3856814916635004
face_water_delta,4,47,P010,453,2,5,1|2|3|4|5,0,0,water_delta,,10.0,,0.9912294634666726,0.008770536533327366
face_water_delta,4,48,P010,762,3,5,1|2|3|4|5,1,0,water_delta,,10.0,,0.9773042634208903,0.022695736579109674
face_water_delta,4,49,P010,893,4,5,1|2|3|4|5,0,1,water_delta,,10.0,,0.1062161922454834,0.8937838077545166
face_water_delta,4,80,P018,189,3,5,1|2|3|4|5,1,1,water_delta,,10.0,,0.0,1.0
face_water_delta,4,81,P018,258,1,5,1|2|3|4|5,0,1,water_delta,,10.0,,1.800060272216797e-05,0.9999819993972778
face_water_delta,4,82,P018,453,3,5,1|2|3|4|5,1,1,water_delta,,10.0,,0.0966002345085144,0.9033997654914856
face_water_delta,4,83,P018,762,4,5,1|2|3|4|5,0,1,water_delta,,10.0,,0.25220364332199097,0.747796356678009
face_water_delta,4,84,P018,893,4,5,1|2|3|4|5,0,1,water_delta,,10.0,,0.026162922382354736,0.9738370776176453
face_water_delta,4,85,P019,189,4,5,1|2|3|4|5,0,0,water_delta,,10.0,,0.9999716133865714,2.838661342864678e-05
face_water_delta,4,86,P019,258,1,5,1|2|3|4|5,0,0,water_delta,,10.0,,0.9645234274527175,0.03547657254728248
face_water_delta,4,87,P019,453,3,5,1|2|3|4|5,1,0,water_delta,,10.0,,0.9998469887950917,0.00015301120490827184
face_water_delta,4,88,P019,762,3,5,1|2|3|4|5,1,0,water_delta,,10.0,,0.7792346709738573,0.22076532902614263
face_water_delta,4,89,P019,893,4,5,1|2|3|4|5,0,0,water_delta,,10.0,,0.998930188042075,0.0010698119579249693
face_water_delta,4,115,P026,189,3,5,1|2|3|4|5,1,1,water_delta,,10.0,,0.3982993960380554,0.6017006039619446
face_water_delta,4,116,P026,258,1,5,1|2|3|4|5,0,0,water_delta,,10.0,,0.9969714682682942,0.003028531731705834
face_water_delta,4,117,P026,453,1,5,1|2|3|4|5,0,1,water_delta,,10.0,,0.08545362949371338,0.9145463705062866
face_water_delta,4,118,P026,762,4,5,1|2|3|4|5,0,0,water_delta,,10.0,,0.9086543985355973,0.09134560146440268
face_water_delta,4,119,P026,893,5,5,1|2|3|4|5,0,1,water_delta,,10.0,,2.384185791015625e-07,0.9999997615814209
fusion_raw,4,35,P008,189,3,5,1|2|3|4|5,1,1,raw,0.1,0.001,0.1,0.38981575677486563,0.6101842432251343
fusion_raw,4,36,P008,258,1,5,1|2|3|4|5,0,0,raw,0.1,0.001,0.1,0.7231414246067185,0.2768585753932815
fusion_raw,4,37,P008,453,2,5,1|2|3|4|5,0,0,raw,0.1,0.001,0.1,0.5378174296854383,0.46218257031456167
fusion_raw,4,38,P008,762,4,5,1|2|3|4|5,0,1,raw,0.1,0.001,0.1,0.3854117884895788,0.6145882115104212
fusion_raw,4,39,P008,893,4,5,1|2|3|4|5,0,1,raw,0.1,0.001,0.1,0.49745666306995945,0.5025433369300406
fusion_raw,4,45,P010,189,2,5,1|2|3|4|5,0,1,raw,0.1,0.001,0.1,0.39747533958649334,0.6025246604135067
fusion_raw,4,46,P010,258,1,5,1|2|3|4|5,0,0,raw,0.1,0.001,0.1,0.7298245330441251,0.2701754669558749
fusion_raw,4,47,P010,453,2,5,1|2|3|4|5,0,0,raw,0.1,0.001,0.1,0.5598783022024258,0.4401216977975741
fusion_raw,4,48,P010,762,3,5,1|2|3|4|5,1,1,raw,0.1,0.001,0.1,0.39762740251150736,0.6023725974884927
fusion_raw,4,49,P010,893,4,5,1|2|3|4|5,0,0,raw,0.1,0.001,0.1,0.5291171550843049,0.47088284491569504
fusion_raw,4,80,P018,189,3,5,1|2|3|4|5,1,1,raw,0.1,0.001,0.1,0.3677105468623872,0.6322894531376128
fusion_raw,4,81,P018,258,1,5,1|2|3|4|5,0,0,raw,0.1,0.001,0.1,0.706830724912229,0.293169275087771
fusion_raw,4,82,P018,453,3,5,1|2|3|4|5,1,0,raw,0.1,0.001,0.1,0.5400705701987368,0.4599294298012631
fusion_raw,4,83,P018,762,4,5,1|2|3|4|5,0,1,raw,0.1,0.001,0.1,0.38045144441133194,0.6195485555886681
fusion_raw,4,84,P018,893,4,5,1|2|3|4|5,0,0,raw,0.1,0.001,0.1,0.503322540419187,0.496677459580813
fusion_raw,4,85,P019,189,4,5,1|2|3|4|5,0,1,raw,0.1,0.001,0.1,0.40270829552645143,0.5972917044735486
fusion_raw,4,86,P019,258,1,5,1|2|3|4|5,0,0,raw,0.1,0.001,0.1,0.7355348257918304,0.2644651742081697
fusion_raw,4,87,P019,453,3,5,1|2|3|4|5,1,0,raw,0.1,0.001,0.1,0.5704195983914037,0.42958040160859645
fusion_raw,4,88,P019,762,3,5,1|2|3|4|5,1,1,raw,0.1,0.001,0.1,0.40283204542469997,0.5971679545753
fusion_raw,4,89,P019,893,4,5,1|2|3|4|5,0,0,raw,0.1,0.001,0.1,0.5243369923843751,0.4756630076156249
fusion_raw,4,115,P026,189,3,5,1|2|3|4|5,1,1,raw,0.1,0.001,0.1,0.39476608430786236,0.6052339156921376
fusion_raw,4,116,P026,258,1,5,1|2|3|4|5,0,0,raw,0.1,0.001,0.1,0.7293394432882186,0.2706605567117814
fusion_raw,4,117,P026,453,1,5,1|2|3|4|5,0,0,raw,0.1,0.001,0.1,0.549103208003376,0.4508967919966241
fusion_raw,4,118,P026,762,4,5,1|2|3|4|5,0,1,raw,0.1,0.001,0.1,0.3882687018548063,0.6117312981451938
fusion_raw,4,119,P026,893,5,5,1|2|3|4|5,0,0,raw,0.1,0.001,0.1,0.5155615536263766,0.48443844637362343
fusion_trial_delta,4,35,P008,189,3,5,1|2|3|4|5,1,1,trial_delta,0.1,0.001,0.25,0.4211811910967227,0.5788188089032774
fusion_trial_delta,4,36,P008,258,1,5,1|2|3|4|5,0,0,trial_delta,0.1,0.001,0.25,0.6829953443431908,0.31700465565680924
fusion_trial_delta,4,37,P008,453,2,5,1|2|3|4|5,0,1,trial_delta,0.1,0.001,0.25,0.49154022110646384,0.5084597788935361
fusion_trial_delta,4,38,P008,762,4,5,1|2|3|4|5,0,1,trial_delta,0.1,0.001,0.25,0.3896203828664918,0.6103796171335082
fusion_trial_delta,4,39,P008,893,4,5,1|2|3|4|5,0,1,trial_delta,0.1,0.001,0.25,0.4472238871717704,0.5527761128282296
fusion_trial_delta,4,45,P010,189,2,5,1|2|3|4|5,0,1,trial_delta,0.1,0.001,0.25,0.41476004764288765,0.5852399523571123
fusion_trial_delta,4,46,P010,258,1,5,1|2|3|4|5,0,0,trial_delta,0.1,0.001,0.25,0.7113666158210863,0.2886333841789137
fusion_trial_delta,4,47,P010,453,2,5,1|2|3|4|5,0,0,trial_delta,0.1,0.001,0.25,0.5723301665960681,0.42766983340393205
fusion_trial_delta,4,48,P010,762,3,5,1|2|3|4|5,1,1,trial_delta,0.1,0.001,0.25,0.42712918306800873,0.5728708169319912
fusion_trial_delta,4,49,P010,893,4,5,1|2|3|4|5,0,0,trial_delta,0.1,0.001,0.25,0.5684455256609071,0.4315544743390929
fusion_trial_delta,4,80,P018,189,3,5,1|2|3|4|5,1,1,trial_delta,0.1,0.001,0.25,0.3561913094989397,0.6438086905010603
fusion_trial_delta,4,81,P018,258,1,5,1|2|3|4|5,0,0,trial_delta,0.1,0.001,0.25,0.6290056308679254,0.37099436913207473
fusion_trial_delta,4,82,P018,453,3,5,1|2|3|4|5,1,0,trial_delta,0.1,0.001,0.25,0.5226965703563465,0.4773034296436535
fusion_trial_delta,4,83,P018,762,4,5,1|2|3|4|5,0,1,trial_delta,0.1,0.001,0.25,0.4101787860132577,0.5898212139867423
fusion_trial_delta,4,84,P018,893,4,5,1|2|3|4|5,0,1,trial_delta,0.1,0.001,0.25,0.486826771469461,0.5131732285305389
fusion_trial_delta,4,85,P019,189,4,5,1|2|3|4|5,0,1,trial_delta,0.1,0.001,0.25,0.43479449408990556,0.5652055059100943
fusion_trial_delta,4,86,P019,258,1,5,1|2|3|4|5,0,0,trial_delta,0.1,0.001,0.25,0.7210369468769404,0.27896305312305947
fusion_trial_delta,4,87,P019,453,3,5,1|2|3|4|5,1,0,trial_delta,0.1,0.001,0.25,0.5887570713295863,0.4112429286704136
fusion_trial_delta,4,88,P019,762,3,5,1|2|3|4|5,1,1,trial_delta,0.1,0.001,0.25,0.4485769484071699,0.55142305159283
fusion_trial_delta,4,89,P019,893,4,5,1|2|3|4|5,0,0,trial_delta,0.1,0.001,0.25,0.5387626031872884,0.46123739681271164
fusion_trial_delta,4,115,P026,189,3,5,1|2|3|4|5,1,1,trial_delta,0.1,0.001,0.25,0.4230292756013107,0.5769707243986893
fusion_trial_delta,4,116,P026,258,1,5,1|2|3|4|5,0,0,trial_delta,0.1,0.001,0.25,0.7011395517222351,0.2988604482777649
fusion_trial_delta,4,117,P026,453,1,5,1|2|3|4|5,0,0,trial_delta,0.1,0.001,0.25,0.530921864896843,0.469078135103157
fusion_trial_delta,4,118,P026,762,4,5,1|2|3|4|5,0,1,trial_delta,0.1,0.001,0.25,0.4099478282585325,0.5900521717414674
fusion_trial_delta,4,119,P026,893,5,5,1|2|3|4|5,0,1,trial_delta,0.1,0.001,0.25,0.4987946758035814,0.5012053241964186
fusion_water_delta,4,35,P008,189,3,5,1|2|3|4|5,1,1,water_delta,10.0,0.01,0.1,0.3806312851184996,0.6193687148815005
fusion_water_delta,4,36,P008,258,1,5,1|2|3|4|5,0,0,water_delta,10.0,0.01,0.1,0.8049931379177835,0.19500686208221646
fusion_water_delta,4,37,P008,453,2,5,1|2|3|4|5,0,0,water_delta,10.0,0.01,0.1,0.5542872700822833,0.4457127299177167
fusion_water_delta,4,38,P008,762,4,5,1|2|3|4|5,0,1,water_delta,10.0,0.01,0.1,0.3816235788480609,0.6183764211519391
fusion_water_delta,4,39,P008,893,4,5,1|2|3|4|5,0,1,water_delta,10.0,0.01,0.1,0.49627932649707646,0.5037206735029236
fusion_water_delta,4,45,P010,189,2,5,1|2|3|4|5,0,1,water_delta,10.0,0.01,0.1,0.38524358276854853,0.6147564172314514
fusion_water_delta,4,46,P010,258,1,5,1|2|3|4|5,0,0,water_delta,10.0,0.01,0.1,0.813462930639541,0.18653706936045897
fusion_water_delta,4,47,P010,453,2,5,1|2|3|4|5,0,0,water_delta,10.0,0.01,0.1,0.5844405971079981,0.415559402892002
fusion_water_delta,4,48,P010,762,3,5,1|2|3|4|5,1,1,water_delta,10.0,0.01,0.1,0.37003845660237045,0.6299615433976294
fusion_water_delta,4,49,P010,893,4,5,1|2|3|4|5,0,0,water_delta,10.0,0.01,0.1,0.5162441275462484,0.4837558724537515
fusion_water_delta,4,80,P018,189,3,5,1|2|3|4|5,1,1,water_delta,10.0,0.01,0.1,0.3164929783661441,0.6835070216338559
fusion_water_delta,4,81,P018,258,1,5,1|2|3|4|5,0,0,water_delta,10.0,0.01,0.1,0.7909391654673843,0.2090608345326157
fusion_water_delta,4,82,P018,453,3,5,1|2|3|4|5,1,0,water_delta,10.0,0.01,0.1,0.567494700082718,0.432505299917282
fusion_water_delta,4,83,P018,762,4,5,1|2|3|4|5,0,1,water_delta,10.0,0.01,0.1,0.3633577959344775,0.6366422040655226
fusion_water_delta,4,84,P018,893,4,5,1|2|3|4|5,0,0,water_delta,10.0,0.01,0.1,0.5170417604809086,0.48295823951909145
fusion_water_delta,4,85,P019,189,4,5,1|2|3|4|5,0,1,water_delta,10.0,0.01,0.1,0.41164745878527176,0.5883525412147282
fusion_water_delta,4,86,P019,258,1,5,1|2|3|4|5,0,0,water_delta,10.0,0.01,0.1,0.8306828587815891,0.1693171412184109
fusion_water_delta,4,87,P019,453,3,5,1|2|3|4|5,1,0,water_delta,10.0,0.01,0.1,0.6189365684281086,0.3810634315718914
fusion_water_delta,4,88,P019,762,3,5,1|2|3|4|5,1,1,water_delta,10.0,0.01,0.1,0.37409240181073966,0.6259075981892602
fusion_water_delta,4,89,P019,893,4,5,1|2|3|4|5,0,0,water_delta,10.0,0.01,0.1,0.5671726605628586,0.4328273394371413
fusion_water_delta,4,115,P026,189,3,5,1|2|3|4|5,1,1,water_delta,10.0,0.01,0.1,0.3475119434518203,0.6524880565481797
fusion_water_delta,4,116,P026,258,1,5,1|2|3|4|5,0,0,water_delta,10.0,0.01,0.1,0.8161924459837985,0.18380755401620152
fusion_water_delta,4,117,P026,453,1,5,1|2|3|4|5,0,0,water_delta,10.0,0.01,0.1,0.5539789479559171,0.44602105204408293
fusion_water_delta,4,118,P026,762,4,5,1|2|3|4|5,0,1,water_delta,10.0,0.01,0.1,0.3575260610125722,0.6424739389874279
fusion_water_delta,4,119,P026,893,5,5,1|2|3|4|5,0,1,water_delta,10.0,0.01,0.1,0.49456635961358736,0.5054336403864127
code_only,5,5,P002,189,4,5,1|2|3|4|5,0,1,,0.1,,,0.33288419246673584,0.6671158075332642
code_only,5,6,P002,258,1,5,1|2|3|4|5,0,0,,0.1,,,0.7398259860225316,0.2601740139774684
code_only,5,7,P002,453,2,5,1|2|3|4|5,0,0,,0.1,,,0.547611653804779,0.45238834619522095
code_only,5,8,P002,762,4,5,1|2|3|4|5,0,1,,0.1,,,0.363294780254364,0.636705219745636
code_only,5,9,P002,893,3,5,1|2|3|4|5,1,0,,0.1,,,0.6387409973519743,0.3612590026480257
code_only,5,40,P009,189,3,5,1|2|3|4|5,1,1,,0.1,,,0.33288419246673584,0.6671158075332642
code_only,5,41,P009,258,1,5,1|2|3|4|5,0,0,,0.1,,,0.7398259860225316,0.2601740139774684
code_only,5,42,P009,453,2,5,1|2|3|4|5,0,0,,0.1,,,0.547611653804779,0.45238834619522095
code_only,5,43,P009,762,4,5,1|2|3|4|5,0,1,,0.1,,,0.363294780254364,0.636705219745636
code_only,5,44,P009,893,5,5,1|2|3|4|5,0,0,,0.1,,,0.6387409973519743,0.3612590026480257
code_only,5,110,P025,189,3,5,1|2|3|4|5,1,1,,0.1,,,0.33288419246673584,0.6671158075332642
code_only,5,111,P025,258,1,5,1|2|3|4|5,0,0,,0.1,,,0.7398259860225316,0.2601740139774684
code_only,5,112,P025,453,1,5,1|2|3|4|5,0,0,,0.1,,,0.547611653804779,0.45238834619522095
code_only,5,113,P025,762,3,5,1|2|3|4|5,1,1,,0.1,,,0.363294780254364,0.636705219745636
code_only,5,114,P025,893,4,5,1|2|3|4|5,0,0,,0.1,,,0.6387409973519743,0.3612590026480257
code_only,5,125,P028,189,2,5,1|2|3|4|5,0,1,,0.1,,,0.33288419246673584,0.6671158075332642
code_only,5,126,P028,258,1,5,1|2|3|4|5,0,0,,0.1,,,0.7398259860225316,0.2601740139774684
code_only,5,127,P028,453,3,5,1|2|3|4|5,1,0,,0.1,,,0.547611653804779,0.45238834619522095
code_only,5,128,P028,762,3,5,1|2|3|4|5,1,1,,0.1,,,0.363294780254364,0.636705219745636
code_only,5,129,P028,893,3,5,1|2|3|4|5,1,0,,0.1,,,0.6387409973519743,0.3612590026480257
code_only,5,130,P029,189,4,5,1|2|3|4|5,0,1,,0.1,,,0.33288419246673584,0.6671158075332642
code_only,5,131,P029,258,1,5,1|2|3|4|5,0,0,,0.1,,,0.7398259860225316,0.2601740139774684
code_only,5,132,P029,453,3,5,1|2|3|4|5,1,0,,0.1,,,0.547611653804779,0.45238834619522095
code_only,5,133,P029,762,4,5,1|2|3|4|5,0,1,,0.1,,,0.363294780254364,0.636705219745636
code_only,5,134,P029,893,3,5,1|2|3|4|5,1,0,,0.1,,,0.6387409973519743,0.3612590026480257
face_raw,5,5,P002,189,4,5,1|2|3|4|5,0,0,raw,,0.001,,0.622550368309021,0.377449631690979
face_raw,5,6,P002,258,1,5,1|2|3|4|5,0,0,raw,,0.001,,0.5508589908736643,0.44914100912633564
face_raw,5,7,P002,453,2,5,1|2|3|4|5,0,0,raw,,0.001,,0.5657656024168253,0.4342343975831748
face_raw,5,8,P002,762,4,5,1|2|3|4|5,0,0,raw,,0.001,,0.5263812698835513,0.4736187301164487
face_raw,5,9,P002,893,3,5,1|2|3|4|5,1,0,raw,,0.001,,0.5639081001281738,0.43609189987182617
face_raw,5,40,P009,189,3,5,1|2|3|4|5,1,0,raw,,0.001,,0.7663109188331527,0.23368908116684733
face_raw,5,41,P009,258,1,5,1|2|3|4|5,0,0,raw,,0.001,,0.6279807686805725,0.3720192313194275
face_raw,5,42,P009,453,2,5,1|2|3|4|5,0,0,raw,,0.001,,0.6775853633880615,0.3224146366119385
face_raw,5,43,P009,762,4,5,1|2|3|4|5,0,0,raw,,0.001,,0.6885333266417184,0.31146667335828165
face_raw,5,44,P009,893,5,5,1|2|3|4|5,0,0,raw,,0.001,,0.6732551060096951,0.3267448939903049
face_raw,5,110,P025,189,3,5,1|2|3|4|5,1,0,raw,,0.001,,0.5209932327270508,0.4790067672729492
face_raw,5,111,P025,258,1,5,1|2|3|4|5,0,0,raw,,0.001,,0.5416451854004021,0.45835481459959787
face_raw,5,112,P025,453,1,5,1|2|3|4|5,0,0,raw,,0.001,,0.5660607983488083,0.43393920165119176
face_raw,5,113,P025,762,3,5,1|2|3|4|5,1,0,raw,,0.001,,0.5535253121398296,0.44647468786017036
face_raw,5,114,P025,893,4,5,1|2|3|4|5,0,0,raw,,0.001,,0.5631909538266348,0.4368090461733653
face_raw,5,125,P028,189,2,5,1|2|3|4|5,0,0,raw,,0.001,,0.5405196112549189,0.45948038874508107
face_raw,5,126,P028,258,1,5,1|2|3|4|5,0,0,raw,,0.001,,0.5044182538986206,0.4955817461013794
face_raw,5,127,P028,453,3,5,1|2|3|4|5,1,0,raw,,0.001,,0.5440633893013,0.45593661069869995
face_raw,5,128,P028,762,3,5,1|2|3|4|5,1,0,raw,,0.001,,0.5638468097494004,0.4361531902505997
face_raw,5,129,P028,893,3,5,1|2|3|4|5,1,1,raw,,0.001,,0.44747352600097656,0.5525264739990234
face_raw,5,130,P029,189,4,5,1|2|3|4|5,0,0,raw,,0.001,,0.5613765716552734,0.43862342834472656
face_raw,5,131,P029,258,1,5,1|2|3|4|5,0,1,raw,,0.001,,0.4282366633415222,0.5717633366584778
face_raw,5,132,P029,453,3,5,1|2|3|4|5,1,1,raw,,0.001,,0.4634527564048767,0.5365472435951233
face_raw,5,133,P029,762,4,5,1|2|3|4|5,0,1,raw,,0.001,,0.4591211676597595,0.5408788323402405
face_raw,5,134,P029,893,3,5,1|2|3|4|5,1,0,raw,,0.001,,0.6154597814244097,0.3845402185755903
face_trial_delta,5,5,P002,189,4,5,1|2|3|4|5,0,0,trial_delta,,0.01,,0.8615284690488647,0.13847153095113532
face_trial_delta,5,6,P002,258,1,5,1|2|3|4|5,0,0,trial_delta,,0.01,,0.7088340520858765,0.29116594791412354
face_trial_delta,5,7,P002,453,2,5,1|2|3|4|5,0,0,trial_delta,,0.01,,0.8119073985232801,0.18809260147671997
face_trial_delta,5,8,P002,762,4,5,1|2|3|4|5,0,0,trial_delta,,0.01,,0.6169460003657937,0.3830539996342063
face_trial_delta,5,9,P002,893,3,5,1|2|3|4|5,1,0,trial_delta,,0.01,,0.6496685549715592,0.3503314450284408
face_trial_delta,5,40,P009,189,3,5,1|2|3|4|5,1,0,trial_delta,,0.01,,0.8867871563109646,0.11321284368903539
face_trial_delta,5,41,P009,258,1,5,1|2|3|4|5,0,0,trial_delta,,0.01,,0.6525037884712219,0.3474962115287781
face_trial_delta,5,42,P009,453,2,5,1|2|3|4|5,0,0,trial_delta,,0.01,,0.7753563042783187,0.22464369572168136
face_trial_delta,5,43,P009,762,4,5,1|2|3|4|5,0,0,trial_delta,,0.01,,0.8351793885231018,0.1648206114768982
face_trial_delta,5,44,P009,893,5,5,1|2|3|4|5,0,0,trial_delta,,0.01,,0.850488007068634,0.14951199293136597
face_trial_delta,5,110,P025,189,3,5,1|2|3|4|5,1,0,trial_delta,,0.01,,0.6312681624671269,0.3687318375328731
face_trial_delta,5,111,P025,258,1,5,1|2|3|4|5,0,0,trial_delta,,0.01,,0.7267522811889648,0.27324771881103516
face_trial_delta,5,112,P025,453,1,5,1|2|3|4|5,0,0,trial_delta,,0.01,,0.6746246613673966,0.3253753386326033
face_trial_delta,5,113,P025,762,3,5,1|2|3|4|5,1,0,trial_delta,,0.01,,0.5734214186668396,0.4265785813331604
face_trial_delta,5,114,P025,893,4,5,1|2|3|4|5,0,0,trial_delta,,0.01,,0.6080393972408592,0.3919606027591408
face_trial_delta,5,125,P028,189,2,5,1|2|3|4|5,0,1,trial_delta,,0.01,,0.46837764978408813,0.5316223502159119
face_trial_delta,5,126,P028,258,1,5,1|2|3|4|5,0,1,trial_delta,,0.01,,0.32363080978393555,0.6763691902160645
face_trial_delta,5,127,P028,453,3,5,1|2|3|4|5,1,1,trial_delta,,0.01,,0.42991042137145996,0.57008957862854
face_trial_delta,5,128,P028,762,3,5,1|2|3|4|5,1,0,trial_delta,,0.01,,0.7030083150568103,0.2969916849431898
face_trial_delta,5,129,P028,893,3,5,1|2|3|4|5,1,1,trial_delta,,0.01,,0.2613410949707031,0.7386589050292969
face_trial_delta,5,130,P029,189,4,5,1|2|3|4|5,0,0,trial_delta,,0.01,,0.688800075983999,0.3111999240160011
face_trial_delta,5,131,P029,258,1,5,1|2|3|4|5,0,1,trial_delta,,0.01,,0.24092018604278564,0.7590798139572144
face_trial_delta,5,132,P029,453,3,5,1|2|3|4|5,1,1,trial_delta,,0.01,,0.36698418855667114,0.6330158114433289
face_trial_delta,5,133,P029,762,4,5,1|2|3|4|5,0,1,trial_delta,,0.01,,0.21569079160690308,0.7843092083930969
face_trial_delta,5,134,P029,893,3,5,1|2|3|4|5,1,0,trial_delta,,0.01,,0.7798167234713815,0.22018327652861844
face_water_delta,5,5,P002,189,4,5,1|2|3|4|5,0,0,water_delta,,0.001,,0.5721688270568848,0.42783117294311523
face_water_delta,5,6,P002,258,1,5,1|2|3|4|5,0,0,water_delta,,0.001,,0.5099266615531843,0.49007333844681567
face_water_delta,5,7,P002,453,2,5,1|2|3|4|5,0,0,water_delta,,0.001,,0.509145244683467,0.490854755316533
face_water_delta,5,8,P002,762,4,5,1|2|3|4|5,0,0,water_delta,,0.001,,0.5042157323424736,0.49578426765752637
face_water_delta,5,9,P002,893,3,5,1|2|3|4|5,1,0,water_delta,,0.001,,0.5585877895355225,0.44141221046447754
face_water_delta,5,40,P009,189,3,5,1|2|3|4|5,1,0,water_delta,,0.001,,0.6696637272834778,0.3303362727165222
face_water_delta,5,41,P009,258,1,5,1|2|3|4|5,0,0,water_delta,,0.001,,0.5515310599943679,0.44846894000563203
face_water_delta,5,42,P009,453,2,5,1|2|3|4|5,0,0,water_delta,,0.001,,0.5489265322685242,0.45107346773147583
face_water_delta,5,43,P009,762,4,5,1|2|3|4|5,0,0,water_delta,,0.001,,0.5351264476776123,0.4648735523223877
face_water_delta,5,44,P009,893,5,5,1|2|3|4|5,0,0,water_delta,,0.001,,0.5729355812072754,0.4270644187927246
face_water_delta,5,110,P025,189,3,5,1|2|3|4|5,1,1,water_delta,,0.001,,0.46325623989105225,0.5367437601089478
face_water_delta,5,111,P025,258,1,5,1|2|3|4|5,0,0,water_delta,,0.001,,0.5436570482356236,0.4563429517643764
face_water_delta,5,112,P025,453,1,5,1|2|3|4|5,0,0,water_delta,,0.001,,0.523270829818522,0.476729170181478
face_water_delta,5,113,P025,762,3,5,1|2|3|4|5,1,0,water_delta,,0.001,,0.5195233976698934,0.4804766023301066
face_water_delta,5,114,P025,893,4,5,1|2|3|4|5,0,0,water_delta,,0.001,,0.5460643768310547,0.4539356231689453
face_water_delta,5,125,P028,189,2,5,1|2|3|4|5,0,0,water_delta,,0.001,,0.5322666764259338,0.46773332357406616
face_water_delta,5,126,P028,258,1,5,1|2|3|4|5,0,0,water_delta,,0.001,,0.5288578867912292,0.47114211320877075
face_water_delta,5,127,P028,453,3,5,1|2|3|4|5,1,0,water_delta,,0.001,,0.5866855208073402,0.4133144791926599
face_water_delta,5,128,P028,762,3,5,1|2|3|4|5,1,0,water_delta,,0.001,,0.5474526286125183,0.4525473713874817
face_water_delta,5,129,P028,893,3,5,1|2|3|4|5,1,1,water_delta,,0.001,,0.4681144952774048,0.5318855047225952
face_water_delta,5,130,P029,189,4,5,1|2|3|4|5,0,0,water_delta,,0.001,,0.5935972332954407,0.4064027667045593
face_water_delta,5,131,P029,258,1,5,1|2|3|4|5,0,0,water_delta,,0.001,,0.5620667934417725,0.43793320655822754
face_water_delta,5,132,P029,453,3,5,1|2|3|4|5,1,0,water_delta,,0.001,,0.6157404000836492,0.38425959991635084
face_water_delta,5,133,P029,762,4,5,1|2|3|4|5,0,0,water_delta,,0.001,,0.5457172231162422,0.4542827768837578
face_water_delta,5,134,P029,893,3,5,1|2|3|4|5,1,0,water_delta,,0.001,,0.6135856096024993,0.3864143903975007
fusion_raw,5,5,P002,189,4,5,1|2|3|4|5,0,1,raw,0.1,0.1,0.1,0.41044571954596176,0.5895542804540382
fusion_raw,5,6,P002,258,1,5,1|2|3|4|5,0,0,raw,0.1,0.1,0.1,0.7782132911924559,0.22178670880754406
fusion_raw,5,7,P002,453,2,5,1|2|3|4|5,0,0,raw,0.1,0.1,0.1,0.5865439862736141,0.41345601372638574
fusion_raw,5,8,P002,762,4,5,1|2|3|4|5,0,1,raw,0.1,0.1,0.1,0.43835257872657873,0.5616474212734214
fusion_raw,5,9,P002,893,3,5,1|2|3|4|5,1,0,raw,0.1,0.1,0.1,0.7024245154546268,0.29757548454537314
fusion_raw,5,40,P009,189,3,5,1|2|3|4|5,1,1,raw,0.1,0.1,0.1,0.45246291507112885,0.5475370849288711
fusion_raw,5,41,P009,258,1,5,1|2|3|4|5,0,0,raw,0.1,0.1,0.1,0.7285677772181659,0.27143222278183404
fusion_raw,5,42,P009,453,2,5,1|2|3|4|5,0,0,raw,0.1,0.1,0.1,0.5906037963126347,0.40939620368736523
fusion_raw,5,43,P009,762,4,5,1|2|3|4|5,0,1,raw,0.1,0.1,0.1,0.44358460263867683,0.5564153973613232
fusion_raw,5,44,P009,893,5,5,1|2|3|4|5,0,0,raw,0.1,0.1,0.1,0.6893499820382502,0.31065001796174985
fusion_raw,5,110,P025,189,3,5,1|2|3|4|5,1,1,raw,0.1,0.1,0.1,0.38785202607113645,0.6121479739288636
fusion_raw,5,111,P025,258,1,5,1|2|3|4|5,0,0,raw,0.1,0.1,0.1,0.7757539408759377,0.22424605912406212
fusion_raw,5,112,P025,453,1,5,1|2|3|4|5,0,0,raw,0.1,0.1,0.1,0.5945563057940433,0.4054436942059567
fusion_raw,5,113,P025,762,3,5,1|2|3|4|5,1,1,raw,0.1,0.1,0.1,0.40027929139041046,0.5997207086095895
fusion_raw,5,114,P025,893,4,5,1|2|3|4|5,0,0,raw,0.1,0.1,0.1,0.6707457239621124,0.3292542760378876
fusion_raw,5,125,P028,189,2,5,1|2|3|4|5,0,1,raw,0.1,0.1,0.1,0.36510210288552275,0.6348978971144772
fusion_raw,5,126,P028,258,1,5,1|2|3|4|5,0,0,raw,0.1,0.1,0.1,0.6588544060042871,0.3411455939957129
fusion_raw,5,127,P028,453,3,5,1|2|3|4|5,1,0,raw,0.1,0.1,0.1,0.5136246644736364,0.4863753355263635
fusion_raw,5,128,P028,762,3,5,1|2|3|4|5,1,1,raw,0.1,0.1,0.1,0.43227305839270597,0.5677269416072941
fusion_raw,5,129,P028,893,3,5,1|2|3|4|5,1,0,raw,0.1,0.1,0.1,0.6169327872015146,0.3830672127984855
fusion_raw,5,130,P029,189,4,5,1|2|3|4|5,0,1,raw,0.1,0.1,0.1,0.37721407321002504,0.6227859267899749
fusion_raw,5,131,P029,258,1,5,1|2|3|4|5,0,0,raw,0.1,0.1,0.1,0.6209973857708994,0.3790026142291007
fusion_raw,5,132,P029,453,3,5,1|2|3|4|5,1,1,raw,0.1,0.1,0.1,0.486347836597626,0.513652163402374
fusion_raw,5,133,P029,762,4,5,1|2|3|4|5,0,1,raw,0.1,0.1,0.1,0.34021246620954265,0.6597875337904573
fusion_raw,5,134,P029,893,3,5,1|2|3|4|5,1,0,raw,0.1,0.1,0.1,0.6871858084841767,0.3128141915158233
fusion_trial_delta,5,5,P002,189,4,5,1|2|3|4|5,0,1,trial_delta,1.0,0.001,0.5,0.47090076705187733,0.5290992329481227
fusion_trial_delta,5,6,P002,258,1,5,1|2|3|4|5,0,0,trial_delta,1.0,0.001,0.5,0.7027787978006107,0.2972212021993893
fusion_trial_delta,5,7,P002,453,2,5,1|2|3|4|5,0,0,trial_delta,1.0,0.001,0.5,0.5817918613722703,0.41820813862772965
fusion_trial_delta,5,8,P002,762,4,5,1|2|3|4|5,0,1,trial_delta,1.0,0.001,0.5,0.41989348008125166,0.5801065199187483
fusion_trial_delta,5,9,P002,893,3,5,1|2|3|4|5,1,0,trial_delta,1.0,0.001,0.5,0.6093496072117398,0.39065039278826014
fusion_trial_delta,5,40,P009,189,3,5,1|2|3|4|5,1,0,trial_delta,1.0,0.001,0.5,0.5014258840385339,0.49857411596146606
fusion_trial_delta,5,41,P009,258,1,5,1|2|3|4|5,0,0,trial_delta,1.0,0.001,0.5,0.7162780036577692,0.2837219963422307
fusion_trial_delta,5,42,P009,453,2,5,1|2|3|4|5,0,0,trial_delta,1.0,0.001,0.5,0.6012658128565722,0.39873418714342773
fusion_trial_delta,5,43,P009,762,4,5,1|2|3|4|5,0,1,trial_delta,1.0,0.001,0.5,0.49862710804738447,0.5013728919526156
fusion_trial_delta,5,44,P009,893,5,5,1|2|3|4|5,0,0,trial_delta,1.0,0.001,0.5,0.6589072003974882,0.3410927996025119
fusion_trial_delta,5,110,P025,189,3,5,1|2|3|4|5,1,1,trial_delta,1.0,0.001,0.5,0.39679459769740455,0.6032054023025956
fusion_trial_delta,5,111,P025,258,1,5,1|2|3|4|5,0,0,trial_delta,1.0,0.001,0.5,0.6878966846243433,0.3121033153756566
fusion_trial_delta,5,112,P025,453,1,5,1|2|3|4|5,0,0,trial_delta,1.0,0.001,0.5,0.5559147319161069,0.44408526808389315
fusion_trial_delta,5,113,P025,762,3,5,1|2|3|4|5,1,1,trial_delta,1.0,0.001,0.5,0.4240760525159378,0.5759239474840623
fusion_trial_delta,5,114,P025,893,4,5,1|2|3|4|5,0,0,trial_delta,1.0,0.001,0.5,0.5978373969076761,0.4021626030923239
fusion_trial_delta,5,125,P028,189,2,5,1|2|3|4|5,0,1,trial_delta,1.0,0.001,0.5,0.41260116436198485,0.5873988356380151
fusion_trial_delta,5,126,P028,258,1,5,1|2|3|4|5,0,0,trial_delta,1.0,0.001,0.5,0.6844646112370143,0.31553538876298565
fusion_trial_delta,5,127,P028,453,3,5,1|2|3|4|5,1,0,trial_delta,1.0,0.001,0.5,0.548031926680863,0.45196807331913696
fusion_trial_delta,5,128,P028,762,3,5,1|2|3|4|5,1,1,trial_delta,1.0,0.001,0.5,0.4579441312316564,0.5420558687683436
fusion_trial_delta,5,129,P028,893,3,5,1|2|3|4|5,1,0,trial_delta,1.0,0.001,0.5,0.5612644356699446,0.43873556433005545
fusion_trial_delta,5,130,P029,189,4,5,1|2|3|4|5,0,1,trial_delta,1.0,0.001,0.5,0.43323103127320844,0.5667689687267916
fusion_trial_delta,5,131,P029,258,1,5,1|2|3|4|5,0,0,trial_delta,1.0,0.001,0.5,0.6472212454385446,0.3527787545614554
fusion_trial_delta,5,132,P029,453,3,5,1|2|3|4|5,1,0,trial_delta,1.0,0.001,0.5,0.5162949429012101,0.4837050570987898
fusion_trial_delta,5,133,P029,762,4,5,1|2|3|4|5,0,1,trial_delta,1.0,0.001,0.5,0.3749512556067388,0.6250487443932612
fusion_trial_delta,5,134,P029,893,3,5,1|2|3|4|5,1,0,trial_delta,1.0,0.001,0.5,0.6401180017910694,0.3598819982089307
fusion_water_delta,5,5,P002,189,4,5,1|2|3|4|5,0,1,water_delta,10.0,0.1,0.1,0.2937121442152177,0.7062878557847824
fusion_water_delta,5,6,P002,258,1,5,1|2|3|4|5,0,0,water_delta,10.0,0.1,0.1,0.8075967736996205,0.1924032263003796
fusion_water_delta,5,7,P002,453,2,5,1|2|3|4|5,0,0,water_delta,10.0,0.1,0.1,0.5176775209206087,0.48232247907939124
fusion_water_delta,5,8,P002,762,4,5,1|2|3|4|5,0,1,water_delta,10.0,0.1,0.1,0.349278538169518,0.6507214618304821
fusion_water_delta,5,9,P002,893,3,5,1|2|3|4|5,1,0,water_delta,10.0,0.1,0.1,0.6647110385360501,0.3352889614639498
fusion_water_delta,5,40,P009,189,3,5,1|2|3|4|5,1,1,water_delta,10.0,0.1,0.1,0.42168590850787907,0.578314091492121
fusion_water_delta,5,41,P009,258,1,5,1|2|3|4|5,0,0,water_delta,10.0,0.1,0.1,0.8045669607259188,0.19543303927408112
fusion_water_delta,5,42,P009,453,2,5,1|2|3|4|5,0,0,water_delta,10.0,0.1,0.1,0.609214644015752,0.3907853559842479
fusion_water_delta,5,43,P009,762,4,5,1|2|3|4|5,0,1,water_delta,10.0,0.1,0.1,0.3482653746022134,0.6517346253977867
fusion_water_delta,5,44,P009,893,5,5,1|2|3|4|5,0,0,water_delta,10.0,0.1,0.1,0.7266918215249759,0.2733081784750241
fusion_water_delta,5,110,P025,189,3,5,1|2|3|4|5,1,1,water_delta,10.0,0.1,0.1,0.2809377831642405,0.7190622168357594
fusion_water_delta,5,111,P025,258,1,5,1|2|3|4|5,0,0,water_delta,10.0,0.1,0.1,0.7804031438118066,0.21959685618819347
fusion_water_delta,5,112,P025,453,1,5,1|2|3|4|5,0,0,water_delta,10.0,0.1,0.1,0.5173680582973069,0.4826319417026931
fusion_water_delta,5,113,P025,762,3,5,1|2|3|4|5,1,1,water_delta,10.0,0.1,0.1,0.3301399537930886,0.6698600462069115
fusion_water_delta,5,114,P025,893,4,5,1|2|3|4|5,0,0,water_delta,10.0,0.1,0.1,0.676749692189292,0.323250307810708
fusion_water_delta,5,125,P028,189,2,5,1|2|3|4|5,0,1,water_delta,10.0,0.1,0.1,0.28874062804176887,0.7112593719582311
fusion_water_delta,5,126,P028,258,1,5,1|2|3|4|5,0,0,water_delta,10.0,0.1,0.1,0.7917203277186587,0.20827967228134117
fusion_water_delta,5,127,P028,453,3,5,1|2|3|4|5,1,0,water_delta,10.0,0.1,0.1,0.6274695650413873,0.3725304349586127
fusion_water_delta,5,128,P028,762,3,5,1|2|3|4|5,1,1,water_delta,10.0,0.1,0.1,0.3405258306519163,0.6594741693480837
fusion_water_delta,5,129,P028,893,3,5,1|2|3|4|5,1,0,water_delta,10.0,0.1,0.1,0.6245311444772537,0.3754688555227463
fusion_water_delta,5,130,P029,189,4,5,1|2|3|4|5,0,1,water_delta,10.0,0.1,0.1,0.35415164227429624,0.6458483577257037
fusion_water_delta,5,131,P029,258,1,5,1|2|3|4|5,0,0,water_delta,10.0,0.1,0.1,0.7948758113390786,0.20512418866092147
fusion_water_delta,5,132,P029,453,3,5,1|2|3|4|5,1,0,water_delta,10.0,0.1,0.1,0.6047835636865014,0.3952164363134985
fusion_water_delta,5,133,P029,762,4,5,1|2|3|4|5,0,1,water_delta,10.0,0.1,0.1,0.3437058134341173,0.6562941865658826
fusion_water_delta,5,134,P029,893,3,5,1|2|3|4|5,1,0,water_delta,10.0,0.1,0.1,0.6661536347412709,0.3338463652587291
