fold,experiment,C,balanced_accuracy,macro_f1,negative_log_likelihood,code_C,face_C,alpha_face
1,code_only,0.001,0.5905572755417956,0.5870870870870871,0.691731411369999,,,
1,code_only,0.01,0.5905572755417956,0.5870870870870871,0.6817499780159034,,,
1,code_only,0.1,0.5673374613003096,0.5528455284552846,0.6774890024933939,,,
1,code_only,1.0,0.5673374613003096,0.5528455284552846,0.7059054483480552,,,
1,code_only,10.0,0.5673374613003096,0.5528455284552846,0.7403107905743677,,,
1,face_raw,0.001,0.4729102167182663,0.47115384615384615,0.6814758095522297,,,
1,face_raw,0.01,0.46478328173374617,0.46100449162923646,0.7727145335454998,,,
1,face_raw,0.1,0.4713622291021672,0.46695535622229095,1.1790050622009016,,,
1,face_raw,1.0,0.4713622291021672,0.46695535622229095,1.8599344014359378,,,
1,face_raw,10.0,0.4713622291021672,0.46695535622229095,8.933847353426716,,,
1,face_trial_delta,0.001,0.49109907120743035,0.48488718603661135,0.6759610398915255,,,
1,face_trial_delta,0.01,0.4860681114551083,0.48346263781135157,0.7392995604048774,,,
1,face_trial_delta,0.1,0.5058049535603715,0.5020528476681756,1.1270829483443445,,,
1,face_trial_delta,1.0,0.5058049535603715,0.5020528476681756,1.7898434618348047,,,
1,face_trial_delta,10.0,0.5073529411764706,0.5059207839934666,8.84787897516057,,,
1,face_water_delta,0.001,0.44272445820433437,0.43181818181818177,0.7240836759911304,,,
1,face_water_delta,0.01,0.4643962848297214,0.4639080459770115,0.8653814528145939,,,
1,face_water_delta,0.1,0.49226006191950467,0.4909292854498334,1.3455858985066953,,,
1,face_water_delta,1.0,0.49226006191950467,0.4909292854498334,2.1448510373076592,,,
1,face_water_delta,10.0,0.49226006191950467,0.4909292854498334,9.315862043028634,,,
1,fusion_raw,,0.5905572755417956,0.5870870870870871,0.691731411369999,0.001,0.001,0.0
1,fusion_raw,,0.5236068111455109,0.5238095238095238,0.6890811759009876,0.001,0.001,0.1
1,fusion_raw,,0.5139318885448917,0.5123208578203938,0.6857978169052873,0.001,0.001,0.25
1,fusion_raw,,0.4794891640866873,0.47730259832170663,0.6821535308165118,0.001,0.001,0.5
1,fusion_raw,,0.4729102167182663,0.47115384615384615,0.6807422804941732,0.001,0.001,0.75
1,fusion_raw,,0.4729102167182663,0.47115384615384615,0.6809317755561689,0.001,0.001,0.9
1,fusion_raw,,0.4729102167182663,0.47115384615384615,0.6814758095522297,0.001,0.001,1.0
1,fusion_raw,,0.5905572755417956,0.5870870870870871,0.691731411369999,0.001,0.01,0.0
1,fusion_raw,,0.5058049535603715,0.5020528476681756,0.6849854630948264,0.001,0.01,0.1
1,fusion_raw,,0.4713622291021672,0.46695535622229095,0.6821839892736133,0.001,0.01,0.25
1,fusion_raw,,0.4713622291021672,0.46695535622229095,0.695352754043043,0.001,0.01,0.5
1,fusion_raw,,0.46478328173374617,0.46100449162923646,0.7269911390322863,0.001,0.01,0.75
1,fusion_raw,,0.46478328173374617,0.46100449162923646,0.7529817987333677,0.001,0.01,0.9
1,fusion_raw,,0.46478328173374617,0.46100449162923646,0.7727145335454998,0.001,0.01,1.0
1,fusion_raw,,0.5905572755417956,0.5870870870870871,0.691731411369999,0.001,0.1,0.0
1,fusion_raw,,0.4779411764705882,0.47291666666666665,0.6825009134460782,0.001,0.1,0.1
1,fusion_raw,,0.4713622291021672,0.46695535622229095,0.706317314149436,0.001,0.1,0.25
1,fusion_raw,,0.4713622291021672,0.46695535622229095,0.8187516741059739,0.001,0.1,0.5
1,fusion_raw,,0.4713622291021672,0.46695535622229095,0.984446632844137,0.001,0.1,0.75
1,fusion_raw,,0.4713622291021672,0.46695535622229095,1.0986596133292903,0.001,0.1,0.9
1,fusion_raw,,0.4713622291021672,0.46695535622229095,1.1790050622009016,0.001,0.1,1.0
1,fusion_raw,,0.5905572755417956,0.5870870870870871,0.691731411369999,0.001,1.0,0.0
1,fusion_raw,,0.4713622291021672,0.46695535622229095,0.6895168180431395,0.001,1.0,0.1
1,fusion_raw,,0.4713622291021672,0.46695535622229095,0.786353175400359,0.001,1.0,0.25
1,fusion_raw,,0.4713622291021672,0.46695535622229095,1.0868252201410113,0.001,1.0,0.5
1,fusion_raw,,0.4713622291021672,0.46695535622229095,1.4586395738094668,0.001,1.0,0.75
1,fusion_raw,,0.4713622291021672,0.46695535622229095,1.6971218227866904,0.001,1.0,0.9
1,fusion_raw,,0.4713622291021672,0.46695535622229095,1.8599344014359378,0.001,1.0,1.0
1,fusion_raw,,0.5905572755417956,0.5870870870870871,0.691731411369999,0.001,10.0,0.0
1,fusion_raw,,0.4713622291021672,0.46695535622229095,1.3353727616411024,0.001,10.0,0.1
1,fusion_raw,,0.4713622291021672,0.46695535622229095,2.4873888826170556,0.001,10.0,0.25
1,fusion_raw,,0.4713622291021672,0.46695535622229095,4.580587651740973,0.001,10.0,0.5
1,fusion_raw,,0.4713622291021672,0.46695535622229095,6.744795522112944,0.001,10.0,0.75
1,fusion_raw,,0.4713622291021672,0.46695535622229095,8.056437873539855,0.001,10.0,0.9
1,fusion_raw,,0.4713622291021672,0.46695535622229095,8.933847353426716,0.001,10.0,1.0
1,fusion_raw,,0.5905572755417956,0.5870870870870871,0.6817499780159035,0.01,0.001,0.0
1,fusion_raw,,0.6052631578947368,0.6002236511042773,0.6798407401472343,0.01,0.001,0.1
1,fusion_raw,,0.5692724458204335,0.5664414414414415,0.6777750096302547,0.01,0.001,0.25
1,fusion_raw,,0.5301857585139319,0.5305210918114144,0.6764484454255508,0.01,0.001,0.5
1,fusion_raw,,0.5139318885448917,0.5123208578203938,0.677715210912383,0.01,0.001,0.75
1,fusion_raw,,0.4794891640866873,0.47730259832170663,0.6796802264260361,0.01,0.001,0.9
1,fusion_raw,,0.4729102167182663,0.47115384615384615,0.6814758095522297,0.01,0.001,1.0
1,fusion_raw,,0.5905572755417956,0.5870870870870871,0.6817499780159035,0.01,0.01,0.0
1,fusion_raw,,0.538312693498452,0.538581601794947,0.6755484869498264,0.01,0.01,0.1
1,fusion_raw,,0.5073529411764706,0.5059207839934666,0.6737544290487245,0.01,0.01,0.25
1,fusion_raw,,0.5058049535603715,0.5020528476681756,0.6891612134574101,0.01,0.01,0.5
1,fusion_raw,,0.4713622291021672,0.46695535622229095,0.7236656008155841,0.01,0.01,0.75
1,fusion_raw,,0.4713622291021672,0.46695535622229095,0.7516075036196685,0.01,0.01,0.9
1,fusion_raw,,0.46478328173374617,0.46100449162923646,0.7727145335454998,0.01,0.01,1.0
1,fusion_raw,,0.5905572755417956,0.5870870870870871,0.6817499780159035,0.01,0.1,0.0
1,fusion_raw,,0.5007739938080495,0.4995450409463148,0.672669623767187,0.01,0.1,0.1
1,fusion_raw,,0.4713622291021672,0.46695535622229095,0.6971034764606311,0.01,0.1,0.25
1,fusion_raw,,0.4779411764705882,0.47291666666666665,0.8117864609026034,0.01,0.1,0.5
1,fusion_raw,,0.4713622291021672,0.46695535622229095,0.9807405848604022,0.01,0.1,0.75
1,fusion_raw,,0.4713622291021672,0.46695535622229095,1.0971482773530106,0.01,0.1,0.9
1,fusion_raw,,0.4713622291021672,0.46695535622229095,1.1790050622009016,0.01,0.1,1.0
1,fusion_raw,,0.5905572755417956,0.5870870870870871,0.6817499780159035,0.01,1.0,0.0
1,fusion_raw,,0.48452012383900933,0.47889251500157914,0.6792150579358877,0.01,1.0,0.1
1,fusion_raw,,0.4713622291021672,0.46695535622229095,0.7763874650845645,0.01,1.0,0.25
1,fusion_raw,,0.4713622291021672,0.46695535622229095,1.0795328283582726,0.01,1.0,0.5
1,fusion_raw,,0.4713622291021672,0.46695535622229095,1.4549693840447622,0.01,1.0,0.75
1,fusion_raw,,0.4713622291021672,0.46695535622229095,1.6956699167611995,0.01,1.0,0.9
1,fusion_raw,,0.4713622291021672,0.46695535622229095,1.8599344014359378,0.01,1.0,1.0
1,fusion_raw,,0.5905572755417956,0.5870870870870871,0.6817499780159035,0.01,10.0,0.0
1,fusion_raw,,0.49264705882352944,0.48963810702134236,1.3246246351616533,0.01,10.0,0.1
1,fusion_raw,,0.48452012383900933,0.47889251500157914,2.4768137725692565,0.01,10.0,0.25
1,fusion_raw,,0.4713622291021672,0.46695535622229095,4.573223652839761,0.01,10.0,0.5
1,fusion_raw,,0.4713622291021672,0.46695535622229095,6.741214518720427,0.01,10.0,0.75
1,fusion_raw,,0.4713622291021672,0.46695535622229095,8.055035981411072,0.01,10.0,0.9
1,fusion_raw,,0.4713622291021672,0.46695535622229095,8.933847353426716,0.01,10.0,1.0
1,fusion_raw,,0.5673374613003096,0.5528455284552846,0.6774890024933939,0.1,0.001,0.0
1,fusion_raw,,0.5855263157894737,0.5778508771929824,0.6730014700642467,0.1,0.001,0.1
1,fusion_raw,,0.614938080495356,0.6027446731672084,0.6682360813776766,0.1,0.001,0.25
1,fusion_raw,,0.5692724458204335,0.5664414414414415,0.6657138486896383,0.1,0.001,0.5
1,fusion_raw,,0.5301857585139319,0.5305210918114144,0.6701279764647241,0.1,0.001,0.75
1,fusion_raw,,0.5139318885448917,0.5123208578203938,0.6761134845062204,0.1,0.001,0.9
1,fusion_raw,,0.4729102167182663,0.47115384615384615,0.6814758095522297,0.1,0.001,1.0
1,fusion_raw,,0.5673374613003096,0.5528455284552846,0.6774890024933939,0.1,0.01,0.0
1,fusion_raw,,0.608359133126935,0.5951162581919383,0.668083941148312,0.1,0.01,0.1
1,fusion_raw,,0.538312693498452,0.538581601794947,0.6628338042004556,0.1,0.01,0.25
1,fusion_raw,,0.5073529411764706,0.5059207839934666,0.6767494934963573,0.1,0.01,0.5
1,fusion_raw,,0.5058049535603715,0.5020528476681756,0.7151528925844299,0.1,0.01,0.75
1,fusion_raw,,0.4713622291021672,0.46695535622229095,0.7477135731526491,0.1,0.01,0.9
1,fusion_raw,,0.46478328173374617,0.46100449162923646,0.7727145335454998,0.1,0.01,1.0
1,fusion_raw,,0.5673374613003096,0.5528455284552846,0.6774890024933939,0.1,0.1,0.0
1,fusion_raw,,0.5971362229102167,0.5944796294545799,0.6637062313985632,0.1,0.1,0.1
1,fusion_raw,,0.5286377708978328,0.5283789301755818,0.6827011959154544,0.1,0.1,0.25
1,fusion_raw,,0.4713622291021672,0.46695535622229095,0.7956835952167312,0.1,0.1,0.5
1,fusion_raw,,0.4779411764705882,0.47291666666666665,0.9705337293180367,0.1,0.1,0.75
1,fusion_raw,,0.4779411764705882,0.47291666666666665,1.092716028763017,0.1,0.1,0.9
1,fusion_raw,,0.4713622291021672,0.46695535622229095,1.1790050622009016,0.1,0.1,1.0
1,fusion_raw,,0.5673374613003096,0.5528455284552846,0.6774890024933939,0.1,1.0,0.0
1,fusion_raw,,0.5661764705882353,0.5670995670995671,0.668098382520586,0.1,1.0,0.1
1,fusion_raw,,0.5058049535603715,0.5020528476681756,0.7577153149416168,0.1,1.0,0.25
1,fusion_raw,,0.4713622291021672,0.46695535622229095,1.0609056831644974,0.1,1.0,0.5
1,fusion_raw,,0.4713622291021672,0.46695535622229095,1.4444531240454108,0.1,1.0,0.75
1,fusion_raw,,0.4713622291021672,0.46695535622229095,1.6913399158270608,0.1,1.0,0.9
1,fusion_raw,,0.4713622291021672,0.46695535622229095,1.8599344014359378,0.1,1.0,1.0
1,fusion_raw,,0.5673374613003096,0.5528455284552846,0.6774890024933939,0.1,10.0,0.0
1,fusion_raw,,0.5367647058823529,0.5372596153846154,1.310960154745881,0.1,10.0,0.1
1,fusion_raw,,0.49922600619195046,0.49583333333333335,2.454388616203171,0.1,10.0,0.25
1,fusion_raw,,0.48452012383900933,0.47889251500157914,4.553467789185644,0.1,10.0,0.5
1,fusion_raw,,0.4713622291021672,0.46695535622229095,6.730782273804973,0.1,10.0,0.75
1,fusion_raw,,0.4713622291021672,0.46695535622229095,8.05083201718926,0.1,10.0,0.9
1,fusion_raw,,0.4713622291021672,0.46695535622229095,8.933847353426716,0.1,10.0,1.0
1,fusion_raw,,0.5673374613003096,0.5528455284552846,0.7059054483480552,1.0,0.001,0.0
1,fusion_raw,,0.5739164086687307,0.5603517186250999,0.695167237483573,1.0,0.001,0.1
1,fusion_raw,,0.5952012383900929,0.5798916422417622,0.6820008460979408,1.0,0.001,0.25
1,fusion_raw,,0.5789473684210527,0.5704295704295704,0.6687892740495898,1.0,0.001,0.5
1,fusion_raw,,0.5251547987616099,0.5249064209617046,0.668056312523788,1.0,0.001,0.75
1,fusion_raw,,0.5286377708978328,0.5283789301755818,0.6743293290612771,1.0,0.001,0.9
1,fusion_raw,,0.4729102167182663,0.47115384615384615,0.6814758095522297,1.0,0.001,1.0
1,fusion_raw,,0.5673374613003096,0.5528455284552846,0.7059054483480552,1.0,0.01,0.0
1,fusion_raw,,0.5936532507739938,0.5828819068255688,0.6899547646213765,1.0,0.01,0.1
1,fusion_raw,,0.5905572755417956,0.5870870870870871,0.6759953012083945,1.0,0.01,0.25
1,fusion_raw,,0.5367647058823529,0.5372596153846154,0.6793733987035918,1.0,0.01,0.5
1,fusion_raw,,0.5205108359133127,0.5187499999999999,0.7132372672208113,1.0,0.01,0.75
1,fusion_raw,,0.4779411764705882,0.47291666666666665,0.7461715376491893,1.0,0.01,0.9
1,fusion_raw,,0.46478328173374617,0.46100449162923646,0.7727145335454998,1.0,0.01,1.0
1,fusion_raw,,0.5673374613003096,0.5528455284552846,0.7059054483480552,1.0,0.1,0.0
1,fusion_raw,,0.6002321981424148,0.5904095904095904,0.6846387130291455,1.0,0.1,0.1
1,fusion_raw,,0.544891640866873,0.5454545454545454,0.6932924630064498,1.0,0.1,0.25
1,fusion_raw,,0.48452012383900933,0.47889251500157914,0.7949934686901604,1.0,0.1,0.5
1,fusion_raw,,0.4779411764705882,0.47291666666666665,0.9670797419064606,1.0,0.1,0.75
1,fusion_raw,,0.4779411764705882,0.47291666666666665,1.090796747847515,1.0,0.1,0.9
1,fusion_raw,,0.4713622291021672,0.46695535622229095,1.1790050622009016,1.0,0.1,1.0
1,fusion_raw,,0.5673374613003096,0.5528455284552846,0.7059054483480552,1.0,1.0,0.0
1,fusion_raw,,0.5890092879256965,0.5882522315001439,0.6874464603760244,1.0,1.0,0.1
1,fusion_raw,,0.5123839009287926,0.508301404853129,0.7642056728957792,1.0,1.0,0.25
1,fusion_raw,,0.46478328173374617,0.46100449162923646,1.0567139624861341,1.0,1.0,0.5
1,fusion_raw,,0.4713622291021672,0.46695535622229095,1.4404046599558205,1.0,1.0,0.75
1,fusion_raw,,0.4713622291021672,0.46695535622229095,1.6894727875933049,1.0,1.0,0.9
1,fusion_raw,,0.4713622291021672,0.46695535622229095,1.8599344014359378,1.0,1.0,1.0
1,fusion_raw,,0.5673374613003096,0.5528455284552846,0.7059054483480552,1.0,10.0,0.0
1,fusion_raw,,0.5514705882352942,0.5523573200992556,1.3282029509974047,1.0,10.0,0.1
1,fusion_raw,,0.5123839009287926,0.508301404853129,2.456729240228824,1.0,10.0,0.25
1,fusion_raw,,0.48452012383900933,0.47889251500157914,4.547647831987031,1.0,10.0,0.5
1,fusion_raw,,0.4713622291021672,0.46695535622229095,6.726796409140947,1.0,10.0,0.75
1,fusion_raw,,0.4713622291021672,0.46695535622229095,8.049114269156362,1.0,10.0,0.9
1,fusion_raw,,0.4713622291021672,0.46695535622229095,8.933847353426716,1.0,10.0,1.0
1,fusion_raw,,0.5673374613003096,0.5528455284552846,0.7403107905743678,10.0,0.001,0.0
1,fusion_raw,,0.5607585139318885,0.5453346231641896,0.7251535497092858,10.0,0.001,0.1
1,fusion_raw,,0.5886222910216719,0.5722870272180983,0.705339023209167,10.0,0.001,0.25
1,fusion_raw,,0.5789473684210527,0.5704295704295704,0.6812258843513046,10.0,0.001,0.5
1,fusion_raw,,0.5251547987616099,0.5249064209617046,0.6713016826423046,10.0,0.001,0.75
1,fusion_raw,,0.5220588235294118,0.5217874835709231,0.6745583648590927,10.0,0.001,0.9
1,fusion_raw,,0.4729102167182663,0.47115384615384615,0.6814758095522297,10.0,0.001,1.0
1,fusion_raw,,0.5673374613003096,0.5528455284552846,0.7403107905743678,10.0,0.01,0.0
1,fusion_raw,,0.6017801857585139,0.5874999999999999,0.7199165205210313,10.0,0.01,0.1
1,fusion_raw,,0.6052631578947368,0.6002236511042773,0.6993695641628219,10.0,0.01,0.25
1,fusion_raw,,0.543343653250774,0.5440299261955313,0.6922762800742344,10.0,0.01,0.5
1,fusion_raw,,0.5205108359133127,0.5187499999999999,0.7174094353146909,10.0,0.01,0.75
1,fusion_raw,,0.4779411764705882,0.47291666666666665,0.7470599539780524,10.0,0.01,0.9
1,fusion_raw,,0.46478328173374617,0.46100449162923646,0.7727145335454998,10.0,0.01,1.0
1,fusion_raw,,0.5673374613003096,0.5528455284552846,0.7403107905743678,10.0,0.1,0.0
1,fusion_raw,,0.6002321981424148,0.5904095904095904,0.7144414832669914,10.0,0.1,0.1
1,fusion_raw,,0.544891640866873,0.5454545454545454,0.7161303333275352,10.0,0.1,0.25
1,fusion_raw,,0.48452012383900933,0.47889251500157914,0.8065205291889552,10.0,0.1,0.5
1,fusion_raw,,0.4779411764705882,0.47291666666666665,0.9702091849631954,10.0,0.1,0.75
1,fusion_raw,,0.4779411764705882,0.47291666666666665,1.0915173559665146,10.0,0.1,0.9
1,fusion_raw,,0.4713622291021672,0.46695535622229095,1.1790050622009016,10.0,0.1,1.0
1,fusion_raw,,0.5673374613003096,0.5528455284552846,0.7403107905743678,10.0,1.0,0.0
1,fusion_raw,,0.5890092879256965,0.5882522315001439,0.7169355555025776,10.0,1.0,0.1
1,fusion_raw,,0.5058049535603715,0.5020528476681756,0.7857708714024977,10.0,1.0,0.25
1,fusion_raw,,0.46478328173374617,0.46100449162923646,1.065255278161451,10.0,1.0,0.5
1,fusion_raw,,0.4713622291021672,0.46695535622229095,1.442834096599825,10.0,1.0,0.75
1,fusion_raw,,0.4713622291021672,0.46695535622229095,1.6902233515780667,10.0,1.0,0.9
1,fusion_raw,,0.4713622291021672,0.46695535622229095,1.8599344014359378,10.0,1.0,1.0
1,fusion_raw,,0.5673374613003096,0.5528455284552846,0.7403107905743678,10.0,10.0,0.0
1,fusion_raw,,0.5808823529411764,0.5815042434884402,1.3572585470447747,10.0,10.0,0.1
1,fusion_raw,,0.5123839009287926,0.508301404853129,2.4765564711078625,10.0,10.0,0.25
1,fusion_raw,,0.48452012383900933,0.47889251500157914,4.554410497229789,10.0,10.0,0.5
1,fusion_raw,,0.4713622291021672,0.46695535622229095,6.7293467910869555,10.0,10.0,0.75
1,fusion_raw,,0.4713622291021672,0.46695535622229095,8.05003428049904,10.0,10.0,0.9
1,fusion_raw,,0.4713622291021672,0.46695535622229095,8.933847353426716,10.0,10.0,1.0
1,fusion_trial_delta,,0.5905572755417956,0.5870870870870871,0.691731411369999,0.001,0.001,0.0
1,fusion_trial_delta,,0.5220588235294118,0.5217874835709231,0.6887724651401468,0.001,0.001,0.1
1,fusion_trial_delta,,0.4713622291021672,0.46695535622229095,0.6849219249667271,0.001,0.001,0.25
1,fusion_trial_delta,,0.48452012383900933,0.47889251500157914,0.6800581298312687,0.001,0.001,0.5
1,fusion_trial_delta,,0.49109907120743035,0.48488718603661135,0.677094812944941,0.001,0.001,0.75
1,fusion_trial_delta,,0.49109907120743035,0.48488718603661135,0.676200428924146,0.001,0.001,0.9
1,fusion_trial_delta,,0.49109907120743035,0.48488718603661135,0.6759610398915255,0.001,0.001,1.0
1,fusion_trial_delta,,0.5905572755417956,0.5870870870870871,0.691731411369999,0.001,0.01,0.0
1,fusion_trial_delta,,0.4860681114551083,0.48346263781135157,0.6829545852011917,0.001,0.01,0.1
1,fusion_trial_delta,,0.49264705882352944,0.48963810702134236,0.6764147240091117,0.001,0.01,0.25
1,fusion_trial_delta,,0.4860681114551083,0.48346263781135157,0.681730761450809,0.001,0.01,0.5
1,fusion_trial_delta,,0.4860681114551083,0.48346263781135157,0.7039757014192727,0.001,0.01,0.75
1,fusion_trial_delta,,0.4860681114551083,0.48346263781135157,0.7238177673933089,0.001,0.01,0.9
1,fusion_trial_delta,,0.4860681114551083,0.48346263781135157,0.7392995604048774,0.001,0.01,1.0
1,fusion_trial_delta,,0.5905572755417956,0.5870870870870871,0.691731411369999,0.001,0.1,0.0
1,fusion_trial_delta,,0.5058049535603715,0.5020528476681756,0.6780732244259922,0.001,0.1,0.1
1,fusion_trial_delta,,0.5058049535603715,0.5020528476681756,0.6947098220702944,0.001,0.1,0.25
1,fusion_trial_delta,,0.49922600619195046,0.49583333333333335,0.7940955710404349,0.001,0.1,0.5
1,fusion_trial_delta,,0.49922600619195046,0.49583333333333335,0.9462346945634041,0.001,0.1,0.75
1,fusion_trial_delta,,0.49922600619195046,0.49583333333333335,1.0522401136648591,0.001,0.1,0.9
1,fusion_trial_delta,,0.5058049535603715,0.5020528476681756,1.1270829483443445,0.001,0.1,1.0
1,fusion_trial_delta,,0.5905572755417956,0.5870870870870871,0.691731411369999,0.001,1.0,0.0
1,fusion_trial_delta,,0.49264705882352944,0.48963810702134236,0.6830562502242428,0.001,1.0,0.1
1,fusion_trial_delta,,0.49922600619195046,0.49583333333333335,0.7701574760294266,0.001,1.0,0.25
1,fusion_trial_delta,,0.5058049535603715,0.5020528476681756,1.053482896171552,0.001,1.0,0.5
1,fusion_trial_delta,,0.5058049535603715,0.5020528476681756,1.4072888379932291,0.001,1.0,0.75
1,fusion_trial_delta,,0.5058049535603715,0.5020528476681756,1.6346098545919343,0.001,1.0,0.9
1,fusion_trial_delta,,0.5058049535603715,0.5020528476681756,1.7898434618348047,0.001,1.0,1.0
1,fusion_trial_delta,,0.5905572755417956,0.5870870870870871,0.691731411369999,0.001,10.0,0.0
1,fusion_trial_delta,,0.49922600619195046,0.49583333333333335,1.3292112958355002,0.001,10.0,0.1
1,fusion_trial_delta,,0.49264705882352944,0.48963810702134236,2.4700741628119327,0.001,10.0,0.25
1,fusion_trial_delta,,0.49264705882352944,0.48963810702134236,4.541974068608337,0.001,10.0,0.5
1,fusion_trial_delta,,0.5073529411764706,0.5059207839934666,6.683080255875565,0.001,10.0,0.75
1,fusion_trial_delta,,0.5073529411764706,0.5059207839934666,7.980279298653455,0.001,10.0,0.9
1,fusion_trial_delta,,0.5073529411764706,0.5059207839934666,8.84787897516057,0.001,10.0,1.0
1,fusion_trial_delta,,0.5905572755417956,0.5870870870870871,0.6817499780159035,0.01,0.001,0.0
1,fusion_trial_delta,,0.5921052631578947,0.585287356321839,0.6795409579395747,0.01,0.001,0.1
1,fusion_trial_delta,,0.5971362229102167,0.5944796294545799,0.6769180219744939,0.01,0.001,0.25
1,fusion_trial_delta,,0.5220588235294118,0.5217874835709231,0.6743784422101209,0.01,0.001,0.5
1,fusion_trial_delta,,0.4779411764705882,0.47291666666666665,0.67408651556358,0.01,0.001,0.75
1,fusion_trial_delta,,0.48452012383900933,0.47889251500157914,0.6749577250074882,0.01,0.001,0.9
1,fusion_trial_delta,,0.49109907120743035,0.48488718603661135,0.6759610398915255,0.01,0.001,1.0
1,fusion_trial_delta,,0.5905572755417956,0.5870870870870871,0.6817499780159035,0.01,0.01,0.0
1,fusion_trial_delta,,0.5971362229102167,0.5944796294545799,0.6736211127649608,0.01,0.01,0.1
1,fusion_trial_delta,,0.49264705882352944,0.48963810702134236,0.6682027585069151,0.01,0.01,0.25
1,fusion_trial_delta,,0.49922600619195046,0.49583333333333335,0.6758302323221871,0.01,0.01,0.5
1,fusion_trial_delta,,0.49264705882352944,0.48963810702134236,0.7008652822923839,0.01,0.01,0.75
1,fusion_trial_delta,,0.4860681114551083,0.48346263781135157,0.7225449978894437,0.01,0.01,0.9
1,fusion_trial_delta,,0.4860681114551083,0.48346263781135157,0.7392995604048774,0.01,0.01,1.0
1,fusion_trial_delta,,0.5905572755417956,0.5870870870870871,0.6817499780159035,0.01,0.1,0.0
1,fusion_trial_delta,,0.49264705882352944,0.48963810702134236,0.6685336549123964,0.01,0.1,0.1
1,fusion_trial_delta,,0.49264705882352944,0.48963810702134236,0.686142438117184,0.01,0.1,0.25
1,fusion_trial_delta,,0.5058049535603715,0.5020528476681756,0.7880366162787885,0.01,0.1,0.5
1,fusion_trial_delta,,0.5058049535603715,0.5020528476681756,0.9431687861840606,0.01,0.1,0.75
1,fusion_trial_delta,,0.49922600619195046,0.49583333333333335,1.0510137585442818,0.01,0.1,0.9
1,fusion_trial_delta,,0.5058049535603715,0.5020528476681756,1.1270829483443445,0.01,0.1,1.0
1,fusion_trial_delta,,0.5905572755417956,0.5870870870870871,0.6817499780159035,0.01,1.0,0.0
1,fusion_trial_delta,,0.5007739938080495,0.4995450409463148,0.6732861671056554,0.01,1.0,0.1
1,fusion_trial_delta,,0.49264705882352944,0.48963810702134236,0.7614269372453056,0.01,1.0,0.25
1,fusion_trial_delta,,0.49922600619195046,0.49583333333333335,1.0476365397860228,0.01,1.0,0.5
1,fusion_trial_delta,,0.49922600619195046,0.49583333333333335,1.4043930364352004,0.01,1.0,0.75
1,fusion_trial_delta,,0.5058049535603715,0.5020528476681756,1.6334521026467002,0.01,1.0,0.9
1,fusion_trial_delta,,0.5058049535603715,0.5020528476681756,1.7898434618348047,0.01,1.0,1.0
1,fusion_trial_delta,,0.5905572755417956,0.5870870870870871,0.6817499780159035,0.01,10.0,0.0
1,fusion_trial_delta,,0.5007739938080495,0.4995450409463148,1.3191881179464975,0.01,10.0,0.1
1,fusion_trial_delta,,0.49922600619195046,0.49583333333333335,2.4610901386273336,0.01,10.0,0.25
1,fusion_trial_delta,,0.49922600619195046,0.49583333333333335,4.535960969262287,0.01,10.0,0.5
1,fusion_trial_delta,,0.49264705882352944,0.48963810702134236,6.680049137487691,0.01,10.0,0.75
1,fusion_trial_delta,,0.49264705882352944,0.48963810702134236,7.979058705950319,0.01,10.0,0.9
1,fusion_trial_delta,,0.5073529411764706,0.5059207839934666,8.84787897516057,0.01,10.0,1.0
1,fusion_trial_delta,,0.5673374613003096,0.5528455284552846,0.6774890024933939,0.1,0.001,0.0
1,fusion_trial_delta,,0.5855263157894737,0.5778508771929824,0.6727106374222099,0.1,0.001,0.1
1,fusion_trial_delta,,0.5936532507739938,0.5828819068255688,0.6673922934694078,0.1,0.001,0.25
1,fusion_trial_delta,,0.5971362229102167,0.5944796294545799,0.6636461459217531,0.1,0.001,0.5
1,fusion_trial_delta,,0.5220588235294118,0.5217874835709231,0.6664869527342304,0.1,0.001,0.75
1,fusion_trial_delta,,0.4713622291021672,0.46695535622229095,0.6713805707239565,0.1,0.001,0.9
1,fusion_trial_delta,,0.49109907120743035,0.48488718603661135,0.6759610398915255,0.1,0.001,1.0
1,fusion_trial_delta,,0.5673374613003096,0.5528455284552846,0.6774890024933939,0.1,0.01,0.0
1,fusion_trial_delta,,0.614938080495356,0.6027446731672084,0.6663944102131604,0.1,0.01,0.1
1,fusion_trial_delta,,0.611842105263158,0.6077327327327327,0.6577612097478487,0.1,0.01,0.25
1,fusion_trial_delta,,0.5139318885448917,0.5123208578203938,0.6639987080120427,0.1,0.01,0.5
1,fusion_trial_delta,,0.4860681114551083,0.48346263781135157,0.6927401291014644,0.1,0.01,0.75
1,fusion_trial_delta,,0.49264705882352944,0.48963810702134236,0.7188259947268666,0.1,0.01,0.9
1,fusion_trial_delta,,0.4860681114551083,0.48346263781135157,0.7392995604048774,0.1,0.01,1.0
1,fusion_trial_delta,,0.5673374613003096,0.5528455284552846,0.6774890024933939,0.1,0.1,0.0
1,fusion_trial_delta,,0.6199690402476781,0.6131062569418733,0.6602380941275521,0.1,0.1,0.1
1,fusion_trial_delta,,0.5139318885448917,0.5123208578203938,0.6731048568337865,0.1,0.1,0.25
1,fusion_trial_delta,,0.49264705882352944,0.48963810702134236,0.7738489190607575,0.1,0.1,0.5
1,fusion_trial_delta,,0.5058049535603715,0.5020528476681756,0.9344310692785992,0.1,0.1,0.75
1,fusion_trial_delta,,0.5058049535603715,0.5020528476681756,1.0472637653194035,0.1,0.1,0.9
1,fusion_trial_delta,,0.5058049535603715,0.5020528476681756,1.1270829483443445,0.1,0.1,1.0
1,fusion_trial_delta,,0.5673374613003096,0.5528455284552846,0.6774890024933939,0.1,1.0,0.0
1,fusion_trial_delta,,0.5890092879256965,0.5882522315001439,0.6633315313690763,0.1,1.0,0.1
1,fusion_trial_delta,,0.5007739938080495,0.4995450409463148,0.7453185433367633,0.1,1.0,0.25
1,fusion_trial_delta,,0.49264705882352944,0.48963810702134236,1.0323703807165274,0.1,1.0,0.5
1,fusion_trial_delta,,0.49264705882352944,0.48963810702134236,1.395771093443552,0.1,1.0,0.75
1,fusion_trial_delta,,0.49922600619195046,0.49583333333333335,1.629846794377551,0.1,1.0,0.9
1,fusion_trial_delta,,0.5058049535603715,0.5020528476681756,1.7898434618348047,0.1,1.0,1.0
1,fusion_trial_delta,,0.5673374613003096,0.5528455284552846,0.6774890024933939,0.1,10.0,0.0
1,fusion_trial_delta,,0.5220588235294118,0.5217874835709231,1.306966392331777,0.1,10.0,0.1
1,fusion_trial_delta,,0.5007739938080495,0.4995450409463148,2.4419109581589775,0.1,10.0,0.25
1,fusion_trial_delta,,0.49922600619195046,0.49583333333333335,4.519326404482033,0.1,10.0,0.5
1,fusion_trial_delta,,0.49922600619195046,0.49583333333333335,6.670860522188371,0.1,10.0,0.75
1,fusion_trial_delta,,0.49264705882352944,0.48963810702134236,7.975238833606757,0.1,10.0,0.9
1,fusion_trial_delta,,0.5073529411764706,0.5059207839934666,8.84787897516057,0.1,10.0,1.0
1,fusion_trial_delta,,0.5673374613003096,0.5528455284552846,0.7059054483480552,1.0,0.001,0.0
1,fusion_trial_delta,,0.5886222910216719,0.5722870272180983,0.6948601414902574,1.0,0.001,0.1
1,fusion_trial_delta,,0.5952012383900929,0.5798916422417622,0.6810869458259791,1.0,0.001,0.25
1,fusion_trial_delta,,0.5936532507739938,0.5828819068255688,0.6665277490252925,1.0,0.001,0.5
1,fusion_trial_delta,,0.5514705882352942,0.5523573200992556,0.6641845765611519,1.0,0.001,0.75
1,fusion_trial_delta,,0.46478328173374617,0.46100449162923646,0.6694630520477447,1.0,0.001,0.9
1,fusion_trial_delta,,0.49109907120743035,0.48488718603661135,0.6759610398915255,1.0,0.001,1.0
1,fusion_trial_delta,,0.5673374613003096,0.5528455284552846,0.7059054483480552,1.0,0.01,0.0
1,fusion_trial_delta,,0.614938080495356,0.6027446731672084,0.6882988256724606,1.0,0.01,0.1
1,fusion_trial_delta,,0.6199690402476781,0.6131062569418733,0.6708311563813406,1.0,0.01,0.25
1,fusion_trial_delta,,0.5793343653250773,0.5813301282051282,0.6660301174737536,1.0,0.01,0.5
1,fusion_trial_delta,,0.4713622291021672,0.46695535622229095,0.690065594107425,1.0,0.01,0.75
1,fusion_trial_delta,,0.49264705882352944,0.48963810702134236,0.7168788269242415,1.0,0.01,0.9
1,fusion_trial_delta,,0.4860681114551083,0.48346263781135157,0.7392995604048774,1.0,0.01,1.0
1,fusion_trial_delta,,0.5673374613003096,0.5528455284552846,0.7059054483480552,1.0,0.1,0.0
1,fusion_trial_delta,,0.6068111455108359,0.597953216374269,0.6812579827926607,1.0,0.1,0.1
1,fusion_trial_delta,,0.5890092879256965,0.5882522315001439,0.6832170113889685,1.0,0.1,0.25
1,fusion_trial_delta,,0.4779411764705882,0.47291666666666665,0.7714738348516034,1.0,0.1,0.5
1,fusion_trial_delta,,0.49922600619195046,0.49583333333333335,0.9299986153822732,1.0,0.1,0.75
1,fusion_trial_delta,,0.5058049535603715,0.5020528476681756,1.0450172982464996,1.0,0.1,0.9
1,fusion_trial_delta,,0.5058049535603715,0.5020528476681756,1.1270829483443445,1.0,0.1,1.0
1,fusion_trial_delta,,0.5673374613003096,0.5528455284552846,0.7059054483480552,1.0,1.0,0.0
1,fusion_trial_delta,,0.618421052631579,0.6152755458928065,0.6826944199164857,1.0,1.0,0.1
1,fusion_trial_delta,,0.5205108359133127,0.5187499999999999,0.7503034058657417,1.0,1.0,0.25
1,fusion_trial_delta,,0.4860681114551083,0.48346263781135157,1.0262796544070982,1.0,1.0,0.5
1,fusion_trial_delta,,0.49264705882352944,0.48963810702134236,1.3908387455230171,1.0,1.0,0.75
1,fusion_trial_delta,,0.49922600619195046,0.49583333333333335,1.6276368038959765,1.0,1.0,0.9
1,fusion_trial_delta,,0.5058049535603715,0.5020528476681756,1.7898434618348047,1.0,1.0,1.0
1,fusion_trial_delta,,0.5673374613003096,0.5528455284552846,0.7059054483480552,1.0,10.0,0.0
1,fusion_trial_delta,,0.5611455108359134,0.56,1.3237631995770691,1.0,10.0,0.1
1,fusion_trial_delta,,0.5007739938080495,0.4995450409463148,2.441186682308173,1.0,10.0,0.25
1,fusion_trial_delta,,0.4794891640866873,0.47730259832170663,4.510913538382888,1.0,10.0,0.5
1,fusion_trial_delta,,0.49922600619195046,0.49583333333333335,6.665350243461328,1.0,10.0,0.75
1,fusion_trial_delta,,0.49922600619195046,0.49583333333333335,7.972840908594025,1.0,10.0,0.9
1,fusion_trial_delta,,0.5073529411764706,0.5059207839934666,8.84787897516057,1.0,10.0,1.0
1,fusion_trial_delta,,0.5673374613003096,0.5528455284552846,0.7403107905743678,10.0,0.001,0.0
1,fusion_trial_delta,,0.5886222910216719,0.5722870272180983,0.72483616035798,10.0,0.001,0.1
1,fusion_trial_delta,,0.5952012383900929,0.5798916422417622,0.7043735914342985,10.0,0.001,0.25
1,fusion_trial_delta,,0.6017801857585139,0.5874999999999999,0.6787723167876762,10.0,0.001,0.5
1,fusion_trial_delta,,0.5580495356037152,0.5592948717948718,0.6671250943718469,10.0,0.001,0.75
1,fusion_trial_delta,,0.4713622291021672,0.46695535622229095,0.6694932065988902,10.0,0.001,0.9
1,fusion_trial_delta,,0.49109907120743035,0.48488718603661135,0.6759610398915255,10.0,0.001,1.0
1,fusion_trial_delta,,0.5673374613003096,0.5528455284552846,0.7403107905743678,10.0,0.01,0.0
1,fusion_trial_delta,,0.6017801857585139,0.5874999999999999,0.7182314082980858,10.0,0.01,0.1
1,fusion_trial_delta,,0.6346749226006192,0.6257471264367815,0.6940017201035832,10.0,0.01,0.25
1,fusion_trial_delta,,0.5793343653250773,0.5813301282051282,0.6780258435675874,10.0,0.01,0.5
1,fusion_trial_delta,,0.4713622291021672,0.46695535622229095,0.692836515347016,10.0,0.01,0.75
1,fusion_trial_delta,,0.4860681114551083,0.48346263781135157,0.7169611369460475,10.0,0.01,0.9
1,fusion_trial_delta,,0.4860681114551083,0.48346263781135157,0.7392995604048774,10.0,0.01,1.0
1,fusion_trial_delta,,0.5673374613003096,0.5528455284552846,0.7403107905743678,10.0,0.1,0.0
1,fusion_trial_delta,,0.6068111455108359,0.597953216374269,0.7109800206665066,10.0,0.1,0.1
1,fusion_trial_delta,,0.6037151702786377,0.6019047619047619,0.7053038646138357,10.0,0.1,0.25
1,fusion_trial_delta,,0.48452012383900933,0.47889251500157914,0.7795985615412855,10.0,0.1,0.5
1,fusion_trial_delta,,0.49922600619195046,0.49583333333333335,0.9302032104759684,10.0,0.1,0.75
1,fusion_trial_delta,,0.5123839009287926,0.508301404853129,1.044577577200742,10.0,0.1,0.9
1,fusion_trial_delta,,0.5058049535603715,0.5020528476681756,1.1270829483443445,10.0,0.1,1.0
1,fusion_trial_delta,,0.5673374613003096,0.5528455284552846,0.7403107905743678,10.0,1.0,0.0
1,fusion_trial_delta,,0.618421052631579,0.6152755458928065,0.7119740541712616,10.0,1.0,0.1
1,fusion_trial_delta,,0.5286377708978328,0.5283789301755818,0.7696182002122047,10.0,1.0,0.25
1,fusion_trial_delta,,0.4713622291021672,0.46695535622229095,1.0290998481650513,10.0,1.0,0.5
1,fusion_trial_delta,,0.49264705882352944,0.48963810702134236,1.390019314755498,10.0,1.0,0.75
1,fusion_trial_delta,,0.49922600619195046,0.49583333333333335,1.627137592181748,10.0,1.0,0.9
1,fusion_trial_delta,,0.5058049535603715,0.5020528476681756,1.7898434618348047,10.0,1.0,1.0
1,fusion_trial_delta,,0.5673374613003096,0.5528455284552846,0.7403107905743678,10.0,10.0,0.0
1,fusion_trial_delta,,0.5905572755417956,0.5870870870870871,1.3522871086462904,10.0,10.0,0.1
1,fusion_trial_delta,,0.5139318885448917,0.5123208578203938,2.4558415817633543,10.0,10.0,0.25
1,fusion_trial_delta,,0.4794891640866873,0.47730259832170663,4.510650090516519,10.0,10.0,0.5
1,fusion_trial_delta,,0.49922600619195046,0.49583333333333335,6.66410562340988,10.0,10.0,0.75
1,fusion_trial_delta,,0.49922600619195046,0.49583333333333335,7.972221311093272,10.0,10.0,0.9
1,fusion_trial_delta,,0.5073529411764706,0.5059207839934666,8.84787897516057,10.0,10.0,1.0
1,fusion_water_delta,,0.5905572755417956,0.5870870870870871,0.691731411369999,0.001,0.001,0.0
1,fusion_water_delta,,0.5197368421052632,0.5036445678583825,0.6929246852126514,0.001,0.001,0.1
1,fusion_water_delta,,0.4918730650154799,0.47714112868377845,0.6955991171957074,0.001,0.001,0.25
1,fusion_water_delta,,0.45588235294117646,0.4463727872266574,0.7023750387277454,0.001,0.001,0.5
1,fusion_water_delta,,0.44272445820433437,0.43181818181818177,0.7119327692010355,0.001,0.001,0.75
1,fusion_water_delta,,0.44272445820433437,0.43181818181818177,0.718926028483534,0.001,0.001,0.9
1,fusion_water_delta,,0.44272445820433437,0.43181818181818177,0.7240836759911304,0.001,0.001,1.0
1,fusion_water_delta,,0.5905572755417956,0.5870870870870871,0.691731411369999,0.001,0.01,0.0
1,fusion_water_delta,,0.47407120743034054,0.46964285714285714,0.6919326682371587,0.001,0.01,0.1
1,fusion_water_delta,,0.4725232198142415,0.47052947052947053,0.7012706944710904,0.001,0.01,0.25
1,fusion_water_delta,,0.4791021671826625,0.47733918128654973,0.737847792838812,0.001,0.01,0.5
1,fusion_water_delta,,0.4643962848297214,0.4639080459770115,0.794552618685774,0.001,0.01,0.75
1,fusion_water_delta,,0.4643962848297214,0.4639080459770115,0.8356581396569952,0.001,0.01,0.9
1,fusion_water_delta,,0.4643962848297214,0.4639080459770115,0.8653814528145939,0.001,0.01,1.0
1,fusion_water_delta,,0.5905572755417956,0.5870870870870871,0.691731411369999,0.001,0.1,0.0
1,fusion_water_delta,,0.4988390092879257,0.4977168949771689,0.695925249941712,0.001,0.1,0.1
1,fusion_water_delta,,0.49226006191950467,0.4909292854498334,0.7449819578175569,0.001,0.1,0.25
1,fusion_water_delta,,0.49226006191950467,0.4909292854498334,0.9026252000831377,0.001,0.1,0.5
1,fusion_water_delta,,0.49226006191950467,0.4909292854498334,1.1111195709132924,0.001,0.1,0.75
1,fusion_water_delta,,0.49226006191950467,0.4909292854498334,1.249565730670727,0.001,0.1,0.9
1,fusion_water_delta,,0.49226006191950467,0.4909292854498334,1.3455858985066953,0.001,0.1,1.0
1,fusion_water_delta,,0.5905572755417956,0.5870870870870871,0.691731411369999,0.001,1.0,0.0
1,fusion_water_delta,,0.48568111455108365,0.48413793103448277,0.7149347397358058,0.001,1.0,0.1
1,fusion_water_delta,,0.49226006191950467,0.4909292854498334,0.8594565965337067,0.001,1.0,0.25
1,fusion_water_delta,,0.49226006191950467,0.4909292854498334,1.2359099830327074,0.001,1.0,0.5
1,fusion_water_delta,,0.49226006191950467,0.4909292854498334,1.6770025996855638,0.001,1.0,0.75
1,fusion_water_delta,,0.49226006191950467,0.4909292854498334,1.9555858809066125,0.001,1.0,0.9
1,fusion_water_delta,,0.49226006191950467,0.4909292854498334,2.1448510373076592,0.001,1.0,1.0
1,fusion_water_delta,,0.5905572755417956,0.5870870870870871,0.691731411369999,0.001,10.0,0.0
1,fusion_water_delta,,0.47755417956656343,0.47721554375174724,1.3748539307163872,0.001,10.0,0.1
1,fusion_water_delta,,0.49226006191950467,0.4909292854498334,2.5892028878487756,0.001,10.0,0.25
1,fusion_water_delta,,0.49226006191950467,0.4909292854498334,4.779115637753814,0.001,10.0,0.5
1,fusion_water_delta,,0.49226006191950467,0.4909292854498334,7.035112853837964,0.001,10.0,0.75
1,fusion_water_delta,,0.49226006191950467,0.4909292854498334,8.401698783781034,0.001,10.0,0.9
1,fusion_water_delta,,0.49226006191950467,0.4909292854498334,9.315862043028634,0.001,10.0,1.0
1,fusion_water_delta,,0.5905572755417956,0.5870870870870871,0.6817499780159035,0.01,0.001,0.0
1,fusion_water_delta,,0.5135448916408669,0.51129211403184,0.6837126916766936,0.01,0.001,0.1
1,fusion_water_delta,,0.5181888544891641,0.5066396974760355,0.6876356221543225,0.01,0.001,0.25
1,fusion_water_delta,,0.5050309597523219,0.49193899782135075,0.6967494733090207,0.01,0.001,0.5
1,fusion_water_delta,,0.4984520123839009,0.4845539743144742,0.7089657535272766,0.01,0.001,0.75
1,fusion_water_delta,,0.4493034055727554,0.4391150289516895,0.7177033859659807,0.01,0.001,0.9
1,fusion_water_delta,,0.44272445820433437,0.43181818181818177,0.7240836759911304,0.01,0.001,1.0
1,fusion_water_delta,,0.5905572755417956,0.5870870870870871,0.6817499780159035,0.01,0.01,0.0
1,fusion_water_delta,,0.5479876160990712,0.5457957957957958,0.68278513227537,0.01,0.01,0.1
1,fusion_water_delta,,0.4806501547987616,0.47661369961396893,0.6934349364915525,0.01,0.01,0.25
1,fusion_water_delta,,0.4659442724458205,0.46370530877573135,0.7324137618043342,0.01,0.01,0.5
1,fusion_water_delta,,0.4725232198142415,0.47052947052947053,0.7917512384051408,0.01,0.01,0.75
1,fusion_water_delta,,0.4643962848297214,0.4639080459770115,0.8345199189824054,0.01,0.01,0.9
1,fusion_water_delta,,0.4643962848297214,0.4639080459770115,0.8653814528145939,0.01,0.01,1.0
1,fusion_water_delta,,0.5905572755417956,0.5870870870870871,0.6817499780159035,0.01,0.1,0.0
1,fusion_water_delta,,0.49226006191950467,0.4909292854498334,0.6868748553219535,0.01,0.1,0.1
1,fusion_water_delta,,0.4988390092879257,0.4977168949771689,0.7372636620585334,0.01,0.1,0.25
1,fusion_water_delta,,0.4988390092879257,0.4977168949771689,0.8972259237841124,0.01,0.1,0.5
1,fusion_water_delta,,0.49226006191950467,0.4909292854498334,1.1082909513840042,0.01,0.1,0.75
1,fusion_water_delta,,0.49226006191950467,0.4909292854498334,1.2484067189842234,0.01,0.1,0.9
1,fusion_water_delta,,0.49226006191950467,0.4909292854498334,1.3455858985066953,0.01,0.1,1.0
1,fusion_water_delta,,0.5905572755417956,0.5870870870870871,0.6817499780159035,0.01,1.0,0.0
1,fusion_water_delta,,0.4907120743034056,0.4905000472634465,0.7059562367857136,0.01,1.0,0.1
1,fusion_water_delta,,0.48568111455108365,0.48413793103448277,0.851665650493395,0.01,1.0,0.25
1,fusion_water_delta,,0.49226006191950467,0.4909292854498334,1.230251166774852,0.01,1.0,0.5
1,fusion_water_delta,,0.49226006191950467,0.4909292854498334,1.6739900706346587,0.01,1.0,0.75
1,fusion_water_delta,,0.49226006191950467,0.4909292854498334,1.9543508956536815,0.01,1.0,0.9
1,fusion_water_delta,,0.49226006191950467,0.4909292854498334,2.1448510373076592,0.01,1.0,1.0
1,fusion_water_delta,,0.5905572755417956,0.5870870870870871,0.6817499780159035,0.01,10.0,0.0
1,fusion_water_delta,,0.4643962848297214,0.4639080459770115,1.3655814065314795,0.01,10.0,0.1
1,fusion_water_delta,,0.4709752321981424,0.4705664568678267,2.5811308067790084,0.01,10.0,0.25
1,fusion_water_delta,,0.47755417956656343,0.47721554375174724,4.7731682998348415,0.01,10.0,0.5
1,fusion_water_delta,,0.49226006191950467,0.4909292854498334,7.032008343790844,0.01,10.0,0.75
1,fusion_water_delta,,0.49226006191950467,0.4909292854498334,8.400446630117376,0.01,10.0,0.9
1,fusion_water_delta,,0.49226006191950467,0.4909292854498334,9.315862043028634,0.01,10.0,1.0
1,fusion_water_delta,,0.5673374613003096,0.5528455284552846,0.6774890024933939,0.1,0.001,0.0
1,fusion_water_delta,,0.5708204334365325,0.5650574712643678,0.6769932992970864,0.1,0.001,0.1
1,fusion_water_delta,,0.5379256965944272,0.5285714285714286,0.678365086714782,0.1,0.001,0.25
1,fusion_water_delta,,0.510061919504644,0.5017319477751132,0.6864130166528813,0.1,0.001,0.5
1,fusion_water_delta,,0.513157894736842,0.4961541785498229,0.7017036729003636,0.1,0.001,0.75
1,fusion_water_delta,,0.4984520123839009,0.4845539743144742,0.7142988952327807,0.1,0.001,0.9
1,fusion_water_delta,,0.44272445820433437,0.43181818181818177,0.7240836759911304,0.1,0.001,1.0
1,fusion_water_delta,,0.5673374613003096,0.5528455284552846,0.6774890024933939,0.1,0.01,0.0
1,fusion_water_delta,,0.5789473684210527,0.5704295704295704,0.67624803708382,0.1,0.01,0.1
1,fusion_water_delta,,0.5708204334365325,0.5650574712643678,0.6844489217829308,0.1,0.01,0.25
1,fusion_water_delta,,0.47407120743034054,0.46964285714285714,0.7226026721884329,0.1,0.01,0.5
1,fusion_water_delta,,0.4659442724458205,0.46370530877573135,0.7851579535844201,0.1,0.01,0.75
1,fusion_water_delta,,0.4725232198142415,0.47052947052947053,0.8315255048535213,0.1,0.01,0.9
1,fusion_water_delta,,0.4643962848297214,0.4639080459770115,0.8653814528145939,0.1,0.01,1.0
1,fusion_water_delta,,0.5673374613003096,0.5528455284552846,0.6774890024933939,0.1,0.1,0.0
1,fusion_water_delta,,0.5479876160990712,0.5457957957957958,0.6802767972084992,0.1,0.1,0.1
1,fusion_water_delta,,0.5054179566563468,0.5045045045045045,0.7274361775241293,0.1,0.1,0.25
1,fusion_water_delta,,0.4988390092879257,0.4977168949771689,0.8863531576361073,0.1,0.1,0.5
1,fusion_water_delta,,0.4988390092879257,0.4977168949771689,1.1012621180499078,0.1,0.1,0.75
1,fusion_water_delta,,0.49226006191950467,0.4909292854498334,1.2452990120767957,0.1,0.1,0.9
1,fusion_water_delta,,0.49226006191950467,0.4909292854498334,1.3455858985066953,0.1,0.1,1.0
1,fusion_water_delta,,0.5673374613003096,0.5528455284552846,0.6774890024933939,0.1,1.0,0.0
1,fusion_water_delta,,0.49226006191950467,0.4909292854498334,0.6986568921903733,0.1,1.0,0.1
1,fusion_water_delta,,0.48413312693498456,0.48385885885885893,0.8395545464782637,0.1,1.0,0.25
1,fusion_water_delta,,0.48568111455108365,0.48413793103448277,1.2172492578755172,0.1,1.0,0.5
1,fusion_water_delta,,0.48568111455108365,0.48413793103448277,1.665956616221255,0.1,1.0,0.75
1,fusion_water_delta,,0.49226006191950467,0.4909292854498334,1.9508985180592795,0.1,1.0,0.9
1,fusion_water_delta,,0.49226006191950467,0.4909292854498334,2.1448510373076592,0.1,1.0,1.0
1,fusion_water_delta,,0.5673374613003096,0.5528455284552846,0.6774890024933939,0.1,10.0,0.0
1,fusion_water_delta,,0.5201238390092879,0.5182182462025906,1.3558610649690894,0.1,10.0,0.1
1,fusion_water_delta,,0.4709752321981424,0.4705664568678267,2.566347457968826,0.1,10.0,0.25
1,fusion_water_delta,,0.4709752321981424,0.4705664568678267,4.758277353754061,0.1,10.0,0.5
1,fusion_water_delta,,0.47755417956656343,0.47721554375174724,7.023407345882855,0.1,10.0,0.75
1,fusion_water_delta,,0.49226006191950467,0.4909292854498334,8.396879142352116,0.1,10.0,0.9
1,fusion_water_delta,,0.49226006191950467,0.4909292854498334,9.315862043028634,0.1,10.0,1.0
1,fusion_water_delta,,0.5673374613003096,0.5528455284552846,0.7059054483480552,1.0,0.001,0.0
1,fusion_water_delta,,0.5592105263157895,0.5482142857142858,0.6992526117429564,1.0,0.001,0.1
1,fusion_water_delta,,0.5460526315789473,0.5334040296924708,0.692402839135571,1.0,0.001,0.25
1,fusion_water_delta,,0.5247678018575852,0.5139625309296572,0.6900609516181142,1.0,0.001,0.5
1,fusion_water_delta,,0.5197368421052632,0.5036445678583825,0.7002274512496809,1.0,0.001,0.75
1,fusion_water_delta,,0.5050309597523219,0.49193899782135075,0.7128405771085167,1.0,0.001,0.9
1,fusion_water_delta,,0.44272445820433437,0.43181818181818177,0.7240836759911304,1.0,0.001,1.0
1,fusion_water_delta,,0.5673374613003096,0.5528455284552846,0.7059054483480552,1.0,0.01,0.0
1,fusion_water_delta,,0.5804953560371517,0.5678571428571428,0.6986759694692201,1.0,0.01,0.1
1,fusion_water_delta,,0.5363777089783281,0.5304695304695304,0.6989420097290061,1.0,0.01,0.25
1,fusion_water_delta,,0.4872291021671826,0.48356807511737093,0.7274714973719946,1.0,0.01,0.5
1,fusion_water_delta,,0.4872291021671826,0.48356807511737093,0.7852760067432151,1.0,0.01,0.75
1,fusion_water_delta,,0.4659442724458205,0.46370530877573135,0.8310430239981754,1.0,0.01,0.9
1,fusion_water_delta,,0.4643962848297214,0.4639080459770115,0.8653814528145939,1.0,0.01,1.0
1,fusion_water_delta,,0.5673374613003096,0.5528455284552846,0.7059054483480552,1.0,0.1,0.0
1,fusion_water_delta,,0.515092879256966,0.5104895104895105,0.7025280507759039,1.0,0.1,0.1
1,fusion_water_delta,,0.5069659442724458,0.504367816091954,0.7409577819708811,1.0,0.1,0.25
1,fusion_water_delta,,0.5119969040247678,0.5112959637016732,0.8901960360412876,1.0,0.1,0.5
1,fusion_water_delta,,0.4988390092879257,0.4977168949771689,1.1011043651953276,1.0,0.1,0.75
1,fusion_water_delta,,0.4988390092879257,0.4977168949771689,1.2448123357051686,1.0,0.1,0.9
1,fusion_water_delta,,0.49226006191950467,0.4909292854498334,1.3455858985066953,1.0,0.1,1.0
1,fusion_water_delta,,0.5673374613003096,0.5528455284552846,0.7059054483480552,1.0,1.0,0.0
1,fusion_water_delta,,0.521671826625387,0.5175438596491229,0.7200041649780267,1.0,1.0,0.1
1,fusion_water_delta,,0.5054179566563468,0.5045045045045045,0.8504587444212383,1.0,1.0,0.25
1,fusion_water_delta,,0.49226006191950467,0.4909292854498334,1.2184962333251008,1.0,1.0,0.5
1,fusion_water_delta,,0.48568111455108365,0.48413793103448277,1.6644069190950406,1.0,1.0,0.75
1,fusion_water_delta,,0.49226006191950467,0.4909292854498334,1.949929496726994,1.0,1.0,0.9
1,fusion_water_delta,,0.49226006191950467,0.4909292854498334,2.1448510373076592,1.0,1.0,1.0
1,fusion_water_delta,,0.5673374613003096,0.5528455284552846,0.7059054483480552,1.0,10.0,0.0
1,fusion_water_delta,,0.5069659442724458,0.504367816091954,1.3748209619790652,1.0,10.0,0.1
1,fusion_water_delta,,0.48413312693498456,0.48385885885885893,2.574284878028307,1.0,10.0,0.25
1,fusion_water_delta,,0.4709752321981424,0.4705664568678267,4.756867495038241,1.0,10.0,0.5
1,fusion_water_delta,,0.47755417956656343,0.47721554375174724,7.020948117315628,1.0,10.0,0.75
1,fusion_water_delta,,0.49226006191950467,0.4909292854498334,8.395713235020475,1.0,10.0,0.9
1,fusion_water_delta,,0.49226006191950467,0.4909292854498334,9.315862043028634,1.0,10.0,1.0
1,fusion_water_delta,,0.5673374613003096,0.5528455284552846,0.7403107905743678,10.0,0.001,0.0
1,fusion_water_delta,,0.5526315789473684,0.5408117950084377,0.7292658916771335,10.0,0.001,0.1
1,fusion_water_delta,,0.5394736842105263,0.5259871603201126,0.7158583678786115,10.0,0.001,0.25
1,fusion_water_delta,,0.5313467492260062,0.5212718713917754,0.7029051943403403,10.0,0.001,0.5
1,fusion_water_delta,,0.5197368421052632,0.5036445678583825,0.7040999345498014,10.0,0.001,0.75
1,fusion_water_delta,,0.5050309597523219,0.49193899782135075,0.7134702115357087,10.0,0.001,0.9
1,fusion_water_delta,,0.44272445820433437,0.43181818181818177,0.7240836759911304,10.0,0.001,1.0
1,fusion_water_delta,,0.5673374613003096,0.5528455284552846,0.7403107905743678,10.0,0.01,0.0
1,fusion_water_delta,,0.5739164086687307,0.5603517186250999,0.7287625741519366,10.0,0.01,0.1
1,fusion_water_delta,,0.5363777089783281,0.5304695304695304,0.7227289861225376,10.0,0.01,0.25
1,fusion_water_delta,,0.4806501547987616,0.47661369961396893,0.7414963526930022,10.0,0.01,0.5
1,fusion_water_delta,,0.4806501547987616,0.47661369961396893,0.7909802823295151,10.0,0.01,0.75
1,fusion_water_delta,,0.4659442724458205,0.46370530877573135,0.8328985422678542,10.0,0.01,0.9
1,fusion_water_delta,,0.4643962848297214,0.4639080459770115,0.8653814528145939,10.0,0.01,1.0
1,fusion_water_delta,,0.5673374613003096,0.5528455284552846,0.7403107905743678,10.0,0.1,0.0
1,fusion_water_delta,,0.5445046439628483,0.5358649789029537,0.7326121125019472,10.0,0.1,0.1
1,fusion_water_delta,,0.5003869969040248,0.4974415204678363,0.7646962257028899,10.0,0.1,0.25
1,fusion_water_delta,,0.5054179566563468,0.5045045045045045,0.9043023438356422,10.0,0.1,0.5
1,fusion_water_delta,,0.4988390092879257,0.4977168949771689,1.1069762733707331,10.0,0.1,0.75
1,fusion_water_delta,,0.4988390092879257,0.4977168949771689,1.2467956627885146,10.0,0.1,0.9
1,fusion_water_delta,,0.49226006191950467,0.4909292854498334,1.3455858985066953,10.0,0.1,1.0
1,fusion_water_delta,,0.5673374613003096,0.5528455284552846,0.7403107905743678,10.0,1.0,0.0
1,fusion_water_delta,,0.5069659442724458,0.504367816091954,0.7499201925822739,10.0,1.0,0.1
1,fusion_water_delta,,0.5054179566563468,0.5045045045045045,0.873632592002661,10.0,1.0,0.25
1,fusion_water_delta,,0.49226006191950467,0.4909292854498334,1.2314411271271222,10.0,1.0,0.5
1,fusion_water_delta,,0.48568111455108365,0.48413793103448277,1.6690533879690541,10.0,1.0,0.75
1,fusion_water_delta,,0.49226006191950467,0.4909292854498334,1.951424232586011,10.0,1.0,0.9
1,fusion_water_delta,,0.49226006191950467,0.4909292854498334,2.1448510373076592,10.0,1.0,1.0
1,fusion_water_delta,,0.5673374613003096,0.5528455284552846,0.7403107905743678,10.0,10.0,0.0
1,fusion_water_delta,,0.5069659442724458,0.504367816091954,1.4042621496506313,10.0,10.0,0.1
1,fusion_water_delta,,0.48413312693498456,0.48385885885885893,2.5966432975262523,10.0,10.0,0.25
1,fusion_water_delta,,0.47755417956656343,0.47721554375174724,4.767883701264182,10.0,10.0,0.5
1,fusion_water_delta,,0.47755417956656343,0.47721554375174724,7.024561021647167,10.0,10.0,0.75
1,fusion_water_delta,,0.49226006191950467,0.4909292854498334,8.396987898339006,10.0,10.0,0.9
1,fusion_water_delta,,0.49226006191950467,0.4909292854498334,9.315862043028634,10.0,10.0,1.0
2,code_only,0.001,0.5523809523809524,0.5299145299145298,0.6919725028642706,,,
2,code_only,0.01,0.5523809523809524,0.5299145299145298,0.6845440826149118,,,
2,code_only,0.1,0.5523809523809524,0.5299145299145298,0.6822586605103091,,,
2,code_only,1.0,0.5523809523809524,0.5299145299145298,0.6939103292437688,,,
2,code_only,10.0,0.5523809523809524,0.5299145299145298,0.696901298338111,,,
2,face_raw,0.001,0.6104761904761904,0.6055172413793104,0.6489955901657808,,,
2,face_raw,0.01,0.5952380952380952,0.5944796294545799,0.6721573755415234,,,
2,face_raw,0.1,0.5742857142857143,0.5736837130163532,0.9806836229870942,,,
2,face_raw,1.0,0.5247619047619048,0.5249064209617046,1.4922885659233898,,,
2,face_raw,10.0,0.539047619047619,0.539047619047619,2.072455738566835,,,
2,face_trial_delta,0.001,0.5809523809523809,0.5809523809523809,0.6527710088816087,,,
2,face_trial_delta,0.01,0.5942857142857143,0.5955882352941176,0.6724153695126739,,,
2,face_trial_delta,0.1,0.5438095238095237,0.5440299261955314,0.9442910138865276,,,
2,face_trial_delta,1.0,0.5371428571428571,0.5372596153846154,1.42688888078044,,,
2,face_trial_delta,10.0,0.5161904761904762,0.515224358974359,1.9896848422934637,,,
2,face_water_delta,0.001,0.5638095238095238,0.5528455284552845,0.6815802318057859,,,
2,face_water_delta,0.01,0.5961904761904762,0.5927434283598667,0.744769936166786,,,
2,face_water_delta,0.1,0.6038095238095238,0.5979532163742691,1.1298554852676141,,,
2,face_water_delta,1.0,0.5904761904761904,0.5828819068255688,1.784039575706379,,,
2,face_water_delta,10.0,0.5914285714285714,0.5798916422417622,2.500856458092399,,,
2,fusion_raw,,0.5523809523809524,0.5299145299145298,0.6919725028642707,0.001,0.001,0.0
2,fusion_raw,,0.6438095238095238,0.6438095238095238,0.685783346184517,0.001,0.001,0.1
2,fusion_raw,,0.6371428571428571,0.6360714623310332,0.6773099171735122,0.001,0.001,0.25
2,fusion_raw,,0.6314285714285715,0.6257471264367815,0.6653222348716455,0.001,0.001,0.5
2,fusion_raw,,0.6104761904761904,0.6055172413793104,0.6559260946901151,0.001,0.001,0.75
2,fusion_raw,,0.6104761904761904,0.6055172413793104,0.6514812610781227,0.001,0.001,0.9
2,fusion_raw,,0.6104761904761904,0.6055172413793104,0.6489955901657808,0.001,0.001,1.0
2,fusion_raw,,0.5523809523809524,0.5299145299145298,0.6919725028642707,0.001,0.01,0.0
2,fusion_raw,,0.6085714285714285,0.6093675016796238,0.6716167560694929,0.001,0.01,0.1
2,fusion_raw,,0.6085714285714285,0.6093675016796238,0.6502343733970456,0.001,0.01,0.25
2,fusion_raw,,0.6019047619047619,0.6019047619047619,0.6367022077184279,0.001,0.01,0.5
2,fusion_raw,,0.5952380952380952,0.5944796294545799,0.6458324333256086,0.001,0.01,0.75
2,fusion_raw,,0.5952380952380952,0.5944796294545799,0.6598691728415705,0.001,0.01,0.9
2,fusion_raw,,0.5952380952380952,0.5944796294545799,0.6721573755415234,0.001,0.01,1.0
2,fusion_raw,,0.5523809523809524,0.5299145299145298,0.6919725028642707,0.001,0.1,0.0
2,fusion_raw,,0.5733333333333334,0.5743034055727554,0.6535735026210187,0.001,0.1,0.1
2,fusion_raw,,0.5809523809523809,0.5809523809523809,0.6423647844350605,0.001,0.1,0.25
2,fusion_raw,,0.5809523809523809,0.5809523809523809,0.7072996857051961,0.001,0.1,0.5
2,fusion_raw,,0.5809523809523809,0.5809523809523809,0.8295985815773046,0.001,0.1,0.75
2,fusion_raw,,0.5809523809523809,0.5809523809523809,0.9178602956256376,0.001,0.1,0.9
2,fusion_raw,,0.5742857142857143,0.5736837130163532,0.9806836229870942,0.001,0.1,1.0
2,fusion_raw,,0.5523809523809524,0.5299145299145298,0.6919725028642707,0.001,1.0,0.0
2,fusion_raw,,0.539047619047619,0.539047619047619,0.6434675229021852,0.001,1.0,0.1
2,fusion_raw,,0.5247619047619048,0.5249064209617046,0.6853685842876468,0.001,1.0,0.25
2,fusion_raw,,0.5247619047619048,0.5249064209617046,0.9001508884192356,0.001,1.0,0.5
2,fusion_raw,,0.5247619047619048,0.5249064209617046,1.1833287488258557,0.001,1.0,0.75
2,fusion_raw,,0.5247619047619048,0.5249064209617046,1.366764604686463,0.001,1.0,0.9
2,fusion_raw,,0.5247619047619048,0.5249064209617046,1.4922885659233898,0.001,1.0,1.0
2,fusion_raw,,0.5523809523809524,0.5299145299145298,0.6919725028642707,0.001,10.0,0.0
2,fusion_raw,,0.539047619047619,0.539047619047619,0.6469203134087005,0.001,10.0,0.1
2,fusion_raw,,0.539047619047619,0.539047619047619,0.7697328519516433,0.001,10.0,0.25
2,fusion_raw,,0.539047619047619,0.539047619047619,1.1527994277480593,0.001,10.0,0.5
2,fusion_raw,,0.539047619047619,0.539047619047619,1.6015272204293367,0.001,10.0,0.75
2,fusion_raw,,0.539047619047619,0.539047619047619,1.882446151505691,0.001,10.0,0.9
2,fusion_raw,,0.539047619047619,0.539047619047619,2.072455738566835,0.001,10.0,1.0
2,fusion_raw,,0.5523809523809524,0.5299145299145298,0.6845440826149118,0.01,0.001,0.0
2,fusion_raw,,0.5295238095238095,0.5185574229691877,0.6788373635227559,0.01,0.001,0.1
2,fusion_raw,,0.5961904761904762,0.5927434283598667,0.6711952058140987,0.01,0.001,0.25
2,fusion_raw,,0.6438095238095238,0.6438095238095238,0.6608863764103136,0.01,0.001,0.5
2,fusion_raw,,0.6304761904761904,0.6283783783783784,0.6535339356356797,0.01,0.001,0.75
2,fusion_raw,,0.6171428571428571,0.6131062569418734,0.6504841334484055,0.01,0.001,0.9
2,fusion_raw,,0.6104761904761904,0.6055172413793104,0.6489955901657808,0.01,0.001,1.0
2,fusion_raw,,0.5523809523809524,0.5299145299145298,0.6845440826149118,0.01,0.01,0.0
2,fusion_raw,,0.6304761904761904,0.6283783783783784,0.6646318645926161,0.01,0.01,0.1
2,fusion_raw,,0.6361904761904762,0.638157894736842,0.6440439621942666,0.01,0.01,0.25
2,fusion_raw,,0.6085714285714285,0.6093675016796238,0.6322217636605689,0.01,0.01,0.5
2,fusion_raw,,0.6085714285714285,0.6093675016796238,0.6434517947624562,0.01,0.01,0.75
2,fusion_raw,,0.5952380952380952,0.5944796294545799,0.6588876568072701,0.01,0.01,0.9
2,fusion_raw,,0.5952380952380952,0.5944796294545799,0.6721573755415234,0.01,0.01,1.0
2,fusion_raw,,0.5523809523809524,0.5299145299145298,0.6845440826149118,0.01,0.1,0.0
2,fusion_raw,,0.6276190476190476,0.6329996966939642,0.6466765324563286,0.01,0.1,0.1
2,fusion_raw,,0.5800000000000001,0.5815042434884402,0.6364030072146816,0.01,0.1,0.25
2,fusion_raw,,0.5876190476190476,0.5882522315001439,0.7030423153639239,0.01,0.1,0.5
2,fusion_raw,,0.5809523809523809,0.5809523809523809,0.8272690318097095,0.01,0.1,0.75
2,fusion_raw,,0.5809523809523809,0.5809523809523809,0.9168809827804656,0.01,0.1,0.9
2,fusion_raw,,0.5742857142857143,0.5736837130163532,0.9806836229870942,0.01,0.1,1.0
2,fusion_raw,,0.5523809523809524,0.5299145299145298,0.6845440826149118,0.01,1.0,0.0
2,fusion_raw,,0.6076190476190476,0.6103896103896104,0.6367339825345729,0.01,1.0,0.1
2,fusion_raw,,0.5733333333333334,0.5743034055727554,0.6796335556630193,0.01,1.0,0.25
2,fusion_raw,,0.5247619047619048,0.5249064209617046,0.8957523382736314,0.01,1.0,0.5
2,fusion_raw,,0.5247619047619048,0.5249064209617046,1.1808661016088189,0.01,1.0,0.75
2,fusion_raw,,0.5247619047619048,0.5249064209617046,1.3657373451857056,0.01,1.0,0.9
2,fusion_raw,,0.5247619047619048,0.5249064209617046,1.4922885659233898,0.01,1.0,1.0
2,fusion_raw,,0.5523809523809524,0.5299145299145298,0.6845440826149118,0.01,10.0,0.0
2,fusion_raw,,0.5942857142857143,0.5955882352941176,0.6402590260773023,0.01,10.0,0.1
2,fusion_raw,,0.5457142857142857,0.5460216911411844,0.7637751316626673,0.01,10.0,0.25
2,fusion_raw,,0.539047619047619,0.539047619047619,1.1479996433732638,0.01,10.0,0.5
2,fusion_raw,,0.539047619047619,0.539047619047619,1.5988964729761301,0.01,10.0,0.75
2,fusion_raw,,0.539047619047619,0.539047619047619,1.8813630036234361,0.01,10.0,0.9
2,fusion_raw,,0.539047619047619,0.539047619047619,2.072455738566835,0.01,10.0,1.0
2,fusion_raw,,0.5523809523809524,0.5299145299145298,0.6822586605103091,0.1,0.001,0.0
2,fusion_raw,,0.5523809523809524,0.5299145299145298,0.673831748968221,0.1,0.001,0.1
2,fusion_raw,,0.5371428571428571,0.5227351614022909,0.6632572013673977,0.1,0.001,0.25
2,fusion_raw,,0.5761904761904761,0.5704295704295705,0.6513161567161645,0.1,0.001,0.5
2,fusion_raw,,0.6371428571428571,0.6360714623310332,0.6465947829630272,0.1,0.001,0.75
2,fusion_raw,,0.6228571428571429,0.6228571428571429,0.6471966767758974,0.1,0.001,0.9
2,fusion_raw,,0.6104761904761904,0.6055172413793104,0.6489955901657808,0.1,0.001,1.0
2,fusion_raw,,0.5523809523809524,0.5299145299145298,0.6822586605103091,0.1,0.01,0.0
2,fusion_raw,,0.5571428571428572,0.5453346231641897,0.6594408561445864,0.1,0.01,0.1
2,fusion_raw,,0.6104761904761904,0.6055172413793104,0.6356070852739244,0.1,0.01,0.25
2,fusion_raw,,0.677142857142857,0.6833746898263027,0.6221120759411306,0.1,0.01,0.5
2,fusion_raw,,0.6085714285714285,0.6093675016796238,0.6363778116296257,0.1,0.01,0.75
2,fusion_raw,,0.6085714285714285,0.6093675016796238,0.6556263048003841,0.1,0.01,0.9
2,fusion_raw,,0.5952380952380952,0.5944796294545799,0.6721573755415234,0.1,0.01,1.0
2,fusion_raw,,0.5523809523809524,0.5299145299145298,0.6822586605103091,0.1,0.1,0.0
2,fusion_raw,,0.5695238095238095,0.5630191404839292,0.6414253241091011,0.1,0.1,0.1
2,fusion_raw,,0.6276190476190476,0.6329996966939642,0.6275665771884776,0.1,0.1,0.25
2,fusion_raw,,0.5800000000000001,0.5815042434884402,0.6924741271629862,0.1,0.1,0.5
2,fusion_raw,,0.5733333333333334,0.5743034055727554,0.8199804585729643,0.1,0.1,0.75
2,fusion_raw,,0.5809523809523809,0.5809523809523809,0.9135715804087229,0.1,0.1,0.9
2,fusion_raw,,0.5742857142857143,0.5736837130163532,0.9806836229870942,0.1,0.1,1.0
2,fusion_raw,,0.5523809523809524,0.5299145299145298,0.6822586605103091,0.1,1.0,0.0
2,fusion_raw,,0.6161904761904762,0.6152755458928065,0.6312582910363609,0.1,1.0,0.1
2,fusion_raw,,0.6076190476190476,0.6103896103896104,0.6698164652804044,0.1,1.0,0.25
2,fusion_raw,,0.5733333333333334,0.5743034055727554,0.8836340575224444,0.1,1.0,0.5
2,fusion_raw,,0.539047619047619,0.539047619047619,1.172891191653,0.1,1.0,0.75
2,fusion_raw,,0.5247619047619048,0.5249064209617046,1.362238396699245,0.1,1.0,0.9
2,fusion_raw,,0.5247619047619048,0.5249064209617046,1.4922885659233898,0.1,1.0,1.0
2,fusion_raw,,0.5523809523809524,0.5299145299145298,0.6822586605103091,0.1,10.0,0.0
2,fusion_raw,,0.6285714285714286,0.6320346320346322,0.6340982741715104,0.1,10.0,0.1
2,fusion_raw,,0.5942857142857143,0.5955882352941176,0.7517600180520776,0.1,10.0,0.25
2,fusion_raw,,0.559047619047619,0.5600429226416935,1.1338869934326983,0.1,10.0,0.5
2,fusion_raw,,0.539047619047619,0.539047619047619,1.5902225160051604,0.1,10.0,0.75
2,fusion_raw,,0.539047619047619,0.539047619047619,1.8776596774506706,0.1,10.0,0.9
2,fusion_raw,,0.539047619047619,0.539047619047619,2.072455738566835,0.1,10.0,1.0
2,fusion_raw,,0.5523809523809524,0.5299145299145298,0.6939103292437688,1.0,0.001,0.0
2,fusion_raw,,0.5523809523809524,0.5299145299145298,0.6812287968470649,1.0,0.001,0.1
2,fusion_raw,,0.5304761904761904,0.5151672284158673,0.6653014698901697,1.0,0.001,0.25
2,fusion_raw,,0.5561904761904762,0.5482142857142858,0.6476976062145101,1.0,0.001,0.5
2,fusion_raw,,0.6304761904761904,0.6283783783783784,0.6421164594229338,1.0,0.001,0.75
2,fusion_raw,,0.6228571428571429,0.6228571428571429,0.6447496231384419,1.0,0.001,0.9
2,fusion_raw,,0.6104761904761904,0.6055172413793104,0.6489955901657808,1.0,0.001,1.0
2,fusion_raw,,0.5523809523809524,0.5299145299145298,0.6939103292437688,1.0,0.01,0.0
2,fusion_raw,,0.559047619047619,0.5376962003602368,0.6667232296238103,1.0,0.01,0.1
2,fusion_raw,,0.5695238095238095,0.5630191404839292,0.637294047537772,1.0,0.01,0.25
2,fusion_raw,,0.677142857142857,0.6833746898263027,0.618072409751386,1.0,0.01,0.5
2,fusion_raw,,0.6228571428571429,0.6228571428571429,0.6318343655983772,1.0,0.01,0.75
2,fusion_raw,,0.6085714285714285,0.6093675016796238,0.653247309371027,1.0,0.01,0.9
2,fusion_raw,,0.5952380952380952,0.5944796294545799,0.6721573755415234,1.0,0.01,1.0
2,fusion_raw,,0.5523809523809524,0.5299145299145298,0.6939103292437688,1.0,0.1,0.0
2,fusion_raw,,0.5847619047619048,0.5722870272180982,0.6485483251495989,1.0,0.1,0.1
2,fusion_raw,,0.6219047619047618,0.6244268851819335,0.6285373912786942,1.0,0.1,0.25
2,fusion_raw,,0.6000000000000001,0.6033653846153846,0.687640741067285,1.0,0.1,0.5
2,fusion_raw,,0.5733333333333334,0.5743034055727554,0.8152076692375918,1.0,0.1,0.75
2,fusion_raw,,0.5809523809523809,0.5809523809523809,0.911202568543791,1.0,0.1,0.9
2,fusion_raw,,0.5742857142857143,0.5736837130163532,0.9806836229870942,1.0,0.1,1.0
2,fusion_raw,,0.5523809523809524,0.5299145299145298,0.6939103292437688,1.0,1.0,0.0
2,fusion_raw,,0.5971428571428572,0.5904095904095904,0.6379161266840591,1.0,1.0,0.1
2,fusion_raw,,0.6076190476190476,0.6103896103896104,0.6693566160116485,1.0,1.0,0.25
2,fusion_raw,,0.5800000000000001,0.5815042434884402,0.87723873566933,1.0,1.0,0.5
2,fusion_raw,,0.5457142857142857,0.5460216911411844,1.1675694445772518,1.0,1.0,0.75
2,fusion_raw,,0.5247619047619048,0.5249064209617046,1.3597548566724622,1.0,1.0,0.9
2,fusion_raw,,0.5247619047619048,0.5249064209617046,1.4922885659233898,1.0,1.0,1.0
2,fusion_raw,,0.5523809523809524,0.5299145299145298,0.6939103292437688,1.0,10.0,0.0
2,fusion_raw,,0.6161904761904762,0.6152755458928065,0.6399153774836781,1.0,10.0,0.1
2,fusion_raw,,0.6009523809523809,0.6029655643351868,0.7491535131647432,1.0,10.0,0.25
2,fusion_raw,,0.5876190476190476,0.5882522315001439,1.1257501512169203,1.0,10.0,0.5
2,fusion_raw,,0.539047619047619,0.539047619047619,1.5843292234642268,1.0,10.0,0.75
2,fusion_raw,,0.539047619047619,0.539047619047619,1.8750243999709897,1.0,10.0,0.9
2,fusion_raw,,0.539047619047619,0.539047619047619,2.072455738566835,1.0,10.0,1.0
2,fusion_raw,,0.5523809523809524,0.5299145299145298,0.696901298338111,10.0,0.001,0.0
2,fusion_raw,,0.5523809523809524,0.5299145299145298,0.6833020809873415,10.0,0.001,0.1
2,fusion_raw,,0.5304761904761904,0.5151672284158673,0.6661727224973704,10.0,0.001,0.25
2,fusion_raw,,0.5561904761904762,0.5482142857142858,0.647182950316953,10.0,0.001,0.5
2,fusion_raw,,0.6304761904761904,0.6283783783783784,0.6412379638189101,10.0,0.001,0.75
2,fusion_raw,,0.6228571428571429,0.6228571428571429,0.6442410029840457,10.0,0.001,0.9
2,fusion_raw,,0.6104761904761904,0.6055172413793104,0.6489955901657808,10.0,0.001,1.0
2,fusion_raw,,0.5523809523809524,0.5299145299145298,0.696901298338111,10.0,0.01,0.0
2,fusion_raw,,0.5733333333333333,0.5487179487179488,0.6687799208770253,10.0,0.01,0.1
2,fusion_raw,,0.5695238095238095,0.5630191404839292,0.6381107682743232,10.0,0.01,0.25
2,fusion_raw,,0.677142857142857,0.6833746898263027,0.6174949134759021,10.0,0.01,0.5
2,fusion_raw,,0.6228571428571429,0.6228571428571429,0.6309597422470743,10.0,0.01,0.75
2,fusion_raw,,0.6085714285714285,0.6093675016796238,0.6527623728638862,10.0,0.01,0.9
2,fusion_raw,,0.5952380952380952,0.5944796294545799,0.6721573755415234,10.0,0.01,1.0
2,fusion_raw,,0.5523809523809524,0.5299145299145298,0.696901298338111,10.0,0.1,0.0
2,fusion_raw,,0.5847619047619048,0.5722870272180982,0.6505789374557692,10.0,0.1,0.1
2,fusion_raw,,0.6219047619047618,0.6244268851819335,0.6292251028880044,10.0,0.1,0.25
2,fusion_raw,,0.6000000000000001,0.6033653846153846,0.6869161465987229,10.0,0.1,0.5
2,fusion_raw,,0.5733333333333334,0.5743034055727554,0.8143041544342007,10.0,0.1,0.75
2,fusion_raw,,0.5809523809523809,0.5809523809523809,0.9107325202924741,10.0,0.1,0.9
2,fusion_raw,,0.5742857142857143,0.5736837130163532,0.9806836229870942,10.0,0.1,1.0
2,fusion_raw,,0.5523809523809524,0.5299145299145298,0.696901298338111,10.0,1.0,0.0
2,fusion_raw,,0.5971428571428572,0.5904095904095904,0.6398599637385722,10.0,1.0,0.1
2,fusion_raw,,0.6076190476190476,0.6103896103896104,0.66976841687463,10.0,1.0,0.25
2,fusion_raw,,0.5866666666666667,0.5887445887445888,0.8762101104700523,10.0,1.0,0.5
2,fusion_raw,,0.5457142857142857,0.5460216911411844,1.1665663730120583,10.0,1.0,0.75
2,fusion_raw,,0.5247619047619048,0.5249064209617046,1.3592689942515483,10.0,1.0,0.9
2,fusion_raw,,0.5247619047619048,0.5249064209617046,1.4922885659233898,10.0,1.0,1.0
2,fusion_raw,,0.5523809523809524,0.5299145299145298,0.696901298338111,10.0,10.0,0.0
2,fusion_raw,,0.6161904761904762,0.6152755458928065,0.6417025951909171,10.0,10.0,0.1
2,fusion_raw,,0.6009523809523809,0.6029655643351868,0.7491562904700936,10.0,10.0,0.25
2,fusion_raw,,0.5876190476190476,0.5882522315001439,1.1243713318779736,10.0,10.0,0.5
2,fusion_raw,,0.539047619047619,0.539047619047619,1.5832092775368711,10.0,10.0,0.75
2,fusion_raw,,0.539047619047619,0.539047619047619,1.8745085163474537,10.0,10.0,0.9
2,fusion_raw,,0.539047619047619,0.539047619047619,2.072455738566835,10.0,10.0,1.0
2,fusion_trial_delta,,0.5523809523809524,0.5299145299145298,0.6919725028642707,0.001,0.001,0.0
2,fusion_trial_delta,,0.539047619047619,0.539047619047619,0.6853990222651082,0.001,0.001,0.1
2,fusion_trial_delta,,0.5819047619047619,0.5797222998788557,0.67671311354821,0.001,0.001,0.25
2,fusion_trial_delta,,0.5809523809523809,0.5809523809523809,0.6652809152334942,0.001,0.001,0.5
2,fusion_trial_delta,,0.5809523809523809,0.5809523809523809,0.6574160460159665,0.001,0.001,0.75
2,fusion_trial_delta,,0.5809523809523809,0.5809523809523809,0.6542661235533037,0.001,0.001,0.9
2,fusion_trial_delta,,0.5809523809523809,0.5809523809523809,0.6527710088816087,0.001,0.001,1.0
2,fusion_trial_delta,,0.5523809523809524,0.5299145299145298,0.6919725028642707,0.001,0.01,0.0
2,fusion_trial_delta,,0.5933333333333333,0.5960297766749381,0.6701813836433396,0.001,0.01,0.1
2,fusion_trial_delta,,0.5866666666666667,0.5887445887445888,0.6479702193673366,0.001,0.01,0.25
2,fusion_trial_delta,,0.5942857142857143,0.5955882352941176,0.6350035918046479,0.001,0.01,0.5
2,fusion_trial_delta,,0.5942857142857143,0.5955882352941176,0.6452394982539079,0.001,0.01,0.75
2,fusion_trial_delta,,0.5942857142857143,0.5955882352941176,0.6598322671096268,0.001,0.01,0.9
2,fusion_trial_delta,,0.5942857142857143,0.5955882352941176,0.6724153695126739,0.001,0.01,1.0
2,fusion_trial_delta,,0.5523809523809524,0.5299145299145298,0.6919725028642707,0.001,0.1,0.0
2,fusion_trial_delta,,0.5580952380952381,0.5592948717948718,0.651044670064972,0.001,0.1,0.1
2,fusion_trial_delta,,0.5438095238095237,0.5440299261955314,0.6351344916378944,0.001,0.1,0.25
2,fusion_trial_delta,,0.5438095238095237,0.5440299261955314,0.6897139646384552,0.001,0.1,0.5
2,fusion_trial_delta,,0.5438095238095237,0.5440299261955314,0.801779076588934,0.001,0.1,0.75
2,fusion_trial_delta,,0.5438095238095237,0.5440299261955314,0.8846902302193907,0.001,0.1,0.9
2,fusion_trial_delta,,0.5438095238095237,0.5440299261955314,0.9442910138865275,0.001,0.1,1.0
2,fusion_trial_delta,,0.5523809523809524,0.5299145299145298,0.6919725028642707,0.001,1.0,0.0
2,fusion_trial_delta,,0.5371428571428571,0.5372596153846154,0.6392923797312845,0.001,1.0,0.1
2,fusion_trial_delta,,0.5371428571428571,0.5372596153846154,0.6688333122003068,0.001,1.0,0.25
2,fusion_trial_delta,,0.5371428571428571,0.5372596153846154,0.8623507026610258,0.001,1.0,0.5
2,fusion_trial_delta,,0.5371428571428571,0.5372596153846154,1.1300350413444544,0.001,1.0,0.75
2,fusion_trial_delta,,0.5371428571428571,0.5372596153846154,1.3059923901772965,0.001,1.0,0.9
2,fusion_trial_delta,,0.5371428571428571,0.5372596153846154,1.42688888078044,0.001,1.0,1.0
2,fusion_trial_delta,,0.5523809523809524,0.5299145299145298,0.6919725028642707,0.001,10.0,0.0
2,fusion_trial_delta,,0.5228571428571429,0.5217874835709231,0.6412532839782717,0.001,10.0,0.1
2,fusion_trial_delta,,0.5228571428571429,0.5217874835709231,0.7452737146097046,0.001,10.0,0.25
2,fusion_trial_delta,,0.5161904761904762,0.515224358974359,1.103016962848673,0.001,10.0,0.5
2,fusion_trial_delta,,0.5161904761904762,0.515224358974359,1.5343705266112966,0.001,10.0,0.75
2,fusion_trial_delta,,0.5161904761904762,0.515224358974359,1.8059103971656774,0.001,10.0,0.9
2,fusion_trial_delta,,0.5161904761904762,0.515224358974359,1.9896848422934637,0.001,10.0,1.0
2,fusion_trial_delta,,0.5523809523809524,0.5299145299145298,0.6845440826149118,0.01,0.001,0.0
2,fusion_trial_delta,,0.5285714285714286,0.5212718713917754,0.6784659483835813,0.01,0.001,0.1
2,fusion_trial_delta,,0.5828571428571429,0.5778508771929824,0.6706261456217719,0.01,0.001,0.25
2,fusion_trial_delta,,0.539047619047619,0.539047619047619,0.6608881436859182,0.01,0.001,0.5
2,fusion_trial_delta,,0.5885714285714285,0.587087087087087,0.6550630326700599,0.01,0.001,0.75
2,fusion_trial_delta,,0.5809523809523809,0.5809523809523809,0.6532898753791823,0.01,0.001,0.9
2,fusion_trial_delta,,0.5809523809523809,0.5809523809523809,0.6527710088816087,0.01,0.001,1.0
2,fusion_trial_delta,,0.5523809523809524,0.5299145299145298,0.6845440826149118,0.01,0.01,0.0
2,fusion_trial_delta,,0.5952380952380952,0.5944796294545799,0.6632674947896489,0.01,0.01,0.1
2,fusion_trial_delta,,0.5723809523809524,0.5741935483870968,0.6419494594518143,0.01,0.01,0.25
2,fusion_trial_delta,,0.5933333333333333,0.5960297766749381,0.6308078637124331,0.01,0.01,0.5
2,fusion_trial_delta,,0.5866666666666667,0.5887445887445888,0.643100133165818,0.01,0.01,0.75
2,fusion_trial_delta,,0.5942857142857143,0.5955882352941176,0.6589719326051425,0.01,0.01,0.9
2,fusion_trial_delta,,0.5942857142857143,0.5955882352941176,0.6724153695126739,0.01,0.01,1.0
2,fusion_trial_delta,,0.5523809523809524,0.5299145299145298,0.6845440826149118,0.01,0.1,0.0
2,fusion_trial_delta,,0.5571428571428572,0.5576863594184969,0.6442892087129899,0.01,0.1,0.1
2,fusion_trial_delta,,0.559047619047619,0.5600429226416935,0.6295475927052068,0.01,0.1,0.25
2,fusion_trial_delta,,0.5580952380952381,0.5592948717948718,0.6861364927935478,0.01,0.1,0.5
2,fusion_trial_delta,,0.5438095238095237,0.5440299261955314,0.8000539792475957,0.01,0.1,0.75
2,fusion_trial_delta,,0.5438095238095237,0.5440299261955314,0.8840126167395548,0.01,0.1,0.9
2,fusion_trial_delta,,0.5438095238095237,0.5440299261955314,0.9442910138865275,0.01,0.1,1.0
2,fusion_trial_delta,,0.5523809523809524,0.5299145299145298,0.6845440826149118,0.01,1.0,0.0
2,fusion_trial_delta,,0.5447619047619048,0.5454545454545454,0.6327849754807651,0.01,1.0,0.1
2,fusion_trial_delta,,0.5371428571428571,0.5372596153846154,0.663798303488842,0.01,1.0,0.25
2,fusion_trial_delta,,0.5371428571428571,0.5372596153846154,0.8592725953079355,0.01,1.0,0.5
2,fusion_trial_delta,,0.5371428571428571,0.5372596153846154,1.1285660330789664,0.01,1.0,0.75
2,fusion_trial_delta,,0.5371428571428571,0.5372596153846154,1.3054169311381194,0.01,1.0,0.9
2,fusion_trial_delta,,0.5371428571428571,0.5372596153846154,1.42688888078044,0.01,1.0,1.0
2,fusion_trial_delta,,0.5523809523809524,0.5299145299145298,0.6845440826149118,0.01,10.0,0.0
2,fusion_trial_delta,,0.5304761904761905,0.5305210918114143,0.6349308645140486,0.01,10.0,0.1
2,fusion_trial_delta,,0.5228571428571429,0.5217874835709231,0.7404975092971804,0.01,10.0,0.25
2,fusion_trial_delta,,0.5228571428571429,0.5217874835709231,1.1000560172318015,0.01,10.0,0.5
2,fusion_trial_delta,,0.5228571428571429,0.5217874835709231,1.5329590541050622,0.01,10.0,0.75
2,fusion_trial_delta,,0.5161904761904762,0.515224358974359,1.8053638542023973,0.01,10.0,0.9
2,fusion_trial_delta,,0.5161904761904762,0.515224358974359,1.9896848422934637,0.01,10.0,1.0
2,fusion_trial_delta,,0.5523809523809524,0.5299145299145298,0.6822586605103091,0.1,0.001,0.0
2,fusion_trial_delta,,0.5523809523809524,0.5299145299145298,0.6734904400109102,0.1,0.001,0.1
2,fusion_trial_delta,,0.5361904761904762,0.5259871603201125,0.6627529011500483,0.1,0.001,0.25
2,fusion_trial_delta,,0.5828571428571429,0.5778508771929824,0.6514302763754893,0.1,0.001,0.5
2,fusion_trial_delta,,0.5323809523809524,0.5320918801398998,0.6482413785696971,0.1,0.001,0.75
2,fusion_trial_delta,,0.5819047619047619,0.5797222998788557,0.6500696675912914,0.1,0.001,0.9
2,fusion_trial_delta,,0.5809523809523809,0.5809523809523809,0.6527710088816087,0.1,0.001,1.0
2,fusion_trial_delta,,0.5523809523809524,0.5299145299145298,0.6822586605103091,0.1,0.01,0.0
2,fusion_trial_delta,,0.5571428571428572,0.5453346231641897,0.6582573361676171,0.1,0.01,0.1
2,fusion_trial_delta,,0.5819047619047619,0.5797222998788557,0.6339415525727498,0.1,0.01,0.25
2,fusion_trial_delta,,0.5723809523809524,0.5741935483870968,0.6214947726576241,0.1,0.01,0.5
2,fusion_trial_delta,,0.5933333333333333,0.5960297766749381,0.6367599323114238,0.1,0.01,0.75
2,fusion_trial_delta,,0.5866666666666667,0.5887445887445888,0.656090456007903,0.1,0.01,0.9
2,fusion_trial_delta,,0.5942857142857143,0.5955882352941176,0.6724153695126739,0.1,0.01,1.0
2,fusion_trial_delta,,0.5523809523809524,0.5299145299145298,0.6822586605103091,0.1,0.1,0.0
2,fusion_trial_delta,,0.5685714285714286,0.5650574712643678,0.6393973822495798,0.1,0.1,0.1
2,fusion_trial_delta,,0.5504761904761905,0.550837076357697,0.6217249345333394,0.1,0.1,0.25
2,fusion_trial_delta,,0.5657142857142857,0.5670995670995671,0.6776052523573942,0.1,0.1,0.5
2,fusion_trial_delta,,0.5580952380952381,0.5592948717948718,0.7946401710906509,0.1,0.1,0.75
2,fusion_trial_delta,,0.5438095238095237,0.5440299261955314,0.8816447803415233,0.1,0.1,0.9
2,fusion_trial_delta,,0.5438095238095237,0.5440299261955314,0.9442910138865275,0.1,0.1,1.0
2,fusion_trial_delta,,0.5523809523809524,0.5299145299145298,0.6822586605103091,0.1,1.0,0.0
2,fusion_trial_delta,,0.5800000000000001,0.5815042434884402,0.627906444947464,0.1,1.0,0.1
2,fusion_trial_delta,,0.5580952380952381,0.5592948717948718,0.6559959381196356,0.1,1.0,0.25
2,fusion_trial_delta,,0.5447619047619048,0.5454545454545454,0.8511814739640787,0.1,1.0,0.5
2,fusion_trial_delta,,0.5371428571428571,0.5372596153846154,1.1236893320455998,0.1,1.0,0.75
2,fusion_trial_delta,,0.5371428571428571,0.5372596153846154,1.303342694094098,0.1,1.0,0.9
2,fusion_trial_delta,,0.5371428571428571,0.5372596153846154,1.42688888078044,0.1,1.0,1.0
2,fusion_trial_delta,,0.5523809523809524,0.5299145299145298,0.6822586605103091,0.1,10.0,0.0
2,fusion_trial_delta,,0.5657142857142857,0.5670995670995671,0.629706045424612,0.1,10.0,0.1
2,fusion_trial_delta,,0.5371428571428571,0.5372596153846154,0.732019314807618,0.1,10.0,0.25
2,fusion_trial_delta,,0.5228571428571429,0.5217874835709231,1.0916059565724898,0.1,10.0,0.5
2,fusion_trial_delta,,0.5228571428571429,0.5217874835709231,1.5281238042730845,0.1,10.0,0.75
2,fusion_trial_delta,,0.5228571428571429,0.5217874835709231,1.8033689097012124,0.1,10.0,0.9
2,fusion_trial_delta,,0.5161904761904762,0.515224358974359,1.9896848422934637,0.1,10.0,1.0
2,fusion_trial_delta,,0.5523809523809524,0.5299145299145298,0.6939103292437688,1.0,0.001,0.0
2,fusion_trial_delta,,0.5523809523809524,0.5299145299145298,0.6809056578013707,1.0,0.001,0.1
2,fusion_trial_delta,,0.5504761904761905,0.5378151260504201,0.6648465527397124,1.0,0.001,0.25
2,fusion_trial_delta,,0.5485714285714286,0.5431563741422896,0.6479194871237464,1.0,0.001,0.5
2,fusion_trial_delta,,0.5676190476190476,0.5664414414414415,0.6438847754222,1.0,0.001,0.75
2,fusion_trial_delta,,0.5742857142857143,0.5736837130163532,0.6476929741555094,1.0,0.001,0.9
2,fusion_trial_delta,,0.5809523809523809,0.5809523809523809,0.6527710088816087,1.0,0.001,1.0
2,fusion_trial_delta,,0.5523809523809524,0.5299145299145298,0.6939103292437688,1.0,0.01,0.0
2,fusion_trial_delta,,0.5723809523809524,0.5531933281479561,0.6656359422562658,1.0,0.01,0.1
2,fusion_trial_delta,,0.5619047619047619,0.5577485380116959,0.6358758534410907,1.0,0.01,0.25
2,fusion_trial_delta,,0.5933333333333333,0.5960297766749381,0.6179933227348063,1.0,0.01,0.5
2,fusion_trial_delta,,0.5723809523809524,0.5741935483870968,0.6327641532488635,1.0,0.01,0.75
2,fusion_trial_delta,,0.5933333333333333,0.5960297766749381,0.6540028575825476,1.0,0.01,0.9
2,fusion_trial_delta,,0.5942857142857143,0.5955882352941176,0.6724153695126739,1.0,0.01,1.0
2,fusion_trial_delta,,0.5523809523809524,0.5299145299145298,0.6939103292437688,1.0,0.1,0.0
2,fusion_trial_delta,,0.5561904761904762,0.5482142857142858,0.6466953324989099,1.0,0.1,0.1
2,fusion_trial_delta,,0.5723809523809524,0.5741935483870968,0.6232615058857958,1.0,0.1,0.25
2,fusion_trial_delta,,0.5657142857142857,0.5670995670995671,0.6741059412876367,1.0,0.1,0.5
2,fusion_trial_delta,,0.5580952380952381,0.5592948717948718,0.7911559847880943,1.0,0.1,0.75
2,fusion_trial_delta,,0.5580952380952381,0.5592948717948718,0.8799250558462668,1.0,0.1,0.9
2,fusion_trial_delta,,0.5438095238095237,0.5440299261955314,0.9442910138865275,1.0,0.1,1.0
2,fusion_trial_delta,,0.5523809523809524,0.5299145299145298,0.6939103292437688,1.0,1.0,0.0
2,fusion_trial_delta,,0.5819047619047619,0.5797222998788557,0.6348581474045989,1.0,1.0,0.1
2,fusion_trial_delta,,0.5571428571428572,0.5576863594184969,0.6566972559445311,1.0,1.0,0.25
2,fusion_trial_delta,,0.5447619047619048,0.5454545454545454,0.8473923129037031,1.0,1.0,0.5
2,fusion_trial_delta,,0.5371428571428571,0.5372596153846154,1.1204703631953605,1.0,1.0,0.75
2,fusion_trial_delta,,0.5371428571428571,0.5372596153846154,1.3018425645181904,1.0,1.0,0.9
2,fusion_trial_delta,,0.5371428571428571,0.5372596153846154,1.42688888078044,1.0,1.0,1.0
2,fusion_trial_delta,,0.5523809523809524,0.5299145299145298,0.6939103292437688,1.0,10.0,0.0
2,fusion_trial_delta,,0.5666666666666667,0.5671369613206642,0.6360014007436365,1.0,10.0,0.1
2,fusion_trial_delta,,0.5514285714285714,0.5523573200992555,0.731531589789774,1.0,10.0,0.25
2,fusion_trial_delta,,0.5228571428571429,0.5217874835709231,1.0871944833714517,1.0,10.0,0.5
2,fusion_trial_delta,,0.5228571428571429,0.5217874835709231,1.5248838444031616,1.0,10.0,0.75
2,fusion_trial_delta,,0.5228571428571429,0.5217874835709231,1.8019337916451277,1.0,10.0,0.9
2,fusion_trial_delta,,0.5161904761904762,0.515224358974359,1.9896848422934637,1.0,10.0,1.0
2,fusion_trial_delta,,0.5523809523809524,0.5299145299145298,0.696901298338111,10.0,0.001,0.0
2,fusion_trial_delta,,0.5523809523809524,0.5299145299145298,0.6829831249390762,10.0,0.001,0.1
2,fusion_trial_delta,,0.5371428571428571,0.5227351614022909,0.6657309540915054,10.0,0.001,0.25
2,fusion_trial_delta,,0.5485714285714286,0.5431563741422896,0.6474357632513242,10.0,0.001,0.5
2,fusion_trial_delta,,0.5819047619047619,0.5797222998788557,0.6430410619144101,10.0,0.001,0.75
2,fusion_trial_delta,,0.5742857142857143,0.5736837130163532,0.6472041252644374,10.0,0.001,0.9
2,fusion_trial_delta,,0.5809523809523809,0.5809523809523809,0.6527710088816087,10.0,0.001,1.0
2,fusion_trial_delta,,0.5523809523809524,0.5299145299145298,0.696901298338111,10.0,0.01,0.0
2,fusion_trial_delta,,0.5723809523809524,0.5531933281479561,0.6677105637863274,10.0,0.01,0.1
2,fusion_trial_delta,,0.5619047619047619,0.5577485380116959,0.6367432763534384,10.0,0.01,0.25
2,fusion_trial_delta,,0.5933333333333333,0.5960297766749381,0.6175339592111221,10.0,0.01,0.5
2,fusion_trial_delta,,0.579047619047619,0.5813301282051282,0.6320140774747145,10.0,0.01,0.75
2,fusion_trial_delta,,0.6000000000000001,0.6033653846153846,0.653584679888311,10.0,0.01,0.9
2,fusion_trial_delta,,0.5942857142857143,0.5955882352941176,0.6724153695126739,10.0,0.01,1.0
2,fusion_trial_delta,,0.5523809523809524,0.5299145299145298,0.696901298338111,10.0,0.1,0.0
2,fusion_trial_delta,,0.5561904761904762,0.5482142857142858,0.6487554857442016,10.0,0.1,0.1
2,fusion_trial_delta,,0.5723809523809524,0.5741935483870968,0.6240543336477173,10.0,0.1,0.25
2,fusion_trial_delta,,0.5657142857142857,0.5670995670995671,0.6736500250255637,10.0,0.1,0.5
2,fusion_trial_delta,,0.5514285714285714,0.5523573200992555,0.7905190971133478,10.0,0.1,0.75
2,fusion_trial_delta,,0.5580952380952381,0.5592948717948718,0.879589506251861,10.0,0.1,0.9
2,fusion_trial_delta,,0.5438095238095237,0.5440299261955314,0.9442910138865275,10.0,0.1,1.0
2,fusion_trial_delta,,0.5523809523809524,0.5299145299145298,0.696901298338111,10.0,1.0,0.0
2,fusion_trial_delta,,0.5685714285714286,0.5650574712643678,0.6368498436624908,10.0,1.0,0.1
2,fusion_trial_delta,,0.5571428571428572,0.5576863594184969,0.6573187510186572,10.0,1.0,0.25
2,fusion_trial_delta,,0.5447619047619048,0.5454545454545454,0.8468717594655367,10.0,1.0,0.5
2,fusion_trial_delta,,0.5371428571428571,0.5372596153846154,1.1198936181687313,10.0,1.0,0.75
2,fusion_trial_delta,,0.5371428571428571,0.5372596153846154,1.3015582095742488,10.0,1.0,0.9
2,fusion_trial_delta,,0.5371428571428571,0.5372596153846154,1.42688888078044,10.0,1.0,1.0
2,fusion_trial_delta,,0.5523809523809524,0.5299145299145298,0.696901298338111,10.0,10.0,0.0
2,fusion_trial_delta,,0.5666666666666667,0.5671369613206642,0.6378659329190982,10.0,10.0,0.1
2,fusion_trial_delta,,0.5514285714285714,0.5523573200992555,0.731917527537809,10.0,10.0,0.25
2,fusion_trial_delta,,0.5228571428571429,0.5217874835709231,1.0865490390773196,10.0,10.0,0.5
2,fusion_trial_delta,,0.5228571428571429,0.5217874835709231,1.5243078177489113,10.0,10.0,0.75
2,fusion_trial_delta,,0.5228571428571429,0.5217874835709231,1.801666128010848,10.0,10.0,0.9
2,fusion_trial_delta,,0.5161904761904762,0.515224358974359,1.9896848422934637,10.0,10.0,1.0
2,fusion_water_delta,,0.5523809523809524,0.5299145299145298,0.6919725028642707,0.001,0.001,0.0
2,fusion_water_delta,,0.5704761904761905,0.5603517186250999,0.6894231875267373,0.001,0.001,0.1
2,fusion_water_delta,,0.5638095238095238,0.5528455284552845,0.6862434445482758,0.001,0.001,0.25
2,fusion_water_delta,,0.5704761904761905,0.5603517186250999,0.6826440889635889,0.001,0.001,0.5
2,fusion_water_delta,,0.5704761904761905,0.5603517186250999,0.6811182219726407,0.001,0.001,0.75
2,fusion_water_delta,,0.5638095238095238,0.5528455284552845,0.6811633013901167,0.001,0.001,0.9
2,fusion_water_delta,,0.5638095238095238,0.5528455284552845,0.6815802318057859,0.001,0.001,1.0
2,fusion_water_delta,,0.5523809523809524,0.5299145299145298,0.6919725028642707,0.001,0.01,0.0
2,fusion_water_delta,,0.5828571428571429,0.5778508771929824,0.6803008250386409,0.001,0.01,0.1
2,fusion_water_delta,,0.5961904761904762,0.5927434283598667,0.6714578543379196,0.001,0.01,0.25
2,fusion_water_delta,,0.6028571428571429,0.6002236511042773,0.6772330970692052,0.001,0.01,0.5
2,fusion_water_delta,,0.6028571428571429,0.6002236511042773,0.7034194689230762,0.001,0.01,0.75
2,fusion_water_delta,,0.6028571428571429,0.6002236511042773,0.7266838127141994,0.001,0.01,0.9
2,fusion_water_delta,,0.5961904761904762,0.5927434283598667,0.744769936166786,0.001,0.01,1.0
2,fusion_water_delta,,0.5523809523809524,0.5299145299145298,0.6919725028642707,0.001,0.1,0.0
2,fusion_water_delta,,0.6038095238095238,0.5979532163742691,0.6695565274929586,0.001,0.1,0.1
2,fusion_water_delta,,0.6038095238095238,0.5979532163742691,0.6822217046016367,0.001,0.1,0.25
2,fusion_water_delta,,0.6038095238095238,0.5979532163742691,0.7855781794210457,0.001,0.1,0.5
2,fusion_water_delta,,0.6038095238095238,0.5979532163742691,0.94384820591844,0.001,0.1,0.75
2,fusion_water_delta,,0.6038095238095238,0.5979532163742691,1.0530960443703974,0.001,0.1,0.9
2,fusion_water_delta,,0.6038095238095238,0.5979532163742691,1.1298554852676144,0.001,0.1,1.0
2,fusion_water_delta,,0.5523809523809524,0.5299145299145298,0.6919725028642707,0.001,1.0,0.0
2,fusion_water_delta,,0.5971428571428572,0.5904095904095904,0.6696515876916453,0.001,1.0,0.1
2,fusion_water_delta,,0.5904761904761904,0.5828819068255688,0.7560444646668103,0.001,1.0,0.25
2,fusion_water_delta,,0.5904761904761904,0.5828819068255688,1.0450668385777466,0.001,1.0,0.5
2,fusion_water_delta,,0.5904761904761904,0.5828819068255688,1.4011879302469317,0.001,1.0,0.75
2,fusion_water_delta,,0.5904761904761904,0.5828819068255688,1.6288181754953348,0.001,1.0,0.9
2,fusion_water_delta,,0.5904761904761904,0.5828819068255688,1.784039575706379,0.001,1.0,1.0
2,fusion_water_delta,,0.5523809523809524,0.5299145299145298,0.6919725028642707,0.001,10.0,0.0
2,fusion_water_delta,,0.5914285714285714,0.5798916422417622,0.6847566652339845,0.001,10.0,0.1
2,fusion_water_delta,,0.5914285714285714,0.5798916422417622,0.8732803559402761,0.001,10.0,0.25
2,fusion_water_delta,,0.5914285714285714,0.5798916422417622,1.3640013396853963,0.001,10.0,0.5
2,fusion_water_delta,,0.5914285714285714,0.5798916422417622,1.9206303863648093,0.001,10.0,0.75
2,fusion_water_delta,,0.5914285714285714,0.5798916422417622,2.267005385616799,0.001,10.0,0.9
2,fusion_water_delta,,0.5914285714285714,0.5798916422417622,2.500856458092399,0.001,10.0,1.0
2,fusion_water_delta,,0.5523809523809524,0.5299145299145298,0.6845440826149118,0.01,0.001,0.0
2,fusion_water_delta,,0.5380952380952381,0.5188266575177973,0.6825563804590591,0.01,0.001,0.1
2,fusion_water_delta,,0.5485714285714286,0.5431563741422896,0.6802926354700848,0.01,0.001,0.25
2,fusion_water_delta,,0.5914285714285714,0.5798916422417622,0.6784212470979865,0.01,0.001,0.5
2,fusion_water_delta,,0.5638095238095238,0.5528455284552845,0.678879202088301,0.01,0.001,0.75
2,fusion_water_delta,,0.5771428571428572,0.5678571428571428,0.6802373513419209,0.01,0.001,0.9
2,fusion_water_delta,,0.5638095238095238,0.5528455284552845,0.6815802318057859,0.01,0.001,1.0
2,fusion_water_delta,,0.5523809523809524,0.5299145299145298,0.6845440826149118,0.01,0.01,0.0
2,fusion_water_delta,,0.5542857142857143,0.5520177711958534,0.6735107165025361,0.01,0.01,0.1
2,fusion_water_delta,,0.54,0.5387195974280123,0.6656540150860525,0.01,0.01,0.25
2,fusion_water_delta,,0.5828571428571429,0.5778508771929824,0.6732022839727705,0.01,0.01,0.5
2,fusion_water_delta,,0.5961904761904762,0.5927434283598667,0.7013266291941743,0.01,0.01,0.75
2,fusion_water_delta,,0.6028571428571429,0.6002236511042773,0.7258282886025066,0.01,0.01,0.9
2,fusion_water_delta,,0.5961904761904762,0.5927434283598667,0.744769936166786,0.01,0.01,1.0
2,fusion_water_delta,,0.5523809523809524,0.5299145299145298,0.6845440826149118,0.01,0.1,0.0
2,fusion_water_delta,,0.5742857142857143,0.5736837130163532,0.6628816789261636,0.01,0.1,0.1
2,fusion_water_delta,,0.6104761904761904,0.6055172413793104,0.6766432652934065,0.01,0.1,0.25
2,fusion_water_delta,,0.6038095238095238,0.5979532163742691,0.7817789187012527,0.01,0.1,0.5
2,fusion_water_delta,,0.6038095238095238,0.5979532163742691,0.9418422219518945,0.01,0.1,0.75
2,fusion_water_delta,,0.6038095238095238,0.5979532163742691,1.0522596905976085,0.01,0.1,0.9
2,fusion_water_delta,,0.6038095238095238,0.5979532163742691,1.1298554852676144,0.01,0.1,1.0
2,fusion_water_delta,,0.5523809523809524,0.5299145299145298,0.6845440826149118,0.01,1.0,0.0
2,fusion_water_delta,,0.6171428571428571,0.6131062569418734,0.663086423567698,0.01,1.0,0.1
2,fusion_water_delta,,0.6104761904761904,0.6055172413793104,0.7506022400779319,0.01,1.0,0.25
2,fusion_water_delta,,0.5971428571428572,0.5904095904095904,1.0411186704405953,0.01,1.0,0.5
2,fusion_water_delta,,0.5904761904761904,0.5828819068255688,1.3989658563222553,0.01,1.0,0.75
2,fusion_water_delta,,0.5904761904761904,0.5828819068255688,1.6278756268785566,0.01,1.0,0.9
2,fusion_water_delta,,0.5904761904761904,0.5828819068255688,1.784039575706379,0.01,1.0,1.0
2,fusion_water_delta,,0.5523809523809524,0.5299145299145298,0.6845440826149118,0.01,10.0,0.0
2,fusion_water_delta,,0.5828571428571429,0.5778508771929824,0.6782991726718958,0.01,10.0,0.1
2,fusion_water_delta,,0.6114285714285714,0.6027446731672084,0.8678562120845227,0.01,10.0,0.25
2,fusion_water_delta,,0.5914285714285714,0.5798916422417622,1.359789553897023,0.01,10.0,0.5
2,fusion_water_delta,,0.5914285714285714,0.5798916422417622,1.918229447693878,0.01,10.0,0.75
2,fusion_water_delta,,0.5914285714285714,0.5798916422417622,2.265990572085653,0.01,10.0,0.9
2,fusion_water_delta,,0.5914285714285714,0.5798916422417622,2.500856458092399,0.01,10.0,1.0
2,fusion_water_delta,,0.5523809523809524,0.5299145299145298,0.6822586605103091,0.1,0.001,0.0
2,fusion_water_delta,,0.5523809523809524,0.5299145299145298,0.6777866693421924,0.1,0.001,0.1
2,fusion_water_delta,,0.5314285714285714,0.5111111111111112,0.6728458147118076,0.1,0.001,0.25
2,fusion_water_delta,,0.5628571428571428,0.5556154053326152,0.6694926802350151,0.1,0.001,0.5
2,fusion_water_delta,,0.5838095238095238,0.5753658317622766,0.6724015646190034,0.1,0.001,0.75
2,fusion_water_delta,,0.5638095238095238,0.5528455284552845,0.6771641797403659,0.1,0.001,0.9
2,fusion_water_delta,,0.5638095238095238,0.5528455284552845,0.6815802318057859,0.1,0.001,1.0
2,fusion_water_delta,,0.5523809523809524,0.5299145299145298,0.6822586605103091,0.1,0.01,0.0
2,fusion_water_delta,,0.5514285714285714,0.5341802782819117,0.6688545940596232,0.1,0.01,0.1
2,fusion_water_delta,,0.5542857142857143,0.5520177711958534,0.6582852525076097,0.1,0.01,0.25
2,fusion_water_delta,,0.54,0.5387195974280123,0.6643532850694903,0.1,0.01,0.5
2,fusion_water_delta,,0.5761904761904761,0.5704295704295705,0.6950608570013957,0.1,0.01,0.75
2,fusion_water_delta,,0.6028571428571429,0.6002236511042773,0.7229188754230426,0.1,0.01,0.9
2,fusion_water_delta,,0.5961904761904762,0.5927434283598667,0.744769936166786,0.1,0.01,1.0
2,fusion_water_delta,,0.5523809523809524,0.5299145299145298,0.6822586605103091,0.1,0.1,0.0
2,fusion_water_delta,,0.5266666666666666,0.5245977011494253,0.6581349816970916,0.1,0.1,0.1
2,fusion_water_delta,,0.5952380952380952,0.5944796294545799,0.6686545489284658,0.1,0.1,0.25
2,fusion_water_delta,,0.6028571428571429,0.6002236511042773,0.7722585711112911,0.1,0.1,0.5
2,fusion_water_delta,,0.6104761904761904,0.6055172413793104,0.9353331693223744,0.1,0.1,0.75
2,fusion_water_delta,,0.6038095238095238,0.5979532163742691,1.0493036835810519,0.1,0.1,0.9
2,fusion_water_delta,,0.6038095238095238,0.5979532163742691,1.1298554852676144,0.1,0.1,1.0
2,fusion_water_delta,,0.5523809523809524,0.5299145299145298,0.6822586605103091,0.1,1.0,0.0
2,fusion_water_delta,,0.5457142857142857,0.5460216911411844,0.6577799553562135,0.1,1.0,0.1
2,fusion_water_delta,,0.6028571428571429,0.6002236511042773,0.7410117207569326,0.1,1.0,0.25
2,fusion_water_delta,,0.6104761904761904,0.6055172413793104,1.0297216112674623,0.1,1.0,0.5
2,fusion_water_delta,,0.5971428571428572,0.5904095904095904,1.3913920323662519,0.1,1.0,0.75
2,fusion_water_delta,,0.5904761904761904,0.5828819068255688,1.6245127662779937,0.1,1.0,0.9
2,fusion_water_delta,,0.5904761904761904,0.5828819068255688,1.784039575706379,0.1,1.0,1.0
2,fusion_water_delta,,0.5523809523809524,0.5299145299145298,0.6822586605103091,0.1,10.0,0.0
2,fusion_water_delta,,0.5952380952380952,0.5944796294545799,0.6722163748631029,0.1,10.0,0.1
2,fusion_water_delta,,0.618095238095238,0.6103896103896103,0.8565173517339834,0.1,10.0,0.25
2,fusion_water_delta,,0.6114285714285714,0.6027446731672084,1.3467382272632948,0.1,10.0,0.5
2,fusion_water_delta,,0.598095238095238,0.5875,1.9099294709800076,0.1,10.0,0.75
2,fusion_water_delta,,0.5914285714285714,0.5798916422417622,2.2623781217450243,0.1,10.0,0.9
2,fusion_water_delta,,0.5914285714285714,0.5798916422417622,2.500856458092399,0.1,10.0,1.0
2,fusion_water_delta,,0.5523809523809524,0.5299145299145298,0.6939103292437688,1.0,0.001,0.0
2,fusion_water_delta,,0.5523809523809524,0.5299145299145298,0.6853067414410436,1.0,0.001,0.1
2,fusion_water_delta,,0.539047619047619,0.514266304347826,0.6751433108654211,1.0,0.001,0.25
2,fusion_water_delta,,0.5504761904761905,0.5378151260504201,0.6661944141644668,1.0,0.001,0.5
2,fusion_water_delta,,0.5904761904761904,0.5828819068255688,0.6681461010986924,1.0,0.001,0.75
2,fusion_water_delta,,0.5838095238095238,0.5753658317622766,0.6748195813585182,1.0,0.001,0.9
2,fusion_water_delta,,0.5638095238095238,0.5528455284552845,0.6815802318057859,1.0,0.001,1.0
2,fusion_water_delta,,0.5523809523809524,0.5299145299145298,0.6939103292437688,1.0,0.01,0.0
2,fusion_water_delta,,0.5523809523809524,0.5299145299145298,0.6763954470213136,1.0,0.01,0.1
2,fusion_water_delta,,0.5342857142857143,0.5304695304695305,0.6604780435167817,1.0,0.01,0.25
2,fusion_water_delta,,0.5971428571428572,0.5904095904095904,0.6608751583237981,1.0,0.01,0.5
2,fusion_water_delta,,0.5828571428571429,0.5778508771929824,0.6908453442932708,1.0,0.01,0.75
2,fusion_water_delta,,0.6028571428571429,0.6002236511042773,0.7206757611254819,1.0,0.01,0.9
2,fusion_water_delta,,0.5961904761904762,0.5927434283598667,0.744769936166786,1.0,0.01,1.0
2,fusion_water_delta,,0.5523809523809524,0.5299145299145298,0.6939103292437688,1.0,0.1,0.0
2,fusion_water_delta,,0.5495238095238095,0.5408117950084377,0.6654251249185373,1.0,0.1,0.1
2,fusion_water_delta,,0.6019047619047619,0.6019047619047619,0.6698125371777947,1.0,0.1,0.25
2,fusion_water_delta,,0.6019047619047619,0.6019047619047619,0.7675197170983514,1.0,0.1,0.5
2,fusion_water_delta,,0.6171428571428571,0.6131062569418734,0.9306294244849085,1.0,0.1,0.75
2,fusion_water_delta,,0.6038095238095238,0.5979532163742691,1.046971527899187,1.0,0.1,0.9
2,fusion_water_delta,,0.6038095238095238,0.5979532163742691,1.1298554852676144,1.0,0.1,1.0
2,fusion_water_delta,,0.5523809523809524,0.5299145299145298,0.6939103292437688,1.0,1.0,0.0
2,fusion_water_delta,,0.5466666666666666,0.5457957957957957,0.6643032978821043,1.0,1.0,0.1
2,fusion_water_delta,,0.5809523809523809,0.5809523809523809,0.7400128955045339,1.0,1.0,0.25
2,fusion_water_delta,,0.6028571428571429,0.6002236511042773,1.0227404308774906,1.0,1.0,0.5
2,fusion_water_delta,,0.6104761904761904,0.6055172413793104,1.3856668088979445,1.0,1.0,0.75
2,fusion_water_delta,,0.5971428571428572,0.5904095904095904,1.6218454118957641,1.0,1.0,0.9
2,fusion_water_delta,,0.5904761904761904,0.5828819068255688,1.784039575706379,1.0,1.0,1.0
2,fusion_water_delta,,0.5523809523809524,0.5299145299145298,0.6939103292437688,1.0,10.0,0.0
2,fusion_water_delta,,0.5323809523809524,0.5320918801398998,0.6776916255498745,1.0,10.0,0.1
2,fusion_water_delta,,0.6104761904761904,0.6055172413793104,0.8531944823781976,1.0,10.0,0.25
2,fusion_water_delta,,0.6114285714285714,0.6027446731672084,1.3379523534134408,1.0,10.0,0.5
2,fusion_water_delta,,0.618095238095238,0.6103896103896103,1.90354100860119,1.0,10.0,0.75
2,fusion_water_delta,,0.5914285714285714,0.5798916422417622,2.25950777149641,1.0,10.0,0.9
2,fusion_water_delta,,0.5914285714285714,0.5798916422417622,2.500856458092399,1.0,10.0,1.0
2,fusion_water_delta,,0.5523809523809524,0.5299145299145298,0.696901298338111,10.0,0.001,0.0
2,fusion_water_delta,,0.5523809523809524,0.5299145299145298,0.6873987665162422,10.0,0.001,0.1
2,fusion_water_delta,,0.539047619047619,0.514266304347826,0.6760516221497049,10.0,0.001,0.25
2,fusion_water_delta,,0.5504761904761905,0.5378151260504201,0.6657221512522897,10.0,0.001,0.5
2,fusion_water_delta,,0.5904761904761904,0.5828819068255688,0.6672940387835766,10.0,0.001,0.75
2,fusion_water_delta,,0.5838095238095238,0.5753658317622766,0.6743227115126602,10.0,0.001,0.9
2,fusion_water_delta,,0.5638095238095238,0.5528455284552845,0.6815802318057859,10.0,0.001,1.0
2,fusion_water_delta,,0.5523809523809524,0.5299145299145298,0.696901298338111,10.0,0.01,0.0
2,fusion_water_delta,,0.5457142857142857,0.5221058011755686,0.6784908354310711,10.0,0.01,0.1
2,fusion_water_delta,,0.5342857142857143,0.5304695304695305,0.6613652698789967,10.0,0.01,0.25
2,fusion_water_delta,,0.5971428571428572,0.5904095904095904,0.6603599394538692,10.0,0.01,0.5
2,fusion_water_delta,,0.5828571428571429,0.5778508771929824,0.689994692091363,10.0,0.01,0.75
2,fusion_water_delta,,0.6028571428571429,0.6002236511042773,0.7201982960801637,10.0,0.01,0.9
2,fusion_water_delta,,0.5961904761904762,0.5927434283598667,0.744769936166786,10.0,0.01,1.0
2,fusion_water_delta,,0.5523809523809524,0.5299145299145298,0.696901298338111,10.0,0.1,0.0
2,fusion_water_delta,,0.5495238095238095,0.5408117950084377,0.6674729900729578,10.0,0.1,0.1
2,fusion_water_delta,,0.5952380952380952,0.5944796294545799,0.6704920032152333,10.0,0.1,0.25
2,fusion_water_delta,,0.6019047619047619,0.6019047619047619,0.7667171171388509,10.0,0.1,0.5
2,fusion_water_delta,,0.6171428571428571,0.6131062569418734,0.9296600875776443,10.0,0.1,0.75
2,fusion_water_delta,,0.6038095238095238,0.5979532163742691,1.0464730860172502,10.0,0.1,0.9
2,fusion_water_delta,,0.6038095238095238,0.5979532163742691,1.1298554852676144,10.0,0.1,1.0
2,fusion_water_delta,,0.5523809523809524,0.5299145299145298,0.696901298338111,10.0,1.0,0.0
2,fusion_water_delta,,0.5466666666666666,0.5457957957957957,0.6662045777288449,10.0,1.0,0.1
2,fusion_water_delta,,0.5952380952380952,0.5944796294545799,0.7402414981154712,10.0,1.0,0.25
2,fusion_water_delta,,0.5961904761904762,0.5927434283598667,1.021427617330609,10.0,1.0,0.5
2,fusion_water_delta,,0.6104761904761904,0.6055172413793104,1.3844688990904785,10.0,1.0,0.75
2,fusion_water_delta,,0.5971428571428572,0.5904095904095904,1.6212749104379243,10.0,1.0,0.9
2,fusion_water_delta,,0.5904761904761904,0.5828819068255688,1.784039575706379,10.0,1.0,1.0
2,fusion_water_delta,,0.5523809523809524,0.5299145299145298,0.696901298338111,10.0,10.0,0.0
2,fusion_water_delta,,0.5323809523809524,0.5320918801398998,0.6793861466071868,10.0,10.0,0.1
2,fusion_water_delta,,0.6104761904761904,0.6055172413793104,0.8529081323263111,10.0,10.0,0.25
2,fusion_water_delta,,0.6114285714285714,0.6027446731672084,1.3362237906618142,10.0,10.0,0.5
2,fusion_water_delta,,0.618095238095238,0.6103896103896103,1.902193564823708,10.0,10.0,0.75
2,fusion_water_delta,,0.5914285714285714,0.5798916422417622,2.258893049597591,10.0,10.0,0.9
2,fusion_water_delta,,0.5914285714285714,0.5798916422417622,2.500856458092399,10.0,10.0,1.0
3,code_only,0.001,0.6361904761904762,0.6051282051282052,0.6888546286574985,,,
3,code_only,0.01,0.6361904761904762,0.6051282051282052,0.6602281993214844,,,
3,code_only,0.1,0.6361904761904762,0.6051282051282052,0.6095487205962937,,,
3,code_only,1.0,0.6361904761904762,0.6051282051282052,0.5985137686972554,,,
3,code_only,10.0,0.6361904761904762,0.6051282051282052,0.5968884130384391,,,
3,face_raw,0.001,0.4504761904761905,0.4505494505494505,0.7122690822882828,,,
3,face_raw,0.01,0.4980952380952381,0.497716894977169,0.8364802112667886,,,
3,face_raw,0.1,0.4714285714285714,0.47052947052947053,1.2638406247112879,,,
3,face_raw,1.0,0.4780952380952381,0.47733918128654973,1.9431450594933217,,,
3,face_raw,10.0,0.45142857142857146,0.45000000000000007,15.210830391906416,,,
3,face_trial_delta,0.001,0.4076190476190476,0.4094779711218068,0.7264850979045502,,,
3,face_trial_delta,0.01,0.3933333333333333,0.3952101388500606,0.8764313834550014,,,
3,face_trial_delta,0.1,0.3942857142857143,0.3969298245614035,1.3758018984436653,,,
3,face_trial_delta,1.0,0.3942857142857143,0.3969298245614035,2.152848878582438,,,
3,face_trial_delta,10.0,0.38857142857142857,0.3910714285714285,9.29229429795525,,,
3,face_water_delta,0.001,0.4676190476190476,0.458128078817734,0.6925583068321464,,,
3,face_water_delta,0.01,0.4866666666666667,0.4821920241584511,0.8500310284955506,,,
3,face_water_delta,0.1,0.5342857142857143,0.5304695304695305,1.4496250786489009,,,
3,face_water_delta,1.0,0.52,0.5175438596491229,2.356971315457006,,,
3,face_water_delta,10.0,0.52,0.5175438596491229,22.13579074071573,,,
3,fusion_raw,,0.6361904761904762,0.6051282051282052,0.6888546286574985,0.001,0.001,0.0
3,fusion_raw,,0.4847619047619048,0.48413793103448277,0.6895829986329653,0.001,0.001,0.1
3,fusion_raw,,0.4361904761904762,0.4371345029239766,0.6913591190576829,0.001,0.001,0.25
3,fusion_raw,,0.4504761904761905,0.4505494505494505,0.6961291791070129,0.001,0.001,0.5
3,fusion_raw,,0.45714285714285713,0.4572368421052632,0.7031220323394276,0.001,0.001,0.75
3,fusion_raw,,0.45714285714285713,0.4572368421052632,0.7083570925562693,0.001,0.001,0.9
3,fusion_raw,,0.4504761904761905,0.4505494505494505,0.7122690822882828,0.001,0.001,1.0
3,fusion_raw,,0.6361904761904762,0.6051282051282052,0.6888546286574985,0.001,0.01,0.0
3,fusion_raw,,0.519047619047619,0.5182182462025906,0.68964343189553,0.001,0.01,0.1
3,fusion_raw,,0.5123809523809524,0.51129211403184,0.6975191741256691,0.001,0.01,0.25
3,fusion_raw,,0.4980952380952381,0.497716894977169,0.7272667624075543,0.001,0.01,0.5
3,fusion_raw,,0.4980952380952381,0.497716894977169,0.7748183163916743,0.001,0.01,0.75
3,fusion_raw,,0.4980952380952381,0.497716894977169,0.8103434393838079,0.001,0.01,0.9
3,fusion_raw,,0.4980952380952381,0.497716894977169,0.8364802112667886,0.001,0.01,1.0
3,fusion_raw,,0.6361904761904762,0.6051282051282052,0.6888546286574985,0.001,0.1,0.0
3,fusion_raw,,0.4638095238095238,0.46390804597701146,0.6946931730096639,0.001,0.1,0.1
3,fusion_raw,,0.45714285714285713,0.4572368421052632,0.7364399603978763,0.001,0.1,0.25
3,fusion_raw,,0.45714285714285713,0.4572368421052632,0.8707173644364755,0.001,0.1,0.5
3,fusion_raw,,0.4714285714285714,0.47052947052947053,1.0538301607342455,0.001,0.1,0.75
3,fusion_raw,,0.4714285714285714,0.47052947052947053,1.1774948500327589,0.001,0.1,0.9
3,fusion_raw,,0.4714285714285714,0.47052947052947053,1.2638406247112879,0.001,0.1,1.0
3,fusion_raw,,0.6361904761904762,0.6051282051282052,0.6888546286574985,0.001,1.0,0.0
3,fusion_raw,,0.4714285714285714,0.47052947052947053,0.7108364232660752,0.001,1.0,0.1
3,fusion_raw,,0.4780952380952381,0.47733918128654973,0.8289965590088226,0.001,1.0,0.25
3,fusion_raw,,0.4780952380952381,0.47733918128654973,1.147765137271858,0.001,1.0,0.5
3,fusion_raw,,0.4780952380952381,0.47733918128654973,1.5317595649491396,0.001,1.0,0.75
3,fusion_raw,,0.4780952380952381,0.47733918128654973,1.7764456296941238,0.001,1.0,0.9
3,fusion_raw,,0.4780952380952381,0.47733918128654973,1.9431450594933217,0.001,1.0,1.0
3,fusion_raw,,0.6361904761904762,0.6051282051282052,0.6888546286574985,0.001,10.0,0.0
3,fusion_raw,,0.4723809523809524,0.46964285714285714,1.9870268786492187,0.001,10.0,0.1
3,fusion_raw,,0.45142857142857146,0.45000000000000007,4.086266379537283,0.001,10.0,0.25
3,fusion_raw,,0.45142857142857146,0.45000000000000007,7.741972365156355,0.001,10.0,0.5
3,fusion_raw,,0.45142857142857146,0.45000000000000007,11.46451602831971,0.001,10.0,0.75
3,fusion_raw,,0.45142857142857146,0.45000000000000007,13.710554180577912,0.001,10.0,0.9
3,fusion_raw,,0.45142857142857146,0.45000000000000007,15.210830391906416,0.001,10.0,1.0
3,fusion_raw,,0.6361904761904762,0.6051282051282052,0.6602281993214844,0.01,0.001,0.0
3,fusion_raw,,0.6361904761904762,0.6051282051282052,0.6633551536509793,0.01,0.001,0.1
3,fusion_raw,,0.5971428571428572,0.5904095904095904,0.6689191151545529,0.01,0.001,0.25
3,fusion_raw,,0.49142857142857144,0.4909292854498334,0.6805200378589008,0.01,0.001,0.5
3,fusion_raw,,0.4504761904761905,0.4505494505494505,0.6949964892822073,0.01,0.001,0.75
3,fusion_raw,,0.4504761904761905,0.4505494505494505,0.7050312703215413,0.01,0.001,0.9
3,fusion_raw,,0.4504761904761905,0.4505494505494505,0.7122690822882828,0.01,0.001,1.0
3,fusion_raw,,0.6361904761904762,0.6051282051282052,0.6602281993214844,0.01,0.01,0.0
3,fusion_raw,,0.598095238095238,0.5875,0.6633015581090257,0.01,0.01,0.1
3,fusion_raw,,0.5047619047619047,0.5045045045045045,0.6748415748719657,0.01,0.01,0.25
3,fusion_raw,,0.519047619047619,0.5182182462025906,0.7114212672181797,0.01,0.01,0.5
3,fusion_raw,,0.4980952380952381,0.497716894977169,0.7666152757264207,0.01,0.01,0.75
3,fusion_raw,,0.4980952380952381,0.497716894977169,0.8070110479143182,0.01,0.01,0.9
3,fusion_raw,,0.4980952380952381,0.497716894977169,0.8364802112667886,0.01,0.01,1.0
3,fusion_raw,,0.6361904761904762,0.6051282051282052,0.6602281993214844,0.01,0.1,0.0
3,fusion_raw,,0.5266666666666666,0.5245977011494253,0.6679892150380563,0.01,0.1,0.1
3,fusion_raw,,0.4847619047619048,0.48413793103448277,0.7132045152206006,0.01,0.1,0.25
3,fusion_raw,,0.4638095238095238,0.46390804597701146,0.8546579775375657,0.01,0.1,0.5
3,fusion_raw,,0.45714285714285713,0.4572368421052632,1.045674734325663,0.01,0.1,0.75
3,fusion_raw,,0.4714285714285714,0.47052947052947053,1.1742162370655287,0.01,0.1,0.9
3,fusion_raw,,0.4714285714285714,0.47052947052947053,1.2638406247112879,0.01,0.1,1.0
3,fusion_raw,,0.6361904761904762,0.6051282051282052,0.6602281993214844,0.01,1.0,0.0
3,fusion_raw,,0.5057142857142858,0.504367816091954,0.6837022186986202,0.01,1.0,0.1
3,fusion_raw,,0.46476190476190476,0.46370530877573135,0.8054255085821678,0.01,1.0,0.25
3,fusion_raw,,0.4714285714285714,0.47052947052947053,1.131642778550302,0.01,1.0,0.5
3,fusion_raw,,0.4780952380952381,0.47733918128654973,1.5236166775453153,0.01,1.0,0.75
3,fusion_raw,,0.4780952380952381,0.47733918128654973,1.7731851779121999,0.01,1.0,0.9
3,fusion_raw,,0.4780952380952381,0.47733918128654973,1.9431450594933217,0.01,1.0,1.0
3,fusion_raw,,0.6361904761904762,0.6051282051282052,0.6602281993214844,0.01,10.0,0.0
3,fusion_raw,,0.49238095238095236,0.4905094905094905,1.9588218498350645,0.01,10.0,0.1
3,fusion_raw,,0.4723809523809524,0.46964285714285714,4.061922422891447,0.01,10.0,0.25
3,fusion_raw,,0.4723809523809524,0.46964285714285714,7.725093725236488,0.01,10.0,0.5
3,fusion_raw,,0.45142857142857146,0.45000000000000007,11.455937801235326,0.01,10.0,0.75
3,fusion_raw,,0.45142857142857146,0.45000000000000007,13.707114536190158,0.01,10.0,0.9
3,fusion_raw,,0.45142857142857146,0.45000000000000007,15.210830391906416,0.01,10.0,1.0
3,fusion_raw,,0.6361904761904762,0.6051282051282052,0.6095487205962937,0.1,0.001,0.0
3,fusion_raw,,0.6295238095238096,0.5970695970695971,0.6119039550148913,0.1,0.001,0.1
3,fusion_raw,,0.6228571428571429,0.5889945652173914,0.618414733878942,0.1,0.001,0.25
3,fusion_raw,,0.6047619047619047,0.5951162581919381,0.637886817857417,0.1,0.001,0.5
3,fusion_raw,,0.5047619047619047,0.5045045045045045,0.6690046947177208,0.1,0.001,0.75
3,fusion_raw,,0.4495238095238095,0.45020362828582006,0.69350155764159,0.1,0.001,0.9
3,fusion_raw,,0.4504761904761905,0.4505494505494505,0.7122690822882828,0.1,0.001,1.0
3,fusion_raw,,0.6361904761904762,0.6051282051282052,0.6095487205962937,0.1,0.01,0.0
3,fusion_raw,,0.6295238095238096,0.5970695970695971,0.6113966693526065,0.1,0.01,0.1
3,fusion_raw,,0.5914285714285714,0.5798916422417622,0.6231606501147998,0.1,0.01,0.25
3,fusion_raw,,0.5180952380952382,0.5180952380952382,0.6673333676822453,0.1,0.01,0.5
3,fusion_raw,,0.5114285714285715,0.5112959637016732,0.7400875954020159,0.1,0.01,0.75
3,fusion_raw,,0.5123809523809524,0.51129211403184,0.7954373468826629,0.1,0.01,0.9
3,fusion_raw,,0.4980952380952381,0.497716894977169,0.8364802112667886,0.1,0.01,1.0
3,fusion_raw,,0.6361904761904762,0.6051282051282052,0.6095487205962937,0.1,0.1,0.0
3,fusion_raw,,0.6276190476190476,0.6069716775599129,0.6144484510685001,0.1,0.1,0.1
3,fusion_raw,,0.5133333333333334,0.5104895104895105,0.6577561289819182,0.1,0.1,0.25
3,fusion_raw,,0.4980952380952381,0.497716894977169,0.807592728623382,0.1,0.1,0.5
3,fusion_raw,,0.4704761904761905,0.4705664568678267,1.0184723593968683,0.1,0.1,0.75
3,fusion_raw,,0.45714285714285713,0.4572368421052632,1.162652082138555,0.1,0.1,0.9
3,fusion_raw,,0.4714285714285714,0.47052947052947053,1.2638406247112879,0.1,0.1,1.0
3,fusion_raw,,0.6361904761904762,0.6051282051282052,0.6095487205962937,0.1,1.0,0.0
3,fusion_raw,,0.578095238095238,0.5646820860082666,0.6276083806871089,0.1,1.0,0.1
3,fusion_raw,,0.4990476190476191,0.4974415204678362,0.7456998914713797,0.1,1.0,0.25
3,fusion_raw,,0.49238095238095236,0.4905094905094905,1.0819936620735973,0.1,1.0,0.5
3,fusion_raw,,0.4714285714285714,0.47052947052947053,1.495757470763628,0.1,1.0,0.75
3,fusion_raw,,0.4714285714285714,0.47052947052947053,1.7615486441287755,0.1,1.0,0.9
3,fusion_raw,,0.4780952380952381,0.47733918128654973,1.9431450594933217,0.1,1.0,1.0
3,fusion_raw,,0.6361904761904762,0.6051282051282052,0.6095487205962937,0.1,10.0,0.0
3,fusion_raw,,0.5561904761904762,0.5482142857142858,1.8964318494965295,0.1,10.0,0.1
3,fusion_raw,,0.4990476190476191,0.4974415204678362,3.996468895685883,0.1,10.0,0.25
3,fusion_raw,,0.47904761904761906,0.47661369961396893,7.670959865476081,0.1,10.0,0.5
3,fusion_raw,,0.4723809523809524,0.46964285714285714,11.42602330025916,0.1,10.0,0.75
3,fusion_raw,,0.45142857142857146,0.45000000000000007,13.694726054738613,0.1,10.0,0.9
3,fusion_raw,,0.45142857142857146,0.45000000000000007,15.210830391906416,0.1,10.0,1.0
3,fusion_raw,,0.6361904761904762,0.6051282051282052,0.5985137686972554,1.0,0.001,0.0
3,fusion_raw,,0.6295238095238096,0.5970695970695971,0.5940212602158264,1.0,0.001,0.1
3,fusion_raw,,0.6295238095238096,0.5970695970695971,0.5915550042632249,1.0,0.001,0.25
3,fusion_raw,,0.6142857142857143,0.5912194278800449,0.6024163848659285,1.0,0.001,0.5
3,fusion_raw,,0.519047619047619,0.5182182462025906,0.6396731280046278,1.0,0.001,0.75
3,fusion_raw,,0.47714285714285715,0.47721554375174724,0.6785838552006801,1.0,0.001,0.9
3,fusion_raw,,0.4504761904761905,0.4505494505494505,0.7122690822882828,1.0,0.001,1.0
3,fusion_raw,,0.6361904761904762,0.6051282051282052,0.5985137686972554,1.0,0.01,0.0
3,fusion_raw,,0.6228571428571429,0.5889945652173914,0.5931966649291507,1.0,0.01,0.1
3,fusion_raw,,0.6209523809523809,0.5990975355779243,0.5952570113201145,1.0,0.01,0.25
3,fusion_raw,,0.5323809523809524,0.5320918801398998,0.6300686329072736,1.0,0.01,0.5
3,fusion_raw,,0.49714285714285716,0.49714285714285716,0.7101772116066968,1.0,0.01,0.75
3,fusion_raw,,0.519047619047619,0.5182182462025906,0.7806944746337321,1.0,0.01,0.9
3,fusion_raw,,0.4980952380952381,0.497716894977169,0.8364802112667886,1.0,0.01,1.0
3,fusion_raw,,0.6361904761904762,0.6051282051282052,0.5985137686972554,1.0,0.1,0.0
3,fusion_raw,,0.6295238095238096,0.5970695970695971,0.5948135127067242,1.0,0.1,0.1
3,fusion_raw,,0.5419047619047619,0.5358649789029536,0.6247168820497628,1.0,0.1,0.25
3,fusion_raw,,0.5114285714285715,0.5112959637016732,0.7637651883184721,1.0,0.1,0.5
3,fusion_raw,,0.4704761904761905,0.4705664568678267,0.9862757087695164,1.0,0.1,0.75
3,fusion_raw,,0.4704761904761905,0.4705664568678267,1.1475876453259786,1.0,0.1,0.9
3,fusion_raw,,0.4714285714285714,0.47052947052947053,1.2638406247112879,1.0,0.1,1.0
3,fusion_raw,,0.6361904761904762,0.6051282051282052,0.5985137686972554,1.0,1.0,0.0
3,fusion_raw,,0.5857142857142856,0.5686274509803921,0.6051718830668661,1.0,1.0,0.1
3,fusion_raw,,0.52,0.5175438596491229,0.7045061952966225,1.0,1.0,0.25
3,fusion_raw,,0.5057142857142858,0.504367816091954,1.0311947853084427,1.0,1.0,0.5
3,fusion_raw,,0.46476190476190476,0.46370530877573135,1.4611523615207795,1.0,1.0,0.75
3,fusion_raw,,0.4714285714285714,0.47052947052947053,1.7460144633309027,1.0,1.0,0.9
3,fusion_raw,,0.4780952380952381,0.47733918128654973,1.9431450594933217,1.0,1.0,1.0
3,fusion_raw,,0.6361904761904762,0.6051282051282052,0.5985137686972554,1.0,10.0,0.0
3,fusion_raw,,0.5647619047619048,0.5494553376906318,1.8617256276433296,1.0,10.0,0.1
3,fusion_raw,,0.540952380952381,0.5376461988304093,3.945088529529041,1.0,10.0,0.25
3,fusion_raw,,0.49238095238095236,0.4905094905094905,7.610888343710312,1.0,10.0,0.5
3,fusion_raw,,0.47904761904761906,0.47661369961396893,11.387348279346105,1.0,10.0,0.75
3,fusion_raw,,0.45142857142857146,0.45000000000000007,13.677822483437168,1.0,10.0,0.9
3,fusion_raw,,0.45142857142857146,0.45000000000000007,15.210830391906416,1.0,10.0,1.0
3,fusion_raw,,0.6361904761904762,0.6051282051282052,0.5968884130384391,10.0,0.001,0.0
3,fusion_raw,,0.6295238095238096,0.5970695970695971,0.5895039790972576,10.0,0.001,0.1
3,fusion_raw,,0.6295238095238096,0.5970695970695971,0.5818769436053828,10.0,0.001,0.25
3,fusion_raw,,0.6142857142857143,0.5912194278800449,0.5826493466351763,10.0,0.001,0.5
3,fusion_raw,,0.5333333333333333,0.5316549426138468,0.6156280712524936,10.0,0.001,0.75
3,fusion_raw,,0.49714285714285716,0.49714285714285716,0.663855424422173,10.0,0.001,0.9
3,fusion_raw,,0.4504761904761905,0.4505494505494505,0.7122690822882828,10.0,0.001,1.0
3,fusion_raw,,0.6361904761904762,0.6051282051282052,0.5968884130384391,10.0,0.01,0.0
3,fusion_raw,,0.6228571428571429,0.5889945652173914,0.588611740235779,10.0,0.01,0.1
3,fusion_raw,,0.6209523809523809,0.5990975355779243,0.5852793836282949,10.0,0.01,0.25
3,fusion_raw,,0.5466666666666666,0.5457957957957957,0.6091205920900296,10.0,0.01,0.5
3,fusion_raw,,0.5038095238095238,0.5037911507822248,0.6854227279412711,10.0,0.01,0.75
3,fusion_raw,,0.5323809523809524,0.5320918801398998,0.7662558545143717,10.0,0.01,0.9
3,fusion_raw,,0.4980952380952381,0.497716894977169,0.8364802112667886,10.0,0.01,1.0
3,fusion_raw,,0.6361904761904762,0.6051282051282052,0.5968884130384391,10.0,0.1,0.0
3,fusion_raw,,0.6161904761904762,0.5808991617983237,0.5898278697593272,10.0,0.1,0.1
3,fusion_raw,,0.5561904761904762,0.5482142857142858,0.612275255362072,10.0,0.1,0.25
3,fusion_raw,,0.5047619047619047,0.5045045045045045,0.7356604684723881,10.0,0.1,0.5
3,fusion_raw,,0.4838095238095238,0.4838588588588588,0.9579542356960582,10.0,0.1,0.75
3,fusion_raw,,0.47714285714285715,0.47721554375174724,1.1325336167862206,10.0,0.1,0.9
3,fusion_raw,,0.4714285714285714,0.47052947052947053,1.2638406247112879,10.0,0.1,1.0
3,fusion_raw,,0.6361904761904762,0.6051282051282052,0.5968884130384391,10.0,1.0,0.0
3,fusion_raw,,0.6,0.5800069420340159,0.5992771207721755,10.0,1.0,0.1
3,fusion_raw,,0.5342857142857143,0.5304695304695305,0.6858946728080806,10.0,1.0,0.25
3,fusion_raw,,0.5257142857142858,0.5251501501501502,0.9947007893325621,10.0,1.0,0.5
3,fusion_raw,,0.4847619047619048,0.48413793103448277,1.4288961561681168,10.0,1.0,0.75
3,fusion_raw,,0.4714285714285714,0.47052947052947053,1.7301275954391848,10.0,1.0,0.9
3,fusion_raw,,0.4780952380952381,0.47733918128654973,1.9431450594933217,10.0,1.0,1.0
3,fusion_raw,,0.6361904761904762,0.6051282051282052,0.5968884130384391,10.0,10.0,0.0
3,fusion_raw,,0.5647619047619048,0.5494553376906318,1.8409072180177044,10.0,10.0,0.1
3,fusion_raw,,0.540952380952381,0.5376461988304093,3.9162646140864865,10.0,10.0,0.25
3,fusion_raw,,0.4990476190476191,0.4974415204678362,7.563287852438032,10.0,10.0,0.5
3,fusion_raw,,0.4857142857142857,0.4835680751173709,11.349650060118666,10.0,10.0,0.75
3,fusion_raw,,0.45142857142857146,0.45000000000000007,13.660186747598075,10.0,10.0,0.9
3,fusion_raw,,0.45142857142857146,0.45000000000000007,15.210830391906416,10.0,10.0,1.0
3,fusion_trial_delta,,0.6361904761904762,0.6051282051282052,0.6888546286574985,0.001,0.001,0.0
3,fusion_trial_delta,,0.520952380952381,0.516114552473292,0.6906745231680305,0.001,0.001,0.1
3,fusion_trial_delta,,0.4561904761904762,0.45671419252632556,0.6942342683854285,0.001,0.001,0.25
3,fusion_trial_delta,,0.42952380952380953,0.43056943056943064,0.7023570442155662,0.001,0.001,0.5
3,fusion_trial_delta,,0.4219047619047619,0.42344827586206896,0.7131470569116201,0.001,0.001,0.75
3,fusion_trial_delta,,0.4219047619047619,0.42344827586206896,0.7208532248726034,0.001,0.001,0.9
3,fusion_trial_delta,,0.4076190476190476,0.4094779711218068,0.7264850979045502,0.001,0.001,1.0
3,fusion_trial_delta,,0.6361904761904762,0.6051282051282052,0.6888546286574985,0.001,0.01,0.0
3,fusion_trial_delta,,0.4352380952380952,0.4362128413009039,0.6927129879840733,0.001,0.01,0.1
3,fusion_trial_delta,,0.41428571428571426,0.4157114900754822,0.7056203231045678,0.001,0.01,0.25
3,fusion_trial_delta,,0.4076190476190476,0.4094779711218068,0.744857185335062,0.001,0.01,0.5
3,fusion_trial_delta,,0.4,0.40127627627627627,0.803121102365146,0.001,0.01,0.75
3,fusion_trial_delta,,0.3933333333333333,0.3952101388500606,0.8455433764263751,0.001,0.01,0.9
3,fusion_trial_delta,,0.3933333333333333,0.3952101388500606,0.8764313834550014,0.001,0.01,1.0
3,fusion_trial_delta,,0.6361904761904762,0.6051282051282052,0.6888546286574985,0.001,0.1,0.0
3,fusion_trial_delta,,0.4352380952380952,0.4362128413009039,0.70089904967992,0.001,0.1,0.1
3,fusion_trial_delta,,0.3942857142857143,0.3969298245614035,0.7547087828584648,0.001,0.1,0.25
3,fusion_trial_delta,,0.3942857142857143,0.3969298245614035,0.9158529261099083,0.001,0.1,0.5
3,fusion_trial_delta,,0.3942857142857143,0.3969298245614035,1.1311326162607518,0.001,0.1,0.75
3,fusion_trial_delta,,0.3942857142857143,0.3969298245614035,1.275402708819313,0.001,0.1,0.9
3,fusion_trial_delta,,0.3942857142857143,0.3969298245614035,1.3758018984436653,0.001,0.1,1.0
3,fusion_trial_delta,,0.6361904761904762,0.6051282051282052,0.6888546286574985,0.001,1.0,0.0
3,fusion_trial_delta,,0.4085714285714286,0.4105894105894106,0.7216698553593406,0.001,1.0,0.1
3,fusion_trial_delta,,0.3942857142857143,0.3969298245614035,0.8635692984218243,0.001,1.0,0.25
3,fusion_trial_delta,,0.3942857142857143,0.3969298245614035,1.2360501558747117,0.001,1.0,0.5
3,fusion_trial_delta,,0.3942857142857143,0.3969298245614035,1.6800887975203778,0.001,1.0,0.75
3,fusion_trial_delta,,0.3942857142857143,0.3969298245614035,1.961568806312283,0.001,1.0,0.9
3,fusion_trial_delta,,0.3942857142857143,0.3969298245614035,2.152848878582438,0.001,1.0,1.0
3,fusion_trial_delta,,0.6361904761904762,0.6051282051282052,0.6888546286574985,0.001,10.0,0.0
3,fusion_trial_delta,,0.4095238095238095,0.41071428571428575,1.3821841588606323,0.001,10.0,0.1
3,fusion_trial_delta,,0.40285714285714286,0.40403232969180214,2.5858184127628747,0.001,10.0,0.25
3,fusion_trial_delta,,0.38857142857142857,0.3910714285714285,4.76604670170657,0.001,10.0,0.5
3,fusion_trial_delta,,0.38857142857142857,0.3910714285714285,7.017123361308403,0.001,10.0,0.75
3,fusion_trial_delta,,0.38857142857142857,0.3910714285714285,8.380501363688175,0.001,10.0,0.9
3,fusion_trial_delta,,0.38857142857142857,0.3910714285714285,9.29229429795525,0.001,10.0,1.0
3,fusion_trial_delta,,0.6361904761904762,0.6051282051282052,0.6602281993214844,0.01,0.001,0.0
3,fusion_trial_delta,,0.6295238095238096,0.5970695970695971,0.6643558719930008,0.01,0.001,0.1
3,fusion_trial_delta,,0.5971428571428572,0.5904095904095904,0.671605317264106,0.01,0.001,0.25
3,fusion_trial_delta,,0.4857142857142857,0.4835680751173709,0.6864991856171193,0.01,0.001,0.5
3,fusion_trial_delta,,0.4561904761904762,0.45671419252632556,0.7048396571402525,0.01,0.001,0.75
3,fusion_trial_delta,,0.4361904761904762,0.4371345029239766,0.7174418904983145,0.01,0.001,0.9
3,fusion_trial_delta,,0.4076190476190476,0.4094779711218068,0.7264850979045502,0.01,0.001,1.0
3,fusion_trial_delta,,0.6361904761904762,0.6051282051282052,0.6602281993214844,0.01,0.01,0.0
3,fusion_trial_delta,,0.5695238095238095,0.5630191404839292,0.6661898829473301,0.01,0.01,0.1
3,fusion_trial_delta,,0.4638095238095238,0.46390804597701146,0.6825725959660304,0.01,0.01,0.25
3,fusion_trial_delta,,0.4419047619047619,0.4425675675675676,0.7285452949052723,0.01,0.01,0.5
3,fusion_trial_delta,,0.41428571428571426,0.4157114900754822,0.794595193073618,0.01,0.01,0.75
3,fusion_trial_delta,,0.4076190476190476,0.4094779711218068,0.8420642896449727,0.01,0.01,0.9
3,fusion_trial_delta,,0.3933333333333333,0.3952101388500606,0.8764313834550014,0.01,0.01,1.0
3,fusion_trial_delta,,0.6361904761904762,0.6051282051282052,0.6602281993214844,0.01,0.1,0.0
3,fusion_trial_delta,,0.4980952380952381,0.497716894977169,0.6739537304928626,0.01,0.1,0.1
3,fusion_trial_delta,,0.46285714285714286,0.4632132132132132,0.7309329993257478,0.01,0.1,0.25
3,fusion_trial_delta,,0.4219047619047619,0.42344827586206896,0.8990537271710666,0.01,0.1,0.5
3,fusion_trial_delta,,0.3942857142857143,0.3969298245614035,1.1224441483603573,0.01,0.1,0.75
3,fusion_trial_delta,,0.3942857142857143,0.3969298245614035,1.271872146460772,0.01,0.1,0.9
3,fusion_trial_delta,,0.3942857142857143,0.3969298245614035,1.3758018984436653,0.01,0.1,1.0
3,fusion_trial_delta,,0.6361904761904762,0.6051282051282052,0.6602281993214844,0.01,1.0,0.0
3,fusion_trial_delta,,0.49047619047619045,0.4905000472634464,0.6941516363022433,0.01,1.0,0.1
3,fusion_trial_delta,,0.44285714285714284,0.44367816091954027,0.8390317540393353,0.01,1.0,0.25
3,fusion_trial_delta,,0.4085714285714286,0.4105894105894106,1.2186529032566764,0.01,1.0,0.5
3,fusion_trial_delta,,0.3942857142857143,0.3969298245614035,1.6710065131758534,0.01,1.0,0.75
3,fusion_trial_delta,,0.3942857142857143,0.3969298245614035,1.9578632929281798,0.01,1.0,0.9
3,fusion_trial_delta,,0.3942857142857143,0.3969298245614035,2.152848878582438,0.01,1.0,1.0
3,fusion_trial_delta,,0.6361904761904762,0.6051282051282052,0.6602281993214844,0.01,10.0,0.0
3,fusion_trial_delta,,0.45714285714285713,0.4572368421052632,1.353827407960196,0.01,10.0,0.1
3,fusion_trial_delta,,0.40285714285714286,0.40403232969180214,2.5602612819040544,0.01,10.0,0.25
3,fusion_trial_delta,,0.4095238095238095,0.41071428571428575,4.747572917374827,0.01,10.0,0.5
3,fusion_trial_delta,,0.40285714285714286,0.40403232969180214,7.007404521432192,0.01,10.0,0.75
3,fusion_trial_delta,,0.38857142857142857,0.3910714285714285,8.376538206597646,0.01,10.0,0.9
3,fusion_trial_delta,,0.38857142857142857,0.3910714285714285,9.29229429795525,0.01,10.0,1.0
3,fusion_trial_delta,,0.6361904761904762,0.6051282051282052,0.6095487205962937,0.1,0.001,0.0
3,fusion_trial_delta,,0.6295238095238096,0.5970695970695971,0.6126339191035552,0.1,0.001,0.1
3,fusion_trial_delta,,0.6161904761904762,0.5808991617983237,0.6205160548352032,0.1,0.001,0.25
3,fusion_trial_delta,,0.598095238095238,0.5875,0.6430590213032903,0.1,0.001,0.5
3,fusion_trial_delta,,0.540952380952381,0.5376461988304093,0.6782437317307715,0.1,0.001,0.75
3,fusion_trial_delta,,0.4561904761904762,0.45671419252632556,0.7056273801070526,0.1,0.001,0.9
3,fusion_trial_delta,,0.4076190476190476,0.4094779711218068,0.7264850979045502,0.1,0.001,1.0
3,fusion_trial_delta,,0.6361904761904762,0.6051282051282052,0.6095487205962937,0.1,0.01,0.0
3,fusion_trial_delta,,0.6295238095238096,0.5970695970695971,0.6137825539814833,0.1,0.01,0.1
3,fusion_trial_delta,,0.5838095238095238,0.5753658317622766,0.6298836452244483,0.1,0.01,0.25
3,fusion_trial_delta,,0.4704761904761905,0.4705664568678267,0.6831934637276379,0.1,0.01,0.5
3,fusion_trial_delta,,0.4209523809523809,0.4219219219219219,0.7671794117566529,0.1,0.01,0.75
3,fusion_trial_delta,,0.4209523809523809,0.4219219219219219,0.8300868087830295,0.1,0.01,0.9
3,fusion_trial_delta,,0.3933333333333333,0.3952101388500606,0.8764313834550014,0.1,0.01,1.0
3,fusion_trial_delta,,0.6361904761904762,0.6051282051282052,0.6095487205962937,0.1,0.1,0.0
3,fusion_trial_delta,,0.599047619047619,0.5840295488523437,0.6198977796245966,0.1,0.1,0.1
3,fusion_trial_delta,,0.4980952380952381,0.497716894977169,0.6744777344833168,0.1,0.1,0.25
3,fusion_trial_delta,,0.4695238095238095,0.4697041308252198,0.8502521713533114,0.1,0.1,0.5
3,fusion_trial_delta,,0.42857142857142855,0.42984079970381334,1.093861111504488,0.1,0.1,0.75
3,fusion_trial_delta,,0.3942857142857143,0.3969298245614035,1.2596530753905697,0.1,0.1,0.9
3,fusion_trial_delta,,0.3942857142857143,0.3969298245614035,1.3758018984436653,0.1,0.1,1.0
3,fusion_trial_delta,,0.6361904761904762,0.6051282051282052,0.6095487205962937,0.1,1.0,0.0
3,fusion_trial_delta,,0.5695238095238095,0.5630191404839292,0.6374313959652753,0.1,1.0,0.1
3,fusion_trial_delta,,0.5038095238095238,0.5037911507822248,0.7772967387728037,0.1,1.0,0.25
3,fusion_trial_delta,,0.44285714285714284,0.44367816091954027,1.1654705237631848,0.1,1.0,0.5
3,fusion_trial_delta,,0.41523809523809524,0.41703216374269014,1.6403751361604908,0.1,1.0,0.75
3,fusion_trial_delta,,0.3942857142857143,0.3969298245614035,1.9449131540686913,0.1,1.0,0.9
3,fusion_trial_delta,,0.3942857142857143,0.3969298245614035,2.152848878582438,0.1,1.0,1.0
3,fusion_trial_delta,,0.6361904761904762,0.6051282051282052,0.6095487205962937,0.1,10.0,0.0
3,fusion_trial_delta,,0.5485714285714286,0.5431563741422896,1.2932627989851213,0.1,10.0,0.1
3,fusion_trial_delta,,0.4838095238095238,0.4838588588588588,2.492233258954735,0.1,10.0,0.25
3,fusion_trial_delta,,0.41619047619047617,0.4173624203249843,4.688822093882754,0.1,10.0,0.5
3,fusion_trial_delta,,0.4095238095238095,0.41071428571428575,6.973993559475567,0.1,10.0,0.75
3,fusion_trial_delta,,0.40285714285714286,0.40403232969180214,8.362555316232909,0.1,10.0,0.9
3,fusion_trial_delta,,0.38857142857142857,0.3910714285714285,9.29229429795525,0.1,10.0,1.0
3,fusion_trial_delta,,0.6361904761904762,0.6051282051282052,0.5985137686972554,1.0,0.001,0.0
3,fusion_trial_delta,,0.6295238095238096,0.5970695970695971,0.5945934406468293,1.0,0.001,0.1
3,fusion_trial_delta,,0.6228571428571429,0.5889945652173914,0.5932612722304909,1.0,0.001,0.25
3,fusion_trial_delta,,0.6,0.5800069420340159,0.6069017061083098,1.0,0.001,0.5
3,fusion_trial_delta,,0.5828571428571429,0.5778508771929824,0.6483077429524058,1.0,0.001,0.75
3,fusion_trial_delta,,0.4704761904761905,0.4705664568678267,0.6904127265859369,1.0,0.001,0.9
3,fusion_trial_delta,,0.4076190476190476,0.4094779711218068,0.7264850979045502,1.0,0.001,1.0
3,fusion_trial_delta,,0.6361904761904762,0.6051282051282052,0.5985137686972554,1.0,0.01,0.0
3,fusion_trial_delta,,0.6228571428571429,0.5889945652173914,0.5953529880378494,1.0,0.01,0.1
3,fusion_trial_delta,,0.6133333333333333,0.5955882352941176,0.60159387226536,1.0,0.01,0.25
3,fusion_trial_delta,,0.49238095238095236,0.4905094905094905,0.6456113839653898,1.0,0.01,0.5
3,fusion_trial_delta,,0.47619047619047616,0.47619047619047616,0.7370289334996285,1.0,0.01,0.75
3,fusion_trial_delta,,0.4209523809523809,0.4219219219219219,0.8152244059923648,1.0,0.01,0.9
3,fusion_trial_delta,,0.3933333333333333,0.3952101388500606,0.8764313834550014,1.0,0.01,1.0
3,fusion_trial_delta,,0.6361904761904762,0.6051282051282052,0.5985137686972554,1.0,0.1,0.0
3,fusion_trial_delta,,0.6142857142857143,0.5912194278800449,0.6003315147437728,1.0,0.1,0.1
3,fusion_trial_delta,,0.5695238095238095,0.5630191404839292,0.6427064450344182,1.0,0.1,0.25
3,fusion_trial_delta,,0.49714285714285716,0.49714285714285716,0.8079073833870529,1.0,0.1,0.5
3,fusion_trial_delta,,0.44857142857142857,0.4489082143869931,1.0620037943833551,1.0,0.1,0.75
3,fusion_trial_delta,,0.41428571428571426,0.4157114900754822,1.24466103611021,1.0,0.1,0.9
3,fusion_trial_delta,,0.3942857142857143,0.3969298245614035,1.3758018984436653,1.0,0.1,1.0
3,fusion_trial_delta,,0.6361904761904762,0.6051282051282052,0.5985137686972554,1.0,1.0,0.0
3,fusion_trial_delta,,0.599047619047619,0.5840295488523437,0.6156798967868964,1.0,1.0,0.1
3,fusion_trial_delta,,0.5114285714285715,0.5112959637016732,0.7390214394335335,1.0,1.0,0.25
3,fusion_trial_delta,,0.47619047619047616,0.47619047619047616,1.1154977819818677,1.0,1.0,0.5
3,fusion_trial_delta,,0.4561904761904762,0.45671419252632556,1.6049289418604793,1.0,1.0,0.75
3,fusion_trial_delta,,0.3942857142857143,0.3969298245614035,1.9288063634035648,1.0,1.0,0.9
3,fusion_trial_delta,,0.3942857142857143,0.3969298245614035,2.152848878582438,1.0,1.0,1.0
3,fusion_trial_delta,,0.6361904761904762,0.6051282051282052,0.5985137686972554,1.0,10.0,0.0
3,fusion_trial_delta,,0.5838095238095238,0.5753658317622766,1.268217240748533,1.0,10.0,0.1
3,fusion_trial_delta,,0.49047619047619045,0.4905000472634464,2.4453013237121985,1.0,10.0,0.25
3,fusion_trial_delta,,0.44285714285714284,0.44367816091954027,4.62935815765549,1.0,10.0,0.5
3,fusion_trial_delta,,0.4095238095238095,0.41071428571428575,6.933715225821801,1.0,10.0,0.75
3,fusion_trial_delta,,0.4095238095238095,0.41071428571428575,8.344765908288355,1.0,10.0,0.9
3,fusion_trial_delta,,0.38857142857142857,0.3910714285714285,9.29229429795525,1.0,10.0,1.0
3,fusion_trial_delta,,0.6361904761904762,0.6051282051282052,0.5968884130384391,10.0,0.001,0.0
3,fusion_trial_delta,,0.6295238095238096,0.5970695970695971,0.590041022531388,10.0,0.001,0.1
3,fusion_trial_delta,,0.6228571428571429,0.5889945652173914,0.583466443640005,10.0,0.001,0.25
3,fusion_trial_delta,,0.6142857142857143,0.5912194278800449,0.5867944373351188,10.0,0.001,0.5
3,fusion_trial_delta,,0.5828571428571429,0.5778508771929824,0.6238005977711439,10.0,0.001,0.75
3,fusion_trial_delta,,0.49047619047619045,0.4905000472634464,0.675425436396764,10.0,0.001,0.9
3,fusion_trial_delta,,0.4076190476190476,0.4094779711218068,0.7264850979045502,10.0,0.001,1.0
3,fusion_trial_delta,,0.6361904761904762,0.6051282051282052,0.5968884130384391,10.0,0.01,0.0
3,fusion_trial_delta,,0.6228571428571429,0.5889945652173914,0.5907373648636722,10.0,0.01,0.1
3,fusion_trial_delta,,0.6133333333333333,0.5955882352941176,0.591622013120303,10.0,0.01,0.25
3,fusion_trial_delta,,0.49238095238095236,0.4905094905094905,0.6250021310164573,10.0,0.01,0.5
3,fusion_trial_delta,,0.47619047619047616,0.47619047619047616,0.7126015093647934,10.0,0.01,0.75
3,fusion_trial_delta,,0.4342857142857143,0.4342857142857143,0.8009101055804825,10.0,0.01,0.9
3,fusion_trial_delta,,0.3933333333333333,0.3952101388500606,0.8764313834550014,10.0,0.01,1.0
3,fusion_trial_delta,,0.6361904761904762,0.6051282051282052,0.5968884130384391,10.0,0.1,0.0
3,fusion_trial_delta,,0.6285714285714286,0.6022727272727273,0.5954802420296724,10.0,0.1,0.1
3,fusion_trial_delta,,0.5628571428571428,0.5556154053326152,0.6316790294244725,10.0,0.1,0.25
3,fusion_trial_delta,,0.5038095238095238,0.5037911507822248,0.78373173412419,10.0,0.1,0.5
3,fusion_trial_delta,,0.4619047619047619,0.46156061042326524,1.0354345432951924,10.0,0.1,0.75
3,fusion_trial_delta,,0.4209523809523809,0.4219219219219219,1.2302455141611588,10.0,0.1,0.9
3,fusion_trial_delta,,0.3942857142857143,0.3969298245614035,1.3758018984436653,10.0,0.1,1.0
3,fusion_trial_delta,,0.6361904761904762,0.6051282051282052,0.5968884130384391,10.0,1.0,0.0
3,fusion_trial_delta,,0.599047619047619,0.5840295488523437,0.610292680073135,10.0,1.0,0.1
3,fusion_trial_delta,,0.5114285714285715,0.5112959637016732,0.7251892025392378,10.0,1.0,0.25
3,fusion_trial_delta,,0.47619047619047616,0.47619047619047616,1.0839021537904645,10.0,1.0,0.5
3,fusion_trial_delta,,0.46285714285714286,0.4632132132132132,1.573850605368031,10.0,1.0,0.75
3,fusion_trial_delta,,0.40095238095238095,0.40321839080459776,1.9130486308908063,10.0,1.0,0.9
3,fusion_trial_delta,,0.3942857142857143,0.3969298245614035,2.152848878582438,10.0,1.0,1.0
3,fusion_trial_delta,,0.6361904761904762,0.6051282051282052,0.5968884130384391,10.0,10.0,0.0
3,fusion_trial_delta,,0.5838095238095238,0.5753658317622766,1.2619546550072107,10.0,10.0,0.1
3,fusion_trial_delta,,0.519047619047619,0.5182182462025906,2.426472939392703,10.0,10.0,0.25
3,fusion_trial_delta,,0.4695238095238095,0.4697041308252198,4.588273441576149,10.0,10.0,0.5
3,fusion_trial_delta,,0.42952380952380953,0.43056943056943064,6.896577746591398,10.0,10.0,0.75
3,fusion_trial_delta,,0.4095238095238095,0.41071428571428575,8.326962727951779,10.0,10.0,0.9
3,fusion_trial_delta,,0.38857142857142857,0.3910714285714285,9.29229429795525,10.0,10.0,1.0
3,fusion_water_delta,,0.6361904761904762,0.6051282051282052,0.6888546286574985,0.001,0.001,0.0
3,fusion_water_delta,,0.5485714285714286,0.5431563741422896,0.6876596470556088,0.001,0.001,0.1
3,fusion_water_delta,,0.5,0.4963641260436305,0.6865346570678937,0.001,0.001,0.25
3,fusion_water_delta,,0.5085714285714286,0.4992997198879552,0.686421604335564,0.001,0.001,0.5
3,fusion_water_delta,,0.49523809523809526,0.48455397431447417,0.6884584608488765,0.001,0.001,0.75
3,fusion_water_delta,,0.4676190476190476,0.458128078817734,0.6906773424902815,0.001,0.001,0.9
3,fusion_water_delta,,0.4676190476190476,0.458128078817734,0.6925583068321464,0.001,0.001,1.0
3,fusion_water_delta,,0.6361904761904762,0.6051282051282052,0.6888546286574985,0.001,0.01,0.0
3,fusion_water_delta,,0.5266666666666666,0.5245977011494253,0.6855665653967993,0.001,0.01,0.1
3,fusion_water_delta,,0.5133333333333334,0.5104895104895105,0.6905592609743901,0.001,0.01,0.25
3,fusion_water_delta,,0.5,0.4963641260436305,0.7224320077465197,0.001,0.01,0.5
3,fusion_water_delta,,0.4866666666666667,0.4821920241584511,0.7776931994110382,0.001,0.01,0.75
3,fusion_water_delta,,0.4866666666666667,0.4821920241584511,0.8193837540320239,0.001,0.01,0.9
3,fusion_water_delta,,0.4866666666666667,0.4821920241584511,0.8500310284955506,0.001,0.01,1.0
3,fusion_water_delta,,0.6361904761904762,0.6051282051282052,0.6888546286574985,0.001,0.1,0.0
3,fusion_water_delta,,0.52,0.5175438596491229,0.6901372779158951,0.001,0.1,0.1
3,fusion_water_delta,,0.5276190476190477,0.5232936078006502,0.7462321741720335,0.001,0.1,0.25
3,fusion_water_delta,,0.5342857142857143,0.5304695304695305,0.9321893319475558,0.001,0.1,0.5
3,fusion_water_delta,,0.5342857142857143,0.5304695304695305,1.176892560290933,0.001,0.1,0.75
3,fusion_water_delta,,0.5342857142857143,0.5304695304695305,1.3382239518184371,0.001,0.1,0.9
3,fusion_water_delta,,0.5342857142857143,0.5304695304695305,1.4496250786489009,0.001,0.1,1.0
3,fusion_water_delta,,0.6361904761904762,0.6051282051282052,0.6888546286574985,0.001,1.0,0.0
3,fusion_water_delta,,0.5266666666666666,0.5245977011494253,0.7115543103802526,0.001,1.0,0.1
3,fusion_water_delta,,0.5266666666666666,0.5245977011494253,0.8821506605238816,0.001,1.0,0.25
3,fusion_water_delta,,0.5266666666666666,0.5245977011494253,1.3209318292726258,0.001,1.0,0.5
3,fusion_water_delta,,0.52,0.5175438596491229,1.8265249988970786,0.001,1.0,0.75
3,fusion_water_delta,,0.52,0.5175438596491229,2.142912822234404,0.001,1.0,0.9
3,fusion_water_delta,,0.52,0.5175438596491229,2.356971315457006,0.001,1.0,1.0
3,fusion_water_delta,,0.6361904761904762,0.6051282051282052,0.6888546286574985,0.001,10.0,0.0
3,fusion_water_delta,,0.52,0.5175438596491229,2.629149174185158,0.001,10.0,0.1
3,fusion_water_delta,,0.52,0.5175438596491229,5.771269647150299,0.001,10.0,0.25
3,fusion_water_delta,,0.52,0.5175438596491229,11.17925183606434,0.001,10.0,0.5
3,fusion_water_delta,,0.52,0.5175438596491229,16.64735601535592,0.001,10.0,0.75
3,fusion_water_delta,,0.52,0.5175438596491229,19.938893652932776,0.001,10.0,0.9
3,fusion_water_delta,,0.52,0.5175438596491229,22.13579074071573,0.001,10.0,1.0
3,fusion_water_delta,,0.6361904761904762,0.6051282051282052,0.6602281993214844,0.01,0.001,0.0
3,fusion_water_delta,,0.6428571428571428,0.613174371729994,0.6615112416915906,0.01,0.001,0.1
3,fusion_water_delta,,0.6266666666666667,0.6111700247437257,0.6642599860548559,0.01,0.001,0.25
3,fusion_water_delta,,0.5619047619047619,0.5577485380116959,0.6710300199124701,0.01,0.001,0.5
3,fusion_water_delta,,0.5066666666666666,0.5034308414590105,0.6804916666075237,0.01,0.001,0.75
3,fusion_water_delta,,0.5019047619047619,0.49193899782135075,0.6874259716563358,0.01,0.001,0.9
3,fusion_water_delta,,0.4676190476190476,0.458128078817734,0.6925583068321464,0.01,0.001,1.0
3,fusion_water_delta,,0.6361904761904762,0.6051282051282052,0.6602281993214844,0.01,0.01,0.0
3,fusion_water_delta,,0.5695238095238095,0.5630191404839292,0.6594187486465326,0.01,0.01,0.1
3,fusion_water_delta,,0.5133333333333334,0.5104895104895105,0.6682477398765092,0.01,0.01,0.25
3,fusion_water_delta,,0.52,0.5175438596491229,0.7069524549316879,0.01,0.01,0.5
3,fusion_water_delta,,0.5133333333333334,0.5104895104895105,0.769657861128738,0.01,0.01,0.75
3,fusion_water_delta,,0.5,0.4963641260436305,0.81610216828783,0.01,0.01,0.9
3,fusion_water_delta,,0.4866666666666667,0.4821920241584511,0.8500310284955506,0.01,0.01,1.0
3,fusion_water_delta,,0.6361904761904762,0.6051282051282052,0.6602281993214844,0.01,0.1,0.0
3,fusion_water_delta,,0.5276190476190477,0.5232936078006502,0.6639355804333706,0.01,0.1,0.1
3,fusion_water_delta,,0.5266666666666666,0.5245977011494253,0.723782860802531,0.01,0.1,0.25
3,fusion_water_delta,,0.52,0.5175438596491229,0.916700246002261,0.01,0.1,0.5
3,fusion_water_delta,,0.5342857142857143,0.5304695304695305,1.1689911694770836,0.01,0.1,0.75
3,fusion_water_delta,,0.5342857142857143,0.5304695304695305,1.3350432013386544,0.01,0.1,0.9
3,fusion_water_delta,,0.5342857142857143,0.5304695304695305,1.4496250786489009,0.01,0.1,1.0
3,fusion_water_delta,,0.6361904761904762,0.6051282051282052,0.6602281993214844,0.01,1.0,0.0
3,fusion_water_delta,,0.5266666666666666,0.5245977011494253,0.685315381290849,0.01,1.0,0.1
3,fusion_water_delta,,0.5333333333333333,0.5316549426138468,0.8598193242778799,0.01,1.0,0.25
3,fusion_water_delta,,0.5266666666666666,0.5245977011494253,1.3059228905640248,0.01,1.0,0.5
3,fusion_water_delta,,0.5266666666666666,0.5245977011494253,1.8191305005562395,0.01,1.0,0.75
3,fusion_water_delta,,0.5266666666666666,0.5245977011494253,2.139996624936543,0.01,1.0,0.9
3,fusion_water_delta,,0.52,0.5175438596491229,2.356971315457006,0.01,1.0,1.0
3,fusion_water_delta,,0.6361904761904762,0.6051282051282052,0.6602281993214844,0.01,10.0,0.0
3,fusion_water_delta,,0.5542857142857143,0.5520177711958534,2.601919738165209,0.01,10.0,0.1
3,fusion_water_delta,,0.52,0.5175438596491229,5.749126910081498,0.01,10.0,0.25
3,fusion_water_delta,,0.52,0.5175438596491229,11.164858904166824,0.01,10.0,0.5
3,fusion_water_delta,,0.52,0.5175438596491229,16.6404625248504,0.01,10.0,0.75
3,fusion_water_delta,,0.52,0.5175438596491229,19.936207175395182,0.01,10.0,0.9
3,fusion_water_delta,,0.52,0.5175438596491229,22.13579074071573,0.01,10.0,1.0
3,fusion_water_delta,,0.6361904761904762,0.6051282051282052,0.6095487205962937,0.1,0.001,0.0
3,fusion_water_delta,,0.6361904761904762,0.6051282051282052,0.6102922829058511,0.1,0.001,0.1
3,fusion_water_delta,,0.6361904761904762,0.6051282051282052,0.614260819533318,0.1,0.001,0.25
3,fusion_water_delta,,0.62,0.6033770116964208,0.629099862552048,0.1,0.001,0.5
3,fusion_water_delta,,0.5695238095238095,0.5630191404839292,0.6550266811483036,0.1,0.001,0.75
3,fusion_water_delta,,0.5133333333333334,0.5104895104895105,0.6761433801213063,0.1,0.001,0.9
3,fusion_water_delta,,0.4676190476190476,0.458128078817734,0.6925583068321464,0.1,0.001,1.0
3,fusion_water_delta,,0.6361904761904762,0.6051282051282052,0.6095487205962937,0.1,0.01,0.0
3,fusion_water_delta,,0.6361904761904762,0.6051282051282052,0.6080229564366445,0.1,0.01,0.1
3,fusion_water_delta,,0.5914285714285714,0.5798916422417622,0.6174784558839447,0.1,0.01,0.25
3,fusion_water_delta,,0.5066666666666666,0.5034308414590105,0.6637604761296307,0.1,0.01,0.5
3,fusion_water_delta,,0.5266666666666666,0.5245977011494253,0.7435737301536806,0.1,0.01,0.75
3,fusion_water_delta,,0.5133333333333334,0.5104895104895105,0.8046890136514621,0.1,0.01,0.9
3,fusion_water_delta,,0.4866666666666667,0.4821920241584511,0.8500310284955506,0.1,0.01,1.0
3,fusion_water_delta,,0.6361904761904762,0.6051282051282052,0.6095487205962937,0.1,0.1,0.0
3,fusion_water_delta,,0.6276190476190476,0.6069716775599129,0.611464102606175,0.1,0.1,0.1
3,fusion_water_delta,,0.5619047619047619,0.5577485380116959,0.6693861618413645,0.1,0.1,0.25
3,fusion_water_delta,,0.5266666666666666,0.5245977011494253,0.8704048063928179,0.1,0.1,0.5
3,fusion_water_delta,,0.5266666666666666,0.5245977011494253,1.1426007859383205,0.1,0.1,0.75
3,fusion_water_delta,,0.5276190476190477,0.5232936078006502,1.3239339109055395,0.1,0.1,0.9
3,fusion_water_delta,,0.5342857142857143,0.5304695304695305,1.4496250786489009,0.1,0.1,1.0
3,fusion_water_delta,,0.6361904761904762,0.6051282051282052,0.6095487205962937,0.1,1.0,0.0
3,fusion_water_delta,,0.5619047619047619,0.5577485380116959,0.6305837575121899,0.1,1.0,0.1
3,fusion_water_delta,,0.540952380952381,0.5376461988304093,0.8011222075536417,0.1,1.0,0.25
3,fusion_water_delta,,0.5266666666666666,0.5245977011494253,1.25895480309142,0.1,1.0,0.5
3,fusion_water_delta,,0.5266666666666666,0.5245977011494253,1.7940335848381745,0.1,1.0,0.75
3,fusion_water_delta,,0.5266666666666666,0.5245977011494253,2.129761135105692,0.1,1.0,0.9
3,fusion_water_delta,,0.52,0.5175438596491229,2.356971315457006,0.1,1.0,1.0
3,fusion_water_delta,,0.6361904761904762,0.6051282051282052,0.6095487205962937,0.1,10.0,0.0
3,fusion_water_delta,,0.5552380952380952,0.5504495504495504,2.5385782748102383,0.1,10.0,0.1
3,fusion_water_delta,,0.5476190476190476,0.5448275862068965,5.68745352660006,0.1,10.0,0.25
3,fusion_water_delta,,0.5266666666666666,0.5245977011494253,11.118615067332968,0.1,10.0,0.5
3,fusion_water_delta,,0.52,0.5175438596491229,16.616750174919396,0.1,10.0,0.75
3,fusion_water_delta,,0.52,0.5175438596491229,19.926701049037042,0.1,10.0,0.9
3,fusion_water_delta,,0.52,0.5175438596491229,22.13579074071573,0.1,10.0,1.0
3,fusion_water_delta,,0.6361904761904762,0.6051282051282052,0.5985137686972554,1.0,0.001,0.0
3,fusion_water_delta,,0.6361904761904762,0.6051282051282052,0.5925537531477539,1.0,0.001,0.1
3,fusion_water_delta,,0.6295238095238096,0.5970695970695971,0.5877799300554352,1.0,0.001,0.25
3,fusion_water_delta,,0.6076190476190476,0.5833333333333334,0.5943299717909745,1.0,0.001,0.5
3,fusion_water_delta,,0.5838095238095238,0.5753658317622766,0.6263259984831128,1.0,0.001,0.75
3,fusion_water_delta,,0.5542857142857143,0.5520177711958534,0.6615326061349255,1.0,0.001,0.9
3,fusion_water_delta,,0.4676190476190476,0.458128078817734,0.6925583068321464,1.0,0.001,1.0
3,fusion_water_delta,,0.6361904761904762,0.6051282051282052,0.5985137686972554,1.0,0.01,0.0
3,fusion_water_delta,,0.6228571428571429,0.5889945652173914,0.5901226128667915,1.0,0.01,0.1
3,fusion_water_delta,,0.62,0.6033770116964208,0.5901992053695112,1.0,0.01,0.25
3,fusion_water_delta,,0.5485714285714286,0.5431563741422896,0.6273217396587436,1.0,0.01,0.5
3,fusion_water_delta,,0.5333333333333333,0.5316549426138468,0.7141811461794838,1.0,0.01,0.75
3,fusion_water_delta,,0.52,0.5175438596491229,0.7902121429574678,1.0,0.01,0.9
3,fusion_water_delta,,0.4866666666666667,0.4821920241584511,0.8500310284955506,1.0,0.01,1.0
3,fusion_water_delta,,0.6361904761904762,0.6051282051282052,0.5985137686972554,1.0,0.1,0.0
3,fusion_water_delta,,0.6142857142857143,0.5912194278800449,0.5923131091813251,1.0,0.1,0.1
3,fusion_water_delta,,0.5542857142857143,0.5520177711958534,0.6361228718073632,1.0,0.1,0.25
3,fusion_water_delta,,0.5333333333333333,0.5316549426138468,0.8257596124261019,1.0,0.1,0.5
3,fusion_water_delta,,0.5266666666666666,0.5245977011494253,1.1117545424021134,1.0,0.1,0.75
3,fusion_water_delta,,0.5342857142857143,0.5304695304695305,1.3099981927967308,1.0,0.1,0.9
3,fusion_water_delta,,0.5342857142857143,0.5304695304695305,1.4496250786489009,1.0,0.1,1.0
3,fusion_water_delta,,0.6361904761904762,0.6051282051282052,0.5985137686972554,1.0,1.0,0.0
3,fusion_water_delta,,0.6123809523809524,0.5994315658584244,0.6082116860533938,1.0,1.0,0.1
3,fusion_water_delta,,0.540952380952381,0.5376461988304093,0.7570495583161637,1.0,1.0,0.25
3,fusion_water_delta,,0.5266666666666666,0.5245977011494253,1.2094578424700109,1.0,1.0,0.5
3,fusion_water_delta,,0.5333333333333333,0.5316549426138468,1.764184566284642,1.0,1.0,0.75
3,fusion_water_delta,,0.5266666666666666,0.5245977011494253,2.11694366491326,1.0,1.0,0.9
3,fusion_water_delta,,0.52,0.5175438596491229,2.356971315457006,1.0,1.0,1.0
3,fusion_water_delta,,0.6361904761904762,0.6051282051282052,0.5985137686972554,1.0,10.0,0.0
3,fusion_water_delta,,0.5342857142857143,0.5304695304695305,2.4945657595110022,1.0,10.0,0.1
3,fusion_water_delta,,0.5542857142857143,0.5520177711958534,5.632923755914108,1.0,10.0,0.25
3,fusion_water_delta,,0.5333333333333333,0.5316549426138468,11.067172011072232,1.0,10.0,0.5
3,fusion_water_delta,,0.52,0.5175438596491229,16.587754666426076,1.0,10.0,0.75
3,fusion_water_delta,,0.52,0.5175438596491229,19.914574007471906,1.0,10.0,0.9
3,fusion_water_delta,,0.52,0.5175438596491229,22.13579074071573,1.0,10.0,1.0
3,fusion_water_delta,,0.6361904761904762,0.6051282051282052,0.5968884130384391,10.0,0.001,0.0
3,fusion_water_delta,,0.6361904761904762,0.6051282051282052,0.5880714300545755,10.0,0.001,0.1
3,fusion_water_delta,,0.6295238095238096,0.5970695970695971,0.5782312325758688,10.0,0.001,0.25
3,fusion_water_delta,,0.621904761904762,0.5943048288875546,0.5749787207375434,10.0,0.001,0.5
3,fusion_water_delta,,0.598095238095238,0.5875,0.6028574960772987,10.0,0.001,0.75
3,fusion_water_delta,,0.5685714285714286,0.5650574712643678,0.6471196313678373,10.0,0.001,0.9
3,fusion_water_delta,,0.4676190476190476,0.458128078817734,0.6925583068321464,10.0,0.001,1.0
3,fusion_water_delta,,0.6361904761904762,0.6051282051282052,0.5968884130384391,10.0,0.01,0.0
3,fusion_water_delta,,0.6228571428571429,0.5889945652173914,0.5856164979150098,10.0,0.01,0.1
3,fusion_water_delta,,0.62,0.6033770116964208,0.5804666679803497,10.0,0.01,0.25
3,fusion_water_delta,,0.5485714285714286,0.5431563741422896,0.6069748729723278,10.0,0.01,0.5
3,fusion_water_delta,,0.5533333333333333,0.5528877965781265,0.6898597208120885,10.0,0.01,0.75
3,fusion_water_delta,,0.5266666666666666,0.5245977011494253,0.7760342598292178,10.0,0.01,0.9
3,fusion_water_delta,,0.4866666666666667,0.4821920241584511,0.8500310284955506,10.0,0.01,1.0
3,fusion_water_delta,,0.6361904761904762,0.6051282051282052,0.5968884130384391,10.0,0.1,0.0
3,fusion_water_delta,,0.5942857142857143,0.5675213675213676,0.5874692712756932,10.0,0.1,0.1
3,fusion_water_delta,,0.5542857142857143,0.5520177711958534,0.6235060547262309,10.0,0.1,0.25
3,fusion_water_delta,,0.5466666666666666,0.5457957957957957,0.7952170799332038,10.0,0.1,0.5
3,fusion_water_delta,,0.5266666666666666,0.5245977011494253,1.083981451064342,10.0,0.1,0.75
3,fusion_water_delta,,0.540952380952381,0.5376461988304093,1.2962441812818677,10.0,0.1,0.9
3,fusion_water_delta,,0.5342857142857143,0.5304695304695305,1.4496250786489009,10.0,0.1,1.0
3,fusion_water_delta,,0.6361904761904762,0.6051282051282052,0.5968884130384391,10.0,1.0,0.0
3,fusion_water_delta,,0.6266666666666667,0.6111700247437257,0.6023134309903816,10.0,1.0,0.1
3,fusion_water_delta,,0.5542857142857143,0.5520177711958534,0.7356826560105959,10.0,1.0,0.25
3,fusion_water_delta,,0.5333333333333333,0.5316549426138468,1.1693387168971474,10.0,1.0,0.5
3,fusion_water_delta,,0.5333333333333333,0.5316549426138468,1.736296568738085,10.0,1.0,0.75
3,fusion_water_delta,,0.5266666666666666,0.5245977011494253,2.104239246786469,10.0,1.0,0.9
3,fusion_water_delta,,0.52,0.5175438596491229,2.356971315457006,10.0,1.0,1.0
3,fusion_water_delta,,0.6361904761904762,0.6051282051282052,0.5968884130384391,10.0,10.0,0.0
3,fusion_water_delta,,0.5485714285714286,0.5431563741422896,2.459598328861328,10.0,10.0,0.1
3,fusion_water_delta,,0.5542857142857143,0.5520177711958534,5.594012724499277,10.0,10.0,0.25
3,fusion_water_delta,,0.5333333333333333,0.5316549426138468,11.022007385450394,10.0,10.0,0.5
3,fusion_water_delta,,0.52,0.5175438596491229,16.559803106136762,10.0,10.0,0.75
3,fusion_water_delta,,0.52,0.5175438596491229,19.902357755735284,10.0,10.0,0.9
3,fusion_water_delta,,0.52,0.5175438596491229,22.13579074071573,10.0,10.0,1.0
4,code_only,0.001,0.5864518364518365,0.5606237816764134,0.6910914682508205,,,
4,code_only,0.01,0.5864518364518365,0.5606237816764134,0.6782464717708413,,,
4,code_only,0.1,0.5864518364518365,0.5606237816764134,0.6635788565433353,,,
4,code_only,1.0,0.5864518364518365,0.5606237816764134,0.6705619304751027,,,
4,code_only,10.0,0.5864518364518365,0.5606237816764134,0.6730959290300467,,,
4,face_raw,0.001,0.5481635481635482,0.5484687200069802,0.6725941402727229,,,
4,face_raw,0.01,0.5694733194733195,0.5661832509011653,0.7430381894021182,,,
4,face_raw,0.1,0.5552668052668053,0.5548387096774194,1.0999720811617852,,,
4,face_raw,1.0,0.5616770616770617,0.5616770616770617,1.6998578535202722,,,
4,face_raw,10.0,0.5488565488565489,0.5480177717019823,8.372415401565302,,,
4,face_trial_delta,0.001,0.5481635481635482,0.5484687200069802,0.6616706355556754,,,
4,face_trial_delta,0.01,0.568087318087318,0.5685367768955588,0.7218679456571637,,,
4,face_trial_delta,0.1,0.5609840609840611,0.5619629728053857,1.0277380905943838,,,
4,face_trial_delta,1.0,0.5474705474705475,0.5482142857142858,1.5367139888671948,,,
4,face_trial_delta,10.0,0.5538808038808039,0.5548654244306418,8.124652267614348,,,
4,face_water_delta,0.001,0.44923769923769924,0.44976076555023914,0.7055800296050263,,,
4,face_water_delta,0.01,0.46344421344421344,0.4633333333333334,0.8098101521811005,,,
4,face_water_delta,0.1,0.45703395703395705,0.45687298036291324,1.2743702217185775,,,
4,face_water_delta,1.0,0.45703395703395705,0.45687298036291324,2.016394244503211,,,
4,face_water_delta,10.0,0.4705474705474706,0.46934739617666443,8.816762890848096,,,
4,fusion_raw,,0.5864518364518365,0.5606237816764134,0.6910914682508205,0.001,0.001,0.0
4,fusion_raw,,0.5161122661122661,0.5150134952766532,0.686845897805927,0.001,0.001,0.1
4,fusion_raw,,0.5353430353430353,0.5350537634408602,0.681502591718432,0.001,0.001,0.25
4,fusion_raw,,0.5545738045738046,0.5552039381153305,0.6752993731934008,0.001,0.001,0.5
4,fusion_raw,,0.5481635481635482,0.5484687200069802,0.6723816546990898,0.001,0.001,0.75
4,fusion_raw,,0.5481635481635482,0.5484687200069802,0.6721453101599913,0.001,0.001,0.9
4,fusion_raw,,0.5481635481635482,0.5484687200069802,0.6725941402727229,0.001,0.001,1.0
4,fusion_raw,,0.5864518364518365,0.5606237816764134,0.6910914682508205,0.001,0.01,0.0
4,fusion_raw,,0.5822938322938324,0.5802563449622273,0.6784956079202095,0.001,0.01,0.1
4,fusion_raw,,0.555959805959806,0.5538124156545209,0.668592896780093,0.001,0.01,0.25
4,fusion_raw,,0.555959805959806,0.5538124156545209,0.6736501468824434,0.001,0.01,0.5
4,fusion_raw,,0.5694733194733195,0.5661832509011653,0.7003752125663324,0.001,0.01,0.75
4,fusion_raw,,0.5694733194733195,0.5661832509011653,0.7243702778165839,0.001,0.01,0.9
4,fusion_raw,,0.5694733194733195,0.5661832509011653,0.7430381894021182,0.001,0.01,1.0
4,fusion_raw,,0.5864518364518365,0.5606237816764134,0.6910914682508205,0.001,0.1,0.0
4,fusion_raw,,0.5488565488565489,0.5480177717019823,0.672709352271057,0.001,0.1,0.1
4,fusion_raw,,0.5552668052668053,0.5548387096774194,0.6847040743666377,0.001,0.1,0.25
4,fusion_raw,,0.5552668052668053,0.5548387096774194,0.7783670641119265,0.001,0.1,0.5
4,fusion_raw,,0.5552668052668053,0.5548387096774194,0.924894741906362,0.001,0.1,0.75
4,fusion_raw,,0.5552668052668053,0.5548387096774194,1.0274604814835788,0.001,0.1,0.9
4,fusion_raw,,0.5552668052668053,0.5548387096774194,1.0999720811617852,0.001,0.1,1.0
4,fusion_raw,,0.5864518364518365,0.5606237816764134,0.6910914682508205,0.001,1.0,0.0
4,fusion_raw,,0.5744975744975745,0.57542194092827,0.6768233115698081,0.001,1.0,0.1
4,fusion_raw,,0.5616770616770617,0.5616770616770617,0.7525506296900063,0.001,1.0,0.25
4,fusion_raw,,0.5616770616770617,0.5616770616770617,1.011577716761851,0.001,1.0,0.5
4,fusion_raw,,0.5616770616770617,0.5616770616770617,1.3411932140117706,0.001,1.0,0.75
4,fusion_raw,,0.5616770616770617,0.5616770616770617,1.5541951827880152,0.001,1.0,0.9
4,fusion_raw,,0.5616770616770617,0.5616770616770617,1.6998578535202722,0.001,1.0,1.0
4,fusion_raw,,0.5864518364518365,0.5606237816764134,0.6910914682508205,0.001,10.0,0.0
4,fusion_raw,,0.5488565488565489,0.5480177717019823,1.2922399298714842,0.001,10.0,0.1
4,fusion_raw,,0.5488565488565489,0.5480177717019823,2.3599854566314806,0.001,10.0,0.25
4,fusion_raw,,0.5488565488565489,0.5480177717019823,4.3084499587685965,0.001,10.0,0.5
4,fusion_raw,,0.5488565488565489,0.5480177717019823,6.328438423968314,0.001,10.0,0.75
4,fusion_raw,,0.5488565488565489,0.5480177717019823,7.553158092263702,0.001,10.0,0.9
4,fusion_raw,,0.5488565488565489,0.5480177717019823,8.372415401565302,0.001,10.0,1.0
4,fusion_raw,,0.5864518364518365,0.5606237816764134,0.6782464717708413,0.01,0.001,0.0
4,fusion_raw,,0.6036036036036037,0.5947053520203263,0.6750329807765386,0.01,0.001,0.1
4,fusion_raw,,0.555959805959806,0.5538124156545209,0.6713407096685565,0.01,0.001,0.25
4,fusion_raw,,0.5488565488565489,0.5480177717019823,0.6681724890172408,0.01,0.001,0.5
4,fusion_raw,,0.5353430353430353,0.5350537634408602,0.6686462052040698,0.01,0.001,0.75
4,fusion_raw,,0.5545738045738046,0.5552039381153305,0.6706112416766161,0.01,0.001,0.9
4,fusion_raw,,0.5481635481635482,0.5484687200069802,0.6725941402727229,0.01,0.001,1.0
4,fusion_raw,,0.5864518364518365,0.5606237816764134,0.6782464717708413,0.01,0.01,0.0
4,fusion_raw,,0.5751905751905753,0.5746236559139785,0.6665225179709557,0.01,0.01,0.1
4,fusion_raw,,0.5616770616770617,0.5616770616770617,0.6580995577449505,0.01,0.01,0.25
4,fusion_raw,,0.5822938322938324,0.5802563449622273,0.6661359165953391,0.01,0.01,0.5
4,fusion_raw,,0.555959805959806,0.5538124156545209,0.6964111347615942,0.01,0.01,0.75
4,fusion_raw,,0.555959805959806,0.5538124156545209,0.7227448441248959,0.01,0.01,0.9
4,fusion_raw,,0.5694733194733195,0.5661832509011653,0.7430381894021182,0.01,0.01,1.0
4,fusion_raw,,0.5864518364518365,0.5606237816764134,0.6782464717708413,0.01,0.1,0.0
4,fusion_raw,,0.5816008316008316,0.5816008316008315,0.6603360542954291,0.01,0.1,0.1
4,fusion_raw,,0.5488565488565489,0.5480177717019823,0.6734525906198872,0.01,0.1,0.25
4,fusion_raw,,0.5488565488565489,0.5480177717019823,0.7701645021839705,0.01,0.1,0.5
4,fusion_raw,,0.5552668052668053,0.5548387096774194,0.9206297344057025,0.01,0.1,0.75
4,fusion_raw,,0.5552668052668053,0.5548387096774194,1.025737284731719,0.01,0.1,0.9
4,fusion_raw,,0.5552668052668053,0.5548387096774194,1.0999720811617852,0.01,0.1,1.0
4,fusion_raw,,0.5864518364518365,0.5606237816764134,0.6782464717708413,0.01,1.0,0.0
4,fusion_raw,,0.5616770616770617,0.5616770616770617,0.6639360555283041,0.01,1.0,0.1
4,fusion_raw,,0.568087318087318,0.5685367768955588,0.7405315569678309,0.01,1.0,0.25
4,fusion_raw,,0.5744975744975745,0.57542194092827,1.0030238383758756,0.01,1.0,0.5
4,fusion_raw,,0.5616770616770617,0.5616770616770617,1.3369075959309948,0.01,1.0,0.75
4,fusion_raw,,0.5616770616770617,0.5616770616770617,1.5524924747551603,0.01,1.0,0.9
4,fusion_raw,,0.5616770616770617,0.5616770616770617,1.6998578535202722,0.01,1.0,1.0
4,fusion_raw,,0.5864518364518365,0.5606237816764134,0.6782464717708413,0.01,10.0,0.0
4,fusion_raw,,0.5488565488565489,0.5480177717019823,1.2785589327756266,0.01,10.0,0.1
4,fusion_raw,,0.5424462924462925,0.5412104235633647,2.347138296764548,0.01,10.0,0.25
4,fusion_raw,,0.5488565488565489,0.5480177717019823,4.299480084399688,0.01,10.0,0.5
4,fusion_raw,,0.5488565488565489,0.5480177717019823,6.323970631550742,0.01,10.0,0.75
4,fusion_raw,,0.5488565488565489,0.5480177717019823,7.5513782405988294,0.01,10.0,0.9
4,fusion_raw,,0.5488565488565489,0.5480177717019823,8.372415401565302,0.01,10.0,1.0
4,fusion_raw,,0.5864518364518365,0.5606237816764134,0.6635788565433353,0.1,0.001,0.0
4,fusion_raw,,0.6191961191961193,0.5938309394866965,0.6587364138095743,0.1,0.001,0.1
4,fusion_raw,,0.6107068607068606,0.5987829614604462,0.6537880915664152,0.1,0.001,0.25
4,fusion_raw,,0.5694733194733195,0.5661832509011653,0.6519348352510177,0.1,0.001,0.5
4,fusion_raw,,0.5353430353430353,0.5350537634408602,0.6582370510107087,0.1,0.001,0.75
4,fusion_raw,,0.5417532917532918,0.5417532917532918,0.6659040632835991,0.1,0.001,0.9
4,fusion_raw,,0.5481635481635482,0.5484687200069802,0.6725941402727229,0.1,0.001,1.0
4,fusion_raw,,0.5864518364518365,0.5606237816764134,0.6635788565433353,0.1,0.01,0.0
4,fusion_raw,,0.6107068607068606,0.5987829614604462,0.6496519219755642,0.1,0.01,0.1
4,fusion_raw,,0.5623700623700624,0.5607333842627961,0.6392497756563806,0.1,0.01,0.25
4,fusion_raw,,0.568087318087318,0.5685367768955588,0.6482969215509746,0.1,0.01,0.5
4,fusion_raw,,0.5822938322938324,0.5802563449622273,0.6851110174524656,0.1,0.01,0.75
4,fusion_raw,,0.555959805959806,0.5538124156545209,0.7177210835093569,0.1,0.01,0.9
4,fusion_raw,,0.5694733194733195,0.5661832509011653,0.7430381894021182,0.1,0.01,1.0
4,fusion_raw,,0.5864518364518365,0.5606237816764134,0.6635788565433353,0.1,0.1,0.0
4,fusion_raw,,0.5772695772695773,0.5686562296151337,0.6419621791581663,0.1,0.1,0.1
4,fusion_raw,,0.5816008316008316,0.5816008316008315,0.651369418083391,0.1,0.1,0.25
4,fusion_raw,,0.5552668052668053,0.5548387096774194,0.7491810592499213,0.1,0.1,0.5
4,fusion_raw,,0.5488565488565489,0.5480177717019823,0.9080656581330226,0.1,0.1,0.75
4,fusion_raw,,0.5552668052668053,0.5548387096774194,1.0203743711870834,0.1,0.1,0.9
4,fusion_raw,,0.5552668052668053,0.5548387096774194,1.0999720811617852,0.1,0.1,1.0
4,fusion_raw,,0.5864518364518365,0.5606237816764134,0.6635788565433353,0.1,1.0,0.0
4,fusion_raw,,0.5488565488565489,0.5480177717019823,0.6434337133365382,0.1,1.0,0.1
4,fusion_raw,,0.5488565488565489,0.5480177717019823,0.7145956359376325,0.1,1.0,0.25
4,fusion_raw,,0.5616770616770617,0.5616770616770617,0.9798012892825855,0.1,1.0,0.5
4,fusion_raw,,0.5744975744975745,0.57542194092827,1.3240146546773148,0.1,1.0,0.75
4,fusion_raw,,0.5616770616770617,0.5616770616770617,1.547175781957687,0.1,1.0,0.9
4,fusion_raw,,0.5616770616770617,0.5616770616770617,1.6998578535202722,0.1,1.0,1.0
4,fusion_raw,,0.5864518364518365,0.5606237816764134,0.6635788565433353,0.1,10.0,0.0
4,fusion_raw,,0.5687803187803189,0.5676691729323309,1.2548539310054476,0.1,10.0,0.1
4,fusion_raw,,0.5552668052668053,0.5548387096774194,2.317174487895574,0.1,10.0,0.25
4,fusion_raw,,0.5488565488565489,0.5480177717019823,4.274265355019957,0.1,10.0,0.5
4,fusion_raw,,0.5488565488565489,0.5480177717019823,6.310434769402401,0.1,10.0,0.75
4,fusion_raw,,0.5488565488565489,0.5480177717019823,7.545838548084822,0.1,10.0,0.9
4,fusion_raw,,0.5488565488565489,0.5480177717019823,8.372415401565302,0.1,10.0,1.0
4,fusion_raw,,0.5864518364518365,0.5606237816764134,0.6705619304751027,1.0,0.001,0.0
4,fusion_raw,,0.59996534996535,0.5708955223880596,0.6618037998293572,1.0,0.001,0.1
4,fusion_raw,,0.6049896049896051,0.5876165431508487,0.6520139296460459,1.0,0.001,0.25
4,fusion_raw,,0.5701663201663202,0.5641067897165458,0.6454485492747901,1.0,0.001,0.5
4,fusion_raw,,0.555959805959806,0.5538124156545209,0.6521246792293012,1.0,0.001,0.75
4,fusion_raw,,0.5417532917532918,0.5417532917532918,0.6627533166387861,1.0,0.001,0.9
4,fusion_raw,,0.5481635481635482,0.5484687200069802,0.6725941402727229,1.0,0.001,1.0
4,fusion_raw,,0.5864518364518365,0.5606237816764134,0.6705619304751027,1.0,0.01,0.0
4,fusion_raw,,0.6042966042966043,0.5914082687338501,0.6523740673508499,1.0,0.01,0.1
4,fusion_raw,,0.5701663201663202,0.5641067897165458,0.636647765717165,1.0,0.01,0.25
4,fusion_raw,,0.568087318087318,0.5685367768955588,0.640748672114221,1.0,0.01,0.5
4,fusion_raw,,0.5887040887040887,0.5873205741626795,0.6784620188792969,1.0,0.01,0.75
4,fusion_raw,,0.5694733194733195,0.5661832509011653,0.7144202026721967,1.0,0.01,0.9
4,fusion_raw,,0.5694733194733195,0.5661832509011653,0.7430381894021182,1.0,0.01,1.0
4,fusion_raw,,0.5864518364518365,0.5606237816764134,0.6705619304751027,1.0,0.1,0.0
4,fusion_raw,,0.5907830907830909,0.5801217038539555,0.643724065837383,1.0,0.1,0.1
4,fusion_raw,,0.568087318087318,0.5685367768955588,0.6464419179974247,1.0,0.1,0.25
4,fusion_raw,,0.5616770616770617,0.5616770616770617,0.7391384580490399,1.0,0.1,0.5
4,fusion_raw,,0.5552668052668053,0.5548387096774194,0.9004889384900938,1.0,0.1,0.75
4,fusion_raw,,0.5552668052668053,0.5548387096774194,1.0168888315701163,1.0,0.1,0.9
4,fusion_raw,,0.5552668052668053,0.5548387096774194,1.0999720811617852,1.0,0.1,1.0
4,fusion_raw,,0.5864518364518365,0.5606237816764134,0.6705619304751027,1.0,1.0,0.0
4,fusion_raw,,0.5765765765765766,0.5712155108128263,0.6437294908102268,1.0,1.0,0.1
4,fusion_raw,,0.5687803187803189,0.5676691729323309,0.7064894231025433,1.0,1.0,0.25
4,fusion_raw,,0.5616770616770617,0.5616770616770617,0.9675951616080034,1.0,1.0,0.5
4,fusion_raw,,0.568087318087318,0.5685367768955588,1.316086808648976,1.0,1.0,0.75
4,fusion_raw,,0.5616770616770617,0.5616770616770617,1.543734817352148,1.0,1.0,0.9
4,fusion_raw,,0.5616770616770617,0.5616770616770617,1.6998578535202722,1.0,1.0,1.0
4,fusion_raw,,0.5864518364518365,0.5606237816764134,0.6705619304751027,1.0,10.0,0.0
4,fusion_raw,,0.555959805959806,0.5538124156545209,1.2529482425072038,1.0,10.0,0.1
4,fusion_raw,,0.5552668052668053,0.5548387096774194,2.305615813934158,1.0,10.0,0.25
4,fusion_raw,,0.5552668052668053,0.5548387096774194,4.260294858266983,1.0,10.0,0.5
4,fusion_raw,,0.5424462924462925,0.5412104235633647,6.302062166478721,1.0,10.0,0.75
4,fusion_raw,,0.5488565488565489,0.5480177717019823,7.5422793527809935,1.0,10.0,0.9
4,fusion_raw,,0.5488565488565489,0.5480177717019823,8.372415401565302,1.0,10.0,1.0
4,fusion_raw,,0.5864518364518365,0.5606237816764134,0.6730959290300467,10.0,0.001,0.0
4,fusion_raw,,0.59996534996535,0.5708955223880596,0.6634350682984965,10.0,0.001,0.1
4,fusion_raw,,0.6185031185031185,0.5984126984126985,0.6524614210501524,10.0,0.001,0.25
4,fusion_raw,,0.5836798336798337,0.5758544381608064,0.6445552600531236,10.0,0.001,0.5
4,fusion_raw,,0.555959805959806,0.5538124156545209,0.6509898884035985,10.0,0.001,0.75
4,fusion_raw,,0.5481635481635482,0.5484687200069802,0.6621243444476912,10.0,0.001,0.9
4,fusion_raw,,0.5481635481635482,0.5484687200069802,0.6725941402727229,10.0,0.001,1.0
4,fusion_raw,,0.5864518364518365,0.5606237816764134,0.6730959290300467,10.0,0.01,0.0
4,fusion_raw,,0.6178101178101179,0.6025239128687405,0.6539477522755925,10.0,0.01,0.1
4,fusion_raw,,0.5701663201663202,0.5641067897165458,0.6369556053372101,10.0,0.01,0.25
4,fusion_raw,,0.568087318087318,0.5685367768955588,0.6396730599671875,10.0,0.01,0.5
4,fusion_raw,,0.5887040887040887,0.5873205741626795,0.6772423241551792,10.0,0.01,0.75
4,fusion_raw,,0.5694733194733195,0.5661832509011653,0.7137740731677692,10.0,0.01,0.9
4,fusion_raw,,0.5694733194733195,0.5661832509011653,0.7430381894021182,10.0,0.01,1.0
4,fusion_raw,,0.5864518364518365,0.5606237816764134,0.6730959290300467,10.0,0.1,0.0
4,fusion_raw,,0.5843728343728344,0.5728359173126615,0.6451332618050214,10.0,0.1,0.1
4,fusion_raw,,0.5616770616770617,0.5616770616770617,0.6463263263927322,10.0,0.1,0.25
4,fusion_raw,,0.5616770616770617,0.5616770616770617,0.7375674378941469,10.0,0.1,0.5
4,fusion_raw,,0.5552668052668053,0.5548387096774194,0.8990899586785625,10.0,0.1,0.75
4,fusion_raw,,0.5552668052668053,0.5548387096774194,1.0162149678299417,10.0,0.1,0.9
4,fusion_raw,,0.5552668052668053,0.5548387096774194,1.0999720811617852,10.0,0.1,1.0
4,fusion_raw,,0.5864518364518365,0.5606237816764134,0.6730959290300467,10.0,1.0,0.0
4,fusion_raw,,0.5701663201663202,0.5641067897165458,0.644881242180969,10.0,1.0,0.1
4,fusion_raw,,0.5687803187803189,0.5676691729323309,0.7057513431500015,10.0,1.0,0.25
4,fusion_raw,,0.5481635481635482,0.5484687200069802,0.9655547999939824,10.0,1.0,0.5
4,fusion_raw,,0.568087318087318,0.5685367768955588,1.3146114612946533,10.0,1.0,0.75
4,fusion_raw,,0.5616770616770617,0.5616770616770617,1.5430732398897595,10.0,1.0,0.9
4,fusion_raw,,0.5616770616770617,0.5616770616770617,1.6998578535202722,10.0,1.0,1.0
4,fusion_raw,,0.5864518364518365,0.5606237816764134,0.6730959290300467,10.0,10.0,0.0
4,fusion_raw,,0.555959805959806,0.5538124156545209,1.253716290014846,10.0,10.0,0.1
4,fusion_raw,,0.5488565488565489,0.5480177717019823,2.3041716512486525,10.0,10.0,0.25
4,fusion_raw,,0.5552668052668053,0.5548387096774194,4.25787584592941,10.0,10.0,0.5
4,fusion_raw,,0.5424462924462925,0.5412104235633647,6.300502225184355,10.0,10.0,0.75
4,fusion_raw,,0.5488565488565489,0.5480177717019823,7.541599440819981,10.0,10.0,0.9
4,fusion_raw,,0.5488565488565489,0.5480177717019823,8.372415401565302,10.0,10.0,1.0
4,fusion_trial_delta,,0.5864518364518365,0.5606237816764134,0.6910914682508205,0.001,0.001,0.0
4,fusion_trial_delta,,0.5353430353430353,0.5350537634408602,0.6853330540261672,0.001,0.001,0.1
4,fusion_trial_delta,,0.5417532917532918,0.5417532917532918,0.6779055331532312,0.001,0.001,0.25
4,fusion_trial_delta,,0.5481635481635482,0.5484687200069802,0.6687105862667562,0.001,0.001,0.5
4,fusion_trial_delta,,0.5481635481635482,0.5484687200069802,0.6633693521030752,0.001,0.001,0.75
4,fusion_trial_delta,,0.5481635481635482,0.5484687200069802,0.6619289246632316,0.001,0.001,0.9
4,fusion_trial_delta,,0.5481635481635482,0.5484687200069802,0.6616706355556753,0.001,0.001,1.0
4,fusion_trial_delta,,0.5864518364518365,0.5606237816764134,0.6910914682508205,0.001,0.01,0.0
4,fusion_trial_delta,,0.5873180873180873,0.5892857142857142,0.6745832901976028,0.001,0.01,0.1
4,fusion_trial_delta,,0.5744975744975745,0.57542194092827,0.6597262405201876,0.001,0.01,0.25
4,fusion_trial_delta,,0.5744975744975745,0.57542194092827,0.658778082042168,0.001,0.01,0.5
4,fusion_trial_delta,,0.568087318087318,0.5685367768955588,0.6816970720024267,0.001,0.01,0.75
4,fusion_trial_delta,,0.568087318087318,0.5685367768955588,0.7040917191828948,0.001,0.01,0.9
4,fusion_trial_delta,,0.568087318087318,0.5685367768955588,0.7218679456571638,0.001,0.01,1.0
4,fusion_trial_delta,,0.5864518364518365,0.5606237816764134,0.6910914682508205,0.001,0.1,0.0
4,fusion_trial_delta,,0.5738045738045738,0.5755693581780538,0.6624853066117239,0.001,0.1,0.1
4,fusion_trial_delta,,0.5609840609840611,0.5619629728053857,0.6617130982157827,0.001,0.1,0.25
4,fusion_trial_delta,,0.5609840609840611,0.5619629728053857,0.7388988264183373,0.001,0.1,0.5
4,fusion_trial_delta,,0.5609840609840611,0.5619629728053857,0.8697773123659521,0.001,0.1,0.75
4,fusion_trial_delta,,0.5609840609840611,0.5619629728053857,0.9622593758596065,0.001,0.1,0.9
4,fusion_trial_delta,,0.5609840609840611,0.5619629728053857,1.0277380905943838,0.001,0.1,1.0
4,fusion_trial_delta,,0.5864518364518365,0.5606237816764134,0.6910914682508205,0.001,1.0,0.0
4,fusion_trial_delta,,0.5474705474705475,0.5482142857142858,0.6580965601081641,0.001,1.0,0.1
4,fusion_trial_delta,,0.5474705474705475,0.5482142857142858,0.7100900326166811,0.001,1.0,0.25
4,fusion_trial_delta,,0.5474705474705475,0.5482142857142858,0.9320919910152795,0.001,1.0,0.5
4,fusion_trial_delta,,0.5474705474705475,0.5482142857142858,1.220850411227861,0.001,1.0,0.75
4,fusion_trial_delta,,0.5474705474705475,0.5482142857142858,1.408273847643492,0.001,1.0,0.9
4,fusion_trial_delta,,0.5474705474705475,0.5482142857142858,1.5367139888671948,0.001,1.0,1.0
4,fusion_trial_delta,,0.5864518364518365,0.5606237816764134,0.6910914682508205,0.001,10.0,0.0
4,fusion_trial_delta,,0.5538808038808039,0.5548654244306418,1.2656497674384386,0.001,10.0,0.1
4,fusion_trial_delta,,0.5538808038808039,0.5548654244306418,2.2986520336235863,0.001,10.0,0.25
4,fusion_trial_delta,,0.5538808038808039,0.5548654244306418,4.1872449562551,0.001,10.0,0.5
4,fusion_trial_delta,,0.5538808038808039,0.5548654244306418,6.14388467839233,0.001,10.0,0.75
4,fusion_trial_delta,,0.5538808038808039,0.5548654244306418,7.330591369670818,0.001,10.0,0.9
4,fusion_trial_delta,,0.5538808038808039,0.5548654244306418,8.124652267614348,0.001,10.0,1.0
4,fusion_trial_delta,,0.5864518364518365,0.5606237816764134,0.6782464717708413,0.01,0.001,0.0
4,fusion_trial_delta,,0.6164241164241164,0.6093296876294638,0.673511018371213,0.01,0.001,0.1
4,fusion_trial_delta,,0.5488565488565489,0.5480177717019823,0.6677246695018962,0.01,0.001,0.25
4,fusion_trial_delta,,0.5417532917532918,0.5417532917532918,0.6615625485595357,0.01,0.001,0.5
4,fusion_trial_delta,,0.5417532917532918,0.5417532917532918,0.6596243570487318,0.01,0.001,0.75
4,fusion_trial_delta,,0.5481635481635482,0.5484687200069802,0.6603926069346536,0.01,0.001,0.9
4,fusion_trial_delta,,0.5481635481635482,0.5484687200069802,0.6616706355556753,0.01,0.001,1.0
4,fusion_trial_delta,,0.5864518364518365,0.5606237816764134,0.6782464717708413,0.01,0.01,0.0
4,fusion_trial_delta,,0.568087318087318,0.5685367768955588,0.6625710026319196,0.01,0.01,0.1
4,fusion_trial_delta,,0.5937283437283437,0.5962732919254659,0.6491595377411169,0.01,0.01,0.25
4,fusion_trial_delta,,0.5873180873180873,0.5892857142857142,0.6512158329195665,0.01,0.01,0.5
4,fusion_trial_delta,,0.5744975744975745,0.57542194092827,0.6777399739679941,0.01,0.01,0.75
4,fusion_trial_delta,,0.5744975744975745,0.57542194092827,0.7024794943611432,0.01,0.01,0.9
4,fusion_trial_delta,,0.568087318087318,0.5685367768955588,0.7218679456571638,0.01,0.01,1.0
4,fusion_trial_delta,,0.5864518364518365,0.5606237816764134,0.6782464717708413,0.01,0.1,0.0
4,fusion_trial_delta,,0.6264726264726265,0.6314440069590697,0.650029040353845,0.01,0.1,0.1
4,fusion_trial_delta,,0.593035343035343,0.5962675535846268,0.6503654096485054,0.01,0.1,0.25
4,fusion_trial_delta,,0.5738045738045738,0.5755693581780538,0.7306983608216859,0.01,0.1,0.5
4,fusion_trial_delta,,0.5609840609840611,0.5619629728053857,0.8654992628404895,0.01,0.1,0.75
4,fusion_trial_delta,,0.5609840609840611,0.5619629728053857,0.9605147037682071,0.01,0.1,0.9
4,fusion_trial_delta,,0.5609840609840611,0.5619629728053857,1.0277380905943838,0.01,0.1,1.0
4,fusion_trial_delta,,0.5864518364518365,0.5606237816764134,0.6782464717708413,0.01,1.0,0.0
4,fusion_trial_delta,,0.6065488565488566,0.6103836644995879,0.6450932533299907,0.01,1.0,0.1
4,fusion_trial_delta,,0.5602910602910603,0.5615468409586057,0.6980093491303655,0.01,1.0,0.25
4,fusion_trial_delta,,0.5474705474705475,0.5482142857142858,0.9234152001900949,0.01,1.0,0.5
4,fusion_trial_delta,,0.5474705474705475,0.5482142857142858,1.216344730739179,0.01,1.0,0.75
4,fusion_trial_delta,,0.5474705474705475,0.5482142857142858,1.406441771403409,0.01,1.0,0.9
4,fusion_trial_delta,,0.5474705474705475,0.5482142857142858,1.5367139888671948,0.01,1.0,1.0
4,fusion_trial_delta,,0.5864518364518365,0.5606237816764134,0.6782464717708413,0.01,10.0,0.0
4,fusion_trial_delta,,0.593035343035343,0.5962675535846268,1.251804587613238,0.01,10.0,0.1
4,fusion_trial_delta,,0.5673943173943174,0.5687500000000001,2.285695532486265,0.01,10.0,0.25
4,fusion_trial_delta,,0.5538808038808039,0.5548654244306418,4.177930963492426,0.01,10.0,0.5
4,fusion_trial_delta,,0.5403672903672904,0.5406681190994915,6.13907600776183,0.01,10.0,0.75
4,fusion_trial_delta,,0.5538808038808039,0.5548654244306418,7.328644754224326,0.01,10.0,0.9
4,fusion_trial_delta,,0.5538808038808039,0.5548654244306418,8.124652267614348,0.01,10.0,1.0
4,fusion_trial_delta,,0.5864518364518365,0.5606237816764134,0.6635788565433353,0.1,0.001,0.0
4,fusion_trial_delta,,0.6127858627858628,0.5862015018773468,0.6571697394300927,0.1,0.001,0.1
4,fusion_trial_delta,,0.6434511434511434,0.6324071797393656,0.6500633795279471,0.1,0.001,0.25
4,fusion_trial_delta,,0.5687803187803189,0.5676691729323309,0.6451749867883219,0.1,0.001,0.5
4,fusion_trial_delta,,0.5353430353430353,0.5350537634408602,0.6491274033486786,0.1,0.001,0.75
4,fusion_trial_delta,,0.5417532917532918,0.5417532917532918,0.6556554188134934,0.1,0.001,0.9
4,fusion_trial_delta,,0.5481635481635482,0.5484687200069802,0.6616706355556753,0.1,0.001,1.0
4,fusion_trial_delta,,0.5864518364518365,0.5606237816764134,0.6635788565433353,0.1,0.01,0.0
4,fusion_trial_delta,,0.5971933471933473,0.5874103065883889,0.6455519811136561,0.1,0.01,0.1
4,fusion_trial_delta,,0.5751905751905753,0.5746236559139785,0.6299613832268199,0.1,0.01,0.25
4,fusion_trial_delta,,0.6072418572418572,0.6098214285714285,0.6330428398122957,0.1,0.01,0.5
4,fusion_trial_delta,,0.5809078309078309,0.5823367880237399,0.6663845326398966,0.1,0.01,0.75
4,fusion_trial_delta,,0.5744975744975745,0.57542194092827,0.6974807357842497,0.1,0.01,0.9
4,fusion_trial_delta,,0.568087318087318,0.5685367768955588,0.7218679456571638,0.1,0.01,1.0
4,fusion_trial_delta,,0.5864518364518365,0.5606237816764134,0.6635788565433353,0.1,0.1,0.0
4,fusion_trial_delta,,0.5758835758835759,0.5732118758434548,0.6313564906764436,0.1,0.1,0.1
4,fusion_trial_delta,,0.6200623700623701,0.6241830065359477,0.6277844719848845,0.1,0.1,0.25
4,fusion_trial_delta,,0.593035343035343,0.5962675535846268,0.7096460875037208,0.1,0.1,0.5
4,fusion_trial_delta,,0.5738045738045738,0.5755693581780538,0.8529422932178263,0.1,0.1,0.75
4,fusion_trial_delta,,0.5673943173943174,0.5687500000000001,0.9551108996187704,0.1,0.1,0.9
4,fusion_trial_delta,,0.5609840609840611,0.5619629728053857,1.0277380905943838,0.1,0.1,1.0
4,fusion_trial_delta,,0.5864518364518365,0.5606237816764134,0.6635788565433353,0.1,1.0,0.0
4,fusion_trial_delta,,0.5809078309078309,0.5823367880237399,0.6241615261401655,0.1,1.0,0.1
4,fusion_trial_delta,,0.6065488565488566,0.6103836644995879,0.6717531299301235,0.1,1.0,0.25
4,fusion_trial_delta,,0.5731115731115731,0.5750184774575019,0.9000386233922579,0.1,1.0,0.5
4,fusion_trial_delta,,0.5538808038808039,0.5548654244306418,1.2029065292556929,0.1,1.0,0.75
4,fusion_trial_delta,,0.5474705474705475,0.5482142857142858,1.4007585541244945,0.1,1.0,0.9
4,fusion_trial_delta,,0.5474705474705475,0.5482142857142858,1.5367139888671948,0.1,1.0,1.0
4,fusion_trial_delta,,0.5864518364518365,0.5606237816764134,0.6635788565433353,0.1,10.0,0.0
4,fusion_trial_delta,,0.6072418572418572,0.6098214285714285,1.2275490775961813,0.1,10.0,0.1
4,fusion_trial_delta,,0.5994455994455994,0.6032634032634032,2.2555288986169306,0.1,10.0,0.25
4,fusion_trial_delta,,0.5738045738045738,0.5755693581780538,4.151965417771161,0.1,10.0,0.5
4,fusion_trial_delta,,0.5538808038808039,0.5548654244306418,6.124567144926802,0.1,10.0,0.75
4,fusion_trial_delta,,0.5403672903672904,0.5406681190994915,7.322592456892656,0.1,10.0,0.9
4,fusion_trial_delta,,0.5538808038808039,0.5548654244306418,8.124652267614348,0.1,10.0,1.0
4,fusion_trial_delta,,0.5864518364518365,0.5606237816764134,0.6705619304751027,1.0,0.001,0.0
4,fusion_trial_delta,,0.6063756063756064,0.5785575048732943,0.6601970444629978,1.0,0.001,0.1
4,fusion_trial_delta,,0.6113998613998615,0.5950704225352113,0.6481776852685426,1.0,0.001,0.25
4,fusion_trial_delta,,0.5900900900900901,0.5830586684245221,0.6385040848455042,1.0,0.001,0.5
4,fusion_trial_delta,,0.5417532917532918,0.5417532917532918,0.6428914719853204,1.0,0.001,0.75
4,fusion_trial_delta,,0.5417532917532918,0.5417532917532918,0.6524587469099672,1.0,0.001,0.9
4,fusion_trial_delta,,0.5481635481635482,0.5484687200069802,0.6616706355556753,1.0,0.001,1.0
4,fusion_trial_delta,,0.5864518364518365,0.5606237816764134,0.6705619304751027,1.0,0.01,0.0
4,fusion_trial_delta,,0.6249133749133748,0.6059446967885888,0.6481656860018555,1.0,0.01,0.1
4,fusion_trial_delta,,0.5893970893970895,0.5854639953055578,0.627043006497075,1.0,0.01,0.25
4,fusion_trial_delta,,0.5873180873180873,0.5892857142857142,0.6250935670882067,1.0,0.01,0.5
4,fusion_trial_delta,,0.5873180873180873,0.5892857142857142,0.6596275680919573,1.0,0.01,0.75
4,fusion_trial_delta,,0.5809078309078309,0.5823367880237399,0.6941873008938414,1.0,0.01,0.9
4,fusion_trial_delta,,0.568087318087318,0.5685367768955588,0.7218679456571638,1.0,0.01,1.0
4,fusion_trial_delta,,0.5864518364518365,0.5606237816764134,0.6705619304751027,1.0,0.1,0.0
4,fusion_trial_delta,,0.61001386001386,0.6020105471324984,0.632918430901922,1.0,0.1,0.1
4,fusion_trial_delta,,0.6136521136521136,0.6169772256728778,0.6224011321792347,1.0,0.1,0.25
4,fusion_trial_delta,,0.6200623700623701,0.6241830065359477,0.6995677825363253,1.0,0.1,0.5
4,fusion_trial_delta,,0.5866250866250866,0.5893233220401062,0.8455048140731065,1.0,0.1,0.75
4,fusion_trial_delta,,0.5738045738045738,0.5755693581780538,0.9516646741964598,1.0,0.1,0.9
4,fusion_trial_delta,,0.5609840609840611,0.5619629728053857,1.0277380905943838,1.0,0.1,1.0
4,fusion_trial_delta,,0.5864518364518365,0.5606237816764134,0.6705619304751027,1.0,1.0,0.0
4,fusion_trial_delta,,0.5424462924462925,0.5412104235633647,0.6241673781020933,1.0,1.0,0.1
4,fusion_trial_delta,,0.63998613998614,0.6450617283950617,0.6634003192368413,1.0,1.0,0.25
4,fusion_trial_delta,,0.593035343035343,0.5962675535846268,0.8881935415756572,1.0,1.0,0.5
4,fusion_trial_delta,,0.5602910602910603,0.5615468409586057,1.1949208232931905,1.0,1.0,0.75
4,fusion_trial_delta,,0.5474705474705475,0.5482142857142858,1.3971746575019601,1.0,1.0,0.9
4,fusion_trial_delta,,0.5474705474705475,0.5482142857142858,1.5367139888671948,1.0,1.0,1.0
4,fusion_trial_delta,,0.5864518364518365,0.5606237816764134,0.6705619304751027,1.0,10.0,0.0
4,fusion_trial_delta,,0.5944213444213444,0.5956399437412095,1.2253295755818705,1.0,10.0,0.1
4,fusion_trial_delta,,0.6200623700623701,0.6241830065359477,2.244196394717684,1.0,10.0,0.25
4,fusion_trial_delta,,0.5802148302148302,0.5824255628177197,4.138213391225363,1.0,10.0,0.5
4,fusion_trial_delta,,0.5538808038808039,0.5548654244306418,6.11583009890973,1.0,10.0,0.75
4,fusion_trial_delta,,0.5538808038808039,0.5548654244306418,7.318766406801947,1.0,10.0,0.9
4,fusion_trial_delta,,0.5538808038808039,0.5548654244306418,8.124652267614348,1.0,10.0,1.0
4,fusion_trial_delta,,0.5864518364518365,0.5606237816764134,0.6730959290300467,10.0,0.001,0.0
4,fusion_trial_delta,,0.6063756063756064,0.5785575048732943,0.6618200576464477,10.0,0.001,0.1
4,fusion_trial_delta,,0.6049896049896051,0.5876165431508487,0.648600578870543,10.0,0.001,0.25
4,fusion_trial_delta,,0.5900900900900901,0.5830586684245221,0.6375655638171371,10.0,0.001,0.5
4,fusion_trial_delta,,0.5417532917532918,0.5417532917532918,0.6417245824616241,10.0,0.001,0.75
4,fusion_trial_delta,,0.5417532917532918,0.5417532917532918,0.6518177721786057,10.0,0.001,0.9
4,fusion_trial_delta,,0.5481635481635482,0.5484687200069802,0.6616706355556753,10.0,0.001,1.0
4,fusion_trial_delta,,0.5864518364518365,0.5606237816764134,0.6730959290300467,10.0,0.01,0.0
4,fusion_trial_delta,,0.6249133749133748,0.6059446967885888,0.649718623151795,10.0,0.01,0.1
4,fusion_trial_delta,,0.5893970893970895,0.5854639953055578,0.6272831449590665,10.0,0.01,0.25
4,fusion_trial_delta,,0.5937283437283437,0.5962732919254659,0.623917657688431,10.0,0.01,0.5
4,fusion_trial_delta,,0.5873180873180873,0.5892857142857142,0.6583784669228142,10.0,0.01,0.75
4,fusion_trial_delta,,0.5809078309078309,0.5823367880237399,0.6935427434310978,10.0,0.01,0.9
4,fusion_trial_delta,,0.568087318087318,0.5685367768955588,0.7218679456571638,10.0,0.01,1.0
4,fusion_trial_delta,,0.5864518364518365,0.5606237816764134,0.6730959290300467,10.0,0.1,0.0
4,fusion_trial_delta,,0.61001386001386,0.6020105471324984,0.6342913342708586,10.0,0.1,0.1
4,fusion_trial_delta,,0.5937283437283437,0.5962732919254659,0.6221869782786623,10.0,0.1,0.25
4,fusion_trial_delta,,0.6136521136521136,0.6169772256728778,0.697993986876722,10.0,0.1,0.5
4,fusion_trial_delta,,0.5866250866250866,0.5893233220401062,0.8441581263058977,10.0,0.1,0.75
4,fusion_trial_delta,,0.5738045738045738,0.5755693581780538,0.9510111408965131,10.0,0.1,0.9
4,fusion_trial_delta,,0.5609840609840611,0.5619629728053857,1.0277380905943838,10.0,0.1,1.0
4,fusion_trial_delta,,0.5864518364518365,0.5606237816764134,0.6730959290300467,10.0,1.0,0.0
4,fusion_trial_delta,,0.5424462924462925,0.5412104235633647,0.6252665964342284,10.0,1.0,0.1
4,fusion_trial_delta,,0.612959112959113,0.6175166297117517,0.6626102587434013,10.0,1.0,0.25
4,fusion_trial_delta,,0.593035343035343,0.5962675535846268,0.886298416817103,10.0,1.0,0.5
4,fusion_trial_delta,,0.5602910602910603,0.5615468409586057,1.1934887142641695,10.0,1.0,0.75
4,fusion_trial_delta,,0.5474705474705475,0.5482142857142858,1.3965040185665845,10.0,1.0,0.9
4,fusion_trial_delta,,0.5474705474705475,0.5482142857142858,1.5367139888671948,10.0,1.0,1.0
4,fusion_trial_delta,,0.5864518364518365,0.5606237816764134,0.6730959290300467,10.0,10.0,0.0
4,fusion_trial_delta,,0.5944213444213444,0.5956399437412095,1.2260473878890261,10.0,10.0,0.1
4,fusion_trial_delta,,0.6200623700623701,0.6241830065359477,2.2428452549091134,10.0,10.0,0.25
4,fusion_trial_delta,,0.5802148302148302,0.5824255628177197,4.135963796898867,10.0,10.0,0.5
4,fusion_trial_delta,,0.5673943173943174,0.5687500000000001,6.114253343219094,10.0,10.0,0.75
4,fusion_trial_delta,,0.5538808038808039,0.5548654244306418,7.3180495087527495,10.0,10.0,0.9
4,fusion_trial_delta,,0.5538808038808039,0.5548654244306418,8.124652267614348,10.0,10.0,1.0
4,fusion_water_delta,,0.5864518364518365,0.5606237816764134,0.6910914682508205,0.001,0.001,0.0
4,fusion_water_delta,,0.5204435204435205,0.5197893972403776,0.6910455559474116,0.001,0.001,0.1
4,fusion_water_delta,,0.48839223839223844,0.48826454934124425,0.6916133274159261,0.001,0.001,0.25
4,fusion_water_delta,,0.4556479556479557,0.4559139784946237,0.694241121503419,0.001,0.001,0.5
4,fusion_water_delta,,0.44923769923769924,0.44976076555023914,0.698923286309384,0.001,0.001,0.75
4,fusion_water_delta,,0.44923769923769924,0.44976076555023914,0.7026864491233948,0.001,0.001,0.9
4,fusion_water_delta,,0.44923769923769924,0.44976076555023914,0.7055800296050264,0.001,0.001,1.0
4,fusion_water_delta,,0.5864518364518365,0.5606237816764134,0.6910914682508205,0.001,0.01,0.0
4,fusion_water_delta,,0.46916146916146917,0.46941216678058795,0.6896971198003081,0.001,0.01,0.1
4,fusion_water_delta,,0.46344421344421344,0.4633333333333334,0.6939802351482842,0.001,0.01,0.25
4,fusion_water_delta,,0.46344421344421344,0.4633333333333334,0.7169194363709904,0.001,0.01,0.5
4,fusion_water_delta,,0.46344421344421344,0.4633333333333334,0.7567226647832819,0.001,0.01,0.75
4,fusion_water_delta,,0.46344421344421344,0.4633333333333334,0.7871953609633141,0.001,0.01,0.9
4,fusion_water_delta,,0.46344421344421344,0.4633333333333334,0.8098101521811005,0.001,0.01,1.0
4,fusion_water_delta,,0.5864518364518365,0.5606237816764134,0.6910914682508205,0.001,0.1,0.0
4,fusion_water_delta,,0.48336798336798337,0.4825,0.6938242922852559,0.001,0.1,0.1
4,fusion_water_delta,,0.46344421344421344,0.4633333333333334,0.7342642790290455,0.001,0.1,0.25
4,fusion_water_delta,,0.45703395703395705,0.45687298036291324,0.8719082687234342,0.001,0.1,0.5
4,fusion_water_delta,,0.45703395703395705,0.45687298036291324,1.0600362272357673,0.001,0.1,0.75
4,fusion_water_delta,,0.45703395703395705,0.45687298036291324,1.1864118326997737,0.001,0.1,0.9
4,fusion_water_delta,,0.45703395703395705,0.45687298036291324,1.2743702217185773,0.001,0.1,1.0
4,fusion_water_delta,,0.5864518364518365,0.5606237816764134,0.6910914682508205,0.001,1.0,0.0
4,fusion_water_delta,,0.48336798336798337,0.4825,0.7099002536751875,0.001,1.0,0.1
4,fusion_water_delta,,0.46344421344421344,0.4633333333333334,0.8356464514299407,0.001,1.0,0.25
4,fusion_water_delta,,0.46344421344421344,0.4633333333333334,1.177345432392315,0.001,1.0,0.5
4,fusion_water_delta,,0.46344421344421344,0.4633333333333334,1.5838922012036067,0.001,1.0,0.75
4,fusion_water_delta,,0.45703395703395705,0.45687298036291324,1.8413757787962337,0.001,1.0,0.9
4,fusion_water_delta,,0.45703395703395705,0.45687298036291324,2.0163942445032115,0.001,1.0,1.0
4,fusion_water_delta,,0.5864518364518365,0.5606237816764134,0.6910914682508205,0.001,10.0,0.0
4,fusion_water_delta,,0.4705474705474706,0.46934739617666443,1.3360545264764163,0.001,10.0,0.1
4,fusion_water_delta,,0.4705474705474706,0.46934739617666443,2.4759259748611826,0.001,10.0,0.25
4,fusion_water_delta,,0.4705474705474706,0.46934739617666443,4.539328261591695,0.001,10.0,0.5
4,fusion_water_delta,,0.4705474705474706,0.46934739617666443,6.666502710275406,0.001,10.0,0.75
4,fusion_water_delta,,0.4705474705474706,0.46934739617666443,7.954904964055012,0.001,10.0,0.9
4,fusion_water_delta,,0.4705474705474706,0.46934739617666443,8.816762890848096,0.001,10.0,1.0
4,fusion_water_delta,,0.5864518364518365,0.5606237816764134,0.6782464717708413,0.01,0.001,0.0
4,fusion_water_delta,,0.6049896049896051,0.5876165431508487,0.6792824206713289,0.01,0.001,0.1
4,fusion_water_delta,,0.536036036036036,0.5344129554655871,0.6815552251450598,0.01,0.001,0.25
4,fusion_water_delta,,0.5204435204435205,0.5197893972403776,0.6872494550850792,0.01,0.001,0.5
4,fusion_water_delta,,0.48839223839223844,0.48826454934124425,0.6952841133653584,0.01,0.001,0.75
4,fusion_water_delta,,0.4556479556479557,0.4559139784946237,0.7011965865499877,0.01,0.001,0.9
4,fusion_water_delta,,0.44923769923769924,0.44976076555023914,0.7055800296050264,0.01,0.001,1.0
4,fusion_water_delta,,0.5864518364518365,0.5606237816764134,0.6782464717708413,0.01,0.01,0.0
4,fusion_water_delta,,0.503984753984754,0.5004507827227277,0.6780301328761046,0.01,0.01,0.1
4,fusion_water_delta,,0.5025987525987526,0.5021645021645021,0.6841136855747694,0.01,0.01,0.25
4,fusion_water_delta,,0.47557172557172556,0.4756989247311828,0.7101837709717831,0.01,0.01,0.5
4,fusion_water_delta,,0.4698544698544699,0.46977952887920194,0.7532866170406219,0.01,0.01,0.75
4,fusion_water_delta,,0.46344421344421344,0.4633333333333334,0.7858068538519859,0.01,0.01,0.9
4,fusion_water_delta,,0.46344421344421344,0.4633333333333334,0.8098101521811005,0.01,0.01,1.0
4,fusion_water_delta,,0.5864518364518365,0.5606237816764134,0.6782464717708413,0.01,0.1,0.0
4,fusion_water_delta,,0.5103950103950105,0.507251153592617,0.6823450631269145,0.01,0.1,0.1
4,fusion_water_delta,,0.48336798336798337,0.4825,0.7247750019921851,0.01,0.1,0.25
4,fusion_water_delta,,0.48336798336798337,0.4825,0.865695641896742,0.01,0.1,0.5
4,fusion_water_delta,,0.46344421344421344,0.4633333333333334,1.0569699257041814,0.01,0.1,0.75
4,fusion_water_delta,,0.45703395703395705,0.45687298036291324,1.1851895479506367,0.01,0.1,0.9
4,fusion_water_delta,,0.45703395703395705,0.45687298036291324,1.2743702217185773,0.01,0.1,1.0
4,fusion_water_delta,,0.5864518364518365,0.5606237816764134,0.6782464717708413,0.01,1.0,0.0
4,fusion_water_delta,,0.4840609840609841,0.48159986886320794,0.6986382195627694,0.01,1.0,0.1
4,fusion_water_delta,,0.476957726957727,0.475930068771232,0.8265951929662017,0.01,1.0,0.25
4,fusion_water_delta,,0.476957726957727,0.475930068771232,1.171552203980665,0.01,1.0,0.5
4,fusion_water_delta,,0.46344421344421344,0.4633333333333334,1.5810418251737566,0.01,1.0,0.75
4,fusion_water_delta,,0.46344421344421344,0.4633333333333334,1.8402430002208816,0.01,1.0,0.9
4,fusion_water_delta,,0.45703395703395705,0.45687298036291324,2.0163942445032115,0.01,1.0,1.0
4,fusion_water_delta,,0.5864518364518365,0.5606237816764134,0.6782464717708413,0.01,10.0,0.0
4,fusion_water_delta,,0.503984753984754,0.5004507827227277,1.324808512858246,0.01,10.0,0.1
4,fusion_water_delta,,0.4840609840609841,0.48159986886320794,2.4671607811415934,0.01,10.0,0.25
4,fusion_water_delta,,0.4705474705474706,0.46934739617666443,4.53369598947449,0.01,10.0,0.5
4,fusion_water_delta,,0.4705474705474706,0.46934739617666443,6.663722951207846,0.01,10.0,0.75
4,fusion_water_delta,,0.4705474705474706,0.46934739617666443,7.953798943794027,0.01,10.0,0.9
4,fusion_water_delta,,0.4705474705474706,0.46934739617666443,8.816762890848096,0.01,10.0,1.0
4,fusion_water_delta,,0.5864518364518365,0.5606237816764134,0.6635788565433353,0.1,0.001,0.0
4,fusion_water_delta,,0.5864518364518365,0.5606237816764134,0.6631454874585514,0.1,0.001,0.1
4,fusion_water_delta,,0.6049896049896051,0.5876165431508487,0.6643427836526339,0.1,0.001,0.25
4,fusion_water_delta,,0.5239085239085239,0.5193016965822473,0.6714614704739654,0.1,0.001,0.5
4,fusion_water_delta,,0.5275467775467775,0.5276785714285714,0.6851892895206346,0.1,0.001,0.75
4,fusion_water_delta,,0.5012127512127512,0.5008415271503233,0.6966295087820363,0.1,0.001,0.9
4,fusion_water_delta,,0.44923769923769924,0.44976076555023914,0.7055800296050264,0.1,0.001,1.0
4,fusion_water_delta,,0.5864518364518365,0.5606237816764134,0.6635788565433353,0.1,0.01,0.0
4,fusion_water_delta,,0.5914760914760915,0.5766645326504481,0.6620940536241379,0.1,0.01,0.1
4,fusion_water_delta,,0.5110880110880112,0.5054766734279919,0.6672334046378913,0.1,0.01,0.25
4,fusion_water_delta,,0.5097020097020097,0.5083410176879872,0.6948442759739991,0.1,0.01,0.5
4,fusion_water_delta,,0.46916146916146917,0.46941216678058795,0.74366966682918,0.1,0.01,0.75
4,fusion_water_delta,,0.46344421344421344,0.4633333333333334,0.7815271678020738,0.1,0.01,0.9
4,fusion_water_delta,,0.46344421344421344,0.4633333333333334,0.8098101521811005,0.1,0.01,1.0
4,fusion_water_delta,,0.5864518364518365,0.5606237816764134,0.6635788565433353,0.1,0.1,0.0
4,fusion_water_delta,,0.5381150381150381,0.5285748734024596,0.666670158126961,0.1,0.1,0.1
4,fusion_water_delta,,0.5103950103950105,0.507251153592617,0.7080496892025686,0.1,0.1,0.25
4,fusion_water_delta,,0.4698544698544699,0.46977952887920194,0.8508207229281965,0.1,0.1,0.5
4,fusion_water_delta,,0.48336798336798337,0.4825,1.0480618410728504,0.1,0.1,0.75
4,fusion_water_delta,,0.46344421344421344,0.4633333333333334,1.181338160950753,0.1,0.1,0.9
4,fusion_water_delta,,0.45703395703395705,0.45687298036291324,1.2743702217185773,0.1,0.1,1.0
4,fusion_water_delta,,0.5864518364518365,0.5606237816764134,0.6635788565433353,0.1,1.0,0.0
4,fusion_water_delta,,0.5168052668052668,0.5140442455878698,0.6829732680610935,0.1,1.0,0.1
4,fusion_water_delta,,0.4968814968814969,0.4949871571795509,0.8095087710864411,0.1,1.0,0.25
4,fusion_water_delta,,0.476957726957727,0.475930068771232,1.156555035243252,0.1,1.0,0.5
4,fusion_water_delta,,0.48336798336798337,0.4825,1.5723193889210612,0.1,1.0,0.75
4,fusion_water_delta,,0.46344421344421344,0.4633333333333334,1.8365587287207898,0.1,1.0,0.9
4,fusion_water_delta,,0.45703395703395705,0.45687298036291324,2.0163942445032115,0.1,1.0,1.0
4,fusion_water_delta,,0.5864518364518365,0.5606237816764134,0.6635788565433353,0.1,10.0,0.0
4,fusion_water_delta,,0.49047124047124047,0.48829927488464075,1.3082948238954435,0.1,10.0,0.1
4,fusion_water_delta,,0.48336798336798337,0.4825,2.4492992421383395,0.1,10.0,0.25
4,fusion_water_delta,,0.4840609840609841,0.48159986886320794,4.518113036630262,0.1,10.0,0.5
4,fusion_water_delta,,0.4705474705474706,0.46934739617666443,6.654896834484916,0.1,10.0,0.75
4,fusion_water_delta,,0.4705474705474706,0.46934739617666443,7.95012517458857,0.1,10.0,0.9
4,fusion_water_delta,,0.4705474705474706,0.46934739617666443,8.816762890848096,0.1,10.0,1.0
4,fusion_water_delta,,0.5864518364518365,0.5606237816764134,0.6705619304751027,1.0,0.001,0.0
4,fusion_water_delta,,0.5864518364518365,0.5606237816764134,0.6663027731709897,1.0,0.001,0.1
4,fusion_water_delta,,0.6063756063756064,0.5785575048732943,0.6627602387005694,1.0,0.001,0.25
4,fusion_water_delta,,0.5445252945252945,0.5356912144702842,0.6652230254378723,1.0,0.001,0.5
4,fusion_water_delta,,0.509009009009009,0.508714969241285,0.6792363637676678,1.0,0.001,0.75
4,fusion_water_delta,,0.514033264033264,0.5134575569358177,0.6935430045222991,1.0,0.001,0.9
4,fusion_water_delta,,0.44923769923769924,0.44976076555023914,0.7055800296050264,1.0,0.001,1.0
4,fusion_water_delta,,0.5864518364518365,0.5606237816764134,0.6705619304751027,1.0,0.01,0.0
4,fusion_water_delta,,0.6056826056826057,0.5833333333333334,0.6653305035403941,1.0,0.01,0.1
4,fusion_water_delta,,0.5124740124740125,0.49996047118349274,0.6657695268346931,1.0,0.01,0.25
4,fusion_water_delta,,0.5032917532917534,0.5016666666666667,0.6888204523756997,1.0,0.01,0.5
4,fusion_water_delta,,0.4954954954954955,0.49548387096774194,0.7380498864573137,1.0,0.01,0.75
4,fusion_water_delta,,0.4563409563409564,0.45681511470985153,0.7786695333219759,1.0,0.01,0.9
4,fusion_water_delta,,0.46344421344421344,0.4633333333333334,0.8098101521811005,1.0,0.01,1.0
4,fusion_water_delta,,0.5864518364518365,0.5606237816764134,0.6705619304751027,1.0,0.1,0.0
4,fusion_water_delta,,0.545911295911296,0.5289855072463769,0.669921204452379,1.0,0.1,0.1
4,fusion_water_delta,,0.5168052668052668,0.5140442455878698,0.7062099269003939,1.0,0.1,0.25
4,fusion_water_delta,,0.5025987525987526,0.5021645021645021,0.8444290939412998,1.0,0.1,0.5
4,fusion_water_delta,,0.48336798336798337,0.4825,1.0425911129398813,1.0,0.1,0.75
4,fusion_water_delta,,0.46344421344421344,0.4633333333333334,1.1786908181111408,1.0,0.1,0.9
4,fusion_water_delta,,0.45703395703395705,0.45687298036291324,1.2743702217185773,1.0,0.1,1.0
4,fusion_water_delta,,0.5864518364518365,0.5606237816764134,0.6705619304751027,1.0,1.0,0.0
4,fusion_water_delta,,0.5174982674982676,0.5123939986953685,0.6859198223959916,1.0,1.0,0.1
4,fusion_water_delta,,0.4840609840609841,0.48159986886320794,0.8064939301362131,1.0,1.0,0.25
4,fusion_water_delta,,0.48336798336798337,0.4825,1.148947789362414,1.0,1.0,0.5
4,fusion_water_delta,,0.476957726957727,0.475930068771232,1.5664659005334962,1.0,1.0,0.75
4,fusion_water_delta,,0.46344421344421344,0.4633333333333334,1.833884035515092,1.0,1.0,0.9
4,fusion_water_delta,,0.45703395703395705,0.45687298036291324,2.0163942445032115,1.0,1.0,1.0
4,fusion_water_delta,,0.5864518364518365,0.5606237816764134,0.6705619304751027,1.0,10.0,0.0
4,fusion_water_delta,,0.5103950103950105,0.507251153592617,1.3103349561126214,1.0,10.0,0.1
4,fusion_water_delta,,0.4968814968814969,0.4949871571795509,2.4447402181044353,1.0,10.0,0.25
4,fusion_water_delta,,0.4968814968814969,0.4949871571795509,4.509103853053485,1.0,10.0,0.5
4,fusion_water_delta,,0.4705474705474706,0.46934739617666443,6.648613863789708,1.0,10.0,0.75
4,fusion_water_delta,,0.4705474705474706,0.46934739617666443,7.947365007565634,1.0,10.0,0.9
4,fusion_water_delta,,0.4705474705474706,0.46934739617666443,8.816762890848096,1.0,10.0,1.0
4,fusion_water_delta,,0.5864518364518365,0.5606237816764134,0.6730959290300467,10.0,0.001,0.0
4,fusion_water_delta,,0.5864518364518365,0.5606237816764134,0.6679486349811531,10.0,0.001,0.1
4,fusion_water_delta,,0.6063756063756064,0.5785575048732943,0.6632379343336984,10.0,0.001,0.25
4,fusion_water_delta,,0.558038808038808,0.5470621332690299,0.6643662049315731,10.0,0.001,0.5
4,fusion_water_delta,,0.5161122661122661,0.5150134952766532,0.6781214146046584,10.0,0.001,0.75
4,fusion_water_delta,,0.5275467775467775,0.5276785714285714,0.6929202957605296,10.0,0.001,0.9
4,fusion_water_delta,,0.44923769923769924,0.44976076555023914,0.7055800296050264,10.0,0.001,1.0
4,fusion_water_delta,,0.5864518364518365,0.5606237816764134,0.6730959290300467,10.0,0.01,0.0
4,fusion_water_delta,,0.6191961191961193,0.5938309394866965,0.6669876951074734,10.0,0.01,0.1
4,fusion_water_delta,,0.5124740124740125,0.49996047118349274,0.6662678929957854,10.0,0.01,0.25
4,fusion_water_delta,,0.5032917532917534,0.5016666666666667,0.6880120669312838,10.0,0.01,0.5
4,fusion_water_delta,,0.4954954954954955,0.49548387096774194,0.7370121999278642,10.0,0.01,0.75
4,fusion_water_delta,,0.4627512127512128,0.4631185807656396,0.7780999888486716,10.0,0.01,0.9
4,fusion_water_delta,,0.46344421344421344,0.4633333333333334,0.8098101521811005,10.0,0.01,1.0
4,fusion_water_delta,,0.5864518364518365,0.5606237816764134,0.6730959290300467,10.0,0.1,0.0
4,fusion_water_delta,,0.5523215523215523,0.5363269823701479,0.671574382293152,10.0,0.1,0.1
4,fusion_water_delta,,0.5168052668052668,0.5140442455878698,0.706621117042991,10.0,0.1,0.25
4,fusion_water_delta,,0.509009009009009,0.508714969241285,0.843504340470545,10.0,0.1,0.5
4,fusion_water_delta,,0.48336798336798337,0.4825,1.0415477452968234,10.0,0.1,0.75
4,fusion_water_delta,,0.46344421344421344,0.4633333333333334,1.1781520965658383,10.0,0.1,0.9
4,fusion_water_delta,,0.45703395703395705,0.45687298036291324,1.2743702217185773,10.0,0.1,1.0
4,fusion_water_delta,,0.5864518364518365,0.5606237816764134,0.6730959290300467,10.0,1.0,0.0
4,fusion_water_delta,,0.5174982674982676,0.5123939986953685,0.6875061562397021,10.0,1.0,0.1
4,fusion_water_delta,,0.4840609840609841,0.48159986886320794,0.8066364494635768,10.0,1.0,0.25
4,fusion_water_delta,,0.48336798336798337,0.4825,1.147672899880439,10.0,1.0,0.5
4,fusion_water_delta,,0.476957726957727,0.475930068771232,1.5652800890087524,10.0,1.0,0.75
4,fusion_water_delta,,0.46344421344421344,0.4633333333333334,1.8333194002731414,10.0,1.0,0.9
4,fusion_water_delta,,0.45703395703395705,0.45687298036291324,2.0163942445032115,10.0,1.0,1.0
4,fusion_water_delta,,0.5864518364518365,0.5606237816764134,0.6730959290300467,10.0,10.0,0.0
4,fusion_water_delta,,0.5103950103950105,0.507251153592617,1.3117531791922634,10.0,10.0,0.1
4,fusion_water_delta,,0.5032917532917534,0.5016666666666667,2.4445220245643013,10.0,10.0,0.25
4,fusion_water_delta,,0.4968814968814969,0.4949871571795509,4.507435664912076,10.0,10.0,0.5
4,fusion_water_delta,,0.4705474705474706,0.46934739617666443,6.647294521886646,10.0,10.0,0.75
4,fusion_water_delta,,0.4705474705474706,0.46934739617666443,7.9467703056825085,10.0,10.0,0.9
4,fusion_water_delta,,0.4705474705474706,0.46934739617666443,8.816762890848096,10.0,10.0,1.0
5,code_only,0.001,0.6473214285714286,0.6210111727353106,0.6903238305574081,,,
5,code_only,0.01,0.6473214285714286,0.6210111727353106,0.6737642211144984,,,
5,code_only,0.1,0.6473214285714286,0.6210111727353106,0.6605167792102864,,,
5,code_only,1.0,0.6473214285714286,0.6210111727353106,0.6892228638041237,,,
5,code_only,10.0,0.6473214285714286,0.6210111727353106,0.7227993471903291,,,
5,face_raw,0.001,0.5464285714285715,0.5472026371211427,0.6723681805340048,,,
5,face_raw,0.01,0.5008928571428571,0.5008415271503233,0.7161169948609416,,,
5,face_raw,0.1,0.5133928571428572,0.5134575569358178,1.0088639449425982,,,
5,face_raw,1.0,0.5071428571428571,0.5071428571428571,1.5055320655271798,,,
5,face_raw,10.0,0.49464285714285716,0.4945499296765119,2.084153647207254,,,
5,face_trial_delta,0.001,0.5178571428571428,0.5174825174825174,0.662864678149164,,,
5,face_trial_delta,0.01,0.5303571428571429,0.5299876437600988,0.6720749421526664,,,
5,face_trial_delta,0.1,0.5053571428571428,0.5050819522021793,0.8817634976651858,,,
5,face_trial_delta,1.0,0.4928571428571428,0.49275362318840576,1.275418933166352,,,
5,face_trial_delta,10.0,0.48214285714285715,0.481981981981982,1.7228179506458396,,,
5,face_water_delta,0.001,0.49196428571428574,0.4890602732835946,0.7085048905241521,,,
5,face_water_delta,0.01,0.4660714285714286,0.4660714285714286,0.8147713879152665,,,
5,face_water_delta,0.1,0.46428571428571425,0.4629612672832158,1.1412833975832695,,,
5,face_water_delta,1.0,0.48928571428571427,0.4862655641098755,1.706439752788803,,,
5,face_water_delta,10.0,0.4830357142857143,0.48042168674698793,2.34312338296408,,,
5,fusion_raw,,0.6473214285714286,0.6210111727353106,0.6903238305574081,0.001,0.001,0.0
5,fusion_raw,,0.5357142857142857,0.5349859353023911,0.6871347699981539,0.001,0.001,0.1
5,fusion_raw,,0.49910714285714286,0.49891067538126355,0.6829390259625356,0.001,0.001,0.25
5,fusion_raw,,0.5258928571428572,0.5261422946616611,0.6775055765855732,0.001,0.001,0.5
5,fusion_raw,,0.5401785714285714,0.5406681190994916,0.6739965557810721,0.001,0.001,0.75
5,fusion_raw,,0.5464285714285715,0.5472026371211427,0.6727972987021283,0.001,0.001,0.9
5,fusion_raw,,0.5464285714285715,0.5472026371211427,0.6723681805340048,0.001,0.001,1.0
5,fusion_raw,,0.6473214285714286,0.6210111727353106,0.6903238305574081,0.001,0.01,0.0
5,fusion_raw,,0.5196428571428571,0.5197893972403776,0.678966103792419,0.001,0.01,0.1
5,fusion_raw,,0.5071428571428571,0.5071428571428571,0.6684823576674616,0.001,0.01,0.25
5,fusion_raw,,0.5071428571428571,0.5071428571428571,0.6674832289682521,0.001,0.01,0.5
5,fusion_raw,,0.5008928571428571,0.5008415271503233,0.6845089632604318,0.001,0.01,0.75
5,fusion_raw,,0.5008928571428571,0.5008415271503233,0.7019411826091362,0.001,0.01,0.9
5,fusion_raw,,0.5008928571428571,0.5008415271503233,0.7161169948609416,0.001,0.01,1.0
5,fusion_raw,,0.6473214285714286,0.6210111727353106,0.6903238305574081,0.001,0.1,0.0
5,fusion_raw,,0.5133928571428572,0.5134575569358178,0.668699161552895,0.001,0.1,0.1
5,fusion_raw,,0.5133928571428572,0.5134575569358178,0.6701040759934058,0.001,0.1,0.25
5,fusion_raw,,0.5133928571428572,0.5134575569358178,0.7398733451325661,0.001,0.1,0.5
5,fusion_raw,,0.5133928571428572,0.5134575569358178,0.8604157698506961,0.001,0.1,0.75
5,fusion_raw,,0.5133928571428572,0.5134575569358178,0.9470342031657634,0.001,0.1,0.9
5,fusion_raw,,0.5133928571428572,0.5134575569358178,1.0088639449425982,0.001,0.1,1.0
5,fusion_raw,,0.6473214285714286,0.6210111727353106,0.6903238305574081,0.001,1.0,0.0
5,fusion_raw,,0.5196428571428571,0.5197893972403776,0.6646817642349493,0.001,1.0,0.1
5,fusion_raw,,0.5133928571428572,0.5134575569358178,0.7139669304098456,0.001,1.0,0.25
5,fusion_raw,,0.5071428571428571,0.5071428571428571,0.9220830563495154,0.001,1.0,0.5
5,fusion_raw,,0.5071428571428571,0.5071428571428571,1.1987711476669614,0.001,1.0,0.75
5,fusion_raw,,0.5071428571428571,0.5071428571428571,1.3804397974481335,0.001,1.0,0.9
5,fusion_raw,,0.5071428571428571,0.5071428571428571,1.5055320655271798,0.001,1.0,1.0
5,fusion_raw,,0.6473214285714286,0.6210111727353106,0.6903238305574081,0.001,10.0,0.0
5,fusion_raw,,0.5071428571428571,0.5071428571428571,0.6721290225255793,0.001,10.0,0.1
5,fusion_raw,,0.49464285714285716,0.4945499296765119,0.7957701087411996,0.001,10.0,0.25
5,fusion_raw,,0.49464285714285716,0.4945499296765119,1.167329940895148,0.001,10.0,0.5
5,fusion_raw,,0.49464285714285716,0.4945499296765119,1.6120965822260855,0.001,10.0,0.75
5,fusion_raw,,0.49464285714285716,0.4945499296765119,1.893327120407154,0.001,10.0,0.9
5,fusion_raw,,0.49464285714285716,0.4945499296765119,2.084153647207254,0.001,10.0,1.0
5,fusion_raw,,0.6473214285714286,0.6210111727353106,0.6737642211144984,0.01,0.001,0.0
5,fusion_raw,,0.6473214285714286,0.6210111727353106,0.6718432319160517,0.01,0.001,0.1
5,fusion_raw,,0.6294642857142857,0.6166666666666667,0.6697081027102925,0.01,0.001,0.25
5,fusion_raw,,0.5357142857142857,0.5349859353023911,0.6681412854769199,0.01,0.001,0.5
5,fusion_raw,,0.49910714285714286,0.49891067538126355,0.6690449098488065,0.01,0.001,0.75
5,fusion_raw,,0.5258928571428572,0.5261422946616611,0.6707530034352487,0.01,0.001,0.9
5,fusion_raw,,0.5464285714285715,0.5472026371211427,0.6723681805340048,0.01,0.001,1.0
5,fusion_raw,,0.6473214285714286,0.6210111727353106,0.6737642211144984,0.01,0.01,0.0
5,fusion_raw,,0.6544642857142857,0.6462747778537252,0.6635385544711682,0.01,0.01,0.1
5,fusion_raw,,0.58125,0.5824255628177196,0.6549532118862945,0.01,0.01,0.25
5,fusion_raw,,0.5196428571428571,0.5197893972403776,0.6577468716979938,0.01,0.01,0.5
5,fusion_raw,,0.5071428571428571,0.5071428571428571,0.6793393698874627,0.01,0.01,0.75
5,fusion_raw,,0.5071428571428571,0.5071428571428571,0.6998153343592017,0.01,0.01,0.9
5,fusion_raw,,0.5008928571428571,0.5008415271503233,0.7161169948609416,0.01,0.01,1.0
5,fusion_raw,,0.6473214285714286,0.6210111727353106,0.6737642211144984,0.01,0.1,0.0
5,fusion_raw,,0.575,0.5755693581780539,0.6530121258892346,0.01,0.1,0.1
5,fusion_raw,,0.5401785714285714,0.5406681190994916,0.6560281789094127,0.01,0.1,0.25
5,fusion_raw,,0.5133928571428572,0.5134575569358178,0.7296240522912545,0.01,0.1,0.5
5,fusion_raw,,0.5133928571428572,0.5134575569358178,0.8550241499486048,0.01,0.1,0.75
5,fusion_raw,,0.5133928571428572,0.5134575569358178,0.9448360919685203,0.01,0.1,0.9
5,fusion_raw,,0.5133928571428572,0.5134575569358178,1.0088639449425982,0.01,0.1,1.0
5,fusion_raw,,0.6473214285714286,0.6210111727353106,0.6737642211144984,0.01,1.0,0.0
5,fusion_raw,,0.5464285714285715,0.5472026371211427,0.6486826969865132,0.01,1.0,0.1
5,fusion_raw,,0.5196428571428571,0.5197893972403776,0.6993081705614825,0.01,1.0,0.25
5,fusion_raw,,0.5133928571428572,0.5134575569358178,0.9113409348219563,0.01,1.0,0.5
5,fusion_raw,,0.5071428571428571,0.5071428571428571,1.1931600136514662,0.01,1.0,0.75
5,fusion_raw,,0.5071428571428571,0.5071428571428571,1.3781681108137096,0.01,1.0,0.9
5,fusion_raw,,0.5071428571428571,0.5071428571428571,1.5055320655271798,0.01,1.0,1.0
5,fusion_raw,,0.6473214285714286,0.6210111727353106,0.6737642211144984,0.01,10.0,0.0
5,fusion_raw,,0.5401785714285714,0.5406681190994916,0.6556371134407404,0.01,10.0,0.1
5,fusion_raw,,0.5071428571428571,0.5071428571428571,0.7802623707227011,0.01,10.0,0.25
5,fusion_raw,,0.5071428571428571,0.5071428571428571,1.1559246509887906,0.01,10.0,0.5
5,fusion_raw,,0.49464285714285716,0.4945499296765119,1.6062054069968568,0.01,10.0,0.75
5,fusion_raw,,0.49464285714285716,0.4945499296765119,1.8909549766537752,0.01,10.0,0.9
5,fusion_raw,,0.49464285714285716,0.4945499296765119,2.084153647207254,0.01,10.0,1.0
5,fusion_raw,,0.6473214285714286,0.6210111727353106,0.6605167792102864,0.1,0.001,0.0
5,fusion_raw,,0.6410714285714285,0.6134763124199745,0.6557823072768889,0.1,0.001,0.1
5,fusion_raw,,0.6410714285714285,0.6134763124199745,0.6509968947475273,0.1,0.001,0.25
5,fusion_raw,,0.64375,0.6283867760377827,0.6495378358204941,0.1,0.001,0.5
5,fusion_raw,,0.5625,0.5619629728053858,0.6566123148973788,0.1,0.001,0.75
5,fusion_raw,,0.4928571428571428,0.49275362318840576,0.6650298373289276,0.1,0.001,0.9
5,fusion_raw,,0.5464285714285715,0.5472026371211427,0.6723681805340048,0.1,0.001,1.0
5,fusion_raw,,0.6473214285714286,0.6210111727353106,0.6605167792102864,0.1,0.01,0.0
5,fusion_raw,,0.6410714285714285,0.6134763124199745,0.6470282449172087,0.1,0.01,0.1
5,fusion_raw,,0.6357142857142857,0.6240254841143431,0.6350502069988981,0.1,0.01,0.25
5,fusion_raw,,0.5875,0.5893233220401062,0.6374881900138337,0.1,0.01,0.5
5,fusion_raw,,0.5196428571428571,0.5197893972403776,0.6660370587916635,0.1,0.01,0.75
5,fusion_raw,,0.5071428571428571,0.5071428571428571,0.6938381581166438,0.1,0.01,0.9
5,fusion_raw,,0.5008928571428571,0.5008415271503233,0.7161169948609416,0.1,0.01,1.0
5,fusion_raw,,0.6473214285714286,0.6210111727353106,0.6605167792102864,0.1,0.1,0.0
5,fusion_raw,,0.6910714285714286,0.6741666666666666,0.6353726244770407,0.1,0.1,0.1
5,fusion_raw,,0.5767857142857142,0.57542194092827,0.6330107785928356,0.1,0.1,0.25
5,fusion_raw,,0.5276785714285714,0.5276785714285714,0.7061682702568117,0.1,0.1,0.5
5,fusion_raw,,0.5133928571428572,0.5134575569358178,0.8405718627223535,0.1,0.1,0.75
5,fusion_raw,,0.5133928571428572,0.5134575569358178,0.9385924575548793,0.1,0.1,0.9
5,fusion_raw,,0.5133928571428572,0.5134575569358178,1.0088639449425982,0.1,0.1,1.0
5,fusion_raw,,0.6473214285714286,0.6210111727353106,0.6605167792102864,0.1,1.0,0.0
5,fusion_raw,,0.6544642857142857,0.6462747778537252,0.6292553966361915,0.1,1.0,0.1
5,fusion_raw,,0.5544642857142857,0.5548654244306419,0.6721002289672863,0.1,1.0,0.25
5,fusion_raw,,0.5258928571428572,0.5261422946616611,0.8848239586679881,0.1,1.0,0.5
5,fusion_raw,,0.5071428571428571,0.5071428571428571,1.1776925268171003,0.1,1.0,0.75
5,fusion_raw,,0.5071428571428571,0.5071428571428571,1.3716669045879846,0.1,1.0,0.9
5,fusion_raw,,0.5071428571428571,0.5071428571428571,1.5055320655271798,0.1,1.0,1.0
5,fusion_raw,,0.6473214285714286,0.6210111727353106,0.6605167792102864,0.1,10.0,0.0
5,fusion_raw,,0.5705357142857143,0.5685367768955589,0.6335866231962604,0.1,10.0,0.1
5,fusion_raw,,0.5464285714285715,0.5472026371211427,0.748320053590709,0.1,10.0,0.25
5,fusion_raw,,0.5071428571428571,0.5071428571428571,1.1263872474446495,0.1,10.0,0.5
5,fusion_raw,,0.5071428571428571,0.5071428571428571,1.5896879339249588,0.1,10.0,0.75
5,fusion_raw,,0.49464285714285716,0.4945499296765119,1.8841282955681922,0.1,10.0,0.9
5,fusion_raw,,0.49464285714285716,0.4945499296765119,2.084153647207254,0.1,10.0,1.0
5,fusion_raw,,0.6473214285714286,0.6210111727353106,0.6892228638041237,1.0,0.001,0.0
5,fusion_raw,,0.6410714285714285,0.6134763124199745,0.6774268165894336,1.0,0.001,0.1
5,fusion_raw,,0.6410714285714285,0.6134763124199745,0.6631989565011971,1.0,0.001,0.25
5,fusion_raw,,0.6616071428571428,0.6318822023047375,0.6500126464079946,1.0,0.001,0.5
5,fusion_raw,,0.5910714285714286,0.5886048337841375,0.6523073935986603,1.0,0.001,0.75
5,fusion_raw,,0.4928571428571428,0.49275362318840576,0.6621270996620966,1.0,0.001,0.9
5,fusion_raw,,0.5464285714285715,0.5472026371211427,0.6723681805340048,1.0,0.001,1.0
5,fusion_raw,,0.6473214285714286,0.6210111727353106,0.6892228638041237,1.0,0.01,0.0
5,fusion_raw,,0.6348214285714286,0.6059446967885888,0.6684065266392744,1.0,0.01,0.1
5,fusion_raw,,0.6660714285714286,0.643672537508154,0.646380716301093,1.0,0.01,0.25
5,fusion_raw,,0.6035714285714285,0.6027106032420941,0.6364839225060482,1.0,0.01,0.5
5,fusion_raw,,0.5383928571428571,0.5389277389277389,0.6611025023663054,1.0,0.01,0.75
5,fusion_raw,,0.5071428571428571,0.5071428571428571,0.6909010273818675,1.0,0.01,0.9
5,fusion_raw,,0.5008928571428571,0.5008415271503233,0.7161169948609416,1.0,0.01,1.0
5,fusion_raw,,0.6473214285714286,0.6210111727353106,0.6892228638041237,1.0,0.1,0.0
5,fusion_raw,,0.6598214285714286,0.636105476673428,0.6559336252891119,1.0,0.1,0.1
5,fusion_raw,,0.5848214285714286,0.5816008316008316,0.6414180802409657,1.0,0.1,0.25
5,fusion_raw,,0.5196428571428571,0.5197893972403776,0.701565051083104,1.0,0.1,0.5
5,fusion_raw,,0.5133928571428572,0.5134575569358178,0.8347603386130743,1.0,0.1,0.75
5,fusion_raw,,0.5133928571428572,0.5134575569358178,0.9356554243790841,1.0,0.1,0.9
5,fusion_raw,,0.5133928571428572,0.5134575569358178,1.0088639449425982,1.0,0.1,1.0
5,fusion_raw,,0.6473214285714286,0.6210111727353106,0.6892228638041237,1.0,1.0,0.0
5,fusion_raw,,0.6767857142857143,0.6625869729231285,0.6483120531599156,1.0,1.0,0.1
5,fusion_raw,,0.5669642857142857,0.5682629795806245,0.6757933328035564,1.0,1.0,0.25
5,fusion_raw,,0.5196428571428571,0.5197893972403776,0.8770691448529191,1.0,1.0,0.5
5,fusion_raw,,0.5008928571428571,0.5008415271503233,1.1712473013820854,1.0,1.0,0.75
5,fusion_raw,,0.5071428571428571,0.5071428571428571,1.3686653915721703,1.0,1.0,0.9
5,fusion_raw,,0.5071428571428571,0.5071428571428571,1.5055320655271798,1.0,1.0,1.0
5,fusion_raw,,0.6473214285714286,0.6210111727353106,0.6892228638041237,1.0,10.0,0.0
5,fusion_raw,,0.6339285714285714,0.6266233766233766,0.6503944381798564,1.0,10.0,0.1
5,fusion_raw,,0.5544642857142857,0.5548654244306419,0.7468390565603751,1.0,10.0,0.25
5,fusion_raw,,0.5071428571428571,0.5071428571428571,1.116072675948254,1.0,10.0,0.5
5,fusion_raw,,0.5133928571428572,0.5134575569358178,1.582375454606043,1.0,10.0,0.75
5,fusion_raw,,0.5008928571428571,0.5008415271503233,1.8808478615412045,1.0,10.0,0.9
5,fusion_raw,,0.49464285714285716,0.4945499296765119,2.084153647207254,1.0,10.0,1.0
5,fusion_raw,,0.6473214285714286,0.6210111727353106,0.7227993471903291,10.0,0.001,0.0
5,fusion_raw,,0.6410714285714285,0.6134763124199745,0.7065836608009329,10.0,0.001,0.1
5,fusion_raw,,0.6410714285714285,0.6134763124199745,0.6856888369326056,10.0,0.001,0.25
5,fusion_raw,,0.6616071428571428,0.6318822023047375,0.6614869755387937,10.0,0.001,0.5
5,fusion_raw,,0.5848214285714286,0.5816008316008316,0.6546261022272902,10.0,0.001,0.75
5,fusion_raw,,0.4928571428571428,0.49275362318840576,0.6618653017506815,10.0,0.001,0.9
5,fusion_raw,,0.5464285714285715,0.5472026371211427,0.6723681805340048,10.0,0.001,1.0
5,fusion_raw,,0.6473214285714286,0.6210111727353106,0.7227993471903291,10.0,0.01,0.0
5,fusion_raw,,0.6348214285714286,0.6059446967885888,0.6975209235400971,10.0,0.01,0.1
5,fusion_raw,,0.6598214285714286,0.636105476673428,0.66867644043418,10.0,0.01,0.25
5,fusion_raw,,0.6035714285714285,0.6027106032420941,0.6472901635542057,10.0,0.01,0.5
5,fusion_raw,,0.5383928571428571,0.5389277389277389,0.6630608959697398,10.0,0.01,0.75
5,fusion_raw,,0.5071428571428571,0.5071428571428571,0.6907735869669247,10.0,0.01,0.9
5,fusion_raw,,0.5008928571428571,0.5008415271503233,0.7161169948609416,10.0,0.01,1.0
5,fusion_raw,,0.6473214285714286,0.6210111727353106,0.7227993471903291,10.0,0.1,0.0
5,fusion_raw,,0.6535714285714286,0.6285529715762275,0.6848935454785763,10.0,0.1,0.1
5,fusion_raw,,0.5848214285714286,0.5816008316008316,0.6628468067794479,10.0,0.1,0.25
5,fusion_raw,,0.5196428571428571,0.5197893972403776,0.7098829665396269,10.0,0.1,0.5
5,fusion_raw,,0.5133928571428572,0.5134575569358178,0.836228350690511,10.0,0.1,0.75
5,fusion_raw,,0.5133928571428572,0.5134575569358178,0.9357545342995678,10.0,0.1,0.9
5,fusion_raw,,0.5133928571428572,0.5134575569358178,1.0088639449425982,10.0,0.1,1.0
5,fusion_raw,,0.6473214285714286,0.6210111727353106,0.7227993471903291,10.0,1.0,0.0
5,fusion_raw,,0.6705357142857142,0.6549999999999999,0.6769523985328807,10.0,1.0,0.1
5,fusion_raw,,0.575,0.5755693581780539,0.695270597750018,10.0,1.0,0.25
5,fusion_raw,,0.5196428571428571,0.5197893972403776,0.8829508303155095,10.0,1.0,0.5
5,fusion_raw,,0.5008928571428571,0.5008415271503233,1.1726721989877744,10.0,1.0,0.75
5,fusion_raw,,0.5071428571428571,0.5071428571428571,1.368889494700983,10.0,1.0,0.9
5,fusion_raw,,0.5071428571428571,0.5071428571428571,1.5055320655271798,10.0,1.0,1.0
5,fusion_raw,,0.6473214285714286,0.6210111727353106,0.7227993471903291,10.0,10.0,0.0
5,fusion_raw,,0.6401785714285715,0.633978494623656,0.6785096123174049,10.0,10.0,0.1
5,fusion_raw,,0.5607142857142857,0.5615468409586057,0.7633719714037226,10.0,10.0,0.25
5,fusion_raw,,0.5071428571428571,0.5071428571428571,1.1207505084917644,10.0,10.0,0.5
5,fusion_raw,,0.5133928571428572,0.5134575569358178,1.5833618905687041,10.0,10.0,0.75
5,fusion_raw,,0.5008928571428571,0.5008415271503233,1.880862674273409,10.0,10.0,0.9
5,fusion_raw,,0.49464285714285716,0.4945499296765119,2.084153647207254,10.0,10.0,1.0
5,fusion_trial_delta,,0.6473214285714286,0.6210111727353106,0.6903238305574081,0.001,0.001,0.0
5,fusion_trial_delta,,0.5955357142857143,0.5962732919254659,0.6861978319540736,0.001,0.001,0.1
5,fusion_trial_delta,,0.5178571428571428,0.5174825174825174,0.6805912059220499,0.001,0.001,0.25
5,fusion_trial_delta,,0.5241071428571429,0.5237198795180722,0.6727915545920589,0.001,0.001,0.5
5,fusion_trial_delta,,0.5241071428571429,0.5237198795180722,0.6668975022118048,0.001,0.001,0.75
5,fusion_trial_delta,,0.5178571428571428,0.5174825174825174,0.6642579411008799,0.001,0.001,0.9
5,fusion_trial_delta,,0.5178571428571428,0.5174825174825174,0.6628646781491643,0.001,0.001,1.0
5,fusion_trial_delta,,0.6473214285714286,0.6210111727353106,0.6903238305574081,0.001,0.01,0.0
5,fusion_trial_delta,,0.5383928571428571,0.5389277389277389,0.6757677765282561,0.001,0.01,0.1
5,fusion_trial_delta,,0.5241071428571429,0.5237198795180722,0.6598980880435323,0.001,0.01,0.25
5,fusion_trial_delta,,0.5303571428571429,0.5299876437600988,0.6484667990625588,0.001,0.01,0.5
5,fusion_trial_delta,,0.5303571428571429,0.5299876437600988,0.6535379508392367,0.001,0.01,0.75
5,fusion_trial_delta,,0.5303571428571429,0.5299876437600988,0.6632359022072591,0.001,0.01,0.9
5,fusion_trial_delta,,0.5303571428571429,0.5299876437600988,0.6720749421526664,0.001,0.01,1.0
5,fusion_trial_delta,,0.6473214285714286,0.6210111727353106,0.6903238305574081,0.001,0.1,0.0
5,fusion_trial_delta,,0.5035714285714286,0.5020707831325302,0.6606303237173045,0.001,0.1,0.1
5,fusion_trial_delta,,0.5178571428571428,0.5174825174825174,0.6467153345256117,0.001,0.1,0.25
5,fusion_trial_delta,,0.5053571428571428,0.5050819522021793,0.685165106228159,0.001,0.1,0.5
5,fusion_trial_delta,,0.5053571428571428,0.5050819522021793,0.7706502039289891,0.001,0.1,0.75
5,fusion_trial_delta,,0.5053571428571428,0.5050819522021793,0.835105023884452,0.001,0.1,0.9
5,fusion_trial_delta,,0.5053571428571428,0.5050819522021793,0.8817634976651858,0.001,0.1,1.0
5,fusion_trial_delta,,0.6473214285714286,0.6210111727353106,0.6903238305574081,0.001,1.0,0.0
5,fusion_trial_delta,,0.5053571428571428,0.5050819522021793,0.6501912727960023,0.001,1.0,0.1
5,fusion_trial_delta,,0.4928571428571428,0.49275362318840576,0.6708568004261727,0.001,1.0,0.25
5,fusion_trial_delta,,0.4928571428571428,0.49275362318840576,0.8228093542433654,0.001,1.0,0.5
5,fusion_trial_delta,,0.4928571428571428,0.49275362318840576,1.0365372489055331,0.001,1.0,0.75
5,fusion_trial_delta,,0.4928571428571428,0.49275362318840576,1.1779206007741982,0.001,1.0,0.9
5,fusion_trial_delta,,0.4928571428571428,0.49275362318840576,1.275418933166352,0.001,1.0,1.0
5,fusion_trial_delta,,0.6473214285714286,0.6210111727353106,0.6903238305574081,0.001,10.0,0.0
5,fusion_trial_delta,,0.49464285714285716,0.4945499296765119,0.6512589065753228,0.001,10.0,0.1
5,fusion_trial_delta,,0.48839285714285713,0.4882645493412442,0.7304593564733667,0.001,10.0,0.25
5,fusion_trial_delta,,0.48214285714285715,0.481981981981982,1.012967201348045,0.001,10.0,0.5
5,fusion_trial_delta,,0.48214285714285715,0.481981981981982,1.3569834848345652,0.001,10.0,0.75
5,fusion_trial_delta,,0.48214285714285715,0.481981981981982,1.5748526834059826,0.001,10.0,0.9
5,fusion_trial_delta,,0.48214285714285715,0.481981981981982,1.7228179506458399,0.001,10.0,1.0
5,fusion_trial_delta,,0.6473214285714286,0.6210111727353106,0.6737642211144984,0.01,0.001,0.0
5,fusion_trial_delta,,0.6598214285714286,0.636105476673428,0.6709118369502106,0.01,0.001,0.1
5,fusion_trial_delta,,0.6580357142857143,0.6399143045484509,0.6673715438631728,0.01,0.001,0.25
5,fusion_trial_delta,,0.58125,0.5824255628177196,0.6634421055556753,0.01,0.001,0.5
5,fusion_trial_delta,,0.5303571428571429,0.5299876437600988,0.6619572816696435,0.01,0.001,0.75
5,fusion_trial_delta,,0.5241071428571429,0.5237198795180722,0.6622193009715492,0.01,0.001,0.9
5,fusion_trial_delta,,0.5178571428571428,0.5174825174825174,0.6628646781491643,0.01,0.001,1.0
5,fusion_trial_delta,,0.6473214285714286,0.6210111727353106,0.6737642211144984,0.01,0.01,0.0
5,fusion_trial_delta,,0.6482142857142856,0.6388252270605213,0.6604115348679775,0.01,0.01,0.1
5,fusion_trial_delta,,0.59375,0.5962675535846267,0.6465225707409155,0.01,0.01,0.25
5,fusion_trial_delta,,0.5383928571428571,0.5389277389277389,0.63894053675433,0.01,0.01,0.5
5,fusion_trial_delta,,0.5241071428571429,0.5237198795180722,0.6485199094810491,0.01,0.01,0.75
5,fusion_trial_delta,,0.5303571428571429,0.5299876437600988,0.6611787548167378,0.01,0.01,0.9
5,fusion_trial_delta,,0.5303571428571429,0.5299876437600988,0.6720749421526664,0.01,0.01,1.0
5,fusion_trial_delta,,0.6473214285714286,0.6210111727353106,0.6737642211144984,0.01,0.1,0.0
5,fusion_trial_delta,,0.6223214285714286,0.6241830065359477,0.6452300638652944,0.01,0.1,0.1
5,fusion_trial_delta,,0.5241071428571429,0.5237198795180722,0.6332731626542417,0.01,0.1,0.25
5,fusion_trial_delta,,0.5035714285714286,0.5020707831325302,0.6757178031423796,0.01,0.1,0.5
5,fusion_trial_delta,,0.5178571428571428,0.5174825174825174,0.765775911096014,0.01,0.1,0.75
5,fusion_trial_delta,,0.5053571428571428,0.5050819522021793,0.8331288219966448,0.01,0.1,0.9
5,fusion_trial_delta,,0.5053571428571428,0.5050819522021793,0.8817634976651858,0.01,0.1,1.0
5,fusion_trial_delta,,0.6473214285714286,0.6210111727353106,0.6737642211144984,0.01,1.0,0.0
5,fusion_trial_delta,,0.5714285714285714,0.5737097234103221,0.6347248365653021,0.01,1.0,0.1
5,fusion_trial_delta,,0.5258928571428572,0.5261422946616611,0.6573400999456478,0.01,1.0,0.25
5,fusion_trial_delta,,0.5053571428571428,0.5050819522021793,0.8133277935948199,0.01,1.0,0.5
5,fusion_trial_delta,,0.4928571428571428,0.49275362318840576,1.0316330803380134,0.01,1.0,0.75
5,fusion_trial_delta,,0.4928571428571428,0.49275362318840576,1.175927841924782,0.01,1.0,0.9
5,fusion_trial_delta,,0.4928571428571428,0.49275362318840576,1.275418933166352,0.01,1.0,1.0
5,fusion_trial_delta,,0.6473214285714286,0.6210111727353106,0.6737642211144984,0.01,10.0,0.0
5,fusion_trial_delta,,0.6000000000000001,0.6032634032634033,0.6355293391355019,0.01,10.0,0.1
5,fusion_trial_delta,,0.5276785714285714,0.5276785714285714,0.7164496995539644,0.01,10.0,0.25
5,fusion_trial_delta,,0.49464285714285716,0.4945499296765119,1.0029460491110818,0.01,10.0,0.5
5,fusion_trial_delta,,0.48214285714285715,0.481981981981982,1.3517410104615104,0.01,10.0,0.75
5,fusion_trial_delta,,0.48214285714285715,0.481981981981982,1.5727132733437734,0.01,10.0,0.9
5,fusion_trial_delta,,0.48214285714285715,0.481981981981982,1.7228179506458399,0.01,10.0,1.0
5,fusion_trial_delta,,0.6473214285714286,0.6210111727353106,0.6605167792102864,0.1,0.001,0.0
5,fusion_trial_delta,,0.6473214285714286,0.6210111727353106,0.6548448878779581,0.1,0.001,0.1
5,fusion_trial_delta,,0.6410714285714285,0.6134763124199745,0.6486300980170886,0.1,0.001,0.25
5,fusion_trial_delta,,0.6580357142857143,0.6399143045484509,0.6447667351358397,0.1,0.001,0.5
5,fusion_trial_delta,,0.6035714285714285,0.6027106032420941,0.649458822716451,0.1,0.001,0.75
5,fusion_trial_delta,,0.5178571428571428,0.5174825174825174,0.6564642977453062,0.1,0.001,0.9
5,fusion_trial_delta,,0.5178571428571428,0.5174825174825174,0.6628646781491643,0.1,0.001,1.0
5,fusion_trial_delta,,0.6473214285714286,0.6210111727353106,0.6605167792102864,0.1,0.01,0.0
5,fusion_trial_delta,,0.6473214285714286,0.6210111727353106,0.644058998948244,0.1,0.01,0.1
5,fusion_trial_delta,,0.65625,0.6433062285187359,0.6269659347429691,0.1,0.01,0.25
5,fusion_trial_delta,,0.575,0.5755693581780539,0.6191284859709769,0.1,0.01,0.5
5,fusion_trial_delta,,0.5446428571428572,0.5453689759036144,0.6354859987284013,0.1,0.01,0.75
5,fusion_trial_delta,,0.5241071428571429,0.5237198795180722,0.655303720133576,0.1,0.01,0.9
5,fusion_trial_delta,,0.5303571428571429,0.5299876437600988,0.6720749421526664,0.1,0.01,1.0
5,fusion_trial_delta,,0.6473214285714286,0.6210111727353106,0.6605167792102864,0.1,0.1,0.0
5,fusion_trial_delta,,0.6580357142857143,0.6399143045484509,0.6284139008534785,0.1,0.1,0.1
5,fusion_trial_delta,,0.6223214285714286,0.6241830065359477,0.6122676022522132,0.1,0.1,0.25
5,fusion_trial_delta,,0.5321428571428571,0.532520325203252,0.6546891405887739,0.1,0.1,0.5
5,fusion_trial_delta,,0.5035714285714286,0.5020707831325302,0.7527171603295967,0.1,0.1,0.75
5,fusion_trial_delta,,0.5035714285714286,0.5020707831325302,0.8274413933311375,0.1,0.1,0.9
5,fusion_trial_delta,,0.5053571428571428,0.5050819522021793,0.8817634976651858,0.1,0.1,1.0
5,fusion_trial_delta,,0.6473214285714286,0.6210111727353106,0.6605167792102864,0.1,1.0,0.0
5,fusion_trial_delta,,0.6464285714285714,0.6413721413721414,0.6169788960837197,0.1,1.0,0.1
5,fusion_trial_delta,,0.5669642857142857,0.5682629795806245,0.6340161793019293,0.1,1.0,0.25
5,fusion_trial_delta,,0.5258928571428572,0.5261422946616611,0.7907558858413276,0.1,1.0,0.5
5,fusion_trial_delta,,0.5053571428571428,0.5050819522021793,1.0182356913530344,0.1,1.0,0.75
5,fusion_trial_delta,,0.4928571428571428,0.49275362318840576,1.1702049669686154,0.1,1.0,0.9
5,fusion_trial_delta,,0.4928571428571428,0.49275362318840576,1.275418933166352,0.1,1.0,1.0
5,fusion_trial_delta,,0.6473214285714286,0.6210111727353106,0.6605167792102864,0.1,10.0,0.0
5,fusion_trial_delta,,0.6526785714285714,0.6488090044498735,0.6160941834943846,0.1,10.0,0.1
5,fusion_trial_delta,,0.59375,0.5962675535846267,0.6898003636409803,0.1,10.0,0.25
5,fusion_trial_delta,,0.5339285714285714,0.5341614906832298,0.9780033887783857,0.1,10.0,0.5
5,fusion_trial_delta,,0.49464285714285716,0.4945499296765119,1.3372668675371815,0.1,10.0,0.75
5,fusion_trial_delta,,0.48214285714285715,0.481981981981982,1.5665792744171712,0.1,10.0,0.9
5,fusion_trial_delta,,0.48214285714285715,0.481981981981982,1.7228179506458399,0.1,10.0,1.0
5,fusion_trial_delta,,0.6473214285714286,0.6210111727353106,0.6892228638041237,1.0,0.001,0.0
5,fusion_trial_delta,,0.6410714285714285,0.6134763124199745,0.6764516396714618,1.0,0.001,0.1
5,fusion_trial_delta,,0.6410714285714285,0.6134763124199745,0.6606897339920957,1.0,0.001,0.25
5,fusion_trial_delta,,0.6741071428571428,0.6471253229974161,0.6448801084160114,1.0,0.001,0.5
5,fusion_trial_delta,,0.6241071428571429,0.6230844184604483,0.6447705829820923,1.0,0.001,0.75
5,fusion_trial_delta,,0.5383928571428571,0.5389277389277389,0.6533633814947422,1.0,0.001,0.9
5,fusion_trial_delta,,0.5178571428571428,0.5174825174825174,0.6628646781491643,1.0,0.001,1.0
5,fusion_trial_delta,,0.6473214285714286,0.6210111727353106,0.6892228638041237,1.0,0.01,0.0
5,fusion_trial_delta,,0.6348214285714286,0.6059446967885888,0.6654401646029173,1.0,0.01,0.1
5,fusion_trial_delta,,0.6660714285714286,0.643672537508154,0.6382425692172531,1.0,0.01,0.25
5,fusion_trial_delta,,0.6223214285714286,0.6241830065359477,0.6178167422040312,1.0,0.01,0.5
5,fusion_trial_delta,,0.5446428571428572,0.5453689759036144,0.6300527684074343,1.0,0.01,0.75
5,fusion_trial_delta,,0.5383928571428571,0.5389277389277389,0.6520563487563915,1.0,0.01,0.9
5,fusion_trial_delta,,0.5303571428571429,0.5299876437600988,0.6720749421526664,1.0,0.01,1.0
5,fusion_trial_delta,,0.6473214285714286,0.6210111727353106,0.6892228638041237,1.0,0.1,0.0
5,fusion_trial_delta,,0.6598214285714286,0.636105476673428,0.6493429463704214,1.0,0.1,0.1
5,fusion_trial_delta,,0.6544642857142857,0.6462747778537252,0.6218687384849463,1.0,0.1,0.25
5,fusion_trial_delta,,0.5732142857142857,0.5750184774575019,0.6514073041498563,1.0,0.1,0.5
5,fusion_trial_delta,,0.4973214285714286,0.49603729603729607,0.7471281299480756,1.0,0.1,0.75
5,fusion_trial_delta,,0.5035714285714286,0.5020707831325302,0.824456855005009,1.0,0.1,0.9
5,fusion_trial_delta,,0.5053571428571428,0.5050819522021793,0.8817634976651858,1.0,0.1,1.0
5,fusion_trial_delta,,0.6473214285714286,0.6210111727353106,0.6892228638041237,1.0,1.0,0.0
5,fusion_trial_delta,,0.6419642857142858,0.6314102564102564,0.6369837351327253,1.0,1.0,0.1
5,fusion_trial_delta,,0.6080357142857142,0.6103836644995879,0.6407427703023278,1.0,1.0,0.25
5,fusion_trial_delta,,0.5401785714285714,0.5406681190994916,0.7853658316406555,1.0,1.0,0.5
5,fusion_trial_delta,,0.5053571428571428,0.5050819522021793,1.012655753482614,1.0,1.0,0.75
5,fusion_trial_delta,,0.4928571428571428,0.49275362318840576,1.167461282131403,1.0,1.0,0.9
5,fusion_trial_delta,,0.4928571428571428,0.49275362318840576,1.275418933166352,1.0,1.0,1.0
5,fusion_trial_delta,,0.6473214285714286,0.6210111727353106,0.6892228638041237,1.0,10.0,0.0
5,fusion_trial_delta,,0.6607142857142857,0.6537634408602151,0.6346339442336587,1.0,10.0,0.1
5,fusion_trial_delta,,0.6160714285714286,0.6169772256728778,0.6929346232874172,1.0,10.0,0.25
5,fusion_trial_delta,,0.5401785714285714,0.5406681190994916,0.9706329554386384,1.0,10.0,0.5
5,fusion_trial_delta,,0.5008928571428571,0.5008415271503233,1.3312354681531793,1.0,10.0,0.75
5,fusion_trial_delta,,0.48839285714285713,0.4882645493412442,1.563739203051736,1.0,10.0,0.9
5,fusion_trial_delta,,0.48214285714285715,0.481981981981982,1.7228179506458399,1.0,10.0,1.0
5,fusion_trial_delta,,0.6473214285714286,0.6210111727353106,0.7227993471903291,10.0,0.001,0.0
5,fusion_trial_delta,,0.6410714285714285,0.6134763124199745,0.7055887386259831,10.0,0.001,0.1
5,fusion_trial_delta,,0.6410714285714285,0.6134763124199745,0.6830914932725803,10.0,0.001,0.25
5,fusion_trial_delta,,0.6678571428571429,0.6394984326018809,0.6560282085114595,10.0,0.001,0.5
5,fusion_trial_delta,,0.6241071428571429,0.6230844184604483,0.6465952564648724,10.0,0.001,0.75
5,fusion_trial_delta,,0.5241071428571429,0.5237198795180722,0.6528131035589165,10.0,0.001,0.9
5,fusion_trial_delta,,0.5178571428571428,0.5174825174825174,0.6628646781491643,10.0,0.001,1.0
5,fusion_trial_delta,,0.6473214285714286,0.6210111727353106,0.7227993471903291,10.0,0.01,0.0
5,fusion_trial_delta,,0.6348214285714286,0.6059446967885888,0.6945230659065035,10.0,0.01,0.1
5,fusion_trial_delta,,0.6660714285714286,0.643672537508154,0.6604044619312461,10.0,0.01,0.25
5,fusion_trial_delta,,0.6223214285714286,0.6241830065359477,0.6281413551284509,10.0,0.01,0.5
5,fusion_trial_delta,,0.5446428571428572,0.5453689759036144,0.6311822822166496,10.0,0.01,0.75
5,fusion_trial_delta,,0.5241071428571429,0.5237198795180722,0.6513830353210065,10.0,0.01,0.9
5,fusion_trial_delta,,0.5303571428571429,0.5299876437600988,0.6720749421526664,10.0,0.01,1.0
5,fusion_trial_delta,,0.6473214285714286,0.6210111727353106,0.7227993471903291,10.0,0.1,0.0
5,fusion_trial_delta,,0.6598214285714286,0.636105476673428,0.6783288954919042,10.0,0.1,0.1
5,fusion_trial_delta,,0.6544642857142857,0.6462747778537252,0.6435618519818181,10.0,0.1,0.25
5,fusion_trial_delta,,0.5794642857142858,0.5818181818181818,0.6604555820110531,10.0,0.1,0.5
5,fusion_trial_delta,,0.4973214285714286,0.49603729603729607,0.7481586165008898,10.0,0.1,0.75
5,fusion_trial_delta,,0.5035714285714286,0.5020707831325302,0.8241181716369899,10.0,0.1,0.9
5,fusion_trial_delta,,0.5053571428571428,0.5050819522021793,0.8817634976651858,10.0,0.1,1.0
5,fusion_trial_delta,,0.6473214285714286,0.6210111727353106,0.7227993471903291,10.0,1.0,0.0
5,fusion_trial_delta,,0.6357142857142857,0.6240254841143431,0.6657756439921232,10.0,1.0,0.1
5,fusion_trial_delta,,0.6080357142857142,0.6103836644995879,0.6615005906341622,10.0,1.0,0.25
5,fusion_trial_delta,,0.5464285714285715,0.5472026371211427,0.7926456415192178,10.0,1.0,0.5
5,fusion_trial_delta,,0.5178571428571428,0.5174825174825174,1.0140060312575716,10.0,1.0,0.75
5,fusion_trial_delta,,0.4928571428571428,0.49275362318840576,1.167558030916413,10.0,1.0,0.9
5,fusion_trial_delta,,0.4928571428571428,0.49275362318840576,1.275418933166352,10.0,1.0,1.0
5,fusion_trial_delta,,0.6473214285714286,0.6210111727353106,0.7227993471903291,10.0,10.0,0.0
5,fusion_trial_delta,,0.6607142857142857,0.6537634408602151,0.6631157630304633,10.0,10.0,0.1
5,fusion_trial_delta,,0.6160714285714286,0.6169772256728778,0.7122778289080356,10.0,10.0,0.25
5,fusion_trial_delta,,0.5401785714285714,0.5406681190994916,0.9765449668443948,10.0,10.0,0.5
5,fusion_trial_delta,,0.5008928571428571,0.5008415271503233,1.3327277792014187,10.0,10.0,0.75
5,fusion_trial_delta,,0.48839285714285713,0.4882645493412442,1.5640081938443666,10.0,10.0,0.9
5,fusion_trial_delta,,0.48214285714285715,0.481981981981982,1.7228179506458399,10.0,10.0,1.0
5,fusion_water_delta,,0.6473214285714286,0.6210111727353106,0.6903238305574081,0.001,0.001,0.0
5,fusion_water_delta,,0.5089285714285714,0.5083326062298228,0.6904844754535976,0.001,0.001,0.1
5,fusion_water_delta,,0.4857142857142857,0.48250000000000004,0.6914312904653978,0.001,0.001,0.25
5,fusion_water_delta,,0.48392857142857143,0.4826415414650708,0.6948738383358607,0.001,0.001,0.5
5,fusion_water_delta,,0.47767857142857145,0.47621457489878544,0.7005944610055875,0.001,0.001,0.75
5,fusion_water_delta,,0.47767857142857145,0.47621457489878544,0.7050846359731598,0.001,0.001,0.9
5,fusion_water_delta,,0.49196428571428574,0.4890602732835946,0.7085048905241521,0.001,0.001,1.0
5,fusion_water_delta,,0.6473214285714286,0.6210111727353106,0.6903238305574081,0.001,0.01,0.0
5,fusion_water_delta,,0.48660714285714285,0.48660714285714285,0.6890721769732177,0.001,0.01,0.1
5,fusion_water_delta,,0.47410714285714284,0.47433192686357245,0.6937597779894982,0.001,0.01,0.25
5,fusion_water_delta,,0.48035714285714287,0.48046771193196924,0.7178487282841286,0.001,0.01,0.5
5,fusion_water_delta,,0.4660714285714286,0.4660714285714286,0.7593668526743097,0.001,0.01,0.75
5,fusion_water_delta,,0.4660714285714286,0.4660714285714286,0.7911529864904692,0.001,0.01,0.9
5,fusion_water_delta,,0.4660714285714286,0.4660714285714286,0.8147713879152665,0.001,0.01,1.0
5,fusion_water_delta,,0.6473214285714286,0.6210111727353106,0.6903238305574081,0.001,0.1,0.0
5,fusion_water_delta,,0.45625000000000004,0.45314685314685316,0.6847233214420538,0.001,0.1,0.1
5,fusion_water_delta,,0.45803571428571427,0.4571532316630356,0.7076896392662465,0.001,0.1,0.25
5,fusion_water_delta,,0.46428571428571425,0.4629612672832158,0.8095368605769128,0.001,0.1,0.5
5,fusion_water_delta,,0.46428571428571425,0.4629612672832158,0.9611862000080807,0.001,0.1,0.75
5,fusion_water_delta,,0.46428571428571425,0.4629612672832158,1.0667259027974876,0.001,0.1,0.9
5,fusion_water_delta,,0.46428571428571425,0.4629612672832158,1.1412833975832692,0.001,0.1,1.0
5,fusion_water_delta,,0.6473214285714286,0.6210111727353106,0.6903238305574081,0.001,1.0,0.0
5,fusion_water_delta,,0.49553571428571425,0.49212749615975426,0.6872790212799782,0.001,1.0,0.1
5,fusion_water_delta,,0.49553571428571425,0.49212749615975426,0.765400414307491,0.001,1.0,0.25
5,fusion_water_delta,,0.49553571428571425,0.49212749615975426,1.0215356616232345,0.001,1.0,0.5
5,fusion_water_delta,,0.48928571428571427,0.4862655641098755,1.3488698390954081,0.001,1.0,0.75
5,fusion_water_delta,,0.48928571428571427,0.4862655641098755,1.561097005755559,0.001,1.0,0.9
5,fusion_water_delta,,0.48928571428571427,0.4862655641098755,1.706439752788803,0.001,1.0,1.0
5,fusion_water_delta,,0.6473214285714286,0.6210111727353106,0.6903238305574081,0.001,10.0,0.0
5,fusion_water_delta,,0.4830357142857143,0.48042168674698793,0.6981446590620328,0.001,10.0,0.1
5,fusion_water_delta,,0.48928571428571427,0.4862655641098755,0.8561778229302743,0.001,10.0,0.25
5,fusion_water_delta,,0.4830357142857143,0.48042168674698793,1.2921951584712064,0.001,10.0,0.5
5,fusion_water_delta,,0.4830357142857143,0.48042168674698793,1.8044796775839422,0.001,10.0,0.75
5,fusion_water_delta,,0.4830357142857143,0.48042168674698793,2.125817622937589,0.001,10.0,0.9
5,fusion_water_delta,,0.4830357142857143,0.48042168674698793,2.34312338296408,0.001,10.0,1.0
5,fusion_water_delta,,0.6473214285714286,0.6210111727353106,0.6737642211144984,0.01,0.001,0.0
5,fusion_water_delta,,0.6473214285714286,0.6210111727353106,0.6751977817586441,0.01,0.001,0.1
5,fusion_water_delta,,0.63125,0.6135562658798459,0.6782100145839419,0.01,0.001,0.25
5,fusion_water_delta,,0.49642857142857144,0.49548387096774205,0.6855223318315078,0.01,0.001,0.5
5,fusion_water_delta,,0.4857142857142857,0.48250000000000004,0.6956529899078019,0.01,0.001,0.75
5,fusion_water_delta,,0.47767857142857145,0.47621457489878544,0.7030454761679921,0.01,0.001,0.9
5,fusion_water_delta,,0.49196428571428574,0.4890602732835946,0.7085048905241521,0.01,0.001,1.0
5,fusion_water_delta,,0.6473214285714286,0.6210111727353106,0.6737642211144984,0.01,0.01,0.0
5,fusion_water_delta,,0.5741071428571428,0.5661832509011653,0.6736757236705174,0.01,0.01,0.1
5,fusion_water_delta,,0.5071428571428571,0.5071428571428571,0.6802966935745595,0.01,0.01,0.25
5,fusion_water_delta,,0.48660714285714285,0.48660714285714285,0.7082027156625735,0.01,0.01,0.5
5,fusion_water_delta,,0.47410714285714284,0.47433192686357245,0.7542563465508476,0.01,0.01,0.75
5,fusion_water_delta,,0.48035714285714287,0.48046771193196924,0.7890502506565475,0.01,0.01,0.9
5,fusion_water_delta,,0.4660714285714286,0.4660714285714286,0.8147713879152665,0.01,0.01,1.0
5,fusion_water_delta,,0.6473214285714286,0.6210111727353106,0.6737642211144984,0.01,0.1,0.0
5,fusion_water_delta,,0.5419642857142857,0.5415891575870315,0.6691324242665933,0.01,0.1,0.1
5,fusion_water_delta,,0.45446428571428577,0.4479646697388633,0.6939005057807007,0.01,0.1,0.25
5,fusion_water_delta,,0.4705357142857143,0.4687730968218773,0.799741567788865,0.01,0.1,0.5
5,fusion_water_delta,,0.45803571428571427,0.4571532316630356,0.9560585382461043,0.01,0.1,0.75
5,fusion_water_delta,,0.46428571428571425,0.4629612672832158,1.0646243242982147,0.01,0.1,0.9
5,fusion_water_delta,,0.46428571428571425,0.4629612672832158,1.1412833975832692,0.01,0.1,1.0
5,fusion_water_delta,,0.6473214285714286,0.6210111727353106,0.6737642211144984,0.01,1.0,0.0
5,fusion_water_delta,,0.5366071428571428,0.5362903225806452,0.6714360100451864,0.01,1.0,0.1
5,fusion_water_delta,,0.49553571428571425,0.49212749615975426,0.7513486298904752,0.01,1.0,0.25
5,fusion_water_delta,,0.49553571428571425,0.49212749615975426,1.0114230068380332,0.01,1.0,0.5
5,fusion_water_delta,,0.49553571428571425,0.49212749615975426,1.34344248520929,0.01,1.0,0.75
5,fusion_water_delta,,0.49553571428571425,0.49212749615975426,1.5588489174953986,0.01,1.0,0.9
5,fusion_water_delta,,0.48928571428571427,0.4862655641098755,1.706439752788803,0.01,1.0,1.0
5,fusion_water_delta,,0.6473214285714286,0.6210111727353106,0.6737642211144984,0.01,10.0,0.0
5,fusion_water_delta,,0.5098214285714285,0.5081266039349872,0.6821144273971683,0.01,10.0,0.1
5,fusion_water_delta,,0.5035714285714286,0.5020707831325302,0.8418893942704236,0.01,10.0,0.25
5,fusion_water_delta,,0.4830357142857143,0.48042168674698793,1.2815626963711864,0.01,10.0,0.5
5,fusion_water_delta,,0.48928571428571427,0.4862655641098755,1.7986932937675697,0.01,10.0,0.75
5,fusion_water_delta,,0.4830357142857143,0.48042168674698793,2.1234177500519613,0.01,10.0,0.9
5,fusion_water_delta,,0.4830357142857143,0.48042168674698793,2.34312338296408,0.01,10.0,1.0
5,fusion_water_delta,,0.6473214285714286,0.6210111727353106,0.6605167792102864,0.1,0.001,0.0
5,fusion_water_delta,,0.6473214285714286,0.6210111727353106,0.6591501918898822,0.1,0.001,0.1
5,fusion_water_delta,,0.6473214285714286,0.6210111727353106,0.6595255836350989,0.1,0.001,0.25
5,fusion_water_delta,,0.6330357142857143,0.6099806201550387,0.6669589958020489,0.1,0.001,0.5
5,fusion_water_delta,,0.48839285714285713,0.4882645493412442,0.6832584065436677,0.1,0.001,0.75
5,fusion_water_delta,,0.49196428571428574,0.4890602732835946,0.697343515343512,0.1,0.001,0.9
5,fusion_water_delta,,0.49196428571428574,0.4890602732835946,0.7085048905241521,0.1,0.001,1.0
5,fusion_water_delta,,0.6473214285714286,0.6210111727353106,0.6605167792102864,0.1,0.01,0.0
5,fusion_water_delta,,0.6473214285714286,0.6210111727353106,0.6572519908836707,0.1,0.01,0.1
5,fusion_water_delta,,0.6089285714285715,0.5975,0.660597740455623,0.1,0.01,0.25
5,fusion_water_delta,,0.5133928571428572,0.5134575569358178,0.6882556472969473,0.1,0.01,0.5
5,fusion_water_delta,,0.48660714285714285,0.48660714285714285,0.7411626366913706,0.1,0.01,0.75
5,fusion_water_delta,,0.47410714285714284,0.47433192686357245,0.783157052061144,0.1,0.01,0.9
5,fusion_water_delta,,0.4660714285714286,0.4660714285714286,0.8147713879152665,0.1,0.01,1.0
5,fusion_water_delta,,0.6473214285714286,0.6210111727353106,0.6605167792102864,0.1,0.1,0.0
5,fusion_water_delta,,0.6294642857142857,0.6166666666666667,0.6517489971256762,0.1,0.1,0.1
5,fusion_water_delta,,0.5419642857142857,0.5415891575870315,0.6716489304719155,0.1,0.1,0.25
5,fusion_water_delta,,0.46875,0.4644045242847638,0.7775820398997588,0.1,0.1,0.5
5,fusion_water_delta,,0.45625000000000004,0.45314685314685316,0.942421068169003,0.1,0.1,0.75
5,fusion_water_delta,,0.45803571428571427,0.4571532316630356,1.0587046746247266,0.1,0.1,0.9
5,fusion_water_delta,,0.46428571428571425,0.4629612672832158,1.1412833975832692,0.1,0.1,1.0
5,fusion_water_delta,,0.6473214285714286,0.6210111727353106,0.6605167792102864,0.1,1.0,0.0
5,fusion_water_delta,,0.5848214285714286,0.5816008316008316,0.6523353557381248,0.1,1.0,0.1
5,fusion_water_delta,,0.5383928571428571,0.5389277389277389,0.7256497515108663,0.1,1.0,0.25
5,fusion_water_delta,,0.49553571428571425,0.49212749615975426,0.9867821850615562,0.1,1.0,0.5
5,fusion_water_delta,,0.48928571428571427,0.4862655641098755,1.3286871300526302,0.1,1.0,0.75
5,fusion_water_delta,,0.49553571428571425,0.49212749615975426,1.5525270168728447,0.1,1.0,0.9
5,fusion_water_delta,,0.48928571428571427,0.4862655641098755,1.706439752788803,0.1,1.0,1.0
5,fusion_water_delta,,0.6473214285714286,0.6210111727353106,0.6605167792102864,0.1,10.0,0.0
5,fusion_water_delta,,0.5910714285714286,0.5886048337841375,0.6610055211644983,0.1,10.0,0.1
5,fusion_water_delta,,0.5366071428571428,0.5362903225806452,0.8131176462734307,0.1,10.0,0.25
5,fusion_water_delta,,0.5035714285714286,0.5020707831325302,1.254446911241456,0.1,10.0,0.5
5,fusion_water_delta,,0.4830357142857143,0.48042168674698793,1.7827819876522388,0.1,10.0,0.75
5,fusion_water_delta,,0.48928571428571427,0.4862655641098755,2.1166796965163783,0.1,10.0,0.9
5,fusion_water_delta,,0.4830357142857143,0.48042168674698793,2.34312338296408,0.1,10.0,1.0
5,fusion_water_delta,,0.6473214285714286,0.6210111727353106,0.6892228638041237,1.0,0.001,0.0
5,fusion_water_delta,,0.6473214285714286,0.6210111727353106,0.6808097122125399,1.0,0.001,0.1
5,fusion_water_delta,,0.6473214285714286,0.6210111727353106,0.6717764055041412,1.0,0.001,0.25
5,fusion_water_delta,,0.6473214285714286,0.6210111727353106,0.6675552714222799,1.0,0.001,0.5
5,fusion_water_delta,,0.55,0.5484687200069802,0.679091135520698,1.0,0.001,0.75
5,fusion_water_delta,,0.4982142857142857,0.4956140350877193,0.6945172644435482,1.0,0.001,0.9
5,fusion_water_delta,,0.49196428571428574,0.4890602732835946,0.7085048905241521,1.0,0.001,1.0
5,fusion_water_delta,,0.6473214285714286,0.6210111727353106,0.6892228638041237,1.0,0.01,0.0
5,fusion_water_delta,,0.6410714285714285,0.6134763124199745,0.678709382125492,1.0,0.01,0.1
5,fusion_water_delta,,0.6455357142857143,0.6249184605348989,0.6722206441267083,1.0,0.01,0.25
5,fusion_water_delta,,0.5357142857142857,0.5349859353023911,0.6879352493185058,1.0,0.01,0.5
5,fusion_water_delta,,0.48035714285714287,0.48046771193196924,0.7367797353296046,1.0,0.01,0.75
5,fusion_water_delta,,0.47410714285714284,0.47433192686357245,0.7804684762523065,1.0,0.01,0.9
5,fusion_water_delta,,0.4660714285714286,0.4660714285714286,0.8147713879152665,1.0,0.01,1.0
5,fusion_water_delta,,0.6473214285714286,0.6210111727353106,0.6892228638041237,1.0,0.1,0.0
5,fusion_water_delta,,0.6517857142857143,0.6324071797393657,0.6724754683628291,1.0,0.1,0.1
5,fusion_water_delta,,0.5910714285714286,0.5886048337841375,0.6805890905818911,1.0,0.1,0.25
5,fusion_water_delta,,0.5035714285714286,0.5020707831325302,0.7740897472009953,1.0,0.1,0.5
5,fusion_water_delta,,0.45625000000000004,0.45314685314685316,0.9375754681098751,1.0,0.1,0.75
5,fusion_water_delta,,0.46428571428571425,0.4629612672832158,1.0562561232451204,1.0,0.1,0.9
5,fusion_water_delta,,0.46428571428571425,0.4629612672832158,1.1412833975832692,1.0,0.1,1.0
5,fusion_water_delta,,0.6473214285714286,0.6210111727353106,0.6892228638041237,1.0,1.0,0.0
5,fusion_water_delta,,0.6214285714285714,0.6120107962213225,0.6714646011765213,1.0,1.0,0.1
5,fusion_water_delta,,0.5544642857142857,0.5548654244306419,0.7297217357087574,1.0,1.0,0.25
5,fusion_water_delta,,0.5035714285714286,0.5020707831325302,0.9805607385409063,1.0,1.0,0.5
5,fusion_water_delta,,0.48928571428571427,0.4862655641098755,1.323360758055936,1.0,1.0,0.75
5,fusion_water_delta,,0.49553571428571425,0.49212749615975426,1.5500409471003114,1.0,1.0,0.9
5,fusion_water_delta,,0.48928571428571427,0.4862655641098755,1.706439752788803,1.0,1.0,1.0
5,fusion_water_delta,,0.6473214285714286,0.6210111727353106,0.6892228638041237,1.0,10.0,0.0
5,fusion_water_delta,,0.5785714285714285,0.5746236559139783,0.6778319381881761,1.0,10.0,0.1
5,fusion_water_delta,,0.5589285714285714,0.5603729603729604,0.8126512187527758,1.0,10.0,0.25
5,fusion_water_delta,,0.5098214285714285,0.5081266039349872,1.2464691330780622,1.0,10.0,0.5
5,fusion_water_delta,,0.4830357142857143,0.48042168674698793,1.7769453751531508,1.0,10.0,0.75
5,fusion_water_delta,,0.4830357142857143,0.48042168674698793,2.114071304358878,1.0,10.0,0.9
5,fusion_water_delta,,0.4830357142857143,0.48042168674698793,2.34312338296408,1.0,10.0,1.0
5,fusion_water_delta,,0.6473214285714286,0.6210111727353106,0.7227993471903291,10.0,0.001,0.0
5,fusion_water_delta,,0.6473214285714286,0.6210111727353106,0.7099742950739808,10.0,0.001,0.1
5,fusion_water_delta,,0.6473214285714286,0.6210111727353106,0.6943003242159582,10.0,0.001,0.25
5,fusion_water_delta,,0.6473214285714286,0.6210111727353106,0.6791550085072146,10.0,0.001,0.5
5,fusion_water_delta,,0.55,0.5484687200069802,0.6816036408328734,10.0,0.001,0.75
5,fusion_water_delta,,0.5044642857142857,0.5021645021645021,0.6943748929340412,10.0,0.001,0.9
5,fusion_water_delta,,0.49196428571428574,0.4890602732835946,0.7085048905241521,10.0,0.001,1.0
5,fusion_water_delta,,0.6473214285714286,0.6210111727353106,0.7227993471903291,10.0,0.01,0.0
5,fusion_water_delta,,0.6410714285714285,0.6134763124199745,0.7078605286610505,10.0,0.01,0.1
5,fusion_water_delta,,0.6598214285714286,0.636105476673428,0.6946993504142468,10.0,0.01,0.25
5,fusion_water_delta,,0.5357142857142857,0.5349859353023911,0.6994448143434486,10.0,0.01,0.5
5,fusion_water_delta,,0.4928571428571428,0.49275362318840576,0.7395382272265194,10.0,0.01,0.75
5,fusion_water_delta,,0.47410714285714284,0.47433192686357245,0.7807325637940302,10.0,0.01,0.9
5,fusion_water_delta,,0.4660714285714286,0.4660714285714286,0.8147713879152665,10.0,0.01,1.0
5,fusion_water_delta,,0.6473214285714286,0.6210111727353106,0.7227993471903291,10.0,0.1,0.0
5,fusion_water_delta,,0.6660714285714286,0.643672537508154,0.7014959777105666,10.0,0.1,0.1
5,fusion_water_delta,,0.5848214285714286,0.5816008316008316,0.7022399769379277,10.0,0.1,0.25
5,fusion_water_delta,,0.5035714285714286,0.5020707831325302,0.7830205426575224,10.0,0.1,0.5
5,fusion_water_delta,,0.45625000000000004,0.45314685314685316,0.93990622626862,10.0,0.1,0.75
5,fusion_water_delta,,0.46428571428571425,0.4629612672832158,1.0569111138421219,10.0,0.1,0.9
5,fusion_water_delta,,0.46428571428571425,0.4629612672832158,1.1412833975832692,10.0,0.1,1.0
5,fusion_water_delta,,0.6473214285714286,0.6210111727353106,0.7227993471903291,10.0,1.0,0.0
5,fusion_water_delta,,0.6214285714285714,0.6120107962213225,0.7001161810802948,10.0,1.0,0.1
5,fusion_water_delta,,0.5544642857142857,0.5548654244306419,0.7487998169760041,10.0,1.0,0.25
5,fusion_water_delta,,0.5035714285714286,0.5020707831325302,0.9869408274437986,10.0,1.0,0.5
5,fusion_water_delta,,0.48928571428571427,0.4862655641098755,1.3258121811449446,10.0,1.0,0.75
5,fusion_water_delta,,0.49553571428571425,0.49212749615975426,1.5509103077664061,10.0,1.0,0.9
5,fusion_water_delta,,0.48928571428571427,0.4862655641098755,1.706439752788803,10.0,1.0,1.0
5,fusion_water_delta,,0.6473214285714286,0.6210111727353106,0.7227993471903291,10.0,10.0,0.0
5,fusion_water_delta,,0.5785714285714285,0.5746236559139783,0.7058197127362251,10.0,10.0,0.1
5,fusion_water_delta,,0.5651785714285714,0.5670180722891566,0.8276761531789355,10.0,10.0,0.25
5,fusion_water_delta,,0.5098214285714285,0.5081266039349872,1.2523370472745765,10.0,10.0,0.5
5,fusion_water_delta,,0.4830357142857143,0.48042168674698793,1.7795061437213782,10.0,10.0,0.75
5,fusion_water_delta,,0.4830357142857143,0.48042168674698793,2.115038583613848,10.0,10.0,0.9
5,fusion_water_delta,,0.4830357142857143,0.48042168674698793,2.34312338296408,10.0,10.0,1.0
