experiment,fold,unit_index,subject_id,ma_mau,jar,n_repeats,repeats,true_label,predicted_label,feature_mode,selected_code_C,selected_face_C,selected_alpha_face,prob_0,prob_1,prob_2
code_only,1,0,P001,189,3,5,1|2|3|4|5,1,1,,1.0,,,0.22872586889156504,0.4661044249848191,0.3051697061236159
code_only,1,1,P001,258,1,5,1|2|3|4|5,0,0,,1.0,,,0.9237903027213172,0.061795847411892625,0.014413849866790087
code_only,1,2,P001,453,2,5,1|2|3|4|5,0,0,,1.0,,,0.6231798343902876,0.311390480059669,0.06542968555004341
code_only,1,3,P001,762,3,5,1|2|3|4|5,1,1,,1.0,,,0.04503958215863291,0.48054077326244166,0.47441964457892544
code_only,1,4,P001,893,4,5,1|2|3|4|5,2,2,,1.0,,,0.01390601623468313,0.29656973950721843,0.6895242442580984
code_only,1,10,P003,189,3,5,1|2|3|4|5,1,1,,1.0,,,0.22872586889156504,0.4661044249848191,0.3051697061236159
code_only,1,11,P003,258,1,5,1|2|3|4|5,0,0,,1.0,,,0.9237903027213172,0.061795847411892625,0.014413849866790087
code_only,1,12,P003,453,2,5,1|2|3|4|5,0,0,,1.0,,,0.6231798343902876,0.311390480059669,0.06542968555004341
code_only,1,13,P003,762,3,5,1|2|3|4|5,1,1,,1.0,,,0.04503958215863291,0.48054077326244166,0.47441964457892544
code_only,1,14,P003,893,4,5,1|2|3|4|5,2,2,,1.0,,,0.01390601623468313,0.29656973950721843,0.6895242442580984
code_only,1,25,P006,189,3,5,1|2|3|4|5,1,1,,1.0,,,0.22872586889156504,0.4661044249848191,0.3051697061236159
code_only,1,26,P006,258,3,5,1|2|3|4|5,1,0,,1.0,,,0.9237903027213172,0.061795847411892625,0.014413849866790087
code_only,1,27,P006,453,3,5,1|2|3|4|5,1,0,,1.0,,,0.6231798343902876,0.311390480059669,0.06542968555004341
code_only,1,28,P006,762,4,5,1|2|3|4|5,2,1,,1.0,,,0.04503958215863291,0.48054077326244166,0.47441964457892544
code_only,1,29,P006,893,4,5,1|2|3|4|5,2,2,,1.0,,,0.01390601623468313,0.29656973950721843,0.6895242442580984
code_only,1,35,P008,189,3,5,1|2|3|4|5,1,1,,1.0,,,0.22872586889156504,0.4661044249848191,0.3051697061236159
code_only,1,36,P008,258,1,5,1|2|3|4|5,0,0,,1.0,,,0.9237903027213172,0.061795847411892625,0.014413849866790087
code_only,1,37,P008,453,2,5,1|2|3|4|5,0,0,,1.0,,,0.6231798343902876,0.311390480059669,0.06542968555004341
code_only,1,38,P008,762,4,5,1|2|3|4|5,2,1,,1.0,,,0.04503958215863291,0.48054077326244166,0.47441964457892544
code_only,1,39,P008,893,4,5,1|2|3|4|5,2,2,,1.0,,,0.01390601623468313,0.29656973950721843,0.6895242442580984
code_only,1,50,P011,189,2,5,1|2|3|4|5,0,1,,1.0,,,0.22872586889156504,0.4661044249848191,0.3051697061236159
code_only,1,51,P011,258,1,5,1|2|3|4|5,0,0,,1.0,,,0.9237903027213172,0.061795847411892625,0.014413849866790087
code_only,1,52,P011,453,1,5,1|2|3|4|5,0,0,,1.0,,,0.6231798343902876,0.311390480059669,0.06542968555004341
code_only,1,53,P011,762,2,5,1|2|3|4|5,0,1,,1.0,,,0.04503958215863291,0.48054077326244166,0.47441964457892544
code_only,1,54,P011,893,2,5,1|2|3|4|5,0,2,,1.0,,,0.01390601623468313,0.29656973950721843,0.6895242442580984
code_only,1,90,P020,189,4,5,1|2|3|4|5,2,1,,1.0,,,0.22872586889156504,0.4661044249848191,0.3051697061236159
code_only,1,91,P020,258,1,5,1|2|3|4|5,0,0,,1.0,,,0.9237903027213172,0.061795847411892625,0.014413849866790087
code_only,1,92,P020,453,3,5,1|2|3|4|5,1,0,,1.0,,,0.6231798343902876,0.311390480059669,0.06542968555004341
code_only,1,93,P020,762,4,5,1|2|3|4|5,2,1,,1.0,,,0.04503958215863291,0.48054077326244166,0.47441964457892544
code_only,1,94,P020,893,5,5,1|2|3|4|5,2,2,,1.0,,,0.01390601623468313,0.29656973950721843,0.6895242442580984
face_raw,1,0,P001,189,3,5,1|2|3|4|5,1,2,raw,,0.001,,0.37267310741514975,0.2183782807717496,0.40894861181310066
face_raw,1,1,P001,258,1,5,1|2|3|4|5,0,2,raw,,0.001,,0.21622276306152344,0.26364219188690186,0.5201350450515747
face_raw,1,2,P001,453,2,5,1|2|3|4|5,0,2,raw,,0.001,,0.2162765433623467,0.32554612603508676,0.45817733060256655
face_raw,1,3,P001,762,3,5,1|2|3|4|5,1,2,raw,,0.001,,0.24140928736869768,0.329996655583581,0.4285940570477213
face_raw,1,4,P001,893,4,5,1|2|3|4|5,2,0,raw,,0.001,,0.3850388526916504,0.2531840205192566,0.361777126789093
face_raw,1,10,P003,189,3,5,1|2|3|4|5,1,0,raw,,0.001,,0.3826068525729521,0.31730960853965257,0.3000835388873953
face_raw,1,11,P003,258,1,5,1|2|3|4|5,0,0,raw,,0.001,,0.4101671752283819,0.32441007124155546,0.2654227535300626
face_raw,1,12,P003,453,2,5,1|2|3|4|5,0,0,raw,,0.001,,0.3381298285165378,0.3277489938661156,0.33412117761734655
face_raw,1,13,P003,762,3,5,1|2|3|4|5,1,0,raw,,0.001,,0.3556766702033082,0.35074852851782656,0.2935748012788653
face_raw,1,14,P003,893,4,5,1|2|3|4|5,2,2,raw,,0.001,,0.347204376840461,0.2978635639588963,0.35493205920064275
face_raw,1,25,P006,189,3,5,1|2|3|4|5,1,0,raw,,0.001,,0.48863829638476064,0.32322762379728626,0.1881340798179531
face_raw,1,26,P006,258,3,5,1|2|3|4|5,1,0,raw,,0.001,,0.44100968715519645,0.3112125602003169,0.24777775264448665
face_raw,1,27,P006,453,3,5,1|2|3|4|5,1,0,raw,,0.001,,0.5057067350403478,0.32750857364399094,0.16678469131566123
face_raw,1,28,P006,762,4,5,1|2|3|4|5,2,0,raw,,0.001,,0.5069082597711488,0.34350648943286466,0.14958525079598645
face_raw,1,29,P006,893,4,5,1|2|3|4|5,2,0,raw,,0.001,,0.45114610271373545,0.3375661125416474,0.21128778474461712
face_raw,1,35,P008,189,3,5,1|2|3|4|5,1,0,raw,,0.001,,0.5379667362267783,0.2848081333161612,0.17722513045706048
face_raw,1,36,P008,258,1,5,1|2|3|4|5,0,0,raw,,0.001,,0.38416073416705526,0.3534605590426589,0.2623787067902859
face_raw,1,37,P008,453,2,5,1|2|3|4|5,0,1,raw,,0.001,,0.22099241614341736,0.5282948613166809,0.25071272253990173
face_raw,1,38,P008,762,4,5,1|2|3|4|5,2,0,raw,,0.001,,0.5210894656830708,0.29624544359716437,0.18266509071976486
face_raw,1,39,P008,893,4,5,1|2|3|4|5,2,0,raw,,0.001,,0.46807774013628395,0.37731684940979704,0.15460541045391904
face_raw,1,50,P011,189,2,5,1|2|3|4|5,0,0,raw,,0.001,,0.41387404758113483,0.29551055146722344,0.2906154009516418
face_raw,1,51,P011,258,1,5,1|2|3|4|5,0,0,raw,,0.001,,0.4899612744169858,0.3093979518384657,0.20064077374454853
face_raw,1,52,P011,453,1,5,1|2|3|4|5,0,0,raw,,0.001,,0.38055596467519015,0.34460417362426676,0.2748398617005431
face_raw,1,53,P011,762,2,5,1|2|3|4|5,0,0,raw,,0.001,,0.3756306767463684,0.2509691119194031,0.3734002113342285
face_raw,1,54,P011,893,2,5,1|2|3|4|5,0,0,raw,,0.001,,0.47473786846584476,0.21720870681975166,0.3080534247144036
face_raw,1,90,P020,189,4,5,1|2|3|4|5,2,2,raw,,0.001,,0.15093736350536346,0.24262090027332306,0.6064417362213135
face_raw,1,91,P020,258,1,5,1|2|3|4|5,0,2,raw,,0.001,,0.2230801863163571,0.29327405294224224,0.48364576074140064
face_raw,1,92,P020,453,3,5,1|2|3|4|5,1,2,raw,,0.001,,0.20539515026502536,0.2503575719946261,0.5442472777403485
face_raw,1,93,P020,762,4,5,1|2|3|4|5,2,2,raw,,0.001,,0.21552020953655868,0.3631811846250649,0.42129860583837647
face_raw,1,94,P020,893,5,5,1|2|3|4|5,2,2,raw,,0.001,,0.16592778018224566,0.27116071773826006,0.5629115020794943
face_trial_delta,1,0,P001,189,3,5,1|2|3|4|5,1,2,trial_delta,,0.001,,0.35066707509757916,0.2016167879827375,0.44771613691968337
face_trial_delta,1,1,P001,258,1,5,1|2|3|4|5,0,2,trial_delta,,0.001,,0.18479425929793328,0.2093740670476248,0.6058316736544419
face_trial_delta,1,2,P001,453,2,5,1|2|3|4|5,0,2,trial_delta,,0.001,,0.167795730117027,0.33571519947476386,0.4964890704082091
face_trial_delta,1,3,P001,762,3,5,1|2|3|4|5,1,2,trial_delta,,0.001,,0.23558055652437937,0.32322149505551173,0.4411979484201089
face_trial_delta,1,4,P001,893,4,5,1|2|3|4|5,2,2,trial_delta,,0.001,,0.3733295277756734,0.20720033602712537,0.41947013619720125
face_trial_delta,1,10,P003,189,3,5,1|2|3|4|5,1,0,trial_delta,,0.001,,0.39626574516296387,0.27869710326194763,0.3250371515750885
face_trial_delta,1,11,P003,258,1,5,1|2|3|4|5,0,0,trial_delta,,0.001,,0.42036932706832886,0.31773513555526733,0.2618955373764038
face_trial_delta,1,12,P003,453,2,5,1|2|3|4|5,0,0,trial_delta,,0.001,,0.3402934271009735,0.3284349939693512,0.33127157892967524
face_trial_delta,1,13,P003,762,3,5,1|2|3|4|5,1,0,trial_delta,,0.001,,0.36313292384147644,0.3371441662311554,0.29972290992736816
face_trial_delta,1,14,P003,893,4,5,1|2|3|4|5,2,2,trial_delta,,0.001,,0.31735422261493734,0.31502859845672254,0.3676171789283401
face_trial_delta,1,25,P006,189,3,5,1|2|3|4|5,1,0,trial_delta,,0.001,,0.46815152561212997,0.32832710956552297,0.20352136482234703
face_trial_delta,1,26,P006,258,3,5,1|2|3|4|5,1,0,trial_delta,,0.001,,0.45030970427182654,0.2993110685924651,0.25037922713570837
face_trial_delta,1,27,P006,453,3,5,1|2|3|4|5,1,0,trial_delta,,0.001,,0.46336380809817984,0.35759192922043165,0.1790442626813885
face_trial_delta,1,28,P006,762,4,5,1|2|3|4|5,2,0,trial_delta,,0.001,,0.45026481822527675,0.38961932643680763,0.16011585533791564
face_trial_delta,1,29,P006,893,4,5,1|2|3|4|5,2,0,trial_delta,,0.001,,0.5410111385282534,0.2606064599571687,0.1983824015145778
face_trial_delta,1,35,P008,189,3,5,1|2|3|4|5,1,0,trial_delta,,0.001,,0.5230072218627814,0.28058410108959825,0.19640867704762038
face_trial_delta,1,36,P008,258,1,5,1|2|3|4|5,0,1,trial_delta,,0.001,,0.36232680082321167,0.3813989758491516,0.2562742233276367
face_trial_delta,1,37,P008,453,2,5,1|2|3|4|5,0,1,trial_delta,,0.001,,0.19989202916622162,0.5728615522384644,0.22724641859531403
face_trial_delta,1,38,P008,762,4,5,1|2|3|4|5,2,0,trial_delta,,0.001,,0.480897202518499,0.34517414406460956,0.1739286534168915
face_trial_delta,1,39,P008,893,4,5,1|2|3|4|5,2,1,trial_delta,,0.001,,0.4179389365586163,0.4366792933648509,0.1453817700765328
face_trial_delta,1,50,P011,189,2,5,1|2|3|4|5,0,0,trial_delta,,0.001,,0.38822362983893244,0.29060799749517435,0.3211683726658932
face_trial_delta,1,51,P011,258,1,5,1|2|3|4|5,0,0,trial_delta,,0.001,,0.4302517601922679,0.3518141314927975,0.21793410831493462
face_trial_delta,1,52,P011,453,1,5,1|2|3|4|5,0,0,trial_delta,,0.001,,0.40747606147116333,0.3436493226342004,0.24887461589463628
face_trial_delta,1,53,P011,762,2,5,1|2|3|4|5,0,0,trial_delta,,0.001,,0.38712915778160095,0.2411775290966034,0.37169331312179565
face_trial_delta,1,54,P011,893,2,5,1|2|3|4|5,0,0,trial_delta,,0.001,,0.42923806396836234,0.23961878536995607,0.3311431506616816
face_trial_delta,1,90,P020,189,4,5,1|2|3|4|5,2,2,trial_delta,,0.001,,0.20065616370225198,0.19695508773557974,0.6023887485621683
face_trial_delta,1,91,P020,258,1,5,1|2|3|4|5,0,2,trial_delta,,0.001,,0.23707627819819502,0.2767882172817685,0.4861355045200365
face_trial_delta,1,92,P020,453,3,5,1|2|3|4|5,1,2,trial_delta,,0.001,,0.21211792528629303,0.24041537940502167,0.5474666953086853
face_trial_delta,1,93,P020,762,4,5,1|2|3|4|5,2,1,trial_delta,,0.001,,0.20481016621559364,0.4164173478955821,0.3787724858888243
face_trial_delta,1,94,P020,893,5,5,1|2|3|4|5,2,2,trial_delta,,0.001,,0.2273020527570828,0.19730863877211097,0.5753893084708063
face_water_delta,1,0,P001,189,3,5,1|2|3|4|5,1,0,water_delta,,1.0,,0.9824497771792039,0.00012392376174768399,0.017426299059048394
face_water_delta,1,1,P001,258,1,5,1|2|3|4|5,0,0,water_delta,,1.0,,0.6013045131771412,0.28790955877573615,0.11078592804712271
face_water_delta,1,2,P001,453,2,5,1|2|3|4|5,0,1,water_delta,,1.0,,0.24534859156540373,0.5057487857752091,0.24890262265938717
face_water_delta,1,3,P001,762,3,5,1|2|3|4|5,1,0,water_delta,,1.0,,0.7688110298929133,0.0320708073957829,0.19911816271130378
face_water_delta,1,4,P001,893,4,5,1|2|3|4|5,2,0,water_delta,,1.0,,0.9642123528554828,0.00010292392780361668,0.03568472321671359
face_water_delta,1,10,P003,189,3,5,1|2|3|4|5,1,0,water_delta,,1.0,,0.9763913105020458,0.018852880840604623,0.0047558086573496324
face_water_delta,1,11,P003,258,1,5,1|2|3|4|5,0,0,water_delta,,1.0,,0.9981975999382429,0.00012894974301146605,0.0016734503187457088
face_water_delta,1,12,P003,453,2,5,1|2|3|4|5,0,1,water_delta,,1.0,,0.1649714132234466,0.8126313646686872,0.02239722210786617
face_water_delta,1,13,P003,762,3,5,1|2|3|4|5,1,0,water_delta,,1.0,,0.8607596075987582,0.10673944543239149,0.032500946968850315
face_water_delta,1,14,P003,893,4,5,1|2|3|4|5,2,0,water_delta,,1.0,,0.6905696962380048,0.30212271100982013,0.00730759275217506
face_water_delta,1,25,P006,189,3,5,1|2|3|4|5,1,1,water_delta,,1.0,,0.008284570633835028,0.5075831999861017,0.4841322293800633
face_water_delta,1,26,P006,258,3,5,1|2|3|4|5,1,2,water_delta,,1.0,,0.04548010805905348,0.004408519912146922,0.9501113720287996
face_water_delta,1,27,P006,453,3,5,1|2|3|4|5,1,2,water_delta,,1.0,,0.4216661955043779,0.045218727472005914,0.5331150770236162
face_water_delta,1,28,P006,762,4,5,1|2|3|4|5,2,2,water_delta,,1.0,,0.1330436724019378,0.02118510127040237,0.8457712263276599
face_water_delta,1,29,P006,893,4,5,1|2|3|4|5,2,2,water_delta,,1.0,,0.0042264582077563215,0.43861317103545067,0.557160370756793
face_water_delta,1,35,P008,189,3,5,1|2|3|4|5,1,0,water_delta,,1.0,,0.9921553931938296,0.003184359352346338,0.004660247453824042
face_water_delta,1,36,P008,258,1,5,1|2|3|4|5,0,2,water_delta,,1.0,,0.3051394681332728,0.03689197643282886,0.6579685554338983
face_water_delta,1,37,P008,453,2,5,1|2|3|4|5,0,2,water_delta,,1.0,,0.024030756501338485,0.02006488162601207,0.9559043618726495
face_water_delta,1,38,P008,762,4,5,1|2|3|4|5,2,0,water_delta,,1.0,,0.9906209428529007,0.002120985845082997,0.00725807130201632
face_water_delta,1,39,P008,893,4,5,1|2|3|4|5,2,0,water_delta,,1.0,,0.5171341286766167,0.003135177065970621,0.47973069425741266
face_water_delta,1,50,P011,189,2,5,1|2|3|4|5,0,0,water_delta,,1.0,,0.9501526202146253,0.006751461268936343,0.04309591851643838
face_water_delta,1,51,P011,258,1,5,1|2|3|4|5,0,0,water_delta,,1.0,,0.8882273468681698,0.0054814703966731965,0.10629118273515695
face_water_delta,1,52,P011,453,1,5,1|2|3|4|5,0,2,water_delta,,1.0,,0.20220892717500358,0.11691383494821929,0.6808772378767771
face_water_delta,1,53,P011,762,2,5,1|2|3|4|5,0,0,water_delta,,1.0,,0.7980583555452725,0.0007811776833964308,0.20116046677133112
face_water_delta,1,54,P011,893,2,5,1|2|3|4|5,0,2,water_delta,,1.0,,0.34756310220525705,0.09223307256848785,0.5602038252262551
face_water_delta,1,90,P020,189,4,5,1|2|3|4|5,2,2,water_delta,,1.0,,0.10154461039942048,0.0071396976177416915,0.8913156919828378
face_water_delta,1,91,P020,258,1,5,1|2|3|4|5,0,2,water_delta,,1.0,,0.3650479594336005,0.011077320141285731,0.6238747204251137
face_water_delta,1,92,P020,453,3,5,1|2|3|4|5,1,0,water_delta,,1.0,,0.9861520944380968,0.003164095704607042,0.010683809857296195
face_water_delta,1,93,P020,762,4,5,1|2|3|4|5,2,1,water_delta,,1.0,,0.08354755428770516,0.7616265359399725,0.15482590977232225
face_water_delta,1,94,P020,893,5,5,1|2|3|4|5,2,1,water_delta,,1.0,,0.015164031887230037,0.5939813350305732,0.3908546330821968
fusion_raw,1,0,P001,189,3,5,1|2|3|4|5,1,1,raw,1.0,0.001,0.25,0.26575570840599666,0.39657826075946423,0.33766603083453905
fusion_raw,1,1,P001,258,1,5,1|2|3|4|5,0,0,raw,1.0,0.001,0.25,0.8380828132593521,0.11583898129516602,0.04607820544548188
fusion_raw,1,2,P001,453,2,5,1|2|3|4|5,0,0,raw,1.0,0.001,0.25,0.5316835862656241,0.3500039824694266,0.11831243126494924
fusion_raw,1,3,P001,762,3,5,1|2|3|4|5,1,2,raw,1.0,0.001,0.25,0.07075945148208558,0.45167418159445927,0.4775663669234551
fusion_raw,1,4,P001,893,4,5,1|2|3|4|5,2,2,raw,1.0,0.001,0.25,0.03529383666695159,0.3154095825652685,0.64929658076778
fusion_raw,1,10,P003,189,3,5,1|2|3|4|5,1,1,raw,1.0,0.001,0.25,0.2634416201997629,0.4287883363127227,0.3077700434875143
fusion_raw,1,11,P003,258,1,5,1|2|3|4|5,0,0,raw,1.0,0.001,0.25,0.8593730828006778,0.10659934178922446,0.03402757541009771
fusion_raw,1,12,P003,453,2,5,1|2|3|4|5,0,0,raw,1.0,0.001,0.25,0.5638247397594041,0.3324892080564541,0.10368605218414183
fusion_raw,1,13,P003,762,3,5,1|2|3|4|5,1,1,raw,1.0,0.001,0.25,0.08028337458895811,0.47229424777427265,0.4474223776367692
fusion_raw,1,14,P003,893,4,5,1|2|3|4|5,2,2,raw,1.0,0.001,0.25,0.034083283096052935,0.32553114603943073,0.6403855708645164
fusion_raw,1,25,P006,189,3,5,1|2|3|4|5,1,1,raw,1.0,0.001,0.25,0.2844087956272424,0.4374709509894675,0.27812025338329005
fusion_raw,1,26,P006,258,3,5,1|2|3|4|5,1,0,raw,1.0,0.001,0.25,0.8629778040817092,0.10403783171343861,0.03298436420485207
fusion_raw,1,27,P006,453,3,5,1|2|3|4|5,1,0,raw,1.0,0.001,0.25,0.5977545146683624,0.31869320483980557,0.08355228049183194
fusion_raw,1,28,P006,762,4,5,1|2|3|4|5,2,1,raw,1.0,0.001,0.25,0.0937598155087413,0.5021923077750705,0.40404787671618825
fusion_raw,1,29,P006,893,4,5,1|2|3|4|5,2,2,raw,1.0,0.001,0.25,0.038928835607833355,0.3593146293116472,0.6017565350805193
fusion_raw,1,35,P008,189,3,5,1|2|3|4|5,1,1,raw,1.0,0.001,0.25,0.2945178051726347,0.4284861130765774,0.27699608175078777
fusion_raw,1,36,P008,258,1,5,1|2|3|4|5,0,0,raw,1.0,0.001,0.25,0.8554630504156572,0.11020407982709672,0.03433286975724608
fusion_raw,1,37,P008,453,2,5,1|2|3|4|5,0,0,raw,1.0,0.001,0.25,0.5183074950198803,0.3830285952864192,0.09866390969370063
fusion_raw,1,38,P008,762,4,5,1|2|3|4|5,2,1,raw,1.0,0.001,0.25,0.09411715560031166,0.48245360678661914,0.42342923761306916
fusion_raw,1,39,P008,893,4,5,1|2|3|4|5,2,2,raw,1.0,0.001,0.25,0.04070141236190753,0.3827362613335017,0.5765623263045908
fusion_raw,1,50,P011,189,2,5,1|2|3|4|5,0,1,raw,1.0,0.001,0.25,0.26996061329343624,0.42325545149941124,0.3067839352071526
fusion_raw,1,51,P011,258,1,5,1|2|3|4|5,0,0,raw,1.0,0.001,0.25,0.8676262594617572,0.10173280693164934,0.03064093360659359
fusion_raw,1,52,P011,453,1,5,1|2|3|4|5,0,0,raw,1.0,0.001,0.25,0.5714974211402741,0.3313284506116636,0.0971741282480622
fusion_raw,1,53,P011,762,2,5,1|2|3|4|5,0,2,raw,1.0,0.001,0.25,0.0821324979904434,0.4383608441426395,0.4795066578669172
fusion_raw,1,54,P011,893,2,5,1|2|3|4|5,0,2,raw,1.0,0.001,0.25,0.03856117561654281,0.3147380009926584,0.6467008233907988
fusion_raw,1,90,P020,189,4,5,1|2|3|4|5,2,1,raw,1.0,0.001,0.25,0.21376354456402663,0.41052769391289234,0.375708761523081
fusion_raw,1,91,P020,258,1,5,1|2|3|4|5,0,0,raw,1.0,0.001,0.25,0.837229689361541,0.11791992684563843,0.04485038379282068
fusion_raw,1,92,P020,453,3,5,1|2|3|4|5,1,0,raw,1.0,0.001,0.25,0.537692955333387,0.33577312895458045,0.12653391571203249
fusion_raw,1,93,P020,762,4,5,1|2|3|4|5,2,2,raw,1.0,0.001,0.25,0.06830778265373101,0.4594422609789615,0.4722499563673075
fusion_raw,1,94,P020,893,5,5,1|2|3|4|5,2,2,raw,1.0,0.001,0.25,0.026609769887360052,0.29858027560170247,0.6748099545109375
fusion_trial_delta,1,0,P001,189,3,5,1|2|3|4|5,1,1,trial_delta,1.0,0.001,0.25,0.2628252662977392,0.3903471323264125,0.34682760137584817
fusion_trial_delta,1,1,P001,258,1,5,1|2|3|4|5,0,0,trial_delta,1.0,0.001,0.25,0.8367427943991941,0.11355074929184843,0.04970645630895756
fusion_trial_delta,1,2,P001,453,2,5,1|2|3|4|5,0,0,trial_delta,1.0,0.001,0.25,0.5131515225189129,0.36271214799008517,0.12413632949100203
fusion_trial_delta,1,3,P001,762,3,5,1|2|3|4|5,1,2,trial_delta,1.0,0.001,0.25,0.0702788317981772,0.44902099640206833,0.48070017179975455
fusion_trial_delta,1,4,P001,893,4,5,1|2|3|4|5,2,2,trial_delta,1.0,0.001,0.25,0.034717522962856996,0.2973831365817507,0.6678993404553922
fusion_trial_delta,1,10,P003,189,3,5,1|2|3|4|5,1,1,trial_delta,1.0,0.001,0.25,0.2671398038411544,0.417254508870502,0.3156056872883436
fusion_trial_delta,1,11,P003,258,1,5,1|2|3|4|5,0,0,trial_delta,1.0,0.001,0.25,0.8606841362859726,0.10555815088608535,0.03375771282794192
fusion_trial_delta,1,12,P003,453,2,5,1|2|3|4|5,0,0,trial_delta,1.0,0.001,0.25,0.5642438766417398,0.3323799171077647,0.10337620625049551
fusion_trial_delta,1,13,P003,762,3,5,1|2|3|4|5,1,1,trial_delta,1.0,0.001,0.25,0.08085497453330899,0.4685394548540379,0.4506055706126531
fusion_trial_delta,1,14,P003,893,4,5,1|2|3|4|5,2,2,trial_delta,1.0,0.001,0.25,0.03301285188016107,0.32702243353574934,0.6399647145840895
fusion_trial_delta,1,25,P006,189,3,5,1|2|3|4|5,1,1,trial_delta,1.0,0.001,0.25,0.28020103010776437,0.4373466029664687,0.28245236692576686
fusion_trial_delta,1,26,P006,258,3,5,1|2|3|4|5,1,0,trial_delta,1.0,0.001,0.25,0.8643878107239111,0.1026599200339393,0.032952269242149564
fusion_trial_delta,1,27,P006,453,3,5,1|2|3|4|5,1,0,trial_delta,1.0,0.001,0.25,0.5873850150766339,0.3271961744805124,0.08541881044285367
fusion_trial_delta,1,28,P006,762,4,5,1|2|3|4|5,2,1,trial_delta,1.0,0.001,0.25,0.08921553219062901,0.5079670092756979,0.4028174585336731
fusion_trial_delta,1,29,P006,893,4,5,1|2|3|4|5,2,2,trial_delta,1.0,0.001,0.25,0.04200193551744061,0.34726188964656146,0.610736174835998
fusion_trial_delta,1,35,P008,189,3,5,1|2|3|4|5,1,1,trial_delta,1.0,0.001,0.25,0.2914162766795453,0.42538150474378383,0.2832022185766708
fusion_trial_delta,1,36,P008,258,1,5,1|2|3|4|5,0,0,trial_delta,1.0,0.001,0.25,0.8519931861594058,0.11351292301181642,0.03449389082877779
fusion_trial_delta,1,37,P008,453,2,5,1|2|3|4|5,0,0,trial_delta,1.0,0.001,0.25,0.509235187130974,0.3937775107409226,0.0969873021281033
fusion_trial_delta,1,38,P008,762,4,5,1|2|3|4|5,2,1,trial_delta,1.0,0.001,0.25,0.09117441092379121,0.4954175474834206,0.41340804159278827
fusion_trial_delta,1,39,P008,893,4,5,1|2|3|4|5,2,2,trial_delta,1.0,0.001,0.25,0.039395176689103466,0.39527429410832843,0.565330529202568
fusion_trial_delta,1,50,P011,189,2,5,1|2|3|4|5,0,1,trial_delta,1.0,0.001,0.25,0.2652225195553723,0.42076804519134003,0.31400943525328767
fusion_trial_delta,1,51,P011,258,1,5,1|2|3|4|5,0,0,trial_delta,1.0,0.001,0.25,0.8603455246261824,0.10761182081520404,0.03204265455861364
fusion_trial_delta,1,52,P011,453,1,5,1|2|3|4|5,0,0,trial_delta,1.0,0.001,0.25,0.5771689472615866,0.32871934281786236,0.09411170992055091
fusion_trial_delta,1,53,P011,762,2,5,1|2|3|4|5,0,2,trial_delta,1.0,0.001,0.25,0.0831085891915504,0.43588112912437954,0.48101028168407
fusion_trial_delta,1,54,P011,893,2,5,1|2|3|4|5,0,2,trial_delta,1.0,0.001,0.25,0.0369134429449097,0.3166527693242446,0.6464337877308458
fusion_trial_delta,1,90,P020,189,4,5,1|2|3|4|5,2,1,trial_delta,1.0,0.001,0.25,0.23085282306390362,0.3919131353526981,0.37723404158339824
fusion_trial_delta,1,91,P020,258,1,5,1|2|3|4|5,0,0,trial_delta,1.0,0.001,0.25,0.8406497980490255,0.11493952743985128,0.04441067451112322
fusion_trial_delta,1,92,P020,453,3,5,1|2|3|4|5,1,0,trial_delta,1.0,0.001,0.25,0.541417597000609,0.33200722941529454,0.1265751735840965
fusion_trial_delta,1,93,P020,762,4,5,1|2|3|4|5,2,1,trial_delta,1.0,0.001,0.25,0.06725984606673562,0.4741351059211604,0.4586050480121039
fusion_trial_delta,1,94,P020,893,5,5,1|2|3|4|5,2,2,trial_delta,1.0,0.001,0.25,0.029283731151706086,0.28051440907417713,0.6902018597741169
fusion_water_delta,1,0,P001,189,3,5,1|2|3|4|5,1,1,water_delta,0.1,0.001,0.25,0.2825290805141812,0.4002020745847005,0.31726884490111845
fusion_water_delta,1,1,P001,258,1,5,1|2|3|4|5,0,0,water_delta,0.1,0.001,0.25,0.7135099545886185,0.16232565298883225,0.124164392422549
fusion_water_delta,1,2,P001,453,2,5,1|2|3|4|5,0,0,water_delta,0.1,0.001,0.25,0.49711142385722507,0.34177854449767814,0.16111003164509677
fusion_water_delta,1,3,P001,762,3,5,1|2|3|4|5,1,1,water_delta,0.1,0.001,0.25,0.13840705370933812,0.44290705015220216,0.4186858961384597
fusion_water_delta,1,4,P001,893,4,5,1|2|3|4|5,2,2,water_delta,0.1,0.001,0.25,0.11624436915776769,0.30086694941964137,0.582888681422591
fusion_water_delta,1,10,P003,189,3,5,1|2|3|4|5,1,1,water_delta,0.1,0.001,0.25,0.26777152432700296,0.40823525695241947,0.3239932187205776
fusion_water_delta,1,11,P003,258,1,5,1|2|3|4|5,0,0,water_delta,0.1,0.001,0.25,0.7381486596221125,0.14900231435660538,0.11284902602128222
fusion_water_delta,1,12,P003,453,2,5,1|2|3|4|5,0,0,water_delta,0.1,0.001,0.25,0.5115736514924364,0.32682597846117956,0.16160037004638395
fusion_water_delta,1,13,P003,762,3,5,1|2|3|4|5,1,2,water_delta,0.1,0.001,0.25,0.14347185560743828,0.4196046626055905,0.43692348178697116
fusion_water_delta,1,14,P003,893,4,5,1|2|3|4|5,2,2,water_delta,0.1,0.001,0.25,0.11353104598833791,0.31852546200784493,0.5679434920038171
fusion_water_delta,1,25,P006,189,3,5,1|2|3|4|5,1,1,water_delta,0.1,0.001,0.25,0.2536909008895802,0.4195378851769236,0.32677121393349606
fusion_water_delta,1,26,P006,258,3,5,1|2|3|4|5,1,0,water_delta,0.1,0.001,0.25,0.7015412910863098,0.16047306328961294,0.1379856456240774
fusion_water_delta,1,27,P006,453,3,5,1|2|3|4|5,1,0,water_delta,0.1,0.001,0.25,0.5148362482031519,0.3197785832263245,0.16538516857052374
fusion_water_delta,1,28,P006,762,4,5,1|2|3|4|5,2,2,water_delta,0.1,0.001,0.25,0.1394024975438112,0.42501961429109,0.43557788816509874
fusion_water_delta,1,29,P006,893,4,5,1|2|3|4|5,2,2,water_delta,0.1,0.001,0.25,0.10276260728934752,0.30780037224325313,0.5894370204673993
fusion_water_delta,1,35,P008,189,3,5,1|2|3|4|5,1,1,water_delta,0.1,0.001,0.25,0.2857609699676872,0.40945279175890037,0.3047862382734124
fusion_water_delta,1,36,P008,258,1,5,1|2|3|4|5,0,0,water_delta,0.1,0.001,0.25,0.7259140299070685,0.15948810395988414,0.1145978661330473
fusion_water_delta,1,37,P008,453,2,5,1|2|3|4|5,0,0,water_delta,0.1,0.001,0.25,0.4765012240881829,0.34016666072455604,0.18333211518726114
fusion_water_delta,1,38,P008,762,4,5,1|2|3|4|5,2,1,water_delta,0.1,0.001,0.25,0.1577425296652946,0.4219003430569368,0.42035712727776847
fusion_water_delta,1,39,P008,893,4,5,1|2|3|4|5,2,2,water_delta,0.1,0.001,0.25,0.12269840247411307,0.32560738552368196,0.5516942120022049
fusion_water_delta,1,50,P011,189,2,5,1|2|3|4|5,0,1,water_delta,0.1,0.001,0.25,0.27853500787751556,0.4043823760096836,0.3170826161128008
fusion_water_delta,1,51,P011,258,1,5,1|2|3|4|5,0,0,water_delta,0.1,0.001,0.25,0.746661704208104,0.14539643151810458,0.10794186427379136
fusion_water_delta,1,52,P011,453,1,5,1|2|3|4|5,0,0,water_delta,0.1,0.001,0.25,0.5309544083948406,0.3126985940128369,0.1563469975923225
fusion_water_delta,1,53,P011,762,2,5,1|2|3|4|5,0,2,water_delta,0.1,0.001,0.25,0.14839967614051672,0.41316478829043046,0.43843553556905296
fusion_water_delta,1,54,P011,893,2,5,1|2|3|4|5,0,2,water_delta,0.1,0.001,0.25,0.12099442174125136,0.2965349466025389,0.5824706316562098
fusion_water_delta,1,90,P020,189,4,5,1|2|3|4|5,2,1,water_delta,0.1,0.001,0.25,0.2608589451599724,0.3977289868471882,0.3414120679928394
fusion_water_delta,1,91,P020,258,1,5,1|2|3|4|5,0,0,water_delta,0.1,0.001,0.25,0.718878903881368,0.15424584715083028,0.1268752489678019
fusion_water_delta,1,92,P020,453,3,5,1|2|3|4|5,1,0,water_delta,0.1,0.001,0.25,0.5290603907170889,0.31587458471848867,0.15506502456442242
fusion_water_delta,1,93,P020,762,4,5,1|2|3|4|5,2,1,water_delta,0.1,0.001,0.25,0.1316827297755805,0.43713656437994663,0.43118070584447293
fusion_water_delta,1,94,P020,893,5,5,1|2|3|4|5,2,2,water_delta,0.1,0.001,0.25,0.10282478842790102,0.30961418673369645,0.5875610248384026
code_only,2,5,P002,189,4,5,1|2|3|4|5,2,1,,0.1,,,0.18936930799805893,0.5253000133007777,0.2853306787011634
code_only,2,6,P002,258,1,5,1|2|3|4|5,0,0,,0.1,,,0.8231828992780201,0.10607482730019452,0.07074227342178539
code_only,2,7,P002,453,2,5,1|2|3|4|5,0,0,,0.1,,,0.5437490546609854,0.3425576218425342,0.11369332349648041
code_only,2,8,P002,762,4,5,1|2|3|4|5,2,1,,0.1,,,0.10346684887408396,0.46768916542727507,0.42884398569864096
code_only,2,9,P002,893,3,5,1|2|3|4|5,1,2,,0.1,,,0.0971852617572798,0.19902478165739912,0.7037899565853211
code_only,2,65,P015,189,3,5,1|2|3|4|5,1,1,,0.1,,,0.18936930799805893,0.5253000133007777,0.2853306787011634
code_only,2,66,P015,258,1,5,1|2|3|4|5,0,0,,0.1,,,0.8231828992780201,0.10607482730019452,0.07074227342178539
code_only,2,67,P015,453,1,5,1|2|3|4|5,0,0,,0.1,,,0.5437490546609854,0.3425576218425342,0.11369332349648041
code_only,2,68,P015,762,4,5,1|2|3|4|5,2,1,,0.1,,,0.10346684887408396,0.46768916542727507,0.42884398569864096
code_only,2,69,P015,893,5,5,1|2|3|4|5,2,2,,0.1,,,0.0971852617572798,0.19902478165739912,0.7037899565853211
code_only,2,70,P016,189,2,5,1|2|3|4|5,0,1,,0.1,,,0.18936930799805893,0.5253000133007777,0.2853306787011634
code_only,2,71,P016,258,1,5,1|2|3|4|5,0,0,,0.1,,,0.8231828992780201,0.10607482730019452,0.07074227342178539
code_only,2,72,P016,453,1,5,1|2|3|4|5,0,0,,0.1,,,0.5437490546609854,0.3425576218425342,0.11369332349648041
code_only,2,73,P016,762,3,5,1|2|3|4|5,1,1,,0.1,,,0.10346684887408396,0.46768916542727507,0.42884398569864096
code_only,2,74,P016,893,3,5,1|2|3|4|5,1,2,,0.1,,,0.0971852617572798,0.19902478165739912,0.7037899565853211
code_only,2,75,P017,189,2,5,1|2|3|4|5,0,1,,0.1,,,0.18936930799805893,0.5253000133007777,0.2853306787011634
code_only,2,76,P017,258,1,5,1|2|3|4|5,0,0,,0.1,,,0.8231828992780201,0.10607482730019452,0.07074227342178539
code_only,2,77,P017,453,1,5,1|2|3|4|5,0,0,,0.1,,,0.5437490546609854,0.3425576218425342,0.11369332349648041
code_only,2,78,P017,762,2,5,1|2|3|4|5,0,1,,0.1,,,0.10346684887408396,0.46768916542727507,0.42884398569864096
code_only,2,79,P017,893,3,5,1|2|3|4|5,1,2,,0.1,,,0.0971852617572798,0.19902478165739912,0.7037899565853211
code_only,2,105,P024,189,3,5,1|2|3|4|5,1,1,,0.1,,,0.18936930799805893,0.5253000133007777,0.2853306787011634
code_only,2,106,P024,258,2,5,1|2|3|4|5,0,0,,0.1,,,0.8231828992780201,0.10607482730019452,0.07074227342178539
code_only,2,107,P024,453,3,5,1|2|3|4|5,1,0,,0.1,,,0.5437490546609854,0.3425576218425342,0.11369332349648041
code_only,2,108,P024,762,3,5,1|2|3|4|5,1,1,,0.1,,,0.10346684887408396,0.46768916542727507,0.42884398569864096
code_only,2,109,P024,893,4,5,1|2|3|4|5,2,2,,0.1,,,0.0971852617572798,0.19902478165739912,0.7037899565853211
code_only,2,135,P030,189,2,5,1|2|3|4|5,0,1,,0.1,,,0.18936930799805893,0.5253000133007777,0.2853306787011634
code_only,2,136,P030,258,3,5,1|2|3|4|5,1,0,,0.1,,,0.8231828992780201,0.10607482730019452,0.07074227342178539
code_only,2,137,P030,453,1,5,1|2|3|4|5,0,0,,0.1,,,0.5437490546609854,0.3425576218425342,0.11369332349648041
code_only,2,138,P030,762,4,5,1|2|3|4|5,2,1,,0.1,,,0.10346684887408396,0.46768916542727507,0.42884398569864096
code_only,2,139,P030,893,4,5,1|2|3|4|5,2,2,,0.1,,,0.0971852617572798,0.19902478165739912,0.7037899565853211
face_raw,2,5,P002,189,4,5,1|2|3|4|5,2,2,raw,,0.001,,0.2734958868249638,0.22087540061586203,0.5056287125591742
face_raw,2,6,P002,258,1,5,1|2|3|4|5,0,2,raw,,0.001,,0.19775164716695687,0.29255996026277425,0.5096883925702689
face_raw,2,7,P002,453,2,5,1|2|3|4|5,0,2,raw,,0.001,,0.2319931914808395,0.2570268733195402,0.5109799351996203
face_raw,2,8,P002,762,4,5,1|2|3|4|5,2,2,raw,,0.001,,0.30056832584299115,0.21719547587016863,0.4822361982868402
face_raw,2,9,P002,893,3,5,1|2|3|4|5,1,2,raw,,0.001,,0.289770773358024,0.2694010058223901,0.4408282208195859
face_raw,2,65,P015,189,3,5,1|2|3|4|5,1,2,raw,,0.001,,0.3607165217399597,0.26439693570137024,0.37488654255867004
face_raw,2,66,P015,258,1,5,1|2|3|4|5,0,0,raw,,0.001,,0.39221214605642235,0.30808459568527913,0.2997032582582985
face_raw,2,67,P015,453,1,5,1|2|3|4|5,0,0,raw,,0.001,,0.3676768024160384,0.282471073718603,0.3498521238653586
face_raw,2,68,P015,762,4,5,1|2|3|4|5,2,0,raw,,0.001,,0.439248131536003,0.2837867354218145,0.2769651330421825
face_raw,2,69,P015,893,5,5,1|2|3|4|5,2,2,raw,,0.001,,0.27784504658445575,0.26985581905079425,0.45229913436474994
face_raw,2,70,P016,189,2,5,1|2|3|4|5,0,0,raw,,0.001,,0.4033147635051467,0.2747785612808801,0.32190667521397326
face_raw,2,71,P016,258,1,5,1|2|3|4|5,0,1,raw,,0.001,,0.34464335441589355,0.35643136501312256,0.2989252805709839
face_raw,2,72,P016,453,1,5,1|2|3|4|5,0,0,raw,,0.001,,0.4263650305975983,0.23079515191302155,0.34283981748938014
face_raw,2,73,P016,762,3,5,1|2|3|4|5,1,0,raw,,0.001,,0.4513908759174012,0.26326919386593084,0.285339930216668
face_raw,2,74,P016,893,3,5,1|2|3|4|5,1,1,raw,,0.001,,0.33866102512660695,0.37412272018559933,0.2872162546877937
face_raw,2,75,P017,189,2,5,1|2|3|4|5,0,0,raw,,0.001,,0.44152807840872277,0.2914607400572741,0.2670111815340031
face_raw,2,76,P017,258,1,5,1|2|3|4|5,0,0,raw,,0.001,,0.3752478845343624,0.2860822890376363,0.3386698264280013
face_raw,2,77,P017,453,1,5,1|2|3|4|5,0,0,raw,,0.001,,0.45189145494154365,0.2832553217854904,0.26485322327296595
face_raw,2,78,P017,762,2,5,1|2|3|4|5,0,0,raw,,0.001,,0.3884888473603473,0.33772258944146066,0.273788563198192
face_raw,2,79,P017,893,3,5,1|2|3|4|5,1,1,raw,,0.001,,0.3119575083255768,0.3472535014152527,0.34078899025917053
face_raw,2,105,P024,189,3,5,1|2|3|4|5,1,0,raw,,0.001,,0.4642823178852295,0.22221273846068199,0.3135049436540885
face_raw,2,106,P024,258,2,5,1|2|3|4|5,0,2,raw,,0.001,,0.3661434243278675,0.2617577534390165,0.37209882223311597
face_raw,2,107,P024,453,3,5,1|2|3|4|5,1,2,raw,,0.001,,0.30846869945526123,0.2517298758029938,0.439801424741745
face_raw,2,108,P024,762,3,5,1|2|3|4|5,1,0,raw,,0.001,,0.36784826921512304,0.2739013894737595,0.3582503413111175
face_raw,2,109,P024,893,4,5,1|2|3|4|5,2,0,raw,,0.001,,0.3894037670252462,0.2559297528308777,0.3546664801438761
face_raw,2,135,P030,189,2,5,1|2|3|4|5,0,2,raw,,0.001,,0.25489285588264465,0.17949172854423523,0.5656154155731201
face_raw,2,136,P030,258,3,5,1|2|3|4|5,1,2,raw,,0.001,,0.30905649065971375,0.3312884271144867,0.35965508222579956
face_raw,2,137,P030,453,1,5,1|2|3|4|5,0,2,raw,,0.001,,0.3264665402909082,0.2929209558046149,0.3806125039044769
face_raw,2,138,P030,762,4,5,1|2|3|4|5,2,2,raw,,0.001,,0.22658729553222656,0.18502330780029297,0.5883893966674805
face_raw,2,139,P030,893,4,5,1|2|3|4|5,2,2,raw,,0.001,,0.3331966499446824,0.2430914414850307,0.4237119085702869
face_trial_delta,2,5,P002,189,4,5,1|2|3|4|5,2,2,trial_delta,,0.001,,0.2733856439590454,0.19516652822494507,0.5314478278160095
face_trial_delta,2,6,P002,258,1,5,1|2|3|4|5,0,2,trial_delta,,0.001,,0.22430229674418434,0.2809052937818187,0.49479240947399694
face_trial_delta,2,7,P002,453,2,5,1|2|3|4|5,0,2,trial_delta,,0.001,,0.2054566798155004,0.22192474207618496,0.5726185781083146
face_trial_delta,2,8,P002,762,4,5,1|2|3|4|5,2,2,trial_delta,,0.001,,0.3103930354118347,0.2203662395477295,0.4692407250404358
face_trial_delta,2,9,P002,893,3,5,1|2|3|4|5,1,2,trial_delta,,0.001,,0.3109583762002475,0.2831509326949438,0.4058906911048087
face_trial_delta,2,65,P015,189,3,5,1|2|3|4|5,1,0,trial_delta,,0.001,,0.37567789103520566,0.28110407107448154,0.3432180378903128
face_trial_delta,2,66,P015,258,1,5,1|2|3|4|5,0,0,trial_delta,,0.001,,0.385843962430954,0.33857545256614685,0.27558058500289917
face_trial_delta,2,67,P015,453,1,5,1|2|3|4|5,0,0,trial_delta,,0.001,,0.3829161112631526,0.28502871736798535,0.33205517136886203
face_trial_delta,2,68,P015,762,4,5,1|2|3|4|5,2,0,trial_delta,,0.001,,0.4313552718546825,0.32135347596684244,0.24729125217847514
face_trial_delta,2,69,P015,893,5,5,1|2|3|4|5,2,2,trial_delta,,0.001,,0.24961403381929054,0.2838059577201275,0.46658000846058195
face_trial_delta,2,70,P016,189,2,5,1|2|3|4|5,0,0,trial_delta,,0.001,,0.426079409537333,0.25237979732812055,0.3215407931345465
face_trial_delta,2,71,P016,258,1,5,1|2|3|4|5,0,2,trial_delta,,0.001,,0.30868715047836304,0.2890717089176178,0.40224114060401917
face_trial_delta,2,72,P016,453,1,5,1|2|3|4|5,0,0,trial_delta,,0.001,,0.4436030255674414,0.2152934606285852,0.34110351380397336
face_trial_delta,2,73,P016,762,3,5,1|2|3|4|5,1,0,trial_delta,,0.001,,0.5183930628773449,0.2224377046125101,0.25916923251014495
face_trial_delta,2,74,P016,893,3,5,1|2|3|4|5,1,0,trial_delta,,0.001,,0.3778981977074801,0.308812657261272,0.3132891450312479
face_trial_delta,2,75,P017,189,2,5,1|2|3|4|5,0,0,trial_delta,,0.001,,0.45712976711078435,0.3083906907613884,0.2344795421278272
face_trial_delta,2,76,P017,258,1,5,1|2|3|4|5,0,2,trial_delta,,0.001,,0.32963297753432325,0.31607852328057656,0.3542884991851002
face_trial_delta,2,77,P017,453,1,5,1|2|3|4|5,0,0,trial_delta,,0.001,,0.4073499617770326,0.3183872902873966,0.2742627479355708
face_trial_delta,2,78,P017,762,2,5,1|2|3|4|5,0,2,trial_delta,,0.001,,0.32541764752321384,0.317530909703103,0.35705144277368317
face_trial_delta,2,79,P017,893,3,5,1|2|3|4|5,1,2,trial_delta,,0.001,,0.27345981378973083,0.3416816490387425,0.3848585371715266
face_trial_delta,2,105,P024,189,3,5,1|2|3|4|5,1,0,trial_delta,,0.001,,0.5188440239084966,0.1823085600825715,0.2988474160089319
face_trial_delta,2,106,P024,258,2,5,1|2|3|4|5,0,0,trial_delta,,0.001,,0.39936702253320744,0.24197842949693116,0.3586545479698614
face_trial_delta,2,107,P024,453,3,5,1|2|3|4|5,1,2,trial_delta,,0.001,,0.33998936921342265,0.2378688043038369,0.42214182648274046
face_trial_delta,2,108,P024,762,3,5,1|2|3|4|5,1,0,trial_delta,,0.001,,0.4304439893232587,0.24966945500166848,0.3198865556750728
face_trial_delta,2,109,P024,893,4,5,1|2|3|4|5,2,0,trial_delta,,0.001,,0.45788117309873577,0.242711152555547,0.2994076743457172
face_trial_delta,2,135,P030,189,2,5,1|2|3|4|5,0,2,trial_delta,,0.001,,0.25987641184969595,0.14503174178444184,0.5950918463658622
face_trial_delta,2,136,P030,258,3,5,1|2|3|4|5,1,1,trial_delta,,0.001,,0.2929047644138336,0.441342294216156,0.2657529413700104
face_trial_delta,2,137,P030,453,1,5,1|2|3|4|5,0,2,trial_delta,,0.001,,0.35421574115753174,0.2569746673107147,0.38880959153175354
face_trial_delta,2,138,P030,762,4,5,1|2|3|4|5,2,2,trial_delta,,0.001,,0.23664783646606913,0.20267402239662474,0.5606781411373061
face_trial_delta,2,139,P030,893,4,5,1|2|3|4|5,2,2,trial_delta,,0.001,,0.3681884706020355,0.2392314374446869,0.3925800919532776
face_water_delta,2,5,P002,189,4,5,1|2|3|4|5,2,1,water_delta,,10.0,,0.005422375789661741,0.9910311989649039,0.003546425245434414
face_water_delta,2,6,P002,258,1,5,1|2|3|4|5,0,2,water_delta,,10.0,,2.5882824574119584e-07,0.05589776432248718,0.9441019768492671
face_water_delta,2,7,P002,453,2,5,1|2|3|4|5,0,1,water_delta,,10.0,,3.5520903532691244e-05,0.8307107614892901,0.16925371760717717
face_water_delta,2,8,P002,762,4,5,1|2|3|4|5,2,2,water_delta,,10.0,,0.00024110533423224356,1.3425561266019143e-06,0.9997575521096411
face_water_delta,2,9,P002,893,3,5,1|2|3|4|5,1,2,water_delta,,10.0,,0.0057107334688284205,0.024672496694803505,0.9696167698363681
face_water_delta,2,65,P015,189,3,5,1|2|3|4|5,1,0,water_delta,,10.0,,0.9978906409994746,3.992207671231703e-05,0.0020694369238131775
face_water_delta,2,66,P015,258,1,5,1|2|3|4|5,0,0,water_delta,,10.0,,0.9999283751225742,3.946814546350539e-05,3.21567319623196e-05
face_water_delta,2,67,P015,453,1,5,1|2|3|4|5,0,0,water_delta,,10.0,,0.6160592017172095,0.3828375747168953,0.0011032235658952265
face_water_delta,2,68,P015,762,4,5,1|2|3|4|5,2,0,water_delta,,10.0,,0.9762140170987625,0.005835956114723134,0.017950026786514327
face_water_delta,2,69,P015,893,5,5,1|2|3|4|5,2,2,water_delta,,10.0,,2.961961171291769e-05,1.3607654804096728e-05,0.9999567727334829
face_water_delta,2,70,P016,189,2,5,1|2|3|4|5,0,2,water_delta,,10.0,,0.31838317949207356,0.0023276705058061405,0.6792891500021203
face_water_delta,2,71,P016,258,1,5,1|2|3|4|5,0,0,water_delta,,10.0,,0.9962901438141896,0.0024952886908504823,0.0012145674949599525
face_water_delta,2,72,P016,453,1,5,1|2|3|4|5,0,0,water_delta,,10.0,,0.79458908625086,5.737472631912766e-05,0.2053535390228209
face_water_delta,2,73,P016,762,3,5,1|2|3|4|5,1,0,water_delta,,10.0,,0.9998890317861776,1.9713329055420073e-09,0.00011096624248947295
face_water_delta,2,74,P016,893,3,5,1|2|3|4|5,1,0,water_delta,,10.0,,0.95149195753624,0.00034171500211309266,0.04816632746164681
face_water_delta,2,75,P017,189,2,5,1|2|3|4|5,0,1,water_delta,,10.0,,0.4198825446352238,0.5781036139119466,0.002013841452829514
face_water_delta,2,76,P017,258,1,5,1|2|3|4|5,0,0,water_delta,,10.0,,0.6286548340954548,0.347740827047783,0.023604338856762243
face_water_delta,2,77,P017,453,1,5,1|2|3|4|5,0,0,water_delta,,10.0,,0.7914599753146638,0.16899968851732663,0.03954033616800957
face_water_delta,2,78,P017,762,2,5,1|2|3|4|5,0,0,water_delta,,10.0,,0.9003170774800181,0.09856960227911622,0.0011133202408657049
face_water_delta,2,79,P017,893,3,5,1|2|3|4|5,1,1,water_delta,,10.0,,9.909550355563079e-05,0.9392005320184941,0.06070037247795028
face_water_delta,2,105,P024,189,3,5,1|2|3|4|5,1,0,water_delta,,10.0,,0.9988458092631167,0.00030295370185486346,0.0008512370350283994
face_water_delta,2,106,P024,258,2,5,1|2|3|4|5,0,0,water_delta,,10.0,,0.9413747602667285,4.800511151714228e-05,0.0585772346217543
face_water_delta,2,107,P024,453,3,5,1|2|3|4|5,1,2,water_delta,,10.0,,0.015585420505607026,2.1409401394560057e-05,0.9843931700929984
face_water_delta,2,108,P024,762,3,5,1|2|3|4|5,1,1,water_delta,,10.0,,0.07856554329477439,0.9176618809314784,0.0037725757737472566
face_water_delta,2,109,P024,893,4,5,1|2|3|4|5,2,0,water_delta,,10.0,,0.9091365180732444,0.005490938572602008,0.08537254335415359
face_water_delta,2,135,P030,189,2,5,1|2|3|4|5,0,2,water_delta,,10.0,,1.4754669497776094e-05,0.004076705018631818,0.9959085403118704
face_water_delta,2,136,P030,258,3,5,1|2|3|4|5,1,2,water_delta,,10.0,,2.4752455106605364e-06,0.00016040282052350063,0.9998371219339658
face_water_delta,2,137,P030,453,1,5,1|2|3|4|5,0,1,water_delta,,10.0,,1.5999190185179023e-07,0.7161477342931093,0.28385210571498887
face_water_delta,2,138,P030,762,4,5,1|2|3|4|5,2,2,water_delta,,10.0,,7.708128794360717e-13,5.92958434389623e-09,0.9999999940696449
face_water_delta,2,139,P030,893,4,5,1|2|3|4|5,2,2,water_delta,,10.0,,2.290816971599782e-06,0.07583160389462816,0.9241661052884003
fusion_raw,2,5,P002,189,4,5,1|2|3|4|5,2,1,raw,1.0,0.001,0.1,0.17479648495098743,0.5166994926966861,0.3085040223523265
fusion_raw,2,6,P002,258,1,5,1|2|3|4|5,0,0,raw,1.0,0.001,0.1,0.9002183181074089,0.07781988331603346,0.021961798576557584
fusion_raw,2,7,P002,453,2,5,1|2|3|4|5,0,0,raw,1.0,0.001,0.1,0.5656150977849042,0.35607412999947713,0.0783107722156187
fusion_raw,2,8,P002,762,4,5,1|2|3|4|5,2,2,raw,1.0,0.001,0.1,0.060037004792679226,0.4666716220201883,0.47329137318713244
fusion_raw,2,9,P002,893,3,5,1|2|3|4|5,1,2,raw,1.0,0.001,0.1,0.058144735708422,0.1931880635136624,0.7486672007779156
fusion_raw,2,65,P015,189,3,5,1|2|3|4|5,1,1,raw,1.0,0.001,0.1,0.17877469792312997,0.5233603006083606,0.29786500146850947
fusion_raw,2,66,P015,258,1,5,1|2|3|4|5,0,0,raw,1.0,0.001,0.1,0.9068273995544214,0.07358220191132572,0.019590398534252953
fusion_raw,2,67,P015,453,1,5,1|2|3|4|5,0,0,raw,1.0,0.001,0.1,0.5766314336405648,0.3499598222726406,0.07340874408679463
fusion_raw,2,68,P015,762,4,5,1|2|3|4|5,2,1,raw,1.0,0.001,0.1,0.06302414664512546,0.4844364464937324,0.45253940686114213
fusion_raw,2,69,P015,893,5,5,1|2|3|4|5,2,2,raw,1.0,0.001,0.1,0.05780178906901267,0.1928899581226637,0.7493082528083237
fusion_raw,2,70,P016,189,2,5,1|2|3|4|5,0,1,raw,1.0,0.001,0.1,0.18086783385468863,0.525630908449194,0.29350125769611746
fusion_raw,2,71,P016,258,1,5,1|2|3|4|5,0,0,raw,1.0,0.001,0.1,0.9047448385097739,0.07546054998230758,0.01979461150791837
fusion_raw,2,72,P016,453,1,5,1|2|3|4|5,0,0,raw,1.0,0.001,0.1,0.5843843254259765,0.3424618260478913,0.07315384852613209
fusion_raw,2,73,P016,762,3,5,1|2|3|4|5,1,1,raw,1.0,0.001,0.1,0.06332921460117129,0.4818262398256541,0.45484454557317455
fusion_raw,2,74,P016,893,3,5,1|2|3|4|5,1,2,raw,1.0,0.001,0.1,0.06051274152090837,0.2045536063187149,0.7349336521603769
fusion_raw,2,75,P017,189,2,5,1|2|3|4|5,0,1,raw,1.0,0.001,0.1,0.1826376147363679,0.5291003944019134,0.28826199086171883
fusion_raw,2,76,P017,258,1,5,1|2|3|4|5,0,0,raw,1.0,0.001,0.1,0.9067283107053368,0.07335465845102981,0.01991703084363337
fusion_raw,2,77,P017,453,1,5,1|2|3|4|5,0,0,raw,1.0,0.001,0.1,0.5827626146565634,0.34655740030945703,0.07067998503397958
fusion_raw,2,78,P017,762,2,5,1|2|3|4|5,0,1,raw,1.0,0.001,0.1,0.061809167833236936,0.48940981057377736,0.4487810215929858
fusion_raw,2,79,P017,893,3,5,1|2|3|4|5,1,2,raw,1.0,0.001,0.1,0.05938451030893387,0.20089250017660584,0.7397229895144601
fusion_raw,2,105,P024,189,3,5,1|2|3|4|5,1,1,raw,1.0,0.001,0.1,0.1851453674631479,0.5193943437527319,0.29546028878412023
fusion_raw,2,106,P024,258,2,5,1|2|3|4|5,0,0,raw,1.0,0.001,0.1,0.9069390200384471,0.07290145065682914,0.020159529304723915
fusion_raw,2,107,P024,453,3,5,1|2|3|4|5,1,0,raw,1.0,0.001,0.1,0.5736779293333395,0.3502753751533236,0.07604669551333693
fusion_raw,2,108,P024,762,3,5,1|2|3|4|5,1,1,raw,1.0,0.001,0.1,0.06136529434366961,0.4784284445888902,0.46020626106744006
fusion_raw,2,109,P024,893,4,5,1|2|3|4|5,2,2,raw,1.0,0.001,0.1,0.060822367018357165,0.19519595134429235,0.7439816816373506
fusion_raw,2,135,P030,189,2,5,1|2|3|4|5,0,1,raw,1.0,0.001,0.1,0.17503247043416478,0.5103557183585653,0.31461181120726994
fusion_raw,2,136,P030,258,3,5,1|2|3|4|5,1,0,raw,1.0,0.001,0.1,0.9039661958630323,0.07566626224538114,0.020367541891586478
fusion_raw,2,137,P030,453,1,5,1|2|3|4|5,0,0,raw,1.0,0.001,0.1,0.5726342167620749,0.3529698176606301,0.07439596557729483
fusion_raw,2,138,P030,762,4,5,1|2|3|4|5,2,2,raw,1.0,0.001,0.1,0.05834014651303055,0.459058700355844,0.48260115313112534
fusion_raw,2,139,P030,893,4,5,1|2|3|4|5,2,2,raw,1.0,0.001,0.1,0.059206097605183555,0.19200333230852193,0.7487905700862946
fusion_trial_delta,2,5,P002,189,4,5,1|2|3|4|5,2,1,trial_delta,1.0,0.001,0.1,0.17563623619305452,0.5128174207094068,0.3115463430975386
fusion_trial_delta,2,6,P002,258,1,5,1|2|3|4|5,0,0,trial_delta,1.0,0.001,0.1,0.9016837177909552,0.0766584615563548,0.02165782065269001
fusion_trial_delta,2,7,P002,453,2,5,1|2|3|4|5,0,0,trial_delta,1.0,0.001,0.1,0.5650710448138793,0.35483030027069895,0.0800986549154217
fusion_trial_delta,2,8,P002,762,4,5,1|2|3|4|5,2,2,trial_delta,1.0,0.001,0.1,0.06025578304376499,0.46754526462194784,0.47219895233428727
fusion_trial_delta,2,9,P002,893,3,5,1|2|3|4|5,1,2,trial_delta,1.0,0.001,0.1,0.058837785111758766,0.19508474691995503,0.7460774679682862
fusion_trial_delta,2,65,P015,189,3,5,1|2|3|4|5,1,1,trial_delta,1.0,0.001,0.1,0.1792647640661414,0.5258789277355038,0.2948563081983547
fusion_trial_delta,2,66,P015,258,1,5,1|2|3|4|5,0,0,trial_delta,1.0,0.001,0.1,0.9062043638693097,0.07435047998673547,0.01944515614395473
fusion_trial_delta,2,67,P015,453,1,5,1|2|3|4|5,0,0,trial_delta,1.0,0.001,0.1,0.5776609917674564,0.34947864118643723,0.07286036704610618
fusion_trial_delta,2,68,P015,762,4,5,1|2|3|4|5,2,1,trial_delta,1.0,0.001,0.1,0.06285676890709668,0.4900816715994902,0.447061559493413
fusion_trial_delta,2,69,P015,893,5,5,1|2|3|4|5,2,2,trial_delta,1.0,0.001,0.1,0.057032256868163725,0.19334423796027161,0.7496235051715647
fusion_trial_delta,2,70,P016,189,2,5,1|2|3|4|5,0,1,trial_delta,1.0,0.001,0.1,0.1825002510664409,0.5230046561965248,0.2944950927370342
fusion_trial_delta,2,71,P016,258,1,5,1|2|3|4|5,0,0,trial_delta,1.0,0.001,0.1,0.9046753243805152,0.07470930565125032,0.020615369968234435
fusion_trial_delta,2,72,P016,453,1,5,1|2|3|4|5,0,0,trial_delta,1.0,0.001,0.1,0.5867574234287904,0.34011933853297144,0.0731232380382381
fusion_trial_delta,2,73,P016,762,3,5,1|2|3|4|5,1,1,trial_delta,1.0,0.001,0.1,0.06496040337342743,0.47929759987128007,0.45574199675529253
fusion_trial_delta,2,74,P016,893,3,5,1|2|3|4|5,1,2,trial_delta,1.0,0.001,0.1,0.060984987224930544,0.20002781429960495,0.7389871984754645
fusion_trial_delta,2,75,P017,189,2,5,1|2|3|4|5,0,1,trial_delta,1.0,0.001,0.1,0.18328938931563174,0.5321440186891065,0.2845665919952616
fusion_trial_delta,2,76,P017,258,1,5,1|2|3|4|5,0,0,trial_delta,1.0,0.001,0.1,0.9048709865375031,0.07490250603632102,0.020226507426175887
fusion_trial_delta,2,77,P017,453,1,5,1|2|3|4|5,0,0,trial_delta,1.0,0.001,0.1,0.5777247489049125,0.35122779387992126,0.07104745721516617
fusion_trial_delta,2,78,P017,762,2,5,1|2|3|4|5,0,1,trial_delta,1.0,0.001,0.1,0.06024293644367004,0.48254991358211546,0.4572071499742144
fusion_trial_delta,2,79,P017,893,3,5,1|2|3|4|5,1,2,trial_delta,1.0,0.001,0.1,0.05814526708451812,0.19898603984431787,0.7428686930711641
fusion_trial_delta,2,105,P024,189,3,5,1|2|3|4|5,1,1,trial_delta,1.0,0.001,0.1,0.1890138337090966,0.5141102943754948,0.29687587191540843
fusion_trial_delta,2,106,P024,258,2,5,1|2|3|4|5,0,0,trial_delta,1.0,0.001,0.1,0.9082503632145995,0.07180906583303437,0.01994057095236622
fusion_trial_delta,2,107,P024,453,3,5,1|2|3|4|5,1,0,trial_delta,1.0,0.001,0.1,0.5773701267112972,0.3471447677347931,0.07548510555390966
fusion_trial_delta,2,108,P024,762,3,5,1|2|3|4|5,1,1,trial_delta,1.0,0.001,0.1,0.06287941964378763,0.4781399370826411,0.4589806432735713
fusion_trial_delta,2,109,P024,893,4,5,1|2|3|4|5,2,2,trial_delta,1.0,0.001,0.1,0.06260029816749586,0.19662807227479676,0.7407716295577074
fusion_trial_delta,2,135,P030,189,2,5,1|2|3|4|5,0,1,trial_delta,1.0,0.001,0.1,0.17693276539993663,0.504038337685479,0.3190288969145844
fusion_trial_delta,2,136,P030,258,3,5,1|2|3|4|5,1,0,trial_delta,1.0,0.001,0.1,0.9020536891546946,0.07812149571344866,0.019824815131856806
fusion_trial_delta,2,137,P030,453,1,5,1|2|3|4|5,0,0,trial_delta,1.0,0.001,0.1,0.5771758145369914,0.3482887680137416,0.0745354174492669
fusion_trial_delta,2,138,P030,762,4,5,1|2|3|4|5,2,2,trial_delta,1.0,0.001,0.1,0.05846940734968234,0.4622744233551322,0.47925616929518533
fusion_trial_delta,2,139,P030,893,4,5,1|2|3|4|5,2,2,trial_delta,1.0,0.001,0.1,0.06012530449122911,0.19273807644974184,0.7471366190590291
fusion_water_delta,2,5,P002,189,4,5,1|2|3|4|5,2,1,water_delta,0.1,0.001,0.0,0.18936930799805896,0.5253000133007777,0.2853306787011634
fusion_water_delta,2,6,P002,258,1,5,1|2|3|4|5,0,0,water_delta,0.1,0.001,0.0,0.8231828992780202,0.10607482730019452,0.07074227342178539
fusion_water_delta,2,7,P002,453,2,5,1|2|3|4|5,0,0,water_delta,0.1,0.001,0.0,0.5437490546609854,0.34255762184253413,0.1136933234964804
fusion_water_delta,2,8,P002,762,4,5,1|2|3|4|5,2,1,water_delta,0.1,0.001,0.0,0.10346684887408394,0.46768916542727507,0.4288439856986409
fusion_water_delta,2,9,P002,893,3,5,1|2|3|4|5,1,2,water_delta,0.1,0.001,0.0,0.0971852617572798,0.1990247816573991,0.7037899565853211
fusion_water_delta,2,65,P015,189,3,5,1|2|3|4|5,1,1,water_delta,0.1,0.001,0.0,0.18936930799805896,0.5253000133007777,0.2853306787011634
fusion_water_delta,2,66,P015,258,1,5,1|2|3|4|5,0,0,water_delta,0.1,0.001,0.0,0.8231828992780202,0.10607482730019452,0.07074227342178539
fusion_water_delta,2,67,P015,453,1,5,1|2|3|4|5,0,0,water_delta,0.1,0.001,0.0,0.5437490546609854,0.34255762184253413,0.1136933234964804
fusion_water_delta,2,68,P015,762,4,5,1|2|3|4|5,2,1,water_delta,0.1,0.001,0.0,0.10346684887408394,0.46768916542727507,0.4288439856986409
fusion_water_delta,2,69,P015,893,5,5,1|2|3|4|5,2,2,water_delta,0.1,0.001,0.0,0.0971852617572798,0.1990247816573991,0.7037899565853211
fusion_water_delta,2,70,P016,189,2,5,1|2|3|4|5,0,1,water_delta,0.1,0.001,0.0,0.18936930799805896,0.5253000133007777,0.2853306787011634
fusion_water_delta,2,71,P016,258,1,5,1|2|3|4|5,0,0,water_delta,0.1,0.001,0.0,0.8231828992780202,0.10607482730019452,0.07074227342178539
fusion_water_delta,2,72,P016,453,1,5,1|2|3|4|5,0,0,water_delta,0.1,0.001,0.0,0.5437490546609854,0.34255762184253413,0.1136933234964804
fusion_water_delta,2,73,P016,762,3,5,1|2|3|4|5,1,1,water_delta,0.1,0.001,0.0,0.10346684887408394,0.46768916542727507,0.4288439856986409
fusion_water_delta,2,74,P016,893,3,5,1|2|3|4|5,1,2,water_delta,0.1,0.001,0.0,0.0971852617572798,0.1990247816573991,0.7037899565853211
fusion_water_delta,2,75,P017,189,2,5,1|2|3|4|5,0,1,water_delta,0.1,0.001,0.0,0.18936930799805896,0.5253000133007777,0.2853306787011634
fusion_water_delta,2,76,P017,258,1,5,1|2|3|4|5,0,0,water_delta,0.1,0.001,0.0,0.8231828992780202,0.10607482730019452,0.07074227342178539
fusion_water_delta,2,77,P017,453,1,5,1|2|3|4|5,0,0,water_delta,0.1,0.001,0.0,0.5437490546609854,0.34255762184253413,0.1136933234964804
fusion_water_delta,2,78,P017,762,2,5,1|2|3|4|5,0,1,water_delta,0.1,0.001,0.0,0.10346684887408394,0.46768916542727507,0.4288439856986409
fusion_water_delta,2,79,P017,893,3,5,1|2|3|4|5,1,2,water_delta,0.1,0.001,0.0,0.0971852617572798,0.1990247816573991,0.7037899565853211
fusion_water_delta,2,105,P024,189,3,5,1|2|3|4|5,1,1,water_delta,0.1,0.001,0.0,0.18936930799805896,0.5253000133007777,0.2853306787011634
fusion_water_delta,2,106,P024,258,2,5,1|2|3|4|5,0,0,water_delta,0.1,0.001,0.0,0.8231828992780202,0.10607482730019452,0.07074227342178539
fusion_water_delta,2,107,P024,453,3,5,1|2|3|4|5,1,0,water_delta,0.1,0.001,0.0,0.5437490546609854,0.34255762184253413,0.1136933234964804
fusion_water_delta,2,108,P024,762,3,5,1|2|3|4|5,1,1,water_delta,0.1,0.001,0.0,0.10346684887408394,0.46768916542727507,0.4288439856986409
fusion_water_delta,2,109,P024,893,4,5,1|2|3|4|5,2,2,water_delta,0.1,0.001,0.0,0.0971852617572798,0.1990247816573991,0.7037899565853211
fusion_water_delta,2,135,P030,189,2,5,1|2|3|4|5,0,1,water_delta,0.1,0.001,0.0,0.18936930799805896,0.5253000133007777,0.2853306787011634
fusion_water_delta,2,136,P030,258,3,5,1|2|3|4|5,1,0,water_delta,0.1,0.001,0.0,0.8231828992780202,0.10607482730019452,0.07074227342178539
fusion_water_delta,2,137,P030,453,1,5,1|2|3|4|5,0,0,water_delta,0.1,0.001,0.0,0.5437490546609854,0.34255762184253413,0.1136933234964804
fusion_water_delta,2,138,P030,762,4,5,1|2|3|4|5,2,1,water_delta,0.1,0.001,0.0,0.10346684887408394,0.46768916542727507,0.4288439856986409
fusion_water_delta,2,139,P030,893,4,5,1|2|3|4|5,2,2,water_delta,0.1,0.001,0.0,0.0971852617572798,0.1990247816573991,0.7037899565853211
code_only,3,15,P004,189,2,5,1|2|3|4|5,0,1,,1.0,,,0.23066903307037007,0.46660100718437125,0.3027299597452587
code_only,3,16,P004,258,1,5,1|2|3|4|5,0,0,,1.0,,,0.873995648527287,0.11267901065079831,0.013325340821914772
code_only,3,17,P004,453,2,5,1|2|3|4|5,0,0,,1.0,,,0.5775961823176727,0.4079647149931977,0.014439102689129646
code_only,3,18,P004,762,3,5,1|2|3|4|5,1,2,,1.0,,,0.08024704902443852,0.39706952880808977,0.5226834221674718
code_only,3,19,P004,893,4,5,1|2|3|4|5,2,2,,1.0,,,0.045448553663651525,0.2594929087812623,0.6950585375550862
code_only,3,30,P007,189,5,5,1|2|3|4|5,2,1,,1.0,,,0.23066903307037007,0.46660100718437125,0.3027299597452587
code_only,3,31,P007,258,1,5,1|2|3|4|5,0,0,,1.0,,,0.873995648527287,0.11267901065079831,0.013325340821914772
code_only,3,32,P007,453,4,5,1|2|3|4|5,2,0,,1.0,,,0.5775961823176727,0.4079647149931977,0.014439102689129646
code_only,3,33,P007,762,4,5,1|2|3|4|5,2,2,,1.0,,,0.08024704902443852,0.39706952880808977,0.5226834221674718
code_only,3,34,P007,893,5,5,1|2|3|4|5,2,2,,1.0,,,0.045448553663651525,0.2594929087812623,0.6950585375550862
code_only,3,60,P014,189,3,5,1|2|3|4|5,1,1,,1.0,,,0.23066903307037007,0.46660100718437125,0.3027299597452587
code_only,3,61,P014,258,1,5,1|2|3|4|5,0,0,,1.0,,,0.873995648527287,0.11267901065079831,0.013325340821914772
code_only,3,62,P014,453,2,5,1|2|3|4|5,0,0,,1.0,,,0.5775961823176727,0.4079647149931977,0.014439102689129646
code_only,3,63,P014,762,3,5,1|2|3|4|5,1,2,,1.0,,,0.08024704902443852,0.39706952880808977,0.5226834221674718
code_only,3,64,P014,893,4,5,1|2|3|4|5,2,2,,1.0,,,0.045448553663651525,0.2594929087812623,0.6950585375550862
code_only,3,100,P023,189,3,5,1|2|3|4|5,1,1,,1.0,,,0.23066903307037007,0.46660100718437125,0.3027299597452587
code_only,3,101,P023,258,1,5,1|2|3|4|5,0,0,,1.0,,,0.873995648527287,0.11267901065079831,0.013325340821914772
code_only,3,102,P023,453,1,5,1|2|3|4|5,0,0,,1.0,,,0.5775961823176727,0.4079647149931977,0.014439102689129646
code_only,3,103,P023,762,3,5,1|2|3|4|5,1,2,,1.0,,,0.08024704902443852,0.39706952880808977,0.5226834221674718
code_only,3,104,P023,893,4,5,1|2|3|4|5,2,2,,1.0,,,0.045448553663651525,0.2594929087812623,0.6950585375550862
code_only,3,115,P026,189,3,5,1|2|3|4|5,1,1,,1.0,,,0.23066903307037007,0.46660100718437125,0.3027299597452587
code_only,3,116,P026,258,1,5,1|2|3|4|5,0,0,,1.0,,,0.873995648527287,0.11267901065079831,0.013325340821914772
code_only,3,117,P026,453,1,5,1|2|3|4|5,0,0,,1.0,,,0.5775961823176727,0.4079647149931977,0.014439102689129646
code_only,3,118,P026,762,4,5,1|2|3|4|5,2,2,,1.0,,,0.08024704902443852,0.39706952880808977,0.5226834221674718
code_only,3,119,P026,893,5,5,1|2|3|4|5,2,2,,1.0,,,0.045448553663651525,0.2594929087812623,0.6950585375550862
code_only,3,120,P027,189,3,5,1|2|3|4|5,1,1,,1.0,,,0.23066903307037007,0.46660100718437125,0.3027299597452587
code_only,3,121,P027,258,1,5,1|2|3|4|5,0,0,,1.0,,,0.873995648527287,0.11267901065079831,0.013325340821914772
code_only,3,122,P027,453,1,5,1|2|3|4|5,0,0,,1.0,,,0.5775961823176727,0.4079647149931977,0.014439102689129646
code_only,3,123,P027,762,3,5,1|2|3|4|5,1,2,,1.0,,,0.08024704902443852,0.39706952880808977,0.5226834221674718
code_only,3,124,P027,893,3,5,1|2|3|4|5,1,2,,1.0,,,0.045448553663651525,0.2594929087812623,0.6950585375550862
face_raw,3,15,P004,189,2,5,1|2|3|4|5,0,2,raw,,10.0,,0.02641655344271456,0.004859782337236883,0.9687236642200485
face_raw,3,16,P004,258,1,5,1|2|3|4|5,0,2,raw,,10.0,,0.0013691236344445827,0.018598333741611583,0.9800325426239438
face_raw,3,17,P004,453,2,5,1|2|3|4|5,0,0,raw,,10.0,,0.9883833764082328,1.3635778813087178e-05,0.011602987812954064
face_raw,3,18,P004,762,3,5,1|2|3|4|5,1,2,raw,,10.0,,0.0282949159823007,0.001520377967915784,0.9701847060497835
face_raw,3,19,P004,893,4,5,1|2|3|4|5,2,2,raw,,10.0,,4.570879082560662e-07,1.7175787947257776e-08,0.9999995257363038
face_raw,3,30,P007,189,5,5,1|2|3|4|5,2,1,raw,,10.0,,0.22489229263537178,0.768203392032597,0.006904315332031163
face_raw,3,31,P007,258,1,5,1|2|3|4|5,0,1,raw,,10.0,,0.131151145110103,0.8676208223454429,0.0012280325444540582
face_raw,3,32,P007,453,4,5,1|2|3|4|5,2,1,raw,,10.0,,0.002533302865453137,0.9973885103055972,7.818682894968382e-05
face_raw,3,33,P007,762,4,5,1|2|3|4|5,2,0,raw,,10.0,,0.7496691029739893,0.25032655338329013,4.343642720536955e-06
face_raw,3,34,P007,893,5,5,1|2|3|4|5,2,1,raw,,10.0,,0.048510472366963216,0.9514616694830738,2.7858149962974845e-05
face_raw,3,60,P014,189,3,5,1|2|3|4|5,1,0,raw,,10.0,,0.9898973315227276,9.630851294072286e-11,0.010102668380963808
face_raw,3,61,P014,258,1,5,1|2|3|4|5,0,0,raw,,10.0,,0.9714710335829465,0.0006317771959139726,0.02789718922113953
face_raw,3,62,P014,453,2,5,1|2|3|4|5,0,0,raw,,10.0,,0.8366470501311379,1.0152780149587492e-08,0.1633529397160819
face_raw,3,63,P014,762,3,5,1|2|3|4|5,1,2,raw,,10.0,,0.0007255836495313244,0.00017904208204163295,0.9990953742684271
face_raw,3,64,P014,893,4,5,1|2|3|4|5,2,0,raw,,10.0,,0.7742546591558255,2.5865120957073656e-05,0.2257194757232175
face_raw,3,100,P023,189,3,5,1|2|3|4|5,1,1,raw,,10.0,,0.024337589000082253,0.9696129411420231,0.0060494698578945905
face_raw,3,101,P023,258,1,5,1|2|3|4|5,0,1,raw,,10.0,,0.015791267784797083,0.9840103214649797,0.0001984107502232284
face_raw,3,102,P023,453,1,5,1|2|3|4|5,0,1,raw,,10.0,,0.00015521640561286994,0.9998042405792664,4.054301512067098e-05
face_raw,3,103,P023,762,3,5,1|2|3|4|5,1,2,raw,,10.0,,0.045833211733648266,0.006430756348600658,0.947736031917751
face_raw,3,104,P023,893,4,5,1|2|3|4|5,2,2,raw,,10.0,,0.05582608759079292,0.02049013265390196,0.9236837797553051
face_raw,3,115,P026,189,3,5,1|2|3|4|5,1,0,raw,,10.0,,0.9669638822053218,0.03268146870491032,0.0003546490897678439
face_raw,3,116,P026,258,1,5,1|2|3|4|5,0,2,raw,,10.0,,0.0026053957383062342,0.0006681669911947922,0.9967264372704989
face_raw,3,117,P026,453,1,5,1|2|3|4|5,0,1,raw,,10.0,,0.0006800283654834513,0.7341127622104112,0.2652072094241053
face_raw,3,118,P026,762,4,5,1|2|3|4|5,2,0,raw,,10.0,,0.9880401237575035,6.167868834423413e-10,0.011959875625709717
face_raw,3,119,P026,893,5,5,1|2|3|4|5,2,0,raw,,10.0,,0.5263756952769847,0.0017308890303704431,0.47189341569264487
face_raw,3,120,P027,189,3,5,1|2|3|4|5,1,0,raw,,10.0,,0.904810603605404,0.09518567550446638,3.7208901296120684e-06
face_raw,3,121,P027,258,1,5,1|2|3|4|5,0,0,raw,,10.0,,0.9957976851658712,0.004146492290512304,5.5822543616476455e-05
face_raw,3,122,P027,453,1,5,1|2|3|4|5,0,0,raw,,10.0,,0.9937282565794517,0.006271491144629661,2.5227591863201686e-07
face_raw,3,123,P027,762,3,5,1|2|3|4|5,1,0,raw,,10.0,,0.5729614256835267,0.4270190120139401,1.9562302533184102e-05
face_raw,3,124,P027,893,3,5,1|2|3|4|5,1,0,raw,,10.0,,0.9999584167404576,4.1467738763096915e-05,1.1552077934523396e-07
face_trial_delta,3,15,P004,189,2,5,1|2|3|4|5,0,2,trial_delta,,0.01,,0.3343291382291656,0.2650349219153798,0.40063593985545454
face_trial_delta,3,16,P004,258,1,5,1|2|3|4|5,0,2,trial_delta,,0.01,,0.265023797750473,0.2872335910797119,0.44774261116981506
face_trial_delta,3,17,P004,453,2,5,1|2|3|4|5,0,0,trial_delta,,0.01,,0.7197110277565033,0.10934254701884218,0.17094642522465456
face_trial_delta,3,18,P004,762,3,5,1|2|3|4|5,1,2,trial_delta,,0.01,,0.16401053476302221,0.18026436328100076,0.655725101955977
face_trial_delta,3,19,P004,893,4,5,1|2|3|4|5,2,2,trial_delta,,0.01,,0.05019701161518009,0.05135262652835537,0.8984503618564645
face_trial_delta,3,30,P007,189,5,5,1|2|3|4|5,2,0,trial_delta,,0.01,,0.6588743525408015,0.20052226485378338,0.14060338260541505
face_trial_delta,3,31,P007,258,1,5,1|2|3|4|5,0,0,trial_delta,,0.01,,0.6019418553530648,0.30029089824882366,0.09776724639811162
face_trial_delta,3,32,P007,453,4,5,1|2|3|4|5,2,0,trial_delta,,0.01,,0.6606149126635112,0.23272735053842775,0.10665773679806095
face_trial_delta,3,33,P007,762,4,5,1|2|3|4|5,2,0,trial_delta,,0.01,,0.7192663275867549,0.16563110793968028,0.11510256447356483
face_trial_delta,3,34,P007,893,5,5,1|2|3|4|5,2,0,trial_delta,,0.01,,0.7496723420966812,0.18276230718549627,0.06756535071782245
face_trial_delta,3,60,P014,189,3,5,1|2|3|4|5,1,0,trial_delta,,0.01,,0.7499449071487714,0.029157855773247546,0.2208972370779811
face_trial_delta,3,61,P014,258,1,5,1|2|3|4|5,0,0,trial_delta,,0.01,,0.4473412766260289,0.28650830049837533,0.26615042287559576
face_trial_delta,3,62,P014,453,2,5,1|2|3|4|5,0,0,trial_delta,,0.01,,0.4762676273107958,0.058292048795165814,0.4654403238940384
face_trial_delta,3,63,P014,762,3,5,1|2|3|4|5,1,2,trial_delta,,0.01,,0.11967313945536956,0.3468412731078172,0.5334855874368132
face_trial_delta,3,64,P014,893,4,5,1|2|3|4|5,2,2,trial_delta,,0.01,,0.27315616200631615,0.17775441441305853,0.5490894235806253
face_trial_delta,3,100,P023,189,3,5,1|2|3|4|5,1,0,trial_delta,,0.01,,0.45491146772572205,0.2787641453006354,0.2663243869736425
face_trial_delta,3,101,P023,258,1,5,1|2|3|4|5,0,0,trial_delta,,0.01,,0.4105269198355192,0.34743793371787374,0.2420351464466071
face_trial_delta,3,102,P023,453,1,5,1|2|3|4|5,0,0,trial_delta,,0.01,,0.3546471086354787,0.35013202726054027,0.295220864103981
face_trial_delta,3,103,P023,762,3,5,1|2|3|4|5,1,2,trial_delta,,0.01,,0.22486962228236332,0.10046154859432868,0.6746688291233081
face_trial_delta,3,104,P023,893,4,5,1|2|3|4|5,2,2,trial_delta,,0.01,,0.29018678396383574,0.1649210999929577,0.5448921160432065
face_trial_delta,3,115,P026,189,3,5,1|2|3|4|5,1,1,trial_delta,,0.01,,0.35809751499280423,0.5126852698734563,0.12921721513373943
face_trial_delta,3,116,P026,258,1,5,1|2|3|4|5,0,2,trial_delta,,0.01,,0.2017704188296074,0.2303821673875401,0.5678474137828525
face_trial_delta,3,117,P026,453,1,5,1|2|3|4|5,0,1,trial_delta,,0.01,,0.04215662601020142,0.6584094240338664,0.29943394995593225
face_trial_delta,3,118,P026,762,4,5,1|2|3|4|5,2,0,trial_delta,,0.01,,0.7666111306575032,0.053185856286601794,0.18020301305589506
face_trial_delta,3,119,P026,893,5,5,1|2|3|4|5,2,0,trial_delta,,0.01,,0.5346911549568176,0.2553093433380127,0.20999950170516968
face_trial_delta,3,120,P027,189,3,5,1|2|3|4|5,1,1,trial_delta,,0.01,,0.44190326909222244,0.5297234723494655,0.028373258558312076
face_trial_delta,3,121,P027,258,1,5,1|2|3|4|5,0,0,trial_delta,,0.01,,0.5467166263854755,0.36347967115432267,0.0898037024602018
face_trial_delta,3,122,P027,453,1,5,1|2|3|4|5,0,0,trial_delta,,0.01,,0.6144469449048521,0.36999127682288674,0.015561778272261228
face_trial_delta,3,123,P027,762,3,5,1|2|3|4|5,1,1,trial_delta,,0.01,,0.27983885742874015,0.6910939152250634,0.029067227346196517
face_trial_delta,3,124,P027,893,3,5,1|2|3|4|5,1,0,trial_delta,,0.01,,0.6975971091686737,0.28805563792767686,0.014347252903649445
face_water_delta,3,15,P004,189,2,5,1|2|3|4|5,0,2,water_delta,,0.001,,0.3093837797641754,0.25409409403800964,0.43652212619781494
face_water_delta,3,16,P004,258,1,5,1|2|3|4|5,0,2,water_delta,,0.001,,0.26592127281192757,0.2899946358798336,0.44408409130823884
face_water_delta,3,17,P004,453,2,5,1|2|3|4|5,0,2,water_delta,,0.001,,0.35574071539221064,0.23114519622489224,0.41311408838289715
face_water_delta,3,18,P004,762,3,5,1|2|3|4|5,1,2,water_delta,,0.001,,0.25387254735637527,0.17507405839970794,0.5710533942439168
face_water_delta,3,19,P004,893,4,5,1|2|3|4|5,2,2,water_delta,,0.001,,0.20147932176230315,0.15922186253135986,0.639298815706337
face_water_delta,3,30,P007,189,5,5,1|2|3|4|5,2,1,water_delta,,0.001,,0.28904138272754054,0.43372920550529925,0.2772294117671602
face_water_delta,3,31,P007,258,1,5,1|2|3|4|5,0,1,water_delta,,0.001,,0.36159517283454023,0.38302575400394934,0.25537907316151043
face_water_delta,3,32,P007,453,4,5,1|2|3|4|5,2,1,water_delta,,0.001,,0.36361705173203196,0.3889859500829592,0.24739699818500882
face_water_delta,3,33,P007,762,4,5,1|2|3|4|5,2,0,water_delta,,0.001,,0.40279570242730545,0.36045399013563917,0.23675030743705536
face_water_delta,3,34,P007,893,5,5,1|2|3|4|5,2,0,water_delta,,0.001,,0.4553603299760868,0.3391255488861434,0.20551412113776985
face_water_delta,3,60,P014,189,3,5,1|2|3|4|5,1,2,water_delta,,0.001,,0.2501965835749085,0.3413565558599399,0.4084468605651516
face_water_delta,3,61,P014,258,1,5,1|2|3|4|5,0,1,water_delta,,0.001,,0.2778325287872947,0.4829813601807773,0.239186111031928
face_water_delta,3,62,P014,453,2,5,1|2|3|4|5,0,2,water_delta,,0.001,,0.3013093949144718,0.303351152142951,0.39533945294257716
face_water_delta,3,63,P014,762,3,5,1|2|3|4|5,1,2,water_delta,,0.001,,0.1705962666691462,0.40739597656142784,0.422007756769426
face_water_delta,3,64,P014,893,4,5,1|2|3|4|5,2,2,water_delta,,0.001,,0.22323763370513916,0.3545069992542267,0.42225536704063416
face_water_delta,3,100,P023,189,3,5,1|2|3|4|5,1,1,water_delta,,0.001,,0.2874949872493744,0.3616354167461395,0.3508695960044861
face_water_delta,3,101,P023,258,1,5,1|2|3|4|5,0,2,water_delta,,0.001,,0.20877534773276293,0.3690359106372568,0.42218874162998027
face_water_delta,3,102,P023,453,1,5,1|2|3|4|5,0,2,water_delta,,0.001,,0.20944606009447217,0.3269724352972248,0.46358150460830305
face_water_delta,3,103,P023,762,3,5,1|2|3|4|5,1,2,water_delta,,0.001,,0.18793559634493578,0.37054378898572293,0.4415206146693413
face_water_delta,3,104,P023,893,4,5,1|2|3|4|5,2,1,water_delta,,0.001,,0.21952034060475165,0.40511842920317387,0.37536123019207446
face_water_delta,3,115,P026,189,3,5,1|2|3|4|5,1,0,water_delta,,0.001,,0.35822999477386475,0.3102525472640991,0.33151745796203613
face_water_delta,3,116,P026,258,1,5,1|2|3|4|5,0,2,water_delta,,0.001,,0.24317514937072102,0.2472096981281222,0.5096151525011567
face_water_delta,3,117,P026,453,1,5,1|2|3|4|5,0,0,water_delta,,0.001,,0.36405636775325634,0.3546950413377571,0.2812485909089866
face_water_delta,3,118,P026,762,4,5,1|2|3|4|5,2,2,water_delta,,0.001,,0.23570155224515965,0.2753730364477369,0.48892541130710343
face_water_delta,3,119,P026,893,5,5,1|2|3|4|5,2,2,water_delta,,0.001,,0.2794995093196484,0.3116226289159843,0.4088778617643673
face_water_delta,3,120,P027,189,3,5,1|2|3|4|5,1,1,water_delta,,0.001,,0.2943082066086469,0.48929034205405886,0.21640145133729424
face_water_delta,3,121,P027,258,1,5,1|2|3|4|5,0,1,water_delta,,0.001,,0.42168214755638334,0.4541450400542438,0.12417281238937286
face_water_delta,3,122,P027,453,1,5,1|2|3|4|5,0,1,water_delta,,0.001,,0.36532108887073134,0.4709407546835913,0.16373815644567738
face_water_delta,3,123,P027,762,3,5,1|2|3|4|5,1,1,water_delta,,0.001,,0.41286457200146576,0.43902078925104127,0.148114638747493
face_water_delta,3,124,P027,893,3,5,1|2|3|4|5,1,0,water_delta,,0.001,,0.43652847030928554,0.3998041987302422,0.16366733096047228
fusion_raw,3,15,P004,189,2,5,1|2|3|4|5,0,1,raw,1.0,0.001,0.0,0.23066903307037007,0.46660100718437125,0.3027299597452587
fusion_raw,3,16,P004,258,1,5,1|2|3|4|5,0,0,raw,1.0,0.001,0.0,0.873995648527287,0.11267901065079829,0.01332534082191477
fusion_raw,3,17,P004,453,2,5,1|2|3|4|5,0,0,raw,1.0,0.001,0.0,0.5775961823176727,0.4079647149931977,0.014439102689129646
fusion_raw,3,18,P004,762,3,5,1|2|3|4|5,1,2,raw,1.0,0.001,0.0,0.0802470490244385,0.39706952880808977,0.5226834221674718
fusion_raw,3,19,P004,893,4,5,1|2|3|4|5,2,2,raw,1.0,0.001,0.0,0.04544855366365154,0.2594929087812623,0.6950585375550862
fusion_raw,3,30,P007,189,5,5,1|2|3|4|5,2,1,raw,1.0,0.001,0.0,0.23066903307037007,0.46660100718437125,0.3027299597452587
fusion_raw,3,31,P007,258,1,5,1|2|3|4|5,0,0,raw,1.0,0.001,0.0,0.873995648527287,0.11267901065079829,0.01332534082191477
fusion_raw,3,32,P007,453,4,5,1|2|3|4|5,2,0,raw,1.0,0.001,0.0,0.5775961823176727,0.4079647149931977,0.014439102689129646
fusion_raw,3,33,P007,762,4,5,1|2|3|4|5,2,2,raw,1.0,0.001,0.0,0.0802470490244385,0.39706952880808977,0.5226834221674718
fusion_raw,3,34,P007,893,5,5,1|2|3|4|5,2,2,raw,1.0,0.001,0.0,0.04544855366365154,0.2594929087812623,0.6950585375550862
fusion_raw,3,60,P014,189,3,5,1|2|3|4|5,1,1,raw,1.0,0.001,0.0,0.23066903307037007,0.46660100718437125,0.3027299597452587
fusion_raw,3,61,P014,258,1,5,1|2|3|4|5,0,0,raw,1.0,0.001,0.0,0.873995648527287,0.11267901065079829,0.01332534082191477
fusion_raw,3,62,P014,453,2,5,1|2|3|4|5,0,0,raw,1.0,0.001,0.0,0.5775961823176727,0.4079647149931977,0.014439102689129646
fusion_raw,3,63,P014,762,3,5,1|2|3|4|5,1,2,raw,1.0,0.001,0.0,0.0802470490244385,0.39706952880808977,0.5226834221674718
fusion_raw,3,64,P014,893,4,5,1|2|3|4|5,2,2,raw,1.0,0.001,0.0,0.04544855366365154,0.2594929087812623,0.6950585375550862
fusion_raw,3,100,P023,189,3,5,1|2|3|4|5,1,1,raw,1.0,0.001,0.0,0.23066903307037007,0.46660100718437125,0.3027299597452587
fusion_raw,3,101,P023,258,1,5,1|2|3|4|5,0,0,raw,1.0,0.001,0.0,0.873995648527287,0.11267901065079829,0.01332534082191477
fusion_raw,3,102,P023,453,1,5,1|2|3|4|5,0,0,raw,1.0,0.001,0.0,0.5775961823176727,0.4079647149931977,0.014439102689129646
fusion_raw,3,103,P023,762,3,5,1|2|3|4|5,1,2,raw,1.0,0.001,0.0,0.0802470490244385,0.39706952880808977,0.5226834221674718
fusion_raw,3,104,P023,893,4,5,1|2|3|4|5,2,2,raw,1.0,0.001,0.0,0.04544855366365154,0.2594929087812623,0.6950585375550862
fusion_raw,3,115,P026,189,3,5,1|2|3|4|5,1,1,raw,1.0,0.001,0.0,0.23066903307037007,0.46660100718437125,0.3027299597452587
fusion_raw,3,116,P026,258,1,5,1|2|3|4|5,0,0,raw,1.0,0.001,0.0,0.873995648527287,0.11267901065079829,0.01332534082191477
fusion_raw,3,117,P026,453,1,5,1|2|3|4|5,0,0,raw,1.0,0.001,0.0,0.5775961823176727,0.4079647149931977,0.014439102689129646
fusion_raw,3,118,P026,762,4,5,1|2|3|4|5,2,2,raw,1.0,0.001,0.0,0.0802470490244385,0.39706952880808977,0.5226834221674718
fusion_raw,3,119,P026,893,5,5,1|2|3|4|5,2,2,raw,1.0,0.001,0.0,0.04544855366365154,0.2594929087812623,0.6950585375550862
fusion_raw,3,120,P027,189,3,5,1|2|3|4|5,1,1,raw,1.0,0.001,0.0,0.23066903307037007,0.46660100718437125,0.3027299597452587
fusion_raw,3,121,P027,258,1,5,1|2|3|4|5,0,0,raw,1.0,0.001,0.0,0.873995648527287,0.11267901065079829,0.01332534082191477
fusion_raw,3,122,P027,453,1,5,1|2|3|4|5,0,0,raw,1.0,0.001,0.0,0.5775961823176727,0.4079647149931977,0.014439102689129646
fusion_raw,3,123,P027,762,3,5,1|2|3|4|5,1,2,raw,1.0,0.001,0.0,0.0802470490244385,0.39706952880808977,0.5226834221674718
fusion_raw,3,124,P027,893,3,5,1|2|3|4|5,1,2,raw,1.0,0.001,0.0,0.04544855366365154,0.2594929087812623,0.6950585375550862
fusion_trial_delta,3,15,P004,189,2,5,1|2|3|4|5,0,1,trial_delta,1.0,0.001,0.0,0.23066903307037007,0.46660100718437125,0.3027299597452587
fusion_trial_delta,3,16,P004,258,1,5,1|2|3|4|5,0,0,trial_delta,1.0,0.001,0.0,0.873995648527287,0.11267901065079829,0.01332534082191477
fusion_trial_delta,3,17,P004,453,2,5,1|2|3|4|5,0,0,trial_delta,1.0,0.001,0.0,0.5775961823176727,0.4079647149931977,0.014439102689129646
fusion_trial_delta,3,18,P004,762,3,5,1|2|3|4|5,1,2,trial_delta,1.0,0.001,0.0,0.0802470490244385,0.39706952880808977,0.5226834221674718
fusion_trial_delta,3,19,P004,893,4,5,1|2|3|4|5,2,2,trial_delta,1.0,0.001,0.0,0.04544855366365154,0.2594929087812623,0.6950585375550862
fusion_trial_delta,3,30,P007,189,5,5,1|2|3|4|5,2,1,trial_delta,1.0,0.001,0.0,0.23066903307037007,0.46660100718437125,0.3027299597452587
fusion_trial_delta,3,31,P007,258,1,5,1|2|3|4|5,0,0,trial_delta,1.0,0.001,0.0,0.873995648527287,0.11267901065079829,0.01332534082191477
fusion_trial_delta,3,32,P007,453,4,5,1|2|3|4|5,2,0,trial_delta,1.0,0.001,0.0,0.5775961823176727,0.4079647149931977,0.014439102689129646
fusion_trial_delta,3,33,P007,762,4,5,1|2|3|4|5,2,2,trial_delta,1.0,0.001,0.0,0.0802470490244385,0.39706952880808977,0.5226834221674718
fusion_trial_delta,3,34,P007,893,5,5,1|2|3|4|5,2,2,trial_delta,1.0,0.001,0.0,0.04544855366365154,0.2594929087812623,0.6950585375550862
fusion_trial_delta,3,60,P014,189,3,5,1|2|3|4|5,1,1,trial_delta,1.0,0.001,0.0,0.23066903307037007,0.46660100718437125,0.3027299597452587
fusion_trial_delta,3,61,P014,258,1,5,1|2|3|4|5,0,0,trial_delta,1.0,0.001,0.0,0.873995648527287,0.11267901065079829,0.01332534082191477
fusion_trial_delta,3,62,P014,453,2,5,1|2|3|4|5,0,0,trial_delta,1.0,0.001,0.0,0.5775961823176727,0.4079647149931977,0.014439102689129646
fusion_trial_delta,3,63,P014,762,3,5,1|2|3|4|5,1,2,trial_delta,1.0,0.001,0.0,0.0802470490244385,0.39706952880808977,0.5226834221674718
fusion_trial_delta,3,64,P014,893,4,5,1|2|3|4|5,2,2,trial_delta,1.0,0.001,0.0,0.04544855366365154,0.2594929087812623,0.6950585375550862
fusion_trial_delta,3,100,P023,189,3,5,1|2|3|4|5,1,1,trial_delta,1.0,0.001,0.0,0.23066903307037007,0.46660100718437125,0.3027299597452587
fusion_trial_delta,3,101,P023,258,1,5,1|2|3|4|5,0,0,trial_delta,1.0,0.001,0.0,0.873995648527287,0.11267901065079829,0.01332534082191477
fusion_trial_delta,3,102,P023,453,1,5,1|2|3|4|5,0,0,trial_delta,1.0,0.001,0.0,0.5775961823176727,0.4079647149931977,0.014439102689129646
fusion_trial_delta,3,103,P023,762,3,5,1|2|3|4|5,1,2,trial_delta,1.0,0.001,0.0,0.0802470490244385,0.39706952880808977,0.5226834221674718
fusion_trial_delta,3,104,P023,893,4,5,1|2|3|4|5,2,2,trial_delta,1.0,0.001,0.0,0.04544855366365154,0.2594929087812623,0.6950585375550862
fusion_trial_delta,3,115,P026,189,3,5,1|2|3|4|5,1,1,trial_delta,1.0,0.001,0.0,0.23066903307037007,0.46660100718437125,0.3027299597452587
fusion_trial_delta,3,116,P026,258,1,5,1|2|3|4|5,0,0,trial_delta,1.0,0.001,0.0,0.873995648527287,0.11267901065079829,0.01332534082191477
fusion_trial_delta,3,117,P026,453,1,5,1|2|3|4|5,0,0,trial_delta,1.0,0.001,0.0,0.5775961823176727,0.4079647149931977,0.014439102689129646
fusion_trial_delta,3,118,P026,762,4,5,1|2|3|4|5,2,2,trial_delta,1.0,0.001,0.0,0.0802470490244385,0.39706952880808977,0.5226834221674718
fusion_trial_delta,3,119,P026,893,5,5,1|2|3|4|5,2,2,trial_delta,1.0,0.001,0.0,0.04544855366365154,0.2594929087812623,0.6950585375550862
fusion_trial_delta,3,120,P027,189,3,5,1|2|3|4|5,1,1,trial_delta,1.0,0.001,0.0,0.23066903307037007,0.46660100718437125,0.3027299597452587
fusion_trial_delta,3,121,P027,258,1,5,1|2|3|4|5,0,0,trial_delta,1.0,0.001,0.0,0.873995648527287,0.11267901065079829,0.01332534082191477
fusion_trial_delta,3,122,P027,453,1,5,1|2|3|4|5,0,0,trial_delta,1.0,0.001,0.0,0.5775961823176727,0.4079647149931977,0.014439102689129646
fusion_trial_delta,3,123,P027,762,3,5,1|2|3|4|5,1,2,trial_delta,1.0,0.001,0.0,0.0802470490244385,0.39706952880808977,0.5226834221674718
fusion_trial_delta,3,124,P027,893,3,5,1|2|3|4|5,1,2,trial_delta,1.0,0.001,0.0,0.04544855366365154,0.2594929087812623,0.6950585375550862
fusion_water_delta,3,15,P004,189,2,5,1|2|3|4|5,0,1,water_delta,0.1,0.01,0.1,0.27230989286200136,0.3997768053608442,0.3279133017771545
fusion_water_delta,3,16,P004,258,1,5,1|2|3|4|5,0,0,water_delta,0.1,0.01,0.1,0.7356565828183178,0.16892827814441205,0.09541513903727022
fusion_water_delta,3,17,P004,453,2,5,1|2|3|4|5,0,0,water_delta,0.1,0.01,0.1,0.5433344791402249,0.3523903045957055,0.1042752162640696
fusion_water_delta,3,18,P004,762,3,5,1|2|3|4|5,1,2,water_delta,0.1,0.01,0.1,0.14174810299006552,0.300161689234374,0.5580902077755605
fusion_water_delta,3,19,P004,893,4,5,1|2|3|4|5,2,2,water_delta,0.1,0.01,0.1,0.10991818911563458,0.21268552700140506,0.6773962838829605
fusion_water_delta,3,30,P007,189,5,5,1|2|3|4|5,2,1,water_delta,0.1,0.01,0.1,0.22942288778159886,0.4833275424001356,0.2872495698182655
fusion_water_delta,3,31,P007,258,1,5,1|2|3|4|5,0,0,water_delta,0.1,0.01,0.1,0.7454983053909843,0.17022947810579547,0.08427221650322018
fusion_water_delta,3,32,P007,453,4,5,1|2|3|4|5,2,0,water_delta,0.1,0.01,0.1,0.49394165613990215,0.4130485490281735,0.09300979483192442
fusion_water_delta,3,33,P007,762,4,5,1|2|3|4|5,2,2,water_delta,0.1,0.01,0.1,0.15162314582261727,0.40205296752514985,0.4463238866522329
fusion_water_delta,3,34,P007,893,5,5,1|2|3|4|5,2,2,water_delta,0.1,0.01,0.1,0.1236171955967918,0.290428536379523,0.5859542680236852
fusion_water_delta,3,60,P014,189,3,5,1|2|3|4|5,1,1,water_delta,0.1,0.01,0.1,0.22898680515762024,0.4457153723443795,0.3252978224980003
fusion_water_delta,3,61,P014,258,1,5,1|2|3|4|5,0,0,water_delta,0.1,0.01,0.1,0.7176316571405862,0.20045442399912117,0.08191391886029273
fusion_water_delta,3,62,P014,453,2,5,1|2|3|4|5,0,0,water_delta,0.1,0.01,0.1,0.5044655769259357,0.3966517339091017,0.0988826891649626
fusion_water_delta,3,63,P014,762,3,5,1|2|3|4|5,1,2,water_delta,0.1,0.01,0.1,0.11067743806443742,0.39995138522079265,0.4893711767147699
fusion_water_delta,3,64,P014,893,4,5,1|2|3|4|5,2,2,water_delta,0.1,0.01,0.1,0.0901259683840403,0.2673938642887202,0.6424801673272394
fusion_water_delta,3,100,P023,189,3,5,1|2|3|4|5,1,1,water_delta,0.1,0.01,0.1,0.25521068822881987,0.45529095020514243,0.28949836156603764
fusion_water_delta,3,101,P023,258,1,5,1|2|3|4|5,0,0,water_delta,0.1,0.01,0.1,0.7127985249137753,0.19058049959815823,0.09662097548806645
fusion_water_delta,3,102,P023,453,1,5,1|2|3|4|5,0,0,water_delta,0.1,0.01,0.1,0.4872698973179762,0.40519670874248254,0.10753339393954128
fusion_water_delta,3,103,P023,762,3,5,1|2|3|4|5,1,2,water_delta,0.1,0.01,0.1,0.1253842913162315,0.3903141790214394,0.48430152966232903
fusion_water_delta,3,104,P023,893,4,5,1|2|3|4|5,2,2,water_delta,0.1,0.01,0.1,0.10906582371731291,0.2977642304622896,0.5931699458203975
fusion_water_delta,3,115,P026,189,3,5,1|2|3|4|5,1,1,water_delta,0.1,0.01,0.1,0.26936294339136024,0.4211878623837019,0.30944919422493783
fusion_water_delta,3,116,P026,258,1,5,1|2|3|4|5,0,0,water_delta,0.1,0.01,0.1,0.739949219951617,0.15257348081037123,0.10747729923801184
fusion_water_delta,3,117,P026,453,1,5,1|2|3|4|5,0,0,water_delta,0.1,0.01,0.1,0.5183010121703702,0.3911881830527992,0.09051080477683071
fusion_water_delta,3,118,P026,762,4,5,1|2|3|4|5,2,2,water_delta,0.1,0.01,0.1,0.12747809038428873,0.3470917004545536,0.5254302091611577
fusion_water_delta,3,119,P026,893,5,5,1|2|3|4|5,2,2,water_delta,0.1,0.01,0.1,0.09479411139092632,0.25559839207044593,0.6496074965386278
fusion_water_delta,3,120,P027,189,3,5,1|2|3|4|5,1,1,water_delta,0.1,0.01,0.1,0.26119493112247044,0.49615051669737575,0.24265455218015367
fusion_water_delta,3,121,P027,258,1,5,1|2|3|4|5,0,0,water_delta,0.1,0.01,0.1,0.7751831140084207,0.16602181097961574,0.05879507501196355
fusion_water_delta,3,122,P027,453,1,5,1|2|3|4|5,0,0,water_delta,0.1,0.01,0.1,0.5266458995230339,0.40483727416574466,0.0685168263112215
fusion_water_delta,3,123,P027,762,3,5,1|2|3|4|5,1,1,water_delta,0.1,0.01,0.1,0.16820035390370083,0.4502591829340763,0.38154046316222295
fusion_water_delta,3,124,P027,893,3,5,1|2|3|4|5,1,2,water_delta,0.1,0.01,0.1,0.14982872677164435,0.3191427032655522,0.5310285699628035
code_only,4,40,P009,189,3,5,1|2|3|4|5,1,1,,1.0,,,0.21020908027264237,0.5858035509048835,0.20398736882247423
code_only,4,41,P009,258,1,5,1|2|3|4|5,0,0,,1.0,,,0.8723843693733215,0.11320683360099792,0.014408797025680542
code_only,4,42,P009,453,2,5,1|2|3|4|5,0,0,,1.0,,,0.6715900647792941,0.26223762846597926,0.06617230675472667
code_only,4,43,P009,762,4,5,1|2|3|4|5,2,2,,1.0,,,0.07223853944843488,0.46061952186303134,0.4671419386885338
code_only,4,44,P009,893,5,5,1|2|3|4|5,2,2,,1.0,,,0.039911999109029796,0.2022173493439749,0.7578706515469953
code_only,4,85,P019,189,4,5,1|2|3|4|5,2,1,,1.0,,,0.21020908027264237,0.5858035509048835,0.20398736882247423
code_only,4,86,P019,258,1,5,1|2|3|4|5,0,0,,1.0,,,0.8723843693733215,0.11320683360099792,0.014408797025680542
code_only,4,87,P019,453,3,5,1|2|3|4|5,1,0,,1.0,,,0.6715900647792941,0.26223762846597926,0.06617230675472667
code_only,4,88,P019,762,3,5,1|2|3|4|5,1,2,,1.0,,,0.07223853944843488,0.46061952186303134,0.4671419386885338
code_only,4,89,P019,893,4,5,1|2|3|4|5,2,2,,1.0,,,0.039911999109029796,0.2022173493439749,0.7578706515469953
code_only,4,95,P021,189,4,5,1|2|3|4|5,2,1,,1.0,,,0.21020908027264237,0.5858035509048835,0.20398736882247423
code_only,4,96,P021,258,1,5,1|2|3|4|5,0,0,,1.0,,,0.8723843693733215,0.11320683360099792,0.014408797025680542
code_only,4,97,P021,453,2,5,1|2|3|4|5,0,0,,1.0,,,0.6715900647792941,0.26223762846597926,0.06617230675472667
code_only,4,98,P021,762,4,5,1|2|3|4|5,2,2,,1.0,,,0.07223853944843488,0.46061952186303134,0.4671419386885338
code_only,4,99,P021,893,5,5,1|2|3|4|5,2,2,,1.0,,,0.039911999109029796,0.2022173493439749,0.7578706515469953
code_only,4,125,P028,189,2,5,1|2|3|4|5,0,1,,1.0,,,0.21020908027264237,0.5858035509048835,0.20398736882247423
code_only,4,126,P028,258,1,5,1|2|3|4|5,0,0,,1.0,,,0.8723843693733215,0.11320683360099792,0.014408797025680542
code_only,4,127,P028,453,3,5,1|2|3|4|5,1,0,,1.0,,,0.6715900647792941,0.26223762846597926,0.06617230675472667
code_only,4,128,P028,762,3,5,1|2|3|4|5,1,2,,1.0,,,0.07223853944843488,0.46061952186303134,0.4671419386885338
code_only,4,129,P028,893,3,5,1|2|3|4|5,1,2,,1.0,,,0.039911999109029796,0.2022173493439749,0.7578706515469953
code_only,4,130,P029,189,4,5,1|2|3|4|5,2,1,,1.0,,,0.21020908027264237,0.5858035509048835,0.20398736882247423
code_only,4,131,P029,258,1,5,1|2|3|4|5,0,0,,1.0,,,0.8723843693733215,0.11320683360099792,0.014408797025680542
code_only,4,132,P029,453,3,5,1|2|3|4|5,1,0,,1.0,,,0.6715900647792941,0.26223762846597926,0.06617230675472667
code_only,4,133,P029,762,4,5,1|2|3|4|5,2,2,,1.0,,,0.07223853944843488,0.46061952186303134,0.4671419386885338
code_only,4,134,P029,893,3,5,1|2|3|4|5,1,2,,1.0,,,0.039911999109029796,0.2022173493439749,0.7578706515469953
face_raw,4,40,P009,189,3,5,1|2|3|4|5,1,2,raw,,0.001,,0.423192847811856,0.13790234049718114,0.43890481169096285
face_raw,4,41,P009,258,1,5,1|2|3|4|5,0,0,raw,,0.001,,0.397174525345131,0.30012356340516916,0.30270191124969986
face_raw,4,42,P009,453,2,5,1|2|3|4|5,0,2,raw,,0.001,,0.36992985561385533,0.18342896079166174,0.4466411835944829
face_raw,4,43,P009,762,4,5,1|2|3|4|5,2,2,raw,,0.001,,0.39019216924333067,0.17804023092865257,0.43176759982801677
face_raw,4,44,P009,893,5,5,1|2|3|4|5,2,2,raw,,0.001,,0.31868084790288137,0.1887301327477376,0.49258901934938104
face_raw,4,85,P019,189,4,5,1|2|3|4|5,2,0,raw,,0.001,,0.4014217496765703,0.26476551680359345,0.33381273351983626
face_raw,4,86,P019,258,1,5,1|2|3|4|5,0,2,raw,,0.001,,0.3468129726163761,0.26296390515781015,0.39022312222581373
face_raw,4,87,P019,453,3,5,1|2|3|4|5,1,2,raw,,0.001,,0.362767558180319,0.2584726887486186,0.37875975307106236
face_raw,4,88,P019,762,3,5,1|2|3|4|5,1,2,raw,,0.001,,0.24433829982600958,0.2901568244467746,0.4655048757272158
face_raw,4,89,P019,893,4,5,1|2|3|4|5,2,2,raw,,0.001,,0.3023415207862854,0.3310267925262451,0.3666316866874695
face_raw,4,95,P021,189,4,5,1|2|3|4|5,2,0,raw,,0.001,,0.48463723063468933,0.34351515769958496,0.1718476116657257
face_raw,4,96,P021,258,1,5,1|2|3|4|5,0,0,raw,,0.001,,0.40372124888174243,0.28759650661966163,0.30868224449859594
face_raw,4,97,P021,453,2,5,1|2|3|4|5,0,0,raw,,0.001,,0.42244928278482413,0.28872633379164336,0.28882438342353256
face_raw,4,98,P021,762,4,5,1|2|3|4|5,2,0,raw,,0.001,,0.4532086579079236,0.3395769393696225,0.20721440272245392
face_raw,4,99,P021,893,5,5,1|2|3|4|5,2,1,raw,,0.001,,0.28768745922110855,0.3805937284408131,0.3317188123380784
face_raw,4,125,P028,189,2,5,1|2|3|4|5,0,1,raw,,0.001,,0.38212838199543386,0.4212872621225229,0.19658435588204332
face_raw,4,126,P028,258,1,5,1|2|3|4|5,0,1,raw,,0.001,,0.2994748651981354,0.436198890209198,0.2643262445926666
face_raw,4,127,P028,453,3,5,1|2|3|4|5,1,1,raw,,0.001,,0.34344416856765747,0.40647462010383606,0.25008121132850647
face_raw,4,128,P028,762,3,5,1|2|3|4|5,1,1,raw,,0.001,,0.3487995357036867,0.3795728159205427,0.2716276483757705
face_raw,4,129,P028,893,3,5,1|2|3|4|5,1,1,raw,,0.001,,0.334494759604491,0.4928772302604547,0.1726280101350543
face_raw,4,130,P029,189,4,5,1|2|3|4|5,2,0,raw,,0.001,,0.42054636539657014,0.2974730222664184,0.2819806123370115
face_raw,4,131,P029,258,1,5,1|2|3|4|5,0,1,raw,,0.001,,0.33301488557502285,0.4504476025833965,0.21653751184158063
face_raw,4,132,P029,453,3,5,1|2|3|4|5,1,1,raw,,0.001,,0.39146997294440744,0.4349284068463031,0.1736016202092895
face_raw,4,133,P029,762,4,5,1|2|3|4|5,2,1,raw,,0.001,,0.3936481891169604,0.44700611969846843,0.15934569118457112
face_raw,4,134,P029,893,3,5,1|2|3|4|5,1,0,raw,,0.001,,0.4303164482116699,0.2929418683052063,0.2767416834831238
face_trial_delta,4,40,P009,189,3,5,1|2|3|4|5,1,2,trial_delta,,0.001,,0.3853374295832558,0.1747558940092874,0.43990667640745684
face_trial_delta,4,41,P009,258,1,5,1|2|3|4|5,0,0,trial_delta,,0.001,,0.4106698456606223,0.3178656493981376,0.2714645049412401
face_trial_delta,4,42,P009,453,2,5,1|2|3|4|5,0,2,trial_delta,,0.001,,0.3169315017641409,0.19181866086339977,0.4912498373724593
face_trial_delta,4,43,P009,762,4,5,1|2|3|4|5,2,0,trial_delta,,0.001,,0.40457345260898625,0.19306126812283003,0.40236527926818366
face_trial_delta,4,44,P009,893,5,5,1|2|3|4|5,2,2,trial_delta,,0.001,,0.3276103632217862,0.19852025500060647,0.4738693817776073
face_trial_delta,4,85,P019,189,4,5,1|2|3|4|5,2,2,trial_delta,,0.001,,0.3609412420076502,0.27237380362671026,0.3666849543656395
face_trial_delta,4,86,P019,258,1,5,1|2|3|4|5,0,2,trial_delta,,0.001,,0.35906876203622706,0.2638809163534914,0.3770503216102815
face_trial_delta,4,87,P019,453,3,5,1|2|3|4|5,1,2,trial_delta,,0.001,,0.35269184849584556,0.24894889447245316,0.3983592570317013
face_trial_delta,4,88,P019,762,3,5,1|2|3|4|5,1,2,trial_delta,,0.001,,0.2209328099390261,0.28653002630695507,0.49253716375401885
face_trial_delta,4,89,P019,893,4,5,1|2|3|4|5,2,2,trial_delta,,0.001,,0.3152367064497892,0.3084269349829516,0.3763363585672592
face_trial_delta,4,95,P021,189,4,5,1|2|3|4|5,2,0,trial_delta,,0.001,,0.5263510864026683,0.32860129581985925,0.14504761777747247
face_trial_delta,4,96,P021,258,1,5,1|2|3|4|5,0,0,trial_delta,,0.001,,0.46396131706122506,0.2674667020877213,0.2685719808510536
face_trial_delta,4,97,P021,453,2,5,1|2|3|4|5,0,0,trial_delta,,0.001,,0.49465066899736737,0.24704075210100054,0.25830857890163206
face_trial_delta,4,98,P021,762,4,5,1|2|3|4|5,2,0,trial_delta,,0.001,,0.4995810315075363,0.3263415347584853,0.17407743373397835
face_trial_delta,4,99,P021,893,5,5,1|2|3|4|5,2,1,trial_delta,,0.001,,0.3352494537830353,0.3496515452861786,0.31509900093078613
face_trial_delta,4,125,P028,189,2,5,1|2|3|4|5,0,0,trial_delta,,0.001,,0.4314193597012949,0.39065511850550416,0.17792552179320092
face_trial_delta,4,126,P028,258,1,5,1|2|3|4|5,0,1,trial_delta,,0.001,,0.33653282116255695,0.39033435611920486,0.27313282271823813
face_trial_delta,4,127,P028,453,3,5,1|2|3|4|5,1,1,trial_delta,,0.001,,0.3804588317871094,0.3904457986354828,0.22909536957740784
face_trial_delta,4,128,P028,762,3,5,1|2|3|4|5,1,0,trial_delta,,0.001,,0.4184694810089933,0.3213764439782699,0.26015407501273674
face_trial_delta,4,129,P028,893,3,5,1|2|3|4|5,1,1,trial_delta,,0.001,,0.3665242657001733,0.47922690864921696,0.15424882565060968
face_trial_delta,4,130,P029,189,4,5,1|2|3|4|5,2,0,trial_delta,,0.001,,0.4020861805107051,0.2838936532704131,0.3140201662188818
face_trial_delta,4,131,P029,258,1,5,1|2|3|4|5,0,1,trial_delta,,0.001,,0.29283143324664634,0.4506948023620366,0.2564737643913171
face_trial_delta,4,132,P029,453,3,5,1|2|3|4|5,1,1,trial_delta,,0.001,,0.3988327145402538,0.42888755245339205,0.17227973300635416
face_trial_delta,4,133,P029,762,4,5,1|2|3|4|5,2,1,trial_delta,,0.001,,0.36979367226977133,0.4945438356833507,0.13566249204687797
face_trial_delta,4,134,P029,893,3,5,1|2|3|4|5,1,0,trial_delta,,0.001,,0.4115731961472747,0.2950017628074743,0.29342504104525097
face_water_delta,4,40,P009,189,3,5,1|2|3|4|5,1,0,water_delta,,0.01,,0.6984730284831707,0.03842420460554729,0.26310276691128204
face_water_delta,4,41,P009,258,1,5,1|2|3|4|5,0,0,water_delta,,0.01,,0.47524755839073984,0.4144072501778062,0.11034519143145388
face_water_delta,4,42,P009,453,2,5,1|2|3|4|5,0,0,water_delta,,0.01,,0.4696393292927342,0.1923901255363301,0.3379705451709357
face_water_delta,4,43,P009,762,4,5,1|2|3|4|5,2,0,water_delta,,0.01,,0.46651177008485106,0.2748776160144095,0.25861061390073936
face_water_delta,4,44,P009,893,5,5,1|2|3|4|5,2,2,water_delta,,0.01,,0.2858278793964964,0.12503551133029925,0.5891366092732043
face_water_delta,4,85,P019,189,4,5,1|2|3|4|5,2,0,water_delta,,0.01,,0.8803241345539944,0.033298737180506736,0.08637712826549893
face_water_delta,4,86,P019,258,1,5,1|2|3|4|5,0,0,water_delta,,0.01,,0.595974674880882,0.14497269474010624,0.2590526303790118
face_water_delta,4,87,P019,453,3,5,1|2|3|4|5,1,0,water_delta,,0.01,,0.7821937070979078,0.05033607684671163,0.16747021605538054
face_water_delta,4,88,P019,762,3,5,1|2|3|4|5,1,0,water_delta,,0.01,,0.4283722660222848,0.24497959352877688,0.32664814044893836
face_water_delta,4,89,P019,893,4,5,1|2|3|4|5,2,0,water_delta,,0.01,,0.7742424184287134,0.05818764250399863,0.16756993906728787
face_water_delta,4,95,P021,189,4,5,1|2|3|4|5,2,0,water_delta,,0.01,,0.7184059854077264,0.26968527719283913,0.011908737399434493
face_water_delta,4,96,P021,258,1,5,1|2|3|4|5,0,0,water_delta,,0.01,,0.8026407361030579,0.16100583970546722,0.036353424191474915
face_water_delta,4,97,P021,453,2,5,1|2|3|4|5,0,0,water_delta,,0.01,,0.5743144026179373,0.3995316535339135,0.026153943848149244
face_water_delta,4,98,P021,762,4,5,1|2|3|4|5,2,0,water_delta,,0.01,,0.7757773749749821,0.2104382150295197,0.013784409995498192
face_water_delta,4,99,P021,893,5,5,1|2|3|4|5,2,1,water_delta,,0.01,,0.47194978586157277,0.47363549451603215,0.05441471962239506
face_water_delta,4,125,P028,189,2,5,1|2|3|4|5,0,1,water_delta,,0.01,,0.4277079467133872,0.5283584077411653,0.04393364554544755
face_water_delta,4,126,P028,258,1,5,1|2|3|4|5,0,1,water_delta,,0.01,,0.3337225914001465,0.5462068319320679,0.12007057666778564
face_water_delta,4,127,P028,453,3,5,1|2|3|4|5,1,0,water_delta,,0.01,,0.36981717854193386,0.2883133080099019,0.34186951344816424
face_water_delta,4,128,P028,762,3,5,1|2|3|4|5,1,1,water_delta,,0.01,,0.36342584003729106,0.5456616119843241,0.09091254797838486
face_water_delta,4,129,P028,893,3,5,1|2|3|4|5,1,1,water_delta,,0.01,,0.20300192806107448,0.7203358363804964,0.07666223555842916
face_water_delta,4,130,P029,189,4,5,1|2|3|4|5,2,2,water_delta,,0.01,,0.3887847065925598,0.20288509130477905,0.40833020210266113
face_water_delta,4,131,P029,258,1,5,1|2|3|4|5,0,0,water_delta,,0.01,,0.3472271354659119,0.33139352015295503,0.3213793443811331
face_water_delta,4,132,P029,453,3,5,1|2|3|4|5,1,0,water_delta,,0.01,,0.6324372197324452,0.13006380006575882,0.237498980201796
face_water_delta,4,133,P029,762,4,5,1|2|3|4|5,2,0,water_delta,,0.01,,0.42373234664994996,0.34807825607177995,0.2281893972782701
face_water_delta,4,134,P029,893,3,5,1|2|3|4|5,1,1,water_delta,,0.01,,0.30946443407131535,0.4273944922505168,0.26314107367816786
fusion_raw,4,40,P009,189,3,5,1|2|3|4|5,1,2,raw,0.1,0.01,0.25,0.29329565221409737,0.3331607236955452,0.37354362409035735
fusion_raw,4,41,P009,258,1,5,1|2|3|4|5,0,0,raw,0.1,0.01,0.25,0.663748688937384,0.2142373384501016,0.1220139726125144
fusion_raw,4,42,P009,453,2,5,1|2|3|4|5,0,0,raw,0.1,0.01,0.25,0.5504240396000579,0.24032361907078975,0.20925234132915224
fusion_raw,4,43,P009,762,4,5,1|2|3|4|5,2,2,raw,0.1,0.01,0.25,0.16496833368970498,0.2970959471599636,0.5379357191503313
fusion_raw,4,44,P009,893,5,5,1|2|3|4|5,2,2,raw,0.1,0.01,0.25,0.10616002333505327,0.16227341212418833,0.7315665645407585
fusion_raw,4,85,P019,189,4,5,1|2|3|4|5,2,1,raw,0.1,0.01,0.25,0.3226957946454467,0.42913762347945056,0.2481665818751027
fusion_raw,4,86,P019,258,1,5,1|2|3|4|5,0,0,raw,0.1,0.01,0.25,0.719659359930732,0.16321640823691344,0.11712423183235444
fusion_raw,4,87,P019,453,3,5,1|2|3|4|5,1,0,raw,0.1,0.01,0.25,0.6012995459298229,0.24987912578292434,0.14882132828725272
fusion_raw,4,88,P019,762,3,5,1|2|3|4|5,1,2,raw,0.1,0.01,0.25,0.11924153741339096,0.38706972488308383,0.4936887377035253
fusion_raw,4,89,P019,893,4,5,1|2|3|4|5,2,2,raw,0.1,0.01,0.25,0.11134013026198206,0.26425269146548275,0.6244071782725351
fusion_raw,4,95,P021,189,4,5,1|2|3|4|5,2,1,raw,0.1,0.01,0.25,0.32496946939088667,0.511266440688278,0.16376408992083544
fusion_raw,4,96,P021,258,1,5,1|2|3|4|5,0,0,raw,0.1,0.01,0.25,0.7362695147635843,0.16168769009432649,0.10204279514208908
fusion_raw,4,97,P021,453,2,5,1|2|3|4|5,0,0,raw,0.1,0.01,0.25,0.6337845748001726,0.23372233919373278,0.1324930860060946
fusion_raw,4,98,P021,762,4,5,1|2|3|4|5,2,1,raw,0.1,0.01,0.25,0.20395738581955503,0.44946205988438126,0.3465805542960637
fusion_raw,4,99,P021,893,5,5,1|2|3|4|5,2,2,raw,0.1,0.01,0.25,0.1161409454515225,0.3068001214545885,0.5770589330938889
fusion_raw,4,125,P028,189,2,5,1|2|3|4|5,0,1,raw,0.1,0.01,0.25,0.25935310461326794,0.5869425291116636,0.15370436627506848
fusion_raw,4,126,P028,258,1,5,1|2|3|4|5,0,0,raw,0.1,0.01,0.25,0.6065019273459661,0.29736531386718723,0.0961327587868468
fusion_raw,4,127,P028,453,3,5,1|2|3|4|5,1,0,raw,0.1,0.01,0.25,0.5076630064081903,0.3764644601087205,0.11587253348308925
fusion_raw,4,128,P028,762,3,5,1|2|3|4|5,1,1,raw,0.1,0.01,0.25,0.16853075180562127,0.4719493828334963,0.3595198653608823
fusion_raw,4,129,P028,893,3,5,1|2|3|4|5,1,1,raw,0.1,0.01,0.25,0.1763305464694866,0.42777992646244417,0.3958895270680694
fusion_raw,4,130,P029,189,4,5,1|2|3|4|5,2,1,raw,0.1,0.01,0.25,0.3075410473662536,0.49423260106139405,0.19822635157235238
fusion_raw,4,131,P029,258,1,5,1|2|3|4|5,0,0,raw,0.1,0.01,0.25,0.6481960475237145,0.27338476291694325,0.07841918955934217
fusion_raw,4,132,P029,453,3,5,1|2|3|4|5,1,0,raw,0.1,0.01,0.25,0.5667390475730881,0.3543645548803483,0.07889639754656347
fusion_raw,4,133,P029,762,4,5,1|2|3|4|5,2,1,raw,0.1,0.01,0.25,0.19896089910966458,0.572454391475258,0.22858470941507728
fusion_raw,4,134,P029,893,3,5,1|2|3|4|5,1,2,raw,0.1,0.01,0.25,0.15059241403640783,0.27168067203101487,0.5777269139325772
fusion_trial_delta,4,40,P009,189,3,5,1|2|3|4|5,1,1,trial_delta,0.01,0.001,0.25,0.32562741362505426,0.3497020641305686,0.3246705222443772
fusion_trial_delta,4,41,P009,258,1,5,1|2|3|4|5,0,0,trial_delta,0.01,0.001,0.25,0.4832700985035379,0.2770445367893807,0.23968536470708143
fusion_trial_delta,4,42,P009,453,2,5,1|2|3|4|5,0,0,trial_delta,0.01,0.001,0.25,0.4200854677117729,0.280571829050581,0.2993427032376462
fusion_trial_delta,4,43,P009,762,4,5,1|2|3|4|5,2,2,trial_delta,0.01,0.001,0.25,0.2877518878447749,0.3262143659546379,0.38603374620058734
fusion_trial_delta,4,44,P009,893,5,5,1|2|3|4|5,2,2,trial_delta,0.01,0.001,0.25,0.25479468827294466,0.25897756818031503,0.48622774354674025
fusion_trial_delta,4,85,P019,189,4,5,1|2|3|4|5,2,1,trial_delta,0.01,0.001,0.25,0.31366371388942893,0.38258334869182425,0.30375293741874687
fusion_trial_delta,4,86,P019,258,1,5,1|2|3|4|5,0,0,trial_delta,0.01,0.001,0.25,0.4711002839167212,0.2665894298064428,0.26231028627683595
fusion_trial_delta,4,87,P019,453,3,5,1|2|3|4|5,1,0,trial_delta,0.01,0.001,0.25,0.4250913397645091,0.29504346249187324,0.2798651977436177
fusion_trial_delta,4,88,P019,762,3,5,1|2|3|4|5,1,2,trial_delta,0.01,0.001,0.25,0.24407474464778953,0.35527183772085197,0.4006534176313586
fusion_trial_delta,4,89,P019,893,4,5,1|2|3|4|5,2,2,trial_delta,0.01,0.001,0.25,0.252229206741027,0.2889909438514823,0.4587798494074907
fusion_trial_delta,4,95,P021,189,4,5,1|2|3|4|5,2,1,trial_delta,0.01,0.001,0.25,0.34938887026545346,0.40643123834713557,0.24417989138741095
fusion_trial_delta,4,96,P021,258,1,5,1|2|3|4|5,0,0,trial_delta,0.01,0.001,0.25,0.4969340311935532,0.2646474396959472,0.23841852911049966
fusion_trial_delta,4,97,P021,453,2,5,1|2|3|4|5,0,0,trial_delta,0.01,0.001,0.25,0.4588316903512763,0.2920760520741011,0.24909225757462253
fusion_trial_delta,4,98,P021,762,4,5,1|2|3|4|5,2,1,trial_delta,0.01,0.001,0.25,0.30690126296844467,0.3763359756422209,0.3167627613893344
fusion_trial_delta,4,99,P021,893,5,5,1|2|3|4|5,2,2,trial_delta,0.01,0.001,0.25,0.2578955302364331,0.30024144295889044,0.44186302680467654
fusion_trial_delta,4,125,P028,189,2,5,1|2|3|4|5,0,1,trial_delta,0.01,0.001,0.25,0.32791295515370733,0.4186119523696649,0.25347509247662764
fusion_trial_delta,4,126,P028,258,1,5,1|2|3|4|5,0,0,trial_delta,0.01,0.001,0.25,0.4637475757394053,0.2941412680664823,0.24211115619411258
fusion_trial_delta,4,127,P028,453,3,5,1|2|3|4|5,1,0,trial_delta,0.01,0.001,0.25,0.4301606591789736,0.3278453315488678,0.2419940092721585
fusion_trial_delta,4,128,P028,762,3,5,1|2|3|4|5,1,1,trial_delta,0.01,0.001,0.25,0.28820572782094445,0.36800238083233444,0.343791891346721
fusion_trial_delta,4,129,P028,893,3,5,1|2|3|4|5,1,2,trial_delta,0.01,0.001,0.25,0.27522292849023156,0.33904255149167223,0.3857345200180962
fusion_trial_delta,4,130,P029,189,4,5,1|2|3|4|5,2,1,trial_delta,0.01,0.001,0.25,0.32191753099783327,0.3861742744926361,0.2919081945095306
fusion_trial_delta,4,131,P029,258,1,5,1|2|3|4|5,0,0,trial_delta,0.01,0.001,0.25,0.4519033434395142,0.30763357938514146,0.24046307717534424
fusion_trial_delta,4,132,P029,453,3,5,1|2|3|4|5,1,0,trial_delta,0.01,0.001,0.25,0.43690261889567045,0.33689755463639637,0.2261998264679333
fusion_trial_delta,4,133,P029,762,4,5,1|2|3|4|5,2,1,trial_delta,0.01,0.001,0.25,0.28471301870388455,0.4176179078682608,0.29766907342785476
fusion_trial_delta,4,134,P029,893,3,5,1|2|3|4|5,1,2,trial_delta,0.01,0.001,0.25,0.2733022427842134,0.28969937468948265,0.436998382526304
fusion_water_delta,4,40,P009,189,3,5,1|2|3|4|5,1,1,water_delta,1.0,0.01,0.25,0.35580389104418303,0.3716634898144039,0.2725326191414131
fusion_water_delta,4,41,P009,258,1,5,1|2|3|4|5,0,0,water_delta,1.0,0.01,0.25,0.8058593826361218,0.168368058973842,0.025772558390036192
fusion_water_delta,4,42,P009,453,2,5,1|2|3|4|5,0,0,water_delta,1.0,0.01,0.25,0.6421943408473263,0.2537839270415646,0.10402173211110925
fusion_water_delta,4,43,P009,762,4,5,1|2|3|4|5,2,1,water_delta,1.0,0.01,0.25,0.1247708240091344,0.438644081016094,0.4365850949747716
fusion_water_delta,4,44,P009,893,5,5,1|2|3|4|5,2,2,water_delta,1.0,0.01,0.25,0.06827953016098581,0.18752489024378421,0.74419557959523
fusion_water_delta,4,85,P019,189,4,5,1|2|3|4|5,2,0,water_delta,1.0,0.01,0.25,0.4002548458816375,0.38072227182362806,0.21902288229473443
fusion_water_delta,4,86,P019,258,1,5,1|2|3|4|5,0,0,water_delta,1.0,0.01,0.25,0.8408660754149616,0.12767768764116988,0.031456236943868454
fusion_water_delta,4,87,P019,453,3,5,1|2|3|4|5,1,0,water_delta,1.0,0.01,0.25,0.7307701407559841,0.18180888980325957,0.08742096944075627
fusion_water_delta,4,88,P019,762,3,5,1|2|3|4|5,1,2,water_delta,1.0,0.01,0.25,0.12078916686928555,0.42148795139842665,0.45772288173228776
fusion_water_delta,4,89,P019,893,4,5,1|2|3|4|5,2,2,water_delta,1.0,0.01,0.25,0.11145098629299645,0.19706457698234123,0.6914844367246623
fusion_water_delta,4,95,P021,189,4,5,1|2|3|4|5,2,1,water_delta,1.0,0.01,0.25,0.32904332600691777,0.5555207765488149,0.1154358974442672
fusion_water_delta,4,96,P021,258,1,5,1|2|3|4|5,0,0,water_delta,1.0,0.01,0.25,0.8576702192668957,0.12410063789423595,0.018229142838868333
fusion_water_delta,4,97,P021,453,2,5,1|2|3|4|5,0,0,water_delta,1.0,0.01,0.25,0.6525870927239162,0.2943960038317358,0.05301690344434797
fusion_water_delta,4,98,P021,762,4,5,1|2|3|4|5,2,1,water_delta,1.0,0.01,0.25,0.18599791477011576,0.5386231159435957,0.2753789692862885
fusion_water_delta,4,99,P021,893,5,5,1|2|3|4|5,2,2,water_delta,1.0,0.01,0.25,0.10329898635249035,0.34915588864766706,0.5475451249998425
fusion_water_delta,4,125,P028,189,2,5,1|2|3|4|5,0,1,water_delta,1.0,0.01,0.25,0.26127344297404553,0.5941088064966671,0.14461775052928735
fusion_water_delta,4,126,P028,258,1,5,1|2|3|4|5,0,0,water_delta,1.0,0.01,0.25,0.7811086675705455,0.19101959190677684,0.027871740522677418
fusion_water_delta,4,127,P028,453,3,5,1|2|3|4|5,1,0,water_delta,1.0,0.01,0.25,0.6110235657975539,0.2836092698953243,0.10536716430712173
fusion_water_delta,4,128,P028,762,3,5,1|2|3|4|5,1,1,water_delta,1.0,0.01,0.25,0.12034179139679964,0.5345316305757463,0.34512657802745417
fusion_water_delta,4,129,P028,893,3,5,1|2|3|4|5,1,2,water_delta,1.0,0.01,0.25,0.07833453688475532,0.36307654488016977,0.558588918235075
fusion_water_delta,4,130,P029,189,4,5,1|2|3|4|5,2,1,water_delta,1.0,0.01,0.25,0.2615757017083397,0.47952144613880926,0.25890285215285097
fusion_water_delta,4,131,P029,258,1,5,1|2|3|4|5,0,0,water_delta,1.0,0.01,0.25,0.7943501593635384,0.1697532709717182,0.03589656966474342
fusion_water_delta,4,132,P029,453,3,5,1|2|3|4|5,1,0,water_delta,1.0,0.01,0.25,0.6801273821520266,0.2262393133323402,0.09363330451563315
fusion_water_delta,4,133,P029,762,4,5,1|2|3|4|5,2,1,water_delta,1.0,0.01,0.25,0.12056962543094164,0.460589749477026,0.4188406250920324
fusion_water_delta,4,134,P029,893,3,5,1|2|3|4|5,1,2,water_delta,1.0,0.01,0.25,0.07464954066742659,0.27328631409339377,0.6520641452391795
code_only,5,20,P005,189,3,5,1|2|3|4|5,1,1,,0.1,,,0.23032310379124404,0.48645570230068996,0.283221193908066
code_only,5,21,P005,258,1,5,1|2|3|4|5,0,0,,0.1,,,0.7786281530865695,0.1482199099312743,0.07315193698215626
code_only,5,22,P005,453,2,5,1|2|3|4|5,0,0,,0.1,,,0.5756884260154398,0.31240886682576585,0.1119027071587943
code_only,5,23,P005,762,3,5,1|2|3|4|5,1,2,,0.1,,,0.1207404529717362,0.4215179195321536,0.45774162749611014
code_only,5,24,P005,893,3,5,1|2|3|4|5,1,2,,0.1,,,0.09383271774400351,0.263912145255687,0.6422551370003095
code_only,5,45,P010,189,2,5,1|2|3|4|5,0,1,,0.1,,,0.23032310379124404,0.48645570230068996,0.283221193908066
code_only,5,46,P010,258,1,5,1|2|3|4|5,0,0,,0.1,,,0.7786281530865695,0.1482199099312743,0.07315193698215626
code_only,5,47,P010,453,2,5,1|2|3|4|5,0,0,,0.1,,,0.5756884260154398,0.31240886682576585,0.1119027071587943
code_only,5,48,P010,762,3,5,1|2|3|4|5,1,2,,0.1,,,0.1207404529717362,0.4215179195321536,0.45774162749611014
code_only,5,49,P010,893,4,5,1|2|3|4|5,2,2,,0.1,,,0.09383271774400351,0.263912145255687,0.6422551370003095
code_only,5,55,P013,189,4,5,1|2|3|4|5,2,1,,0.1,,,0.23032310379124404,0.48645570230068996,0.283221193908066
code_only,5,56,P013,258,1,5,1|2|3|4|5,0,0,,0.1,,,0.7786281530865695,0.1482199099312743,0.07315193698215626
code_only,5,57,P013,453,3,5,1|2|3|4|5,1,0,,0.1,,,0.5756884260154398,0.31240886682576585,0.1119027071587943
code_only,5,58,P013,762,5,5,1|2|3|4|5,2,2,,0.1,,,0.1207404529717362,0.4215179195321536,0.45774162749611014
code_only,5,59,P013,893,5,5,1|2|3|4|5,2,2,,0.1,,,0.09383271774400351,0.263912145255687,0.6422551370003095
code_only,5,80,P018,189,3,5,1|2|3|4|5,1,1,,0.1,,,0.23032310379124404,0.48645570230068996,0.283221193908066
code_only,5,81,P018,258,1,5,1|2|3|4|5,0,0,,0.1,,,0.7786281530865695,0.1482199099312743,0.07315193698215626
code_only,5,82,P018,453,3,5,1|2|3|4|5,1,0,,0.1,,,0.5756884260154398,0.31240886682576585,0.1119027071587943
code_only,5,83,P018,762,4,5,1|2|3|4|5,2,2,,0.1,,,0.1207404529717362,0.4215179195321536,0.45774162749611014
code_only,5,84,P018,893,4,5,1|2|3|4|5,2,2,,0.1,,,0.09383271774400351,0.263912145255687,0.6422551370003095
code_only,5,110,P025,189,3,5,1|2|3|4|5,1,1,,0.1,,,0.23032310379124404,0.48645570230068996,0.283221193908066
code_only,5,111,P025,258,1,5,1|2|3|4|5,0,0,,0.1,,,0.7786281530865695,0.1482199099312743,0.07315193698215626
code_only,5,112,P025,453,1,5,1|2|3|4|5,0,0,,0.1,,,0.5756884260154398,0.31240886682576585,0.1119027071587943
code_only,5,113,P025,762,3,5,1|2|3|4|5,1,2,,0.1,,,0.1207404529717362,0.4215179195321536,0.45774162749611014
code_only,5,114,P025,893,4,5,1|2|3|4|5,2,2,,0.1,,,0.09383271774400351,0.263912145255687,0.6422551370003095
face_raw,5,20,P005,189,3,5,1|2|3|4|5,1,1,raw,,0.001,,0.3221833801920229,0.3551350043754281,0.322681615432549
face_raw,5,21,P005,258,1,5,1|2|3|4|5,0,2,raw,,0.001,,0.27553166601250567,0.2895309203583551,0.4349374136291393
face_raw,5,22,P005,453,2,5,1|2|3|4|5,0,0,raw,,0.001,,0.4090635058562903,0.30849584017706394,0.2824406539666458
face_raw,5,23,P005,762,3,5,1|2|3|4|5,1,2,raw,,0.001,,0.34121705118468554,0.1885913666662981,0.47019158214901635
face_raw,5,24,P005,893,3,5,1|2|3|4|5,1,0,raw,,0.001,,0.433216009544372,0.25404845153996636,0.31273553891566164
face_raw,5,45,P010,189,2,5,1|2|3|4|5,0,2,raw,,0.001,,0.24557049938396364,0.32977447405121435,0.424655026564822
face_raw,5,46,P010,258,1,5,1|2|3|4|5,0,1,raw,,0.001,,0.2897315535029306,0.4090459522889271,0.30122249420814234
face_raw,5,47,P010,453,2,5,1|2|3|4|5,0,1,raw,,0.001,,0.25784464902148696,0.4360778797841704,0.30607747119434264
face_raw,5,48,P010,762,3,5,1|2|3|4|5,1,1,raw,,0.001,,0.24996799230575562,0.40611085295677185,0.34392115473747253
face_raw,5,49,P010,893,4,5,1|2|3|4|5,2,2,raw,,0.001,,0.23880891146050526,0.36543106488241156,0.3957600236570832
face_raw,5,55,P013,189,4,5,1|2|3|4|5,2,1,raw,,0.001,,0.26477494835853577,0.47231370210647583,0.2629113495349884
face_raw,5,56,P013,258,1,5,1|2|3|4|5,0,1,raw,,0.001,,0.3971482160256908,0.4034660991907627,0.19938568478354649
face_raw,5,57,P013,453,3,5,1|2|3|4|5,1,1,raw,,0.001,,0.3242195143830487,0.38368039629938583,0.29210008931756554
face_raw,5,58,P013,762,5,5,1|2|3|4|5,2,1,raw,,0.001,,0.3239077627658844,0.36098411679267883,0.31510812044143677
face_raw,5,59,P013,893,5,5,1|2|3|4|5,2,1,raw,,0.001,,0.2730725407600403,0.45971372723579407,0.26721373200416565
face_raw,5,80,P018,189,3,5,1|2|3|4|5,1,1,raw,,0.001,,0.20398087495593914,0.632205834504875,0.16381329053918584
face_raw,5,81,P018,258,1,5,1|2|3|4|5,0,1,raw,,0.001,,0.20913510336183166,0.6105922551541366,0.1802726414840317
face_raw,5,82,P018,453,3,5,1|2|3|4|5,1,1,raw,,0.001,,0.20789053165586388,0.5817008787900472,0.210408589554089
face_raw,5,83,P018,762,4,5,1|2|3|4|5,2,1,raw,,0.001,,0.20691474090389522,0.5377202710169594,0.25536498807914537
face_raw,5,84,P018,893,4,5,1|2|3|4|5,2,1,raw,,0.001,,0.27918405588794004,0.5304015515924194,0.1904143925196406
face_raw,5,110,P025,189,3,5,1|2|3|4|5,1,1,raw,,0.001,,0.3486322812532228,0.42059499652080234,0.23077272222597484
face_raw,5,111,P025,258,1,5,1|2|3|4|5,0,0,raw,,0.001,,0.37746771439717497,0.3341624041892531,0.2883698814135719
face_raw,5,112,P025,453,1,5,1|2|3|4|5,0,0,raw,,0.001,,0.38830553328080375,0.35637496839836336,0.2553194983208329
face_raw,5,113,P025,762,3,5,1|2|3|4|5,1,0,raw,,0.001,,0.4170562389054334,0.361992096334578,0.22095166475998856
face_raw,5,114,P025,893,4,5,1|2|3|4|5,2,0,raw,,0.001,,0.37908243003241926,0.33338113625701854,0.2875364337105622
face_trial_delta,5,20,P005,189,3,5,1|2|3|4|5,1,1,trial_delta,,0.001,,0.3339497148990631,0.36944591999053955,0.29660436511039734
face_trial_delta,5,21,P005,258,1,5,1|2|3|4|5,0,2,trial_delta,,0.001,,0.3085653781890869,0.29952824115753174,0.39190638065338135
face_trial_delta,5,22,P005,453,2,5,1|2|3|4|5,0,0,trial_delta,,0.001,,0.4455158875728879,0.2745176769936777,0.27996643543343436
face_trial_delta,5,23,P005,762,3,5,1|2|3|4|5,1,2,trial_delta,,0.001,,0.3851586110073949,0.15258080575253938,0.46226058324006575
face_trial_delta,5,24,P005,893,3,5,1|2|3|4|5,1,0,trial_delta,,0.001,,0.4323529601097107,0.27739381790161133,0.290253221988678
face_trial_delta,5,45,P010,189,2,5,1|2|3|4|5,0,2,trial_delta,,0.001,,0.26246472410962807,0.36711655953179123,0.3704187163585807
face_trial_delta,5,46,P010,258,1,5,1|2|3|4|5,0,1,trial_delta,,0.001,,0.33350329597284506,0.37203281009099454,0.2944638939361604
face_trial_delta,5,47,P010,453,2,5,1|2|3|4|5,0,1,trial_delta,,0.001,,0.28988850116729736,0.3825496435165405,0.3275618553161621
face_trial_delta,5,48,P010,762,3,5,1|2|3|4|5,1,1,trial_delta,,0.001,,0.2911178854441013,0.40863866831775514,0.30024344623814364
face_trial_delta,5,49,P010,893,4,5,1|2|3|4|5,2,2,trial_delta,,0.001,,0.2833941578865051,0.2715342938899994,0.4450715482234955
face_trial_delta,5,55,P013,189,4,5,1|2|3|4|5,2,1,trial_delta,,0.001,,0.27869521740987246,0.4503275915882709,0.2709771910018566
face_trial_delta,5,56,P013,258,1,5,1|2|3|4|5,0,1,trial_delta,,0.001,,0.38632637838015527,0.4074243367824605,0.2062492848373843
face_trial_delta,5,57,P013,453,3,5,1|2|3|4|5,1,1,trial_delta,,0.001,,0.3058419045304117,0.4022579847420463,0.291900110727542
face_trial_delta,5,58,P013,762,5,5,1|2|3|4|5,2,1,trial_delta,,0.001,,0.27551449683222196,0.4169806589495743,0.3075048442182038
face_trial_delta,5,59,P013,893,5,5,1|2|3|4|5,2,1,trial_delta,,0.001,,0.258304945877047,0.47155027176289943,0.27014478236005357
face_trial_delta,5,80,P018,189,3,5,1|2|3|4|5,1,1,trial_delta,,0.001,,0.20142149324949105,0.6418778108990845,0.15670069585142446
face_trial_delta,5,81,P018,258,1,5,1|2|3|4|5,0,1,trial_delta,,0.001,,0.17978283762931824,0.6504421234130859,0.16977503895759583
face_trial_delta,5,82,P018,453,3,5,1|2|3|4|5,1,1,trial_delta,,0.001,,0.21025611146902873,0.5504581846228512,0.23928570390812004
face_trial_delta,5,83,P018,762,4,5,1|2|3|4|5,2,1,trial_delta,,0.001,,0.17940672009299277,0.5138627367297223,0.30673054317728493
face_trial_delta,5,84,P018,893,4,5,1|2|3|4|5,2,1,trial_delta,,0.001,,0.28454878078255713,0.49900139871235494,0.21644982050508796
face_trial_delta,5,110,P025,189,3,5,1|2|3|4|5,1,1,trial_delta,,0.001,,0.2836091220378876,0.4233314096927643,0.29305946826934814
face_trial_delta,5,111,P025,258,1,5,1|2|3|4|5,0,2,trial_delta,,0.001,,0.2857521687223861,0.3480951682300816,0.36615266304753236
face_trial_delta,5,112,P025,453,1,5,1|2|3|4|5,0,1,trial_delta,,0.001,,0.28660686950067077,0.3802938944013746,0.3330992360979546
face_trial_delta,5,113,P025,762,3,5,1|2|3|4|5,1,1,trial_delta,,0.001,,0.3222842716489949,0.40147482152358227,0.27624090682742275
face_trial_delta,5,114,P025,893,4,5,1|2|3|4|5,2,1,trial_delta,,0.001,,0.24427919123892836,0.39972270132763976,0.3559981074334319
face_water_delta,5,20,P005,189,3,5,1|2|3|4|5,1,1,water_delta,,10.0,,0.0027509626994583172,0.8288568136706065,0.16839222362993517
face_water_delta,5,21,P005,258,1,5,1|2|3|4|5,0,1,water_delta,,10.0,,0.0022885700859778474,0.9964046147680707,0.001306815145951426
face_water_delta,5,22,P005,453,2,5,1|2|3|4|5,0,0,water_delta,,10.0,,0.9999911088925867,8.213311455462372e-06,6.77795957887143e-07
face_water_delta,5,23,P005,762,3,5,1|2|3|4|5,1,0,water_delta,,10.0,,0.8634597670582003,0.00010012505640195228,0.13644010788539776
face_water_delta,5,24,P005,893,3,5,1|2|3|4|5,1,0,water_delta,,10.0,,0.791215687143032,0.2083534517640235,0.0004308610929445097
face_water_delta,5,45,P010,189,2,5,1|2|3|4|5,0,2,water_delta,,10.0,,3.346069495144906e-05,0.34595458921579386,0.6540119500892547
face_water_delta,5,46,P010,258,1,5,1|2|3|4|5,0,1,water_delta,,10.0,,1.287730588363e-05,0.9984363111741833,0.001550811519933113
face_water_delta,5,47,P010,453,2,5,1|2|3|4|5,0,1,water_delta,,10.0,,0.00382468595670293,0.9932845304873643,0.0028907835559327305
face_water_delta,5,48,P010,762,3,5,1|2|3|4|5,1,1,water_delta,,10.0,,0.00013820324894566052,0.9905457594399427,0.009316037311111646
face_water_delta,5,49,P010,893,4,5,1|2|3|4|5,2,1,water_delta,,10.0,,1.8954962505176664e-06,0.9992204517211298,0.0007776527826196881
face_water_delta,5,55,P013,189,4,5,1|2|3|4|5,2,1,water_delta,,10.0,,3.3623790656850705e-06,0.9222598399448984,0.07773679767603596
face_water_delta,5,56,P013,258,1,5,1|2|3|4|5,0,1,water_delta,,10.0,,0.3271447564080262,0.6715318260061357,0.0013234175858381028
face_water_delta,5,57,P013,453,3,5,1|2|3|4|5,1,2,water_delta,,10.0,,0.0034505104629415475,0.46980948945565154,0.5267400000814069
face_water_delta,5,58,P013,762,5,5,1|2|3|4|5,2,2,water_delta,,10.0,,0.011005101316850788,0.18414231519331975,0.8048525834898295
face_water_delta,5,59,P013,893,5,5,1|2|3|4|5,2,1,water_delta,,10.0,,9.250681911904243e-07,0.9919407212464917,0.008058353685317078
face_water_delta,5,80,P018,189,3,5,1|2|3|4|5,1,1,water_delta,,10.0,,3.416425401034509e-06,0.9999954577658048,1.1258087941294266e-06
face_water_delta,5,81,P018,258,1,5,1|2|3|4|5,0,1,water_delta,,10.0,,1.7521580431803276e-07,0.9993466013475275,0.0006532234366681784
face_water_delta,5,82,P018,453,3,5,1|2|3|4|5,1,1,water_delta,,10.0,,0.0075606656787229444,0.9915053195309308,0.0009340147903463011
face_water_delta,5,83,P018,762,4,5,1|2|3|4|5,2,1,water_delta,,10.0,,0.016188793546489732,0.9828837977143727,0.000927408739137537
face_water_delta,5,84,P018,893,4,5,1|2|3|4|5,2,1,water_delta,,10.0,,0.11392647308519303,0.8704480796762918,0.015625447238515146
face_water_delta,5,110,P025,189,3,5,1|2|3|4|5,1,0,water_delta,,10.0,,0.5512737794004436,0.4484864307282196,0.00023978987133676301
face_water_delta,5,111,P025,258,1,5,1|2|3|4|5,0,1,water_delta,,10.0,,0.080335263663367,0.9195545542666334,0.00011018206999961344
face_water_delta,5,112,P025,453,1,5,1|2|3|4|5,0,0,water_delta,,10.0,,0.9834925280097366,0.016460601815815327,4.6870174448033164e-05
face_water_delta,5,113,P025,762,3,5,1|2|3|4|5,1,0,water_delta,,10.0,,0.9836539337589527,0.01634398066627685,2.08557477038987e-06
face_water_delta,5,114,P025,893,4,5,1|2|3|4|5,2,2,water_delta,,10.0,,0.18007103159653232,0.045058553551063876,0.7748704148524038
fusion_raw,5,20,P005,189,3,5,1|2|3|4|5,1,1,raw,10.0,0.001,0.1,0.22041325201999387,0.49071517979897505,0.288871568181031
fusion_raw,5,21,P005,258,1,5,1|2|3|4|5,0,0,raw,10.0,0.001,0.1,0.8622475686797791,0.13364034048719386,0.004112090833027078
fusion_raw,5,22,P005,453,2,5,1|2|3|4|5,0,0,raw,10.0,0.001,0.1,0.6170905835042667,0.31777743166063893,0.06513198483509443
fusion_raw,5,23,P005,762,3,5,1|2|3|4|5,1,2,raw,10.0,0.001,0.1,0.08146894951900396,0.41294021389287355,0.5055908365881225
fusion_raw,5,24,P005,893,3,5,1|2|3|4|5,1,2,raw,10.0,0.001,0.1,0.04577523377923982,0.2704463148258319,0.6837784513949283
fusion_raw,5,45,P010,189,2,5,1|2|3|4|5,0,1,raw,10.0,0.001,0.1,0.21482756783710763,0.48781691072518524,0.2973555214377072
fusion_raw,5,46,P010,258,1,5,1|2|3|4|5,0,0,raw,10.0,0.001,0.1,0.8589515655174442,0.13711960633985695,0.0039288281426988645
fusion_raw,5,47,P010,453,2,5,1|2|3|4|5,0,0,raw,10.0,0.001,0.1,0.5989099958319523,0.33435700676694396,0.06673299740110379
fusion_raw,5,48,P010,762,3,5,1|2|3|4|5,1,2,raw,10.0,0.001,0.1,0.07781658852164801,0.4393333383711523,0.48285007310719974
fusion_raw,5,49,P010,893,4,5,1|2|3|4|5,2,2,raw,10.0,0.001,0.1,0.042131867609426686,0.27397787685891967,0.6838902555316536
fusion_raw,5,55,P013,189,4,5,1|2|3|4|5,2,1,raw,10.0,0.001,0.1,0.21525749442675537,0.5028707807787621,0.2818717247944826
fusion_raw,5,56,P013,258,1,5,1|2|3|4|5,0,0,raw,10.0,0.001,0.1,0.8630205916490724,0.13330911742619136,0.0036702909247361983
fusion_raw,5,57,P013,453,3,5,1|2|3|4|5,1,0,raw,10.0,0.001,0.1,0.6071328669176338,0.3270582160084494,0.06580891707391678
fusion_raw,5,58,P013,762,5,5,1|2|3|4|5,2,2,raw,10.0,0.001,0.1,0.08044729614999968,0.43738519582336133,0.4821675080266389
fusion_raw,5,59,P013,893,5,5,1|2|3|4|5,2,2,raw,10.0,0.001,0.1,0.04354576620221775,0.2858881617633563,0.670566072034426
fusion_raw,5,80,P018,189,3,5,1|2|3|4|5,1,1,raw,10.0,0.001,0.1,0.2104914981927916,0.5196659000657556,0.26984260174145275
fusion_raw,5,81,P018,258,1,5,1|2|3|4|5,0,0,raw,10.0,0.001,0.1,0.8502276298254936,0.14595564667571947,0.0038167234987869195
fusion_raw,5,82,P018,453,3,5,1|2|3|4|5,1,0,raw,10.0,0.001,0.1,0.5893567174267438,0.34601347543081096,0.06462980714244539
fusion_raw,5,83,P018,762,4,5,1|2|3|4|5,2,2,raw,10.0,0.001,0.1,0.07659793414300296,0.4532517695034056,0.47015029635359123
fusion_raw,5,84,P018,893,4,5,1|2|3|4|5,2,2,raw,10.0,0.001,0.1,0.04444793183095085,0.29536039961240584,0.6601916685566431
fusion_raw,5,110,P025,189,3,5,1|2|3|4|5,1,1,raw,10.0,0.001,0.1,0.22202709754946387,0.498790746261719,0.27918215618881714
fusion_raw,5,111,P025,258,1,5,1|2|3|4|5,0,0,raw,10.0,0.001,0.1,0.8644598644061301,0.13170609206591793,0.003834043527951879
fusion_raw,5,112,P025,453,1,5,1|2|3|4|5,0,0,raw,10.0,0.001,0.1,0.6134200234902811,0.32215107377214636,0.06442890273757246
fusion_raw,5,113,P025,762,3,5,1|2|3|4|5,1,2,raw,10.0,0.001,0.1,0.08373195647230743,0.4440047735876624,0.4722632699400301
fusion_raw,5,114,P025,893,4,5,1|2|3|4|5,2,2,raw,10.0,0.001,0.1,0.04511759445219793,0.27758498095088796,0.6772974245969141
fusion_trial_delta,5,20,P005,189,3,5,1|2|3|4|5,1,1,trial_delta,0.1,0.001,0.1,0.23980175856780822,0.47476047777896785,0.2854377636532239
fusion_trial_delta,5,21,P005,258,1,5,1|2|3|4|5,0,0,trial_delta,0.1,0.001,0.1,0.7429766918593772,0.16645737663265042,0.09056593150797246
fusion_trial_delta,5,22,P005,453,2,5,1|2|3|4|5,0,0,trial_delta,0.1,0.001,0.1,0.5655504844067842,0.3108310236217147,0.12361849197150103
fusion_trial_delta,5,23,P005,762,3,5,1|2|3|4|5,1,2,trial_delta,0.1,0.001,0.1,0.13912899989449898,0.3907244689656076,0.4701465311398933
fusion_trial_delta,5,24,P005,893,3,5,1|2|3|4|5,1,2,trial_delta,0.1,0.001,0.1,0.1129616021706308,0.2740635324408684,0.6129748653885009
fusion_trial_delta,5,45,P010,189,2,5,1|2|3|4|5,0,1,trial_delta,0.1,0.001,0.1,0.23399932328665957,0.47426723212332883,0.2917334445900116
fusion_trial_delta,5,46,P010,258,1,5,1|2|3|4|5,0,0,trial_delta,0.1,0.001,0.1,0.7436481124944619,0.16894073892093323,0.08741114858460472
fusion_trial_delta,5,47,P010,453,2,5,1|2|3|4|5,0,0,trial_delta,0.1,0.001,0.1,0.5479783323971686,0.325005967850176,0.12701569975265548
fusion_trial_delta,5,48,P010,762,3,5,1|2|3|4|5,1,2,trial_delta,0.1,0.001,0.1,0.13305913902790142,0.42407110638228857,0.44286975458980987
fusion_trial_delta,5,49,P010,893,4,5,1|2|3|4|5,2,2,trial_delta,0.1,0.001,0.1,0.10600865782505198,0.2677190583935316,0.6262722837814163
fusion_trial_delta,5,55,P013,189,4,5,1|2|3|4|5,2,1,trial_delta,0.1,0.001,0.1,0.23488649410531057,0.48298446783971855,0.2821290380549708
fusion_trial_delta,5,56,P013,258,1,5,1|2|3|4|5,0,0,trial_delta,0.1,0.001,0.1,0.7475615406384575,0.1688787512697168,0.08355970809182572
fusion_trial_delta,5,57,P013,453,3,5,1|2|3|4|5,1,0,trial_delta,0.1,0.001,0.1,0.549205765218785,0.3256252874056669,0.1251689473755482
fusion_trial_delta,5,58,P013,762,5,5,1|2|3|4|5,2,2,trial_delta,0.1,0.001,0.1,0.1321713401069067,0.42442538971967747,0.44340327017341596
fusion_trial_delta,5,59,P013,893,5,5,1|2|3|4|5,2,2,trial_delta,0.1,0.001,0.1,0.10676946673942206,0.28759489640890024,0.6056356368516777
fusion_trial_delta,5,80,P018,189,3,5,1|2|3|4|5,1,1,trial_delta,0.1,0.001,0.1,0.2285511154750058,0.5029828938701164,0.2684659906548778
fusion_trial_delta,5,81,P018,258,1,5,1|2|3|4|5,0,0,trial_delta,0.1,0.001,0.1,0.7278656068268027,0.18600132567381178,0.08613306749938551
fusion_trial_delta,5,82,P018,453,3,5,1|2|3|4|5,1,0,trial_delta,0.1,0.001,0.1,0.5355869029210771,0.3401807912079089,0.12423230587101391
fusion_trial_delta,5,83,P018,762,4,5,1|2|3|4|5,2,2,trial_delta,0.1,0.001,0.1,0.1262050134704273,0.4319608295289079,0.44183415700066486
fusion_trial_delta,5,84,P018,893,4,5,1|2|3|4|5,2,2,trial_delta,0.1,0.001,0.1,0.1089629758128088,0.29232639599806526,0.5987106281891259
fusion_trial_delta,5,110,P025,189,3,5,1|2|3|4|5,1,1,trial_delta,0.1,0.001,0.1,0.23537902034825858,0.4801743924211018,0.2844465872306396
fusion_trial_delta,5,111,P025,258,1,5,1|2|3|4|5,0,0,trial_delta,0.1,0.001,0.1,0.7400880156257129,0.1696184209456903,0.09029356342859679
fusion_trial_delta,5,112,P025,453,1,5,1|2|3|4|5,0,0,trial_delta,0.1,0.001,0.1,0.5476848355969023,0.3250096530134661,0.1273055113896316
fusion_trial_delta,5,113,P025,762,3,5,1|2|3|4|5,1,2,trial_delta,0.1,0.001,0.1,0.13483243811431542,0.42462271719190525,0.4405448446937793
fusion_trial_delta,5,114,P025,893,4,5,1|2|3|4|5,2,2,trial_delta,0.1,0.001,0.1,0.10495356116524748,0.2796269248691787,0.6154195139655738
fusion_water_delta,5,20,P005,189,3,5,1|2|3|4|5,1,1,water_delta,10.0,0.001,0.1,0.22180140402400952,0.47311029671850796,0.30508829925748265
fusion_water_delta,5,21,P005,258,1,5,1|2|3|4|5,0,0,water_delta,10.0,0.001,0.1,0.8663786036356664,0.12972583066305765,0.00389556570127603
fusion_water_delta,5,22,P005,453,2,5,1|2|3|4|5,0,0,water_delta,10.0,0.001,0.1,0.6255150059041419,0.3071819345064224,0.06730305958943578
fusion_water_delta,5,23,P005,762,3,5,1|2|3|4|5,1,2,water_delta,10.0,0.001,0.1,0.0825712801690549,0.4179208865928373,0.4995078332381079
fusion_water_delta,5,24,P005,893,3,5,1|2|3|4|5,1,2,water_delta,10.0,0.001,0.1,0.046820211554032945,0.27398831568869414,0.679191472757273
fusion_water_delta,5,45,P010,189,2,5,1|2|3|4|5,0,1,water_delta,10.0,0.001,0.1,0.21525713431650806,0.494176100722133,0.2905667649613588
fusion_water_delta,5,46,P010,258,1,5,1|2|3|4|5,0,0,water_delta,10.0,0.001,0.1,0.8565450166351581,0.1394180194799826,0.004036963884859257
fusion_water_delta,5,47,P010,453,2,5,1|2|3|4|5,0,0,water_delta,10.0,0.001,0.1,0.6001188467287798,0.3338073914116576,0.06607376185956271
fusion_water_delta,5,48,P010,762,3,5,1|2|3|4|5,1,2,water_delta,10.0,0.001,0.1,0.07765204289273905,0.4484892260436546,0.4738587310636064
fusion_water_delta,5,49,P010,893,4,5,1|2|3|4|5,2,2,water_delta,10.0,0.001,0.1,0.04171257766965484,0.28362440789210447,0.6746630144382407
fusion_water_delta,5,55,P013,189,4,5,1|2|3|4|5,2,1,water_delta,10.0,0.001,0.1,0.21320388588180106,0.5024177034333799,0.2843784106848191
fusion_water_delta,5,56,P013,258,1,5,1|2|3|4|5,0,0,water_delta,10.0,0.001,0.1,0.8644033736427361,0.13204801479262238,0.0035486115646414735
fusion_water_delta,5,57,P013,453,3,5,1|2|3|4|5,1,0,water_delta,10.0,0.001,0.1,0.6039472739115711,0.32925778251698656,0.06679494357144238
fusion_water_delta,5,58,P013,762,5,5,1|2|3|4|5,2,2,water_delta,10.0,0.001,0.1,0.07911131788143487,0.44813834133154407,0.47275034078702105
fusion_water_delta,5,59,P013,893,5,5,1|2|3|4|5,2,2,water_delta,10.0,0.001,0.1,0.042435961065300426,0.28870707097903586,0.6688569679556636
fusion_water_delta,5,80,P018,189,3,5,1|2|3|4|5,1,1,water_delta,10.0,0.001,0.1,0.21391183163658006,0.5148136777228439,0.271274490640576
fusion_water_delta,5,81,P018,258,1,5,1|2|3|4|5,0,0,water_delta,10.0,0.001,0.1,0.8564528069717535,0.13970336322145266,0.003843829806793721
fusion_water_delta,5,82,P018,453,3,5,1|2|3|4|5,1,0,water_delta,10.0,0.001,0.1,0.5997860229928422,0.3371686871929989,0.06304528981415888
fusion_water_delta,5,83,P018,762,4,5,1|2|3|4|5,2,2,water_delta,10.0,0.001,0.1,0.07940939542881138,0.45186091054275096,0.4687296940284376
fusion_water_delta,5,84,P018,893,4,5,1|2|3|4|5,2,2,water_delta,10.0,0.001,0.1,0.045680065493131354,0.2917108023047853,0.6626091322020833
fusion_water_delta,5,110,P025,189,3,5,1|2|3|4|5,1,1,water_delta,10.0,0.001,0.1,0.2209424986669043,0.49111431473995176,0.2879431865931438
fusion_water_delta,5,111,P025,258,1,5,1|2|3|4|5,0,0,water_delta,10.0,0.001,0.1,0.8669707417446644,0.129096365774294,0.003932892481041516
fusion_water_delta,5,112,P025,453,1,5,1|2|3|4|5,0,0,water_delta,10.0,0.001,0.1,0.6184640432503423,0.31375527095229977,0.06778068579735784
fusion_water_delta,5,113,P025,762,3,5,1|2|3|4|5,1,2,water_delta,10.0,0.001,0.1,0.0838592600941579,0.4350367327676978,0.4811040071381444
fusion_water_delta,5,114,P025,893,4,5,1|2|3|4|5,2,2,water_delta,10.0,0.001,0.1,0.043670883045366704,0.2632455861664641,0.6930835307881692
