fold,experiment,C,balanced_accuracy,macro_f1,negative_log_likelihood,code_C,face_C,alpha_face
1,code_only,0.001,0.6103197674418605,0.6079887657980966,1.077669332457786,,,
1,code_only,0.01,0.6103197674418605,0.6079887657980966,0.9565769285285841,,,
1,code_only,0.1,0.6103197674418605,0.6079887657980966,0.7814126026539684,,,
1,code_only,1.0,0.6103197674418605,0.6079887657980966,0.7583386216261746,,,
1,code_only,10.0,0.6103197674418605,0.6079887657980966,0.7981660414339242,,,
1,face_raw,0.001,0.37196151716500553,0.37023809523809526,1.1275862249735153,,,
1,face_raw,0.01,0.3453765227021041,0.33476470638175043,1.4852494177821216,,,
1,face_raw,0.1,0.34271179401993357,0.3345238095238095,2.436438856248999,,,
1,face_raw,1.0,0.35046373200442965,0.34402269764588606,3.6699626839375603,,,
1,face_raw,10.0,0.34004706533776297,0.33436086189709374,5.1211960789745214,,,
1,face_trial_delta,0.001,0.3874653931339978,0.3862017075118236,1.0916366830739774,,,
1,face_trial_delta,0.01,0.3692829457364341,0.3686079241634797,1.3471864978001098,,,
1,face_trial_delta,0.1,0.3537790697674419,0.3519736842105263,2.110462623367096,,,
1,face_trial_delta,1.0,0.35555094130675524,0.3519610663598005,3.1219796198988132,,,
1,face_trial_delta,10.0,0.35555094130675524,0.35202991452991456,4.284113337560815,,,
1,face_water_delta,0.001,0.3123684939091916,0.3093211289092296,1.1344495155069474,,,
1,face_water_delta,0.01,0.33473145071982285,0.3349358974358974,1.410650546419043,,,
1,face_water_delta,0.1,0.3770487264673312,0.3770487264673312,2.226166475329351,,,
1,face_water_delta,1.0,0.3848006644518272,0.3845368982175579,3.348499277885922,,,
1,face_water_delta,10.0,0.3770487264673312,0.3770487264673312,4.486154225700366,,,
1,fusion_raw,,0.6103197674418605,0.6079887657980966,1.077669332457786,0.001,0.001,0.0
1,fusion_raw,,0.5248062015503876,0.5241744661360435,1.0772652512983978,0.001,0.001,0.1
1,fusion_raw,,0.42113787375415285,0.4208785953405753,1.078967066317333,0.001,0.001,0.25
1,fusion_raw,,0.3856935215946844,0.38422035480859007,1.0878905519284658,0.001,0.001,0.5
1,fusion_raw,,0.37196151716500553,0.3702834649694553,1.1042158023014075,0.001,0.001,0.75
1,fusion_raw,,0.37196151716500553,0.3702834649694553,1.1174201227607798,0.001,0.001,0.9
1,fusion_raw,,0.37196151716500553,0.37023809523809526,1.1275862249735153,0.001,0.001,1.0
1,fusion_raw,,0.6103197674418605,0.6079887657980966,1.077669332457786,0.001,0.01,0.0
1,fusion_raw,,0.40118355481727574,0.40574980574980585,1.080712297375918,0.001,0.01,0.1
1,fusion_raw,,0.39188815060908083,0.38957688338493296,1.1039059071480324,0.001,0.01,0.25
1,fusion_raw,,0.3608803986710963,0.3537361982865259,1.1884658545333633,0.001,0.01,0.5
1,fusion_raw,,0.3453765227021041,0.33476470638175043,1.3199114682823567,0.001,0.01,0.75
1,fusion_raw,,0.3453765227021041,0.33476470638175043,1.4157866871186326,0.001,0.01,0.9
1,fusion_raw,,0.3453765227021041,0.33476470638175043,1.4852494177821216,0.001,0.01,1.0
1,fusion_raw,,0.6103197674418605,0.6079887657980966,1.077669332457786,0.001,0.1,0.0
1,fusion_raw,,0.3582156699889258,0.35336565507788925,1.1016441138902746,0.001,0.1,0.1
1,fusion_raw,,0.35046373200442965,0.34408007105281135,1.210702709195642,0.001,0.1,0.25
1,fusion_raw,,0.35046373200442965,0.34402269764588606,1.5355746884488173,0.001,0.1,0.5
1,fusion_raw,,0.35046373200442965,0.3439562495747432,1.9611332906909806,0.001,0.1,0.75
1,fusion_raw,,0.35046373200442965,0.3439562495747432,2.242229164597233,0.001,0.1,0.9
1,fusion_raw,,0.34271179401993357,0.3345238095238095,2.436438856248999,0.001,0.1,1.0
1,fusion_raw,,0.6103197674418605,0.6079887657980966,1.077669332457786,0.001,1.0,0.0
1,fusion_raw,,0.3659676079734219,0.3625391560714944,1.1382514138796176,0.001,1.0,0.1
1,fusion_raw,,0.3582156699889258,0.3533459209362455,1.3927692850571467,0.001,1.0,0.25
1,fusion_raw,,0.35046373200442965,0.34402269764588606,2.0562097111030626,0.001,1.0,0.5
1,fusion_raw,,0.35046373200442965,0.34402269764588606,2.840049009967054,0.001,1.0,0.75
1,fusion_raw,,0.35046373200442965,0.34402269764588606,3.3345828660673056,0.001,1.0,0.9
1,fusion_raw,,0.35046373200442965,0.34402269764588606,3.6699626839375608,0.001,1.0,1.0
1,fusion_raw,,0.6103197674418605,0.6079887657980966,1.077669332457786,0.001,10.0,0.0
1,fusion_raw,,0.3477990033222591,0.34356173350926184,1.1942713815564854,0.001,10.0,0.1
1,fusion_raw,,0.34004706533776297,0.33436086189709374,1.6517414444642602,0.001,10.0,0.25
1,fusion_raw,,0.34004706533776297,0.33436086189709374,2.718908488529516,0.001,10.0,0.5
1,fusion_raw,,0.34004706533776297,0.33436086189709374,3.9016852324065283,0.001,10.0,0.75
1,fusion_raw,,0.34004706533776297,0.33436086189709374,4.630841198595776,0.001,10.0,0.9
1,fusion_raw,,0.34004706533776297,0.33436086189709374,5.12119607897452,0.001,10.0,1.0
1,fusion_raw,,0.6103197674418605,0.6079887657980966,0.9565769285285842,0.01,0.001,0.0
1,fusion_raw,,0.6502007198228129,0.648109429448172,0.9667166723121204,0.01,0.001,0.1
1,fusion_raw,,0.5999031007751938,0.595959595959596,0.9848829890382821,0.01,0.001,0.25
1,fusion_raw,,0.5084094684385382,0.5101037712493811,1.0230151299952972,0.01,0.001,0.5
1,fusion_raw,,0.42113787375415285,0.4208785953405753,1.0707403301635723,0.01,0.001,0.75
1,fusion_raw,,0.3952173311184939,0.3943635857977195,1.1037917906391541,0.01,0.001,0.9
1,fusion_raw,,0.37196151716500553,0.37023809523809526,1.1275862249735153,0.01,0.001,1.0
1,fusion_raw,,0.6103197674418605,0.6079887657980966,0.9565769285285842,0.01,0.01,0.0
1,fusion_raw,,0.569545957918051,0.5661830706606826,0.9708223527965829,0.01,0.01,0.1
1,fusion_raw,,0.47628045404208197,0.4796970709433122,1.0111594082658466,0.01,0.01,0.25
1,fusion_raw,,0.40295542635658915,0.40668859649122807,1.1253828928956913,0.01,0.01,0.5
1,fusion_raw,,0.39188815060908083,0.38962623951182307,1.2878329647083528,0.01,0.01,0.75
1,fusion_raw,,0.35312846068660025,0.3443761593183718,1.4028468890129548,0.01,0.01,0.9
1,fusion_raw,,0.3453765227021041,0.33476470638175043,1.4852494177821216,0.01,0.01,1.0
1,fusion_raw,,0.6103197674418605,0.6079887657980966,0.9565769285285842,0.01,0.1,0.0
1,fusion_raw,,0.5227920819490587,0.5211702276218405,0.9924245077809914,0.01,0.1,0.1
1,fusion_raw,,0.41337209302325584,0.4171052631578947,1.1190113706445504,0.01,0.1,0.25
1,fusion_raw,,0.3582156699889258,0.35336565507788925,1.47354441152216,0.01,0.1,0.5
1,fusion_raw,,0.35046373200442965,0.34408007105281135,1.929767756904563,0.01,0.1,0.75
1,fusion_raw,,0.35046373200442965,0.34402269764588606,2.2296155423227795,0.01,0.1,0.9
1,fusion_raw,,0.34271179401993357,0.3345238095238095,2.436438856248999,0.01,0.1,1.0
1,fusion_raw,,0.6103197674418605,0.6079887657980966,0.9565769285285842,0.01,1.0,0.0
1,fusion_raw,,0.46852851605758583,0.4726726726726727,1.0295537775182202,0.01,1.0,0.1
1,fusion_raw,,0.3814714839424142,0.38025525525525533,1.3015100692484014,0.01,1.0,0.25
1,fusion_raw,,0.3582156699889258,0.35336565507788925,1.994517850716955,0.01,1.0,0.5
1,fusion_raw,,0.35046373200442965,0.34402269764588606,2.8089882421346632,0.01,1.0,0.75
1,fusion_raw,,0.35046373200442965,0.34402269764588606,3.322133659436827,0.01,1.0,0.9
1,fusion_raw,,0.35046373200442965,0.34402269764588606,3.6699626839375608,0.01,1.0,1.0
1,fusion_raw,,0.6103197674418605,0.6079887657980966,0.9565769285285842,0.01,10.0,0.0
1,fusion_raw,,0.4297688261351052,0.4354066985645933,1.0856729468411732,0.01,10.0,0.1
1,fusion_raw,,0.3659676079734219,0.3625391560714944,1.5604364589188486,0.01,10.0,0.25
1,fusion_raw,,0.3477990033222591,0.34356173350926184,2.6574665363799155,0.01,10.0,0.5
1,fusion_raw,,0.34004706533776297,0.33436086189709374,3.8708760105136655,0.01,10.0,0.75
1,fusion_raw,,0.34004706533776297,0.33436086189709374,4.618509812736577,0.01,10.0,0.9
1,fusion_raw,,0.34004706533776297,0.33436086189709374,5.12119607897452,0.01,10.0,1.0
1,fusion_raw,,0.6103197674418605,0.6079887657980966,0.7814126026539684,0.1,0.001,0.0
1,fusion_raw,,0.6198435769656699,0.618706271864068,0.7937132646386287,0.1,0.001,0.1
1,fusion_raw,,0.6406769102990033,0.637237012430013,0.8202546674351003,0.1,0.001,0.25
1,fusion_raw,,0.581734496124031,0.5809425042994305,0.8887490673018532,0.1,0.001,0.5
1,fusion_raw,,0.49799280177187155,0.5001507531628013,0.9907682396856964,0.1,0.001,0.75
1,fusion_raw,,0.42113787375415285,0.4216112457850468,1.0687254948557028,0.1,0.001,0.9
1,fusion_raw,,0.37196151716500553,0.37023809523809526,1.1275862249735153,0.1,0.001,1.0
1,fusion_raw,,0.6103197674418605,0.6079887657980966,0.7814126026539684,0.1,0.01,0.0
1,fusion_raw,,0.6225083056478405,0.6213735708174536,0.7990280313010477,0.1,0.01,0.1
1,fusion_raw,,0.5487126245847177,0.5478197409231892,0.8484882351026982,0.1,0.01,0.25
1,fusion_raw,,0.4813676633444075,0.48380082626657966,0.9938687028976355,0.1,0.01,0.5
1,fusion_raw,,0.41070736434108523,0.4154605263157895,1.2111168797974166,0.1,0.01,0.75
1,fusion_raw,,0.3841362126245847,0.38085052202699266,1.3698114756716677,0.1,0.01,0.9
1,fusion_raw,,0.3453765227021041,0.33476470638175043,1.4852494177821216,0.1,0.01,1.0
1,fusion_raw,,0.6103197674418605,0.6079887657980966,0.7814126026539684,0.1,0.1,0.0
1,fusion_raw,,0.5731035437430786,0.5694204006092837,0.8211610954823574,0.1,0.1,0.1
1,fusion_raw,,0.5227920819490587,0.5223870724035226,0.9550676238606963,0.1,0.1,0.25
1,fusion_raw,,0.4211240310077519,0.42689300411522635,1.3403688023728602,0.1,0.1,0.5
1,fusion_raw,,0.3582156699889258,0.35336565507788925,1.8540100110315665,0.1,0.1,0.75
1,fusion_raw,,0.35046373200442965,0.34408007105281135,2.1976337283069727,0.1,0.1,0.9
1,fusion_raw,,0.34271179401993357,0.3345238095238095,2.436438856248999,0.1,0.1,1.0
1,fusion_raw,,0.6103197674418605,0.6079887657980966,0.7814126026539684,0.1,1.0,0.0
1,fusion_raw,,0.5513773532668882,0.5494963679547857,0.8575689448751092,0.1,1.0,0.1
1,fusion_raw,,0.46852851605758583,0.4726726726726727,1.1322997362856606,0.1,1.0,0.25
1,fusion_raw,,0.4073920265780731,0.40807692307692306,1.8569866510727295,0.1,1.0,0.5
1,fusion_raw,,0.3582156699889258,0.35336565507788925,2.73280104843075,0.1,1.0,0.75
1,fusion_raw,,0.35046373200442965,0.34402269764588606,3.290509604947328,0.1,1.0,0.9
1,fusion_raw,,0.35046373200442965,0.34402269764588606,3.6699626839375608,0.1,1.0,1.0
1,fusion_raw,,0.6103197674418605,0.6079887657980966,0.7814126026539684,0.1,10.0,0.0
1,fusion_raw,,0.5400678294573643,0.5403393660845347,0.9105888069718415,0.1,10.0,0.1
1,fusion_raw,,0.45479651162790696,0.4602029914529915,1.3825872284101777,0.1,10.0,0.25
1,fusion_raw,,0.3659676079734219,0.3625391560714944,2.51554442429789,0.1,10.0,0.5
1,fusion_raw,,0.3477990033222591,0.34356173350926184,3.7942227379091475,0.1,10.0,0.75
1,fusion_raw,,0.34004706533776297,0.33436086189709374,4.587032643542885,0.1,10.0,0.9
1,fusion_raw,,0.34004706533776297,0.33436086189709374,5.12119607897452,0.1,10.0,1.0
1,fusion_raw,,0.6103197674418605,0.6079887657980966,0.7583386216261746,1.0,0.001,0.0
1,fusion_raw,,0.6198435769656699,0.618706271864068,0.757962038487392,1.0,0.001,0.1
1,fusion_raw,,0.6502007198228129,0.648109429448172,0.7669617800511769,1.0,0.001,0.25
1,fusion_raw,,0.5921511627906977,0.5903909132363306,0.8167720534078647,1.0,0.001,0.5
1,fusion_raw,,0.5558001107419712,0.5591563839482173,0.9295682334109925,1.0,0.001,0.75
1,fusion_raw,,0.4470584163898117,0.44766206753932164,1.0371244480615287,1.0,0.001,0.9
1,fusion_raw,,0.37196151716500553,0.37023809523809526,1.1275862249735153,1.0,0.001,1.0
1,fusion_raw,,0.6103197674418605,0.6079887657980966,0.7583386216261746,1.0,0.01,0.0
1,fusion_raw,,0.6397840531561462,0.638784774279527,0.763821724750895,1.0,0.01,0.1
1,fusion_raw,,0.5722106866002216,0.5698252921439315,0.7958281770072162,1.0,0.01,0.25
1,fusion_raw,,0.524563953488372,0.526019296607532,0.9224005534551529,1.0,0.01,0.5
1,fusion_raw,,0.44348698781838314,0.44840777502067825,1.1522858729971777,1.0,0.01,0.75
1,fusion_raw,,0.4255606312292359,0.4261849261849262,1.3405074323501525,1.0,0.01,0.9
1,fusion_raw,,0.3453765227021041,0.33476470638175043,1.4852494177821216,1.0,0.01,1.0
1,fusion_raw,,0.6103197674418605,0.6079887657980966,0.7583386216261746,1.0,0.1,0.0
1,fusion_raw,,0.6043535437430786,0.5960977844411127,0.7859275002441721,1.0,0.1,0.1
1,fusion_raw,,0.5305440199335548,0.5295748950921365,0.8995664704340817,1.0,0.1,0.25
1,fusion_raw,,0.46165559246954596,0.4672416191403534,1.262599481709245,1.0,0.1,0.5
1,fusion_raw,,0.4073920265780731,0.4091133816743573,1.7944830073453049,1.0,0.1,0.75
1,fusion_raw,,0.3582156699889258,0.35336565507788925,2.16955455338623,1.0,0.1,0.9
1,fusion_raw,,0.34271179401993357,0.3345238095238095,2.436438856248999,1.0,0.1,1.0
1,fusion_raw,,0.6103197674418605,0.6079887657980966,0.7583386216261746,1.0,1.0,0.0
1,fusion_raw,,0.5496054817275747,0.5466243315508023,0.8212712825839782,1.0,1.0,0.1
1,fusion_raw,,0.524563953488372,0.5257443374991513,1.0688688606066088,1.0,1.0,0.25
1,fusion_raw,,0.44106450719822815,0.4452334540053838,1.7683348588354055,1.0,1.0,0.5
1,fusion_raw,,0.3659676079734219,0.3625391560714944,2.6703936435635103,1.0,1.0,0.75
1,fusion_raw,,0.3582156699889258,0.35336565507788925,3.2624520174299674,1.0,1.0,0.9
1,fusion_raw,,0.35046373200442965,0.34402269764588606,3.6699626839375608,1.0,1.0,1.0
1,fusion_raw,,0.6103197674418605,0.6079887657980966,0.7583386216261746,1.0,10.0,0.0
1,fusion_raw,,0.550484496124031,0.550484496124031,0.8712916398726718,1.0,10.0,0.1
1,fusion_raw,,0.47982419712070873,0.4846960792372185,1.3052738027873672,1.0,10.0,0.25
1,fusion_raw,,0.39964008859357697,0.4002792841416296,2.4152020301784813,1.0,10.0,0.5
1,fusion_raw,,0.3477990033222591,0.3435194347739147,3.728931704790012,1.0,10.0,0.75
1,fusion_raw,,0.34004706533776297,0.33436086189709374,4.558644535776102,1.0,10.0,0.9
1,fusion_raw,,0.34004706533776297,0.33436086189709374,5.12119607897452,1.0,10.0,1.0
1,fusion_raw,,0.6103197674418605,0.6079887657980966,0.7981660414339242,10.0,0.001,0.0
1,fusion_raw,,0.6198435769656699,0.618706271864068,0.7889960384349141,10.0,0.001,0.1
1,fusion_raw,,0.6502007198228129,0.648109429448172,0.7832116240521412,10.0,0.001,0.25
1,fusion_raw,,0.5921511627906977,0.5903909132363306,0.8048862328651937,10.0,0.001,0.5
1,fusion_raw,,0.5558001107419712,0.5591563839482173,0.8978635238812924,10.0,0.001,0.75
1,fusion_raw,,0.4643341638981174,0.46587829514658785,1.0144890038595056,10.0,0.001,0.9
1,fusion_raw,,0.37196151716500553,0.37023809523809526,1.1275862249735153,10.0,0.001,1.0
1,fusion_raw,,0.6103197674418605,0.6079887657980966,0.7981660414339242,10.0,0.01,0.0
1,fusion_raw,,0.6397840531561462,0.638784774279527,0.7949888701787153,10.0,0.01,0.1
1,fusion_raw,,0.5722106866002216,0.5698252921439315,0.8122220944993755,10.0,0.01,0.25
1,fusion_raw,,0.524563953488372,0.526019296607532,0.9099242348135751,10.0,0.01,0.5
1,fusion_raw,,0.4512389258028793,0.45583231250850687,1.1210111642127323,10.0,0.01,0.75
1,fusion_raw,,0.4255606312292359,0.4261849261849262,1.3196195588831126,10.0,0.01,0.9
1,fusion_raw,,0.3453765227021041,0.33476470638175043,1.4852494177821216,10.0,0.01,1.0
1,fusion_raw,,0.6103197674418605,0.6079887657980966,0.7981660414339242,10.0,0.1,0.0
1,fusion_raw,,0.6043535437430786,0.5960977844411127,0.8171048811283056,10.0,0.1,0.1
1,fusion_raw,,0.5305440199335548,0.5295748950921365,0.9148804795739145,10.0,0.1,0.25
1,fusion_raw,,0.4866832779623477,0.49116863803002003,1.243755817984049,10.0,0.1,0.5
1,fusion_raw,,0.4073920265780731,0.4091133816743573,1.7603294762557107,10.0,0.1,0.75
1,fusion_raw,,0.3582156699889258,0.35336565507788925,2.1494348670950254,10.0,0.1,0.9
1,fusion_raw,,0.34271179401993357,0.3345238095238095,2.436438856248999,10.0,0.1,1.0
1,fusion_raw,,0.6103197674418605,0.6079887657980966,0.7981660414339242,10.0,1.0,0.0
1,fusion_raw,,0.5600221483942415,0.5562328219044638,0.852203296344987,10.0,1.0,0.1
1,fusion_raw,,0.524563953488372,0.5264623569268627,1.080781766911698,10.0,1.0,0.25
1,fusion_raw,,0.4660921926910299,0.47003367003367,1.73781188804507,10.0,1.0,0.5
1,fusion_raw,,0.3659676079734219,0.3630484378829874,2.6309977480984124,10.0,1.0,0.75
1,fusion_raw,,0.3582156699889258,0.35336565507788925,3.241794146686996,10.0,1.0,0.9
1,fusion_raw,,0.35046373200442965,0.34402269764588606,3.6699626839375608,10.0,1.0,1.0
1,fusion_raw,,0.6103197674418605,0.6079887657980966,0.7981660414339242,10.0,10.0,0.0
1,fusion_raw,,0.550484496124031,0.550484496124031,0.9014914304612693,10.0,10.0,0.1
1,fusion_raw,,0.495328073089701,0.5001077510038084,1.3096647676115698,10.0,10.0,0.25
1,fusion_raw,,0.4273325027685493,0.4285140562248995,2.3711844210205593,10.0,10.0,0.5
1,fusion_raw,,0.3477990033222591,0.3435194347739147,3.6844252919605247,10.0,10.0,0.75
1,fusion_raw,,0.34004706533776297,0.33427614948418394,4.537156145232664,10.0,10.0,0.9
1,fusion_raw,,0.34004706533776297,0.33436086189709374,5.12119607897452,10.0,10.0,1.0
1,fusion_trial_delta,,0.6103197674418605,0.6079887657980966,1.077669332457786,0.001,0.001,0.0
1,fusion_trial_delta,,0.5454111295681062,0.5365180478324435,1.0738367684141121,0.001,0.001,0.1
1,fusion_trial_delta,,0.44172895902547066,0.4393939393939394,1.0703778780801378,0.001,0.001,0.25
1,fusion_trial_delta,,0.4003045404208195,0.40009337068160605,1.0705546412197608,0.001,0.001,0.5
1,fusion_trial_delta,,0.3874653931339978,0.3862017075118236,1.077803573531565,0.001,0.001,0.75
1,fusion_trial_delta,,0.37971345514950167,0.37817419750562253,1.0853469086013288,0.001,0.001,0.9
1,fusion_trial_delta,,0.3874653931339978,0.3862017075118236,1.0916366830739774,0.001,0.001,1.0
1,fusion_trial_delta,,0.6103197674418605,0.6079887657980966,1.077669332457786,0.001,0.01,0.0
1,fusion_trial_delta,,0.44437984496124033,0.44547763704390214,1.0706125199206333,0.001,0.01,0.1
1,fusion_trial_delta,,0.4056201550387597,0.405590199686499,1.0770158167192732,0.001,0.01,0.25
1,fusion_trial_delta,,0.37703488372093025,0.3768383768383769,1.1286566257051809,0.001,0.01,0.5
1,fusion_trial_delta,,0.37703488372093025,0.37663425620742697,1.2222593103166133,0.001,0.01,0.75
1,fusion_trial_delta,,0.3692829457364341,0.3686079241634797,1.2940656668927273,0.001,0.01,0.9
1,fusion_trial_delta,,0.3692829457364341,0.3686079241634797,1.3471864978001098,0.001,0.01,1.0
1,fusion_trial_delta,,0.6103197674418605,0.6079887657980966,1.077669332457786,0.001,0.1,0.0
1,fusion_trial_delta,,0.395203488372093,0.39555813215178,1.0811737958817569,0.001,0.1,0.1
1,fusion_trial_delta,,0.361531007751938,0.3603655603655604,1.151007620211795,0.001,0.1,0.25
1,fusion_trial_delta,,0.3537790697674419,0.3519736842105263,1.3930087100276929,0.001,0.1,0.5
1,fusion_trial_delta,,0.3537790697674419,0.3519736842105263,1.7274890143246764,0.001,0.1,0.75
1,fusion_trial_delta,,0.3537790697674419,0.3519736842105263,1.9531914658487437,0.001,0.1,0.9
1,fusion_trial_delta,,0.3537790697674419,0.3519736842105263,2.1104626233670953,0.001,0.1,1.0
1,fusion_trial_delta,,0.6103197674418605,0.6079887657980966,1.077669332457786,0.001,1.0,0.0
1,fusion_trial_delta,,0.3710548172757475,0.36904633107164747,1.1054742725213604,0.001,1.0,0.1
1,fusion_trial_delta,,0.3710548172757475,0.36904633107164747,1.289662372086156,0.001,1.0,0.25
1,fusion_trial_delta,,0.35555094130675524,0.3519610663598005,1.8087681906462074,0.001,1.0,0.5
1,fusion_trial_delta,,0.35555094130675524,0.3519610663598005,2.442287787897889,0.001,1.0,0.75
1,fusion_trial_delta,,0.35555094130675524,0.3519610663598005,2.8466183710772976,0.001,1.0,0.9
1,fusion_trial_delta,,0.35555094130675524,0.3519610663598005,3.1219796198988132,0.001,1.0,1.0
1,fusion_trial_delta,,0.6103197674418605,0.6079887657980966,1.077669332457786,0.001,10.0,0.0
1,fusion_trial_delta,,0.38833056478405314,0.3859727157218196,1.143454507921181,0.001,10.0,0.1
1,fusion_trial_delta,,0.3633028792912514,0.3606075125062467,1.4833784450220466,0.001,10.0,0.25
1,fusion_trial_delta,,0.3633028792912514,0.3606075125062467,2.3280647774946956,0.001,10.0,0.5
1,fusion_trial_delta,,0.35555094130675524,0.35202991452991456,3.286936809877943,0.001,10.0,0.75
1,fusion_trial_delta,,0.35555094130675524,0.35202991452991456,3.8824884651027913,0.001,10.0,0.9
1,fusion_trial_delta,,0.35555094130675524,0.35202991452991456,4.284113337560815,0.001,10.0,1.0
1,fusion_trial_delta,,0.6103197674418605,0.6079887657980966,0.9565769285285842,0.01,0.001,0.0
1,fusion_trial_delta,,0.6397840531561462,0.638784774279527,0.9633751800584532,0.01,0.001,0.1
1,fusion_trial_delta,,0.6397840531561462,0.6372787226657411,0.9764628607104628,0.01,0.001,0.25
1,fusion_trial_delta,,0.5039867109634552,0.4987188057040998,1.0058726960230462,0.01,0.001,0.5
1,fusion_trial_delta,,0.43220514950166117,0.4288870333646453,1.0444462712417049,0.01,0.001,0.75
1,fusion_trial_delta,,0.40296926910299,0.40212170078438225,1.0717671877815003,0.01,0.001,0.9
1,fusion_trial_delta,,0.3874653931339978,0.3862017075118236,1.0916366830739774,0.01,0.001,1.0
1,fusion_trial_delta,,0.6103197674418605,0.6079887657980966,0.9565769285285842,0.01,0.01,0.0
1,fusion_trial_delta,,0.6302602436323367,0.6263821956050468,0.9609483821343451,0.01,0.01,0.1
1,fusion_trial_delta,,0.5263358250276855,0.5288883353399483,0.9846531610636572,0.01,0.01,0.25
1,fusion_trial_delta,,0.42887596899224806,0.4297925929733481,1.065829793275219,0.01,0.01,0.5
1,fusion_trial_delta,,0.395203488372093,0.39534359321269524,1.190161463937553,0.01,0.01,0.75
1,fusion_trial_delta,,0.37703488372093025,0.3768383768383769,1.2810593938502306,0.01,0.01,0.9
1,fusion_trial_delta,,0.3692829457364341,0.3686079241634797,1.3471864978001098,0.01,0.01,1.0
1,fusion_trial_delta,,0.6103197674418605,0.6079887657980966,0.9565769285285842,0.01,0.1,0.0
1,fusion_trial_delta,,0.5677602436323367,0.5677564223352806,0.9723690279335813,0.01,0.1,0.1
1,fusion_trial_delta,,0.4375069213732004,0.43804067483484604,1.059754111278465,0.01,0.1,0.25
1,fusion_trial_delta,,0.37703488372093025,0.37667536267892393,1.3306934865563438,0.01,0.1,0.5
1,fusion_trial_delta,,0.361531007751938,0.3603655603655604,1.6955456061469647,0.01,0.1,0.75
1,fusion_trial_delta,,0.3537790697674419,0.3519736842105263,1.9402569487469146,0.01,0.1,0.9
1,fusion_trial_delta,,0.3537790697674419,0.3519736842105263,2.1104626233670953,0.01,0.1,1.0
1,fusion_trial_delta,,0.6103197674418605,0.6079887657980966,0.9565769285285842,0.01,1.0,0.0
1,fusion_trial_delta,,0.5411890919158361,0.5453858024691358,0.9972310924913155,0.01,1.0,0.1
1,fusion_trial_delta,,0.42200304540420824,0.4215797694850518,1.1984959987184474,0.01,1.0,0.25
1,fusion_trial_delta,,0.3710548172757475,0.36904633107164747,1.746298958770656,0.01,1.0,0.5
1,fusion_trial_delta,,0.3633028792912514,0.3606075125062467,2.410567553702763,0.01,1.0,0.75
1,fusion_trial_delta,,0.35555094130675524,0.3519610663598005,2.8338720758412013,0.01,1.0,0.9
1,fusion_trial_delta,,0.35555094130675524,0.3519610663598005,3.1219796198988132,0.01,1.0,1.0
1,fusion_trial_delta,,0.6103197674418605,0.6079887657980966,0.9565769285285842,0.01,10.0,0.0
1,fusion_trial_delta,,0.4583402547065338,0.4599722827570929,1.0351143609334634,0.01,10.0,0.1
1,fusion_trial_delta,,0.4038344407530454,0.4022496914063179,1.3913944421891835,0.01,10.0,0.25
1,fusion_trial_delta,,0.380578626799557,0.3776123518059002,2.2655024468491174,0.01,10.0,0.5
1,fusion_trial_delta,,0.3633028792912514,0.3606075125062467,3.2556107745178484,0.01,10.0,0.75
1,fusion_trial_delta,,0.3633028792912514,0.3606075125062467,3.869976522733758,0.01,10.0,0.9
1,fusion_trial_delta,,0.35555094130675524,0.35202991452991456,4.284113337560815,0.01,10.0,1.0
1,fusion_trial_delta,,0.6103197674418605,0.6079887657980966,0.7814126026539684,0.1,0.001,0.0
1,fusion_trial_delta,,0.6198435769656699,0.618706271864068,0.7905564937783683,0.1,0.001,0.1
1,fusion_trial_delta,,0.6397840531561462,0.638784774279527,0.8121930698079828,0.1,0.001,0.25
1,fusion_trial_delta,,0.6103197674418605,0.6067584186599236,0.8719692471678833,0.1,0.001,0.5
1,fusion_trial_delta,,0.5290143964562569,0.5256268292809724,0.9645977045726192,0.1,0.001,0.75
1,fusion_trial_delta,,0.44172895902547066,0.43969806141705264,1.0367056985655327,0.1,0.001,0.9
1,fusion_trial_delta,,0.3874653931339978,0.3862017075118236,1.0916366830739774,0.1,0.001,1.0
1,fusion_trial_delta,,0.6103197674418605,0.6079887657980966,0.7814126026539684,0.1,0.01,0.0
1,fusion_trial_delta,,0.6293673864894795,0.6283681076128603,0.7896337069562308,0.1,0.01,0.1
1,fusion_trial_delta,,0.6198435769656699,0.6170349922279927,0.8228042703202438,0.1,0.01,0.25
1,fusion_trial_delta,,0.524563953488372,0.5273247807494382,0.9345906679523329,0.1,0.01,0.5
1,fusion_trial_delta,,0.4383997785160576,0.4392820170597948,1.1127174596911051,0.1,0.01,0.75
1,fusion_trial_delta,,0.4056201550387597,0.405590199686499,1.247416584640126,0.1,0.01,0.9
1,fusion_trial_delta,,0.3692829457364341,0.3686079241634797,1.3471864978001098,0.1,0.01,1.0
1,fusion_trial_delta,,0.6103197674418605,0.6079887657980966,0.7814126026539684,0.1,0.1,0.0
1,fusion_trial_delta,,0.6225083056478405,0.6203968550069782,0.8019935341282199,0.1,0.1,0.1
1,fusion_trial_delta,,0.5600083056478405,0.5613095953081016,0.8969266968767509,0.1,0.1,0.25
1,fusion_trial_delta,,0.4592331118493909,0.46227106227106235,1.1958298227385835,0.1,0.1,0.5
1,fusion_trial_delta,,0.38922342192691034,0.388067160219059,1.616585263850733,0.1,0.1,0.75
1,fusion_trial_delta,,0.361531007751938,0.3603655603655604,1.906511482924662,0.1,0.1,0.9
1,fusion_trial_delta,,0.3537790697674419,0.3519736842105263,2.1104626233670953,0.1,0.1,1.0
1,fusion_trial_delta,,0.6103197674418605,0.6079887657980966,0.7814126026539684,0.1,1.0,0.0
1,fusion_trial_delta,,0.5894864341085272,0.5874759452852759,0.826345640184271,0.1,1.0,0.1
1,fusion_trial_delta,,0.5566929678848284,0.5605406572526666,1.029997546649461,0.1,1.0,0.25
1,fusion_trial_delta,,0.42200304540420824,0.4219063429480528,1.6047579673406254,0.1,1.0,0.5
1,fusion_trial_delta,,0.3710548172757475,0.36904633107164747,2.3303155470052017,0.1,1.0,0.75
1,fusion_trial_delta,,0.3633028792912514,0.3606075125062467,2.8003174009905623,0.1,1.0,0.9
1,fusion_trial_delta,,0.35555094130675524,0.3519610663598005,3.1219796198988132,0.1,1.0,1.0
1,fusion_trial_delta,,0.6103197674418605,0.6079887657980966,0.7814126026539684,0.1,10.0,0.0
1,fusion_trial_delta,,0.5582364341085272,0.5586733146510415,0.8611598108628433,0.1,10.0,0.1
1,fusion_trial_delta,,0.4842607973421927,0.4882974503227668,1.2125836979489193,0.1,10.0,0.25
1,fusion_trial_delta,,0.4142511074197121,0.4131863092436569,2.117776155745179,0.1,10.0,0.5
1,fusion_trial_delta,,0.380578626799557,0.3776123518059002,3.175087891145894,0.1,10.0,0.75
1,fusion_trial_delta,,0.3633028792912514,0.3606075125062467,3.836858982180512,0.1,10.0,0.9
1,fusion_trial_delta,,0.35555094130675524,0.35202991452991456,4.284113337560815,0.1,10.0,1.0
1,fusion_trial_delta,,0.6103197674418605,0.6079887657980966,0.7583386216261746,1.0,0.001,0.0
1,fusion_trial_delta,,0.6198435769656699,0.618706271864068,0.7548800203005528,1.0,0.001,0.1
1,fusion_trial_delta,,0.6502007198228129,0.648109429448172,0.7590654097097294,1.0,0.001,0.25
1,fusion_trial_delta,,0.6225083056478405,0.6192616704125654,0.8001615117957305,1.0,0.001,0.5
1,fusion_trial_delta,,0.5617940199335548,0.558716345129109,0.9033241810219491,1.0,0.001,0.75
1,fusion_trial_delta,,0.46764950166112956,0.4658104824713642,1.0049613309862075,1.0,0.001,0.9
1,fusion_trial_delta,,0.3874653931339978,0.3862017075118236,1.0916366830739774,1.0,0.001,1.0
1,fusion_trial_delta,,0.6103197674418605,0.6079887657980966,0.7583386216261746,1.0,0.01,0.0
1,fusion_trial_delta,,0.6198435769656699,0.618706271864068,0.7545915890299532,1.0,0.01,0.1
1,fusion_trial_delta,,0.6198435769656699,0.6170349922279927,0.770466154149185,1.0,0.01,0.25
1,fusion_trial_delta,,0.5600083056478405,0.5620337397000338,0.8629692025315499,1.0,0.01,0.5
1,fusion_trial_delta,,0.4902408637873754,0.4952153110047847,1.0522450919083597,1.0,0.01,0.75
1,fusion_trial_delta,,0.43064784053156147,0.4310515643848977,1.216807317899619,1.0,0.01,0.9
1,fusion_trial_delta,,0.3692829457364341,0.3686079241634797,1.3471864978001098,1.0,0.01,1.0
1,fusion_trial_delta,,0.6103197674418605,0.6079887657980966,0.7583386216261746,1.0,0.1,0.0
1,fusion_trial_delta,,0.6225083056478405,0.6203968550069782,0.7670295129263801,1.0,0.1,0.1
1,fusion_trial_delta,,0.5677602436323367,0.5684962907393515,0.8419973774642953,1.0,0.1,0.25
1,fusion_trial_delta,,0.5230204872646733,0.5289564378274055,1.1158677132745098,1.0,0.1,0.5
1,fusion_trial_delta,,0.41247923588039864,0.4127587532605454,1.5512494796515632,1.0,0.1,0.75
1,fusion_trial_delta,,0.3537790697674419,0.35206050395923816,1.8751365607482768,1.0,0.1,0.9
1,fusion_trial_delta,,0.3537790697674419,0.3519736842105263,2.1104626233670953,1.0,0.1,1.0
1,fusion_trial_delta,,0.6103197674418605,0.6079887657980966,0.7583386216261746,1.0,1.0,0.0
1,fusion_trial_delta,,0.581734496124031,0.5802899031353205,0.7903958457080006,1.0,1.0,0.1
1,fusion_trial_delta,,0.5721968438538206,0.5752757365660591,0.9674739582011851,1.0,1.0,0.25
1,fusion_trial_delta,,0.4842607973421927,0.4882974503227668,1.5101323573923604,1.0,1.0,0.5
1,fusion_trial_delta,,0.3865586932447398,0.3856428938396152,2.260140563522941,1.0,1.0,0.75
1,fusion_trial_delta,,0.3633028792912514,0.3606075125062467,2.7685022413530884,1.0,1.0,0.9
1,fusion_trial_delta,,0.35555094130675524,0.3519610663598005,3.1219796198988132,1.0,1.0,1.0
1,fusion_trial_delta,,0.6103197674418605,0.6079887657980966,0.7583386216261746,1.0,10.0,0.0
1,fusion_trial_delta,,0.5790697674418605,0.5784380320275163,0.822417332935084,1.0,10.0,0.1
1,fusion_trial_delta,,0.5566929678848284,0.5613134158722898,1.136030356047871,1.0,10.0,0.25
1,fusion_trial_delta,,0.44017165005537096,0.44078439481665294,2.007369366777926,1.0,10.0,0.5
1,fusion_trial_delta,,0.38833056478405314,0.3859594497117265,3.102000142231059,1.0,10.0,0.75
1,fusion_trial_delta,,0.3633028792912514,0.3606075125062467,3.8050482411297786,1.0,10.0,0.9
1,fusion_trial_delta,,0.35555094130675524,0.35202991452991456,4.284113337560815,1.0,10.0,1.0
1,fusion_trial_delta,,0.6103197674418605,0.6079887657980966,0.7981660414339242,10.0,0.001,0.0
1,fusion_trial_delta,,0.6198435769656699,0.618706271864068,0.785926451011136,10.0,0.001,0.1
1,fusion_trial_delta,,0.6406769102990033,0.637237012430013,0.7753474257281898,10.0,0.001,0.25
1,fusion_trial_delta,,0.6225083056478405,0.6192616704125654,0.7883158663578499,10.0,0.001,0.5
1,fusion_trial_delta,,0.5617940199335548,0.558716345129109,0.871509135177841,10.0,0.001,0.75
1,fusion_trial_delta,,0.4971137873754153,0.4975622866572856,0.982142882818062,10.0,0.001,0.9
1,fusion_trial_delta,,0.3874653931339978,0.3862017075118236,1.0916366830739774,10.0,0.001,1.0
1,fusion_trial_delta,,0.6103197674418605,0.6079887657980966,0.7981660414339242,10.0,0.01,0.0
1,fusion_trial_delta,,0.6302602436323367,0.6280490976231342,0.7857761165915024,10.0,0.01,0.1
1,fusion_trial_delta,,0.6120916389811738,0.610295844905968,0.7868983437803253,10.0,0.01,0.25
1,fusion_trial_delta,,0.5600083056478405,0.5620337397000338,0.8504450054333066,10.0,0.01,0.5
1,fusion_trial_delta,,0.49799280177187155,0.5037623195517932,1.0195249018330923,10.0,0.01,0.75
1,fusion_trial_delta,,0.43064784053156147,0.4310515643848977,1.1944203906329802,10.0,0.01,0.9
1,fusion_trial_delta,,0.3692829457364341,0.3686079241634797,1.3471864978001098,10.0,0.01,1.0
1,fusion_trial_delta,,0.6103197674418605,0.6079887657980966,0.7981660414339242,10.0,0.1,0.0
1,fusion_trial_delta,,0.6225083056478405,0.6203968550069782,0.798218583169652,10.0,0.1,0.1
1,fusion_trial_delta,,0.5677602436323367,0.5684962907393515,0.8574259739561712,10.0,0.1,0.25
1,fusion_trial_delta,,0.5385243632336655,0.5443402126328957,1.0967334377355908,10.0,0.1,0.5
1,fusion_trial_delta,,0.4228959025470653,0.4247424516411858,1.5113306554874435,10.0,0.1,0.75
1,fusion_trial_delta,,0.3633028792912514,0.3606075125062467,1.8512301685814199,10.0,0.1,0.9
1,fusion_trial_delta,,0.3537790697674419,0.3519736842105263,2.1104626233670953,10.0,0.1,1.0
1,fusion_trial_delta,,0.6103197674418605,0.6079887657980966,0.7981660414339242,10.0,1.0,0.0
1,fusion_trial_delta,,0.5921511627906977,0.5897257896563693,0.8213263713094591,10.0,1.0,0.1
1,fusion_trial_delta,,0.5799487818383168,0.581918847963401,0.9799016784269199,10.0,1.0,0.25
1,fusion_trial_delta,,0.5024294019933555,0.50772131349663,1.476839309412598,10.0,1.0,0.5
1,fusion_trial_delta,,0.3969753599114065,0.39676058255070096,2.212368200430329,10.0,1.0,0.75
1,fusion_trial_delta,,0.3710548172757475,0.36904633107164747,2.743570501786092,10.0,1.0,0.9
1,fusion_trial_delta,,0.35555094130675524,0.3519610663598005,3.1219796198988132,10.0,1.0,1.0
1,fusion_trial_delta,,0.6103197674418605,0.6079887657980966,0.7981660414339242,10.0,10.0,0.0
1,fusion_trial_delta,,0.5790697674418605,0.5784380320275163,0.852648859344439,10.0,10.0,0.1
1,fusion_trial_delta,,0.5566929678848284,0.5613134158722898,1.1422281605986293,10.0,10.0,0.25
1,fusion_trial_delta,,0.4583402547065338,0.46091395418927067,1.9546027973658955,10.0,10.0,0.5
1,fusion_trial_delta,,0.38833056478405314,0.3859456851392335,3.0487261824458067,10.0,10.0,0.75
1,fusion_trial_delta,,0.3633028792912514,0.3606075125062467,3.779650136991312,10.0,10.0,0.9
1,fusion_trial_delta,,0.35555094130675524,0.35202991452991456,4.284113337560815,10.0,10.0,1.0
1,fusion_water_delta,,0.6103197674418605,0.6079887657980966,1.077669332457786,0.001,0.001,0.0
1,fusion_water_delta,,0.479609634551495,0.4734894734894735,1.0795556590409385,0.001,0.001,0.1
1,fusion_water_delta,,0.37971345514950167,0.38041223041223043,1.0840028694918398,0.001,0.001,0.25
1,fusion_water_delta,,0.32101328903654486,0.31832170198367377,1.0956829993994792,0.001,0.001,0.5
1,fusion_water_delta,,0.33053709856035435,0.32761904761904764,1.1125697551565885,0.001,0.001,0.75
1,fusion_water_delta,,0.3123684939091916,0.3093211289092296,1.1251146973916324,0.001,0.001,0.9
1,fusion_water_delta,,0.3123684939091916,0.3093211289092296,1.1344495155069474,0.001,0.001,1.0
1,fusion_water_delta,,0.6103197674418605,0.6079887657980966,1.077669332457786,0.001,0.01,0.0
1,fusion_water_delta,,0.3976398117386489,0.3997098351968169,1.0792183420262085,0.001,0.01,0.1
1,fusion_water_delta,,0.32431478405315617,0.3247090462280336,1.0972850928827251,0.001,0.01,0.25
1,fusion_water_delta,,0.32431478405315617,0.3247090462280336,1.1656709785041428,0.001,0.01,0.5
1,fusion_water_delta,,0.33473145071982285,0.3349358974358974,1.273433260193698,0.001,0.01,0.75
1,fusion_water_delta,,0.33473145071982285,0.3349358974358974,1.3527938477919659,0.001,0.01,0.9
1,fusion_water_delta,,0.33473145071982285,0.3349358974358974,1.4106505464190433,0.001,0.01,1.0
1,fusion_water_delta,,0.6103197674418605,0.6079887657980966,1.077669332457786,0.001,0.1,0.0
1,fusion_water_delta,,0.38657253599114066,0.3866956641811654,1.0889851251295581,0.001,0.1,0.1
1,fusion_water_delta,,0.3770487264673312,0.3770487264673312,1.1737617682265493,0.001,0.1,0.25
1,fusion_water_delta,,0.36929678848283504,0.36946285556476116,1.4459644820860746,0.001,0.1,0.5
1,fusion_water_delta,,0.3770487264673312,0.3770487264673312,1.8119266862828087,0.001,0.1,0.75
1,fusion_water_delta,,0.3770487264673312,0.3770487264673312,2.0564063681463987,0.001,0.1,0.9
1,fusion_water_delta,,0.3770487264673312,0.3770487264673312,2.226166475329351,0.001,0.1,1.0
1,fusion_water_delta,,0.6103197674418605,0.6079887657980966,1.077669332457786,0.001,1.0,0.0
1,fusion_water_delta,,0.3675249169435216,0.36698210227027217,1.1155480930032708,0.001,1.0,0.1
1,fusion_water_delta,,0.3848006644518272,0.3845368982175579,1.3295084030330921,0.001,1.0,0.25
1,fusion_water_delta,,0.3848006644518272,0.3845368982175579,1.9109452881576687,0.001,1.0,0.5
1,fusion_water_delta,,0.3848006644518272,0.3845368982175579,2.6069427772084617,0.001,1.0,0.75
1,fusion_water_delta,,0.3848006644518272,0.3845368982175579,3.048409039862912,0.001,1.0,0.9
1,fusion_water_delta,,0.3848006644518272,0.3845368982175579,3.348499277885922,0.001,1.0,1.0
1,fusion_water_delta,,0.6103197674418605,0.6079887657980966,1.077669332457786,0.001,10.0,0.0
1,fusion_water_delta,,0.3675249169435216,0.36698210227027217,1.155620401596593,0.001,10.0,0.1
1,fusion_water_delta,,0.3770487264673312,0.3770487264673312,1.524395099231683,0.001,10.0,0.25
1,fusion_water_delta,,0.3770487264673312,0.3770487264673312,2.42052102285374,0.001,10.0,0.5
1,fusion_water_delta,,0.3770487264673312,0.3770487264673312,3.4327521787182045,0.001,10.0,0.75
1,fusion_water_delta,,0.3770487264673312,0.3770487264673312,4.0617895068414365,0.001,10.0,0.9
1,fusion_water_delta,,0.3770487264673312,0.3770487264673312,4.486154225700366,0.001,10.0,1.0
1,fusion_water_delta,,0.6103197674418605,0.6079887657980966,0.9565769285285842,0.01,0.001,0.0
1,fusion_water_delta,,0.6293673864894795,0.6293012224046707,0.9689292980370002,0.01,0.001,0.1
1,fusion_water_delta,,0.5903792912513843,0.5855914372768306,0.9897453162190353,0.01,0.001,0.25
1,fusion_water_delta,,0.44770902547065344,0.44817927170868344,1.030541485528805,0.01,0.001,0.5
1,fusion_water_delta,,0.34426910299003327,0.3450640862405569,1.078861491081233,0.01,0.001,0.75
1,fusion_water_delta,,0.33053709856035435,0.32757095123292307,1.111363923490229,0.01,0.001,0.9
1,fusion_water_delta,,0.3123684939091916,0.3093211289092296,1.1344495155069474,0.01,0.001,1.0
1,fusion_water_delta,,0.6103197674418605,0.6079887657980966,0.9565769285285842,0.01,0.01,0.0
1,fusion_water_delta,,0.6120916389811738,0.6101298521176818,0.9693315620292579,0.01,0.01,0.1
1,fusion_water_delta,,0.46830011074197114,0.4629206047789622,1.0044327556533867,0.01,0.01,0.25
1,fusion_water_delta,,0.38988787375415285,0.39259953161592503,1.1021750540174693,0.01,0.01,0.5
1,fusion_water_delta,,0.32431478405315617,0.3247090462280336,1.2408900598127135,0.01,0.01,0.75
1,fusion_water_delta,,0.32431478405315617,0.3247090462280336,1.3396064132279928,0.01,0.01,0.9
1,fusion_water_delta,,0.33473145071982285,0.3349358974358974,1.4106505464190433,0.01,0.01,1.0
1,fusion_water_delta,,0.6103197674418605,0.6079887657980966,0.9565769285285842,0.01,0.1,0.0
1,fusion_water_delta,,0.5037444629014396,0.4994330791593451,0.9801971551647387,0.01,0.1,0.1
1,fusion_water_delta,,0.41314368770764115,0.4121693121693122,1.0826049748426543,0.01,0.1,0.25
1,fusion_water_delta,,0.38657253599114066,0.3866956641811654,1.3841838343410267,0.01,0.1,0.5
1,fusion_water_delta,,0.3770487264673312,0.3770487264673312,1.7806994334868982,0.01,0.1,0.75
1,fusion_water_delta,,0.36929678848283504,0.36946285556476116,2.0438667962175545,0.01,0.1,0.9
1,fusion_water_delta,,0.3770487264673312,0.3770487264673312,2.226166475329351,0.01,0.1,1.0
1,fusion_water_delta,,0.6103197674418605,0.6079887657980966,0.9565769285285842,0.01,1.0,0.0
1,fusion_water_delta,,0.48315337763012184,0.48060299388572636,1.0077411389653401,0.01,1.0,0.1
1,fusion_water_delta,,0.4098283499446291,0.40959282263630087,1.2393168980432159,0.01,1.0,0.25
1,fusion_water_delta,,0.3770487264673312,0.3770487264673312,1.8499484803569575,0.01,1.0,0.5
1,fusion_water_delta,,0.3848006644518272,0.3845368982175579,2.576107325505988,0.01,1.0,0.75
1,fusion_water_delta,,0.3848006644518272,0.3845368982175579,3.0360069874743827,0.01,1.0,0.9
1,fusion_water_delta,,0.3848006644518272,0.3845368982175579,3.348499277885922,0.01,1.0,1.0
1,fusion_water_delta,,0.6103197674418605,0.6079887657980966,0.9565769285285842,0.01,10.0,0.0
1,fusion_water_delta,,0.44172895902547066,0.44016582912815555,1.0484180075422187,0.01,10.0,0.1
1,fusion_water_delta,,0.3848006644518272,0.3845368982175579,1.4345663420339183,0.01,10.0,0.25
1,fusion_water_delta,,0.3675249169435216,0.36698210227027217,2.3597814545449793,0.01,10.0,0.5
1,fusion_water_delta,,0.3770487264673312,0.3770487264673312,3.402100460079957,0.01,10.0,0.75
1,fusion_water_delta,,0.3770487264673312,0.3770487264673312,4.04949010841091,0.01,10.0,0.9
1,fusion_water_delta,,0.3770487264673312,0.3770487264673312,4.486154225700366,0.01,10.0,1.0
1,fusion_water_delta,,0.6103197674418605,0.6079887657980966,0.7814126026539684,0.1,0.001,0.0
1,fusion_water_delta,,0.6198435769656699,0.618706271864068,0.7957595701328659,0.1,0.001,0.1
1,fusion_water_delta,,0.6502007198228129,0.648109429448172,0.824749667279163,0.1,0.001,0.25
1,fusion_water_delta,,0.5894864341085272,0.5868120032032788,0.8956719947464574,0.1,0.001,0.5
1,fusion_water_delta,,0.45546096345514947,0.45626905273154855,0.9982985100746997,0.1,0.001,0.75
1,fusion_water_delta,,0.35977297895902544,0.3613918093419321,1.0759679577597445,0.1,0.001,0.9
1,fusion_water_delta,,0.3123684939091916,0.3093211289092296,1.1344495155069474,0.1,0.001,1.0
1,fusion_water_delta,,0.6103197674418605,0.6079887657980966,0.7814126026539684,0.1,0.01,0.0
1,fusion_water_delta,,0.6293673864894795,0.6293012224046707,0.7975443794119422,0.1,0.01,0.1
1,fusion_water_delta,,0.6111987818383168,0.611056376573618,0.8412798501812873,0.1,0.01,0.25
1,fusion_water_delta,,0.46830011074197114,0.46409563579792024,0.9686929013633214,0.1,0.01,0.5
1,fusion_water_delta,,0.38988787375415285,0.39259953161592503,1.161962406466332,0.1,0.01,0.75
1,fusion_water_delta,,0.32431478405315617,0.3247090462280336,1.305414940010893,0.1,0.01,0.9
1,fusion_water_delta,,0.33473145071982285,0.3349358974358974,1.4106505464190433,0.1,0.01,1.0
1,fusion_water_delta,,0.6103197674418605,0.6079887657980966,0.7814126026539684,0.1,0.1,0.0
1,fusion_water_delta,,0.6016749723145072,0.6015325670498085,0.8095239216703556,0.1,0.1,0.1
1,fusion_water_delta,,0.5037444629014396,0.4994330791593451,0.9175736332802434,0.1,0.1,0.25
1,fusion_water_delta,,0.4339770210409745,0.43394079039240335,1.2474493202189105,0.1,0.1,0.5
1,fusion_water_delta,,0.39609634551495015,0.3963741051976346,1.7026433304174022,0.1,0.1,0.75
1,fusion_water_delta,,0.38657253599114066,0.3866956641811654,2.0110178679577313,0.1,0.1,0.9
1,fusion_water_delta,,0.3770487264673312,0.3770487264673312,2.226166475329351,0.1,0.1,1.0
1,fusion_water_delta,,0.6103197674418605,0.6079887657980966,0.7814126026539684,0.1,1.0,0.0
1,fusion_water_delta,,0.562686877076412,0.558658603052155,0.8363831992640767,0.1,1.0,0.1
1,fusion_water_delta,,0.48315337763012184,0.48153692876891263,1.067060591998443,0.1,1.0,0.25
1,fusion_water_delta,,0.40207641196013294,0.40218938149972633,1.707596276451044,0.1,1.0,0.5
1,fusion_water_delta,,0.3770487264673312,0.3770487264673312,2.4969012530369086,0.1,1.0,0.75
1,fusion_water_delta,,0.3848006644518272,0.3845368982175579,3.0030919346651466,0.1,1.0,0.9
1,fusion_water_delta,,0.3848006644518272,0.3845368982175579,3.348499277885922,0.1,1.0,1.0
1,fusion_water_delta,,0.6103197674418605,0.6079887657980966,0.7814126026539684,0.1,10.0,0.0
1,fusion_water_delta,,0.5219130675526024,0.5172588581460326,0.8747815474853567,0.1,10.0,0.1
1,fusion_water_delta,,0.47717331118493905,0.4778027329401146,1.2542848321828108,0.1,10.0,0.25
1,fusion_water_delta,,0.3848006644518272,0.3845368982175579,2.2128499727210245,0.1,10.0,0.5
1,fusion_water_delta,,0.3675249169435216,0.36698210227027217,3.3221012078557006,0.1,10.0,0.75
1,fusion_water_delta,,0.3770487264673312,0.3770487264673312,4.016638665500352,0.1,10.0,0.9
1,fusion_water_delta,,0.3770487264673312,0.3770487264673312,4.486154225700366,0.1,10.0,1.0
1,fusion_water_delta,,0.6103197674418605,0.6079887657980966,0.7583386216261746,1.0,0.001,0.0
1,fusion_water_delta,,0.6103197674418605,0.6079887657980966,0.7599099637602876,1.0,0.001,0.1
1,fusion_water_delta,,0.6406769102990033,0.637237012430013,0.771189293694877,1.0,0.001,0.25
1,fusion_water_delta,,0.6103197674418605,0.6060606060606061,0.8231026886898831,1.0,0.001,0.5
1,fusion_water_delta,,0.49001245847176084,0.49386939955327813,0.9363944147549355,1.0,0.001,0.75
1,fusion_water_delta,,0.3856935215946844,0.38888888888888884,1.0439563582011255,1.0,0.001,0.9
1,fusion_water_delta,,0.3123684939091916,0.3093211289092296,1.1344495155069474,1.0,0.001,1.0
1,fusion_water_delta,,0.6103197674418605,0.6079887657980966,0.7583386216261746,1.0,0.01,0.0
1,fusion_water_delta,,0.6198435769656699,0.618706271864068,0.7622266976331347,1.0,0.01,0.1
1,fusion_water_delta,,0.6111987818383168,0.611056376573618,0.7878979103902729,1.0,0.01,0.25
1,fusion_water_delta,,0.5028516057585825,0.5022017235187239,0.89451898182766,1.0,0.01,0.5
1,fusion_water_delta,,0.40805647840531556,0.41146500130106684,1.0997783541906134,1.0,0.01,0.75
1,fusion_water_delta,,0.3424833887043189,0.3438380653570527,1.2743363220853956,1.0,0.01,0.9
1,fusion_water_delta,,0.33473145071982285,0.3349358974358974,1.4106505464190433,1.0,0.01,1.0
1,fusion_water_delta,,0.6103197674418605,0.6079887657980966,0.7583386216261746,1.0,0.1,0.0
1,fusion_water_delta,,0.6293673864894795,0.6283748457661501,0.7740720835326368,1.0,0.1,0.1
1,fusion_water_delta,,0.5236849390919158,0.5229132598336587,0.8588879284428277,1.0,0.1,0.25
1,fusion_water_delta,,0.45723283499446293,0.45946045242219075,1.1616168075092914,1.0,0.1,0.5
1,fusion_water_delta,,0.4098283499446291,0.4099846390168971,1.6377980448544245,1.0,0.1,0.75
1,fusion_water_delta,,0.39609634551495015,0.3963741051976346,1.9808758971357667,1.0,0.1,0.9
1,fusion_water_delta,,0.3770487264673312,0.3770487264673312,2.226166475329351,1.0,0.1,1.0
1,fusion_water_delta,,0.6103197674418605,0.6079887657980966,0.7583386216261746,1.0,1.0,0.0
1,fusion_water_delta,,0.5930440199335548,0.5883838383838383,0.799084700037042,1.0,1.0,0.1
1,fusion_water_delta,,0.5159330011074198,0.5142360464394363,0.9953145118602374,1.0,1.0,0.25
1,fusion_water_delta,,0.4616694352159468,0.4636363636363636,1.6073777846189885,1.0,1.0,0.5
1,fusion_water_delta,,0.38657253599114066,0.3866956641811654,2.4274596001247413,1.0,1.0,0.75
1,fusion_water_delta,,0.3770487264673312,0.3770487264673312,2.9720901841629366,1.0,1.0,0.9
1,fusion_water_delta,,0.3848006644518272,0.3845368982175579,3.348499277885922,1.0,1.0,1.0
1,fusion_water_delta,,0.6103197674418605,0.6079887657980966,0.7583386216261746,1.0,10.0,0.0
1,fusion_water_delta,,0.5427464008859357,0.5380241648898365,0.8342184563117038,1.0,10.0,0.1
1,fusion_water_delta,,0.48315337763012184,0.48356457673012737,1.167806111886474,1.0,10.0,0.25
1,fusion_water_delta,,0.43752076411960134,0.438095884664059,2.1010368024430606,1.0,10.0,0.5
1,fusion_water_delta,,0.3675249169435216,0.36698210227027217,3.249083492920007,1.0,10.0,0.75
1,fusion_water_delta,,0.3770487264673312,0.3770487264673312,3.985072689010509,1.0,10.0,0.9
1,fusion_water_delta,,0.3770487264673312,0.3770487264673312,4.486154225700366,1.0,10.0,1.0
1,fusion_water_delta,,0.6103197674418605,0.6079887657980966,0.7981660414339242,10.0,0.001,0.0
1,fusion_water_delta,,0.6103197674418605,0.6079887657980966,0.7909162027269796,10.0,0.001,0.1
1,fusion_water_delta,,0.6406769102990033,0.637237012430013,0.7873363973569775,10.0,0.001,0.25
1,fusion_water_delta,,0.6103197674418605,0.6060606060606061,0.8108451910324015,10.0,0.001,0.5
1,fusion_water_delta,,0.497764396456257,0.5002114914446883,0.9040482954757837,10.0,0.001,0.75
1,fusion_water_delta,,0.4167012735326689,0.42144491946279744,1.0209094250693656,10.0,0.001,0.9
1,fusion_water_delta,,0.3123684939091916,0.3093211289092296,1.1344495155069474,10.0,0.001,1.0
1,fusion_water_delta,,0.6103197674418605,0.6079887657980966,0.7981660414339242,10.0,0.01,0.0
1,fusion_water_delta,,0.6198435769656699,0.618706271864068,0.793349013418224,10.0,0.01,0.1
1,fusion_water_delta,,0.6216154485049834,0.6207052723638181,0.804015179933107,10.0,0.01,0.25
1,fusion_water_delta,,0.5028516057585825,0.5017917701407247,0.8806204082613622,10.0,0.01,0.5
1,fusion_water_delta,,0.431312292358804,0.4359726501498333,1.0658019790649227,10.0,0.01,0.75
1,fusion_water_delta,,0.3657392026578073,0.36875553471896644,1.2518097267977946,10.0,0.01,0.9
1,fusion_water_delta,,0.33473145071982285,0.3349358974358974,1.4106505464190433,10.0,0.01,1.0
1,fusion_water_delta,,0.6103197674418605,0.6079887657980966,0.7981660414339242,10.0,0.1,0.0
1,fusion_water_delta,,0.6397840531561462,0.6379233511586454,0.8051320616891452,10.0,0.1,0.1
1,fusion_water_delta,,0.5236849390919158,0.5229132598336587,0.8727999635008219,10.0,0.1,0.25
1,fusion_water_delta,,0.46498477297895907,0.46599326599326596,1.1365216247373542,10.0,0.1,0.5
1,fusion_water_delta,,0.4384136212624585,0.4399433191631241,1.5986159794678694,10.0,0.1,0.75
1,fusion_water_delta,,0.39609634551495015,0.3963741051976346,1.9586754391482795,10.0,0.1,0.9
1,fusion_water_delta,,0.3770487264673312,0.3770487264673312,2.226166475329351,10.0,0.1,1.0
1,fusion_water_delta,,0.6103197674418605,0.6079887657980966,0.7981660414339242,10.0,1.0,0.0
1,fusion_water_delta,,0.5930440199335548,0.5883838383838383,0.8296230295298355,10.0,1.0,0.1
1,fusion_water_delta,,0.5263496677740864,0.5265337342406499,1.0026877942954335,10.0,1.0,0.25
1,fusion_water_delta,,0.4694213732004429,0.4712121212121212,1.5673344836907481,10.0,1.0,0.5
1,fusion_water_delta,,0.4038482834994463,0.4049077618607437,2.3814929830838407,10.0,1.0,0.75
1,fusion_water_delta,,0.3770487264673312,0.3770487264673312,2.9483329516359613,10.0,1.0,0.9
1,fusion_water_delta,,0.3848006644518272,0.3845368982175579,3.348499277885922,10.0,1.0,1.0
1,fusion_water_delta,,0.6103197674418605,0.6079887657980966,0.7981660414339242,10.0,10.0,0.0
1,fusion_water_delta,,0.5427464008859357,0.5380241648898365,0.8638160715238634,10.0,10.0,0.1
1,fusion_water_delta,,0.4935700442967885,0.49446176502843536,1.1657389120508121,10.0,10.0,0.25
1,fusion_water_delta,,0.4634413067552603,0.4675460955634389,2.0487003159550934,10.0,10.0,0.5
1,fusion_water_delta,,0.3770487264673312,0.3773059928196631,3.1969469210848134,10.0,10.0,0.75
1,fusion_water_delta,,0.3770487264673312,0.3770487264673312,3.960027054402297,10.0,10.0,0.9
1,fusion_water_delta,,0.3770487264673312,0.3770487264673312,4.486154225700366,10.0,10.0,1.0
2,code_only,0.001,0.6428161508505842,0.6403277729002049,1.0770717315175478,,,
2,code_only,0.01,0.6428161508505842,0.6403277729002049,0.9547768830650447,,,
2,code_only,0.1,0.6428161508505842,0.6403277729002049,0.797047775304036,,,
2,code_only,1.0,0.6428161508505842,0.6403277729002049,0.7984821754745216,,,
2,code_only,10.0,0.6428161508505842,0.6403277729002049,0.859035088027354,,,
2,face_raw,0.001,0.32618706018992966,0.3208647757828086,1.1916930028363648,,,
2,face_raw,0.01,0.28386281341805014,0.2790518660083878,1.6320094803764011,,,
2,face_raw,0.1,0.2869303819088611,0.2838383838383839,2.75302309656971,,,
2,face_raw,1.0,0.2788003006080481,0.27593800538614327,4.170867940753952,,,
2,face_raw,10.0,0.2788003006080481,0.2763017398404623,5.821193695353671,,,
2,face_trial_delta,0.001,0.3267472842795655,0.32265205243928646,1.1827750777329418,,,
2,face_trial_delta,0.01,0.30713944114231057,0.2998050087137299,1.60411224618939,,,
2,face_trial_delta,0.1,0.29087927854068457,0.2856395599654875,2.6467194115502197,,,
2,face_trial_delta,1.0,0.2664890346382455,0.2641208721152621,3.961477528482584,,,
2,face_trial_delta,10.0,0.284423037507686,0.2821992821992822,5.470221424990021,,,
2,face_water_delta,0.001,0.3171756507481041,0.3140531364060775,1.189676902953937,,,
2,face_water_delta,0.01,0.30291043246566923,0.29674796747967486,1.5662212579291828,,,
2,face_water_delta,0.1,0.3371045979367357,0.33002202829789035,2.5095783824921867,,,
2,face_water_delta,1.0,0.3648425223748036,0.3607744107744108,3.765048682026355,,,
2,face_water_delta,10.0,0.36623625059780013,0.36257239697303617,5.038679787263202,,,
2,fusion_raw,,0.6428161508505842,0.6403277729002049,1.0770717315175478,0.001,0.001,0.0
2,fusion_raw,,0.4968367834938854,0.4919612794612795,1.0834144536574772,0.001,0.001,0.1
2,fusion_raw,,0.43183712509394007,0.42366224840451644,1.0952172430226972,0.001,0.001,0.25
2,fusion_raw,,0.34412106305937007,0.3390393546590491,1.1207424619647144,0.001,0.001,0.5
2,fusion_raw,,0.34412106305937007,0.3393817204301075,1.1531022599754521,0.001,0.001,0.75
2,fusion_raw,,0.33431714149074265,0.32818323729149285,1.1755480275475296,0.001,0.001,0.9
2,fusion_raw,,0.32618706018992966,0.3208647757828086,1.1916930028363648,0.001,0.001,1.0
2,fusion_raw,,0.6428161508505842,0.6403277729002049,1.0770717315175478,0.001,0.01,0.0
2,fusion_raw,,0.3550386008061761,0.35029325065979156,1.0956235235788767,0.001,0.01,0.1
2,fusion_raw,,0.3015167042426727,0.29494538445063184,1.142421420494114,0.001,0.01,0.25
2,fusion_raw,,0.2933866229418597,0.2879990066430745,1.2651868907758785,0.001,0.01,0.5
2,fusion_raw,,0.2933866229418597,0.2879990066430745,1.4324019910021735,0.001,0.01,0.75
2,fusion_raw,,0.28386281341805014,0.2790518660083878,1.5489288034963715,0.001,0.01,0.9
2,fusion_raw,,0.28386281341805014,0.2790518660083878,1.6320094803764011,0.001,0.01,1.0
2,fusion_raw,,0.6428161508505842,0.6403277729002049,1.0770717315175478,0.001,0.1,0.0
2,fusion_raw,,0.29534057525449203,0.2932659932659933,1.1272077452768163,0.001,0.1,0.1
2,fusion_raw,,0.2869303819088611,0.2838383838383839,1.2816786989465498,0.001,0.1,0.25
2,fusion_raw,,0.2869303819088611,0.2838383838383839,1.686335678319411,0.001,0.1,0.5
2,fusion_raw,,0.2869303819088611,0.2838383838383839,2.193739180635332,0.001,0.1,0.75
2,fusion_raw,,0.2869303819088611,0.2838383838383839,2.5250081711661245,0.001,0.1,0.9
2,fusion_raw,,0.2869303819088611,0.2838383838383839,2.75302309656971,0.001,0.1,1.0
2,fusion_raw,,0.6428161508505842,0.6403277729002049,1.0770717315175478,0.001,1.0,0.0
2,fusion_raw,,0.28721049395367904,0.2854864850279491,1.1769192404333033,0.001,1.0,0.1
2,fusion_raw,,0.2788003006080481,0.27593800538614327,1.5030806033132005,0.001,1.0,0.25
2,fusion_raw,,0.2788003006080481,0.27593800538614327,2.293453427724758,0.001,1.0,0.5
2,fusion_raw,,0.2788003006080481,0.27593800538614327,3.2084814478162706,0.001,1.0,0.75
2,fusion_raw,,0.2788003006080481,0.27593800538614327,3.7824745616805697,0.001,1.0,0.9
2,fusion_raw,,0.2788003006080481,0.27593800538614327,4.170867940753952,0.001,1.0,1.0
2,fusion_raw,,0.6428161508505842,0.6403277729002049,1.0770717315175478,0.001,10.0,0.0
2,fusion_raw,,0.2967343034774885,0.2948935368381383,1.2483456576706835,0.001,10.0,0.1
2,fusion_raw,,0.2788003006080481,0.2763017398404623,1.805312779030389,0.001,10.0,0.25
2,fusion_raw,,0.2788003006080481,0.2763017398404623,3.051161288792435,0.001,10.0,0.5
2,fusion_raw,,0.2788003006080481,0.2763017398404623,4.4178745323914095,0.001,10.0,0.75
2,fusion_raw,,0.2788003006080481,0.2763017398404623,5.257432027186747,0.001,10.0,0.9
2,fusion_raw,,0.2788003006080481,0.2763017398404623,5.821193695353671,0.001,10.0,1.0
2,fusion_raw,,0.6428161508505842,0.6403277729002049,0.9547768830650447,0.01,0.001,0.0
2,fusion_raw,,0.6327321172371387,0.6312863606981254,0.9707336528183914,0.01,0.001,0.1
2,fusion_raw,,0.5534262485481998,0.5564076897410231,0.9980501976976981,0.01,0.001,0.25
2,fusion_raw,,0.4707726993236319,0.4669193713969834,1.052400387761549,0.01,0.001,0.5
2,fusion_raw,,0.3945753911320626,0.3836683449274248,1.117226405695696,0.01,0.001,0.75
2,fusion_raw,,0.34412106305937007,0.3390393546590491,1.1608078494111076,0.01,0.001,0.9
2,fusion_raw,,0.32618706018992966,0.3208647757828086,1.1916930028363648,0.01,0.001,1.0
2,fusion_raw,,0.6428161508505842,0.6403277729002049,0.9547768830650447,0.01,0.01,0.0
2,fusion_raw,,0.5741477078636333,0.5796647796647797,0.9820534995446171,0.01,0.01,0.1
2,fusion_raw,,0.4707726993236319,0.4695102167488379,1.0433298001422024,0.01,0.01,0.25
2,fusion_raw,,0.3469085195053631,0.34274774243577516,1.1943692714849221,0.01,0.01,0.5
2,fusion_raw,,0.2933866229418597,0.2879990066430745,1.394875908913299,0.01,0.01,0.75
2,fusion_raw,,0.2933866229418597,0.2879990066430745,1.5334726469175703,0.01,0.01,0.9
2,fusion_raw,,0.28386281341805014,0.2790518660083878,1.6320094803764011,0.01,0.01,1.0
2,fusion_raw,,0.6428161508505842,0.6403277729002049,0.9547768830650447,0.01,0.1,0.0
2,fusion_raw,,0.5063605930176949,0.5048573163327262,1.0123667389426485,0.01,0.1,0.1
2,fusion_raw,,0.3471886315501811,0.34386516146267326,1.179505798487629,0.01,0.1,0.25
2,fusion_raw,,0.3048643847783015,0.3023093476093004,1.6115785202011845,0.01,0.1,0.5
2,fusion_raw,,0.2869303819088611,0.2838383838383839,2.153890874255558,0.01,0.1,0.75
2,fusion_raw,,0.2869303819088611,0.2838383838383839,2.5086408774339257,0.01,0.1,0.9
2,fusion_raw,,0.2869303819088611,0.2838383838383839,2.75302309656971,0.01,0.1,1.0
2,fusion_raw,,0.6428161508505842,0.6403277729002049,0.9547768830650447,0.01,1.0,0.0
2,fusion_raw,,0.4234269317483091,0.41599019403779,1.0604757847539674,0.01,1.0,0.1
2,fusion_raw,,0.32279838764774205,0.3210517428368994,1.397019963682857,0.01,1.0,0.25
2,fusion_raw,,0.28721049395367904,0.2854864850279491,2.2149571812864783,0.01,1.0,0.5
2,fusion_raw,,0.2788003006080481,0.27593800538614327,3.167148083879845,0.01,1.0,0.75
2,fusion_raw,,0.2788003006080481,0.27593800538614327,3.7656670251950426,0.01,1.0,0.9
2,fusion_raw,,0.2788003006080481,0.27593800538614327,4.170867940753952,0.01,1.0,1.0
2,fusion_raw,,0.6428161508505842,0.6403277729002049,0.9547768830650447,0.01,10.0,0.0
2,fusion_raw,,0.3569925531188085,0.35517212636492457,1.1294490070781005,0.01,10.0,0.1
2,fusion_raw,,0.30514449682311945,0.30415242699563777,1.6944023626924747,0.01,10.0,0.25
2,fusion_raw,,0.2967343034774885,0.2948935368381383,2.969747296668922,0.01,10.0,0.5
2,fusion_raw,,0.2788003006080481,0.2763017398404623,4.375869081937638,0.01,10.0,0.75
2,fusion_raw,,0.2788003006080481,0.2763017398404623,5.240499409341689,0.01,10.0,0.9
2,fusion_raw,,0.2788003006080481,0.2763017398404623,5.821193695353671,0.01,10.0,1.0
2,fusion_raw,,0.6428161508505842,0.6403277729002049,0.797047775304036,0.1,0.001,0.0
2,fusion_raw,,0.6425360388057663,0.6415427709545357,0.8099838529807484,0.1,0.001,0.1
2,fusion_raw,,0.6327321172371387,0.6312863606981254,0.8391591539486655,0.1,0.001,0.25
2,fusion_raw,,0.5727539796406367,0.5772049610024294,0.917024364976176,0.1,0.001,0.5
2,fusion_raw,,0.48057662089225933,0.47784631955154094,1.0345254655936764,0.1,0.001,0.75
2,fusion_raw,,0.4027054724328756,0.3902108257095942,1.1242181750704348,0.1,0.001,0.9
2,fusion_raw,,0.32618706018992966,0.3208647757828086,1.1916930028363648,0.1,0.001,1.0
2,fusion_raw,,0.6428161508505842,0.6403277729002049,0.797047775304036,0.1,0.01,0.0
2,fusion_raw,,0.6164719546355127,0.6182280491830335,0.81866817953127,0.1,0.01,0.1
2,fusion_raw,,0.5741477078636333,0.5796647796647797,0.8774677060634634,0.1,0.01,0.25
2,fusion_raw,,0.4707726993236319,0.47015957109990086,1.0491292777334504,0.1,0.01,0.5
2,fusion_raw,,0.3373847099815536,0.3327192336035372,1.3062095132120237,0.1,0.01,0.75
2,fusion_raw,,0.3015167042426727,0.29494538445063184,1.494654906388917,0.1,0.01,0.9
2,fusion_raw,,0.28386281341805014,0.2790518660083878,1.6320094803764011,0.1,0.01,1.0
2,fusion_raw,,0.6428161508505842,0.6403277729002049,0.797047775304036,0.1,0.1,0.0
2,fusion_raw,,0.5806039488966318,0.5841610198335344,0.8439884939203848,0.1,0.1,0.1
2,fusion_raw,,0.49655667144906745,0.49741019214703425,0.998762600730795,0.1,0.1,0.25
2,fusion_raw,,0.35531871285099403,0.35135579816679313,1.4475312222815089,0.1,0.1,0.5
2,fusion_raw,,0.3048643847783015,0.30214668204148043,2.055788576294794,0.1,0.1,0.75
2,fusion_raw,,0.2869303819088611,0.2838383838383839,2.4667179144140876,0.1,0.1,0.9
2,fusion_raw,,0.2869303819088611,0.2838383838383839,2.75302309656971,0.1,0.1,1.0
2,fusion_raw,,0.6428161508505842,0.6403277729002049,0.797047775304036,0.1,1.0,0.0
2,fusion_raw,,0.5371660859465738,0.5435453435453436,0.8847208157970983,0.1,1.0,0.1
2,fusion_raw,,0.4234269317483091,0.4171368293189701,1.1962907252068031,0.1,1.0,0.25
2,fusion_raw,,0.33092846894855504,0.3287717875678133,2.03251306035677,0.1,1.0,0.5
2,fusion_raw,,0.28721049395367904,0.2854864850279491,3.062709795671404,0.1,1.0,0.75
2,fusion_raw,,0.2788003006080481,0.27593800538614327,3.722137967143948,0.1,1.0,0.9
2,fusion_raw,,0.2788003006080481,0.27593800538614327,4.170867940753952,0.1,1.0,1.0
2,fusion_raw,,0.6428161508505842,0.6403277729002049,0.797047775304036,0.1,10.0,0.0
2,fusion_raw,,0.5578875452620072,0.5636807636807636,0.9424499174803337,0.1,10.0,0.1
2,fusion_raw,,0.3651226344196215,0.36314686779803057,1.4690307826395508,0.1,10.0,0.25
2,fusion_raw,,0.30514449682311945,0.30415242699563777,2.77194039299118,0.1,10.0,0.5
2,fusion_raw,,0.2967343034774885,0.2944130176688316,4.267895116706472,0.1,10.0,0.75
2,fusion_raw,,0.2788003006080481,0.2763017398404623,5.196281088315494,0.1,10.0,0.9
2,fusion_raw,,0.2788003006080481,0.2763017398404623,5.821193695353671,0.1,10.0,1.0
2,fusion_raw,,0.6428161508505842,0.6403277729002049,0.7984821754745216,1.0,0.001,0.0
2,fusion_raw,,0.6523399603743937,0.6508822237722494,0.795467807997384,1.0,0.001,0.1
2,fusion_raw,,0.6327321172371387,0.6312863606981254,0.8026317507856388,1.0,0.001,0.25
2,fusion_raw,,0.5534262485481998,0.5576923076923076,0.8560461442778089,1.0,0.001,0.5
2,fusion_raw,,0.5063605930176949,0.5042152556918572,0.9801340056147728,1.0,0.001,0.75
2,fusion_raw,,0.40577304092368655,0.3991578977114174,1.0960717218441378,1.0,0.001,0.9
2,fusion_raw,,0.32618706018992966,0.3208647757828086,1.1916930028363648,1.0,0.001,1.0
2,fusion_raw,,0.6428161508505842,0.6403277729002049,0.7984821754745216,1.0,0.01,0.0
2,fusion_raw,,0.6164719546355127,0.6182280491830335,0.8027391153882752,1.0,0.01,0.1
2,fusion_raw,,0.5741477078636333,0.5796647796647797,0.8361427868065315,1.0,0.01,0.25
2,fusion_raw,,0.5158844025415044,0.518357412333316,0.9792959713764173,1.0,0.01,0.5
2,fusion_raw,,0.4040992006558721,0.393906443568063,1.2459934489793347,1.0,0.01,0.75
2,fusion_raw,,0.3015167042426727,0.2943439942988723,1.4645602103190463,1.0,0.01,0.9
2,fusion_raw,,0.28386281341805014,0.2790518660083878,1.6320094803764011,1.0,0.01,1.0
2,fusion_raw,,0.6428161508505842,0.6403277729002049,0.7984821754745216,1.0,0.1,0.0
2,fusion_raw,,0.6002117920338867,0.6031689809467587,0.8248900352091527,1.0,0.1,0.1
2,fusion_raw,,0.5273621643779464,0.5328237163680202,0.9450742415104093,1.0,0.1,0.25
2,fusion_raw,,0.40577304092368655,0.40043615043615044,1.3566548871446535,1.0,0.1,0.5
2,fusion_raw,,0.32112454737992757,0.3173557570109294,1.9832871969687045,1.0,0.1,0.75
2,fusion_raw,,0.2950604632096741,0.29070998898585104,2.432833745649558,1.0,0.1,0.9
2,fusion_raw,,0.2869303819088611,0.2838383838383839,2.75302309656971,1.0,0.1,1.0
2,fusion_raw,,0.6428161508505842,0.6403277729002049,0.7984821754745216,1.0,1.0,0.0
2,fusion_raw,,0.5548199767711962,0.5621933621933621,0.8605245980716925,1.0,1.0,0.1
2,fusion_raw,,0.4609687777550045,0.4648100568111453,1.1242517760717616,1.0,1.0,0.25
2,fusion_raw,,0.34073239051718246,0.3398020971791464,1.9168777071906957,1.0,1.0,0.5
2,fusion_raw,,0.29534057525449203,0.2931376730324714,2.980599947389698,1.0,1.0,0.75
2,fusion_raw,,0.2869303819088611,0.28353540124914717,3.6859605322129174,1.0,1.0,0.9
2,fusion_raw,,0.2788003006080481,0.27593800538614327,4.170867940753952,1.0,1.0,1.0
2,fusion_raw,,0.6428161508505842,0.6403277729002049,0.7984821754745216,1.0,10.0,0.0
2,fusion_raw,,0.5564938170390108,0.5627705627705627,0.9100842272344533,1.0,10.0,0.1
2,fusion_raw,,0.4234269317483091,0.4185319620891308,1.3713946304107951,1.0,10.0,0.25
2,fusion_raw,,0.3132745781239325,0.3119508738781294,2.6311161620086088,1.0,10.0,0.5
2,fusion_raw,,0.2967343034774885,0.2944130176688316,4.179125433486524,1.0,10.0,0.75
2,fusion_raw,,0.2869303819088611,0.2838383838383839,5.158670109684605,1.0,10.0,0.9
2,fusion_raw,,0.2788003006080481,0.2763017398404623,5.821193695353671,1.0,10.0,1.0
2,fusion_raw,,0.6428161508505842,0.6403277729002049,0.859035088027354,10.0,0.001,0.0
2,fusion_raw,,0.6523399603743937,0.6508822237722494,0.8456597285376789,10.0,0.001,0.1
2,fusion_raw,,0.6327321172371387,0.6312863606981254,0.8361157071984808,10.0,0.001,0.25
2,fusion_raw,,0.5615563298490128,0.5646381424159203,0.8594330311747713,10.0,0.001,0.5
2,fusion_raw,,0.5161645145863224,0.5158107687519452,0.9614034577819307,10.0,0.001,0.75
2,fusion_raw,,0.4301632848261256,0.41967689496928634,1.0810978672544527,10.0,0.001,0.9
2,fusion_raw,,0.32618706018992966,0.3208647757828086,1.1916930028363648,10.0,0.001,1.0
2,fusion_raw,,0.6428161508505842,0.6403277729002049,0.859035088027354,10.0,0.01,0.0
2,fusion_raw,,0.6246020359363257,0.625165343915344,0.8526695802607149,10.0,0.01,0.1
2,fusion_raw,,0.5741477078636333,0.5796647796647797,0.8684987693528501,10.0,0.01,0.25
2,fusion_raw,,0.5433422149347543,0.546365003782037,0.9793028372291328,10.0,0.01,0.5
2,fusion_raw,,0.4122292819566851,0.4014625386728976,1.2237632940832235,10.0,0.01,0.75
2,fusion_raw,,0.30964678554348574,0.3015903711104665,1.4483935443931153,10.0,0.01,0.9
2,fusion_raw,,0.28386281341805014,0.2790518660083878,1.6320094803764011,10.0,0.01,1.0
2,fusion_raw,,0.6428161508505842,0.6403277729002049,0.859035088027354,10.0,0.1,0.0
2,fusion_raw,,0.6002117920338867,0.6031689809467587,0.8741829683272552,10.0,0.1,0.1
2,fusion_raw,,0.5273621643779464,0.5328237163680202,0.9740561630689226,10.0,0.1,0.25
2,fusion_raw,,0.40577304092368655,0.4013237639553429,1.345723105691875,10.0,0.1,0.5
2,fusion_raw,,0.3129944660791146,0.3098095172905226,1.9496988492275868,10.0,0.1,0.75
2,fusion_raw,,0.2950604632096741,0.29070998898585104,2.412933213066891,10.0,0.1,0.9
2,fusion_raw,,0.2869303819088611,0.2838383838383839,2.75302309656971,10.0,0.1,1.0
2,fusion_raw,,0.6428161508505842,0.6403277729002049,0.859035088027354,10.0,1.0,0.0
2,fusion_raw,,0.5548199767711962,0.5621933621933621,0.9087395861436215,10.0,1.0,0.1
2,fusion_raw,,0.4609687777550045,0.4648100568111453,1.1475802758003397,10.0,1.0,0.25
2,fusion_raw,,0.38138279702124755,0.3776000338559851,1.8877596566117658,10.0,1.0,0.5
2,fusion_raw,,0.3034706565553051,0.30077099042616284,2.9359411750803295,10.0,1.0,0.75
2,fusion_raw,,0.2869303819088611,0.28353540124914717,3.6634632678662564,10.0,1.0,0.9
2,fusion_raw,,0.2788003006080481,0.27593800538614327,4.170867940753952,10.0,1.0,1.0
2,fusion_raw,,0.6428161508505842,0.6403277729002049,0.859035088027354,10.0,10.0,0.0
2,fusion_raw,,0.5564938170390108,0.5627705627705627,0.9564673514046942,10.0,10.0,0.1
2,fusion_raw,,0.4332308533169366,0.4305280040518296,1.3852969297310056,10.0,10.0,0.25
2,fusion_raw,,0.3312085809933729,0.33056414788628663,2.5764380963185354,10.0,10.0,0.5
2,fusion_raw,,0.2967343034774885,0.2942898436473525,4.125621268993067,10.0,10.0,0.75
2,fusion_raw,,0.2869303819088611,0.283446257325988,5.134238551953848,10.0,10.0,0.9
2,fusion_raw,,0.2788003006080481,0.2763017398404623,5.821193695353671,10.0,10.0,1.0
2,fusion_trial_delta,,0.6428161508505842,0.6403277729002049,1.0770717315175478,0.001,0.001,0.0
2,fusion_trial_delta,,0.5170048507207761,0.5094210777902096,1.0820958544002854,0.001,0.001,0.1
2,fusion_trial_delta,,0.4164172986267678,0.4089618192800449,1.0921444529585034,0.001,0.001,0.25
2,fusion_trial_delta,,0.3348773655803785,0.3297063709543879,1.115267402974544,0.001,0.001,0.5
2,fusion_trial_delta,,0.3365512058481929,0.33284657887450375,1.1457318262677194,0.001,0.001,0.75
2,fusion_trial_delta,,0.3267472842795655,0.3225379121730259,1.167216296399939,0.001,0.001,0.9
2,fusion_trial_delta,,0.3267472842795655,0.32265205243928646,1.1827750777329418,0.001,0.001,1.0
2,fusion_trial_delta,,0.6428161508505842,0.6403277729002049,1.0770717315175478,0.001,0.01,0.0
2,fusion_trial_delta,,0.38026918084306893,0.3747607790160982,1.0928841152208677,0.001,0.01,0.1
2,fusion_trial_delta,,0.3365512058481929,0.3323201621073962,1.1360077384723855,0.001,0.01,0.25
2,fusion_trial_delta,,0.30713944114231057,0.2998050087137299,1.2526432491424468,0.001,0.01,0.5
2,fusion_trial_delta,,0.30713944114231057,0.2998050087137299,1.412778354159245,0.001,0.01,0.75
2,fusion_trial_delta,,0.30713944114231057,0.2998050087137299,1.5244832555239491,0.001,0.01,0.9
2,fusion_trial_delta,,0.30713944114231057,0.2998050087137299,1.60411224618939,0.001,0.01,1.0
2,fusion_trial_delta,,0.6428161508505842,0.6403277729002049,1.0770717315175478,0.001,0.1,0.0
2,fusion_trial_delta,,0.3365512058481929,0.33266733266733267,1.121371229212105,0.001,0.1,0.1
2,fusion_trial_delta,,0.3085331693653071,0.30242854072641306,1.264415493131456,0.001,0.1,0.25
2,fusion_trial_delta,,0.3004030880644941,0.2957974475239909,1.6435695899837797,0.001,0.1,0.5
2,fusion_trial_delta,,0.29087927854068457,0.2856395599654875,2.120643544860523,0.001,0.1,0.75
2,fusion_trial_delta,,0.29087927854068457,0.2856395599654875,2.432245397203986,0.001,0.1,0.9
2,fusion_trial_delta,,0.29087927854068457,0.2856395599654875,2.6467194115502197,0.001,0.1,1.0
2,fusion_trial_delta,,0.6428161508505842,0.6403277729002049,1.0770717315175478,0.001,1.0,0.0
2,fusion_trial_delta,,0.31020700963312153,0.30625177607274795,1.1669727332731665,0.001,1.0,0.1
2,fusion_trial_delta,,0.2746191159390586,0.2713672489268562,1.4690258797214633,0.001,1.0,0.25
2,fusion_trial_delta,,0.2746191159390586,0.2711782019026863,2.2064209484806714,0.001,1.0,0.5
2,fusion_trial_delta,,0.2746191159390586,0.2711782019026863,3.061517263974934,0.001,1.0,0.75
2,fusion_trial_delta,,0.2664890346382455,0.2641208721152621,3.5981883103945833,0.001,1.0,0.9
2,fusion_trial_delta,,0.2664890346382455,0.2641208721152621,3.961477528482584,0.001,1.0,1.0
2,fusion_trial_delta,,0.6428161508505842,0.6403277729002049,1.0770717315175478,0.001,10.0,0.0
2,fusion_trial_delta,,0.284423037507686,0.2821992821992822,1.231988386042832,0.001,10.0,0.1
2,fusion_trial_delta,,0.284423037507686,0.2821992821992822,1.7448382492218681,0.001,10.0,0.25
2,fusion_trial_delta,,0.284423037507686,0.2821992821992822,2.8979242434779997,0.001,10.0,0.5
2,fusion_trial_delta,,0.284423037507686,0.2821992821992822,4.165796578787998,0.001,10.0,0.75
2,fusion_trial_delta,,0.284423037507686,0.2821992821992822,4.945925411332513,0.001,10.0,0.9
2,fusion_trial_delta,,0.284423037507686,0.2821992821992822,5.470221424990021,0.001,10.0,1.0
2,fusion_trial_delta,,0.6428161508505842,0.6403277729002049,0.9547768830650447,0.01,0.001,0.0
2,fusion_trial_delta,,0.6136844981895196,0.6113565320726445,0.9695102273064437,0.01,0.001,0.1
2,fusion_trial_delta,,0.5539864726378356,0.5539864726378356,0.9951759724119618,0.01,0.001,0.25
2,fusion_trial_delta,,0.4811368449818952,0.47606925703814756,1.047195772207446,0.01,0.001,0.5
2,fusion_trial_delta,,0.39848329575732727,0.3918318903854101,1.1100637666165476,0.01,0.001,0.75
2,fusion_trial_delta,,0.3446812871490059,0.3400868075871533,1.1525767312080206,0.01,0.001,0.9
2,fusion_trial_delta,,0.3267472842795655,0.32265205243928646,1.1827750777329418,0.01,0.001,1.0
2,fusion_trial_delta,,0.6428161508505842,0.6403277729002049,0.9547768830650447,0.01,0.01,0.0
2,fusion_trial_delta,,0.5452961672473867,0.5516792016000877,0.9795975590309757,0.01,0.01,0.1
2,fusion_trial_delta,,0.4825305732048917,0.4802528631658842,1.0375872343016244,0.01,0.01,0.25
2,fusion_trial_delta,,0.3528113684498189,0.346376528753578,1.1828957452815332,0.01,0.01,0.5
2,fusion_trial_delta,,0.3365512058481929,0.3323201621073962,1.3761194543170074,0.01,0.01,0.75
2,fusion_trial_delta,,0.30713944114231057,0.2998050087137299,1.5094475553457551,0.01,0.01,0.9
2,fusion_trial_delta,,0.30713944114231057,0.2998050087137299,1.60411224618939,0.01,0.01,1.0
2,fusion_trial_delta,,0.6428161508505842,0.6403277729002049,0.9547768830650447,0.01,0.1,0.0
2,fusion_trial_delta,,0.5181184668989548,0.517776341305753,1.0070701465353116,0.01,0.1,0.1
2,fusion_trial_delta,,0.40127075220332037,0.39919632606199773,1.1638002608816367,0.01,0.1,0.25
2,fusion_trial_delta,,0.31861720297875246,0.3147678833764534,1.5713418702374118,0.01,0.1,0.5
2,fusion_trial_delta,,0.3004030880644941,0.29561612956642036,2.082698022417315,0.01,0.1,0.75
2,fusion_trial_delta,,0.3004030880644941,0.2957974475239909,2.4167485321548203,0.01,0.1,0.9
2,fusion_trial_delta,,0.29087927854068457,0.2856395599654875,2.6467194115502197,0.01,0.1,1.0
2,fusion_trial_delta,,0.6428161508505842,0.6403277729002049,0.9547768830650447,0.01,1.0,0.0
2,fusion_trial_delta,,0.46292273006763685,0.4610090787939363,1.0514099967105297,0.01,1.0,0.1
2,fusion_trial_delta,,0.3393386622941859,0.33791269316715455,1.3656770964230938,0.01,1.0,0.25
2,fusion_trial_delta,,0.300683200109312,0.2964440812140442,2.1317467758676467,0.01,1.0,0.5
2,fusion_trial_delta,,0.2746191159390586,0.2713672489268562,3.0225431981283304,0.01,1.0,0.75
2,fusion_trial_delta,,0.2746191159390586,0.2711782019026863,3.5823489123130474,0.01,1.0,0.9
2,fusion_trial_delta,,0.2664890346382455,0.2641208721152621,3.961477528482584,0.01,1.0,1.0
2,fusion_trial_delta,,0.6428161508505842,0.6403277729002049,0.9547768830650447,0.01,10.0,0.0
2,fusion_trial_delta,,0.4205984832957574,0.41956276763579,1.1146405731107054,0.01,10.0,0.1
2,fusion_trial_delta,,0.3298148527703764,0.32807391613361764,1.6384737756839032,0.01,10.0,0.25
2,fusion_trial_delta,,0.284423037507686,0.2821992821992822,2.8215422162669945,0.01,10.0,0.5
2,fusion_trial_delta,,0.284423037507686,0.2821992821992822,4.126300354322175,0.01,10.0,0.75
2,fusion_trial_delta,,0.284423037507686,0.2821992821992822,4.929942155922073,0.01,10.0,0.9
2,fusion_trial_delta,,0.284423037507686,0.2821992821992822,5.470221424990021,0.01,10.0,1.0
2,fusion_trial_delta,,0.6428161508505842,0.6403277729002049,0.797047775304036,0.1,0.001,0.0
2,fusion_trial_delta,,0.6523399603743937,0.6508822237722494,0.8089492781340745,0.1,0.001,0.1
2,fusion_trial_delta,,0.6232083077133292,0.6217625511743158,0.8366509378542673,0.1,0.001,0.25
2,fusion_trial_delta,,0.5635102821616452,0.5659041394335512,0.9122361827107942,0.1,0.001,0.5
2,fusion_trial_delta,,0.49739700758352123,0.49101577785231143,1.0275997918453281,0.1,0.001,0.75
2,fusion_trial_delta,,0.3968094554895129,0.38949938949938945,1.116072726824703,0.1,0.001,0.9
2,fusion_trial_delta,,0.3267472842795655,0.32265205243928646,1.1827750777329418,0.1,0.001,1.0
2,fusion_trial_delta,,0.6428161508505842,0.6403277729002049,0.797047775304036,0.1,0.01,0.0
2,fusion_trial_delta,,0.6055544168887067,0.6046176046176046,0.8167607712933086,0.1,0.01,0.1
2,fusion_trial_delta,,0.5548199767711962,0.561698717948718,0.873007168981392,0.1,0.01,0.25
2,fusion_trial_delta,,0.4825305732048917,0.4808136080365902,1.0397136069242734,0.1,0.01,0.5
2,fusion_trial_delta,,0.36094144975063197,0.3533209731980224,1.2889949993681875,0.1,0.01,0.75
2,fusion_trial_delta,,0.3365512058481929,0.3323201621073962,1.4712928962879144,0.1,0.01,0.9
2,fusion_trial_delta,,0.30713944114231057,0.2998050087137299,1.60411224618939,0.1,0.01,1.0
2,fusion_trial_delta,,0.6428161508505842,0.6403277729002049,0.797047775304036,0.1,0.1,0.0
2,fusion_trial_delta,,0.5713602514176402,0.5748945526723305,0.8398204842164834,0.1,0.1,0.1
2,fusion_trial_delta,,0.5099883855981417,0.5137126455724017,0.9867082277676174,0.1,0.1,0.25
2,fusion_trial_delta,,0.3914668306346929,0.38909313725490197,1.4134997899242705,0.1,0.1,0.5
2,fusion_trial_delta,,0.32814101250256206,0.3246650488694847,1.9889020394258923,0.1,0.1,0.75
2,fusion_trial_delta,,0.3085331693653071,0.30242854072641306,2.376598486854427,0.1,0.1,0.9
2,fusion_trial_delta,,0.29087927854068457,0.2856395599654875,2.6467194115502197,0.1,0.1,1.0
2,fusion_trial_delta,,0.6428161508505842,0.6403277729002049,0.797047775304036,0.1,1.0,0.0
2,fusion_trial_delta,,0.5455762792922046,0.5494246383135273,0.8777116110523024,0.1,1.0,0.1
2,fusion_trial_delta,,0.47272665163626426,0.47133857042856026,1.1721577048878893,0.1,1.0,0.25
2,fusion_trial_delta,,0.3569925531188085,0.3549684674016964,1.9595786619585085,0.1,1.0,0.5
2,fusion_trial_delta,,0.300683200109312,0.2963622746482641,2.9237154918691606,0.1,1.0,0.75
2,fusion_trial_delta,,0.2746191159390586,0.2713672489268562,3.540868523582122,0.1,1.0,0.9
2,fusion_trial_delta,,0.2664890346382455,0.2641208721152621,3.961477528482584,0.1,1.0,1.0
2,fusion_trial_delta,,0.6428161508505842,0.6403277729002049,0.797047775304036,0.1,10.0,0.0
2,fusion_trial_delta,,0.5262485481997677,0.5299430239189276,0.9316247458803425,0.1,10.0,0.1
2,fusion_trial_delta,,0.4287285645965704,0.4272256028848321,1.4262932992826916,0.1,10.0,0.25
2,fusion_trial_delta,,0.3379449340711895,0.33548132354102506,2.6383503674112583,0.1,10.0,0.5
2,fusion_trial_delta,,0.284423037507686,0.2821992821992822,4.024578100498418,0.1,10.0,0.75
2,fusion_trial_delta,,0.284423037507686,0.2821992821992822,4.887827209122369,0.1,10.0,0.9
2,fusion_trial_delta,,0.284423037507686,0.2821992821992822,5.470221424990021,0.1,10.0,1.0
2,fusion_trial_delta,,0.6428161508505842,0.6403277729002049,0.7984821754745216,1.0,0.001,0.0
2,fusion_trial_delta,,0.6523399603743937,0.6508822237722494,0.7944802833019743,1.0,0.001,0.1
2,fusion_trial_delta,,0.6234884197581471,0.6205736025753584,0.800181490863363,1.0,0.001,0.25
2,fusion_trial_delta,,0.5635102821616452,0.5659041394335512,0.8511593479799099,1.0,0.001,0.5
2,fusion_trial_delta,,0.5343786295005807,0.5328533316852591,0.972871849077954,1.0,0.001,0.75
2,fusion_trial_delta,,0.4082872173259548,0.40215333918156304,1.0876585192126034,1.0,0.001,0.9
2,fusion_trial_delta,,0.3267472842795655,0.32265205243928646,1.1827750777329418,1.0,0.001,1.0
2,fusion_trial_delta,,0.6428161508505842,0.6403277729002049,0.7984821754745216,1.0,0.01,0.0
2,fusion_trial_delta,,0.6136844981895196,0.6113565320726445,0.8009582357865999,1.0,0.01,0.1
2,fusion_trial_delta,,0.5452961672473867,0.5516792016000877,0.8319530748697753,1.0,0.01,0.25
2,fusion_trial_delta,,0.5004645760743321,0.501260697934718,0.9703361857586063,1.0,0.01,0.5
2,fusion_trial_delta,,0.3900731024116964,0.3861152580253704,1.2289933640636295,1.0,0.01,0.75
2,fusion_trial_delta,,0.3365512058481929,0.3323201621073962,1.4411095974781858,1.0,0.01,0.9
2,fusion_trial_delta,,0.30713944114231057,0.2998050087137299,1.60411224618939,1.0,0.01,1.0
2,fusion_trial_delta,,0.6428161508505842,0.6403277729002049,0.7984821754745216,1.0,0.1,0.0
2,fusion_trial_delta,,0.5713602514176402,0.5748945526723305,0.8210411108839045,1.0,0.1,0.1
2,fusion_trial_delta,,0.5262485481997677,0.5299430239189276,0.9345304124718847,1.0,0.1,0.25
2,fusion_trial_delta,,0.4435949989751998,0.44022067608405374,1.3268992110633775,1.0,0.1,0.5
2,fusion_trial_delta,,0.3284211245473799,0.32553107478480614,1.9197535732814008,1.0,0.1,0.75
2,fusion_trial_delta,,0.3085331693653071,0.3023698710747339,2.343794428207652,1.0,0.1,0.9
2,fusion_trial_delta,,0.29087927854068457,0.2856395599654875,2.6467194115502197,1.0,0.1,1.0
2,fusion_trial_delta,,0.6428161508505842,0.6403277729002049,0.7984821754745216,1.0,1.0,0.0
2,fusion_trial_delta,,0.5646238983398236,0.571006771006771,0.8542149918626539,1.0,1.0,0.1
2,fusion_trial_delta,,0.5083145453303274,0.5102877262474556,1.1042062686814316,1.0,1.0,0.25
2,fusion_trial_delta,,0.39118671858987497,0.38826291819657405,1.8535705342130053,1.0,1.0,0.5
2,fusion_trial_delta,,0.311880849900936,0.3100361243123966,2.8469667549729305,1.0,1.0,0.75
2,fusion_trial_delta,,0.300683200109312,0.2964440812140442,3.50624465538491,1.0,1.0,0.9
2,fusion_trial_delta,,0.2664890346382455,0.2641208721152621,3.961477528482584,1.0,1.0,1.0
2,fusion_trial_delta,,0.6428161508505842,0.6403277729002049,0.7984821754745216,1.0,10.0,0.0
2,fusion_trial_delta,,0.5439024390243903,0.5484413580246913,0.9008478357274395,1.0,10.0,0.1
2,fusion_trial_delta,,0.47105281136844984,0.4710131273161234,1.337929185796042,1.0,10.0,0.25
2,fusion_trial_delta,,0.34914258386281344,0.34846345514950167,2.5140328459185928,1.0,10.0,0.5
2,fusion_trial_delta,,0.31048712167793946,0.3073653788941307,3.9426593968042765,1.0,10.0,0.75
2,fusion_trial_delta,,0.284423037507686,0.2820371732263885,4.852086326637218,1.0,10.0,0.9
2,fusion_trial_delta,,0.284423037507686,0.2821992821992822,5.470221424990021,1.0,10.0,1.0
2,fusion_trial_delta,,0.6428161508505842,0.6403277729002049,0.859035088027354,10.0,0.001,0.0
2,fusion_trial_delta,,0.6428161508505842,0.6403277729002049,0.844672909145906,10.0,0.001,0.1
2,fusion_trial_delta,,0.6234884197581471,0.6205736025753584,0.8336367045534695,10.0,0.001,0.25
2,fusion_trial_delta,,0.5635102821616452,0.5659041394335512,0.8543396774867188,10.0,0.001,0.5
2,fusion_trial_delta,,0.5343786295005807,0.5328533316852591,0.9536176009953343,10.0,0.001,0.75
2,fusion_trial_delta,,0.44080754252920684,0.43082437275985663,1.072234923705348,10.0,0.001,0.9
2,fusion_trial_delta,,0.3267472842795655,0.32265205243928646,1.1827750777329418,10.0,0.001,1.0
2,fusion_trial_delta,,0.6428161508505842,0.6403277729002049,0.859035088027354,10.0,0.01,0.0
2,fusion_trial_delta,,0.6041606886657102,0.6008194322505122,0.8508855816568336,10.0,0.01,0.1
2,fusion_trial_delta,,0.5452961672473867,0.5516792016000877,0.8642400150074363,10.0,0.01,0.25
2,fusion_trial_delta,,0.5004645760743321,0.501260697934718,0.9699863373178478,10.0,0.01,0.5
2,fusion_trial_delta,,0.42426726788276287,0.4190109361028956,1.2062026820727163,10.0,0.01,0.75
2,fusion_trial_delta,,0.31861720297875246,0.3145299145299145,1.4244286638757937,10.0,0.01,0.9
2,fusion_trial_delta,,0.30713944114231057,0.2998050087137299,1.60411224618939,10.0,0.01,1.0
2,fusion_trial_delta,,0.6428161508505842,0.6403277729002049,0.859035088027354,10.0,0.1,0.0
2,fusion_trial_delta,,0.5811641729862677,0.5840495262108657,0.8703483261862098,10.0,0.1,0.1
2,fusion_trial_delta,,0.5452961672473867,0.5514309764309764,0.9636475318331168,10.0,0.1,0.25
2,fusion_trial_delta,,0.4517250802760128,0.4477218377893402,1.3174704802433916,10.0,0.1,0.5
2,fusion_trial_delta,,0.3463551274168204,0.3438681340201499,1.8885784535869152,10.0,0.1,0.75
2,fusion_trial_delta,,0.3166632506661201,0.30952073930797336,2.324532485063811,10.0,0.1,0.9
2,fusion_trial_delta,,0.29087927854068457,0.2856395599654875,2.6467194115502197,10.0,0.1,1.0
2,fusion_trial_delta,,0.6428161508505842,0.6403277729002049,0.859035088027354,10.0,1.0,0.0
2,fusion_trial_delta,,0.5646238983398236,0.571006771006771,0.9024935160653897,10.0,1.0,0.1
2,fusion_trial_delta,,0.5083145453303274,0.5102877262474556,1.1283530988302704,10.0,1.0,0.25
2,fusion_trial_delta,,0.407446881191501,0.40388074229247345,1.830375403492297,10.0,1.0,0.5
2,fusion_trial_delta,,0.311880849900936,0.3100361243123966,2.8074631433291026,10.0,1.0,0.75
2,fusion_trial_delta,,0.300683200109312,0.2963622746482641,3.4850050097881415,10.0,1.0,0.9
2,fusion_trial_delta,,0.2664890346382455,0.2641208721152621,3.961477528482584,10.0,1.0,1.0
2,fusion_trial_delta,,0.6428161508505842,0.6403277729002049,0.859035088027354,10.0,10.0,0.0
2,fusion_trial_delta,,0.5439024390243903,0.5484413580246913,0.9474170275396252,10.0,10.0,0.1
2,fusion_trial_delta,,0.48085673293707726,0.4817037592731516,1.3543877577671295,10.0,10.0,0.25
2,fusion_trial_delta,,0.35727266516362644,0.3566915655150949,2.47254306461702,10.0,10.0,0.5
2,fusion_trial_delta,,0.30235704037712646,0.3001158687244388,3.8967245027226327,10.0,10.0,0.75
2,fusion_trial_delta,,0.284423037507686,0.2820371732263885,4.829373203169672,10.0,10.0,0.9
2,fusion_trial_delta,,0.284423037507686,0.2821992821992822,5.470221424990021,10.0,10.0,1.0
2,fusion_water_delta,,0.6428161508505842,0.6403277729002049,1.0770717315175478,0.001,0.001,0.0
2,fusion_water_delta,,0.4564664890346382,0.45714285714285713,1.0837025349070921,0.001,0.001,0.1
2,fusion_water_delta,,0.37632028421124547,0.3767429193899783,1.0956696746448304,0.001,0.001,0.25
2,fusion_water_delta,,0.3418460066953611,0.34079857124633245,1.1208685685078257,0.001,0.001,0.5
2,fusion_water_delta,,0.3415658946505431,0.3397372113790024,1.1523401629749022,0.001,0.001,0.75
2,fusion_water_delta,,0.32530573204891716,0.3223288887075219,1.1740664778239989,0.001,0.001,0.9
2,fusion_water_delta,,0.3171756507481041,0.3140531364060775,1.189676902953937,0.001,0.001,1.0
2,fusion_water_delta,,0.6428161508505842,0.6403277729002049,1.0770717315175478,0.001,0.01,0.0
2,fusion_water_delta,,0.37436633189861307,0.3720721556978867,1.0901414182133848,0.001,0.01,0.1
2,fusion_water_delta,,0.3205643232902918,0.31270147953831845,1.1286446161740804,0.001,0.01,0.25
2,fusion_water_delta,,0.3110405137664822,0.3046558528486239,1.2365686836542205,0.001,0.01,0.5
2,fusion_water_delta,,0.30291043246566923,0.29674796747967486,1.3866023437590342,0.001,0.01,0.75
2,fusion_water_delta,,0.30291043246566923,0.29674796747967486,1.4914733920144163,0.001,0.01,0.9
2,fusion_water_delta,,0.30291043246566923,0.29674796747967486,1.5662212579291828,0.001,0.01,1.0
2,fusion_water_delta,,0.6428161508505842,0.6403277729002049,1.0770717315175478,0.001,0.1,0.0
2,fusion_water_delta,,0.35643232902917266,0.3519074421513446,1.1108208278686016,0.001,0.1,0.1
2,fusion_water_delta,,0.35643232902917266,0.35137844611528823,1.2396013248506406,0.001,0.1,0.25
2,fusion_water_delta,,0.3469085195053631,0.341938422458722,1.5898025113033107,0.001,0.1,0.5
2,fusion_water_delta,,0.3371045979367357,0.33011494252873563,2.028058163588586,0.001,0.1,0.75
2,fusion_water_delta,,0.3371045979367357,0.33002202829789035,2.313332719369676,0.001,0.1,0.9
2,fusion_water_delta,,0.3371045979367357,0.33002202829789035,2.5095783824921867,0.001,0.1,1.0
2,fusion_water_delta,,0.6428161508505842,0.6403277729002049,1.0770717315175478,0.001,1.0,0.0
2,fusion_water_delta,,0.37436633189861307,0.36977831133295774,1.1517943264259842,0.001,1.0,0.1
2,fusion_water_delta,,0.37436633189861307,0.36999947514827064,1.4371847062148435,0.001,1.0,0.25
2,fusion_water_delta,,0.3648425223748036,0.3607744107744108,2.1299041532143996,0.001,1.0,0.5
2,fusion_water_delta,,0.3648425223748036,0.3607744107744108,2.926480514186153,0.001,1.0,0.75
2,fusion_water_delta,,0.3648425223748036,0.3607744107744108,3.426350365409006,0.001,1.0,0.9
2,fusion_water_delta,,0.3648425223748036,0.3607744107744108,3.765048682026355,0.001,1.0,1.0
2,fusion_water_delta,,0.6428161508505842,0.6403277729002049,1.0770717315175478,0.001,10.0,0.0
2,fusion_water_delta,,0.3567124410739906,0.35376257440669595,1.2055127353512707,0.001,10.0,0.1
2,fusion_water_delta,,0.36623625059780013,0.3625774279583345,1.6731266813847494,0.001,10.0,0.25
2,fusion_water_delta,,0.36623625059780013,0.36257239697303617,2.714273297040867,0.001,10.0,0.5
2,fusion_water_delta,,0.36623625059780013,0.36257239697303617,3.857962766537396,0.001,10.0,0.75
2,fusion_water_delta,,0.36623625059780013,0.36257239697303617,4.56365422148103,0.001,10.0,0.9
2,fusion_water_delta,,0.36623625059780013,0.36257239697303617,5.038679787263202,0.001,10.0,1.0
2,fusion_water_delta,,0.6428161508505842,0.6403277729002049,0.9547768830650447,0.01,0.001,0.0
2,fusion_water_delta,,0.6327321172371387,0.6320508837337752,0.971243956144332,0.01,0.001,0.1
2,fusion_water_delta,,0.5411149825783972,0.5403558383409921,0.9989509007870728,0.01,0.001,0.25
2,fusion_water_delta,,0.4466625674660108,0.4476190476190476,1.053077534565706,0.01,0.001,0.5
2,fusion_water_delta,,0.37632028421124547,0.3767429193899783,1.1168382663450267,0.01,0.001,0.75
2,fusion_water_delta,,0.3337159253945481,0.33227913746374077,1.159495142601924,0.01,0.001,0.9
2,fusion_water_delta,,0.3171756507481041,0.3140531364060775,1.189676902953937,0.01,0.001,1.0
2,fusion_water_delta,,0.6428161508505842,0.6403277729002049,0.9547768830650447,0.01,0.01,0.0
2,fusion_water_delta,,0.5517524082803854,0.5581401720642227,0.9769936611913905,0.01,0.01,0.1
2,fusion_water_delta,,0.478342556534809,0.4756369272498305,1.030285308975626,0.01,0.01,0.25
2,fusion_water_delta,,0.36456241032998565,0.36035583192987003,1.1666049566170897,0.01,0.01,0.5
2,fusion_water_delta,,0.3110405137664822,0.3046558528486239,1.3497283023424647,0.01,0.01,0.75
2,fusion_water_delta,,0.3110405137664822,0.3046558528486239,1.4763387294893715,0.01,0.01,0.9
2,fusion_water_delta,,0.30291043246566923,0.29674796747967486,1.5662212579291828,0.01,0.01,1.0
2,fusion_water_delta,,0.6428161508505842,0.6403277729002049,0.9547768830650447,0.01,0.1,0.0
2,fusion_water_delta,,0.49878390380542464,0.4977782450238295,0.9961916573678153,0.01,0.1,0.1
2,fusion_water_delta,,0.3998701919792307,0.3919115056718101,1.1379267508199908,0.01,0.1,0.25
2,fusion_water_delta,,0.34662840746054524,0.33980238217526343,1.516450187168155,0.01,0.1,0.5
2,fusion_water_delta,,0.35643232902917266,0.35092267058473703,1.9895527809649862,0.01,0.1,0.75
2,fusion_water_delta,,0.3469085195053631,0.341938422458722,2.2976237540651887,0.01,0.1,0.9
2,fusion_water_delta,,0.3371045979367357,0.33002202829789035,2.5095783824921867,0.01,0.1,1.0
2,fusion_water_delta,,0.6428161508505842,0.6403277729002049,0.9547768830650447,0.01,1.0,0.0
2,fusion_water_delta,,0.4629158980665437,0.457365938181799,1.0352917940242645,0.01,1.0,0.1
2,fusion_water_delta,,0.35643232902917266,0.35229983851643487,1.331980386377806,0.01,1.0,0.25
2,fusion_water_delta,,0.3824964131994261,0.37734027059543657,2.054022524045313,0.01,1.0,0.5
2,fusion_water_delta,,0.3648425223748036,0.3607744107744108,2.887059974614198,0.01,1.0,0.75
2,fusion_water_delta,,0.3648425223748036,0.3607744107744108,3.4103601466895386,0.01,1.0,0.9
2,fusion_water_delta,,0.3648425223748036,0.3607744107744108,3.765048682026355,0.01,1.0,1.0
2,fusion_water_delta,,0.6428161508505842,0.6403277729002049,0.9547768830650447,0.01,10.0,0.0
2,fusion_water_delta,,0.4032178725148596,0.401021471753179,1.086768024874477,0.01,10.0,0.1
2,fusion_water_delta,,0.3471886315501811,0.34529861381007904,1.5644815641689025,0.01,10.0,0.25
2,fusion_water_delta,,0.3567124410739906,0.35376257440669595,2.6366400274337223,0.01,10.0,0.5
2,fusion_water_delta,,0.36623625059780013,0.3625774279583345,3.8180594899657048,0.01,10.0,0.75
2,fusion_water_delta,,0.36623625059780013,0.36257239697303617,4.547539545232306,0.01,10.0,0.9
2,fusion_water_delta,,0.36623625059780013,0.36257239697303617,5.038679787263202,0.01,10.0,1.0
2,fusion_water_delta,,0.6428161508505842,0.6403277729002049,0.797047775304036,0.1,0.001,0.0
2,fusion_water_delta,,0.6232083077133292,0.6217625511743158,0.8110008912204386,0.1,0.001,0.1
2,fusion_water_delta,,0.6038805766208922,0.6019823313940961,0.8411312428978261,0.1,0.001,0.25
2,fusion_water_delta,,0.5394411423105828,0.5385499353490723,0.9190709698585421,0.1,0.001,0.5
2,fusion_water_delta,,0.4270547243287559,0.4289920261705173,1.0350900442801836,0.1,0.001,0.75
2,fusion_water_delta,,0.37632028421124547,0.37655728208273703,1.1233500696511696,0.1,0.001,0.9
2,fusion_water_delta,,0.3171756507481041,0.3140531364060775,1.189676902953937,0.1,0.001,1.0
2,fusion_water_delta,,0.6428161508505842,0.6403277729002049,0.797047775304036,0.1,0.01,0.0
2,fusion_water_delta,,0.6243219238915078,0.6255518191002062,0.8145268292307082,0.1,0.01,0.1
2,fusion_water_delta,,0.5517524082803854,0.5581401720642227,0.8658314111536973,0.1,0.01,0.25
2,fusion_water_delta,,0.4794561727129876,0.47777777777777786,1.0228916687433707,0.1,0.01,0.5
2,fusion_water_delta,,0.3642822982851677,0.35838795219487385,1.2626025456021985,0.1,0.01,0.75
2,fusion_water_delta,,0.3110405137664822,0.3046558528486239,1.4384087119803275,0.1,0.01,0.9
2,fusion_water_delta,,0.30291043246566923,0.29674796747967486,1.5662212579291828,0.1,0.01,1.0
2,fusion_water_delta,,0.6428161508505842,0.6403277729002049,0.797047775304036,0.1,0.1,0.0
2,fusion_water_delta,,0.5517524082803854,0.5581401720642227,0.8278026513237846,0.1,0.1,0.1
2,fusion_water_delta,,0.49878390380542464,0.498233284013246,0.9566070469120513,0.1,0.1,0.25
2,fusion_water_delta,,0.40939400150304023,0.40065082912037703,1.3551270320793793,0.1,0.1,0.5
2,fusion_water_delta,,0.34662840746054524,0.3400651715946794,1.8954015313252985,0.1,0.1,0.75
2,fusion_water_delta,,0.35643232902917266,0.35137844611528823,2.2577124940367157,0.1,0.1,0.9
2,fusion_water_delta,,0.3371045979367357,0.33002202829789035,2.5095783824921867,0.1,0.1,1.0
2,fusion_water_delta,,0.6428161508505842,0.6403277729002049,0.797047775304036,0.1,1.0,0.0
2,fusion_water_delta,,0.5626699460271913,0.566142738185749,0.8578858811829669,0.1,1.0,0.1
2,fusion_water_delta,,0.4531119764979163,0.4464795008912655,1.1303864895526192,0.1,1.0,0.25
2,fusion_water_delta,,0.36595613855298215,0.360744322960471,1.8787360555267942,0.1,1.0,0.5
2,fusion_water_delta,,0.3824964131994261,0.37734027059543657,2.788683879078752,0.1,1.0,0.75
2,fusion_water_delta,,0.37436633189861307,0.36999947514827064,3.3694104990398537,0.1,1.0,0.9
2,fusion_water_delta,,0.3648425223748036,0.3607744107744108,3.765048682026355,0.1,1.0,1.0
2,fusion_water_delta,,0.6428161508505842,0.6403277729002049,0.797047775304036,0.1,10.0,0.0
2,fusion_water_delta,,0.5071940971510556,0.507712561902769,0.8981593514208762,0.1,10.0,0.1
2,fusion_water_delta,,0.44832957573273213,0.445606851569686,1.3437625871314935,0.1,10.0,0.25
2,fusion_water_delta,,0.36623625059780013,0.3631153599166394,2.451984924639841,0.1,10.0,0.5
2,fusion_water_delta,,0.3567124410739906,0.35376257440669595,3.7175253185550465,0.1,10.0,0.75
2,fusion_water_delta,,0.36623625059780013,0.3625774279583345,4.506174383068945,0.1,10.0,0.9
2,fusion_water_delta,,0.36623625059780013,0.36257239697303617,5.038679787263202,0.1,10.0,1.0
2,fusion_water_delta,,0.6428161508505842,0.6403277729002049,0.7984821754745216,1.0,0.001,0.0
2,fusion_water_delta,,0.6330122292819568,0.631119377922447,0.796680397640658,1.0,0.001,0.1
2,fusion_water_delta,,0.6041606886657102,0.6008194322505122,0.8049474945908249,1.0,0.001,0.25
2,fusion_water_delta,,0.5492450638792102,0.5476689366160293,0.858134658221558,1.0,0.001,0.5
2,fusion_water_delta,,0.5015781922525108,0.5058237232150277,0.9803282420363334,1.0,0.001,0.75
2,fusion_water_delta,,0.3925804468128715,0.3925207258540592,1.094985921092973,1.0,0.001,0.9
2,fusion_water_delta,,0.3171756507481041,0.3140531364060775,1.189676902953937,1.0,0.001,1.0
2,fusion_water_delta,,0.6428161508505842,0.6403277729002049,0.7984821754745216,1.0,0.01,0.0
2,fusion_water_delta,,0.6243219238915078,0.6255518191002062,0.7989807389720215,1.0,0.01,0.1
2,fusion_water_delta,,0.5517524082803854,0.5581401720642227,0.8245263776692601,1.0,0.01,0.25
2,fusion_water_delta,,0.4976702876272461,0.49772774650823437,0.9510347070145911,1.0,0.01,0.5
2,fusion_water_delta,,0.3822163011546082,0.37777777777777777,1.201209619029831,1.0,0.01,0.75
2,fusion_water_delta,,0.3205643232902918,0.31388888888888894,1.4082325298084883,1.0,0.01,0.9
2,fusion_water_delta,,0.30291043246566923,0.29674796747967486,1.5662212579291828,1.0,0.01,1.0
2,fusion_water_delta,,0.6428161508505842,0.6403277729002049,0.7984821754745216,1.0,0.1,0.0
2,fusion_water_delta,,0.5612762178041949,0.5661736411736412,0.8084485259554576,1.0,0.1,0.1
2,fusion_water_delta,,0.525128100020496,0.5284770175071493,0.8994863074088039,1.0,0.1,0.25
2,fusion_water_delta,,0.44330805492928876,0.43335754054708303,1.2604537847280393,1.0,0.1,0.5
2,fusion_water_delta,,0.3917401106784177,0.3842902951446669,1.8248504515448871,1.0,0.1,0.75
2,fusion_water_delta,,0.35643232902917266,0.35137844611528823,2.2255403271197074,1.0,0.1,0.9
2,fusion_water_delta,,0.3371045979367357,0.33002202829789035,2.5095783824921867,1.0,0.1,1.0
2,fusion_water_delta,,0.6428161508505842,0.6403277729002049,0.7984821754745216,1.0,1.0,0.0
2,fusion_water_delta,,0.5531461365033818,0.5607435227688393,0.8318811511972196,1.0,1.0,0.1
2,fusion_water_delta,,0.48028967684634827,0.4715533650331835,1.0511732309027728,1.0,1.0,0.25
2,fusion_water_delta,,0.3917401106784177,0.3861890162132598,1.7630789783222376,1.0,1.0,0.5
2,fusion_water_delta,,0.38389014142242267,0.37919799498746865,2.7121984040034377,1.0,1.0,0.75
2,fusion_water_delta,,0.37436633189861307,0.36999947514827064,3.336167011104918,1.0,1.0,0.9
2,fusion_water_delta,,0.3648425223748036,0.3607744107744108,3.765048682026355,1.0,1.0,1.0
2,fusion_water_delta,,0.6428161508505842,0.6403277729002049,0.7984821754745216,1.0,10.0,0.0
2,fusion_water_delta,,0.5450160552025688,0.5495069745069746,0.8629943330735893,1.0,10.0,0.1
2,fusion_water_delta,,0.4707658673225388,0.46288946721607743,1.2406727096567036,1.0,10.0,0.25
2,fusion_water_delta,,0.38556398169023703,0.3841673559415495,2.3202719473038833,1.0,10.0,0.5
2,fusion_water_delta,,0.374646443943431,0.37262146939566293,3.6376707712465954,1.0,10.0,0.75
2,fusion_water_delta,,0.36623625059780013,0.3625774279583345,4.472431010498867,1.0,10.0,0.9
2,fusion_water_delta,,0.36623625059780013,0.36257239697303617,5.038679787263202,1.0,10.0,1.0
2,fusion_water_delta,,0.6428161508505842,0.6403277729002049,0.859035088027354,10.0,0.001,0.0
2,fusion_water_delta,,0.6330122292819568,0.631119377922447,0.8468919057670423,10.0,0.001,0.1
2,fusion_water_delta,,0.5946368791419007,0.590137547556336,0.8383781953022933,10.0,0.001,0.25
2,fusion_water_delta,,0.5492450638792102,0.5476689366160293,0.8607625843027749,10.0,0.001,0.5
2,fusion_water_delta,,0.5097082735533238,0.5137581019933961,0.9599481552306939,10.0,0.001,0.75
2,fusion_water_delta,,0.4007105281136845,0.40145299145299146,1.0790159048607288,10.0,0.001,0.9
2,fusion_water_delta,,0.3171756507481041,0.3140531364060775,1.189676902953937,10.0,0.001,1.0
2,fusion_water_delta,,0.6428161508505842,0.6403277729002049,0.859035088027354,10.0,0.01,0.0
2,fusion_water_delta,,0.6341258454601352,0.6352830325433065,0.8489578563694341,10.0,0.01,0.1
2,fusion_water_delta,,0.5517524082803854,0.5581401720642227,0.8564954070623012,10.0,0.01,0.25
2,fusion_water_delta,,0.505800368928059,0.5052770839987504,0.9473829121341713,10.0,0.01,0.5
2,fusion_water_delta,,0.40660654505704713,0.4008002748982649,1.1746658612801386,10.0,0.01,0.75
2,fusion_water_delta,,0.3188904830224773,0.31001255492780916,1.3906230907485242,10.0,0.01,0.9
2,fusion_water_delta,,0.30291043246566923,0.29674796747967486,1.5662212579291828,10.0,0.01,1.0
2,fusion_water_delta,,0.6428161508505842,0.6403277729002049,0.859035088027354,10.0,0.1,0.0
2,fusion_water_delta,,0.5615563298490128,0.5660256410256409,0.857626860322682,10.0,0.1,0.1
2,fusion_water_delta,,0.5349320215891235,0.5388888888888889,0.9261206210743874,10.0,0.1,0.25
2,fusion_water_delta,,0.4690920270547243,0.4556306674662451,1.2407524966374657,10.0,0.1,0.5
2,fusion_water_delta,,0.39313383890141423,0.3850841964348623,1.7889995375619858,10.0,0.1,0.75
2,fusion_water_delta,,0.35643232902917266,0.35137844611528823,2.206238603004184,10.0,0.1,0.9
2,fusion_water_delta,,0.3371045979367357,0.33002202829789035,2.5095783824921867,10.0,0.1,1.0
2,fusion_water_delta,,0.6428161508505842,0.6403277729002049,0.859035088027354,10.0,1.0,0.0
2,fusion_water_delta,,0.5531461365033818,0.5607435227688393,0.8795360067193128,10.0,1.0,0.1
2,fusion_water_delta,,0.4693721390995423,0.46355996530036864,1.0687310540910655,10.0,1.0,0.25
2,fusion_water_delta,,0.4063264330122293,0.39618015227771325,1.7233592706629268,10.0,1.0,0.5
2,fusion_water_delta,,0.3852838696454191,0.38055555555555554,2.6693383710385645,10.0,1.0,0.75
2,fusion_water_delta,,0.37436633189861307,0.36999947514827064,3.315884253999488,10.0,1.0,0.9
2,fusion_water_delta,,0.3648425223748036,0.3607744107744108,3.765048682026355,10.0,1.0,1.0
2,fusion_water_delta,,0.6428161508505842,0.6403277729002049,0.859035088027354,10.0,10.0,0.0
2,fusion_water_delta,,0.5450160552025688,0.5495069745069746,0.908294110802806,10.0,10.0,0.1
2,fusion_water_delta,,0.4707658673225388,0.4642954826428017,1.246238113961206,10.0,10.0,0.25
2,fusion_water_delta,,0.3936940629910501,0.3921370270457218,2.260550063513851,10.0,10.0,0.5
2,fusion_water_delta,,0.38277652524424405,0.3806262230919766,3.5902726208450946,10.0,10.0,0.75
2,fusion_water_delta,,0.36623625059780013,0.3625774279583345,4.451528810125101,10.0,10.0,0.9
2,fusion_water_delta,,0.36623625059780013,0.36257239697303617,5.038679787263202,10.0,10.0,1.0
3,code_only,0.001,0.6079111295681062,0.5947784096744599,1.0803500391777379,,,
3,code_only,0.01,0.6079111295681062,0.5947784096744599,0.9750142211558641,,,
3,code_only,0.1,0.6079111295681062,0.5947784096744599,0.8250117709526066,,,
3,code_only,1.0,0.6079111295681062,0.5947784096744599,0.7990192651981189,,,
3,code_only,10.0,0.6079111295681062,0.5947784096744599,0.810071899999379,,,
3,face_raw,0.001,0.3391818936877076,0.3348684210526316,1.151285756841512,,,
3,face_raw,0.01,0.32610049833887045,0.3248981065882474,1.4015158311808933,,,
3,face_raw,0.1,0.32432862679955704,0.3229671912121732,2.1027423623107344,,,
3,face_raw,1.0,0.3398325027685493,0.3382502640929608,3.053262606742177,,,
3,face_raw,10.0,0.3562292358803987,0.3521611628203493,4.151923490473959,,,
3,face_trial_delta,0.001,0.3198920265780731,0.318204523260135,1.1603354207437997,,,
3,face_trial_delta,0.01,0.3216638981173865,0.32070899553204907,1.3960537620607862,,,
3,face_trial_delta,0.1,0.3085825027685493,0.30832919711015877,2.0177902571646458,,,
3,face_trial_delta,1.0,0.3163344407530454,0.3151112615735143,2.8684102584010494,,,
3,face_trial_delta,10.0,0.3112472314507198,0.3108142133257798,3.8222691219612406,,,
3,face_water_delta,0.001,0.39853266888150607,0.39585429593605004,1.1048732511187966,,,
3,face_water_delta,0.01,0.376155869324474,0.37688821883150075,1.2921223772202934,,,
3,face_water_delta,0.1,0.36484634551495015,0.3647023723901312,1.9004244695777457,,,
3,face_water_delta,1.0,0.38810215946843857,0.3867491754493398,2.76444477463981,,,
3,face_water_delta,10.0,0.37082641196013294,0.369926527147821,3.7088764269893013,,,
3,fusion_raw,,0.6079111295681062,0.5947784096744599,1.0803500391777379,0.001,0.001,0.0
3,fusion_raw,,0.4816375968992248,0.46582491582491575,1.0836015873848983,0.001,0.001,0.1
3,fusion_raw,,0.4574750830564784,0.4524223576535222,1.0901584711108692,0.001,0.001,0.25
3,fusion_raw,,0.39013012181616835,0.3873023275899296,1.105443075590341,0.001,0.001,0.5
3,fusion_raw,,0.35645764119601325,0.35337606837606833,1.1259262257209068,0.001,0.001,0.75
3,fusion_raw,,0.3391818936877076,0.3348684210526316,1.1405782786232441,0.001,0.001,0.9
3,fusion_raw,,0.3391818936877076,0.3348684210526316,1.151285756841512,0.001,0.001,1.0
3,fusion_raw,,0.6079111295681062,0.5947784096744599,1.0803500391777379,0.001,0.01,0.0
3,fusion_raw,,0.4279969545957918,0.4267077311853431,1.0870321673091983,0.001,0.01,0.1
3,fusion_raw,,0.3520210409745293,0.3501760563380281,1.1092655229422141,0.001,0.01,0.25
3,fusion_raw,,0.33651716500553713,0.33415714138605707,1.1764249668220024,0.001,0.01,0.5
3,fusion_raw,,0.32610049833887045,0.3248981065882474,1.2759833525666895,0.001,0.01,0.75
3,fusion_raw,,0.32610049833887045,0.3248981065882474,1.3485799102598075,0.001,0.01,0.9
3,fusion_raw,,0.32610049833887045,0.3248981065882474,1.4015158311808933,0.001,0.01,1.0
3,fusion_raw,,0.6079111295681062,0.5947784096744599,1.0803500391777379,0.001,0.1,0.0
3,fusion_raw,,0.3726121262458471,0.3709935897435897,1.0979793688874515,0.001,0.1,0.1
3,fusion_raw,,0.3320805647840532,0.33080808080808083,1.1747747438876757,0.001,0.1,0.25
3,fusion_raw,,0.3320805647840532,0.33054830741397906,1.4095050007227905,0.001,0.1,0.5
3,fusion_raw,,0.32432862679955704,0.3229671912121732,1.7313450509654424,0.001,0.1,0.75
3,fusion_raw,,0.32432862679955704,0.3229671912121732,1.9498656306922322,0.001,0.1,0.9
3,fusion_raw,,0.32432862679955704,0.3229671912121732,2.1027423623107344,0.001,0.1,1.0
3,fusion_raw,,0.6079111295681062,0.5947784096744599,1.0803500391777379,0.001,1.0,0.0
3,fusion_raw,,0.35800110741971203,0.35570286195286194,1.118616812285677,0.001,1.0,0.1
3,fusion_raw,,0.3398325027685493,0.3382502640929608,1.293421019580456,0.001,1.0,0.25
3,fusion_raw,,0.3398325027685493,0.3382502640929608,1.7840607295988709,0.001,1.0,0.5
3,fusion_raw,,0.3398325027685493,0.3382502640929608,2.39348023341414,0.001,1.0,0.75
3,fusion_raw,,0.3398325027685493,0.3382502640929608,2.785510772265518,0.001,1.0,0.9
3,fusion_raw,,0.3398325027685493,0.3382502640929608,3.053262606742177,0.001,1.0,1.0
3,fusion_raw,,0.6079111295681062,0.5947784096744599,1.0803500391777379,0.001,10.0,0.0
3,fusion_raw,,0.35800110741971203,0.35570286195286194,1.1518146332441055,0.001,10.0,0.1
3,fusion_raw,,0.3562292358803987,0.3521611628203493,1.465735915376348,0.001,10.0,0.25
3,fusion_raw,,0.3562292358803987,0.3521611628203493,2.2637904170504592,0.001,10.0,0.5
3,fusion_raw,,0.3562292358803987,0.3521611628203493,3.186412019479617,0.001,10.0,0.75
3,fusion_raw,,0.3562292358803987,0.3521611628203493,3.7627020860578115,0.001,10.0,0.9
3,fusion_raw,,0.3562292358803987,0.3521611628203493,4.151923490473959,0.001,10.0,1.0
3,fusion_raw,,0.6079111295681062,0.5947784096744599,0.9750142211558641,0.01,0.001,0.0
3,fusion_raw,,0.5656076965669988,0.5513155033702979,0.9868591981794768,0.01,0.001,0.1
3,fusion_raw,,0.5066652823920266,0.49985569985569983,1.007106260634306,0.01,0.001,0.25
3,fusion_raw,,0.48518133997785157,0.474696271470465,1.04738726186474,0.01,0.001,0.5
3,fusion_raw,,0.4160506644518272,0.4121185765021382,1.095585527042551,0.01,0.001,0.75
3,fusion_raw,,0.37971345514950167,0.3784134387010407,1.1281360434547212,0.01,0.001,0.9
3,fusion_raw,,0.3391818936877076,0.3348684210526316,1.151285756841512,0.01,0.001,1.0
3,fusion_raw,,0.6079111295681062,0.5947784096744599,0.9750142211558641,0.01,0.01,0.0
3,fusion_raw,,0.5266057585825027,0.5184567329145643,0.9901394983534686,0.01,0.01,0.1
3,fusion_raw,,0.4980066445182724,0.49423076923076925,1.0258995785498934,0.01,0.01,0.25
3,fusion_raw,,0.41072120708748616,0.40871831319592516,1.1180767855551945,0.01,0.01,0.5
3,fusion_raw,,0.34426910299003327,0.3422619047619047,1.245586415022427,0.01,0.01,0.75
3,fusion_raw,,0.33651716500553713,0.33415714138605707,1.336164466011444,0.01,0.01,0.9
3,fusion_raw,,0.32610049833887045,0.3248981065882474,1.4015158311808933,0.01,0.01,1.0
3,fusion_raw,,0.6079111295681062,0.5947784096744599,0.9750142211558641,0.01,0.1,0.0
3,fusion_raw,,0.5084371539313399,0.49641943734015354,1.0011115099804988,0.01,0.1,0.1
3,fusion_raw,,0.4288898117386489,0.4270833333333333,1.0915431241912656,0.01,0.1,0.25
3,fusion_raw,,0.3553363787375415,0.3534111721611721,1.3518881669549754,0.01,0.1,0.5
3,fusion_raw,,0.3320805647840532,0.33080808080808083,1.7019266381406273,0.01,0.1,0.75
3,fusion_raw,,0.3320805647840532,0.33054830741397906,1.9380104006880152,0.01,0.1,0.9
3,fusion_raw,,0.32432862679955704,0.3229671912121732,2.1027423623107344,0.01,0.1,1.0
3,fusion_raw,,0.6079111295681062,0.5947784096744599,0.9750142211558641,0.01,1.0,0.0
3,fusion_raw,,0.4601398117386489,0.457070707070707,1.0217463604821437,0.01,1.0,0.1
3,fusion_raw,,0.39078073089700993,0.3885869565217391,1.21041159021826,0.01,1.0,0.25
3,fusion_raw,,0.35800110741971203,0.35570286195286194,1.72746545441542,0.01,1.0,0.5
3,fusion_raw,,0.3398325027685493,0.3382502640929608,2.3649588021852064,0.01,1.0,0.75
3,fusion_raw,,0.3398325027685493,0.3382502640929608,2.7740706925492025,0.01,1.0,0.9
3,fusion_raw,,0.3398325027685493,0.3382502640929608,3.053262606742177,0.01,1.0,1.0
3,fusion_raw,,0.6079111295681062,0.5947784096744599,0.9750142211558641,0.01,10.0,0.0
3,fusion_raw,,0.436641749723145,0.43447802197802193,1.0545672537047803,0.01,10.0,0.1
3,fusion_raw,,0.36575304540420817,0.36297036297036295,1.3824965229843138,0.01,10.0,0.25
3,fusion_raw,,0.35024916943521595,0.3479844457487842,2.207496451758185,0.01,10.0,0.5
3,fusion_raw,,0.3562292358803987,0.3521611628203493,3.1580963955054173,0.01,10.0,0.75
3,fusion_raw,,0.3562292358803987,0.3521611628203493,3.7513482164325276,0.01,10.0,0.9
3,fusion_raw,,0.3562292358803987,0.3521611628203493,4.151923490473959,0.01,10.0,1.0
3,fusion_raw,,0.6079111295681062,0.5947784096744599,0.8250117709526066,0.1,0.001,0.0
3,fusion_raw,,0.5924072535991141,0.5815261668047501,0.8365541099761663,0.1,0.001,0.1
3,fusion_raw,,0.5551910299003322,0.5434854497354498,0.8615161543833514,0.1,0.001,0.25
3,fusion_raw,,0.5161890919158361,0.5112223561282613,0.925980347850996,0.1,0.001,0.5
3,fusion_raw,,0.5110880398671096,0.5078097882679625,1.0220553047757295,0.1,0.001,0.75
3,fusion_raw,,0.44972314507198224,0.4449314318295648,1.0956175761837865,0.1,0.001,0.9
3,fusion_raw,,0.3391818936877076,0.3348684210526316,1.151285756841512,0.1,0.001,1.0
3,fusion_raw,,0.6079111295681062,0.5947784096744599,0.8250117709526066,0.1,0.01,0.0
3,fusion_raw,,0.5578557585825027,0.5434091578669892,0.8391756274063132,0.1,0.01,0.1
3,fusion_raw,,0.5361295681063123,0.5300977252196765,0.8783043643713975,0.1,0.01,0.25
3,fusion_raw,,0.5188399778516057,0.5151515151515151,0.9937193102101471,0.1,0.01,0.5
3,fusion_raw,,0.4202450166112957,0.4191840618806912,1.1706454549039038,0.1,0.01,0.75
3,fusion_raw,,0.34426910299003327,0.3422619047619047,1.3033619788229232,0.1,0.01,0.9
3,fusion_raw,,0.32610049833887045,0.3248981065882474,1.4015158311808933,0.1,0.01,1.0
3,fusion_raw,,0.6079111295681062,0.5947784096744599,0.8250117709526066,0.1,0.1,0.0
3,fusion_raw,,0.5465462347729789,0.5379724024302338,0.8491996455231214,0.1,0.1,0.1
3,fusion_raw,,0.5387942967884828,0.528930923180758,0.9401678696779758,0.1,0.1,0.25
3,fusion_raw,,0.4288898117386489,0.4277574277574278,1.223522290119961,0.1,0.1,0.5
3,fusion_raw,,0.3648601882613511,0.36374158249158245,1.627278517582656,0.1,0.1,0.75
3,fusion_raw,,0.3320805647840532,0.33080808080808083,1.9063058696342488,0.1,0.1,0.9
3,fusion_raw,,0.32432862679955704,0.3229671912121732,2.1027423623107344,0.1,0.1,1.0
3,fusion_raw,,0.6079111295681062,0.5947784096744599,0.8250117709526066,0.1,1.0,0.0
3,fusion_raw,,0.5093300110741971,0.5004720416013434,0.8678893507703355,0.1,1.0,0.1
3,fusion_raw,,0.4982488925802879,0.4945042230706931,1.0524221440113037,0.1,1.0,0.25
3,fusion_raw,,0.39078073089700993,0.3888568868407578,1.5947839579660323,0.1,1.0,0.5
3,fusion_raw,,0.35800110741971203,0.35570286195286194,2.290718610230634,0.1,1.0,0.75
3,fusion_raw,,0.3398325027685493,0.3382502640929608,2.7431575159150294,0.1,1.0,0.9
3,fusion_raw,,0.3398325027685493,0.3382502640929608,3.053262606742177,0.1,1.0,1.0
3,fusion_raw,,0.6079111295681062,0.5947784096744599,0.8250117709526066,0.1,10.0,0.0
3,fusion_raw,,0.5170819490586932,0.5064208782104391,0.8967310970850683,0.1,10.0,0.1
3,fusion_raw,,0.4461655592469546,0.4457647953074048,1.2148041296918817,0.1,10.0,0.25
3,fusion_raw,,0.3752768549280177,0.373526936026936,2.0698345424364257,0.1,10.0,0.5
3,fusion_raw,,0.35800110741971203,0.35570286195286194,3.0830473846921844,0.1,10.0,0.75
3,fusion_raw,,0.36575304540420817,0.36297036297036295,3.720442183381275,0.1,10.0,0.9
3,fusion_raw,,0.3562292358803987,0.3521611628203493,4.151923490473959,0.1,10.0,1.0
3,fusion_raw,,0.6079111295681062,0.5947784096744599,0.799019265198119,1.0,0.001,0.0
3,fusion_raw,,0.6010520487264673,0.5842816531664917,0.7990188049076764,1.0,0.001,0.1
3,fusion_raw,,0.5656076965669988,0.5513155033702979,0.8083013864441161,1.0,0.001,0.25
3,fusion_raw,,0.5465462347729789,0.5393569844789358,0.8568992686996157,1.0,0.001,0.5
3,fusion_raw,,0.5033499446290144,0.4978595395117436,0.9642333464289307,1.0,0.001,0.75
3,fusion_raw,,0.47564368770764115,0.4718362211928861,1.0657958786405626,1.0,0.001,0.9
3,fusion_raw,,0.3391818936877076,0.3348684210526316,1.151285756841512,1.0,0.001,1.0
3,fusion_raw,,0.6079111295681062,0.5947784096744599,0.799019265198119,1.0,0.01,0.0
3,fusion_raw,,0.5578557585825027,0.5434091578669892,0.8012746461738408,1.0,0.01,0.1
3,fusion_raw,,0.5361295681063123,0.5300977252196765,0.8234800996738586,1.0,0.01,0.25
3,fusion_raw,,0.5197328349944629,0.5172743190998769,0.921027087803502,1.0,0.01,0.5
3,fusion_raw,,0.4461655592469546,0.4453289110005528,1.1106004383121493,1.0,0.01,0.75
3,fusion_raw,,0.3848006644518272,0.38400076827043117,1.273142278168419,1.0,0.01,0.9
3,fusion_raw,,0.32610049833887045,0.3248981065882474,1.4015158311808933,1.0,0.01,1.0
3,fusion_raw,,0.6079111295681062,0.5947784096744599,0.799019265198119,1.0,0.1,0.0
3,fusion_raw,,0.5474390919158361,0.5346960898180411,0.8105666660270853,1.0,0.1,0.1
3,fusion_raw,,0.5292704872646733,0.5183840789837061,0.8810986529749778,1.0,0.1,0.25
3,fusion_raw,,0.4842746400885936,0.48385058832820027,1.1427055352289148,1.0,0.1,0.5
3,fusion_raw,,0.4003045404208195,0.39965715555508524,1.5654465519618568,1.0,0.1,0.75
3,fusion_raw,,0.3398325027685493,0.33856106440376105,1.8771544467245622,1.0,0.1,0.9
3,fusion_raw,,0.32432862679955704,0.3229671912121732,2.1027423623107344,1.0,0.1,1.0
3,fusion_raw,,0.6079111295681062,0.5947784096744599,0.799019265198119,1.0,1.0,0.0
3,fusion_raw,,0.5197466777408638,0.5082948802460998,0.827569931649605,1.0,1.0,0.1
3,fusion_raw,,0.5370085825027685,0.5327635327635328,0.9844716036857427,1.0,1.0,0.25
3,fusion_raw,,0.4279969545957918,0.4282217300539384,1.5026115392059045,1.0,1.0,0.5
3,fusion_raw,,0.3752768549280177,0.3737891737891738,2.226772969711673,1.0,1.0,0.75
3,fusion_raw,,0.3398325027685493,0.3382502640929608,2.7144578302875133,1.0,1.0,0.9
3,fusion_raw,,0.3398325027685493,0.3382502640929608,3.053262606742177,1.0,1.0,1.0
3,fusion_raw,,0.6079111295681062,0.5947784096744599,0.799019265198119,1.0,10.0,0.0
3,fusion_raw,,0.5292704872646733,0.5198608719490778,0.8529800225399797,1.0,10.0,0.1
3,fusion_raw,,0.4955841638981174,0.4938333246649676,1.1322366651803826,1.0,10.0,0.25
3,fusion_raw,,0.41072120708748616,0.4103163472027427,1.965845433231716,1.0,10.0,0.5
3,fusion_raw,,0.35800110741971203,0.35570286195286194,3.016125316308483,1.0,10.0,0.75
3,fusion_raw,,0.36575304540420817,0.36297036297036295,3.69134192595647,1.0,10.0,0.9
3,fusion_raw,,0.3562292358803987,0.3521611628203493,4.151923490473959,1.0,10.0,1.0
3,fusion_raw,,0.6079111295681062,0.5947784096744599,0.810071899999379,10.0,0.001,0.0
3,fusion_raw,,0.6010520487264673,0.5842816531664917,0.8046501466117828,10.0,0.001,0.1
3,fusion_raw,,0.5760243632336656,0.5577257351027842,0.8045577491661797,10.0,0.001,0.25
3,fusion_raw,,0.5569629014396457,0.5473797835976252,0.8349220212017886,10.0,0.001,0.5
3,fusion_raw,,0.513766611295681,0.5071992976294996,0.9310320660365854,10.0,0.001,0.75
3,fusion_raw,,0.47564368770764115,0.47377299283992996,1.0436043735965959,10.0,0.001,0.9
3,fusion_raw,,0.3391818936877076,0.3348684210526316,1.151285756841512,10.0,0.001,1.0
3,fusion_raw,,0.6079111295681062,0.5947784096744599,0.810071899999379,10.0,0.01,0.0
3,fusion_raw,,0.5578557585825027,0.5434091578669892,0.806853120318379,10.0,0.01,0.1
3,fusion_raw,,0.5465462347729789,0.5382473635063011,0.8193423933184253,10.0,0.01,0.25
3,fusion_raw,,0.5197328349944629,0.5168165927399854,0.8972784106534961,10.0,0.01,0.5
3,fusion_raw,,0.473857973421927,0.47472347614899285,1.0753932681599536,10.0,0.01,0.75
3,fusion_raw,,0.3952173311184939,0.39477495543672014,1.2505610925696395,10.0,0.01,0.9
3,fusion_raw,,0.32610049833887045,0.3248981065882474,1.4015158311808933,10.0,0.01,1.0
3,fusion_raw,,0.6079111295681062,0.5947784096744599,0.810071899999379,10.0,0.1,0.0
3,fusion_raw,,0.5474390919158361,0.5346960898180411,0.8160307947373173,10.0,0.1,0.1
3,fusion_raw,,0.5292704872646733,0.5183531746031745,0.8757426903994829,10.0,0.1,0.25
3,fusion_raw,,0.5051079734219269,0.5054739946044294,1.1133987525746205,10.0,0.1,0.5
3,fusion_raw,,0.4098283499446291,0.4104475234910017,1.5270352628218613,10.0,0.1,0.75
3,fusion_raw,,0.34758444075304534,0.346233164983165,1.855275968075572,10.0,0.1,0.9
3,fusion_raw,,0.32432862679955704,0.3229671912121732,2.1027423623107344,10.0,0.1,1.0
3,fusion_raw,,0.6079111295681062,0.5947784096744599,0.810071899999379,10.0,1.0,0.0
3,fusion_raw,,0.5301633444075304,0.5159839979352174,0.8326819949006092,10.0,1.0,0.1
3,fusion_raw,,0.5370085825027685,0.5327635327635328,0.9758564825940838,10.0,1.0,0.25
3,fusion_raw,,0.4461655592469546,0.4464766991285795,1.4622170578921085,10.0,1.0,0.5
3,fusion_raw,,0.3830287929125138,0.38172214259170784,2.1839407801345274,10.0,1.0,0.75
3,fusion_raw,,0.34758444075304534,0.34586894586894584,2.6924164903615595,10.0,1.0,0.9
3,fusion_raw,,0.3398325027685493,0.3382502640929608,3.053262606742177,10.0,1.0,1.0
3,fusion_raw,,0.6079111295681062,0.5947784096744599,0.810071899999379,10.0,10.0,0.0
3,fusion_raw,,0.5292704872646733,0.5198608719490778,0.8572777648580683,10.0,10.0,0.1
3,fusion_raw,,0.4955841638981174,0.49501291021156085,1.1165951323310812,10.0,10.0,0.25
3,fusion_raw,,0.41847314507198224,0.4187717327341786,1.9118262785848406,10.0,10.0,0.5
3,fusion_raw,,0.35800110741971203,0.35570286195286194,2.9684064882307206,10.0,10.0,0.75
3,fusion_raw,,0.35800110741971203,0.3553818210534628,3.6684096923568545,10.0,10.0,0.9
3,fusion_raw,,0.3562292358803987,0.3521611628203493,4.151923490473959,10.0,10.0,1.0
3,fusion_trial_delta,,0.6079111295681062,0.5947784096744599,1.0803500391777379,0.001,0.001,0.0
3,fusion_trial_delta,,0.484952934662237,0.4638272042629537,1.0848210340602984,0.001,0.001,0.1
3,fusion_trial_delta,,0.4167151162790698,0.4044763332619405,1.0930830495238444,0.001,0.001,0.25
3,fusion_trial_delta,,0.367296511627907,0.35927352484887387,1.1108634101731725,0.001,0.001,0.5
3,fusion_trial_delta,,0.31812015503875973,0.31512889388639015,1.1333914533128302,0.001,0.001,0.75
3,fusion_trial_delta,,0.3103682170542636,0.3076896456256922,1.1490494811780356,0.001,0.001,0.9
3,fusion_trial_delta,,0.3198920265780731,0.318204523260135,1.1603354207437997,0.001,0.001,1.0
3,fusion_trial_delta,,0.6079111295681062,0.5947784096744599,1.0803500391777379,0.001,0.01,0.0
3,fusion_trial_delta,,0.4167012735326689,0.41332417582417574,1.0896120666354363,0.001,0.01,0.1
3,fusion_trial_delta,,0.3553363787375415,0.3528671208674991,1.1144615506228808,0.001,0.01,0.25
3,fusion_trial_delta,,0.3371677740863787,0.3357286096256685,1.1823570148520635,0.001,0.01,0.5
3,fusion_trial_delta,,0.3216638981173865,0.32070899553204907,1.2781587426244818,0.001,0.01,0.75
3,fusion_trial_delta,,0.3216638981173865,0.32070899553204907,1.3465835909025181,0.001,0.01,0.9
3,fusion_trial_delta,,0.3216638981173865,0.32070899553204907,1.3960537620607862,0.001,0.01,1.0
3,fusion_trial_delta,,0.6079111295681062,0.5947784096744599,1.0803500391777379,0.001,0.1,0.0
3,fusion_trial_delta,,0.37084025470653376,0.3694805542181565,1.1015531453625782,0.001,0.1,0.1
3,fusion_trial_delta,,0.3371677740863787,0.33698687996620996,1.1767938501604918,0.001,0.1,0.25
3,fusion_trial_delta,,0.3267511074197121,0.3263325964136576,1.3925306770603896,0.001,0.1,0.5
3,fusion_trial_delta,,0.31899916943521595,0.3192773328366549,1.683065530781452,0.001,0.1,0.75
3,fusion_trial_delta,,0.3085825027685493,0.30832919711015877,1.8799670889367297,0.001,0.1,0.9
3,fusion_trial_delta,,0.3085825027685493,0.30832919711015877,2.0177902571646458,0.001,0.1,1.0
3,fusion_trial_delta,,0.6079111295681062,0.5947784096744599,1.0803500391777379,0.001,1.0,0.0
3,fusion_trial_delta,,0.3699473975636766,0.36901011321623295,1.1216734305704312,0.001,1.0,0.1
3,fusion_trial_delta,,0.33450304540420817,0.33309112569141314,1.28322387979855,0.001,1.0,0.25
3,fusion_trial_delta,,0.3163344407530454,0.3151112615735143,1.7234620363351512,0.001,1.0,0.5
3,fusion_trial_delta,,0.3163344407530454,0.3151112615735143,2.27170324508908,0.001,1.0,0.75
3,fusion_trial_delta,,0.3163344407530454,0.3151112615735143,2.6259390147650548,0.001,1.0,0.9
3,fusion_trial_delta,,0.3163344407530454,0.3151112615735143,2.8684102584010494,0.001,1.0,1.0
3,fusion_trial_delta,,0.6079111295681062,0.5947784096744599,1.0803500391777379,0.001,10.0,0.0
3,fusion_trial_delta,,0.3440268549280177,0.3429200179441259,1.1496863435783193,0.001,10.0,0.1
3,fusion_trial_delta,,0.3267511074197121,0.3257900890494912,1.426003263261157,0.001,10.0,0.25
3,fusion_trial_delta,,0.31899916943521595,0.31834282099936745,2.12985816340196,0.001,10.0,0.5
3,fusion_trial_delta,,0.3112472314507198,0.3108142133257798,2.953890133022485,0.001,10.0,0.75
3,fusion_trial_delta,,0.3112472314507198,0.3108142133257798,3.4716797085057327,0.001,10.0,0.9
3,fusion_trial_delta,,0.3112472314507198,0.3108142133257798,3.82226912196124,0.001,10.0,1.0
3,fusion_trial_delta,,0.6079111295681062,0.5947784096744599,0.9750142211558641,0.01,0.001,0.0
3,fusion_trial_delta,,0.5620501107419712,0.5535444947209652,0.9880910036700578,0.01,0.001,0.1
3,fusion_trial_delta,,0.484952934662237,0.47225359181880916,1.0100587343260472,0.01,0.001,0.25
3,fusion_trial_delta,,0.4962486157253599,0.4816998280520757,1.0528462115920603,0.01,0.001,0.5
3,fusion_trial_delta,,0.39588178294573645,0.38527510438329227,1.1030775586562729,0.01,0.001,0.75
3,fusion_trial_delta,,0.3491279069767442,0.3430401164248802,1.136618779163758,0.01,0.001,0.9
3,fusion_trial_delta,,0.3198920265780731,0.318204523260135,1.1603354207437997,0.01,0.001,1.0
3,fusion_trial_delta,,0.6079111295681062,0.5947784096744599,0.9750142211558641,0.01,0.01,0.0
3,fusion_trial_delta,,0.4745362679955703,0.46471483942414177,0.9928663610574804,0.01,0.01,0.1
3,fusion_trial_delta,,0.4822743632336655,0.47371031746031744,1.0314032392381243,0.01,0.01,0.25
3,fusion_trial_delta,,0.4062846068660022,0.4028100723752898,1.1243790638872373,0.01,0.01,0.5
3,fusion_trial_delta,,0.3371677740863787,0.3357286096256685,1.247983484589756,0.01,0.01,0.75
3,fusion_trial_delta,,0.3371677740863787,0.3357286096256685,1.3342557133206778,0.01,0.01,0.9
3,fusion_trial_delta,,0.3216638981173865,0.32070899553204907,1.3960537620607862,0.01,0.01,1.0
3,fusion_trial_delta,,0.6079111295681062,0.5947784096744599,0.9750142211558641,0.01,0.1,0.0
3,fusion_trial_delta,,0.5144172203765227,0.5008124308992197,1.0050983958376813,0.01,0.1,0.1
3,fusion_trial_delta,,0.4193660022148394,0.41850267472107716,1.0941933436018256,0.01,0.1,0.25
3,fusion_trial_delta,,0.38036406423034325,0.3796817277635692,1.3350400910908635,0.01,0.1,0.5
3,fusion_trial_delta,,0.32941583610188263,0.3298353638747818,1.6532934542204352,0.01,0.1,0.75
3,fusion_trial_delta,,0.31899916943521595,0.3192773328366549,1.867854374262088,0.01,0.1,0.9
3,fusion_trial_delta,,0.3085825027685493,0.30832919711015877,2.0177902571646458,0.01,0.1,1.0
3,fusion_trial_delta,,0.6079111295681062,0.5947784096744599,0.9750142211558641,0.01,1.0,0.0
3,fusion_trial_delta,,0.46943521594684384,0.46298076923076925,1.0254327613689342,0.01,1.0,0.1
3,fusion_trial_delta,,0.3976398117386489,0.39700058395710575,1.2006793185009619,0.01,1.0,0.25
3,fusion_trial_delta,,0.3621954595791805,0.3615712003773625,1.6658017354460548,0.01,1.0,0.5
3,fusion_trial_delta,,0.33450304540420817,0.33309112569141314,2.2418886894106818,0.01,1.0,0.75
3,fusion_trial_delta,,0.3163344407530454,0.3151112615735143,2.613837281992485,0.01,1.0,0.9
3,fusion_trial_delta,,0.3163344407530454,0.3151112615735143,2.8684102584010494,0.01,1.0,1.0
3,fusion_trial_delta,,0.6079111295681062,0.5947784096744599,0.9750142211558641,0.01,10.0,0.0
3,fusion_trial_delta,,0.44528654485049834,0.443456250758482,1.0533176553949952,0.01,10.0,0.1
3,fusion_trial_delta,,0.37947120708748616,0.378304915913402,1.342686306133471,0.01,10.0,0.25
3,fusion_trial_delta,,0.3440268549280177,0.3429200179441259,2.0711663649606247,0.01,10.0,0.5
3,fusion_trial_delta,,0.3267511074197121,0.3257900890494912,2.9235479485990408,0.01,10.0,0.75
3,fusion_trial_delta,,0.31899916943521595,0.31834282099936745,3.4593863679736976,0.01,10.0,0.9
3,fusion_trial_delta,,0.3112472314507198,0.3108142133257798,3.82226912196124,0.01,10.0,1.0
3,fusion_trial_delta,,0.6079111295681062,0.5947784096744599,0.8250117709526066,0.1,0.001,0.0
3,fusion_trial_delta,,0.5924072535991141,0.5815261668047501,0.8378219354780128,0.1,0.001,0.1
3,fusion_trial_delta,,0.5438815060908083,0.5387709485697805,0.8645736435635819,0.1,0.001,0.25
3,fusion_trial_delta,,0.484952934662237,0.47107810625960683,0.9316046947481855,0.1,0.001,0.5
3,fusion_trial_delta,,0.5057724252491694,0.4948564376974713,1.0296373294442747,0.1,0.001,0.75
3,fusion_trial_delta,,0.4080703211517165,0.4005107717740312,1.1041205093071735,0.1,0.001,0.9
3,fusion_trial_delta,,0.3198920265780731,0.318204523260135,1.1603354207437997,0.1,0.001,1.0
3,fusion_trial_delta,,0.6079111295681062,0.5947784096744599,0.8250117709526066,0.1,0.01,0.0
3,fusion_trial_delta,,0.5343576965669988,0.5274170274170275,0.8423004277614764,0.1,0.01,0.1
3,fusion_trial_delta,,0.4745362679955703,0.46526166804750074,0.8848452071382004,0.1,0.01,0.25
3,fusion_trial_delta,,0.4745224252491694,0.4673913043478261,1.0015733165736345,0.1,0.01,0.5
3,fusion_trial_delta,,0.41403654485049834,0.4108078301626689,1.1740508439640394,0.1,0.01,0.75
3,fusion_trial_delta,,0.3371677740863787,0.3357495738092753,1.301846151361584,0.1,0.01,0.9
3,fusion_trial_delta,,0.3216638981173865,0.32070899553204907,1.3960537620607862,0.1,0.01,1.0
3,fusion_trial_delta,,0.6079111295681062,0.5947784096744599,0.8250117709526066,0.1,0.1,0.0
3,fusion_trial_delta,,0.5239410299003322,0.517893217893218,0.8544575793485867,0.1,0.1,0.1
3,fusion_trial_delta,,0.5248338870431893,0.510298038594546,0.9458603019439282,0.1,0.1,0.25
3,fusion_trial_delta,,0.4271179401993355,0.4272942893632548,1.2095505024704507,0.1,0.1,0.5
3,fusion_trial_delta,,0.38036406423034325,0.3796817277635692,1.5791450173194508,0.1,0.1,0.75
3,fusion_trial_delta,,0.32941583610188263,0.3298353638747818,1.835966853658471,0.1,0.1,0.9
3,fusion_trial_delta,,0.3085825027685493,0.30832919711015877,2.0177902571646458,0.1,0.1,1.0
3,fusion_trial_delta,,0.6079111295681062,0.5947784096744599,0.8250117709526066,0.1,1.0,0.0
3,fusion_trial_delta,,0.5170819490586932,0.5079399473765671,0.8739292352951498,0.1,1.0,0.1
3,fusion_trial_delta,,0.46943521594684384,0.4638176638176638,1.0476194521853552,0.1,1.0,0.25
3,fusion_trial_delta,,0.3976398117386489,0.39686914284205804,1.535067931176614,0.1,1.0,0.5
3,fusion_trial_delta,,0.3699473975636766,0.36901011321623295,2.1664837988656207,0.1,1.0,0.75
3,fusion_trial_delta,,0.3240863787375415,0.3220332887373584,2.581940192227889,0.1,1.0,0.9
3,fusion_trial_delta,,0.3163344407530454,0.3151112615735143,2.8684102584010494,0.1,1.0,1.0
3,fusion_trial_delta,,0.6079111295681062,0.5947784096744599,0.8250117709526066,0.1,10.0,0.0
3,fusion_trial_delta,,0.5075581395348837,0.4944353220215289,0.899455694029533,0.1,10.0,0.1
3,fusion_trial_delta,,0.44528654485049834,0.44443923871397634,1.1814035542559478,0.1,10.0,0.25
3,fusion_trial_delta,,0.37947120708748616,0.37853277368601673,1.9332222210756231,0.1,10.0,0.5
3,fusion_trial_delta,,0.3440268549280177,0.3429200179441259,2.8457139920435006,0.1,10.0,0.75
3,fusion_trial_delta,,0.3267511074197121,0.3257900890494912,3.426880029471647,0.1,10.0,0.9
3,fusion_trial_delta,,0.3112472314507198,0.3108142133257798,3.82226912196124,0.1,10.0,1.0
3,fusion_trial_delta,,0.6079111295681062,0.5947784096744599,0.799019265198119,1.0,0.001,0.0
3,fusion_trial_delta,,0.6079111295681062,0.5947784096744599,0.8003271497528777,1.0,0.001,0.1
3,fusion_trial_delta,,0.5647148394241417,0.5539021164021164,0.8115363825229733,1.0,0.001,0.25
3,fusion_trial_delta,,0.484952934662237,0.47390737116764514,0.8630188532178793,1.0,0.001,0.5
3,fusion_trial_delta,,0.4962486157253599,0.4871314342828586,0.9723335519034898,1.0,0.001,0.75
3,fusion_trial_delta,,0.4512666112956811,0.44394151897658213,1.0745453675029792,1.0,0.001,0.9
3,fusion_trial_delta,,0.3198920265780731,0.318204523260135,1.1603354207437997,1.0,0.001,1.0
3,fusion_trial_delta,,0.6079111295681062,0.5947784096744599,0.799019265198119,1.0,0.01,0.0
3,fusion_trial_delta,,0.5656076965669988,0.5513155033702979,0.8046694681305602,1.0,0.01,0.1
3,fusion_trial_delta,,0.4840600775193798,0.47745103097215774,0.8310408152050808,1.0,0.01,0.25
3,fusion_trial_delta,,0.4962486157253599,0.4871569120688692,0.9313916585681729,1.0,0.01,0.5
3,fusion_trial_delta,,0.4426218161683278,0.44221641456138966,1.116293325905888,1.0,0.01,0.75
3,fusion_trial_delta,,0.37084025470653376,0.36848336848336843,1.2726236281263077,1.0,0.01,0.9
3,fusion_trial_delta,,0.3216638981173865,0.32070899553204907,1.3960537620607862,1.0,0.01,1.0
3,fusion_trial_delta,,0.6079111295681062,0.5947784096744599,0.799019265198119,1.0,0.1,0.0
3,fusion_trial_delta,,0.5542981727574751,0.5460045309442899,0.8166976539964882,1.0,0.1,0.1
3,fusion_trial_delta,,0.5170819490586932,0.5037704231252618,0.8901674440979375,1.0,0.1,0.25
3,fusion_trial_delta,,0.43486987818383166,0.4351696690406368,1.1356025144525312,1.0,0.1,0.5
3,fusion_trial_delta,,0.3881160022148394,0.38720755296833514,1.521021661474866,1.0,0.1,0.75
3,fusion_trial_delta,,0.3544435215946844,0.3544973544973545,1.80779845110912,1.0,0.1,0.9
3,fusion_trial_delta,,0.3085825027685493,0.30832919711015877,2.0177902571646458,1.0,0.1,1.0
3,fusion_trial_delta,,0.6079111295681062,0.5947784096744599,0.799019265198119,1.0,1.0,0.0
3,fusion_trial_delta,,0.5161890919158361,0.5114684751800379,0.8353979968086028,1.0,1.0,0.1
3,fusion_trial_delta,,0.48938953488372094,0.4773459229980969,0.9869092215257518,1.0,1.0,0.25
3,fusion_trial_delta,,0.44439368770764115,0.4461078581350777,1.453447964709958,1.0,1.0,0.5
3,fusion_trial_delta,,0.3699473975636766,0.36926697941351905,2.1062616773625225,1.0,1.0,0.75
3,fusion_trial_delta,,0.3517787929125138,0.3504236617611094,2.553973823006114,1.0,1.0,0.9
3,fusion_trial_delta,,0.3163344407530454,0.3151112615735143,2.8684102584010494,1.0,1.0,1.0
3,fusion_trial_delta,,0.6079111295681062,0.5947784096744599,0.799019265198119,1.0,10.0,0.0
3,fusion_trial_delta,,0.5075581395348837,0.4945533769063181,0.859038459549869,1.0,10.0,0.1
3,fusion_trial_delta,,0.46345514950166117,0.4613754962639344,1.1117111487509674,1.0,10.0,0.25
3,fusion_trial_delta,,0.37947120708748616,0.3801931572308351,1.840482749650938,1.0,10.0,0.5
3,fusion_trial_delta,,0.37171926910299,0.3714285714285714,2.781430121326686,1.0,10.0,0.75
3,fusion_trial_delta,,0.3362749169435216,0.3357197539663684,3.3980966706117113,1.0,10.0,0.9
3,fusion_trial_delta,,0.3112472314507198,0.3108142133257798,3.82226912196124,1.0,10.0,1.0
3,fusion_trial_delta,,0.6079111295681062,0.5947784096744599,0.810071899999379,10.0,0.001,0.0
3,fusion_trial_delta,,0.5983873200442967,0.5816931716790007,0.8059730218613302,10.0,0.001,0.1
3,fusion_trial_delta,,0.5551910299003322,0.5421830832789737,0.8078843008565035,10.0,0.001,0.25
3,fusion_trial_delta,,0.4953696013289037,0.48171904623517525,0.8414811188985769,10.0,0.001,0.5
3,fusion_trial_delta,,0.4962486157253599,0.4871314342828586,0.9399082406850627,10.0,0.001,0.75
3,fusion_trial_delta,,0.4745224252491694,0.46875,1.0528368384223303,10.0,0.001,0.9
3,fusion_trial_delta,,0.3198920265780731,0.318204523260135,1.1603354207437997,10.0,0.001,1.0
3,fusion_trial_delta,,0.6079111295681062,0.5947784096744599,0.810071899999379,10.0,0.01,0.0
3,fusion_trial_delta,,0.573359634551495,0.5578002478057065,0.8103191994635337,10.0,0.01,0.1
3,fusion_trial_delta,,0.5040005537098561,0.4977139326536917,0.8273082860196981,10.0,0.01,0.25
3,fusion_trial_delta,,0.4962486157253599,0.4871569120688692,0.9095227400377562,10.0,0.01,0.5
3,fusion_trial_delta,,0.4426218161683278,0.44221641456138966,1.083993590638712,10.0,0.01,0.75
3,fusion_trial_delta,,0.37084025470653376,0.3696260345247809,1.2515598458988502,10.0,0.01,0.9
3,fusion_trial_delta,,0.3216638981173865,0.32070899553204907,1.3960537620607862,10.0,0.01,1.0
3,fusion_trial_delta,,0.6079111295681062,0.5947784096744599,0.810071899999379,10.0,0.1,0.0
3,fusion_trial_delta,,0.5542981727574751,0.5460045309442899,0.8223814228404142,10.0,0.1,0.1
3,fusion_trial_delta,,0.5170819490586932,0.5037704231252618,0.8861632362919526,10.0,0.1,0.25
3,fusion_trial_delta,,0.4426218161683278,0.4419125462036409,1.112680782938355,10.0,0.1,0.5
3,fusion_trial_delta,,0.39853266888150607,0.39983579638752054,1.4888818780403719,10.0,0.1,0.75
3,fusion_trial_delta,,0.3621954595791805,0.362078599366735,1.7880385211344156,10.0,0.1,0.9
3,fusion_trial_delta,,0.3085825027685493,0.30832919711015877,2.0177902571646458,10.0,0.1,1.0
3,fusion_trial_delta,,0.6079111295681062,0.5947784096744599,0.810071899999379,10.0,1.0,0.0
3,fusion_trial_delta,,0.5239410299003322,0.517893217893218,0.8409699919286421,10.0,1.0,0.1
3,fusion_trial_delta,,0.4971414728682171,0.4835627975549497,0.9816396049772336,10.0,1.0,0.25
3,fusion_trial_delta,,0.45391749723145075,0.45568745681803907,1.4264961071119324,10.0,1.0,0.5
3,fusion_trial_delta,,0.37769933554817275,0.37669798919129455,2.0716413083732643,10.0,1.0,0.75
3,fusion_trial_delta,,0.3621954595791805,0.36209852063215703,2.534362061934072,10.0,1.0,0.9
3,fusion_trial_delta,,0.3163344407530454,0.3151112615735143,2.8684102584010494,10.0,1.0,1.0
3,fusion_trial_delta,,0.6079111295681062,0.5947784096744599,0.810071899999379,10.0,10.0,0.0
3,fusion_trial_delta,,0.5075581395348837,0.4945533769063181,0.8642251951158415,10.0,10.0,0.1
3,fusion_trial_delta,,0.4738718161683278,0.47130677500034546,1.1036034020892997,10.0,10.0,0.25
3,fusion_trial_delta,,0.405391749723145,0.40688936954257793,1.8050915960209364,10.0,10.0,0.5
3,fusion_trial_delta,,0.37171926910299,0.3714285714285714,2.7414893706786336,10.0,10.0,0.75
3,fusion_trial_delta,,0.3362749169435216,0.335978835978836,3.377366390459334,10.0,10.0,0.9
3,fusion_trial_delta,,0.3112472314507198,0.3108142133257798,3.82226912196124,10.0,10.0,1.0
3,fusion_water_delta,,0.6079111295681062,0.5947784096744599,1.0803500391777379,0.001,0.001,0.0
3,fusion_water_delta,,0.5084233111849391,0.5075847492920207,1.0800367621835711,0.001,0.001,0.1
3,fusion_water_delta,,0.44172895902547066,0.4415949618012613,1.0807421338218983,0.001,0.001,0.25
3,fusion_water_delta,,0.4262250830564784,0.4246739136085507,1.0850242770912304,0.001,0.001,0.5
3,fusion_water_delta,,0.4158084163898117,0.41380791493151037,1.0931117828774137,0.001,0.001,0.75
3,fusion_water_delta,,0.39853266888150607,0.39585429593605004,1.0997379166001802,0.001,0.001,0.9
3,fusion_water_delta,,0.39853266888150607,0.39585429593605004,1.1048732511187966,0.001,0.001,1.0
3,fusion_water_delta,,0.6079111295681062,0.5947784096744599,1.0803500391777379,0.001,0.01,0.0
3,fusion_water_delta,,0.5015503875968993,0.5039897311459267,1.0767402254216223,0.001,0.01,0.1
3,fusion_water_delta,,0.4202450166112957,0.4222222222222222,1.0832722703950162,0.001,0.01,0.25
3,fusion_water_delta,,0.3943244739756368,0.39551535707556057,1.123920467605079,0.001,0.01,0.5
3,fusion_water_delta,,0.3839078073089701,0.3850679682989555,1.1959528792041065,0.001,0.01,0.75
3,fusion_water_delta,,0.376155869324474,0.37734629518621804,1.2511810676497979,0.001,0.01,0.9
3,fusion_water_delta,,0.376155869324474,0.37688821883150075,1.2921223772202934,0.001,0.01,1.0
3,fusion_water_delta,,0.6079111295681062,0.5947784096744599,1.0803500391777379,0.001,0.1,0.0
3,fusion_water_delta,,0.42443936877076416,0.4252357948010122,1.0783688672008283,0.001,0.1,0.1
3,fusion_water_delta,,0.3725982834994463,0.3721327672300996,1.1283451238004205,0.001,0.1,0.25
3,fusion_water_delta,,0.3725982834994463,0.3721327672300996,1.3173073187934974,0.001,0.1,0.5
3,fusion_water_delta,,0.36484634551495015,0.3647023723901312,1.5865767167359701,0.001,0.1,0.75
3,fusion_water_delta,,0.36484634551495015,0.3647023723901312,1.7709731810544367,0.001,0.1,0.9
3,fusion_water_delta,,0.36484634551495015,0.3647023723901312,1.9004244695777457,0.001,0.1,1.0
3,fusion_water_delta,,0.6079111295681062,0.5947784096744599,1.0803500391777379,0.001,1.0,0.0
3,fusion_water_delta,,0.38810215946843857,0.3867491754493398,1.0912138341219368,0.001,1.0,0.1
3,fusion_water_delta,,0.38810215946843857,0.3867491754493398,1.2314965225356418,0.001,1.0,0.25
3,fusion_water_delta,,0.3958540974529347,0.39394723367558687,1.6551791438916903,0.001,1.0,0.5
3,fusion_water_delta,,0.3958540974529347,0.39394723367558687,2.186323930587013,0.001,1.0,0.75
3,fusion_water_delta,,0.38810215946843857,0.3867491754493398,2.5294854908559197,0.001,1.0,0.9
3,fusion_water_delta,,0.38810215946843857,0.3867491754493398,2.76444477463981,0.001,1.0,1.0
3,fusion_water_delta,,0.6079111295681062,0.5947784096744599,1.0803500391777379,0.001,10.0,0.0
3,fusion_water_delta,,0.4080426356589147,0.4075351213282248,1.1154677068007248,0.001,10.0,0.1
3,fusion_water_delta,,0.38124307862679957,0.38109053823565614,1.3773745904458001,0.001,10.0,0.25
3,fusion_water_delta,,0.37082641196013294,0.369926527147821,2.065292600928792,0.001,10.0,0.5
3,fusion_water_delta,,0.37082641196013294,0.369926527147821,2.866161718976642,0.001,10.0,0.75
3,fusion_water_delta,,0.37082641196013294,0.369926527147821,3.3686891230110523,0.001,10.0,0.9
3,fusion_water_delta,,0.37082641196013294,0.369926527147821,3.7088764269893013,0.001,10.0,1.0
3,fusion_water_delta,,0.6079111295681062,0.5947784096744599,0.9750142211558641,0.01,0.001,0.0
3,fusion_water_delta,,0.5819905869324474,0.573324714501185,0.9834861077983073,0.01,0.001,0.1
3,fusion_water_delta,,0.5248200442967885,0.5234537173869832,0.9980904764956923,0.01,0.001,0.25
3,fusion_water_delta,,0.5265780730897011,0.5293234661208208,1.0274948435922915,0.01,0.001,0.5
3,fusion_water_delta,,0.4262250830564784,0.4278364005611037,1.0631544544523825,0.01,0.001,0.75
3,fusion_water_delta,,0.4262250830564784,0.4246739136085507,1.0874757547172407,0.01,0.001,0.9
3,fusion_water_delta,,0.39853266888150607,0.39585429593605004,1.1048732511187966,0.01,0.001,1.0
3,fusion_water_delta,,0.6079111295681062,0.5947784096744599,0.9750142211558641,0.01,0.01,0.0
3,fusion_water_delta,,0.5906215393133998,0.584293899561847,0.9802573049712424,0.01,0.01,0.1
3,fusion_water_delta,,0.5292428017718716,0.53198115032266,1.000785812882364,0.01,0.01,0.25
3,fusion_water_delta,,0.4729651162790698,0.4764396057499507,1.0667424896195028,0.01,0.01,0.5
3,fusion_water_delta,,0.4098283499446291,0.4114983389407309,1.166414652128726,0.01,0.01,0.75
3,fusion_water_delta,,0.3943244739756368,0.39551535707556057,1.2391692310487563,0.01,0.01,0.9
3,fusion_water_delta,,0.376155869324474,0.37688821883150075,1.2921223772202934,0.01,0.01,1.0
3,fusion_water_delta,,0.6079111295681062,0.5947784096744599,0.9750142211558641,0.01,0.1,0.0
3,fusion_water_delta,,0.5352367109634552,0.5281015281015281,0.9820848935436757,0.01,0.1,0.1
3,fusion_water_delta,,0.4694075304540421,0.4700821415950902,1.0463095768676403,0.01,0.1,0.25
3,fusion_water_delta,,0.40627076411960134,0.40660024906600256,1.2612490818528144,0.01,0.1,0.5
3,fusion_water_delta,,0.3725982834994463,0.3721327672300996,1.5582453229201787,0.01,0.1,0.75
3,fusion_water_delta,,0.36484634551495015,0.3647023723901312,1.759601722522145,0.01,0.1,0.9
3,fusion_water_delta,,0.36484634551495015,0.3647023723901312,1.9004244695777457,0.01,0.1,1.0
3,fusion_water_delta,,0.6079111295681062,0.5947784096744599,0.9750142211558641,0.01,1.0,0.0
3,fusion_water_delta,,0.5248062015503876,0.5245725023931388,0.9951044911545953,0.01,1.0,0.1
3,fusion_water_delta,,0.45479651162790696,0.4584399618646193,1.15000840275237,0.01,1.0,0.25
3,fusion_water_delta,,0.38810215946843857,0.3867491754493398,1.6007121498477312,0.01,1.0,0.5
3,fusion_water_delta,,0.38810215946843857,0.3867491754493398,2.1592590665489246,0.01,1.0,0.75
3,fusion_water_delta,,0.3958540974529347,0.39394723367558687,2.518686053355151,0.01,1.0,0.9
3,fusion_water_delta,,0.38810215946843857,0.3867491754493398,2.76444477463981,0.01,1.0,1.0
3,fusion_water_delta,,0.6079111295681062,0.5947784096744599,0.9750142211558641,0.01,10.0,0.0
3,fusion_water_delta,,0.500657530454042,0.5025252525252525,1.019228421183924,0.01,10.0,0.1
3,fusion_water_delta,,0.43396317829457365,0.43410877621403937,1.295871944275612,0.01,10.0,0.25
3,fusion_water_delta,,0.4080426356589147,0.4075351213282248,2.011308880786579,0.01,10.0,0.5
3,fusion_water_delta,,0.38124307862679957,0.38109053823565614,2.8393752112250463,0.01,10.0,0.75
3,fusion_water_delta,,0.37082641196013294,0.369926527147821,3.3579939481301744,0.01,10.0,0.9
3,fusion_water_delta,,0.37082641196013294,0.369926527147821,3.7088764269893013,0.01,10.0,1.0
3,fusion_water_delta,,0.6079111295681062,0.5947784096744599,0.8250117709526066,0.1,0.001,0.0
3,fusion_water_delta,,0.6001591915836102,0.5881785112050424,0.8336478403865518,0.1,0.001,0.1
3,fusion_water_delta,,0.5664867109634552,0.5599404012639043,0.853568743463034,0.1,0.001,0.25
3,fusion_water_delta,,0.5161752491694352,0.5183531746031745,0.9076573283068778,0.1,0.001,0.5
3,fusion_water_delta,,0.5265780730897011,0.5298984739430526,0.990845649569125,0.1,0.001,0.75
3,fusion_water_delta,,0.4262250830564784,0.4285796353647136,1.05554325125571,0.1,0.001,0.9
3,fusion_water_delta,,0.39853266888150607,0.39585429593605004,1.1048732511187966,0.1,0.001,1.0
3,fusion_water_delta,,0.6079111295681062,0.5947784096744599,0.8250117709526066,0.1,0.01,0.0
3,fusion_water_delta,,0.6114548726467331,0.6032640286161413,0.8302454567573715,0.1,0.01,0.1
3,fusion_water_delta,,0.5828696013289036,0.5773448773448774,0.8553150331439825,0.1,0.01,0.25
3,fusion_water_delta,,0.5188261351052049,0.5223227163672949,0.94549761875965,0.1,0.01,0.5
3,fusion_water_delta,,0.4729651162790698,0.4764396057499507,1.094039402075835,0.1,0.01,0.75
3,fusion_water_delta,,0.4202450166112957,0.4222222222222222,1.2076337529503807,0.1,0.01,0.9
3,fusion_water_delta,,0.376155869324474,0.37688821883150075,1.2921223772202934,0.1,0.01,1.0
3,fusion_water_delta,,0.6079111295681062,0.5947784096744599,0.8250117709526066,0.1,0.1,0.0
3,fusion_water_delta,,0.5810977297895903,0.5742282756367264,0.8314075703572594,0.1,0.1,0.1
3,fusion_water_delta,,0.5533914728682171,0.5515225837106602,0.8977039924403826,0.1,0.1,0.25
3,fusion_water_delta,,0.47384413067552605,0.4779220779220779,1.138112313462709,0.1,0.1,0.5
3,fusion_water_delta,,0.416687430786268,0.41817201063776405,1.487684118996007,0.1,0.1,0.75
3,fusion_water_delta,,0.3725982834994463,0.3721327672300996,1.7296892143518994,0.1,0.1,0.9
3,fusion_water_delta,,0.36484634551495015,0.3647023723901312,1.9004244695777457,0.1,0.1,1.0
3,fusion_water_delta,,0.6079111295681062,0.5947784096744599,0.8250117709526066,0.1,1.0,0.0
3,fusion_water_delta,,0.5629291251384275,0.5566237155721483,0.8427137752869774,0.1,1.0,0.1
3,fusion_water_delta,,0.5248062015503876,0.525497690715082,0.9963600278120229,0.1,1.0,0.25
3,fusion_water_delta,,0.46432032115171645,0.4685350685350685,1.4768027145118674,0.1,1.0,0.5
3,fusion_water_delta,,0.38810215946843857,0.3867491754493398,2.090860209688786,0.1,1.0,0.75
3,fusion_water_delta,,0.38810215946843857,0.3867491754493398,2.490201189770794,0.1,1.0,0.9
3,fusion_water_delta,,0.38810215946843857,0.3867491754493398,2.76444477463981,0.1,1.0,1.0
3,fusion_water_delta,,0.6079111295681062,0.5947784096744599,0.8250117709526066,0.1,10.0,0.0
3,fusion_water_delta,,0.5551771871539314,0.5487240762479736,0.8638983435283766,0.1,10.0,0.1
3,fusion_water_delta,,0.500657530454042,0.5025252525252525,1.1360209509601253,0.1,10.0,0.25
3,fusion_water_delta,,0.44348698781838314,0.44429264429264426,1.8848164655686943,0.1,10.0,0.5
3,fusion_water_delta,,0.4080426356589147,0.4075351213282248,2.7707414590594577,0.1,10.0,0.75
3,fusion_water_delta,,0.38124307862679957,0.38109053823565614,3.3296393916022207,0.1,10.0,0.9
3,fusion_water_delta,,0.37082641196013294,0.369926527147821,3.7088764269893013,0.1,10.0,1.0
3,fusion_water_delta,,0.6079111295681062,0.5947784096744599,0.799019265198119,1.0,0.001,0.0
3,fusion_water_delta,,0.6001591915836102,0.5881785112050424,0.7963499739689661,1.0,0.001,0.1
3,fusion_water_delta,,0.5742386489479513,0.5666666666666667,0.8010548492351928,1.0,0.001,0.25
3,fusion_water_delta,,0.5188399778516057,0.5218598978111916,0.840072275058253,1.0,0.001,0.5
3,fusion_water_delta,,0.5170542635658916,0.5209581674697955,0.9345805357137482,1.0,0.001,0.75
3,fusion_water_delta,,0.44172895902547066,0.44590243703194615,1.0265630250773323,1.0,0.001,0.9
3,fusion_water_delta,,0.39853266888150607,0.39585429593605004,1.1048732511187966,1.0,0.001,1.0
3,fusion_water_delta,,0.6079111295681062,0.5947784096744599,0.799019265198119,1.0,0.01,0.0
3,fusion_water_delta,,0.5924072535991141,0.5803454715219422,0.7928065000353055,1.0,0.01,0.1
3,fusion_water_delta,,0.5810977297895903,0.573062015503876,0.8017934877740841,1.0,0.01,0.25
3,fusion_water_delta,,0.5396594684385382,0.5422993943489901,0.8755267166906278,1.0,0.01,0.5
3,fusion_water_delta,,0.49799280177187155,0.5026343026343026,1.0370538869828105,1.0,0.01,0.75
3,fusion_water_delta,,0.4470445736434108,0.4518113465481886,1.1791333946994373,1.0,0.01,0.9
3,fusion_water_delta,,0.376155869324474,0.37688821883150075,1.2921223772202934,1.0,0.01,1.0
3,fusion_water_delta,,0.6079111295681062,0.5947784096744599,0.799019265198119,1.0,0.1,0.0
3,fusion_water_delta,,0.5715739202657807,0.5639718653803162,0.7933106988572466,1.0,0.1,0.1
3,fusion_water_delta,,0.534343853820598,0.5312910969627387,0.8402471991767616,1.0,0.1,0.25
3,fusion_water_delta,,0.5197051495016611,0.5241751312742745,1.062799094099368,1.0,0.1,0.5
3,fusion_water_delta,,0.4366279069767442,0.44252588780890667,1.4312916402145321,1.0,0.1,0.75
3,fusion_water_delta,,0.38035022148394243,0.3797104721762256,1.702961725353076,1.0,0.1,0.9
3,fusion_water_delta,,0.36484634551495015,0.3647023723901312,1.9004244695777457,1.0,0.1,1.0
3,fusion_water_delta,,0.6079111295681062,0.5947784096744599,0.799019265198119,1.0,1.0,0.0
3,fusion_water_delta,,0.5638219822812846,0.5549036868268434,0.8029477706517838,1.0,1.0,0.1
3,fusion_water_delta,,0.5498338870431894,0.5498115411158889,0.9314065860293407,1.0,1.0,0.25
3,fusion_water_delta,,0.466985049833887,0.4724880382775119,1.3954772263051627,1.0,1.0,0.5
3,fusion_water_delta,,0.4312984496124031,0.43094500933955854,2.0346771407441153,1.0,1.0,0.75
3,fusion_water_delta,,0.38810215946843857,0.3867491754493398,2.4645947210031807,1.0,1.0,0.9
3,fusion_water_delta,,0.38810215946843857,0.3867491754493398,2.76444477463981,1.0,1.0,1.0
3,fusion_water_delta,,0.6079111295681062,0.5947784096744599,0.799019265198119,1.0,10.0,0.0
3,fusion_water_delta,,0.572452934662237,0.5669467787114846,0.8215087263327768,1.0,10.0,0.1
3,fusion_water_delta,,0.5516057585825028,0.5532479244582372,1.0619985931421552,1.0,10.0,0.25
3,fusion_water_delta,,0.45479651162790696,0.4589816301052256,1.7956929568896032,1.0,10.0,0.5
3,fusion_water_delta,,0.4279831118493909,0.42858411338600577,2.711946587108852,1.0,10.0,0.75
3,fusion_water_delta,,0.39076688815060906,0.39066809143937314,3.3035087617710954,1.0,10.0,0.9
3,fusion_water_delta,,0.37082641196013294,0.369926527147821,3.7088764269893013,1.0,10.0,1.0
3,fusion_water_delta,,0.6079111295681062,0.5947784096744599,0.810071899999379,10.0,0.001,0.0
3,fusion_water_delta,,0.6079111295681062,0.5947784096744599,0.8020336693912591,10.0,0.001,0.1
3,fusion_water_delta,,0.5819905869324474,0.573324714501185,0.7975310196475378,10.0,0.001,0.25
3,fusion_water_delta,,0.5093161683277962,0.5114090043609115,0.8189078475166119,10.0,0.001,0.5
3,fusion_water_delta,,0.5248062015503876,0.5278538812785388,0.9027476815512762,10.0,0.001,0.75
3,fusion_water_delta,,0.4607765780730897,0.4657666894508999,1.0052768675949642,10.0,0.001,0.9
3,fusion_water_delta,,0.39853266888150607,0.39585429593605004,1.1048732511187966,10.0,0.001,1.0
3,fusion_water_delta,,0.6079111295681062,0.5947784096744599,0.810071899999379,10.0,0.01,0.0
3,fusion_water_delta,,0.5924072535991141,0.5803454715219422,0.7984781795320665,10.0,0.01,0.1
3,fusion_water_delta,,0.5810977297895903,0.573062015503876,0.7980461746650586,10.0,0.01,0.25
3,fusion_water_delta,,0.5396594684385382,0.5422993943489901,0.8531251382905154,10.0,0.01,0.5
3,fusion_water_delta,,0.4902408637873754,0.494756554307116,1.0042763328790238,10.0,0.01,0.75
3,fusion_water_delta,,0.4470445736434108,0.45266741931437376,1.1582937263649111,10.0,0.01,0.9
3,fusion_water_delta,,0.376155869324474,0.37688821883150075,1.2921223772202934,10.0,0.01,1.0
3,fusion_water_delta,,0.6079111295681062,0.5947784096744599,0.810071899999379,10.0,0.1,0.0
3,fusion_water_delta,,0.5715739202657807,0.5639718653803162,0.7988720515326259,10.0,0.1,0.1
3,fusion_water_delta,,0.5438676633444075,0.541849575651156,0.8353721043527467,10.0,0.1,0.25
3,fusion_water_delta,,0.5352090254706534,0.5386709197235513,1.0363375931249907,10.0,0.1,0.5
3,fusion_water_delta,,0.4366279069767442,0.4435564435564436,1.3977289373828858,10.0,0.1,0.75
3,fusion_water_delta,,0.416687430786268,0.41894861894861907,1.683480885623729,10.0,0.1,0.9
3,fusion_water_delta,,0.36484634551495015,0.3647023723901312,1.9004244695777457,10.0,0.1,1.0
3,fusion_water_delta,,0.6079111295681062,0.5947784096744599,0.810071899999379,10.0,1.0,0.0
3,fusion_water_delta,,0.5638219822812846,0.5539838157485217,0.8081518406085967,10.0,1.0,0.1
3,fusion_water_delta,,0.5498338870431894,0.5498115411158889,0.9237110269387828,10.0,1.0,0.25
3,fusion_water_delta,,0.47650885935769655,0.48171337706221423,1.3624426946505885,10.0,1.0,0.5
3,fusion_water_delta,,0.4417151162790698,0.44554025865665414,1.9992098917748997,10.0,1.0,0.75
3,fusion_water_delta,,0.38810215946843857,0.38693351736829995,2.4454942881527266,10.0,1.0,0.9
3,fusion_water_delta,,0.38810215946843857,0.3867491754493398,2.76444477463981,10.0,1.0,1.0
3,fusion_water_delta,,0.6079111295681062,0.5947784096744599,0.810071899999379,10.0,10.0,0.0
3,fusion_water_delta,,0.572452934662237,0.5669467787114846,0.8261062264144088,10.0,10.0,0.1
3,fusion_water_delta,,0.5516057585825028,0.5532479244582372,1.050416020698002,10.0,10.0,0.25
3,fusion_water_delta,,0.4470445736434108,0.4518113465481886,1.754163988077661,10.0,10.0,0.5
3,fusion_water_delta,,0.44348698781838314,0.44429264429264426,2.6716887538446557,10.0,10.0,0.75
3,fusion_water_delta,,0.39076688815060906,0.39066809143937314,3.283073550287149,10.0,10.0,0.9
3,fusion_water_delta,,0.37082641196013294,0.369926527147821,3.7088764269893013,10.0,10.0,1.0
4,code_only,0.001,0.6364016942474389,0.6337376099533056,1.0759349783730776,,,
4,code_only,0.01,0.6364016942474389,0.6337376099533056,0.9483430609113064,,,
4,code_only,0.1,0.6364016942474389,0.6337376099533056,0.7867390782585145,,,
4,code_only,1.0,0.6364016942474389,0.6337376099533056,0.7764607514286369,,,
4,code_only,10.0,0.6364016942474389,0.6337376099533056,0.8045950152096317,,,
4,face_raw,0.001,0.3818705673758865,0.37762681764801354,1.1082574064021276,,,
4,face_raw,0.01,0.3222517730496454,0.32153846153846155,1.3304163195748169,,,
4,face_raw,0.1,0.3686958234830575,0.36923076923076925,1.9654315644676663,,,
4,face_raw,1.0,0.35827915681639083,0.3590277777777778,2.85890603699729,,,
4,face_raw,10.0,0.3767976753349094,0.37745098039215685,3.89078719658871,,,
4,face_trial_delta,0.001,0.3840376280535855,0.3809457450761798,1.0970177828041043,,,
4,face_trial_delta,0.01,0.3828802206461781,0.3821973233737939,1.3060517221407046,,,
4,face_trial_delta,0.1,0.3783983451536643,0.37987502693385045,1.865573350339921,,,
4,face_trial_delta,1.0,0.3620468873128448,0.36350360338956206,2.644115089111122,,,
4,face_trial_delta,10.0,0.33860323089046496,0.3386559267156282,3.496977008453765,,,
4,face_water_delta,0.001,0.38086091410559497,0.37034183644353136,1.0572371994868663,,,
4,face_water_delta,0.01,0.4297675334909377,0.4298165717900064,1.165088384990357,,,
4,face_water_delta,0.1,0.3783983451536643,0.3793869731800766,1.6546327565155166,,,
4,face_water_delta,1.0,0.3876576044129236,0.38901385884803324,2.350929507778998,,,
4,face_water_delta,10.0,0.3663810086682427,0.3671171171171171,3.084445048992957,,,
4,fusion_raw,,0.6364016942474389,0.6337376099533056,1.0759349783730776,0.001,0.001,0.0
4,fusion_raw,,0.5724487785657998,0.5674040597398734,1.0741803931075724,0.001,0.001,0.1
4,fusion_raw,,0.4545163514578408,0.4485236985236985,1.0736639479837318,0.001,0.001,0.25
4,fusion_raw,,0.40691489361702127,0.4011006289308176,1.0784229244748553,0.001,0.001,0.5
4,fusion_raw,,0.41023936170212766,0.40443661799594005,1.0900569597328418,0.001,0.001,0.75
4,fusion_raw,,0.3889627659574468,0.3845766346665899,1.1002141000030135,0.001,0.001,0.9
4,fusion_raw,,0.3818705673758865,0.37762681764801354,1.1082574064021276,0.001,0.001,1.0
4,fusion_raw,,0.6364016942474389,0.6337376099533056,1.0759349783730776,0.001,0.01,0.0
4,fusion_raw,,0.4446660756501182,0.442398681631091,1.0692065200530483,0.001,0.01,0.1
4,fusion_raw,,0.37029649330181247,0.36922739893036916,1.075408454582018,0.001,0.01,0.25
4,fusion_raw,,0.33976063829787234,0.33781485039480774,1.1244463005113423,0.001,0.01,0.5
4,fusion_raw,,0.3222517730496454,0.32153846153846155,1.212722020468107,0.001,0.01,0.75
4,fusion_raw,,0.3222517730496454,0.32153846153846155,1.280358332046374,0.001,0.01,0.9
4,fusion_raw,,0.3222517730496454,0.32153846153846155,1.3304163195748169,0.001,0.01,1.0
4,fusion_raw,,0.6364016942474389,0.6337376099533056,1.0759349783730776,0.001,0.1,0.0
4,fusion_raw,,0.37578802206461787,0.3756021756021756,1.0695752445406133,0.001,0.1,0.1
4,fusion_raw,,0.35943656422379827,0.3592567910637218,1.1215783465992626,0.001,0.1,0.25
4,fusion_raw,,0.3686958234830575,0.36983371414064486,1.3265484946431723,0.001,0.1,0.5
4,fusion_raw,,0.3686958234830575,0.36923076923076925,1.6214247285416872,0.001,0.1,0.75
4,fusion_raw,,0.3686958234830575,0.36923076923076925,1.8236230697329616,0.001,0.1,0.9
4,fusion_raw,,0.3686958234830575,0.36923076923076925,1.9654315644676663,0.001,0.1,1.0
4,fusion_raw,,0.6364016942474389,0.6337376099533056,1.0759349783730776,0.001,1.0,0.0
4,fusion_raw,,0.36652876280535857,0.36617796395024116,1.0810139717681686,0.001,1.0,0.1
4,fusion_raw,,0.3686958234830575,0.36983371414064486,1.2249494435364856,0.001,1.0,0.25
4,fusion_raw,,0.35827915681639083,0.35952642883335956,1.673850615047616,0.001,1.0,0.5
4,fusion_raw,,0.35827915681639083,0.3590277777777778,2.24187662414272,0.001,1.0,0.75
4,fusion_raw,,0.35827915681639083,0.3590277777777778,2.608419718692158,0.001,1.0,0.9
4,fusion_raw,,0.35827915681639083,0.3590277777777778,2.85890603699729,0.001,1.0,1.0
4,fusion_raw,,0.6364016942474389,0.6337376099533056,1.0759349783730776,0.001,10.0,0.0
4,fusion_raw,,0.3653713553979512,0.36545021106588277,1.1080827678690461,0.001,10.0,0.1
4,fusion_raw,,0.3675384160756501,0.36797114085927757,1.3837260233425672,0.001,10.0,0.25
4,fusion_raw,,0.3767976753349094,0.37745098039215685,2.1234212542091804,0.001,10.0,0.5
4,fusion_raw,,0.3767976753349094,0.37745098039215685,2.986714266587868,0.001,10.0,0.75
4,fusion_raw,,0.3767976753349094,0.37745098039215685,3.526358176108385,0.001,10.0,0.9
4,fusion_raw,,0.3767976753349094,0.37745098039215685,3.89078719658871,0.001,10.0,1.0
4,fusion_raw,,0.6364016942474389,0.6337376099533056,0.9483430609113066,0.01,0.001,0.0
4,fusion_raw,,0.6364016942474389,0.6337376099533056,0.9572496075237759,0.01,0.001,0.1
4,fusion_raw,,0.6445035460992908,0.6424215647019297,0.9735707274250757,0.01,0.001,0.25
4,fusion_raw,,0.5314962568951931,0.5264516129032257,1.0087375381947448,0.01,0.001,0.5
4,fusion_raw,,0.4474241528762805,0.44173526111294886,1.0537593243401877,0.01,0.001,0.75
4,fusion_raw,,0.41733156028368795,0.41112887751838817,1.0853555700562536,0.01,0.001,0.9
4,fusion_raw,,0.3818705673758865,0.37762681764801354,1.1082574064021276,0.01,0.001,1.0
4,fusion_raw,,0.6364016942474389,0.6337376099533056,0.9483430609113066,0.01,0.01,0.0
4,fusion_raw,,0.6641794720252167,0.6627212985897213,0.9523152698647572,0.01,0.01,0.1
4,fusion_raw,,0.5757732466509062,0.5718337218337218,0.9751536851626958,0.01,0.01,0.25
4,fusion_raw,,0.4249901497241923,0.42266414141414144,1.0542315398364475,0.01,0.01,0.5
4,fusion_raw,,0.37029649330181247,0.36922739893036916,1.1760076277358036,0.01,0.01,0.75
4,fusion_raw,,0.32934397163120566,0.327997927997928,1.2653321118527925,0.01,0.01,0.9
4,fusion_raw,,0.3222517730496454,0.32153846153846155,1.3304163195748169,0.01,0.01,1.0
4,fusion_raw,,0.6364016942474389,0.6337376099533056,0.9483430609113066,0.01,0.1,0.0
4,fusion_raw,,0.650142828999212,0.6441998734977862,0.952714802553872,0.01,0.1,0.1
4,fusion_raw,,0.4576930654058314,0.4576791012434576,1.0205951888554816,0.01,0.1,0.25
4,fusion_raw,,0.37578802206461787,0.3761111111111111,1.2550873116717938,0.01,0.1,0.5
4,fusion_raw,,0.35943656422379827,0.3592567910637218,1.5843271761200408,0.01,0.1,0.75
4,fusion_raw,,0.3686958234830575,0.36923076923076925,1.8085865488844406,0.01,0.1,0.9
4,fusion_raw,,0.3686958234830575,0.36923076923076925,1.9654315644676663,0.01,0.1,1.0
4,fusion_raw,,0.6364016942474389,0.6337376099533056,0.9483430609113066,0.01,1.0,0.0
4,fusion_raw,,0.5734584318360914,0.5734354798557743,0.9639665033124495,0.01,1.0,0.1
4,fusion_raw,,0.4053142237982663,0.4035451019674321,1.122463362005103,0.01,1.0,0.25
4,fusion_raw,,0.36652876280535857,0.36617796395024116,1.6013367928094417,0.01,1.0,0.5
4,fusion_raw,,0.3686958234830575,0.36983371414064486,2.2047625466695355,0.01,1.0,0.75
4,fusion_raw,,0.35827915681639083,0.3590277777777778,2.59347252007673,0.01,1.0,0.9
4,fusion_raw,,0.35827915681639083,0.3590277777777778,2.85890603699729,0.01,1.0,1.0
4,fusion_raw,,0.6364016942474389,0.6337376099533056,0.9483430609113066,0.01,10.0,0.0
4,fusion_raw,,0.45885047281323876,0.45640074211502785,0.9901684892650682,0.01,10.0,0.1
4,fusion_raw,,0.37578802206461787,0.3751803751803751,1.2789168570156773,0.01,10.0,0.25
4,fusion_raw,,0.3746306146572104,0.3754633166397872,2.0497102965068983,0.01,10.0,0.5
4,fusion_raw,,0.3675384160756501,0.36797114085927757,2.949263711001153,0.01,10.0,0.75
4,fusion_raw,,0.3767976753349094,0.37745098039215685,3.5113062569121634,0.01,10.0,0.9
4,fusion_raw,,0.3767976753349094,0.37745098039215685,3.89078719658871,0.01,10.0,1.0
4,fusion_raw,,0.6364016942474389,0.6337376099533056,0.7867390782585145,0.1,0.001,0.0
4,fusion_raw,,0.6468183609141055,0.6426770801822365,0.7952132334018592,0.1,0.001,0.1
4,fusion_raw,,0.6468183609141055,0.6426770801822365,0.8166526678499725,0.1,0.001,0.25
4,fusion_raw,,0.6641794720252167,0.6620336492069409,0.8782727899040651,0.1,0.001,0.5
4,fusion_raw,,0.5466903073286052,0.5446153846153846,0.9751869543055783,0.1,0.001,0.75
4,fusion_raw,,0.4440996847911742,0.4387767969735183,1.050761337428301,0.1,0.001,0.9
4,fusion_raw,,0.3818705673758865,0.37762681764801354,1.1082574064021276,0.1,0.001,1.0
4,fusion_raw,,0.6364016942474389,0.6337376099533056,0.7867390782585145,0.1,0.01,0.0
4,fusion_raw,,0.6364016942474389,0.6337376099533056,0.7899440598923718,0.1,0.01,0.1
4,fusion_raw,,0.6641794720252167,0.6627212985897213,0.8160606952144531,0.1,0.01,0.25
4,fusion_raw,,0.5767828999211978,0.5757828282828282,0.9192805675795629,0.1,0.01,0.5
4,fusion_raw,,0.4342494089834515,0.4328412328412328,1.0944758359102371,0.1,0.01,0.75
4,fusion_raw,,0.37029649330181247,0.36922739893036916,1.229696114461561,0.1,0.01,0.9
4,fusion_raw,,0.3222517730496454,0.32153846153846155,1.3304163195748169,0.1,0.01,1.0
4,fusion_raw,,0.6364016942474389,0.6337376099533056,0.7867390782585145,0.1,0.1,0.0
4,fusion_raw,,0.6271424349881797,0.6216551650350398,0.7889572365900875,0.1,0.1,0.1
4,fusion_raw,,0.6418932230102442,0.639005439005439,0.8542670730762828,0.1,0.1,0.25
4,fusion_raw,,0.46810973207249806,0.46756313131313126,1.1093273613240124,0.1,0.1,0.5
4,fusion_raw,,0.37578802206461787,0.3756021756021756,1.4984619783691502,0.1,0.1,0.75
4,fusion_raw,,0.35943656422379827,0.3592567910637218,1.772079299529249,0.1,0.1,0.9
4,fusion_raw,,0.3686958234830575,0.36923076923076925,1.9654315644676663,0.1,0.1,1.0
4,fusion_raw,,0.6364016942474389,0.6337376099533056,0.7867390782585145,0.1,1.0,0.0
4,fusion_raw,,0.6479757683215129,0.6393121412599986,0.7972403671687981,0.1,1.0,0.1
4,fusion_raw,,0.5663662332545312,0.5672185520485006,0.943942634532945,0.1,1.0,0.25
4,fusion_raw,,0.4249901497241923,0.42367034780401114,1.4446199244277946,0.1,1.0,0.5
4,fusion_raw,,0.36652876280535857,0.36617796395024116,2.116417763113432,0.1,1.0,0.75
4,fusion_raw,,0.3686958234830575,0.36983371414064486,2.5567117687156777,0.1,1.0,0.9
4,fusion_raw,,0.35827915681639083,0.3590277777777778,2.85890603699729,0.1,1.0,1.0
4,fusion_raw,,0.6364016942474389,0.6337376099533056,0.7867390782585145,0.1,10.0,0.0
4,fusion_raw,,0.6233747044917258,0.6175715848004559,0.8180390200113773,0.1,10.0,0.1
4,fusion_raw,,0.485618597320725,0.4834092579899627,1.0849423680002128,0.1,10.0,0.25
4,fusion_raw,,0.3724635539795114,0.371933113084499,1.8839289702726503,0.1,10.0,0.5
4,fusion_raw,,0.3746306146572104,0.3754633166397872,2.858826544809134,0.1,10.0,0.75
4,fusion_raw,,0.3675384160756501,0.36797114085927757,3.4741174138316873,0.1,10.0,0.9
4,fusion_raw,,0.3767976753349094,0.37745098039215685,3.89078719658871,0.1,10.0,1.0
4,fusion_raw,,0.6364016942474389,0.6337376099533056,0.7764607514286367,1.0,0.001,0.0
4,fusion_raw,,0.6468183609141055,0.6426770801822365,0.7725907354690577,1.0,0.001,0.1
4,fusion_raw,,0.6468183609141055,0.6426770801822365,0.7776260400473011,1.0,0.001,0.25
4,fusion_raw,,0.6456609535066982,0.6415556625474776,0.8227300787958256,1.0,0.001,0.5
4,fusion_raw,,0.5641991725768322,0.5619676260670802,0.9281079724268362,1.0,0.001,0.75
4,fusion_raw,,0.4566834121355398,0.4525504346399869,1.0266305102706241,1.0,0.001,0.9
4,fusion_raw,,0.3818705673758865,0.37762681764801354,1.1082574064021276,1.0,0.001,1.0
4,fusion_raw,,0.6364016942474389,0.6337376099533056,0.7764607514286367,1.0,0.01,0.0
4,fusion_raw,,0.6364016942474389,0.6337376099533056,0.7670853963159049,1.0,0.01,0.1
4,fusion_raw,,0.6456609535066982,0.6425120772946861,0.7752331138265488,1.0,0.01,0.25
4,fusion_raw,,0.618892828999212,0.615897435897436,0.8587809800228657,1.0,0.01,0.5
4,fusion_raw,,0.48446118991331755,0.48410567113925324,1.0434717571373533,1.0,0.01,0.75
4,fusion_raw,,0.38071315996847915,0.37904199567312574,1.204177197544379,1.0,0.01,0.9
4,fusion_raw,,0.3222517730496454,0.32153846153846155,1.3304163195748169,1.0,0.01,1.0
4,fusion_raw,,0.6364016942474389,0.6337376099533056,0.7764607514286367,1.0,0.1,0.0
4,fusion_raw,,0.6375591016548463,0.6311789745588493,0.7649971577296536,1.0,0.1,0.1
4,fusion_raw,,0.6605594956658787,0.652931066518023,0.8068686499945313,1.0,0.1,0.25
4,fusion_raw,,0.5476999605988967,0.5494290076630013,1.0349951803526718,1.0,0.1,0.5
4,fusion_raw,,0.4108057525610717,0.4101682245338962,1.4403307997074661,1.0,0.1,0.75
4,fusion_raw,,0.36652876280535857,0.36617796395024116,1.7448814312987118,1.0,0.1,0.9
4,fusion_raw,,0.3686958234830575,0.36923076923076925,1.9654315644676663,1.0,0.1,1.0
4,fusion_raw,,0.6364016942474389,0.6337376099533056,0.7764607514286367,1.0,1.0,0.0
4,fusion_raw,,0.6572350275807722,0.6499800366224718,0.7709955115171614,1.0,1.0,0.1
4,fusion_raw,,0.5883569739952719,0.5849509093085028,0.8846162015097753,1.0,1.0,0.25
4,fusion_raw,,0.45885047281323876,0.4589373814041746,1.3536306002702156,1.0,1.0,0.5
4,fusion_raw,,0.38071315996847915,0.3804636745444763,2.053049432821086,1.0,1.0,0.75
4,fusion_raw,,0.3686958234830575,0.36944444444444446,2.5286033987880323,1.0,1.0,0.9
4,fusion_raw,,0.35827915681639083,0.3590277777777778,2.85890603699729,1.0,1.0,1.0
4,fusion_raw,,0.6364016942474389,0.6337376099533056,0.7764607514286367,1.0,10.0,0.0
4,fusion_raw,,0.650142828999212,0.6438375498394552,0.7878540132857205,1.0,10.0,0.1
4,fusion_raw,,0.5429225768321513,0.542682594228986,1.008879455073051,1.0,10.0,0.25
4,fusion_raw,,0.4145734830575256,0.4137594431712078,1.7779215900193392,1.0,10.0,0.5
4,fusion_raw,,0.3746306146572104,0.3754633166397872,2.7914616525038927,1.0,10.0,0.75
4,fusion_raw,,0.3675384160756501,0.36797114085927757,3.445148785155362,1.0,10.0,0.9
4,fusion_raw,,0.3767976753349094,0.37745098039215685,3.89078719658871,1.0,10.0,1.0
4,fusion_raw,,0.6364016942474389,0.6337376099533056,0.8045950152096317,10.0,0.001,0.0
4,fusion_raw,,0.6468183609141055,0.6426770801822365,0.7944060601158924,10.0,0.001,0.1
4,fusion_raw,,0.6468183609141055,0.6426770801822365,0.7892555736901877,10.0,0.001,0.25
4,fusion_raw,,0.6456609535066982,0.6415556625474776,0.8163499041096213,10.0,0.001,0.5
4,fusion_raw,,0.583875098502758,0.5817364824717766,0.9099272901225386,10.0,0.001,0.75
4,fusion_raw,,0.46377561071710005,0.4602434602434602,1.0136342552439495,10.0,0.001,0.9
4,fusion_raw,,0.3818705673758865,0.37762681764801354,1.1082574064021276,10.0,0.001,1.0
4,fusion_raw,,0.6364016942474389,0.6337376099533056,0.8045950152096317,10.0,0.01,0.0
4,fusion_raw,,0.6364016942474389,0.6337376099533056,0.7888724717796866,10.0,0.01,0.1
4,fusion_raw,,0.6456609535066982,0.6425120772946861,0.7864438754980893,10.0,0.01,0.25
4,fusion_raw,,0.6222172970843184,0.6186353329210471,0.8502465092717809,10.0,0.01,0.5
4,fusion_raw,,0.4915533884948779,0.49253346004593324,1.0224577623580053,10.0,0.01,0.75
4,fusion_raw,,0.38071315996847915,0.37904199567312574,1.1900867405581657,10.0,0.01,0.9
4,fusion_raw,,0.3222517730496454,0.32153846153846155,1.3304163195748169,10.0,0.01,1.0
4,fusion_raw,,0.6364016942474389,0.6337376099533056,0.8045950152096317,10.0,0.1,0.0
4,fusion_raw,,0.6375591016548463,0.6311789745588493,0.7865724031295914,10.0,0.1,0.1
4,fusion_raw,,0.6513002364066194,0.641765873015873,0.8162417107622726,10.0,0.1,0.25
4,fusion_raw,,0.5439322301024428,0.5461563996775264,1.0189067013177007,10.0,0.1,0.5
4,fusion_raw,,0.4108057525610717,0.41169998252747203,1.412625684937687,10.0,0.1,0.75
4,fusion_raw,,0.36652876280535857,0.36660808938036654,1.7289703648105768,10.0,0.1,0.9
4,fusion_raw,,0.3686958234830575,0.36923076923076925,1.9654315644676663,10.0,0.1,1.0
4,fusion_raw,,0.6364016942474389,0.6337376099533056,0.8045950152096317,10.0,1.0,0.0
4,fusion_raw,,0.6479757683215129,0.639210550500873,0.7920951801480834,10.0,1.0,0.1
4,fusion_raw,,0.5987736406619385,0.5943200663349916,0.8902222472310904,10.0,1.0,0.25
4,fusion_raw,,0.4822941292356186,0.4836896733151576,1.3254120538958156,10.0,1.0,0.5
4,fusion_raw,,0.38071315996847915,0.38036915646023806,2.018894587707109,10.0,1.0,0.75
4,fusion_raw,,0.37578802206461787,0.3767090994813767,2.5113270997981383,10.0,1.0,0.9
4,fusion_raw,,0.35827915681639083,0.3590277777777778,2.85890603699729,10.0,1.0,1.0
4,fusion_raw,,0.6364016942474389,0.6337376099533056,0.8045950152096317,10.0,10.0,0.0
4,fusion_raw,,0.650142828999212,0.6438375498394552,0.8080775014473728,10.0,10.0,0.1
4,fusion_raw,,0.5604314420803783,0.5592316599432243,1.0080428452925605,10.0,10.0,0.25
4,fusion_raw,,0.4424990149724192,0.4416574710692358,1.7349459493820767,10.0,10.0,0.5
4,fusion_raw,,0.3746306146572104,0.3754633166397872,2.751835147998093,10.0,10.0,0.75
4,fusion_raw,,0.3746306146572104,0.3750806407522826,3.4265264559526067,10.0,10.0,0.9
4,fusion_raw,,0.3767976753349094,0.37745098039215685,3.89078719658871,10.0,10.0,1.0
4,fusion_trial_delta,,0.6364016942474389,0.6337376099533056,1.0759349783730776,0.001,0.001,0.0
4,fusion_trial_delta,,0.618892828999212,0.6155567937746156,1.072804063137506,0.001,0.001,0.1
4,fusion_trial_delta,,0.4566834121355398,0.45162791064430413,1.070353248203004,0.001,0.001,0.25
4,fusion_trial_delta,,0.4387312844759654,0.4333035248528206,1.0722121067546344,0.001,0.001,0.5
4,fusion_trial_delta,,0.40154649330181247,0.3972222222222222,1.0812544394983035,0.001,0.001,0.75
4,fusion_trial_delta,,0.3911298266351458,0.38784613277553665,1.089940997009117,0.001,0.001,0.9
4,fusion_trial_delta,,0.3840376280535855,0.3809457450761798,1.0970177828041043,0.001,0.001,1.0
4,fusion_trial_delta,,0.6364016942474389,0.6337376099533056,1.0759349783730776,0.001,0.01,0.0
4,fusion_trial_delta,,0.48446118991331755,0.4836570836570837,1.0659118550416882,0.001,0.01,0.1
4,fusion_trial_delta,,0.4134160756501182,0.41287878787878785,1.0677243414296427,0.001,0.01,0.25
4,fusion_trial_delta,,0.3992316784869976,0.3992851399567818,1.1107013124159106,0.001,0.01,0.5
4,fusion_trial_delta,,0.3828802206461781,0.3821973233737939,1.1936497275990725,0.001,0.01,0.75
4,fusion_trial_delta,,0.3828802206461781,0.3821973233737939,1.2581413035562667,0.001,0.01,0.9
4,fusion_trial_delta,,0.3828802206461781,0.3821973233737939,1.3060517221407046,0.001,0.01,1.0
4,fusion_trial_delta,,0.6364016942474389,0.6337376099533056,1.0759349783730776,0.001,0.1,0.0
4,fusion_trial_delta,,0.40184200157604416,0.40299727088093423,1.0621208923908196,0.001,0.1,0.1
4,fusion_trial_delta,,0.3876576044129236,0.38931518151815175,1.1012889070562988,0.001,0.1,0.25
4,fusion_trial_delta,,0.3783983451536643,0.37987502693385045,1.28265368128279,0.001,0.1,0.5
4,fusion_trial_delta,,0.3783983451536643,0.37987502693385045,1.5510102986762488,0.001,0.1,0.75
4,fusion_trial_delta,,0.3783983451536643,0.37987502693385045,1.7358228608859723,0.001,0.1,0.9
4,fusion_trial_delta,,0.3783983451536643,0.37987502693385045,1.865573350339921,0.001,0.1,1.0
4,fusion_trial_delta,,0.6364016942474389,0.6337376099533056,1.0759349783730776,0.001,1.0,0.0
4,fusion_trial_delta,,0.38549054373522457,0.38641006957838636,1.0679299424828559,0.001,1.0,0.1
4,fusion_trial_delta,,0.3762312844759654,0.37615241600061333,1.1857491326186025,0.001,1.0,0.25
4,fusion_trial_delta,,0.36913908589440503,0.369597238972814,1.5818915917667282,0.001,1.0,0.5
4,fusion_trial_delta,,0.3620468873128448,0.36298545224541434,2.0896120343413473,0.001,1.0,0.75
4,fusion_trial_delta,,0.3620468873128448,0.36350360338956206,2.418676557682328,0.001,1.0,0.9
4,fusion_trial_delta,,0.3620468873128448,0.36350360338956206,2.644115089111122,0.001,1.0,1.0
4,fusion_trial_delta,,0.6364016942474389,0.6337376099533056,1.0759349783730776,0.001,10.0,0.0
4,fusion_trial_delta,,0.3783983451536643,0.37981994787964934,1.0852777627009886,0.001,10.0,0.1
4,fusion_trial_delta,,0.3456954294720252,0.3456432306687578,1.3106682882807987,0.001,10.0,0.25
4,fusion_trial_delta,,0.33860323089046496,0.3386559267156282,1.9478361644153503,0.001,10.0,0.5
4,fusion_trial_delta,,0.33860323089046496,0.3386559267156282,2.701441988827026,0.001,10.0,0.75
4,fusion_trial_delta,,0.33860323089046496,0.3386559267156282,3.1757037780382986,0.001,10.0,0.9
4,fusion_trial_delta,,0.33860323089046496,0.3386559267156282,3.496977008453765,0.001,10.0,1.0
4,fusion_trial_delta,,0.6364016942474389,0.6337376099533056,0.9483430609113066,0.01,0.001,0.0
4,fusion_trial_delta,,0.6468183609141055,0.6426770801822365,0.9558648441263398,0.01,0.001,0.1
4,fusion_trial_delta,,0.6745961386918834,0.6714975845410628,0.9702489804678978,0.01,0.001,0.25
4,fusion_trial_delta,,0.5942917651694247,0.5914116287250616,1.0025275422820228,0.01,0.001,0.5
4,fusion_trial_delta,,0.4517582742316785,0.4486216943074854,1.044967639610857,0.01,0.001,0.75
4,fusion_trial_delta,,0.417897951142632,0.41475287997027127,1.0750899838712942,0.01,0.001,0.9
4,fusion_trial_delta,,0.3840376280535855,0.3809457450761798,1.0970177828041043,0.01,0.001,1.0
4,fusion_trial_delta,,0.6364016942474389,0.6337376099533056,0.9483430609113066,0.01,0.01,0.0
4,fusion_trial_delta,,0.6445035460992908,0.6434357202190005,0.9490373094440725,0.01,0.01,0.1
4,fusion_trial_delta,,0.5883569739952719,0.5851728029945852,0.9675247271853795,0.01,0.01,0.25
4,fusion_trial_delta,,0.4576930654058314,0.45653833107191316,1.0405890365464854,0.01,0.01,0.5
4,fusion_trial_delta,,0.4205082742316785,0.4199346405228758,1.1570437052189064,0.01,0.01,0.75
4,fusion_trial_delta,,0.39213947990543735,0.39230692276910767,1.2431780401329167,0.01,0.01,0.9
4,fusion_trial_delta,,0.3828802206461781,0.3821973233737939,1.3060517221407046,0.01,0.01,1.0
4,fusion_trial_delta,,0.6364016942474389,0.6337376099533056,0.9483430609113066,0.01,0.1,0.0
4,fusion_trial_delta,,0.63423463356974,0.6290167348990878,0.9454793577901068,0.01,0.1,0.1
4,fusion_trial_delta,,0.5102196611505122,0.5071338383838384,1.0008029902479219,0.01,0.1,0.25
4,fusion_trial_delta,,0.3947498029944838,0.3959158415841584,1.2116154168710693,0.01,0.1,0.5
4,fusion_trial_delta,,0.3783983451536643,0.37949346405228757,1.513986405014322,0.01,0.1,0.75
4,fusion_trial_delta,,0.3783983451536643,0.37987502693385045,1.7207625201010437,0.01,0.1,0.9
4,fusion_trial_delta,,0.3783983451536643,0.37987502693385045,1.865573350339921,0.01,0.1,1.0
4,fusion_trial_delta,,0.6364016942474389,0.6337376099533056,0.9483430609113066,0.01,1.0,0.0
4,fusion_trial_delta,,0.5582643814026793,0.554985754985755,0.9513425069731775,0.01,1.0,0.1
4,fusion_trial_delta,,0.43685973207249806,0.4371580752041917,1.0841404177957967,0.01,1.0,0.25
4,fusion_trial_delta,,0.38549054373522457,0.38641006957838636,1.5095205392263533,0.01,1.0,0.5
4,fusion_trial_delta,,0.3762312844759654,0.37615241600061333,2.052112306149592,0.01,1.0,0.75
4,fusion_trial_delta,,0.36913908589440503,0.369597238972814,2.4034823757767465,0.01,1.0,0.9
4,fusion_trial_delta,,0.3620468873128448,0.36350360338956206,2.644115089111122,0.01,1.0,1.0
4,fusion_trial_delta,,0.6364016942474389,0.6337376099533056,0.9483430609113066,0.01,10.0,0.0
4,fusion_trial_delta,,0.5314962568951931,0.5282417039091797,0.9680635698120117,0.01,10.0,0.1
4,fusion_trial_delta,,0.4155831363278171,0.4166287878787878,1.2066694218134466,0.01,10.0,0.25
4,fusion_trial_delta,,0.3783983451536643,0.37981994787964934,1.8732886588784152,0.01,10.0,0.5
4,fusion_trial_delta,,0.3456954294720252,0.3456432306687578,2.662877377608944,0.01,10.0,0.75
4,fusion_trial_delta,,0.33860323089046496,0.3386559267156282,3.160088448069347,0.01,10.0,0.9
4,fusion_trial_delta,,0.33860323089046496,0.3386559267156282,3.496977008453765,0.01,10.0,1.0
4,fusion_trial_delta,,0.6364016942474389,0.6337376099533056,0.7867390782585145,0.1,0.001,0.0
4,fusion_trial_delta,,0.6468183609141055,0.6426770801822365,0.7937849985207307,0.1,0.001,0.1
4,fusion_trial_delta,,0.6468183609141055,0.6426770801822365,0.8132314334948381,0.1,0.001,0.25
4,fusion_trial_delta,,0.6663465327029158,0.6652026801280533,0.8719135441308081,0.1,0.001,0.5
4,fusion_trial_delta,,0.5789499605988967,0.577350091647028,0.9662676463534464,0.1,0.001,0.75
4,fusion_trial_delta,,0.46217494089834515,0.4579365079365079,1.040428901692728,0.1,0.001,0.9
4,fusion_trial_delta,,0.3840376280535855,0.3809457450761798,1.0970177828041043,0.1,0.001,1.0
4,fusion_trial_delta,,0.6364016942474389,0.6337376099533056,0.7867390782585145,0.1,0.01,0.0
4,fusion_trial_delta,,0.6364016942474389,0.6337376099533056,0.7866335684881999,0.1,0.01,0.1
4,fusion_trial_delta,,0.6549202127659575,0.6526732432103276,0.8082732230415786,0.1,0.01,0.25
4,fusion_trial_delta,,0.5741725768321513,0.5707431906125936,0.9052011726132595,0.1,0.01,0.5
4,fusion_trial_delta,,0.4576930654058314,0.45653833107191316,1.07524561839661,0.1,0.01,0.75
4,fusion_trial_delta,,0.4134160756501182,0.4130934247270881,1.2074807510252654,0.1,0.01,0.9
4,fusion_trial_delta,,0.3828802206461781,0.3821973233737939,1.3060517221407046,0.1,0.01,1.0
4,fusion_trial_delta,,0.6364016942474389,0.6337376099533056,0.7867390782585145,0.1,0.1,0.0
4,fusion_trial_delta,,0.6456609535066982,0.6425349943624012,0.782087054211833,0.1,0.1,0.1
4,fusion_trial_delta,,0.6468183609141055,0.6430769230769231,0.8349808518396669,0.1,0.1,0.25
4,fusion_trial_delta,,0.5194789204097715,0.5170077642092568,1.0658265180820428,0.1,0.1,0.5
4,fusion_trial_delta,,0.3947498029944838,0.39589743589743587,1.427634547302146,0.1,0.1,0.75
4,fusion_trial_delta,,0.3876576044129236,0.38931518151815175,1.6838895789330695,0.1,0.1,0.9
4,fusion_trial_delta,,0.3783983451536643,0.37987502693385045,1.865573350339921,0.1,0.1,1.0
4,fusion_trial_delta,,0.6364016942474389,0.6337376099533056,0.7867390782585145,0.1,1.0,0.0
4,fusion_trial_delta,,0.6549202127659575,0.6530533296490743,0.7854695040485695,0.1,1.0,0.1
4,fusion_trial_delta,,0.5665139873916469,0.5605329114799112,0.9070171132592428,0.1,1.0,0.25
4,fusion_trial_delta,,0.4264430654058314,0.42633273760646606,1.3527200108331727,0.1,1.0,0.5
4,fusion_trial_delta,,0.38549054373522457,0.385979944148261,1.9621593843848748,0.1,1.0,0.75
4,fusion_trial_delta,,0.3762312844759654,0.37615241600061333,2.3657263124499703,0.1,1.0,0.9
4,fusion_trial_delta,,0.3620468873128448,0.36350360338956206,2.644115089111122,0.1,1.0,1.0
4,fusion_trial_delta,,0.6364016942474389,0.6337376099533056,0.7867390782585145,0.1,10.0,0.0
4,fusion_trial_delta,,0.6397261623325453,0.6350538971807628,0.797422506609565,0.1,10.0,0.1
4,fusion_trial_delta,,0.5407555161544523,0.5386029411764707,1.0148319692657417,0.1,10.0,0.25
4,fusion_trial_delta,,0.4051664696611505,0.4058964646464646,1.7051332380526862,0.1,10.0,0.5
4,fusion_trial_delta,,0.3783983451536643,0.37981994787964934,2.568544025489487,0.1,10.0,0.75
4,fusion_trial_delta,,0.3456954294720252,0.3456432306687578,3.1208841683183173,0.1,10.0,0.9
4,fusion_trial_delta,,0.33860323089046496,0.3386559267156282,3.496977008453765,0.1,10.0,1.0
4,fusion_trial_delta,,0.6364016942474389,0.6337376099533056,0.7764607514286367,1.0,0.001,0.0
4,fusion_trial_delta,,0.6468183609141055,0.6426770801822365,0.7711205296207807,1.0,0.001,0.1
4,fusion_trial_delta,,0.6468183609141055,0.6426770801822365,0.7740625093899142,1.0,0.001,0.25
4,fusion_trial_delta,,0.6549202127659575,0.6521739130434783,0.8159956592579465,1.0,0.001,0.5
4,fusion_trial_delta,,0.6128102836879433,0.6111393496911726,0.9187094920900314,1.0,0.001,0.75
4,fusion_trial_delta,,0.485618597320725,0.48227564397777156,1.0160084781819958,1.0,0.001,0.9
4,fusion_trial_delta,,0.3840376280535855,0.3809457450761798,1.0970177828041043,1.0,0.001,1.0
4,fusion_trial_delta,,0.6364016942474389,0.6337376099533056,0.7764607514286367,1.0,0.01,0.0
4,fusion_trial_delta,,0.6364016942474389,0.6337376099533056,0.7637224618196894,1.0,0.01,0.1
4,fusion_trial_delta,,0.6445035460992908,0.643381378472,0.7671447876833217,1.0,0.01,0.25
4,fusion_trial_delta,,0.6101999605988967,0.6080685272174634,0.8436322376585533,1.0,0.01,0.5
4,fusion_trial_delta,,0.5183215130023641,0.5176379176379177,1.0232476029549697,1.0,0.01,0.75
4,fusion_trial_delta,,0.4134160756501182,0.41287878787878785,1.1815588970661928,1.0,0.01,0.9
4,fusion_trial_delta,,0.3828802206461781,0.3821973233737939,1.3060517221407046,1.0,0.01,1.0
4,fusion_trial_delta,,0.6364016942474389,0.6337376099533056,0.7764607514286367,1.0,0.1,0.0
4,fusion_trial_delta,,0.6271424349881797,0.6216551650350398,0.7582122698736145,1.0,0.1,0.1
4,fusion_trial_delta,,0.632633963750985,0.6283997966822236,0.7872827933885761,1.0,0.1,0.25
4,fusion_trial_delta,,0.5336633175728921,0.5314134298045189,0.990319262200032,1.0,0.1,0.5
4,fusion_trial_delta,,0.4357023246650906,0.436282986362685,1.368315480171894,1.0,0.1,0.75
4,fusion_trial_delta,,0.3876576044129236,0.3892307692307692,1.6559080312238226,1.0,0.1,0.9
4,fusion_trial_delta,,0.3783983451536643,0.37987502693385045,1.865573350339921,1.0,0.1,1.0
4,fusion_trial_delta,,0.6364016942474389,0.6337376099533056,0.7764607514286367,1.0,1.0,0.0
4,fusion_trial_delta,,0.6456609535066982,0.6425349943624012,0.759458190694799,1.0,1.0,0.1
4,fusion_trial_delta,,0.6337913711583925,0.6275998344228622,0.8475980243042572,1.0,1.0,0.25
4,fusion_trial_delta,,0.49532111899133174,0.4955062873335588,1.261638400799473,1.0,1.0,0.5
4,fusion_trial_delta,,0.39258274231678486,0.39229572170748644,1.8965734857926808,1.0,1.0,0.75
4,fusion_trial_delta,,0.3762312844759654,0.3758289640642582,2.336017218708718,1.0,1.0,0.9
4,fusion_trial_delta,,0.3620468873128448,0.36350360338956206,2.644115089111122,1.0,1.0,1.0
4,fusion_trial_delta,,0.6364016942474389,0.6337376099533056,0.7764607514286367,1.0,10.0,0.0
4,fusion_trial_delta,,0.6594020882584712,0.6538302277432712,0.7677302360281656,1.0,10.0,0.1
4,fusion_trial_delta,,0.5665139873916469,0.5604623080903915,0.939799631560524,1.0,10.0,0.25
4,fusion_trial_delta,,0.454368597320725,0.4544362725107986,1.598039523149763,1.0,10.0,0.5
4,fusion_trial_delta,,0.38549054373522457,0.385979944148261,2.495989455170289,1.0,10.0,0.75
4,fusion_trial_delta,,0.3549546887312845,0.35590460396430545,3.0889685838513894,1.0,10.0,0.9
4,fusion_trial_delta,,0.33860323089046496,0.3386559267156282,3.496977008453765,1.0,10.0,1.0
4,fusion_trial_delta,,0.6364016942474389,0.6337376099533056,0.8045950152096317,10.0,0.001,0.0
4,fusion_trial_delta,,0.6468183609141055,0.6426770801822365,0.7929216912865215,10.0,0.001,0.1
4,fusion_trial_delta,,0.6468183609141055,0.6426770801822365,0.7856157381230723,10.0,0.001,0.25
4,fusion_trial_delta,,0.6549202127659575,0.6521739130434783,0.80927191374038,10.0,0.001,0.5
4,fusion_trial_delta,,0.62322695035461,0.6208875321984801,0.8998780751115011,10.0,0.001,0.75
4,fusion_trial_delta,,0.5090622537431048,0.5069851978497605,1.002553109632992,10.0,0.001,0.9
4,fusion_trial_delta,,0.3840376280535855,0.3809457450761798,1.0970177828041043,10.0,0.001,1.0
4,fusion_trial_delta,,0.6364016942474389,0.6337376099533056,0.8045950152096317,10.0,0.01,0.0
4,fusion_trial_delta,,0.6364016942474389,0.6337376099533056,0.7854895872286625,10.0,0.01,0.1
4,fusion_trial_delta,,0.6445035460992908,0.643381378472,0.7782171647514682,10.0,0.01,0.25
4,fusion_trial_delta,,0.6265514184397163,0.6255334516647073,0.8343456785189755,10.0,0.01,0.5
4,fusion_trial_delta,,0.5325059101654847,0.532048442939532,1.0011419896397606,10.0,0.01,0.75
4,fusion_trial_delta,,0.4226753349093775,0.4224981841186532,1.1669509864472534,10.0,0.01,0.9
4,fusion_trial_delta,,0.3828802206461781,0.3821973233737939,1.3060517221407046,10.0,0.01,1.0
4,fusion_trial_delta,,0.6364016942474389,0.6337376099533056,0.8045950152096317,10.0,0.1,0.0
4,fusion_trial_delta,,0.6271424349881797,0.6216551650350398,0.7797859828468121,10.0,0.1,0.1
4,fusion_trial_delta,,0.632633963750985,0.6283997966822236,0.7964682290489109,10.0,0.1,0.25
4,fusion_trial_delta,,0.551172182821119,0.5482705001269358,0.97335343927983,10.0,0.1,0.5
4,fusion_trial_delta,,0.45321118991331755,0.4538665893831812,1.340087505835233,10.0,0.1,0.75
4,fusion_trial_delta,,0.3947498029944838,0.39529595713543425,1.6394209620733065,10.0,0.1,0.9
4,fusion_trial_delta,,0.3783983451536643,0.37987502693385045,1.865573350339921,10.0,0.1,1.0
4,fusion_trial_delta,,0.6364016942474389,0.6337376099533056,0.8045950152096317,10.0,1.0,0.0
4,fusion_trial_delta,,0.6456609535066982,0.6425349943624012,0.7805678402599059,10.0,1.0,0.1
4,fusion_trial_delta,,0.6337913711583925,0.6275998344228622,0.8529084072224248,10.0,1.0,0.25
4,fusion_trial_delta,,0.5161544523246651,0.5159669553859575,1.2342521124949757,10.0,1.0,0.5
4,fusion_trial_delta,,0.4089342001576044,0.4085774918400604,1.8619695494874817,10.0,1.0,0.75
4,fusion_trial_delta,,0.3762312844759654,0.37561274509803927,2.3175043169170757,10.0,1.0,0.9
4,fusion_trial_delta,,0.3620468873128448,0.36350360338956206,2.644115089111122,10.0,1.0,1.0
4,fusion_trial_delta,,0.6364016942474389,0.6337376099533056,0.8045950152096317,10.0,10.0,0.0
4,fusion_trial_delta,,0.6594020882584712,0.6538302277432712,0.787998015952008,10.0,10.0,0.1
4,fusion_trial_delta,,0.5873473207249803,0.5798546947800679,0.9388514646761001,10.0,10.0,0.25
4,fusion_trial_delta,,0.4778122537431048,0.47832231460956937,1.5583535790191163,10.0,10.0,0.5
4,fusion_trial_delta,,0.39258274231678486,0.39229572170748644,2.453343572872198,10.0,10.0,0.75
4,fusion_trial_delta,,0.3549546887312845,0.35590460396430545,3.067807776402197,10.0,10.0,0.9
4,fusion_trial_delta,,0.33860323089046496,0.3386559267156282,3.496977008453765,10.0,10.0,1.0
4,fusion_water_delta,,0.6364016942474389,0.6337376099533056,1.0759349783730776,0.001,0.001,0.0
4,fusion_water_delta,,0.6330772261623325,0.6298616400101549,1.0704128023533144,0.001,0.001,0.1
4,fusion_water_delta,,0.5129777383766746,0.5061999294810295,1.0636662200233202,0.001,0.001,0.25
4,fusion_water_delta,,0.4338307722616233,0.417616334283001,1.0565174903928758,0.001,0.001,0.5
4,fusion_water_delta,,0.3879531126871552,0.37675606641123877,1.0544251406289915,0.001,0.001,0.75
4,fusion_water_delta,,0.3879531126871552,0.37675606641123877,1.055536965834861,0.001,0.001,0.9
4,fusion_water_delta,,0.38086091410559497,0.37034183644353136,1.0572371994868663,0.001,0.001,1.0
4,fusion_water_delta,,0.6364016942474389,0.6337376099533056,1.0759349783730776,0.001,0.01,0.0
4,fusion_water_delta,,0.5374310480693459,0.5371406371406371,1.0550740146006674,0.001,0.01,0.1
4,fusion_water_delta,,0.44727639873916475,0.44720699278904047,1.0386285757862812,0.001,0.01,0.25
4,fusion_water_delta,,0.43685973207249806,0.4366033136775402,1.0470850013221438,0.001,0.01,0.5
4,fusion_water_delta,,0.43685973207249806,0.4366033136775402,1.0922978301381294,0.001,0.01,0.75
4,fusion_water_delta,,0.4297675334909377,0.4298165717900064,1.1331830526988305,0.001,0.01,0.9
4,fusion_water_delta,,0.4297675334909377,0.4298165717900064,1.165088384990357,0.001,0.01,1.0
4,fusion_water_delta,,0.6364016942474389,0.6337376099533056,1.0759349783730776,0.001,0.1,0.0
4,fusion_water_delta,,0.4603033884948779,0.462014807290344,1.0405969575397285,0.001,0.1,0.1
4,fusion_water_delta,,0.39258274231678486,0.3930866770887615,1.049928492257079,0.001,0.1,0.25
4,fusion_water_delta,,0.3783983451536643,0.3793869731800766,1.1819109178975895,0.001,0.1,0.5
4,fusion_water_delta,,0.3783983451536643,0.3793869731800766,1.3966645699333873,0.001,0.1,0.75
4,fusion_water_delta,,0.3783983451536643,0.3793869731800766,1.5477382035065637,0.001,0.1,0.9
4,fusion_water_delta,,0.3783983451536643,0.3793869731800766,1.6546327565155166,0.001,0.1,1.0
4,fusion_water_delta,,0.6364016942474389,0.6337376099533056,1.0759349783730776,0.001,1.0,0.0
4,fusion_water_delta,,0.41009160756501184,0.41191322693442206,1.0361188982114928,0.001,1.0,0.1
4,fusion_water_delta,,0.40184200157604416,0.4028166822284469,1.1158565226836026,0.001,1.0,0.25
4,fusion_water_delta,,0.3947498029944838,0.39574527628201417,1.4443153796523451,0.001,1.0,0.5
4,fusion_water_delta,,0.3947498029944838,0.39574527628201417,1.875436464070051,0.001,1.0,0.75
4,fusion_water_delta,,0.3876576044129236,0.38901385884803324,2.1571454637291088,0.001,1.0,0.9
4,fusion_water_delta,,0.3876576044129236,0.38901385884803324,2.350929507778998,0.001,1.0,1.0
4,fusion_water_delta,,0.6364016942474389,0.6337376099533056,1.0759349783730776,0.001,10.0,0.0
4,fusion_water_delta,,0.4051664696611505,0.4067744044125716,1.0416571169465907,0.001,10.0,0.1
4,fusion_water_delta,,0.373473207249803,0.37444136430681946,1.2144445318935169,0.001,10.0,0.25
4,fusion_water_delta,,0.3663810086682427,0.3671171171171171,1.7508310647377816,0.001,10.0,0.5
4,fusion_water_delta,,0.3663810086682427,0.3671171171171171,2.3962467649209445,0.001,10.0,0.75
4,fusion_water_delta,,0.3663810086682427,0.3671171171171171,2.8058861967884536,0.001,10.0,0.9
4,fusion_water_delta,,0.3663810086682427,0.3671171171171171,3.084445048992957,0.001,10.0,1.0
4,fusion_water_delta,,0.6364016942474389,0.6337376099533056,0.9483430609113066,0.01,0.001,0.0
4,fusion_water_delta,,0.6560776201733648,0.6532116682333341,0.9536524244969614,0.01,0.001,0.1
4,fusion_water_delta,,0.6909475965327029,0.6900301975519237,0.9639302148891482,0.01,0.001,0.25
4,fusion_water_delta,,0.651595744680851,0.6515839836270579,0.9873035597957606,0.01,0.001,0.5
4,fusion_water_delta,,0.5233944050433412,0.5158021332386981,1.0184700942481861,0.01,0.001,0.75
4,fusion_water_delta,,0.4234141055949567,0.4083513426236431,1.0408383846157774,0.01,0.001,0.9
4,fusion_water_delta,,0.38086091410559497,0.37034183644353136,1.0572371994868663,0.01,0.001,1.0
4,fusion_water_delta,,0.6364016942474389,0.6337376099533056,0.9483430609113066,0.01,0.01,0.0
4,fusion_water_delta,,0.6805309298660362,0.6805309298660362,0.9391303793828625,0.01,0.01,0.1
4,fusion_water_delta,,0.5958924349881797,0.5951048951048951,0.940381625107255,0.01,0.01,0.25
4,fusion_water_delta,,0.4905437352245863,0.4887151543867962,0.9795931452785126,0.01,0.01,0.5
4,fusion_water_delta,,0.44727639873916475,0.44723592662871603,1.0575941617336835,0.01,0.01,0.75
4,fusion_water_delta,,0.43685973207249806,0.4366033136775402,1.1190942144122817,0.01,0.01,0.9
4,fusion_water_delta,,0.4297675334909377,0.4298165717900064,1.165088384990357,0.01,0.01,1.0
4,fusion_water_delta,,0.6364016942474389,0.6337376099533056,0.9483430609113066,0.01,0.1,0.0
4,fusion_water_delta,,0.6204934988179669,0.6196078431372549,0.9260258083527285,0.01,0.1,0.1
4,fusion_water_delta,,0.48389479905437355,0.48838308209377396,0.9538758532263664,0.01,0.1,0.25
4,fusion_water_delta,,0.4510441292356186,0.45256410256410257,1.1164702347683393,0.01,0.1,0.5
4,fusion_water_delta,,0.38549054373522457,0.38654810542337575,1.3631028798981424,0.01,0.1,0.75
4,fusion_water_delta,,0.3783983451536643,0.3793869731800766,1.53411516171182,0.01,0.1,0.9
4,fusion_water_delta,,0.3783983451536643,0.3793869731800766,1.6546327565155166,0.01,0.1,1.0
4,fusion_water_delta,,0.6364016942474389,0.6337376099533056,0.9483430609113066,0.01,1.0,0.0
4,fusion_water_delta,,0.5435135933806147,0.544354036573946,0.9228819342397491,0.01,1.0,0.1
4,fusion_water_delta,,0.4718774625689519,0.47643465973836546,1.021400600811444,0.01,1.0,0.25
4,fusion_water_delta,,0.4122586682427108,0.4140418427807693,1.37955490686145,0.01,1.0,0.5
4,fusion_water_delta,,0.40184200157604416,0.4028166822284469,1.8419240360815263,0.01,1.0,0.75
4,fusion_water_delta,,0.3947498029944838,0.39574527628201417,2.143500790278247,0.01,1.0,0.9
4,fusion_water_delta,,0.3876576044129236,0.38901385884803324,2.350929507778998,0.01,1.0,1.0
4,fusion_water_delta,,0.6364016942474389,0.6337376099533056,0.9483430609113066,0.01,10.0,0.0
4,fusion_water_delta,,0.5189125295508275,0.5227106227106227,0.9293275835290775,0.01,10.0,0.1
4,fusion_water_delta,,0.439026792750197,0.4415611784032836,1.1204898704678004,0.01,10.0,0.25
4,fusion_water_delta,,0.3947498029944838,0.39568052551469995,1.6852589201442592,0.01,10.0,0.5
4,fusion_water_delta,,0.373473207249803,0.37444136430681946,2.3620253213459583,0.01,10.0,0.75
4,fusion_water_delta,,0.3663810086682427,0.3671171171171171,2.791938054674181,0.01,10.0,0.9
4,fusion_water_delta,,0.3663810086682427,0.3671171171171171,3.084445048992957,0.01,10.0,1.0
4,fusion_water_delta,,0.6364016942474389,0.6337376099533056,0.7867390782585145,0.1,0.001,0.0
4,fusion_water_delta,,0.6364016942474389,0.6337376099533056,0.7919953081752692,0.1,0.001,0.1
4,fusion_water_delta,,0.6560776201733648,0.6532116682333341,0.8078647471625137,0.1,0.001,0.25
4,fusion_water_delta,,0.6838553979511426,0.6832276445179671,0.8580328919804715,0.1,0.001,0.5
4,fusion_water_delta,,0.6456609535066982,0.6438005050505051,0.940754559250359,0.1,0.001,0.75
4,fusion_water_delta,,0.5222369976359338,0.5170449768810425,1.0066278781269258,0.1,0.001,0.9
4,fusion_water_delta,,0.38086091410559497,0.37034183644353136,1.0572371994868663,0.1,0.001,1.0
4,fusion_water_delta,,0.6364016942474389,0.6337376099533056,0.7867390782585145,0.1,0.01,0.0
4,fusion_water_delta,,0.6456609535066982,0.6441470589585082,0.7788314249276944,0.1,0.01,0.1
4,fusion_water_delta,,0.6909475965327029,0.6900301975519237,0.7858078037670494,0.1,0.01,0.25
4,fusion_water_delta,,0.6063091016548463,0.6077027816227693,0.8509808266879355,0.1,0.01,0.5
4,fusion_water_delta,,0.5068951930654059,0.5071339193791083,0.980875486697066,0.1,0.01,0.75
4,fusion_water_delta,,0.44727639873916475,0.44770420835994607,1.08573325688762,0.1,0.01,0.9
4,fusion_water_delta,,0.4297675334909377,0.4298165717900064,1.165088384990357,0.1,0.01,1.0
4,fusion_water_delta,,0.6364016942474389,0.6337376099533056,0.7867390782585145,0.1,0.1,0.0
4,fusion_water_delta,,0.6549202127659575,0.6544527157430383,0.767132238120266,0.1,0.1,0.1
4,fusion_water_delta,,0.6204934988179669,0.6183419130640594,0.7983341890908419,0.1,0.1,0.25
4,fusion_water_delta,,0.5024133175728921,0.5062805738862077,0.9856662063770351,0.1,0.1,0.5
4,fusion_water_delta,,0.4498867218282112,0.4506652283351313,1.2865140937692932,0.1,0.1,0.75
4,fusion_water_delta,,0.38549054373522457,0.38654810542337575,1.5013183433570685,0.1,0.1,0.9
4,fusion_water_delta,,0.3783983451536643,0.3793869731800766,1.6546327565155166,0.1,0.1,1.0
4,fusion_water_delta,,0.6364016942474389,0.6337376099533056,0.7867390782585145,0.1,1.0,0.0
4,fusion_water_delta,,0.6620124113475178,0.6604973973395026,0.7639845364272984,0.1,1.0,0.1
4,fusion_water_delta,,0.5342543341213554,0.5346922008251538,0.8612698150115323,0.1,1.0,0.25
4,fusion_water_delta,,0.4718774625689519,0.4776601332939361,1.2444786803847128,0.1,1.0,0.5
4,fusion_water_delta,,0.4051664696611505,0.4073764319474485,1.7638515439856488,0.1,1.0,0.75
4,fusion_water_delta,,0.40184200157604416,0.4028166822284469,2.110383042372231,0.1,1.0,0.9
4,fusion_water_delta,,0.3876576044129236,0.38901385884803324,2.350929507778998,0.1,1.0,1.0
4,fusion_water_delta,,0.6364016942474389,0.6337376099533056,0.7867390782585145,0.1,10.0,0.0
4,fusion_water_delta,,0.6330772261623325,0.632062401134566,0.7687460359094869,0.1,10.0,0.1
4,fusion_water_delta,,0.4905437352245863,0.496723544019867,0.9541662136635259,0.1,10.0,0.25
4,fusion_water_delta,,0.4461189913317573,0.44898326898326896,1.5443613195499761,0.1,10.0,0.5
4,fusion_water_delta,,0.4051664696611505,0.4067744044125716,2.2813885233052043,0.1,10.0,0.75
4,fusion_water_delta,,0.373473207249803,0.37444136430681946,2.7580013964692687,0.1,10.0,0.9
4,fusion_water_delta,,0.3663810086682427,0.3671171171171171,3.084445048992957,0.1,10.0,1.0
4,fusion_water_delta,,0.6364016942474389,0.6337376099533056,0.7764607514286367,1.0,0.001,0.0
4,fusion_water_delta,,0.6364016942474389,0.6337376099533056,0.7695043358654249,1.0,0.001,0.1
4,fusion_water_delta,,0.6560776201733648,0.6532116682333341,0.7691706364410664,1.0,0.001,0.25
4,fusion_water_delta,,0.6745961386918834,0.673027411782523,0.8030071733251662,1.0,0.001,0.5
4,fusion_water_delta,,0.6560776201733648,0.6567026034066706,0.894009588564061,1.0,0.001,0.75
4,fusion_water_delta,,0.5560973207249803,0.5521464646464646,0.9826128855002547,1.0,0.001,0.9
4,fusion_water_delta,,0.38086091410559497,0.37034183644353136,1.0572371994868663,1.0,0.001,1.0
4,fusion_water_delta,,0.6364016942474389,0.6337376099533056,0.7764607514286367,1.0,0.01,0.0
4,fusion_water_delta,,0.6560776201733648,0.6532116682333341,0.7567818836712613,1.0,0.01,0.1
4,fusion_water_delta,,0.7013642631993696,0.6993951674802737,0.7470411919246347,1.0,0.01,0.25
4,fusion_water_delta,,0.6364016942474389,0.6377814049945197,0.7941464801620849,1.0,0.01,0.5
4,fusion_water_delta,,0.5232466509062254,0.5252069877324548,0.9332763860953002,1.0,0.01,0.75
4,fusion_water_delta,,0.44727639873916475,0.44770420835994607,1.0620091558339286,1.0,0.01,0.9
4,fusion_water_delta,,0.4297675334909377,0.4298165717900064,1.165088384990357,1.0,0.01,1.0
4,fusion_water_delta,,0.6364016942474389,0.6337376099533056,0.7764607514286367,1.0,0.1,0.0
4,fusion_water_delta,,0.6549202127659575,0.6544527157430383,0.745067944248632,1.0,0.1,0.1
4,fusion_water_delta,,0.6423364854215917,0.6427194136998021,0.7559715928814672,1.0,0.1,0.25
4,fusion_water_delta,,0.5161544523246651,0.5250505050505051,0.9220376686799806,1.0,0.1,0.5
4,fusion_water_delta,,0.4811367218282112,0.4847914616023006,1.2369147429103504,1.0,0.1,0.75
4,fusion_water_delta,,0.39258274231678486,0.3936531617936745,1.4777196218667736,1.0,0.1,0.9
4,fusion_water_delta,,0.3783983451536643,0.3793869731800766,1.6546327565155166,1.0,0.1,1.0
4,fusion_water_delta,,0.6364016942474389,0.6337376099533056,0.7764607514286367,1.0,1.0,0.0
4,fusion_water_delta,,0.6527531520882585,0.6500566303769965,0.7406828352387657,1.0,1.0,0.1
4,fusion_water_delta,,0.5631895193065406,0.5654555582080051,0.811148188047183,1.0,1.0,0.25
4,fusion_water_delta,,0.47896966115051226,0.4860350546625057,1.1734622655574023,1.0,1.0,0.5
4,fusion_water_delta,,0.4357023246650906,0.4383991834972227,1.7119109043763465,1.0,1.0,0.75
4,fusion_water_delta,,0.3947498029944838,0.39618492181899206,2.086379371947425,1.0,1.0,0.9
4,fusion_water_delta,,0.3876576044129236,0.38901385884803324,2.350929507778998,1.0,1.0,1.0
4,fusion_water_delta,,0.6364016942474389,0.6337376099533056,0.7764607514286367,1.0,10.0,0.0
4,fusion_water_delta,,0.6527531520882585,0.650973587815693,0.743005664768499,1.0,10.0,0.1
4,fusion_water_delta,,0.5314962568951931,0.5388757608306481,0.8952010801097936,1.0,10.0,0.25
4,fusion_water_delta,,0.47288711583924353,0.4813552783849813,1.4662488126162738,1.0,10.0,0.5
4,fusion_water_delta,,0.4226753349093775,0.4257390050468637,2.2263055345825493,1.0,10.0,0.75
4,fusion_water_delta,,0.3876576044129236,0.3889583363267574,2.7330386419038573,1.0,10.0,0.9
4,fusion_water_delta,,0.3663810086682427,0.3671171171171171,3.084445048992957,1.0,10.0,1.0
4,fusion_water_delta,,0.6364016942474389,0.6337376099533056,0.8045950152096317,10.0,0.001,0.0
4,fusion_water_delta,,0.6364016942474389,0.6337376099533056,0.7913358996734757,10.0,0.001,0.1
4,fusion_water_delta,,0.6560776201733648,0.6532116682333341,0.7808330282372867,10.0,0.001,0.25
4,fusion_water_delta,,0.6745961386918834,0.673027411782523,0.7966193015863366,10.0,0.001,0.5
4,fusion_water_delta,,0.6560776201733648,0.6555588418942456,0.8756698193288184,10.0,0.001,0.75
4,fusion_water_delta,,0.54900512214342,0.5489918428763761,0.9694573321262844,10.0,0.001,0.9
4,fusion_water_delta,,0.38086091410559497,0.37034183644353136,1.0572371994868663,10.0,0.001,1.0
4,fusion_water_delta,,0.6364016942474389,0.6337376099533056,0.8045950152096317,10.0,0.01,0.0
4,fusion_water_delta,,0.6560776201733648,0.6532116682333341,0.7787134549802616,10.0,0.01,0.1
4,fusion_water_delta,,0.6942720646178092,0.6925180932450354,0.7587202772607299,10.0,0.01,0.25
4,fusion_water_delta,,0.6527531520882585,0.654039221252336,0.7868958468781205,10.0,0.01,0.5
4,fusion_water_delta,,0.5232466509062254,0.529051330637547,0.9141228229805631,10.0,0.01,0.75
4,fusion_water_delta,,0.454368597320725,0.45492063492063495,1.0492032621524054,10.0,0.01,0.9
4,fusion_water_delta,,0.4297675334909377,0.4298165717900064,1.165088384990357,10.0,0.01,1.0
4,fusion_water_delta,,0.6364016942474389,0.6337376099533056,0.8045950152096317,10.0,0.1,0.0
4,fusion_water_delta,,0.6549202127659575,0.6544527157430383,0.7669957294332415,10.0,0.1,0.1
4,fusion_water_delta,,0.6423364854215917,0.6427194136998021,0.7665702304943013,10.0,0.1,0.25
4,fusion_water_delta,,0.5244040583136328,0.5328314028314028,0.9106776000099186,10.0,0.1,0.5
4,fusion_water_delta,,0.5008126477541371,0.5084848484848484,1.2161202929620456,10.0,0.1,0.75
4,fusion_water_delta,,0.38549054373522457,0.38715572715572716,1.4652212520040648,10.0,0.1,0.9
4,fusion_water_delta,,0.3783983451536643,0.3793869731800766,1.6546327565155166,10.0,0.1,1.0
4,fusion_water_delta,,0.6364016942474389,0.6337376099533056,0.8045950152096317,10.0,1.0,0.0
4,fusion_water_delta,,0.6631698187549251,0.6592563498297984,0.762315673527169,10.0,1.0,0.1
4,fusion_water_delta,,0.5899576438140268,0.5917247593303933,0.8187495108268696,10.0,1.0,0.25
4,fusion_water_delta,,0.47896966115051226,0.4860350546625057,1.157273391062312,10.0,1.0,0.5
4,fusion_water_delta,,0.4449615839243499,0.45013156777862656,1.689786162225607,10.0,1.0,0.75
4,fusion_water_delta,,0.3947498029944838,0.39618492181899206,2.073764528997151,10.0,1.0,0.9
4,fusion_water_delta,,0.3876576044129236,0.38901385884803324,2.350929507778998,10.0,1.0,1.0
4,fusion_water_delta,,0.6364016942474389,0.6337376099533056,0.8045950152096317,10.0,10.0,0.0
4,fusion_water_delta,,0.6527531520882585,0.650973587815693,0.7640263041745193,10.0,10.0,0.1
4,fusion_water_delta,,0.5419129235618597,0.5492562309910337,0.8981503027739884,10.0,10.0,0.25
4,fusion_water_delta,,0.47288711583924353,0.4813552783849813,1.4462632639751627,10.0,10.0,0.5
4,fusion_water_delta,,0.4319345941686367,0.4377104377104377,2.2014595272530877,10.0,10.0,0.75
4,fusion_water_delta,,0.3876576044129236,0.3889583363267574,2.719374427097626,10.0,10.0,0.9
4,fusion_water_delta,,0.3663810086682427,0.3671171171171171,3.084445048992957,10.0,10.0,1.0
5,code_only,0.001,0.6168554378273049,0.6168554378273049,1.079118438585729,,,
5,code_only,0.01,0.6168554378273049,0.6168554378273049,0.9694305695484208,,,
5,code_only,0.1,0.6168554378273049,0.6168554378273049,0.8336306830577083,,,
5,code_only,1.0,0.6168554378273049,0.6168554378273049,0.8473849512228772,,,
5,code_only,10.0,0.6168554378273049,0.6168554378273049,0.9087255337839366,,,
5,face_raw,0.001,0.3555352575812934,0.35378303016692864,1.1521844170672195,,,
5,face_raw,0.01,0.3268298623797345,0.323705998379986,1.4406880905013308,,,
5,face_raw,0.1,0.2904518329070758,0.2887197103615014,2.2410644010878977,,,
5,face_raw,1.0,0.27595907928388747,0.2748219655008704,3.3136612573741018,,,
5,face_raw,10.0,0.27595907928388747,0.27485924486895835,4.47104629052415,,,
5,face_trial_delta,0.001,0.3239922055778833,0.32335429071074656,1.1504060138273755,,,
5,face_trial_delta,0.01,0.29314334429423944,0.28755339519811457,1.4233174705120553,,,
5,face_trial_delta,0.1,0.3076360979174278,0.30082655750223775,2.215402266414028,,,
5,face_trial_delta,1.0,0.29314334429423944,0.28733675365922295,3.264530181989445,,,
5,face_trial_delta,10.0,0.29314334429423944,0.28733675365922295,4.449364265612724,,,
5,face_water_delta,0.001,0.3747168432590427,0.37152777777777785,1.1729325367442909,,,
5,face_water_delta,0.01,0.3434539033004506,0.34089390142021725,1.4830545585692814,,,
5,face_water_delta,0.1,0.33876507124588967,0.3370643370643371,2.2838872189243964,,,
5,face_water_delta,1.0,0.372585555961515,0.37068091179858564,3.417786865914252,,,
5,face_water_delta,10.0,0.38210936548532454,0.381018104561677,4.605656020578467,,,
5,fusion_raw,,0.6168554378273049,0.6168554378273049,1.079118438585729,0.001,0.001,0.0
5,fusion_raw,,0.49606625258799175,0.4913652975508646,1.0822072247736663,0.001,0.001,0.1
5,fusion_raw,,0.41109487273170137,0.40821492153890465,1.0886271712334366,0.001,0.001,0.25
5,fusion_raw,,0.372585555961515,0.36988161964788246,1.1040627208563663,0.001,0.001,0.5
5,fusion_raw,,0.3653391791499208,0.3628461939074536,1.125313069388642,0.001,0.001,0.75
5,fusion_raw,,0.3555352575812934,0.35378303016692864,1.140776803519827,0.001,0.001,0.9
5,fusion_raw,,0.3555352575812934,0.35378303016692864,1.1521844170672195,0.001,0.001,1.0
5,fusion_raw,,0.6168554378273049,0.6168554378273049,1.079118438585729,0.001,0.01,0.0
5,fusion_raw,,0.3462915601023018,0.34279676970716827,1.086901829521344,0.001,0.01,0.1
5,fusion_raw,,0.34104250395810504,0.3397593896713615,1.111938820908986,0.001,0.01,0.25
5,fusion_raw,,0.3268298623797345,0.3239449217298241,1.1873670927960647,0.001,0.01,0.5
5,fusion_raw,,0.3268298623797345,0.323705998379986,1.2994389600731708,0.001,0.01,0.75
5,fusion_raw,,0.3268298623797345,0.323705998379986,1.381154175587506,0.001,0.01,0.9
5,fusion_raw,,0.3268298623797345,0.323705998379986,1.4406880905013308,0.001,0.01,1.0
5,fusion_raw,,0.6168554378273049,0.6168554378273049,1.079118438585729,0.001,0.1,0.0
5,fusion_raw,,0.3075021312872976,0.3071508201942985,1.105372940917039,0.001,0.1,0.1
5,fusion_raw,,0.2832054560954817,0.2822848648935605,1.1994779285826729,0.001,0.1,0.25
5,fusion_raw,,0.2904518329070758,0.28933138472780423,1.4705651781003617,0.001,0.1,0.5
5,fusion_raw,,0.2904518329070758,0.28888015525556543,1.8312268308653248,0.001,0.1,0.75
5,fusion_raw,,0.2904518329070758,0.2887197103615014,2.0729044796870904,0.001,0.1,0.9
5,fusion_raw,,0.2904518329070758,0.2887197103615014,2.2410644010878977,0.001,0.1,1.0
5,fusion_raw,,0.6168554378273049,0.6168554378273049,1.079118438585729,0.001,1.0,0.0
5,fusion_raw,,0.30025575447570335,0.2994708994708995,1.1371312665551867,0.001,1.0,0.1
5,fusion_raw,,0.29300937766410917,0.2920401195049082,1.3513847848146205,0.001,1.0,0.25
5,fusion_raw,,0.27595907928388747,0.2748219655008704,1.9130193159384787,0.001,1.0,0.5
5,fusion_raw,,0.27595907928388747,0.2748219655008704,2.5896626976381265,0.001,1.0,0.75
5,fusion_raw,,0.27595907928388747,0.2748219655008704,3.0204592630762996,0.001,1.0,0.9
5,fusion_raw,,0.27595907928388747,0.2748219655008704,3.3136612573741018,0.001,1.0,1.0
5,fusion_raw,,0.6168554378273049,0.6168554378273049,1.079118438585729,0.001,10.0,0.0
5,fusion_raw,,0.29300937766410917,0.2920401195049082,1.1809532533811677,0.001,10.0,0.1
5,fusion_raw,,0.2832054560954817,0.2825396825396826,1.5493990820643526,0.001,10.0,0.25
5,fusion_raw,,0.2832054560954817,0.28284915485421896,2.4326199238686987,0.001,10.0,0.5
5,fusion_raw,,0.2832054560954817,0.2826504481434059,3.431926119588362,0.001,10.0,0.75
5,fusion_raw,,0.27595907928388747,0.27485924486895835,4.0525631119576255,0.001,10.0,0.9
5,fusion_raw,,0.27595907928388747,0.27485924486895835,4.47104629052415,0.001,10.0,1.0
5,fusion_raw,,0.6168554378273049,0.6168554378273049,0.9694305695484208,0.01,0.001,0.0
5,fusion_raw,,0.6076117403483132,0.6031327770458206,0.9814423218409168,0.01,0.001,0.1
5,fusion_raw,,0.5617099013518452,0.5550083395107488,1.0020698305393365,0.01,0.001,0.25
5,fusion_raw,,0.4642430885397637,0.4624252940042413,1.0434643867353595,0.01,0.001,0.5
5,fusion_raw,,0.4038484959201072,0.401413915261885,1.0935816424509934,0.01,0.001,0.75
5,fusion_raw,,0.372585555961515,0.36988161964788246,1.1277481188227847,0.01,0.001,0.9
5,fusion_raw,,0.3555352575812934,0.35378303016692864,1.1521844170672195,0.01,0.001,1.0
5,fusion_raw,,0.6168554378273049,0.6168554378273049,0.9694305695484208,0.01,0.01,0.0
5,fusion_raw,,0.5622701254414809,0.5491904328832716,0.9858000620592349,0.01,0.01,0.1
5,fusion_raw,,0.45499939106077214,0.45100223400599004,1.0245920246295548,0.01,0.01,0.25
5,fusion_raw,,0.3292412617220801,0.32631489976410566,1.1256892494578459,0.01,0.01,0.5
5,fusion_raw,,0.3337961271465108,0.3325206855791963,1.2670033390987856,0.01,0.01,0.75
5,fusion_raw,,0.3268298623797345,0.3239449217298241,1.3678360326282426,0.01,0.01,0.9
5,fusion_raw,,0.3268298623797345,0.323705998379986,1.4406880905013308,0.01,0.01,1.0
5,fusion_raw,,0.6168554378273049,0.6168554378273049,0.9694305695484208,0.01,0.1,0.0
5,fusion_raw,,0.5237608086712946,0.5098048311330061,1.0036221278083557,0.01,0.1,0.1
5,fusion_raw,,0.36589940323955666,0.3609550862082131,1.1106396792982587,0.01,0.1,0.25
5,fusion_raw,,0.3147485080988917,0.3140096618357488,1.406923376974412,0.01,0.1,0.5
5,fusion_raw,,0.2832054560954817,0.2822848648935605,1.7975812935956803,0.01,0.1,0.75
5,fusion_raw,,0.2904518329070758,0.28888015525556543,2.0590997137974303,0.01,0.1,0.9
5,fusion_raw,,0.2904518329070758,0.2887197103615014,2.2410644010878977,0.01,0.1,1.0
5,fusion_raw,,0.6168554378273049,0.6168554378273049,0.9694305695484208,0.01,1.0,0.0
5,fusion_raw,,0.42401656314699787,0.41914641914641915,1.0346249292930523,0.01,1.0,0.1
5,fusion_raw,,0.3030934112775545,0.29946125940765606,1.2606587154374578,0.01,1.0,0.25
5,fusion_raw,,0.29300937766410917,0.29237296437802845,1.8472052341544156,0.01,1.0,0.5
5,fusion_raw,,0.29300937766410917,0.2917022735664926,2.5550048721257173,0.01,1.0,0.75
5,fusion_raw,,0.27595907928388747,0.2748219655008704,3.006304746935679,0.01,1.0,0.9
5,fusion_raw,,0.27595907928388747,0.2748219655008704,3.3136612573741018,0.01,1.0,1.0
5,fusion_raw,,0.6168554378273049,0.6168554378273049,0.9694305695484208,0.01,10.0,0.0
5,fusion_raw,,0.35865302642796254,0.3544873936427963,1.0774180686765047,0.01,10.0,0.1
5,fusion_raw,,0.29328948970892704,0.290806847065704,1.4563463192822308,0.01,10.0,0.25
5,fusion_raw,,0.29300937766410917,0.2920401195049082,2.364853094431957,0.01,10.0,0.5
5,fusion_raw,,0.2832054560954817,0.28284915485421896,3.3964215258714576,0.01,10.0,0.75
5,fusion_raw,,0.2832054560954817,0.28284915485421896,4.038105584078076,0.01,10.0,0.9
5,fusion_raw,,0.27595907928388747,0.27485924486895835,4.47104629052415,0.01,10.0,1.0
5,fusion_raw,,0.6168554378273049,0.6168554378273049,0.8336306830577083,0.1,0.001,0.0
5,fusion_raw,,0.6269394714407502,0.6233818659306042,0.8437400440300696,0.1,0.001,0.1
5,fusion_raw,,0.6076117403483132,0.6031327770458206,0.866719911355668,0.1,0.001,0.25
5,fusion_raw,,0.5715138229204726,0.5634781397939292,0.9285037582770379,0.1,0.001,0.5
5,fusion_raw,,0.490537084398977,0.4905222437137331,1.0230499715868155,0.1,0.001,0.75
5,fusion_raw,,0.39660211910851295,0.3947189850092136,1.0963811474237692,0.1,0.001,0.9
5,fusion_raw,,0.3555352575812934,0.35378303016692864,1.1521844170672195,0.1,0.001,1.0
5,fusion_raw,,0.6168554378273049,0.6168554378273049,0.8336306830577083,0.1,0.01,0.0
5,fusion_raw,,0.6078918523931313,0.6012385272063653,0.8469996369286839,0.1,0.01,0.1
5,fusion_raw,,0.5717939349652905,0.5610442288547985,0.885920234848894,0.1,0.01,0.25
5,fusion_raw,,0.46949214468396055,0.46685781698967393,1.0051924313597087,0.1,0.01,0.5
5,fusion_raw,,0.34601144805748385,0.3444801892480245,1.192875874472597,0.1,0.01,0.75
5,fusion_raw,,0.34104250395810504,0.3397593896713615,1.335170904534242,0.1,0.01,0.9
5,fusion_raw,,0.3268298623797345,0.323705998379986,1.4406880905013308,0.1,0.01,1.0
5,fusion_raw,,0.6168554378273049,0.6168554378273049,0.8336306830577083,0.1,0.1,0.0
5,fusion_raw,,0.5911216660577275,0.5818927661032924,0.8622817754517769,0.1,0.1,0.1
5,fusion_raw,,0.5209231518694434,0.5129777383766745,0.9639634601412093,0.1,0.1,0.25
5,fusion_raw,,0.3416027280477409,0.3389978213507625,1.2752560517386025,0.1,0.1,0.5
5,fusion_raw,,0.3147485080988917,0.3140096618357488,1.7182052161052734,0.1,0.1,0.75
5,fusion_raw,,0.2832054560954817,0.2822848648935605,2.024908090453342,0.1,0.1,0.9
5,fusion_raw,,0.2904518329070758,0.2887197103615014,2.2410644010878977,0.1,0.1,1.0
5,fusion_raw,,0.6168554378273049,0.6168554378273049,0.8336306830577083,0.1,1.0,0.0
5,fusion_raw,,0.55758129338692,0.5449926417668353,0.8895260154595661,0.1,1.0,0.1
5,fusion_raw,,0.43382048471562534,0.43109313560274126,1.1023171633529694,0.1,1.0,0.25
5,fusion_raw,,0.29356960175374497,0.288782097605627,1.7041719315339676,0.1,1.0,0.5
5,fusion_raw,,0.29300937766410917,0.29237296437802845,2.4719027479670648,0.1,1.0,0.75
5,fusion_raw,,0.29300937766410917,0.2920401195049082,2.9711894710156206,0.1,1.0,0.9
5,fusion_raw,,0.27595907928388747,0.2748219655008704,3.3136612573741018,0.1,1.0,1.0
5,fusion_raw,,0.6168554378273049,0.6168554378273049,0.8336306830577083,0.1,10.0,0.0
5,fusion_raw,,0.5310071854828888,0.5160535117056857,0.9269469930202866,0.1,10.0,0.1
5,fusion_raw,,0.348849104859335,0.3504193153669382,1.284412442413603,0.1,10.0,0.25
5,fusion_raw,,0.29328948970892704,0.290806847065704,2.2130612048194287,0.1,10.0,0.5
5,fusion_raw,,0.29300937766410917,0.2920401195049082,3.310794773155969,0.1,10.0,0.75
5,fusion_raw,,0.2832054560954817,0.28284915485421896,4.002345688555043,0.1,10.0,0.9
5,fusion_raw,,0.27595907928388747,0.27485924486895835,4.47104629052415,0.1,10.0,1.0
5,fusion_raw,,0.6168554378273049,0.6168554378273049,0.8473849512228772,1.0,0.001,0.0
5,fusion_raw,,0.6367433930093777,0.6308837678105099,0.8428951902621121,1.0,0.001,0.1
5,fusion_raw,,0.6176957739617587,0.6084334023464458,0.845608021309126,1.0,0.001,0.25
5,fusion_raw,,0.5717939349652905,0.561146953405018,0.883380845155351,1.0,0.001,0.5
5,fusion_raw,,0.522360248447205,0.52170844819995,0.9793361591696081,1.0,0.001,0.75
5,fusion_raw,,0.40612592863232244,0.40513602847698954,1.0729863984664954,1.0,0.001,0.9
5,fusion_raw,,0.3555352575812934,0.35378303016692864,1.1521844170672195,1.0,0.001,1.0
5,fusion_raw,,0.6168554378273049,0.6168554378273049,0.8473849512228772,1.0,0.01,0.0
5,fusion_raw,,0.6174156619169408,0.6114949374627755,0.8456112694867819,1.0,0.01,0.1
5,fusion_raw,,0.5813177444891,0.5738751526251527,0.8623979808326868,1.0,0.01,0.25
5,fusion_raw,,0.5061502862014371,0.5035491986610462,0.953757626667821,1.0,0.01,0.5
5,fusion_raw,,0.3580928023383266,0.35825905513596884,1.1436958396618402,1.0,0.01,0.75
5,fusion_raw,,0.34828888076969916,0.34694428378638903,1.3096975627103478,1.0,0.01,0.9
5,fusion_raw,,0.3268298623797345,0.323705998379986,1.4406880905013308,1.0,0.01,1.0
5,fusion_raw,,0.6168554378273049,0.6168554378273049,0.8473849512228772,1.0,0.1,0.0
5,fusion_raw,,0.5986481549141396,0.5843552582683017,0.8594438959393037,1.0,0.1,0.1
5,fusion_raw,,0.5673852149555474,0.5515050167224079,0.9336293945215951,1.0,0.1,0.25
5,fusion_raw,,0.3876385336743393,0.3852941176470588,1.2088962111201433,1.0,0.1,0.5
5,fusion_raw,,0.2834855681402996,0.28217846404268304,1.6612107714865327,1.0,0.1,0.75
5,fusion_raw,,0.29769820971867006,0.2967714435002613,1.9975341911656939,1.0,0.1,0.9
5,fusion_raw,,0.2904518329070758,0.2887197103615014,2.2410644010878977,1.0,0.1,1.0
5,fusion_raw,,0.6168554378273049,0.6168554378273049,0.8473849512228772,1.0,1.0,0.0
5,fusion_raw,,0.5480574838631105,0.5347959803206384,0.8842438904591916,1.0,1.0,0.1
5,fusion_raw,,0.48710266715381806,0.4814302896494677,1.0603540528060111,1.0,1.0,0.25
5,fusion_raw,,0.3271099744245524,0.3269360269360269,1.6210654774472217,1.0,1.0,0.5
5,fusion_raw,,0.3028132992327366,0.301040598636519,2.4100149627855454,1.0,1.0,0.75
5,fusion_raw,,0.29300937766410917,0.2920401195049082,2.9429819628519787,1.0,1.0,0.9
5,fusion_raw,,0.27595907928388747,0.2748219655008704,3.3136612573741018,1.0,1.0,1.0
5,fusion_raw,,0.6168554378273049,0.6168554378273049,0.8473849512228772,1.0,10.0,0.0
5,fusion_raw,,0.5310071854828888,0.5185001378549766,0.9178879211276871,1.0,10.0,0.1
5,fusion_raw,,0.4214590183899647,0.42249923551526275,1.226768426886434,1.0,10.0,0.25
5,fusion_raw,,0.28376568018511755,0.2822612559135143,2.116623134730331,1.0,10.0,0.5
5,fusion_raw,,0.28576300085251494,0.284770564639433,3.2458038957544324,1.0,10.0,0.75
5,fusion_raw,,0.2832054560954817,0.28284915485421896,3.973596355845551,1.0,10.0,0.9
5,fusion_raw,,0.27595907928388747,0.27485924486895835,4.47104629052415,1.0,10.0,1.0
5,fusion_raw,,0.6168554378273049,0.6168554378273049,0.9087255337839366,10.0,0.001,0.0
5,fusion_raw,,0.6370235050541956,0.6279043018173454,0.8943981807126172,10.0,0.001,0.1
5,fusion_raw,,0.6176957739617587,0.6084334023464458,0.881305151758932,10.0,0.001,0.25
5,fusion_raw,,0.5717939349652905,0.561146953405018,0.8904571040603063,10.0,0.001,0.5
5,fusion_raw,,0.5296066252587992,0.5288999838198922,0.9641433331350433,10.0,0.001,0.75
5,fusion_raw,,0.4133723054439167,0.4123423132017929,1.0598347391014171,10.0,0.001,0.9
5,fusion_raw,,0.3555352575812934,0.35378303016692864,1.1521844170672195,10.0,0.001,1.0
5,fusion_raw,,0.6168554378273049,0.6168554378273049,0.9087255337839366,10.0,0.01,0.0
5,fusion_raw,,0.6174156619169408,0.6114949374627755,0.8969948167993883,10.0,0.01,0.1
5,fusion_raw,,0.5813177444891,0.5738751526251527,0.8973077383705633,10.0,0.01,0.25
5,fusion_raw,,0.5232005845816587,0.5191199071796087,0.9569499423065785,10.0,0.01,0.5
5,fusion_raw,,0.3653391791499208,0.36603418912784513,1.1226040195906106,10.0,0.01,0.75
5,fusion_raw,,0.34601144805748385,0.3442884729649436,1.293817567913501,10.0,0.01,0.9
5,fusion_raw,,0.3268298623797345,0.323705998379986,1.4406880905013308,10.0,0.01,1.0
5,fusion_raw,,0.6168554378273049,0.6168554378273049,0.9087255337839366,10.0,0.1,0.0
5,fusion_raw,,0.5986481549141396,0.5843552582683017,0.9105062460640352,10.0,0.1,0.1
5,fusion_raw,,0.5673852149555474,0.5515050167224079,0.9662266273174414,10.0,0.1,0.25
5,fusion_raw,,0.4119352088661552,0.4106280193236715,1.2010299006598273,10.0,0.1,0.5
5,fusion_raw,,0.2834855681402996,0.28385713510286054,1.6304850221649847,10.0,0.1,0.75
5,fusion_raw,,0.3049445865302643,0.304508245560964,1.979078470005091,10.0,0.1,0.9
5,fusion_raw,,0.2904518329070758,0.2887197103615014,2.2410644010878977,10.0,0.1,1.0
5,fusion_raw,,0.6168554378273049,0.6168554378273049,0.9087255337839366,10.0,1.0,0.0
5,fusion_raw,,0.5480574838631105,0.5347959803206384,0.934746437658801,10.0,1.0,0.1
5,fusion_raw,,0.48710266715381806,0.4814302896494677,1.0884900633392283,10.0,1.0,0.25
5,fusion_raw,,0.3514066496163683,0.352377953228213,1.5968305227970934,10.0,1.0,0.5
5,fusion_raw,,0.3028132992327366,0.30182307124997754,2.3730652100568568,10.0,1.0,0.75
5,fusion_raw,,0.29300937766410917,0.29237296437802845,2.9235119087408488,10.0,1.0,0.9
5,fusion_raw,,0.27595907928388747,0.2748219655008704,3.3136612573741018,10.0,1.0,1.0
5,fusion_raw,,0.6168554378273049,0.6168554378273049,0.9087255337839366,10.0,10.0,0.0
5,fusion_raw,,0.5310071854828888,0.5185001378549766,0.9674768698223776,10.0,10.0,0.1
5,fusion_raw,,0.4287053952015589,0.4305384179346013,1.2473145584755858,10.0,10.0,0.25
5,fusion_raw,,0.28376568018511755,0.28194888776216825,2.0762457055289127,10.0,10.0,0.5
5,fusion_raw,,0.29300937766410917,0.29273689273689274,3.204579048705638,10.0,10.0,0.75
5,fusion_raw,,0.2832054560954817,0.28284915485421896,3.953320946242217,10.0,10.0,0.9
5,fusion_raw,,0.27595907928388747,0.27485924486895835,4.47104629052415,10.0,10.0,1.0
5,fusion_trial_delta,,0.6168554378273049,0.6168554378273049,1.079118438585729,0.001,0.001,0.0
5,fusion_trial_delta,,0.5015954207770065,0.48764703558873485,1.0824886155351523,0.001,0.001,0.1
5,fusion_trial_delta,,0.3815491413956887,0.3815491413956887,1.0891452718249266,0.001,0.001,0.25
5,fusion_trial_delta,,0.3312385823894775,0.3304029304029304,1.1044685594060148,0.001,0.001,0.5
5,fusion_trial_delta,,0.3239922055778833,0.32323887906908233,1.1249571532014941,0.001,0.001,0.75
5,fusion_trial_delta,,0.3239922055778833,0.32323887906908233,1.1396469982548285,0.001,0.001,0.9
5,fusion_trial_delta,,0.3239922055778833,0.32335429071074656,1.1504060138273755,0.001,0.001,1.0
5,fusion_trial_delta,,0.6168554378273049,0.6168554378273049,1.079118438585729,0.001,0.01,0.0
5,fusion_trial_delta,,0.3269638290098648,0.3226266755044926,1.086202290528587,0.001,0.01,0.1
5,fusion_trial_delta,,0.3003897211058337,0.2945709390577637,1.1096965374916332,0.001,0.01,0.25
5,fusion_trial_delta,,0.3003897211058337,0.2945709390577637,1.1812802449817177,0.001,0.01,0.5
5,fusion_trial_delta,,0.3003897211058337,0.29409478503525094,1.2881799673525205,0.001,0.01,0.75
5,fusion_trial_delta,,0.29314334429423944,0.28755339519811457,1.3663206721018972,0.001,0.01,0.9
5,fusion_trial_delta,,0.29314334429423944,0.28755339519811457,1.4233174705120553,0.001,0.01,1.0
5,fusion_trial_delta,,0.6168554378273049,0.6168554378273049,1.079118438585729,0.001,0.1,0.0
5,fusion_trial_delta,,0.3003897211058337,0.29399031863662445,1.10197162684576,0.001,0.1,0.1
5,fusion_trial_delta,,0.3003897211058337,0.29399031863662445,1.19107338009424,0.001,0.1,0.25
5,fusion_trial_delta,,0.3076360979174278,0.30082655750223775,1.4553260191334891,0.001,0.1,0.5
5,fusion_trial_delta,,0.3076360979174278,0.30082655750223775,1.8106248899966055,0.001,0.1,0.75
5,fusion_trial_delta,,0.3076360979174278,0.30082655750223775,2.049268186328762,0.001,0.1,0.9
5,fusion_trial_delta,,0.3076360979174278,0.30082655750223775,2.215402266414028,0.001,0.1,1.0
5,fusion_trial_delta,,0.6168554378273049,0.6168554378273049,1.079118438585729,0.001,1.0,0.0
5,fusion_trial_delta,,0.3076360979174278,0.3009347630810689,1.1300771919755102,0.001,1.0,0.1
5,fusion_trial_delta,,0.29314334429423944,0.28733675365922295,1.3348061503377586,0.001,1.0,0.25
5,fusion_trial_delta,,0.29314334429423944,0.28733675365922295,1.8844251429158239,0.001,1.0,0.5
5,fusion_trial_delta,,0.29314334429423944,0.28733675365922295,2.5505459627894393,0.001,1.0,0.75
5,fusion_trial_delta,,0.29314334429423944,0.28733675365922295,2.9752728145545313,0.001,1.0,0.9
5,fusion_trial_delta,,0.29314334429423944,0.28733675365922295,3.264530181989445,0.001,1.0,1.0
5,fusion_trial_delta,,0.6168554378273049,0.6168554378273049,1.079118438585729,0.001,10.0,0.0
5,fusion_trial_delta,,0.29314334429423944,0.28733675365922295,1.173633403828688,0.001,10.0,0.1
5,fusion_trial_delta,,0.29314334429423944,0.28733675365922295,1.5356155566138694,0.001,10.0,0.25
5,fusion_trial_delta,,0.29314334429423944,0.28733675365922295,2.4146622777530866,0.001,10.0,0.5
5,fusion_trial_delta,,0.29314334429423944,0.28733675365922295,3.4117234058756707,0.001,10.0,0.75
5,fusion_trial_delta,,0.29314334429423944,0.28733675365922295,4.031391988466963,0.001,10.0,0.9
5,fusion_trial_delta,,0.29314334429423944,0.28733675365922295,4.449364265612724,0.001,10.0,1.0
5,fusion_trial_delta,,0.6168554378273049,0.6168554378273049,0.9694305695484208,0.01,0.001,0.0
5,fusion_trial_delta,,0.6269394714407502,0.6224930464060899,0.9816210392224802,0.01,0.001,0.1
5,fusion_trial_delta,,0.5862866885884789,0.5731981981981983,1.0023821713761452,0.01,0.001,0.25
5,fusion_trial_delta,,0.5084277189136525,0.5026270510141478,1.0436133755581065,0.01,0.001,0.5
5,fusion_trial_delta,,0.37430276458409445,0.3746031746031746,1.0930455875707021,0.01,0.001,0.75
5,fusion_trial_delta,,0.3312385823894775,0.3304029304029304,1.1265352553973678,0.01,0.001,0.9
5,fusion_trial_delta,,0.3239922055778833,0.32335429071074656,1.1504060138273755,0.01,0.001,1.0
5,fusion_trial_delta,,0.6168554378273049,0.6168554378273049,0.9694305695484208,0.01,0.01,0.0
5,fusion_trial_delta,,0.5767628790646694,0.5603196208913087,0.9849373135820266,0.01,0.01,0.1
5,fusion_trial_delta,,0.47474120082815735,0.4651462506509961,1.0220894000495242,0.01,0.01,0.25
5,fusion_trial_delta,,0.2957008890512727,0.29061813186813185,1.119460953054845,0.01,0.01,0.5
5,fusion_trial_delta,,0.3003897211058337,0.2945709390577637,1.2557972591215576,0.01,0.01,0.75
5,fusion_trial_delta,,0.3003897211058337,0.2945709390577637,1.3530707602327556,0.01,0.01,0.9
5,fusion_trial_delta,,0.29314334429423944,0.28755339519811457,1.4233174705120553,0.01,0.01,1.0
5,fusion_trial_delta,,0.6168554378273049,0.6168554378273049,0.9694305695484208,0.01,0.1,0.0
5,fusion_trial_delta,,0.506710510291073,0.4922483512588267,1.0002214655748527,0.01,0.1,0.1
5,fusion_trial_delta,,0.3221288515406162,0.3155431538968337,1.1026761870919386,0.01,0.1,0.25
5,fusion_trial_delta,,0.3076360979174278,0.3009347630810689,1.3930927459087366,0.01,0.1,0.5
5,fusion_trial_delta,,0.3076360979174278,0.30082655750223775,1.7783337748903427,0.01,0.1,0.75
5,fusion_trial_delta,,0.3076360979174278,0.30082655750223775,2.036141961102305,0.01,0.1,0.9
5,fusion_trial_delta,,0.3076360979174278,0.30082655750223775,2.215402266414028,0.01,0.1,1.0
5,fusion_trial_delta,,0.6168554378273049,0.6168554378273049,0.9694305695484208,0.01,1.0,0.0
5,fusion_trial_delta,,0.4028254780172939,0.3801467955603293,1.0279363517501328,0.01,1.0,0.1
5,fusion_trial_delta,,0.3174400194860553,0.308997175141243,1.2459165721400496,0.01,1.0,0.25
5,fusion_trial_delta,,0.3076360979174278,0.3009347630810689,1.82199612392679,0.01,1.0,0.5
5,fusion_trial_delta,,0.29314334429423944,0.28733675365922295,2.518308949222488,0.01,1.0,0.75
5,fusion_trial_delta,,0.29314334429423944,0.28733675365922295,2.9622147574301265,0.01,1.0,0.9
5,fusion_trial_delta,,0.29314334429423944,0.28733675365922295,3.264530181989445,0.01,1.0,1.0
5,fusion_trial_delta,,0.6168554378273049,0.6168554378273049,0.9694305695484208,0.01,10.0,0.0
5,fusion_trial_delta,,0.3546583850931677,0.33677896352095976,1.0707671187455141,0.01,10.0,0.1
5,fusion_trial_delta,,0.3101936426744611,0.3025730994152047,1.445619800560867,0.01,10.0,0.25
5,fusion_trial_delta,,0.29314334429423944,0.28733675365922295,2.3515041332483113,0.01,10.0,0.5
5,fusion_trial_delta,,0.29314334429423944,0.28733675365922295,3.3793681956752217,0.01,10.0,0.75
5,fusion_trial_delta,,0.29314334429423944,0.28733675365922295,4.018348318505697,0.01,10.0,0.9
5,fusion_trial_delta,,0.29314334429423944,0.28733675365922295,4.449364265612724,0.01,10.0,1.0
5,fusion_trial_delta,,0.6168554378273049,0.6168554378273049,0.8336306830577083,0.1,0.001,0.0
5,fusion_trial_delta,,0.6269394714407502,0.6224930464060899,0.8436918009562097,0.1,0.001,0.1
5,fusion_trial_delta,,0.6174156619169408,0.6114949374627755,0.8665673085511031,0.1,0.001,0.25
5,fusion_trial_delta,,0.5862866885884789,0.5731981981981983,0.9280422403888628,0.1,0.001,0.5
5,fusion_trial_delta,,0.517671416392644,0.5157586226857142,1.0220538334384965,0.1,0.001,0.75
5,fusion_trial_delta,,0.3913530629643162,0.39153439153439146,1.0949439891568653,0.1,0.001,0.9
5,fusion_trial_delta,,0.3239922055778833,0.32335429071074656,1.1504060138273755,0.1,0.001,1.0
5,fusion_trial_delta,,0.6168554378273049,0.6168554378273049,0.8336306830577083,0.1,0.01,0.0
5,fusion_trial_delta,,0.6078918523931313,0.5995445134575569,0.845766341072227,0.1,0.01,0.1
5,fusion_trial_delta,,0.5862866885884789,0.5724387947269304,0.8827071291673376,0.1,0.01,0.25
5,fusion_trial_delta,,0.47474120082815735,0.4651462506509961,0.9982982431907813,0.1,0.01,0.5
5,fusion_trial_delta,,0.3101936426744611,0.3067613067613068,1.181503806578635,0.1,0.01,0.75
5,fusion_trial_delta,,0.3003897211058337,0.2945709390577637,1.320431725617733,0.1,0.01,0.9
5,fusion_trial_delta,,0.29314334429423944,0.28755339519811457,1.4233174705120553,0.1,0.01,1.0
5,fusion_trial_delta,,0.6168554378273049,0.6168554378273049,0.8336306830577083,0.1,0.1,0.0
5,fusion_trial_delta,,0.5622701254414809,0.5501311075081566,0.8586626387826599,0.1,0.1,0.1
5,fusion_trial_delta,,0.5038728534892217,0.4953249181860682,0.9559423097941216,0.1,0.1,0.25
5,fusion_trial_delta,,0.32468639629764956,0.3199221611721612,1.263057526483337,0.1,0.1,0.5
5,fusion_trial_delta,,0.3003897211058337,0.29409478503525094,1.701058879761108,0.1,0.1,0.75
5,fusion_trial_delta,,0.3003897211058337,0.29399031863662445,2.0031062249462694,0.1,0.1,0.9
5,fusion_trial_delta,,0.3076360979174278,0.30082655750223775,2.215402266414028,0.1,0.1,1.0
5,fusion_trial_delta,,0.6168554378273049,0.6168554378273049,0.8336306830577083,0.1,1.0,0.0
5,fusion_trial_delta,,0.5622701254414809,0.5477936194174576,0.8830351117852813,0.1,1.0,0.1
5,fusion_trial_delta,,0.4193155523078797,0.40349075324444783,1.0895829273680717,0.1,1.0,0.25
5,fusion_trial_delta,,0.3101936426744611,0.3032771422651464,1.684008351255008,0.1,1.0,0.5
5,fusion_trial_delta,,0.3076360979174278,0.3009347630810689,2.4391016596558206,0.1,1.0,0.75
5,fusion_trial_delta,,0.29314334429423944,0.28733675365922295,2.9290025272333984,0.1,1.0,0.9
5,fusion_trial_delta,,0.29314334429423944,0.28733675365922295,3.264530181989445,0.1,1.0,1.0
5,fusion_trial_delta,,0.6168554378273049,0.6168554378273049,0.8336306830577083,0.1,10.0,0.0
5,fusion_trial_delta,,0.5284496407258555,0.5125759542487348,0.9206039459994075,0.1,10.0,0.1
5,fusion_trial_delta,,0.36190476190476195,0.34661717122808633,1.2772113733540933,0.1,10.0,0.25
5,fusion_trial_delta,,0.3003897211058337,0.29470651159051986,2.2061006034510005,0.1,10.0,0.5
5,fusion_trial_delta,,0.29314334429423944,0.28733675365922295,3.2988852171307865,0.1,10.0,0.75
5,fusion_trial_delta,,0.28589696748264526,0.2803176865899603,3.9851298895060783,0.1,10.0,0.9
5,fusion_trial_delta,,0.29314334429423944,0.28733675365922295,4.449364265612724,0.1,10.0,1.0
5,fusion_trial_delta,,0.6168554378273049,0.6168554378273049,0.8473849512228772,1.0,0.001,0.0
5,fusion_trial_delta,,0.6174156619169408,0.6114949374627755,0.8427488173339781,1.0,0.001,0.1
5,fusion_trial_delta,,0.6174156619169408,0.6114949374627755,0.8452019227213691,1.0,0.001,0.25
5,fusion_trial_delta,,0.5888442333455121,0.5752768445937539,0.8824403420907079,1.0,0.001,0.5
5,fusion_trial_delta,,0.5617099013518452,0.553653719552337,0.9778783577962094,1.0,0.001,0.75
5,fusion_trial_delta,,0.40840336134453786,0.40931264529710654,1.071304214210293,1.0,0.001,0.9
5,fusion_trial_delta,,0.3239922055778833,0.32335429071074656,1.1504060138273755,1.0,0.001,1.0
5,fusion_trial_delta,,0.6168554378273049,0.6168554378273049,0.8473849512228772,1.0,0.01,0.0
5,fusion_trial_delta,,0.6176957739617587,0.6076745158829754,0.844220951218742,1.0,0.01,0.1
5,fusion_trial_delta,,0.5793204238217026,0.5646971386101821,0.8587348054156956,1.0,0.01,0.25
5,fusion_trial_delta,,0.5013153087321885,0.49445921985815594,0.9460492710246035,1.0,0.01,0.5
5,fusion_trial_delta,,0.3414565826330533,0.34030501089324616,1.1317349177406912,1.0,0.01,0.75
5,fusion_trial_delta,,0.3029472658628669,0.29787260086173134,1.2947136324070088,1.0,0.01,0.9
5,fusion_trial_delta,,0.29314334429423944,0.28755339519811457,1.4233174705120553,1.0,0.01,1.0
5,fusion_trial_delta,,0.6168554378273049,0.6168554378273049,0.8473849512228772,1.0,0.1,0.0
5,fusion_trial_delta,,0.5793204238217026,0.5639036842874422,0.8556503390303498,1.0,0.1,0.1
5,fusion_trial_delta,,0.5500548045305078,0.5390820472787686,0.924943869287996,1.0,0.1,0.25
5,fusion_trial_delta,,0.3710023139690659,0.36306893504197973,1.1963127628833832,1.0,0.1,0.5
5,fusion_trial_delta,,0.3076360979174278,0.30158848291741286,1.6441439938100144,1.0,0.1,0.75
5,fusion_trial_delta,,0.3076360979174278,0.30082655750223775,1.975899366713209,1.0,0.1,0.9
5,fusion_trial_delta,,0.3076360979174278,0.30082655750223775,2.215402266414028,1.0,0.1,1.0
5,fusion_trial_delta,,0.6168554378273049,0.6168554378273049,0.8473849512228772,1.0,1.0,0.0
5,fusion_trial_delta,,0.5622701254414809,0.5489037532515794,0.8775881980816954,1.0,1.0,0.1
5,fusion_trial_delta,,0.4652173913043478,0.45537232496738334,1.0472909022522094,1.0,1.0,0.25
5,fusion_trial_delta,,0.32496650834246743,0.31545702790379787,1.6018475525512161,1.0,1.0,0.5
5,fusion_trial_delta,,0.3003897211058337,0.29409478503525094,2.377461317225011,1.0,1.0,0.75
5,fusion_trial_delta,,0.3076360979174278,0.3011123288949001,2.9011493123243057,1.0,1.0,0.9
5,fusion_trial_delta,,0.29314334429423944,0.28733675365922295,3.264530181989445,1.0,1.0,1.0
5,fusion_trial_delta,,0.6168554378273049,0.6168554378273049,0.8473849512228772,1.0,10.0,0.0
5,fusion_trial_delta,,0.5477773718182926,0.5358665160283752,0.911143253940557,1.0,10.0,0.1
5,fusion_trial_delta,,0.4073803434417245,0.3967025089605735,1.2191701884432986,1.0,10.0,0.25
5,fusion_trial_delta,,0.3199975642430885,0.3134652871494977,2.109027621533757,1.0,10.0,0.5
5,fusion_trial_delta,,0.29314334429423944,0.28733675365922295,3.233998126770126,1.0,10.0,0.75
5,fusion_trial_delta,,0.28589696748264526,0.2803176865899603,3.9570059625450154,1.0,10.0,0.9
5,fusion_trial_delta,,0.29314334429423944,0.28733675365922295,4.449364265612724,1.0,10.0,1.0
5,fusion_trial_delta,,0.6168554378273049,0.6168554378273049,0.9087255337839366,10.0,0.001,0.0
5,fusion_trial_delta,,0.6174156619169408,0.6114949374627755,0.89422957482916,10.0,0.001,0.1
5,fusion_trial_delta,,0.6174156619169408,0.6114949374627755,0.8808150278947999,10.0,0.001,0.25
5,fusion_trial_delta,,0.5888442333455121,0.5752768445937539,0.8892283311594236,10.0,0.001,0.5
5,fusion_trial_delta,,0.5717939349652905,0.5604160016024137,0.9622647163411638,10.0,0.001,0.75
5,fusion_trial_delta,,0.43270003653635364,0.4335511982570806,1.0579124643428512,10.0,0.001,0.9
5,fusion_trial_delta,,0.3239922055778833,0.32335429071074656,1.1504060138273755,10.0,0.001,1.0
5,fusion_trial_delta,,0.6168554378273049,0.6168554378273049,0.9087255337839366,10.0,0.01,0.0
5,fusion_trial_delta,,0.6176957739617587,0.6084334023464458,0.8955662145633014,10.0,0.01,0.1
5,fusion_trial_delta,,0.5891243453903301,0.5723425028528432,0.8934831185462024,10.0,0.01,0.25
5,fusion_trial_delta,,0.5183656071124102,0.5108106776989755,0.9487388721604397,10.0,0.01,0.5
5,fusion_trial_delta,,0.35367190354402633,0.3500904358871692,1.1099856490331774,10.0,0.01,0.75
5,fusion_trial_delta,,0.3029472658628669,0.2985522517982315,1.2784526170552797,10.0,0.01,0.9
5,fusion_trial_delta,,0.29314334429423944,0.28755339519811457,1.4233174705120553,10.0,0.01,1.0
5,fusion_trial_delta,,0.6168554378273049,0.6168554378273049,0.9087255337839366,10.0,0.1,0.0
5,fusion_trial_delta,,0.5793204238217026,0.5639036842874422,0.9066655929286171,10.0,0.1,0.1
5,fusion_trial_delta,,0.5310071854828888,0.5160535117056857,0.9572935173353135,10.0,0.1,0.25
5,fusion_trial_delta,,0.4045426866398733,0.3978033884948779,1.188030540986861,10.0,0.1,0.5
5,fusion_trial_delta,,0.31488247472902203,0.30914786967418556,1.6127449541235397,10.0,0.1,0.75
5,fusion_trial_delta,,0.3076360979174278,0.3014486260454003,1.9570905843224844,10.0,0.1,0.9
5,fusion_trial_delta,,0.3076360979174278,0.30082655750223775,2.215402266414028,10.0,0.1,1.0
5,fusion_trial_delta,,0.6168554378273049,0.6168554378273049,0.9087255337839366,10.0,1.0,0.0
5,fusion_trial_delta,,0.5622701254414809,0.5489037532515794,0.9280410944027724,10.0,1.0,0.1
5,fusion_trial_delta,,0.4652173913043478,0.4557706093189964,1.0752082044397249,10.0,1.0,0.25
5,fusion_trial_delta,,0.3685909146267203,0.3611315119467293,1.578277469467692,10.0,1.0,0.5
5,fusion_trial_delta,,0.3076360979174278,0.30158848291741286,2.3391089769089124,10.0,1.0,0.75
5,fusion_trial_delta,,0.3076360979174278,0.3011123288949001,2.881183324061697,10.0,1.0,0.9
5,fusion_trial_delta,,0.29314334429423944,0.28733675365922295,3.264530181989445,10.0,1.0,1.0
5,fusion_trial_delta,,0.6168554378273049,0.6168554378273049,0.9087255337839366,10.0,10.0,0.0
5,fusion_trial_delta,,0.5477773718182926,0.5358665160283752,0.9606224710466355,10.0,10.0,0.1
5,fusion_trial_delta,,0.41462672025331876,0.4035813438696074,1.2393002825768136,10.0,10.0,0.25
5,fusion_trial_delta,,0.32724394105468274,0.3214850427350427,2.067698710559848,10.0,10.0,0.5
5,fusion_trial_delta,,0.3003897211058337,0.29537832763639216,3.1899059028042314,10.0,10.0,0.75
5,fusion_trial_delta,,0.29314334429423944,0.28733675365922295,3.9362052170689106,10.0,10.0,0.9
5,fusion_trial_delta,,0.29314334429423944,0.28733675365922295,4.449364265612724,10.0,10.0,1.0
5,fusion_water_delta,,0.6168554378273049,0.6168554378273049,1.079118438585729,0.001,0.001,0.0
5,fusion_water_delta,,0.49406893192059426,0.48836503997794317,1.0838499675999718,0.001,0.001,0.1
5,fusion_water_delta,,0.4018511752527097,0.39729319189202644,1.0929713404319736,0.001,0.001,0.25
5,fusion_water_delta,,0.3747168432590427,0.37176897176897183,1.1134688826160042,0.001,0.001,0.5
5,fusion_water_delta,,0.3747168432590427,0.37152777777777785,1.1402848429481747,0.001,0.001,0.75
5,fusion_water_delta,,0.3747168432590427,0.37152777777777785,1.1592088721253468,0.001,0.001,0.9
5,fusion_water_delta,,0.3747168432590427,0.37152777777777785,1.1729325367442909,0.001,0.001,1.0
5,fusion_water_delta,,0.6168554378273049,0.6168554378273049,1.079118438585729,0.001,0.01,0.0
5,fusion_water_delta,,0.4457556935817806,0.4378733572281959,1.0896280911358336,0.001,0.01,0.1
5,fusion_water_delta,,0.34601144805748385,0.34330182717279495,1.1206357886103782,0.001,0.01,0.25
5,fusion_water_delta,,0.34601144805748385,0.34297896752486606,1.2084702219045949,0.001,0.01,0.5
5,fusion_water_delta,,0.3434539033004506,0.34089390142021725,1.3323796140711692,0.001,0.01,0.75
5,fusion_water_delta,,0.3434539033004506,0.34089390142021725,1.4200637886683032,0.001,0.01,0.9
5,fusion_water_delta,,0.3434539033004506,0.34089390142021725,1.4830545585692814,0.001,0.01,1.0
5,fusion_water_delta,,0.6168554378273049,0.6168554378273049,1.079118438585729,0.001,0.1,0.0
5,fusion_water_delta,,0.3749969553038606,0.3714479861625895,1.1073969197062081,0.001,0.1,0.1
5,fusion_water_delta,,0.3532578248690781,0.35119023033607316,1.208870791816263,0.001,0.1,0.25
5,fusion_water_delta,,0.33876507124588967,0.3370643370643371,1.493582051956117,0.001,0.1,0.5
5,fusion_water_delta,,0.33876507124588967,0.3370643370643371,1.8650176461895487,0.001,0.1,0.75
5,fusion_water_delta,,0.33876507124588967,0.3370643370643371,2.112221536354211,0.001,0.1,0.9
5,fusion_water_delta,,0.33876507124588967,0.3370643370643371,2.283887218924397,0.001,0.1,1.0
5,fusion_water_delta,,0.6168554378273049,0.6168554378273049,1.079118438585729,0.001,1.0,0.0
5,fusion_water_delta,,0.3893557422969187,0.388186563343039,1.141663598126222,0.001,1.0,0.1
5,fusion_water_delta,,0.372585555961515,0.37068091179858564,1.3715373245449591,0.001,1.0,0.25
5,fusion_water_delta,,0.372585555961515,0.37068091179858564,1.9611285099901394,0.001,1.0,0.5
5,fusion_water_delta,,0.372585555961515,0.37068091179858564,2.665285752598593,0.001,1.0,0.75
5,fusion_water_delta,,0.372585555961515,0.37068091179858564,3.1130712790648536,0.001,1.0,0.9
5,fusion_water_delta,,0.372585555961515,0.37068091179858564,3.417786865914252,0.001,1.0,1.0
5,fusion_water_delta,,0.6168554378273049,0.6168554378273049,1.079118438585729,0.001,10.0,0.0
5,fusion_water_delta,,0.3893557422969187,0.3879503806809577,1.1866339970909223,0.001,10.0,0.1
5,fusion_water_delta,,0.38210936548532454,0.381018104561677,1.5732681773097377,0.001,10.0,0.25
5,fusion_water_delta,,0.38210936548532454,0.381018104561677,2.489625734927936,0.001,10.0,0.5
5,fusion_water_delta,,0.38210936548532454,0.381018104561677,3.526314030815057,0.001,10.0,0.75
5,fusion_water_delta,,0.38210936548532454,0.381018104561677,4.170880164971035,0.001,10.0,0.9
5,fusion_water_delta,,0.38210936548532454,0.381018104561677,4.605656020578467,0.001,10.0,1.0
5,fusion_water_delta,,0.6168554378273049,0.6168554378273049,0.9694305695484208,0.01,0.001,0.0
5,fusion_water_delta,,0.6367433930093777,0.6308837678105099,0.9833264432258777,0.01,0.001,0.1
5,fusion_water_delta,,0.6150042625745952,0.6094291226875498,1.0069146126114004,0.01,0.001,0.25
5,fusion_water_delta,,0.4723298014858117,0.46867311792684924,1.05354571459018,0.01,0.001,0.5
5,fusion_water_delta,,0.4018511752527097,0.39729319189202644,1.10907744865135,0.01,0.001,0.75
5,fusion_water_delta,,0.3747168432590427,0.37176897176897183,1.1464383406494372,0.01,0.001,0.9
5,fusion_water_delta,,0.3747168432590427,0.37152777777777785,1.1729325367442909,0.01,0.001,1.0
5,fusion_water_delta,,0.6168554378273049,0.6168554378273049,0.9694305695484208,0.01,0.01,0.0
5,fusion_water_delta,,0.5668249908659115,0.56010296010296,0.9891094496044832,0.01,0.01,0.1
5,fusion_water_delta,,0.4990378760199732,0.48978128027423806,1.0344561695667043,0.01,0.01,0.25
5,fusion_water_delta,,0.42401656314699787,0.41764590677634156,1.1484168531357242,0.01,0.01,0.5
5,fusion_water_delta,,0.34601144805748385,0.34330182717279495,1.3012328577310122,0.01,0.01,0.75
5,fusion_water_delta,,0.33620752648885643,0.3338763575605681,1.4073705250962971,0.01,0.01,0.9
5,fusion_water_delta,,0.3434539033004506,0.34089390142021725,1.4830545585692814,0.01,0.01,1.0
5,fusion_water_delta,,0.6168554378273049,0.6168554378273049,0.9694305695484208,0.01,0.1,0.0
5,fusion_water_delta,,0.515808062355377,0.5092762913415086,1.006742448422895,0.01,0.1,0.1
5,fusion_water_delta,,0.4356716599683352,0.4316560632350106,1.1223108775845807,0.01,0.1,0.25
5,fusion_water_delta,,0.3749969553038606,0.3714479861625895,1.4335361691940622,0.01,0.1,0.5
5,fusion_water_delta,,0.3532578248690781,0.35119023033607316,1.8342855516429994,0.01,0.1,0.75
5,fusion_water_delta,,0.33876507124588967,0.3370643370643371,2.099819452604907,0.01,0.1,0.9
5,fusion_water_delta,,0.33876507124588967,0.3370643370643371,2.283887218924397,0.01,0.1,1.0
5,fusion_water_delta,,0.6168554378273049,0.6168554378273049,0.9694305695484208,0.01,1.0,0.0
5,fusion_water_delta,,0.4815734989648033,0.48150613688371124,1.04077189770352,0.01,1.0,0.1
5,fusion_water_delta,,0.41109487273170137,0.4094112769485904,1.284668154287021,0.01,1.0,0.25
5,fusion_water_delta,,0.3798319327731092,0.37783918209450124,1.9016960118885846,0.01,1.0,0.5
5,fusion_water_delta,,0.372585555961515,0.37068091179858564,2.635462224189684,0.01,1.0,0.75
5,fusion_water_delta,,0.372585555961515,0.37068091179858564,3.101164387816031,0.01,1.0,0.9
5,fusion_water_delta,,0.372585555961515,0.37068091179858564,3.417786865914252,0.01,1.0,1.0
5,fusion_water_delta,,0.6168554378273049,0.6168554378273049,0.9694305695484208,0.01,10.0,0.0
5,fusion_water_delta,,0.44022652539276574,0.44118146480708953,1.085264274629825,0.01,10.0,0.1
5,fusion_water_delta,,0.38210936548532454,0.38126902935087076,1.4859749859185847,0.01,10.0,0.25
5,fusion_water_delta,,0.38210936548532454,0.38098850511679205,2.430868162785201,0.01,10.0,0.5
5,fusion_water_delta,,0.38210936548532454,0.381018104561677,3.49733293869124,0.01,10.0,0.75
5,fusion_water_delta,,0.38210936548532454,0.381018104561677,4.159405280475039,0.01,10.0,0.9
5,fusion_water_delta,,0.38210936548532454,0.381018104561677,4.605656020578467,0.01,10.0,1.0
5,fusion_water_delta,,0.6168554378273049,0.6168554378273049,0.8336306830577083,0.1,0.001,0.0
5,fusion_water_delta,,0.6364632809645597,0.6342223846060163,0.8461627692239724,0.1,0.001,0.1
5,fusion_water_delta,,0.6367433930093777,0.6308837678105099,0.872711868427389,0.1,0.001,0.25
5,fusion_water_delta,,0.568822311533309,0.5673846866521077,0.9402197658037339,0.1,0.001,0.5
5,fusion_water_delta,,0.49137742053343075,0.49100445368842277,1.039923495124469,0.1,0.001,0.75
5,fusion_water_delta,,0.39460479844111557,0.3909280936454849,1.1157851569252257,0.1,0.001,0.9
5,fusion_water_delta,,0.3747168432590427,0.37152777777777785,1.1729325367442909,0.1,0.001,1.0
5,fusion_water_delta,,0.6168554378273049,0.6168554378273049,0.8336306830577083,0.1,0.01,0.0
5,fusion_water_delta,,0.6367433930093777,0.6317523056653492,0.851563431688022,0.1,0.01,0.1
5,fusion_water_delta,,0.557301181342102,0.5478868110447058,0.8982292721784823,0.1,0.01,0.25
5,fusion_water_delta,,0.4990378760199732,0.49094390906844576,1.0315820391914958,0.1,0.01,0.5
5,fusion_water_delta,,0.4312629399585921,0.4248922835879358,1.2302629619454926,0.1,0.01,0.75
5,fusion_water_delta,,0.34601144805748385,0.34330182717279495,1.3762255531375764,0.1,0.01,0.9
5,fusion_water_delta,,0.3434539033004506,0.34089390142021725,1.4830545585692814,0.1,0.01,1.0
5,fusion_water_delta,,0.6168554378273049,0.6168554378273049,0.8336306830577083,0.1,0.1,0.0
5,fusion_water_delta,,0.600365363536719,0.5967932012708133,0.867641907529587,0.1,0.1,0.1
5,fusion_water_delta,,0.5085616855437828,0.5034186256154219,0.9801668329767587,0.1,0.1,0.25
5,fusion_water_delta,,0.4429180367799293,0.43862411742846524,1.3100290642530288,0.1,0.1,0.5
5,fusion_water_delta,,0.3677505784922665,0.36552714789879714,1.7615294952136287,0.1,0.1,0.75
5,fusion_water_delta,,0.3532578248690781,0.35119023033607316,2.0687438069339614,0.1,0.1,0.9
5,fusion_water_delta,,0.33876507124588967,0.3370643370643371,2.283887218924397,0.1,0.1,1.0
5,fusion_water_delta,,0.6168554378273049,0.6168554378273049,0.8336306830577083,0.1,1.0,0.0
5,fusion_water_delta,,0.518925831202046,0.5071175523349436,0.8986860433460716,0.1,1.0,0.1
5,fusion_water_delta,,0.49862379734502493,0.4993460440268951,1.1339170018760432,0.1,1.0,0.25
5,fusion_water_delta,,0.4038484959201072,0.4027951606174385,1.772544684522356,0.1,1.0,0.5
5,fusion_water_delta,,0.372585555961515,0.3710678558054581,2.562941861550116,0.1,1.0,0.75
5,fusion_water_delta,,0.372585555961515,0.3710678558054581,3.0710010847026608,0.1,1.0,0.9
5,fusion_water_delta,,0.372585555961515,0.37068091179858564,3.417786865914252,0.1,1.0,1.0
5,fusion_water_delta,,0.6168554378273049,0.6168554378273049,0.8336306830577083,0.1,10.0,0.0
5,fusion_water_delta,,0.5449397150164415,0.5386453450969579,0.9387473991911971,0.1,10.0,0.1
5,fusion_water_delta,,0.4500304469613932,0.4518738105694627,1.3255805794090187,0.1,10.0,0.25
5,fusion_water_delta,,0.38210936548532454,0.38127710455796615,2.297654027146547,0.1,10.0,0.5
5,fusion_water_delta,,0.38210936548532454,0.38126902935087076,3.4255485110438797,0.1,10.0,0.75
5,fusion_water_delta,,0.38210936548532454,0.381018104561677,4.130136165491835,0.1,10.0,0.9
5,fusion_water_delta,,0.38210936548532454,0.381018104561677,4.605656020578467,0.1,10.0,1.0
5,fusion_water_delta,,0.6168554378273049,0.6168554378273049,0.8473849512228772,1.0,0.001,0.0
5,fusion_water_delta,,0.646827426622823,0.6359710637041411,0.8454924056007651,1.0,0.001,0.1
5,fusion_water_delta,,0.6465473145780051,0.6391745005875441,0.851998043980364,1.0,0.001,0.25
5,fusion_water_delta,,0.6026427962489344,0.6002178649237474,0.8956921688527573,1.0,0.001,0.5
5,fusion_water_delta,,0.5035927414444038,0.5003217399943447,0.9969199940374572,1.0,0.001,0.75
5,fusion_water_delta,,0.4261478504445256,0.42154996812364914,1.0928924445532178,1.0,0.001,0.9
5,fusion_water_delta,,0.3747168432590427,0.37152777777777785,1.1729325367442909,1.0,0.001,1.0
5,fusion_water_delta,,0.6168554378273049,0.6168554378273049,0.8473849512228772,1.0,0.01,0.0
5,fusion_water_delta,,0.6367433930093777,0.6308837678105099,0.8504997859759785,1.0,0.01,0.1
5,fusion_water_delta,,0.5835951772013153,0.5786695786695787,0.8751638388421868,1.0,0.01,0.25
5,fusion_water_delta,,0.511119230300816,0.5058719865625818,0.9808746953063224,1.0,0.01,0.5
5,fusion_water_delta,,0.4457556935817806,0.4402572554805099,1.182989376298665,1.0,0.01,0.75
5,fusion_water_delta,,0.37030812324929974,0.3668025698047937,1.3518756780506416,1.0,0.01,0.9
5,fusion_water_delta,,0.3434539033004506,0.34089390142021725,1.4830545585692814,1.0,0.01,1.0
5,fusion_water_delta,,0.6168554378273049,0.6168554378273049,0.8473849512228772,1.0,0.1,0.0
5,fusion_water_delta,,0.600365363536719,0.5967932012708133,0.8651961183386986,1.0,0.1,0.1
5,fusion_water_delta,,0.515808062355377,0.5105646126922724,0.9498848594523578,1.0,0.1,0.25
5,fusion_water_delta,,0.4767385214955547,0.4759986993682646,1.246583425526252,1.0,0.1,0.5
5,fusion_water_delta,,0.3749969553038606,0.37284898357426566,1.7082600179887235,1.0,0.1,0.75
5,fusion_water_delta,,0.3532578248690781,0.35119023033607316,2.0431628929263246,1.0,0.1,0.9
5,fusion_water_delta,,0.33876507124588967,0.3370643370643371,2.283887218924397,1.0,0.1,1.0
5,fusion_water_delta,,0.6168554378273049,0.6168554378273049,0.8473849512228772,1.0,1.0,0.0
5,fusion_water_delta,,0.518925831202046,0.5073688494741126,0.8935078348830083,1.0,1.0,0.1
5,fusion_water_delta,,0.5131165509682134,0.5123350254585843,1.0918662166410338,1.0,1.0,0.25
5,fusion_water_delta,,0.423456339057362,0.42270531400966177,1.695229337220261,1.0,1.0,0.5
5,fusion_water_delta,,0.39660211910851295,0.39531911825393534,2.5067409641574123,1.0,1.0,0.75
5,fusion_water_delta,,0.372585555961515,0.3710678558054581,3.045698079527989,1.0,1.0,0.9
5,fusion_water_delta,,0.372585555961515,0.37068091179858564,3.417786865914252,1.0,1.0,1.0
5,fusion_water_delta,,0.6168554378273049,0.6168554378273049,0.8473849512228772,1.0,10.0,0.0
5,fusion_water_delta,,0.5258920959688224,0.5160570508396595,0.9294239528885143,1.0,10.0,0.1
5,fusion_water_delta,,0.4888198757763975,0.4900573201345577,1.2687100343954383,1.0,10.0,0.25
5,fusion_water_delta,,0.40640604067714037,0.40528559249786866,2.2083737197711417,1.0,10.0,0.5
5,fusion_water_delta,,0.3893557422969187,0.388186563343039,3.367504648811128,1.0,10.0,0.75
5,fusion_water_delta,,0.38210936548532454,0.3813491736105381,4.105117847673921,1.0,10.0,0.9
5,fusion_water_delta,,0.38210936548532454,0.381018104561677,4.605656020578467,1.0,10.0,1.0
5,fusion_water_delta,,0.6168554378273049,0.6168554378273049,0.9087255337839366,10.0,0.001,0.0
5,fusion_water_delta,,0.6566313481914504,0.6439586785274597,0.8970185376067605,10.0,0.001,0.1
5,fusion_water_delta,,0.6465473145780051,0.6391745005875441,0.8877560756218774,10.0,0.001,0.25
5,fusion_water_delta,,0.6026427962489344,0.6002178649237474,0.9027522883018305,10.0,0.001,0.5
5,fusion_water_delta,,0.5035927414444038,0.5003217399943447,0.9817457435319747,10.0,0.001,0.75
5,fusion_water_delta,,0.4333942272561198,0.42858392495919145,1.0799900685340251,10.0,0.001,0.9
5,fusion_water_delta,,0.3747168432590427,0.37152777777777785,1.1729325367442909,10.0,0.001,1.0
5,fusion_water_delta,,0.6168554378273049,0.6168554378273049,0.9087255337839366,10.0,0.01,0.0
5,fusion_water_delta,,0.6367433930093777,0.6308837678105099,0.9019088631191652,10.0,0.01,0.1
5,fusion_water_delta,,0.5835951772013153,0.5786695786695787,0.9100127774615624,10.0,0.01,0.25
5,fusion_water_delta,,0.5015954207770065,0.49453634776215427,0.9830833016912203,10.0,0.01,0.5
5,fusion_water_delta,,0.47474120082815735,0.4686492201956119,1.1626892118833547,10.0,0.01,0.75
5,fusion_water_delta,,0.38991596638655457,0.38519418667452254,1.337005587576062,10.0,0.01,0.9
5,fusion_water_delta,,0.3434539033004506,0.34089390142021725,1.4830545585692814,10.0,0.01,1.0
5,fusion_water_delta,,0.6168554378273049,0.6168554378273049,0.9087255337839366,10.0,0.1,0.0
5,fusion_water_delta,,0.5908415540129095,0.5858616269575173,0.9162289989091199,10.0,0.1,0.1
5,fusion_water_delta,,0.515808062355377,0.5105646126922724,0.9817658538860248,10.0,0.1,0.25
5,fusion_water_delta,,0.4767385214955547,0.4768845189897821,1.2380809548206488,10.0,0.1,0.5
5,fusion_water_delta,,0.38480087687248804,0.38262298339332523,1.6799607919197184,10.0,0.1,0.75
5,fusion_water_delta,,0.3532578248690781,0.3515937975254297,2.026101118648386,10.0,0.1,0.9
5,fusion_water_delta,,0.33876507124588967,0.3370643370643371,2.283887218924397,10.0,0.1,1.0
5,fusion_water_delta,,0.6168554378273049,0.6168554378273049,0.9087255337839366,10.0,1.0,0.0
5,fusion_water_delta,,0.518925831202046,0.5073688494741126,0.9438083040180211,10.0,1.0,0.1
5,fusion_water_delta,,0.5226403604920229,0.5238849191597942,1.1182523919205236,10.0,1.0,0.25
5,fusion_water_delta,,0.4477530142491779,0.4477082033146107,1.6725816963131352,10.0,1.0,0.5
5,fusion_water_delta,,0.4038484959201072,0.402392064445574,2.4732956914410194,10.0,1.0,0.75
5,fusion_water_delta,,0.372585555961515,0.3710678558054581,3.0283806045904833,10.0,1.0,0.9
5,fusion_water_delta,,0.372585555961515,0.37068091179858564,3.417786865914252,10.0,1.0,1.0
5,fusion_water_delta,,0.6168554378273049,0.6168554378273049,0.9087255337839366,10.0,10.0,0.0
5,fusion_water_delta,,0.5258920959688224,0.5160570508396595,0.9785632919878908,10.0,10.0,0.1
5,fusion_water_delta,,0.479296066252588,0.4806676487730554,1.2868459956590348,10.0,10.0,0.25
5,fusion_water_delta,,0.40640604067714037,0.40640604067714037,2.1707010784798553,10.0,10.0,0.5
5,fusion_water_delta,,0.3893557422969187,0.388186563343039,3.3303786269718785,10.0,10.0,0.75
5,fusion_water_delta,,0.38210936548532454,0.3813491736105381,4.087515360590997,10.0,10.0,0.9
5,fusion_water_delta,,0.38210936548532454,0.381018104561677,4.605656020578467,10.0,10.0,1.0
