fold,experiment,rank_by_training_f_score,summary_feature_index,training_f_score,node,source_feature,statistic,feature_family
1,video_raw,1,969,5.0545573234558105,nose_alar_left,velocity_aspect,absolute_max,absolute_motion
1,video_raw,2,1017,4.58376932144165,lower_lip,velocity_aspect,absolute_max,absolute_motion
1,video_raw,3,356,4.2660956382751465,eye_right_upper,velocity_x,quantile_10,temporal
1,video_raw,4,33,3.934781551361084,brow_left_inner,velocity_x,quantile_90,temporal
1,video_raw,5,617,3.8459384441375732,upper_lip,area,temporal_slope,temporal
1,video_raw,6,39,3.7602899074554443,brow_left_inner,velocity_y,quantile_90,temporal
1,video_raw,7,87,3.655353546142578,brow_left_outer,velocity_x,quantile_90,temporal
1,video_raw,8,32,3.6544106006622314,brow_left_inner,velocity_x,quantile_10,temporal
1,video_raw,9,1020,3.642632007598877,lip_corners,velocity_x,absolute_quantile_90,absolute_motion
1,video_raw,10,511,3.5447723865509033,nose_alar_left,aspect,std,temporal
1,video_raw,11,820,3.5030853748321533,brow_left_inner,velocity_area,absolute_quantile_90,absolute_motion
1,video_raw,12,50,3.412339448928833,brow_left_inner,velocity_aspect,quantile_10,temporal
1,video_raw,13,86,3.3810155391693115,brow_left_outer,velocity_x,quantile_10,temporal
1,video_raw,14,923,3.3490610122680664,eye_right_lower,velocity_x,absolute_std,absolute_motion
1,video_raw,15,411,3.3169710636138916,eye_right_lower,velocity_x,quantile_90,temporal
1,video_raw,16,729,3.225675106048584,lip_corners,aspect,quantile_90,temporal
1,video_raw,17,422,3.2213687896728516,eye_right_lower,velocity_area,quantile_10,temporal
1,video_raw,18,44,3.1427602767944336,brow_left_inner,velocity_area,quantile_10,temporal
1,video_raw,19,31,3.1386871337890625,brow_left_inner,velocity_x,std,temporal
1,video_raw,20,932,3.1384921073913574,eye_right_lower,velocity_area,absolute_quantile_90,absolute_motion
1,video_raw,21,40,3.0985686779022217,brow_left_inner,velocity_y,late_minus_early,temporal
1,video_raw,22,810,3.062565803527832,brow_left_inner,velocity_x,absolute_mean,absolute_motion
1,video_raw,23,104,3.0573770999908447,brow_left_outer,velocity_aspect,quantile_10,temporal
1,video_raw,24,303,3.0371291637420654,eye_left_lower,velocity_x,quantile_90,temporal
1,video_raw,25,190,2.968616247177124,brow_right_outer,aspect,late_minus_early,temporal
1,video_raw,26,818,2.9477736949920654,brow_left_inner,velocity_area,absolute_mean,absolute_motion
1,video_raw,27,616,2.9224748611450195,upper_lip,area,late_minus_early,temporal
1,video_raw,28,812,2.8522350788116455,brow_left_inner,velocity_x,absolute_quantile_90,absolute_motion
1,video_raw,29,130,2.835789203643799,brow_right_inner,area,late_minus_early,temporal
1,video_raw,30,423,2.8212528228759766,eye_right_lower,velocity_area,quantile_90,temporal
1,video_raw,31,811,2.809804677963257,brow_left_inner,velocity_x,absolute_std,absolute_motion
1,video_raw,32,49,2.80694580078125,brow_left_inner,velocity_aspect,std,temporal
1,video_trial_delta,1,969,5.0545573234558105,nose_alar_left,velocity_aspect,absolute_max,absolute_motion
1,video_trial_delta,2,1017,4.58376932144165,lower_lip,velocity_aspect,absolute_max,absolute_motion
1,video_trial_delta,3,356,4.2660956382751465,eye_right_upper,velocity_x,quantile_10,temporal
1,video_trial_delta,4,134,4.065346717834473,brow_right_inner,aspect,quantile_10,temporal
1,video_trial_delta,5,33,3.934781551361084,brow_left_inner,velocity_x,quantile_90,temporal
1,video_trial_delta,6,617,3.845937967300415,upper_lip,area,temporal_slope,temporal
1,video_trial_delta,7,39,3.7602899074554443,brow_left_inner,velocity_y,quantile_90,temporal
1,video_trial_delta,8,87,3.655353546142578,brow_left_outer,velocity_x,quantile_90,temporal
1,video_trial_delta,9,32,3.6544106006622314,brow_left_inner,velocity_x,quantile_10,temporal
1,video_trial_delta,10,1020,3.642632007598877,lip_corners,velocity_x,absolute_quantile_90,absolute_motion
1,video_trial_delta,11,511,3.544771432876587,nose_alar_left,aspect,std,temporal
1,video_trial_delta,12,820,3.5030853748321533,brow_left_inner,velocity_area,absolute_quantile_90,absolute_motion
1,video_trial_delta,13,50,3.412339448928833,brow_left_inner,velocity_aspect,quantile_10,temporal
1,video_trial_delta,14,86,3.3810155391693115,brow_left_outer,velocity_x,quantile_10,temporal
1,video_trial_delta,15,923,3.3490610122680664,eye_right_lower,velocity_x,absolute_std,absolute_motion
1,video_trial_delta,16,411,3.3169710636138916,eye_right_lower,velocity_x,quantile_90,temporal
1,video_trial_delta,17,422,3.2213687896728516,eye_right_lower,velocity_area,quantile_10,temporal
1,video_trial_delta,18,44,3.1427602767944336,brow_left_inner,velocity_area,quantile_10,temporal
1,video_trial_delta,19,31,3.1386871337890625,brow_left_inner,velocity_x,std,temporal
1,video_trial_delta,20,932,3.1384921073913574,eye_right_lower,velocity_area,absolute_quantile_90,absolute_motion
1,video_trial_delta,21,40,3.0985686779022217,brow_left_inner,velocity_y,late_minus_early,temporal
1,video_trial_delta,22,810,3.062565803527832,brow_left_inner,velocity_x,absolute_mean,absolute_motion
1,video_trial_delta,23,104,3.0573770999908447,brow_left_outer,velocity_aspect,quantile_10,temporal
1,video_trial_delta,24,303,3.0371291637420654,eye_left_lower,velocity_x,quantile_90,temporal
1,video_trial_delta,25,190,2.968616247177124,brow_right_outer,aspect,late_minus_early,temporal
1,video_trial_delta,26,818,2.9477736949920654,brow_left_inner,velocity_area,absolute_mean,absolute_motion
1,video_trial_delta,27,616,2.9224748611450195,upper_lip,area,late_minus_early,temporal
1,video_trial_delta,28,812,2.8522350788116455,brow_left_inner,velocity_x,absolute_quantile_90,absolute_motion
1,video_trial_delta,29,132,2.8414440155029297,brow_right_inner,aspect,mean,temporal
1,video_trial_delta,30,130,2.8357882499694824,brow_right_inner,area,late_minus_early,temporal
1,video_trial_delta,31,423,2.8212528228759766,eye_right_lower,velocity_area,quantile_90,temporal
1,video_trial_delta,32,811,2.809804677963257,brow_left_inner,velocity_x,absolute_std,absolute_motion
1,video_trial_delta,33,49,2.80694580078125,brow_left_inner,velocity_aspect,std,temporal
1,video_trial_delta,34,828,2.8053178787231445,brow_left_outer,velocity_x,absolute_quantile_90,absolute_motion
1,video_trial_delta,35,822,2.7945802211761475,brow_left_inner,velocity_aspect,absolute_mean,absolute_motion
1,video_trial_delta,36,357,2.790799379348755,eye_right_upper,velocity_x,quantile_90,temporal
1,video_trial_delta,37,907,2.77512526512146,eye_right_upper,velocity_x,absolute_std,absolute_motion
1,video_trial_delta,38,38,2.769597053527832,brow_left_inner,velocity_y,quantile_10,temporal
1,video_trial_delta,39,409,2.6987767219543457,eye_right_lower,velocity_x,std,temporal
1,video_trial_delta,40,135,2.6826136112213135,brow_right_inner,aspect,quantile_90,temporal
1,video_trial_delta,41,142,2.675706624984741,brow_right_inner,velocity_x,late_minus_early,temporal
1,video_trial_delta,42,727,2.6635003089904785,lip_corners,aspect,std,temporal
1,video_trial_delta,43,800,2.6227588653564453,chin_center,velocity_area,quantile_10,temporal
1,video_trial_delta,44,838,2.5834314823150635,brow_left_outer,velocity_aspect,absolute_mean,absolute_motion
1,video_trial_delta,45,823,2.566190242767334,brow_left_inner,velocity_aspect,absolute_std,absolute_motion
1,video_trial_delta,46,735,2.5646629333496094,lip_corners,velocity_x,quantile_90,temporal
1,video_trial_delta,47,908,2.5389716625213623,eye_right_upper,velocity_x,absolute_quantile_90,absolute_motion
1,video_trial_delta,48,767,2.5063858032226562,chin_center,cy,temporal_slope,temporal
1,video_trial_delta,49,51,2.502735137939453,brow_left_inner,velocity_aspect,quantile_90,temporal
1,video_trial_delta,50,143,2.4949893951416016,brow_right_inner,velocity_x,temporal_slope,temporal
1,video_trial_delta,51,45,2.4940733909606934,brow_left_inner,velocity_area,quantile_90,temporal
1,video_trial_delta,52,103,2.4889256954193115,brow_left_outer,velocity_aspect,std,temporal
1,video_trial_delta,53,355,2.4066736698150635,eye_right_upper,velocity_x,std,temporal
1,video_trial_delta,54,191,2.3926234245300293,brow_right_outer,aspect,temporal_slope,temporal
1,video_trial_delta,55,131,2.380453109741211,brow_right_inner,area,temporal_slope,temporal
1,video_trial_delta,56,826,2.3724141120910645,brow_left_outer,velocity_x,absolute_mean,absolute_motion
1,video_trial_delta,57,840,2.367871046066284,brow_left_outer,velocity_aspect,absolute_quantile_90,absolute_motion
1,video_trial_delta,58,814,2.3102662563323975,brow_left_inner,velocity_y,absolute_mean,absolute_motion
1,video_trial_delta,59,825,2.309171199798584,brow_left_inner,velocity_aspect,absolute_max,absolute_motion
1,video_trial_delta,60,43,2.2942285537719727,brow_left_inner,velocity_area,std,temporal
1,video_trial_delta,61,924,2.272548198699951,eye_right_lower,velocity_x,absolute_quantile_90,absolute_motion
1,video_trial_delta,62,839,2.253722906112671,brow_left_outer,velocity_aspect,absolute_std,absolute_motion
1,video_trial_delta,63,105,2.251131772994995,brow_left_outer,velocity_aspect,quantile_90,temporal
1,video_trial_delta,64,766,2.23236083984375,chin_center,cy,late_minus_early,temporal
1,video_trial_delta,65,824,2.2312724590301514,brow_left_inner,velocity_aspect,absolute_quantile_90,absolute_motion
1,video_trial_delta,66,297,2.206960439682007,eye_left_lower,aspect,quantile_90,temporal
1,video_trial_delta,67,636,2.1997904777526855,upper_lip,velocity_area,mean,temporal
1,video_trial_delta,68,128,2.166170597076416,brow_right_inner,area,quantile_10,temporal
1,video_trial_delta,69,652,2.164839029312134,lower_lip,cx,late_minus_early,temporal
1,video_trial_delta,70,841,2.1326541900634766,brow_left_outer,velocity_aspect,absolute_max,absolute_motion
1,video_trial_delta,71,621,2.1115500926971436,upper_lip,aspect,quantile_90,temporal
1,video_trial_delta,72,248,2.091036796569824,eye_left_upper,velocity_x,quantile_10,temporal
1,video_trial_delta,73,930,2.0716700553894043,eye_right_lower,velocity_area,absolute_mean,absolute_motion
1,video_trial_delta,74,801,2.0431745052337646,chin_center,velocity_area,quantile_90,temporal
1,video_trial_delta,75,25,2.0157313346862793,brow_left_inner,aspect,std,temporal
1,video_trial_delta,76,653,2.0139620304107666,lower_lip,cx,temporal_slope,temporal
1,video_trial_delta,77,186,2.0099329948425293,brow_right_outer,aspect,mean,temporal
1,video_trial_delta,78,623,1.9965015649795532,upper_lip,aspect,temporal_slope,temporal
1,video_trial_delta,79,167,1.9890247583389282,brow_right_outer,cx,temporal_slope,temporal
1,video_trial_delta,80,166,1.9603384733200073,brow_right_outer,cx,late_minus_early,temporal
1,video_trial_delta,81,869,1.95793616771698,brow_right_outer,velocity_area,absolute_max,absolute_motion
1,video_trial_delta,82,765,1.9578309059143066,chin_center,cy,quantile_90,temporal
1,video_trial_delta,83,612,1.9519453048706055,upper_lip,area,mean,temporal
1,video_trial_delta,84,421,1.9461886882781982,eye_right_lower,velocity_area,std,temporal
1,video_trial_delta,85,184,1.9446593523025513,brow_right_outer,area,late_minus_early,temporal
1,video_trial_delta,86,949,1.9293968677520752,nose_bridge,velocity_area,absolute_max,absolute_motion
1,video_trial_delta,87,922,1.906272530555725,eye_right_lower,velocity_x,absolute_mean,absolute_motion
1,video_trial_delta,88,798,1.8954194784164429,chin_center,velocity_area,mean,temporal
1,video_trial_delta,89,906,1.8896902799606323,eye_right_upper,velocity_x,absolute_mean,absolute_motion
1,video_trial_delta,90,405,1.8817222118377686,eye_right_lower,aspect,quantile_90,temporal
1,video_trial_delta,91,834,1.8796634674072266,brow_left_outer,velocity_area,absolute_mean,absolute_motion
1,video_trial_delta,92,836,1.8607075214385986,brow_left_outer,velocity_area,absolute_quantile_90,absolute_motion
1,video_trial_delta,93,126,1.8377834558486938,brow_right_inner,area,mean,temporal
1,video_trial_delta,94,98,1.8271517753601074,brow_left_outer,velocity_area,quantile_10,temporal
1,video_trial_delta,95,763,1.7989423274993896,chin_center,cy,std,temporal
1,video_trial_delta,96,85,1.7766553163528442,brow_left_outer,velocity_x,std,temporal
1,video_trial_delta,97,185,1.7728434801101685,brow_right_outer,area,temporal_slope,temporal
1,video_trial_delta,98,762,1.772740125656128,chin_center,cy,mean,temporal
1,video_trial_delta,99,460,1.7641061544418335,nose_bridge,aspect,late_minus_early,temporal
1,video_trial_delta,100,410,1.7546442747116089,eye_right_lower,velocity_x,quantile_10,temporal
1,video_trial_delta,101,261,1.7276777029037476,eye_left_upper,velocity_area,quantile_90,temporal
1,video_trial_delta,102,967,1.7142696380615234,nose_alar_left,velocity_aspect,absolute_std,absolute_motion
1,video_trial_delta,103,188,1.698555588722229,brow_right_outer,aspect,quantile_10,temporal
1,video_trial_delta,104,52,1.6846320629119873,brow_left_inner,velocity_aspect,late_minus_early,temporal
1,video_trial_delta,105,505,1.6730973720550537,nose_alar_left,area,std,temporal
1,video_trial_delta,106,931,1.6707757711410522,eye_right_lower,velocity_area,absolute_std,absolute_motion
1,video_trial_delta,107,189,1.6536506414413452,brow_right_outer,aspect,quantile_90,temporal
1,video_trial_delta,108,953,1.6527537107467651,nose_bridge,velocity_aspect,absolute_max,absolute_motion
1,video_trial_delta,109,917,1.6521722078323364,eye_right_upper,velocity_area,absolute_max,absolute_motion
1,video_trial_delta,110,622,1.6519173383712769,upper_lip,aspect,late_minus_early,temporal
1,video_trial_delta,111,95,1.6457151174545288,brow_left_outer,velocity_y,temporal_slope,temporal
1,video_trial_delta,112,614,1.6332387924194336,upper_lip,area,quantile_10,temporal
1,video_trial_delta,113,94,1.6321892738342285,brow_left_outer,velocity_y,late_minus_early,temporal
1,video_trial_delta,114,129,1.608077049255371,brow_right_inner,area,quantile_90,temporal
1,video_trial_delta,115,461,1.6018247604370117,nose_bridge,aspect,temporal_slope,temporal
1,video_trial_delta,116,819,1.6004701852798462,brow_left_inner,velocity_area,absolute_std,absolute_motion
1,video_trial_delta,117,156,1.5839558839797974,brow_right_inner,velocity_aspect,mean,temporal
1,video_trial_delta,118,535,1.5654292106628418,nose_alar_left,velocity_aspect,std,temporal
1,video_trial_delta,119,713,1.5419632196426392,lip_corners,cy,temporal_slope,temporal
1,video_trial_delta,120,697,1.5348399877548218,lower_lip,velocity_aspect,std,temporal
1,video_trial_delta,121,1015,1.5182018280029297,lower_lip,velocity_aspect,absolute_std,absolute_motion
1,video_trial_delta,122,97,1.5147901773452759,brow_left_outer,velocity_area,std,temporal
1,video_trial_delta,123,1037,1.4829610586166382,chin_center,velocity_x,absolute_max,absolute_motion
1,video_trial_delta,124,41,1.467759609222412,brow_left_inner,velocity_y,temporal_slope,temporal
1,video_trial_delta,125,559,1.455580234527588,nose_alar_right,area,std,temporal
1,video_trial_delta,126,813,1.4440069198608398,brow_left_inner,velocity_x,absolute_max,absolute_motion
1,video_trial_delta,127,729,1.43882417678833,lip_corners,aspect,quantile_90,temporal
1,video_trial_delta,128,792,1.4327025413513184,chin_center,velocity_y,mean,temporal
1,video_trial_delta,129,425,1.3866268396377563,eye_right_lower,velocity_area,temporal_slope,temporal
1,video_trial_delta,130,1018,1.385998249053955,lip_corners,velocity_x,absolute_mean,absolute_motion
1,video_trial_delta,131,182,1.3762294054031372,brow_right_outer,area,quantile_10,temporal
1,video_trial_delta,132,586,1.3756943941116333,nose_alar_right,velocity_area,late_minus_early,temporal
1,video_trial_delta,133,1042,1.3410205841064453,chin_center,velocity_area,absolute_mean,absolute_motion
1,video_trial_delta,134,162,1.3351967334747314,brow_right_outer,cx,mean,temporal
1,video_trial_delta,135,417,1.3266727924346924,eye_right_lower,velocity_y,quantile_90,temporal
1,video_trial_delta,136,659,1.3136752843856812,lower_lip,cy,temporal_slope,temporal
1,video_trial_delta,137,937,1.304768681526184,eye_right_lower,velocity_aspect,absolute_max,absolute_motion
1,video_trial_delta,138,376,1.2959650754928589,eye_right_upper,velocity_aspect,late_minus_early,temporal
1,video_trial_delta,139,712,1.285241961479187,lip_corners,cy,late_minus_early,temporal
1,video_trial_delta,140,915,1.2848581075668335,eye_right_upper,velocity_area,absolute_std,absolute_motion
1,video_trial_delta,141,731,1.2779709100723267,lip_corners,aspect,temporal_slope,temporal
1,video_trial_delta,142,966,1.2692794799804688,nose_alar_left,velocity_aspect,absolute_mean,absolute_motion
1,video_trial_delta,143,180,1.2616856098175049,brow_right_outer,area,mean,temporal
1,video_trial_delta,144,37,1.2546881437301636,brow_left_inner,velocity_y,std,temporal
1,video_trial_delta,145,19,1.2477580308914185,brow_left_inner,area,std,temporal
1,video_trial_delta,146,690,1.2388960123062134,lower_lip,velocity_area,mean,temporal
1,video_trial_delta,147,883,1.2331291437149048,eye_left_upper,velocity_area,absolute_std,absolute_motion
1,video_trial_delta,148,125,1.2312883138656616,brow_right_inner,cz,temporal_slope,temporal
1,video_trial_delta,149,136,1.230131983757019,brow_right_inner,aspect,late_minus_early,temporal
1,video_trial_delta,150,124,1.2243162393569946,brow_right_inner,cz,late_minus_early,temporal
1,video_trial_delta,151,709,1.2200137376785278,lip_corners,cy,std,temporal
1,video_trial_delta,152,99,1.2085338830947876,brow_left_outer,velocity_area,quantile_90,temporal
1,video_trial_delta,153,152,1.2061207294464111,brow_right_inner,velocity_area,quantile_10,temporal
1,video_trial_delta,154,605,1.2059240341186523,upper_lip,cy,temporal_slope,temporal
1,video_trial_delta,155,53,1.2008686065673828,brow_left_inner,velocity_aspect,temporal_slope,temporal
1,video_trial_delta,156,8,1.1929278373718262,brow_left_inner,cy,quantile_10,temporal
1,video_trial_delta,157,988,1.1902186870574951,upper_lip,velocity_x,absolute_quantile_90,absolute_motion
1,video_trial_delta,158,456,1.1866337060928345,nose_bridge,aspect,mean,temporal
1,video_trial_delta,159,165,1.180006742477417,brow_right_outer,cx,quantile_90,temporal
1,video_trial_delta,160,212,1.1738791465759277,brow_right_outer,velocity_aspect,quantile_10,temporal
1,video_trial_delta,161,755,1.173633337020874,lip_corners,velocity_aspect,temporal_slope,temporal
1,video_trial_delta,162,730,1.1651262044906616,lip_corners,aspect,late_minus_early,temporal
1,video_trial_delta,163,308,1.146888256072998,eye_left_lower,velocity_y,quantile_10,temporal
1,video_trial_delta,164,696,1.1450364589691162,lower_lip,velocity_aspect,mean,temporal
1,video_trial_delta,165,740,1.129577875137329,lip_corners,velocity_y,quantile_10,temporal
1,video_trial_delta,166,884,1.1152794361114502,eye_left_upper,velocity_area,absolute_quantile_90,absolute_motion
1,video_trial_delta,167,655,1.1007890701293945,lower_lip,cy,std,temporal
1,video_trial_delta,168,867,1.0997694730758667,brow_right_outer,velocity_area,absolute_std,absolute_motion
1,video_trial_delta,169,779,1.0991445779800415,chin_center,area,temporal_slope,temporal
1,video_trial_delta,170,431,1.0983654260635376,eye_right_lower,velocity_aspect,temporal_slope,temporal
1,video_trial_delta,171,658,1.0948219299316406,lower_lip,cy,late_minus_early,temporal
1,video_trial_delta,172,699,1.0926704406738281,lower_lip,velocity_aspect,quantile_90,temporal
1,video_trial_delta,173,750,1.0731220245361328,lip_corners,velocity_aspect,mean,temporal
1,video_trial_delta,174,173,1.0629628896713257,brow_right_outer,cy,temporal_slope,temporal
1,video_trial_delta,175,726,1.0590413808822632,lip_corners,aspect,mean,temporal
1,video_trial_delta,176,775,1.0527725219726562,chin_center,area,std,temporal
1,video_trial_delta,177,141,1.041198492050171,brow_right_inner,velocity_x,quantile_90,temporal
1,video_trial_delta,178,835,1.0391240119934082,brow_left_outer,velocity_area,absolute_std,absolute_motion
1,video_trial_delta,179,210,1.037368893623352,brow_right_outer,velocity_aspect,mean,temporal
1,video_trial_delta,180,217,1.036880612373352,eye_left_upper,cx,std,temporal
1,video_trial_delta,181,172,1.029726505279541,brow_right_outer,cy,late_minus_early,temporal
1,video_trial_delta,182,604,1.0277115106582642,upper_lip,cy,late_minus_early,temporal
1,video_trial_delta,183,537,1.0144542455673218,nose_alar_left,velocity_aspect,quantile_90,temporal
1,video_trial_delta,184,618,1.0093882083892822,upper_lip,aspect,mean,temporal
1,video_trial_delta,185,27,0.9980698823928833,brow_left_inner,aspect,quantile_90,temporal
1,video_trial_delta,186,989,0.9979704022407532,upper_lip,velocity_x,absolute_max,absolute_motion
1,video_trial_delta,187,827,0.9949208498001099,brow_left_outer,velocity_x,absolute_std,absolute_motion
1,video_trial_delta,188,778,0.9937789440155029,chin_center,area,late_minus_early,temporal
1,video_trial_delta,189,579,0.9880035519599915,nose_alar_right,velocity_y,quantile_90,temporal
1,video_trial_delta,190,615,0.9792320728302002,upper_lip,area,quantile_90,temporal
1,video_trial_delta,191,251,0.9745398759841919,eye_left_upper,velocity_x,temporal_slope,temporal
1,video_trial_delta,192,487,0.9739550948143005,nose_alar_left,cx,std,temporal
1,video_trial_delta,193,686,0.9708518981933594,lower_lip,velocity_y,quantile_10,temporal
1,video_trial_delta,194,1014,0.951472818851471,lower_lip,velocity_aspect,absolute_mean,absolute_motion
1,video_trial_delta,195,791,0.9492374658584595,chin_center,velocity_x,temporal_slope,temporal
1,video_trial_delta,196,1016,0.9464158415794373,lower_lip,velocity_aspect,absolute_quantile_90,absolute_motion
1,video_trial_delta,197,995,0.9440630674362183,upper_lip,velocity_area,absolute_std,absolute_motion
1,video_trial_delta,198,112,0.9430443048477173,brow_right_inner,cx,late_minus_early,temporal
1,video_trial_delta,199,565,0.9419395923614502,nose_alar_right,aspect,std,temporal
1,video_trial_delta,200,734,0.940908670425415,lip_corners,velocity_x,quantile_10,temporal
1,video_trial_delta,201,947,0.931777834892273,nose_bridge,velocity_area,absolute_std,absolute_motion
1,video_trial_delta,202,512,0.9264435768127441,nose_alar_left,aspect,quantile_10,temporal
1,video_trial_delta,203,164,0.925045907497406,brow_right_outer,cx,quantile_10,temporal
1,video_trial_delta,204,463,0.9244630932807922,nose_bridge,velocity_x,std,temporal
1,video_trial_delta,205,73,0.9226561188697815,brow_left_outer,area,std,temporal
1,video_trial_delta,206,976,0.920270562171936,nose_alar_right,velocity_y,absolute_quantile_90,absolute_motion
1,video_trial_delta,207,671,0.9097119569778442,lower_lip,area,temporal_slope,temporal
1,video_trial_delta,208,887,0.9094052314758301,eye_left_upper,velocity_aspect,absolute_std,absolute_motion
1,video_trial_delta,209,885,0.9089454412460327,eye_left_upper,velocity_area,absolute_max,absolute_motion
1,video_trial_delta,210,545,0.9065297245979309,nose_alar_right,cx,temporal_slope,temporal
1,video_trial_delta,211,641,0.9063315987586975,upper_lip,velocity_area,temporal_slope,temporal
1,video_trial_delta,212,925,0.9062252640724182,eye_right_lower,velocity_x,absolute_max,absolute_motion
1,video_trial_delta,213,102,0.9058246612548828,brow_left_outer,velocity_aspect,mean,temporal
1,video_trial_delta,214,1033,0.9007355570793152,lip_corners,velocity_aspect,absolute_max,absolute_motion
1,video_trial_delta,215,816,0.8976991176605225,brow_left_inner,velocity_y,absolute_quantile_90,absolute_motion
1,video_trial_delta,216,259,0.8968238234519958,eye_left_upper,velocity_area,std,temporal
1,video_trial_delta,217,601,0.8966782689094543,upper_lip,cy,std,temporal
1,video_trial_delta,218,437,0.894658625125885,nose_bridge,cx,temporal_slope,temporal
1,video_trial_delta,219,500,0.8931975364685059,nose_alar_left,cz,quantile_10,temporal
1,video_trial_delta,220,888,0.8901060819625854,eye_left_upper,velocity_aspect,absolute_quantile_90,absolute_motion
1,video_trial_delta,221,113,0.8887675404548645,brow_right_inner,cx,temporal_slope,temporal
1,video_trial_delta,222,938,0.8874698281288147,nose_bridge,velocity_x,absolute_mean,absolute_motion
1,video_trial_delta,223,275,0.8764358162879944,eye_left_lower,cx,temporal_slope,temporal
1,video_trial_delta,224,202,0.8732773661613464,brow_right_outer,velocity_y,late_minus_early,temporal
1,video_trial_delta,225,544,0.8699509501457214,nose_alar_right,cx,late_minus_early,temporal
1,video_trial_delta,226,424,0.8684117197990417,eye_right_lower,velocity_area,late_minus_early,temporal
1,video_trial_delta,227,900,0.8662364482879639,eye_left_lower,velocity_area,absolute_quantile_90,absolute_motion
1,video_trial_delta,228,458,0.8565391302108765,nose_bridge,aspect,quantile_10,temporal
1,video_trial_delta,229,92,0.8475695848464966,brow_left_outer,velocity_y,quantile_10,temporal
1,video_trial_delta,230,941,0.8450170755386353,nose_bridge,velocity_x,absolute_max,absolute_motion
1,video_trial_delta,231,77,0.8408234715461731,brow_left_outer,area,temporal_slope,temporal
1,video_trial_delta,232,471,0.8318406939506531,nose_bridge,velocity_y,quantile_90,temporal
1,video_trial_delta,233,477,0.8297368884086609,nose_bridge,velocity_area,quantile_90,temporal
1,video_trial_delta,234,187,0.8209618926048279,brow_right_outer,aspect,std,temporal
1,video_trial_delta,235,670,0.816644012928009,lower_lip,area,late_minus_early,temporal
1,video_trial_delta,236,80,0.8115062713623047,brow_left_outer,aspect,quantile_10,temporal
1,video_trial_delta,237,1021,0.8073378205299377,lip_corners,velocity_x,absolute_max,absolute_motion
1,video_trial_delta,238,965,0.8044302463531494,nose_alar_left,velocity_area,absolute_max,absolute_motion
1,video_trial_delta,239,684,0.7992162704467773,lower_lip,velocity_y,mean,temporal
1,video_trial_delta,240,803,0.7990407347679138,chin_center,velocity_area,temporal_slope,temporal
1,video_trial_delta,241,183,0.7962314486503601,brow_right_outer,area,quantile_90,temporal
1,video_trial_delta,242,1036,0.792741596698761,chin_center,velocity_x,absolute_quantile_90,absolute_motion
1,video_trial_delta,243,161,0.792292594909668,brow_right_inner,velocity_aspect,temporal_slope,temporal
1,video_trial_delta,244,402,0.790285587310791,eye_right_lower,aspect,mean,temporal
1,video_trial_delta,245,939,0.790181040763855,nose_bridge,velocity_x,absolute_std,absolute_motion
1,video_trial_delta,246,781,0.7884734272956848,chin_center,aspect,std,temporal
1,video_trial_delta,247,632,0.782066285610199,upper_lip,velocity_y,quantile_10,temporal
1,video_trial_delta,248,370,0.7641371488571167,eye_right_upper,velocity_area,late_minus_early,temporal
1,video_trial_delta,249,349,0.7567721009254456,eye_right_upper,aspect,std,temporal
1,video_trial_delta,250,809,0.756722092628479,chin_center,velocity_aspect,temporal_slope,temporal
1,video_trial_delta,251,645,0.7494386434555054,upper_lip,velocity_aspect,quantile_90,temporal
1,video_trial_delta,252,501,0.7492603063583374,nose_alar_left,cz,quantile_90,temporal
1,video_trial_delta,253,75,0.7450758218765259,brow_left_outer,area,quantile_90,temporal
1,video_trial_delta,254,491,0.7424262166023254,nose_alar_left,cx,temporal_slope,temporal
1,video_trial_delta,255,642,0.7408581376075745,upper_lip,velocity_aspect,mean,temporal
1,video_trial_delta,256,147,0.7373532652854919,brow_right_inner,velocity_y,quantile_90,temporal
1,video_trial_delta,257,6,0.7352036833763123,brow_left_inner,cy,mean,temporal
1,video_trial_delta,258,436,0.7350381016731262,nose_bridge,cx,late_minus_early,temporal
1,video_trial_delta,259,255,0.7326630353927612,eye_left_upper,velocity_y,quantile_90,temporal
1,video_trial_delta,260,683,0.7306134104728699,lower_lip,velocity_x,temporal_slope,temporal
1,video_trial_delta,261,192,0.7304563522338867,brow_right_outer,velocity_x,mean,temporal
1,video_trial_delta,262,346,0.7284736633300781,eye_right_upper,area,late_minus_early,temporal
1,video_trial_delta,263,267,0.7272412776947021,eye_left_upper,velocity_aspect,quantile_90,temporal
1,video_trial_delta,264,445,0.7130427360534668,nose_bridge,cz,std,temporal
1,video_trial_delta,265,738,0.709065318107605,lip_corners,velocity_y,mean,temporal
1,video_trial_delta,266,257,0.6979328989982605,eye_left_upper,velocity_y,temporal_slope,temporal
1,video_trial_delta,267,637,0.696264922618866,upper_lip,velocity_area,std,temporal
1,video_trial_delta,268,1047,0.6961646676063538,chin_center,velocity_aspect,absolute_std,absolute_motion
1,video_trial_delta,269,899,0.6935715675354004,eye_left_lower,velocity_area,absolute_std,absolute_motion
1,video_trial_delta,270,466,0.6929473876953125,nose_bridge,velocity_x,late_minus_early,temporal
1,video_trial_delta,271,197,0.6897181868553162,brow_right_outer,velocity_x,temporal_slope,temporal
1,video_trial_delta,272,221,0.6886947751045227,eye_left_upper,cx,temporal_slope,temporal
1,video_trial_delta,273,359,0.6849764585494995,eye_right_upper,velocity_x,temporal_slope,temporal
1,video_trial_delta,274,79,0.6821471452713013,brow_left_outer,aspect,std,temporal
1,video_trial_delta,275,476,0.6781249642372131,nose_bridge,velocity_area,quantile_10,temporal
1,video_trial_delta,276,656,0.6768286824226379,lower_lip,cy,quantile_10,temporal
1,video_trial_delta,277,789,0.6745796203613281,chin_center,velocity_x,quantile_90,temporal
1,video_trial_delta,278,737,0.6726588010787964,lip_corners,velocity_x,temporal_slope,temporal
1,video_trial_delta,279,802,0.671126663684845,chin_center,velocity_area,late_minus_early,temporal
1,video_trial_delta,280,909,0.6706719994544983,eye_right_upper,velocity_x,absolute_max,absolute_motion
1,video_trial_delta,281,591,0.6692143678665161,nose_alar_right,velocity_aspect,quantile_90,temporal
1,video_trial_delta,282,57,0.667603611946106,brow_left_outer,cx,quantile_90,temporal
1,video_trial_delta,283,595,0.6630662083625793,upper_lip,cx,std,temporal
1,video_trial_delta,284,1009,0.6609858870506287,lower_lip,velocity_y,absolute_max,absolute_motion
1,video_trial_delta,285,305,0.6581566333770752,eye_left_lower,velocity_x,temporal_slope,temporal
1,video_trial_delta,286,419,0.6579063534736633,eye_right_lower,velocity_y,temporal_slope,temporal
1,video_trial_delta,287,475,0.6544524431228638,nose_bridge,velocity_area,std,temporal
1,video_trial_delta,288,711,0.6454465985298157,lip_corners,cy,quantile_90,temporal
1,video_trial_delta,289,459,0.6379169225692749,nose_bridge,aspect,quantile_90,temporal
1,video_trial_delta,290,531,0.637264609336853,nose_alar_left,velocity_area,quantile_90,temporal
1,video_trial_delta,291,490,0.6334158182144165,nose_alar_left,cx,late_minus_early,temporal
1,video_trial_delta,292,563,0.6269363164901733,nose_alar_right,area,temporal_slope,temporal
1,video_trial_delta,293,274,0.6266300678253174,eye_left_lower,cx,late_minus_early,temporal
1,video_trial_delta,294,318,0.6250239014625549,eye_left_lower,velocity_aspect,mean,temporal
1,video_trial_delta,295,58,0.6209257245063782,brow_left_outer,cx,late_minus_early,temporal
1,video_trial_delta,296,868,0.6196836829185486,brow_right_outer,velocity_area,absolute_quantile_90,absolute_motion
1,video_trial_delta,297,313,0.6193086504936218,eye_left_lower,velocity_area,std,temporal
1,video_trial_delta,298,69,0.6185069680213928,brow_left_outer,cz,quantile_90,temporal
1,video_trial_delta,299,662,0.6171470284461975,lower_lip,cz,quantile_10,temporal
1,video_trial_delta,300,369,0.6164090633392334,eye_right_upper,velocity_area,quantile_90,temporal
1,video_trial_delta,301,520,0.6126723289489746,nose_alar_left,velocity_x,late_minus_early,temporal
1,video_trial_delta,302,76,0.6093317270278931,brow_left_outer,area,late_minus_early,temporal
1,video_trial_delta,303,882,0.6091687083244324,eye_left_upper,velocity_area,absolute_mean,absolute_motion
1,video_trial_delta,304,962,0.6047803163528442,nose_alar_left,velocity_area,absolute_mean,absolute_motion
1,video_trial_delta,305,602,0.6030961275100708,upper_lip,cy,quantile_10,temporal
1,video_trial_delta,306,571,0.6030137538909912,nose_alar_right,velocity_x,std,temporal
1,video_trial_delta,307,971,0.5959301590919495,nose_alar_right,velocity_x,absolute_std,absolute_motion
1,video_trial_delta,308,153,0.5949060320854187,brow_right_inner,velocity_area,quantile_90,temporal
1,video_trial_delta,309,347,0.5941829681396484,eye_right_upper,area,temporal_slope,temporal
1,video_trial_delta,310,698,0.5930869579315186,lower_lip,velocity_aspect,quantile_10,temporal
1,video_trial_delta,311,968,0.5912157893180847,nose_alar_left,velocity_aspect,absolute_quantile_90,absolute_motion
1,video_trial_delta,312,55,0.5866360068321228,brow_left_outer,cx,std,temporal
1,video_trial_delta,313,853,0.5796787738800049,brow_right_inner,velocity_area,absolute_max,absolute_motion
1,video_trial_delta,314,1005,0.5786558389663696,lower_lip,velocity_x,absolute_max,absolute_motion
1,video_trial_delta,315,933,0.5743719935417175,eye_right_lower,velocity_area,absolute_max,absolute_motion
1,video_trial_delta,316,808,0.5734806656837463,chin_center,velocity_aspect,late_minus_early,temporal
1,video_trial_delta,317,233,0.5647290349006653,eye_left_upper,cz,temporal_slope,temporal
1,video_trial_delta,318,896,0.5631996393203735,eye_left_lower,velocity_y,absolute_quantile_90,absolute_motion
1,video_trial_delta,319,677,0.5601481199264526,lower_lip,aspect,temporal_slope,temporal
1,video_trial_delta,320,607,0.5590786337852478,upper_lip,cz,std,temporal
1,video_trial_delta,321,238,0.558469831943512,eye_left_upper,area,late_minus_early,temporal
1,video_trial_delta,322,541,0.5558323860168457,nose_alar_right,cx,std,temporal
1,video_trial_delta,323,246,0.553956151008606,eye_left_upper,velocity_x,mean,temporal
1,video_trial_delta,324,497,0.5485674142837524,nose_alar_left,cy,temporal_slope,temporal
1,video_trial_delta,325,82,0.5461742281913757,brow_left_outer,aspect,late_minus_early,temporal
1,video_trial_delta,326,120,0.5457463264465332,brow_right_inner,cz,mean,temporal
1,video_trial_delta,327,649,0.5452867746353149,lower_lip,cx,std,temporal
1,video_trial_delta,328,265,0.5449974536895752,eye_left_upper,velocity_aspect,std,temporal
1,video_trial_delta,329,627,0.5422680974006653,upper_lip,velocity_x,quantile_90,temporal
1,video_trial_delta,330,314,0.5420038104057312,eye_left_lower,velocity_area,quantile_10,temporal
1,video_trial_delta,331,404,0.5417190194129944,eye_right_lower,aspect,quantile_10,temporal
1,video_trial_delta,332,1025,0.5385680198669434,lip_corners,velocity_y,absolute_max,absolute_motion
1,video_trial_delta,333,904,0.537824809551239,eye_left_lower,velocity_aspect,absolute_quantile_90,absolute_motion
1,video_trial_delta,334,524,0.5333847403526306,nose_alar_left,velocity_y,quantile_10,temporal
1,video_trial_delta,335,464,0.5326088070869446,nose_bridge,velocity_x,quantile_10,temporal
1,video_trial_delta,336,206,0.5318552851676941,brow_right_outer,velocity_area,quantile_10,temporal
1,video_trial_delta,337,785,0.5276097059249878,chin_center,aspect,temporal_slope,temporal
1,video_trial_delta,338,529,0.522309422492981,nose_alar_left,velocity_area,std,temporal
1,video_trial_delta,339,413,0.5218965411186218,eye_right_lower,velocity_x,temporal_slope,temporal
1,video_trial_delta,340,562,0.5218175053596497,nose_alar_right,area,late_minus_early,temporal
1,video_trial_delta,341,316,0.5209905505180359,eye_left_lower,velocity_area,late_minus_early,temporal
1,video_trial_delta,342,204,0.517066240310669,brow_right_outer,velocity_area,mean,temporal
1,video_trial_delta,343,148,0.5144707560539246,brow_right_inner,velocity_y,late_minus_early,temporal
1,video_trial_delta,344,760,0.5131819248199463,chin_center,cx,late_minus_early,temporal
1,video_trial_delta,345,898,0.5125919580459595,eye_left_lower,velocity_area,absolute_mean,absolute_motion
1,video_trial_delta,346,10,0.5118290781974792,brow_left_inner,cy,late_minus_early,temporal
1,video_trial_delta,347,395,0.5093507766723633,eye_right_lower,cz,temporal_slope,temporal
1,video_trial_delta,348,239,0.5091140866279602,eye_left_upper,area,temporal_slope,temporal
1,video_trial_delta,349,891,0.5049465894699097,eye_left_lower,velocity_x,absolute_std,absolute_motion
1,video_trial_delta,350,205,0.5027949810028076,brow_right_outer,velocity_area,std,temporal
1,video_trial_delta,351,478,0.5010088682174683,nose_bridge,velocity_area,late_minus_early,temporal
1,video_trial_delta,352,657,0.5007532835006714,lower_lip,cy,quantile_90,temporal
1,video_trial_delta,353,498,0.5002157092094421,nose_alar_left,cz,mean,temporal
1,video_trial_delta,354,648,0.49740034341812134,lower_lip,cx,mean,temporal
1,video_trial_delta,355,590,0.49668335914611816,nose_alar_right,velocity_aspect,quantile_10,temporal
1,video_trial_delta,356,574,0.49491533637046814,nose_alar_right,velocity_x,late_minus_early,temporal
1,video_trial_delta,357,901,0.4927114248275757,eye_left_lower,velocity_area,absolute_max,absolute_motion
1,video_trial_delta,358,777,0.4924461841583252,chin_center,area,quantile_90,temporal
1,video_trial_delta,359,479,0.49235063791275024,nose_bridge,velocity_area,temporal_slope,temporal
1,video_trial_delta,360,770,0.49090901017189026,chin_center,cz,quantile_10,temporal
1,video_trial_delta,361,72,0.48886367678642273,brow_left_outer,area,mean,temporal
1,video_trial_delta,362,611,0.4865311086177826,upper_lip,cz,temporal_slope,temporal
1,video_trial_delta,363,281,0.4842708706855774,eye_left_lower,cy,temporal_slope,temporal
1,video_trial_delta,364,706,0.48129549622535706,lip_corners,cx,late_minus_early,temporal
1,video_trial_delta,365,507,0.48034438490867615,nose_alar_left,area,quantile_90,temporal
1,video_trial_delta,366,365,0.47844865918159485,eye_right_upper,velocity_y,temporal_slope,temporal
1,video_trial_delta,367,710,0.47497713565826416,lip_corners,cy,quantile_10,temporal
1,video_trial_delta,368,301,0.4744759798049927,eye_left_lower,velocity_x,std,temporal
1,video_trial_delta,369,892,0.47367730736732483,eye_left_lower,velocity_x,absolute_quantile_90,absolute_motion
1,video_trial_delta,370,494,0.4725804924964905,nose_alar_left,cy,quantile_10,temporal
1,video_trial_delta,371,398,0.47067439556121826,eye_right_lower,area,quantile_10,temporal
1,video_trial_delta,372,948,0.46473824977874756,nose_bridge,velocity_area,absolute_quantile_90,absolute_motion
1,video_trial_delta,373,34,0.4638764560222626,brow_left_inner,velocity_x,late_minus_early,temporal
1,video_trial_delta,374,381,0.46223926544189453,eye_right_lower,cx,quantile_90,temporal
1,video_trial_delta,375,663,0.4601577818393707,lower_lip,cz,quantile_90,temporal
1,video_trial_delta,376,499,0.45761898159980774,nose_alar_left,cz,std,temporal
1,video_trial_delta,377,878,0.45607316493988037,eye_left_upper,velocity_y,absolute_mean,absolute_motion
1,video_trial_delta,378,676,0.4558132588863373,lower_lip,aspect,late_minus_early,temporal
1,video_trial_delta,379,160,0.4545166790485382,brow_right_inner,velocity_aspect,late_minus_early,temporal
1,video_trial_delta,380,708,0.45396295189857483,lip_corners,cy,mean,temporal
1,video_trial_delta,381,59,0.4539344012737274,brow_left_outer,cx,temporal_slope,temporal
1,video_trial_delta,382,609,0.45274853706359863,upper_lip,cz,quantile_90,temporal
1,video_trial_delta,383,805,0.452657550573349,chin_center,velocity_aspect,std,temporal
1,video_trial_delta,384,916,0.45261889696121216,eye_right_upper,velocity_area,absolute_quantile_90,absolute_motion
1,video_trial_delta,385,926,0.4523545205593109,eye_right_lower,velocity_y,absolute_mean,absolute_motion
1,video_trial_delta,386,761,0.4521614611148834,chin_center,cx,temporal_slope,temporal
1,video_trial_delta,387,715,0.4503460228443146,lip_corners,cz,std,temporal
1,video_trial_delta,388,213,0.45032909512519836,brow_right_outer,velocity_aspect,quantile_90,temporal
1,video_trial_delta,389,496,0.44953134655952454,nose_alar_left,cy,late_minus_early,temporal
1,video_trial_delta,390,548,0.44801315665245056,nose_alar_right,cy,quantile_10,temporal
1,video_trial_delta,391,547,0.44707024097442627,nose_alar_right,cy,std,temporal
1,video_trial_delta,392,970,0.4443591833114624,nose_alar_right,velocity_x,absolute_mean,absolute_motion
1,video_trial_delta,393,764,0.44278380274772644,chin_center,cy,quantile_10,temporal
1,video_trial_delta,394,660,0.44225263595581055,lower_lip,cz,mean,temporal
1,video_trial_delta,395,532,0.4405711889266968,nose_alar_left,velocity_area,late_minus_early,temporal
1,video_trial_delta,396,716,0.43895986676216125,lip_corners,cz,quantile_10,temporal
1,video_trial_delta,397,717,0.43843385577201843,lip_corners,cz,quantile_90,temporal
1,video_trial_delta,398,795,0.43794456124305725,chin_center,velocity_y,quantile_90,temporal
1,video_trial_delta,399,311,0.43728116154670715,eye_left_lower,velocity_y,temporal_slope,temporal
1,video_trial_delta,400,945,0.43688729405403137,nose_bridge,velocity_y,absolute_max,absolute_motion
1,video_trial_delta,401,389,0.43624794483184814,eye_right_lower,cy,temporal_slope,temporal
1,video_trial_delta,402,488,0.4347423017024994,nose_alar_left,cx,quantile_10,temporal
1,video_trial_delta,403,561,0.4306595027446747,nose_alar_right,area,quantile_90,temporal
1,video_trial_delta,404,150,0.42944636940956116,brow_right_inner,velocity_area,mean,temporal
1,video_trial_delta,405,940,0.42915409803390503,nose_bridge,velocity_x,absolute_quantile_90,absolute_motion
1,video_trial_delta,406,592,0.42672181129455566,nose_alar_right,velocity_aspect,late_minus_early,temporal
1,video_trial_delta,407,367,0.4255138635635376,eye_right_upper,velocity_area,std,temporal
1,video_trial_delta,408,613,0.42507269978523254,upper_lip,area,std,temporal
1,video_trial_delta,409,963,0.42450401186943054,nose_alar_left,velocity_area,absolute_std,absolute_motion
1,video_trial_delta,410,640,0.4241194427013397,upper_lip,velocity_area,late_minus_early,temporal
1,video_trial_delta,411,440,0.4237699806690216,nose_bridge,cy,quantile_10,temporal
1,video_trial_delta,412,290,0.4211552143096924,eye_left_lower,area,quantile_10,temporal
1,video_trial_delta,413,137,0.41939520835876465,brow_right_inner,aspect,temporal_slope,temporal
1,video_trial_delta,414,83,0.41550421714782715,brow_left_outer,aspect,temporal_slope,temporal
1,video_trial_delta,415,946,0.4154416620731354,nose_bridge,velocity_area,absolute_mean,absolute_motion
1,video_trial_delta,416,542,0.4113057851791382,nose_alar_right,cx,quantile_10,temporal
1,video_trial_delta,417,232,0.4090133309364319,eye_left_upper,cz,late_minus_early,temporal
1,video_trial_delta,418,754,0.4053965210914612,lip_corners,velocity_aspect,late_minus_early,temporal
1,video_trial_delta,419,974,0.4034586548805237,nose_alar_right,velocity_y,absolute_mean,absolute_motion
1,video_trial_delta,420,394,0.40162765979766846,eye_right_lower,cz,late_minus_early,temporal
1,video_trial_delta,421,630,0.4014860689640045,upper_lip,velocity_y,mean,temporal
1,video_trial_delta,422,629,0.40114137530326843,upper_lip,velocity_x,temporal_slope,temporal
1,video_trial_delta,423,707,0.40073060989379883,lip_corners,cx,temporal_slope,temporal
1,video_trial_delta,424,250,0.39857885241508484,eye_left_upper,velocity_x,late_minus_early,temporal
1,video_trial_delta,425,317,0.3978884220123291,eye_left_lower,velocity_area,temporal_slope,temporal
1,video_trial_delta,426,122,0.3898974061012268,brow_right_inner,cz,quantile_10,temporal
1,video_trial_delta,427,446,0.38861873745918274,nose_bridge,cz,quantile_10,temporal
1,video_trial_delta,428,110,0.3884353041648865,brow_right_inner,cx,quantile_10,temporal
1,video_trial_delta,429,890,0.38647711277008057,eye_left_lower,velocity_x,absolute_mean,absolute_motion
1,video_trial_delta,430,784,0.38484129309654236,chin_center,aspect,late_minus_early,temporal
1,video_trial_delta,431,733,0.3841734826564789,lip_corners,velocity_x,std,temporal
1,video_trial_delta,432,35,0.3836638331413269,brow_left_inner,velocity_x,temporal_slope,temporal
1,video_trial_delta,433,262,0.3829437792301178,eye_left_upper,velocity_area,late_minus_early,temporal
1,video_trial_delta,434,341,0.3822549879550934,eye_right_upper,cz,temporal_slope,temporal
1,video_trial_delta,435,714,0.3801155686378479,lip_corners,cz,mean,temporal
1,video_trial_delta,436,249,0.3771829605102539,eye_left_upper,velocity_x,quantile_90,temporal
1,video_trial_delta,437,830,0.377031534910202,brow_left_outer,velocity_y,absolute_mean,absolute_motion
1,video_trial_delta,438,986,0.37611401081085205,upper_lip,velocity_x,absolute_mean,absolute_motion
1,video_trial_delta,439,620,0.3738973140716553,upper_lip,aspect,quantile_10,temporal
1,video_trial_delta,440,569,0.37124231457710266,nose_alar_right,aspect,temporal_slope,temporal
1,video_trial_delta,441,603,0.37103980779647827,upper_lip,cy,quantile_90,temporal
1,video_trial_delta,442,553,0.3685663342475891,nose_alar_right,cz,std,temporal
1,video_trial_delta,443,270,0.36677417159080505,eye_left_lower,cx,mean,temporal
1,video_trial_delta,444,309,0.3654235601425171,eye_left_lower,velocity_y,quantile_90,temporal
1,video_trial_delta,445,295,0.3653871417045593,eye_left_lower,aspect,std,temporal
1,video_trial_delta,446,127,0.3653762638568878,brow_right_inner,area,std,temporal
1,video_trial_delta,447,894,0.36351466178894043,eye_left_lower,velocity_y,absolute_mean,absolute_motion
1,video_trial_delta,448,606,0.36313745379447937,upper_lip,cz,mean,temporal
1,video_trial_delta,449,447,0.3628728985786438,nose_bridge,cz,quantile_90,temporal
1,video_trial_delta,450,799,0.36088454723358154,chin_center,velocity_area,std,temporal
1,video_trial_delta,451,300,0.3594447374343872,eye_left_lower,velocity_x,mean,temporal
1,video_trial_delta,452,695,0.3579047620296478,lower_lip,velocity_area,temporal_slope,temporal
1,video_trial_delta,453,220,0.35345879197120667,eye_left_upper,cx,late_minus_early,temporal
1,video_trial_delta,454,719,0.3529544174671173,lip_corners,cz,temporal_slope,temporal
1,video_trial_delta,455,568,0.3519461154937744,nose_alar_right,aspect,late_minus_early,temporal
1,video_trial_delta,456,434,0.34470444917678833,nose_bridge,cx,quantile_10,temporal
1,video_trial_delta,457,272,0.343370646238327,eye_left_lower,cx,quantile_10,temporal
1,video_trial_delta,458,768,0.34248626232147217,chin_center,cz,mean,temporal
1,video_trial_delta,459,114,0.3405410051345825,brow_right_inner,cy,mean,temporal
1,video_trial_delta,460,485,0.3385739028453827,nose_bridge,velocity_aspect,temporal_slope,temporal
1,video_trial_delta,461,958,0.3385561406612396,nose_alar_left,velocity_y,absolute_mean,absolute_motion
1,video_trial_delta,462,536,0.3369605541229248,nose_alar_left,velocity_aspect,quantile_10,temporal
1,video_trial_delta,463,280,0.3354203701019287,eye_left_lower,cy,late_minus_early,temporal
1,video_trial_delta,464,857,0.3352445065975189,brow_right_inner,velocity_aspect,absolute_max,absolute_motion
1,video_trial_delta,465,774,0.3330978453159332,chin_center,area,mean,temporal
1,video_trial_delta,466,771,0.33291345834732056,chin_center,cz,quantile_90,temporal
1,video_trial_delta,467,998,0.3327939808368683,upper_lip,velocity_aspect,absolute_mean,absolute_motion
1,video_trial_delta,468,93,0.3327542543411255,brow_left_outer,velocity_y,quantile_90,temporal
1,video_trial_delta,469,1013,0.3321925401687622,lower_lip,velocity_area,absolute_max,absolute_motion
1,video_trial_delta,470,608,0.33006730675697327,upper_lip,cz,quantile_10,temporal
1,video_trial_delta,471,88,0.32932621240615845,brow_left_outer,velocity_x,late_minus_early,temporal
1,video_trial_delta,472,685,0.32831528782844543,lower_lip,velocity_y,std,temporal
1,video_trial_delta,473,626,0.3271891176700592,upper_lip,velocity_x,quantile_10,temporal
1,video_trial_delta,474,654,0.32711493968963623,lower_lip,cy,mean,temporal
1,video_trial_delta,475,661,0.3269154727458954,lower_lip,cz,std,temporal
1,video_trial_delta,476,343,0.3238072097301483,eye_right_upper,area,std,temporal
1,video_trial_delta,477,886,0.32248300313949585,eye_left_upper,velocity_aspect,absolute_mean,absolute_motion
1,video_trial_delta,478,457,0.3213803470134735,nose_bridge,aspect,std,temporal
1,video_trial_delta,479,15,0.3202497661113739,brow_left_inner,cz,quantile_90,temporal
1,video_trial_delta,480,287,0.31644749641418457,eye_left_lower,cz,temporal_slope,temporal
1,video_trial_delta,481,407,0.31609824299812317,eye_right_lower,aspect,temporal_slope,temporal
1,video_trial_delta,482,323,0.31454333662986755,eye_left_lower,velocity_aspect,temporal_slope,temporal
1,video_trial_delta,483,21,0.3114314675331116,brow_left_inner,area,quantile_90,temporal
1,video_trial_delta,484,831,0.3076140582561493,brow_left_outer,velocity_y,absolute_std,absolute_motion
1,video_trial_delta,485,935,0.30593690276145935,eye_right_lower,velocity_aspect,absolute_std,absolute_motion
1,video_trial_delta,486,358,0.30547165870666504,eye_right_upper,velocity_x,late_minus_early,temporal
1,video_trial_delta,487,577,0.30546075105667114,nose_alar_right,velocity_y,std,temporal
1,video_trial_delta,488,340,0.3046010136604309,eye_right_upper,cz,late_minus_early,temporal
1,video_trial_delta,489,739,0.3042963743209839,lip_corners,velocity_y,std,temporal
1,video_trial_delta,490,852,0.30362552404403687,brow_right_inner,velocity_area,absolute_quantile_90,absolute_motion
1,video_trial_delta,491,984,0.3032970428466797,nose_alar_right,velocity_aspect,absolute_quantile_90,absolute_motion
1,video_trial_delta,492,121,0.3023354411125183,brow_right_inner,cz,std,temporal
1,video_trial_delta,493,108,0.3021555542945862,brow_right_inner,cx,mean,temporal
1,video_trial_delta,494,335,0.301404744386673,eye_right_upper,cy,temporal_slope,temporal
1,video_trial_delta,495,669,0.3003569543361664,lower_lip,area,quantile_90,temporal
1,video_trial_delta,496,667,0.29868564009666443,lower_lip,area,std,temporal
1,video_trial_delta,497,666,0.29867786169052124,lower_lip,area,mean,temporal
1,video_trial_delta,498,78,0.2970403730869293,brow_left_outer,aspect,mean,temporal
1,video_trial_delta,499,258,0.29581934213638306,eye_left_upper,velocity_area,mean,temporal
1,video_trial_delta,500,302,0.2953658401966095,eye_left_lower,velocity_x,quantile_10,temporal
1,video_trial_delta,501,11,0.29477986693382263,brow_left_inner,cy,temporal_slope,temporal
1,video_trial_delta,502,509,0.2933286726474762,nose_alar_left,area,temporal_slope,temporal
1,video_trial_delta,503,194,0.2922252118587494,brow_right_outer,velocity_x,quantile_10,temporal
1,video_trial_delta,504,889,0.2907615602016449,eye_left_upper,velocity_aspect,absolute_max,absolute_motion
1,video_trial_delta,505,254,0.28726789355278015,eye_left_upper,velocity_y,quantile_10,temporal
1,video_trial_delta,506,286,0.2867538034915924,eye_left_lower,cz,late_minus_early,temporal
1,video_trial_delta,507,1048,0.2846887707710266,chin_center,velocity_aspect,absolute_quantile_90,absolute_motion
1,video_trial_delta,508,388,0.28467193245887756,eye_right_lower,cy,late_minus_early,temporal
1,video_trial_delta,509,36,0.28320470452308655,brow_left_inner,velocity_y,mean,temporal
1,video_trial_delta,510,378,0.2829194962978363,eye_right_lower,cx,mean,temporal
1,video_trial_delta,511,598,0.2809808552265167,upper_lip,cx,late_minus_early,temporal
1,video_trial_delta,512,972,0.28010299801826477,nose_alar_right,velocity_x,absolute_quantile_90,absolute_motion
1,video_trial_delta,513,1007,0.28009694814682007,lower_lip,velocity_y,absolute_std,absolute_motion
1,video_trial_delta,514,525,0.2799651622772217,nose_alar_left,velocity_y,quantile_90,temporal
1,video_trial_delta,515,63,0.27951452136039734,brow_left_outer,cy,quantile_90,temporal
1,video_trial_delta,516,406,0.2757607698440552,eye_right_lower,aspect,late_minus_early,temporal
1,video_trial_delta,517,555,0.27230653166770935,nose_alar_right,cz,quantile_90,temporal
1,video_trial_delta,518,299,0.2703436315059662,eye_left_lower,aspect,temporal_slope,temporal
1,video_trial_delta,519,526,0.2702583372592926,nose_alar_left,velocity_y,late_minus_early,temporal
1,video_trial_delta,520,573,0.2682063579559326,nose_alar_right,velocity_x,quantile_90,temporal
1,video_trial_delta,521,554,0.26809582114219666,nose_alar_right,cz,quantile_10,temporal
1,video_trial_delta,522,227,0.26553699374198914,eye_left_upper,cy,temporal_slope,temporal
1,video_trial_delta,523,364,0.26365533471107483,eye_right_upper,velocity_y,late_minus_early,temporal
1,video_trial_delta,524,910,0.2630346417427063,eye_right_upper,velocity_y,absolute_mean,absolute_motion
1,video_trial_delta,525,758,0.26276740431785583,chin_center,cx,quantile_10,temporal
1,video_trial_delta,526,610,0.2627449631690979,upper_lip,cz,late_minus_early,temporal
1,video_trial_delta,527,570,0.2622884511947632,nose_alar_right,velocity_x,mean,temporal
1,video_trial_delta,528,444,0.2613469064235687,nose_bridge,cz,mean,temporal
1,video_trial_delta,529,1034,0.26009833812713623,chin_center,velocity_x,absolute_mean,absolute_motion
1,video_trial_delta,530,433,0.2597477436065674,nose_bridge,cx,std,temporal
1,video_trial_delta,531,325,0.25920581817626953,eye_right_upper,cx,std,temporal
1,video_trial_delta,532,271,0.258637398481369,eye_left_lower,cx,std,temporal
1,video_trial_delta,533,599,0.25813645124435425,upper_lip,cx,temporal_slope,temporal
1,video_trial_delta,534,168,0.25810959935188293,brow_right_outer,cy,mean,temporal
1,video_trial_delta,535,200,0.25800400972366333,brow_right_outer,velocity_y,quantile_10,temporal
1,video_trial_delta,536,219,0.2560058832168579,eye_left_upper,cx,quantile_90,temporal
1,video_trial_delta,537,386,0.2558786869049072,eye_right_lower,cy,quantile_10,temporal
1,video_trial_delta,538,298,0.25466516613960266,eye_left_lower,aspect,late_minus_early,temporal
1,video_trial_delta,539,596,0.25024229288101196,upper_lip,cx,quantile_10,temporal
1,video_trial_delta,540,181,0.2496105581521988,brow_right_outer,area,std,temporal
1,video_trial_delta,541,351,0.2492438405752182,eye_right_upper,aspect,quantile_90,temporal
1,video_trial_delta,542,552,0.248898446559906,nose_alar_right,cz,mean,temporal
1,video_trial_delta,543,74,0.24846050143241882,brow_left_outer,area,quantile_10,temporal
1,video_trial_delta,544,955,0.24487397074699402,nose_alar_left,velocity_x,absolute_std,absolute_motion
1,video_trial_delta,545,993,0.24486994743347168,upper_lip,velocity_y,absolute_max,absolute_motion
1,video_trial_delta,546,268,0.24449074268341064,eye_left_upper,velocity_aspect,late_minus_early,temporal
1,video_trial_delta,547,880,0.2430373728275299,eye_left_upper,velocity_y,absolute_quantile_90,absolute_motion
1,video_trial_delta,548,430,0.24266208708286285,eye_right_lower,velocity_aspect,late_minus_early,temporal
1,video_trial_delta,549,944,0.24067334830760956,nose_bridge,velocity_y,absolute_quantile_90,absolute_motion
1,video_trial_delta,550,557,0.24025163054466248,nose_alar_right,cz,temporal_slope,temporal
1,video_trial_delta,551,589,0.23998288810253143,nose_alar_right,velocity_aspect,std,temporal
1,video_trial_delta,552,996,0.23680615425109863,upper_lip,velocity_area,absolute_quantile_90,absolute_motion
1,video_trial_delta,553,493,0.23567591607570648,nose_alar_left,cy,std,temporal
1,video_trial_delta,554,241,0.23477713763713837,eye_left_upper,aspect,std,temporal
1,video_trial_delta,555,651,0.23469389975070953,lower_lip,cx,quantile_90,temporal
1,video_trial_delta,556,566,0.23376595973968506,nose_alar_right,aspect,quantile_10,temporal
1,video_trial_delta,557,682,0.23269453644752502,lower_lip,velocity_x,late_minus_early,temporal
1,video_trial_delta,558,694,0.23224955797195435,lower_lip,velocity_area,late_minus_early,temporal
1,video_trial_delta,559,973,0.23165638744831085,nose_alar_right,velocity_x,absolute_max,absolute_motion
1,video_trial_delta,560,231,0.23149918019771576,eye_left_upper,cz,quantile_90,temporal
1,video_trial_delta,561,465,0.23004014790058136,nose_bridge,velocity_x,quantile_90,temporal
1,video_trial_delta,562,1011,0.22924108803272247,lower_lip,velocity_area,absolute_std,absolute_motion
1,video_trial_delta,563,581,0.22918058931827545,nose_alar_right,velocity_y,temporal_slope,temporal
1,video_trial_delta,564,956,0.22706709802150726,nose_alar_left,velocity_x,absolute_quantile_90,absolute_motion
1,video_trial_delta,565,310,0.22693344950675964,eye_left_lower,velocity_y,late_minus_early,temporal
1,video_trial_delta,566,366,0.22511854767799377,eye_right_upper,velocity_area,mean,temporal
1,video_trial_delta,567,983,0.22345809638500214,nose_alar_right,velocity_aspect,absolute_std,absolute_motion
1,video_trial_delta,568,179,0.2213946431875229,brow_right_outer,cz,temporal_slope,temporal
1,video_trial_delta,569,100,0.2205827236175537,brow_left_outer,velocity_area,late_minus_early,temporal
1,video_trial_delta,570,769,0.21956433355808258,chin_center,cz,std,temporal
1,video_trial_delta,571,1023,0.21907629072666168,lip_corners,velocity_y,absolute_std,absolute_motion
1,video_trial_delta,572,517,0.21836788952350616,nose_alar_left,velocity_x,std,temporal
1,video_trial_delta,573,704,0.21676671504974365,lip_corners,cx,quantile_10,temporal
1,video_trial_delta,574,320,0.21631628274917603,eye_left_lower,velocity_aspect,quantile_10,temporal
1,video_trial_delta,575,990,0.21607454121112823,upper_lip,velocity_y,absolute_mean,absolute_motion
1,video_trial_delta,576,585,0.21602767705917358,nose_alar_right,velocity_area,quantile_90,temporal
1,video_trial_delta,577,982,0.21598060429096222,nose_alar_right,velocity_aspect,absolute_mean,absolute_motion
1,video_trial_delta,578,273,0.21498249471187592,eye_left_lower,cx,quantile_90,temporal
1,video_trial_delta,579,328,0.21492595970630646,eye_right_upper,cx,late_minus_early,temporal
1,video_trial_delta,580,1022,0.2129698395729065,lip_corners,velocity_y,absolute_mean,absolute_motion
1,video_trial_delta,581,363,0.21251867711544037,eye_right_upper,velocity_y,quantile_90,temporal
1,video_trial_delta,582,385,0.21075952053070068,eye_right_lower,cy,std,temporal
1,video_trial_delta,583,600,0.20967651903629303,upper_lip,cy,mean,temporal
1,video_trial_delta,584,665,0.20805342495441437,lower_lip,cz,temporal_slope,temporal
1,video_trial_delta,585,455,0.20794527232646942,nose_bridge,area,temporal_slope,temporal
1,video_trial_delta,586,1008,0.20680637657642365,lower_lip,velocity_y,absolute_quantile_90,absolute_motion
1,video_trial_delta,587,170,0.20652800798416138,brow_right_outer,cy,quantile_10,temporal
1,video_trial_delta,588,307,0.20296110212802887,eye_left_lower,velocity_y,std,temporal
1,video_trial_delta,589,539,0.20231199264526367,nose_alar_left,velocity_aspect,temporal_slope,temporal
1,video_trial_delta,590,470,0.20080409944057465,nose_bridge,velocity_y,quantile_10,temporal
1,video_trial_delta,591,773,0.2000977247953415,chin_center,cz,temporal_slope,temporal
1,video_trial_delta,592,718,0.1991909146308899,lip_corners,cz,late_minus_early,temporal
1,video_trial_delta,593,229,0.19696983695030212,eye_left_upper,cz,std,temporal
1,video_trial_delta,594,84,0.19678814709186554,brow_left_outer,velocity_x,mean,temporal
1,video_trial_delta,595,964,0.19585025310516357,nose_alar_left,velocity_area,absolute_quantile_90,absolute_motion
1,video_trial_delta,596,473,0.19550171494483948,nose_bridge,velocity_y,temporal_slope,temporal
1,video_trial_delta,597,631,0.19188129901885986,upper_lip,velocity_y,std,temporal
1,video_trial_delta,598,326,0.19131352007389069,eye_right_upper,cx,quantile_10,temporal
1,video_trial_delta,599,7,0.1912640631198883,brow_left_inner,cy,std,temporal
1,video_trial_delta,600,264,0.19061662256717682,eye_left_upper,velocity_aspect,mean,temporal
1,video_trial_delta,601,26,0.19022245705127716,brow_left_inner,aspect,quantile_10,temporal
1,video_trial_delta,602,1024,0.18902714550495148,lip_corners,velocity_y,absolute_quantile_90,absolute_motion
1,video_trial_delta,603,516,0.1886684149503708,nose_alar_left,velocity_x,mean,temporal
1,video_trial_delta,604,678,0.1877640038728714,lower_lip,velocity_x,mean,temporal
1,video_trial_delta,605,9,0.18691229820251465,brow_left_inner,cy,quantile_90,temporal
1,video_trial_delta,606,207,0.18658247590065002,brow_right_outer,velocity_area,quantile_90,temporal
1,video_trial_delta,607,807,0.18618664145469666,chin_center,velocity_aspect,quantile_90,temporal
1,video_trial_delta,608,107,0.18556827306747437,brow_left_outer,velocity_aspect,temporal_slope,temporal
1,video_trial_delta,609,874,0.18555623292922974,eye_left_upper,velocity_x,absolute_mean,absolute_motion
1,video_trial_delta,610,992,0.1853388100862503,upper_lip,velocity_y,absolute_quantile_90,absolute_motion
1,video_trial_delta,611,508,0.18528449535369873,nose_alar_left,area,late_minus_early,temporal
1,video_trial_delta,612,117,0.18523146212100983,brow_right_inner,cy,quantile_90,temporal
1,video_trial_delta,613,294,0.18445375561714172,eye_left_lower,aspect,mean,temporal
1,video_trial_delta,614,62,0.183663472533226,brow_left_outer,cy,quantile_10,temporal
1,video_trial_delta,615,523,0.18352633714675903,nose_alar_left,velocity_y,std,temporal
1,video_trial_delta,616,942,0.18340303003787994,nose_bridge,velocity_y,absolute_mean,absolute_motion
1,video_trial_delta,617,980,0.18268264830112457,nose_alar_right,velocity_area,absolute_quantile_90,absolute_motion
1,video_trial_delta,618,832,0.18249736726284027,brow_left_outer,velocity_y,absolute_quantile_90,absolute_motion
1,video_trial_delta,619,872,0.18151403963565826,brow_right_outer,velocity_aspect,absolute_quantile_90,absolute_motion
1,video_trial_delta,620,158,0.18024562299251556,brow_right_inner,velocity_aspect,quantile_10,temporal
1,video_trial_delta,621,379,0.1799372434616089,eye_right_lower,cx,std,temporal
1,video_trial_delta,622,462,0.17890208959579468,nose_bridge,velocity_x,mean,temporal
1,video_trial_delta,623,345,0.17795325815677643,eye_right_upper,area,quantile_90,temporal
1,video_trial_delta,624,997,0.1776188313961029,upper_lip,velocity_area,absolute_max,absolute_motion
1,video_trial_delta,625,503,0.17458447813987732,nose_alar_left,cz,temporal_slope,temporal
1,video_trial_delta,626,584,0.1714290827512741,nose_alar_right,velocity_area,quantile_10,temporal
1,video_trial_delta,627,1006,0.17054659128189087,lower_lip,velocity_y,absolute_mean,absolute_motion
1,video_trial_delta,628,415,0.17027337849140167,eye_right_lower,velocity_y,std,temporal
1,video_trial_delta,629,277,0.1693248152732849,eye_left_lower,cy,std,temporal
1,video_trial_delta,630,223,0.16803383827209473,eye_left_upper,cy,std,temporal
1,video_trial_delta,631,975,0.16767410933971405,nose_alar_right,velocity_y,absolute_std,absolute_motion
1,video_trial_delta,632,582,0.16736344993114471,nose_alar_right,velocity_area,mean,temporal
1,video_trial_delta,633,334,0.16701820492744446,eye_right_upper,cy,late_minus_early,temporal
1,video_trial_delta,634,1044,0.16515396535396576,chin_center,velocity_area,absolute_quantile_90,absolute_motion
1,video_trial_delta,635,934,0.16397234797477722,eye_right_lower,velocity_aspect,absolute_mean,absolute_motion
1,video_trial_delta,636,873,0.16396766901016235,brow_right_outer,velocity_aspect,absolute_max,absolute_motion
1,video_trial_delta,637,994,0.15987414121627808,upper_lip,velocity_area,absolute_mean,absolute_motion
1,video_trial_delta,638,877,0.15977159142494202,eye_left_upper,velocity_x,absolute_max,absolute_motion
1,video_trial_delta,639,634,0.15873070061206818,upper_lip,velocity_y,late_minus_early,temporal
1,video_trial_delta,640,978,0.15735606849193573,nose_alar_right,velocity_area,absolute_mean,absolute_motion
1,video_trial_delta,641,691,0.1571139097213745,lower_lip,velocity_area,std,temporal
1,video_trial_delta,642,797,0.15592341125011444,chin_center,velocity_y,temporal_slope,temporal
1,video_trial_delta,643,392,0.15454381704330444,eye_right_lower,cz,quantile_10,temporal
1,video_trial_delta,644,985,0.15395638346672058,nose_alar_right,velocity_aspect,absolute_max,absolute_motion
1,video_trial_delta,645,247,0.15273389220237732,eye_left_upper,velocity_x,std,temporal
1,video_trial_delta,646,578,0.15226179361343384,nose_alar_right,velocity_y,quantile_10,temporal
1,video_trial_delta,647,469,0.14992846548557281,nose_bridge,velocity_y,std,temporal
1,video_trial_delta,648,1035,0.14878463745117188,chin_center,velocity_x,absolute_std,absolute_motion
1,video_trial_delta,649,449,0.148392915725708,nose_bridge,cz,temporal_slope,temporal
1,video_trial_delta,650,675,0.14813879132270813,lower_lip,aspect,quantile_90,temporal
1,video_trial_delta,651,776,0.14783558249473572,chin_center,area,quantile_10,temporal
1,video_trial_delta,652,587,0.14745129644870758,nose_alar_right,velocity_area,temporal_slope,temporal
1,video_trial_delta,653,209,0.14696365594863892,brow_right_outer,velocity_area,temporal_slope,temporal
1,video_trial_delta,654,342,0.1469009965658188,eye_right_upper,area,mean,temporal
1,video_trial_delta,655,361,0.14641287922859192,eye_right_upper,velocity_y,std,temporal
1,video_trial_delta,656,66,0.14571547508239746,brow_left_outer,cz,mean,temporal
1,video_trial_delta,657,650,0.14532463252544403,lower_lip,cx,quantile_10,temporal
1,video_trial_delta,658,897,0.14455977082252502,eye_left_lower,velocity_y,absolute_max,absolute_motion
1,video_trial_delta,659,133,0.14287440478801727,brow_right_inner,aspect,std,temporal
1,video_trial_delta,660,638,0.14286132156848907,upper_lip,velocity_area,quantile_10,temporal
1,video_trial_delta,661,260,0.14237189292907715,eye_left_upper,velocity_area,quantile_10,temporal
1,video_trial_delta,662,101,0.14216125011444092,brow_left_outer,velocity_area,temporal_slope,temporal
1,video_trial_delta,663,432,0.14201676845550537,nose_bridge,cx,mean,temporal
1,video_trial_delta,664,71,0.1414811760187149,brow_left_outer,cz,temporal_slope,temporal
1,video_trial_delta,665,23,0.1403147280216217,brow_left_inner,area,temporal_slope,temporal
1,video_trial_delta,666,788,0.14015954732894897,chin_center,velocity_x,quantile_10,temporal
1,video_trial_delta,667,912,0.13976092636585236,eye_right_upper,velocity_y,absolute_quantile_90,absolute_motion
1,video_trial_delta,668,954,0.13957913219928741,nose_alar_left,velocity_x,absolute_mean,absolute_motion
1,video_trial_delta,669,68,0.13947837054729462,brow_left_outer,cz,quantile_10,temporal
1,video_trial_delta,670,225,0.1391511708498001,eye_left_upper,cy,quantile_90,temporal
1,video_trial_delta,671,279,0.13912439346313477,eye_left_lower,cy,quantile_90,temporal
1,video_trial_delta,672,348,0.13843081891536713,eye_right_upper,aspect,mean,temporal
1,video_trial_delta,673,540,0.1372891664505005,nose_alar_right,cx,mean,temporal
1,video_trial_delta,674,321,0.1355794072151184,eye_left_lower,velocity_aspect,quantile_90,temporal
1,video_trial_delta,675,256,0.13494732975959778,eye_left_upper,velocity_y,late_minus_early,temporal
1,video_trial_delta,676,905,0.1344570368528366,eye_left_lower,velocity_aspect,absolute_max,absolute_motion
1,video_trial_delta,677,681,0.1344219446182251,lower_lip,velocity_x,quantile_90,temporal
1,video_trial_delta,678,116,0.13411228358745575,brow_right_inner,cy,quantile_10,temporal
1,video_trial_delta,679,928,0.13261301815509796,eye_right_lower,velocity_y,absolute_quantile_90,absolute_motion
1,video_trial_delta,680,47,0.13208884000778198,brow_left_inner,velocity_area,temporal_slope,temporal
1,video_trial_delta,681,331,0.13113677501678467,eye_right_upper,cy,std,temporal
1,video_trial_delta,682,292,0.13111649453639984,eye_left_lower,area,late_minus_early,temporal
1,video_trial_delta,683,329,0.13109903037548065,eye_right_upper,cx,temporal_slope,temporal
1,video_trial_delta,684,226,0.13031922280788422,eye_left_upper,cy,late_minus_early,temporal
1,video_trial_delta,685,177,0.1290828287601471,brow_right_outer,cz,quantile_90,temporal
1,video_trial_delta,686,119,0.12779849767684937,brow_right_inner,cy,temporal_slope,temporal
1,video_trial_delta,687,236,0.127389058470726,eye_left_upper,area,quantile_10,temporal
1,video_trial_delta,688,815,0.1270788311958313,brow_left_inner,velocity_y,absolute_std,absolute_motion
1,video_trial_delta,689,382,0.12698785960674286,eye_right_lower,cx,late_minus_early,temporal
1,video_trial_delta,690,821,0.12688769400119781,brow_left_inner,velocity_area,absolute_max,absolute_motion
1,video_trial_delta,691,203,0.12553124129772186,brow_right_outer,velocity_y,temporal_slope,temporal
1,video_trial_delta,692,846,0.12466699630022049,brow_right_inner,velocity_y,absolute_mean,absolute_motion
1,video_trial_delta,693,597,0.12456988543272018,upper_lip,cx,quantile_90,temporal
1,video_trial_delta,694,794,0.12427578866481781,chin_center,velocity_y,quantile_10,temporal
1,video_trial_delta,695,680,0.12381524592638016,lower_lip,velocity_x,quantile_10,temporal
1,video_trial_delta,696,293,0.1237054392695427,eye_left_lower,area,temporal_slope,temporal
1,video_trial_delta,697,506,0.12332311272621155,nose_alar_left,area,quantile_10,temporal
1,video_trial_delta,698,322,0.12192916125059128,eye_left_lower,velocity_aspect,late_minus_early,temporal
1,video_trial_delta,699,952,0.12166360765695572,nose_bridge,velocity_aspect,absolute_quantile_90,absolute_motion
1,video_trial_delta,700,782,0.12038516998291016,chin_center,aspect,quantile_10,temporal
1,video_trial_delta,701,253,0.11933691054582596,eye_left_upper,velocity_y,std,temporal
1,video_trial_delta,702,54,0.11880482733249664,brow_left_outer,cx,mean,temporal
1,video_trial_delta,703,702,0.11853480339050293,lip_corners,cx,mean,temporal
1,video_trial_delta,704,664,0.1168290227651596,lower_lip,cz,late_minus_early,temporal
1,video_trial_delta,705,428,0.11594359576702118,eye_right_lower,velocity_aspect,quantile_10,temporal
1,video_trial_delta,706,855,0.11562692373991013,brow_right_inner,velocity_aspect,absolute_std,absolute_motion
1,video_trial_delta,707,146,0.11481010913848877,brow_right_inner,velocity_y,quantile_10,temporal
1,video_trial_delta,708,472,0.11472132056951523,nose_bridge,velocity_y,late_minus_early,temporal
1,video_trial_delta,709,163,0.1134674996137619,brow_right_outer,cx,std,temporal
1,video_trial_delta,710,70,0.11312080919742584,brow_left_outer,cz,late_minus_early,temporal
1,video_trial_delta,711,416,0.10971410572528839,eye_right_lower,velocity_y,quantile_10,temporal
1,video_trial_delta,712,1040,0.10853053629398346,chin_center,velocity_y,absolute_quantile_90,absolute_motion
1,video_trial_delta,713,510,0.1085059642791748,nose_alar_left,aspect,mean,temporal
1,video_trial_delta,714,1031,0.10811121761798859,lip_corners,velocity_aspect,absolute_std,absolute_motion
1,video_trial_delta,715,756,0.1075347363948822,chin_center,cx,mean,temporal
1,video_trial_delta,716,118,0.10707426071166992,brow_right_inner,cy,late_minus_early,temporal
1,video_trial_delta,717,687,0.10673090070486069,lower_lip,velocity_y,quantile_90,temporal
1,video_trial_delta,718,673,0.10573504120111465,lower_lip,aspect,std,temporal
1,video_trial_delta,719,115,0.10426188260316849,brow_right_inner,cy,std,temporal
1,video_trial_delta,720,234,0.1020374670624733,eye_left_upper,area,mean,temporal
1,video_trial_delta,721,420,0.10189644247293472,eye_right_lower,velocity_area,mean,temporal
1,video_trial_delta,722,178,0.10149399191141129,brow_right_outer,cz,late_minus_early,temporal
1,video_trial_delta,723,1000,0.10141648352146149,upper_lip,velocity_aspect,absolute_quantile_90,absolute_motion
1,video_trial_delta,724,412,0.10130330175161362,eye_right_lower,velocity_x,late_minus_early,temporal
1,video_trial_delta,725,780,0.10076074302196503,chin_center,aspect,mean,temporal
1,video_trial_delta,726,1,0.10052385181188583,brow_left_inner,cx,std,temporal
1,video_trial_delta,727,1041,0.10008527338504791,chin_center,velocity_y,absolute_max,absolute_motion
1,video_trial_delta,728,418,0.09990034252405167,eye_right_lower,velocity_y,late_minus_early,temporal
1,video_trial_delta,729,643,0.09977946430444717,upper_lip,velocity_aspect,std,temporal
1,video_trial_delta,730,703,0.09956581890583038,lip_corners,cx,std,temporal
1,video_trial_delta,731,741,0.09943877160549164,lip_corners,velocity_y,quantile_90,temporal
1,video_trial_delta,732,772,0.09806840121746063,chin_center,cz,late_minus_early,temporal
1,video_trial_delta,733,881,0.09782268106937408,eye_left_upper,velocity_y,absolute_max,absolute_motion
1,video_trial_delta,734,991,0.09716516733169556,upper_lip,velocity_y,absolute_std,absolute_motion
1,video_trial_delta,735,583,0.09709387272596359,nose_alar_right,velocity_area,std,temporal
1,video_trial_delta,736,902,0.09613017737865448,eye_left_lower,velocity_aspect,absolute_mean,absolute_motion
1,video_trial_delta,737,372,0.09433970600366592,eye_right_upper,velocity_aspect,mean,temporal
1,video_trial_delta,738,929,0.09297642856836319,eye_right_lower,velocity_y,absolute_max,absolute_motion
1,video_trial_delta,739,844,0.09283505380153656,brow_right_inner,velocity_x,absolute_quantile_90,absolute_motion
1,video_trial_delta,740,362,0.09199963510036469,eye_right_upper,velocity_y,quantile_10,temporal
1,video_trial_delta,741,242,0.09180137515068054,eye_left_upper,aspect,quantile_10,temporal
1,video_trial_delta,742,635,0.09168554842472076,upper_lip,velocity_y,temporal_slope,temporal
1,video_trial_delta,743,829,0.09154664725065231,brow_left_outer,velocity_x,absolute_max,absolute_motion
1,video_trial_delta,744,486,0.09099361300468445,nose_alar_left,cx,mean,temporal
1,video_trial_delta,745,870,0.09085676074028015,brow_right_outer,velocity_aspect,absolute_mean,absolute_motion
1,video_trial_delta,746,757,0.09034104645252228,chin_center,cx,std,temporal
1,video_trial_delta,747,849,0.089713454246521,brow_right_inner,velocity_y,absolute_max,absolute_motion
1,video_trial_delta,748,315,0.08815876394510269,eye_left_lower,velocity_area,quantile_90,temporal
1,video_trial_delta,749,560,0.08810839802026749,nose_alar_right,area,quantile_10,temporal
1,video_trial_delta,750,556,0.08780423551797867,nose_alar_right,cz,late_minus_early,temporal
1,video_trial_delta,751,333,0.08776606619358063,eye_right_upper,cy,quantile_90,temporal
1,video_trial_delta,752,291,0.08553443104028702,eye_left_lower,area,quantile_90,temporal
1,video_trial_delta,753,383,0.08536287397146225,eye_right_lower,cx,temporal_slope,temporal
1,video_trial_delta,754,572,0.08494028449058533,nose_alar_right,velocity_x,quantile_10,temporal
1,video_trial_delta,755,140,0.0839967429637909,brow_right_inner,velocity_x,quantile_10,temporal
1,video_trial_delta,756,289,0.08340724557638168,eye_left_lower,area,std,temporal
1,video_trial_delta,757,786,0.08300423622131348,chin_center,velocity_x,mean,temporal
1,video_trial_delta,758,1046,0.08263300359249115,chin_center,velocity_aspect,absolute_mean,absolute_motion
1,video_trial_delta,759,701,0.08193350583314896,lower_lip,velocity_aspect,temporal_slope,temporal
1,video_trial_delta,760,550,0.0819329097867012,nose_alar_right,cy,late_minus_early,temporal
1,video_trial_delta,761,804,0.08175783604383469,chin_center,velocity_aspect,mean,temporal
1,video_trial_delta,762,875,0.08154357224702835,eye_left_upper,velocity_x,absolute_std,absolute_motion
1,video_trial_delta,763,288,0.08114748448133469,eye_left_lower,area,mean,temporal
1,video_trial_delta,764,876,0.08106138557195663,eye_left_upper,velocity_x,absolute_quantile_90,absolute_motion
1,video_trial_delta,765,1039,0.07975868880748749,chin_center,velocity_y,absolute_std,absolute_motion
1,video_trial_delta,766,215,0.07879025489091873,brow_right_outer,velocity_aspect,temporal_slope,temporal
1,video_trial_delta,767,895,0.07866626977920532,eye_left_lower,velocity_y,absolute_std,absolute_motion
1,video_trial_delta,768,480,0.07800176739692688,nose_bridge,velocity_aspect,mean,temporal
1,video_trial_delta,769,377,0.07739275693893433,eye_right_upper,velocity_aspect,temporal_slope,temporal
1,video_trial_delta,770,522,0.07702600955963135,nose_alar_left,velocity_y,mean,temporal
1,video_trial_delta,771,24,0.07640641927719116,brow_left_inner,aspect,mean,temporal
1,video_trial_delta,772,368,0.07633368670940399,eye_right_upper,velocity_area,quantile_10,temporal
1,video_trial_delta,773,12,0.0759192630648613,brow_left_inner,cz,mean,temporal
1,video_trial_delta,774,943,0.07501953840255737,nose_bridge,velocity_y,absolute_std,absolute_motion
1,video_trial_delta,775,692,0.07490383833646774,lower_lip,velocity_area,quantile_10,temporal
1,video_trial_delta,776,304,0.07451498508453369,eye_left_lower,velocity_x,late_minus_early,temporal
1,video_trial_delta,777,216,0.0740966796875,eye_left_upper,cx,mean,temporal
1,video_trial_delta,778,751,0.0739067867398262,lip_corners,velocity_aspect,std,temporal
1,video_trial_delta,779,527,0.07341208308935165,nose_alar_left,velocity_y,temporal_slope,temporal
1,video_trial_delta,780,549,0.07292871177196503,nose_alar_right,cy,quantile_90,temporal
1,video_trial_delta,781,502,0.07282497733831406,nose_alar_left,cz,late_minus_early,temporal
1,video_trial_delta,782,977,0.0722428411245346,nose_alar_right,velocity_y,absolute_max,absolute_motion
1,video_trial_delta,783,138,0.07211346179246902,brow_right_inner,velocity_x,mean,temporal
1,video_trial_delta,784,558,0.07191149890422821,nose_alar_right,area,mean,temporal
1,video_trial_delta,785,588,0.07188795506954193,nose_alar_right,velocity_aspect,mean,temporal
1,video_trial_delta,786,89,0.07171803712844849,brow_left_outer,velocity_x,temporal_slope,temporal
1,video_trial_delta,787,850,0.07153483480215073,brow_right_inner,velocity_area,absolute_mean,absolute_motion
1,video_trial_delta,788,833,0.06726894527673721,brow_left_outer,velocity_y,absolute_max,absolute_motion
1,video_trial_delta,789,619,0.06700355559587479,upper_lip,aspect,std,temporal
1,video_trial_delta,790,845,0.06567353755235672,brow_right_inner,velocity_x,absolute_max,absolute_motion
1,video_trial_delta,791,96,0.06526195257902145,brow_left_outer,velocity_area,mean,temporal
1,video_trial_delta,792,625,0.06488640606403351,upper_lip,velocity_x,std,temporal
1,video_trial_delta,793,961,0.0647984966635704,nose_alar_left,velocity_y,absolute_max,absolute_motion
1,video_trial_delta,794,201,0.0642598420381546,brow_right_outer,velocity_y,quantile_90,temporal
1,video_trial_delta,795,442,0.0641200914978981,nose_bridge,cy,late_minus_early,temporal
1,video_trial_delta,796,918,0.06331217288970947,eye_right_upper,velocity_aspect,absolute_mean,absolute_motion
1,video_trial_delta,797,235,0.06321116536855698,eye_left_upper,area,std,temporal
1,video_trial_delta,798,936,0.062390584498643875,eye_right_lower,velocity_aspect,absolute_quantile_90,absolute_motion
1,video_trial_delta,799,324,0.06233080476522446,eye_right_upper,cx,mean,temporal
1,video_trial_delta,800,866,0.06161053851246834,brow_right_outer,velocity_area,absolute_mean,absolute_motion
1,video_trial_delta,801,1012,0.05926388502120972,lower_lip,velocity_area,absolute_quantile_90,absolute_motion
1,video_trial_delta,802,145,0.05825948715209961,brow_right_inner,velocity_y,std,temporal
1,video_trial_delta,803,742,0.057922396808862686,lip_corners,velocity_y,late_minus_early,temporal
1,video_trial_delta,804,1049,0.05751144886016846,chin_center,velocity_aspect,absolute_max,absolute_motion
1,video_trial_delta,805,400,0.05737533047795296,eye_right_lower,area,late_minus_early,temporal
1,video_trial_delta,806,981,0.057023484259843826,nose_alar_right,velocity_area,absolute_max,absolute_motion
1,video_trial_delta,807,278,0.056744493544101715,eye_left_lower,cy,quantile_10,temporal
1,video_trial_delta,808,752,0.05638750270009041,lip_corners,velocity_aspect,quantile_10,temporal
1,video_trial_delta,809,157,0.05554575473070145,brow_right_inner,velocity_aspect,std,temporal
1,video_trial_delta,810,380,0.0553642176091671,eye_right_lower,cx,quantile_10,temporal
1,video_trial_delta,811,224,0.055359818041324615,eye_left_upper,cy,quantile_10,temporal
1,video_trial_delta,812,639,0.055290352553129196,upper_lip,velocity_area,quantile_90,temporal
1,video_trial_delta,813,208,0.05478912591934204,brow_right_outer,velocity_area,late_minus_early,temporal
1,video_trial_delta,814,528,0.05444736406207085,nose_alar_left,velocity_area,mean,temporal
1,video_trial_delta,815,3,0.05400514975190163,brow_left_inner,cx,quantile_90,temporal
1,video_trial_delta,816,575,0.05398581176996231,nose_alar_right,velocity_x,temporal_slope,temporal
1,video_trial_delta,817,753,0.0538497194647789,lip_corners,velocity_aspect,quantile_90,temporal
1,video_trial_delta,818,438,0.05357954278588295,nose_bridge,cy,mean,temporal
1,video_trial_delta,819,911,0.05208702012896538,eye_right_upper,velocity_y,absolute_std,absolute_motion
1,video_trial_delta,820,30,0.04926873743534088,brow_left_inner,velocity_x,mean,temporal
1,video_trial_delta,821,1030,0.04901856556534767,lip_corners,velocity_aspect,absolute_mean,absolute_motion
1,video_trial_delta,822,1010,0.04845112934708595,lower_lip,velocity_area,absolute_mean,absolute_motion
1,video_trial_delta,823,593,0.047877248376607895,nose_alar_right,velocity_aspect,temporal_slope,temporal
1,video_trial_delta,824,837,0.04701460525393486,brow_left_outer,velocity_area,absolute_max,absolute_motion
1,video_trial_delta,825,668,0.04681915417313576,lower_lip,area,quantile_10,temporal
1,video_trial_delta,826,1045,0.04628223180770874,chin_center,velocity_area,absolute_max,absolute_motion
1,video_trial_delta,827,979,0.04467799514532089,nose_alar_right,velocity_area,absolute_std,absolute_motion
1,video_trial_delta,828,564,0.044403985142707825,nose_alar_right,aspect,mean,temporal
1,video_trial_delta,829,1001,0.043783824890851974,upper_lip,velocity_aspect,absolute_max,absolute_motion
1,video_trial_delta,830,483,0.042578957974910736,nose_bridge,velocity_aspect,quantile_90,temporal
1,video_trial_delta,831,387,0.04235817492008209,eye_right_lower,cy,quantile_90,temporal
1,video_trial_delta,832,700,0.0412595234811306,lower_lip,velocity_aspect,late_minus_early,temporal
1,video_trial_delta,833,957,0.04051978886127472,nose_alar_left,velocity_x,absolute_max,absolute_motion
1,video_trial_delta,834,448,0.04044293984770775,nose_bridge,cz,late_minus_early,temporal
1,video_trial_delta,835,1032,0.0401344820857048,lip_corners,velocity_aspect,absolute_quantile_90,absolute_motion
1,video_trial_delta,836,373,0.040093354880809784,eye_right_upper,velocity_aspect,std,temporal
1,video_trial_delta,837,60,0.040002766996622086,brow_left_outer,cy,mean,temporal
1,video_trial_delta,838,959,0.03990883380174637,nose_alar_left,velocity_y,absolute_std,absolute_motion
1,video_trial_delta,839,790,0.03980647772550583,chin_center,velocity_x,late_minus_early,temporal
1,video_trial_delta,840,443,0.03948422521352768,nose_bridge,cy,temporal_slope,temporal
1,video_trial_delta,841,519,0.03939294442534447,nose_alar_left,velocity_x,quantile_90,temporal
1,video_trial_delta,842,61,0.03886058181524277,brow_left_outer,cy,std,temporal
1,video_trial_delta,843,337,0.03798393905162811,eye_right_upper,cz,std,temporal
1,video_trial_delta,844,391,0.037572816014289856,eye_right_lower,cz,std,temporal
1,video_trial_delta,845,28,0.037490662187337875,brow_left_inner,aspect,late_minus_early,temporal
1,video_trial_delta,846,914,0.03740702569484711,eye_right_upper,velocity_area,absolute_mean,absolute_motion
1,video_trial_delta,847,951,0.0373106449842453,nose_bridge,velocity_aspect,absolute_std,absolute_motion
1,video_trial_delta,848,384,0.03629446402192116,eye_right_lower,cy,mean,temporal
1,video_trial_delta,849,893,0.03612275421619415,eye_left_lower,velocity_x,absolute_max,absolute_motion
1,video_trial_delta,850,371,0.03586587309837341,eye_right_upper,velocity_area,temporal_slope,temporal
1,video_trial_delta,851,149,0.035462137311697006,brow_right_inner,velocity_y,temporal_slope,temporal
1,video_trial_delta,852,672,0.03502405062317848,lower_lip,aspect,mean,temporal
1,video_trial_delta,853,344,0.03395461291074753,eye_right_upper,area,quantile_10,temporal
1,video_trial_delta,854,397,0.033388301730155945,eye_right_lower,area,std,temporal
1,video_trial_delta,855,576,0.033140745013952255,nose_alar_right,velocity_y,mean,temporal
1,video_trial_delta,856,106,0.03308377414941788,brow_left_outer,velocity_aspect,late_minus_early,temporal
1,video_trial_delta,857,551,0.03241385519504547,nose_alar_right,cy,temporal_slope,temporal
1,video_trial_delta,858,474,0.032393958419561386,nose_bridge,velocity_area,mean,temporal
1,video_trial_delta,859,13,0.03208009898662567,brow_left_inner,cz,std,temporal
1,video_trial_delta,860,693,0.03126419335603714,lower_lip,velocity_area,quantile_90,temporal
1,video_trial_delta,861,263,0.031216362491250038,eye_left_upper,velocity_area,temporal_slope,temporal
1,video_trial_delta,862,633,0.030590003356337547,upper_lip,velocity_y,quantile_90,temporal
1,video_trial_delta,863,214,0.030337831005454063,brow_right_outer,velocity_aspect,late_minus_early,temporal
1,video_trial_delta,864,22,0.02967110276222229,brow_left_inner,area,late_minus_early,temporal
1,video_trial_delta,865,674,0.02814948558807373,lower_lip,aspect,quantile_10,temporal
1,video_trial_delta,866,921,0.027822179719805717,eye_right_upper,velocity_aspect,absolute_max,absolute_motion
1,video_trial_delta,867,482,0.02605355903506279,nose_bridge,velocity_aspect,quantile_10,temporal
1,video_trial_delta,868,856,0.025858815759420395,brow_right_inner,velocity_aspect,absolute_quantile_90,absolute_motion
1,video_trial_delta,869,332,0.025781352072954178,eye_right_upper,cy,quantile_10,temporal
1,video_trial_delta,870,495,0.02570880390703678,nose_alar_left,cy,quantile_90,temporal
1,video_trial_delta,871,567,0.02563510462641716,nose_alar_right,aspect,quantile_90,temporal
1,video_trial_delta,872,518,0.02560083009302616,nose_alar_left,velocity_x,quantile_10,temporal
1,video_trial_delta,873,151,0.025571972131729126,brow_right_inner,velocity_area,std,temporal
1,video_trial_delta,874,230,0.024989929050207138,eye_left_upper,cz,quantile_10,temporal
1,video_trial_delta,875,266,0.024853913113474846,eye_left_upper,velocity_aspect,quantile_10,temporal
1,video_trial_delta,876,109,0.024564439430832863,brow_right_inner,cx,std,temporal
1,video_trial_delta,877,688,0.024157391861081123,lower_lip,velocity_y,late_minus_early,temporal
1,video_trial_delta,878,338,0.02407165803015232,eye_right_upper,cz,quantile_10,temporal
1,video_trial_delta,879,176,0.023678282275795937,brow_right_outer,cz,quantile_10,temporal
1,video_trial_delta,880,237,0.023666827008128166,eye_left_upper,area,quantile_90,temporal
1,video_trial_delta,881,859,0.023522892966866493,brow_right_outer,velocity_x,absolute_std,absolute_motion
1,video_trial_delta,882,211,0.023277079686522484,brow_right_outer,velocity_aspect,std,temporal
1,video_trial_delta,883,504,0.023119179531931877,nose_alar_left,area,mean,temporal
1,video_trial_delta,884,296,0.02299473248422146,eye_left_lower,aspect,quantile_10,temporal
1,video_trial_delta,885,0,0.02295629493892193,brow_left_inner,cx,mean,temporal
1,video_trial_delta,886,530,0.022761302068829536,nose_alar_left,velocity_area,quantile_10,temporal
1,video_trial_delta,887,489,0.022488951683044434,nose_alar_left,cx,quantile_90,temporal
1,video_trial_delta,888,319,0.022279543802142143,eye_left_lower,velocity_aspect,std,temporal
1,video_trial_delta,889,196,0.0222152229398489,brow_right_outer,velocity_x,late_minus_early,temporal
1,video_trial_delta,890,728,0.022076131775975227,lip_corners,aspect,quantile_10,temporal
1,video_trial_delta,891,861,0.021310843527317047,brow_right_outer,velocity_x,absolute_max,absolute_motion
1,video_trial_delta,892,987,0.02110515721142292,upper_lip,velocity_x,absolute_std,absolute_motion
1,video_trial_delta,893,454,0.02105558291077614,nose_bridge,area,late_minus_early,temporal
1,video_trial_delta,894,594,0.02056114561855793,upper_lip,cx,mean,temporal
1,video_trial_delta,895,862,0.020485183224081993,brow_right_outer,velocity_y,absolute_mean,absolute_motion
1,video_trial_delta,896,339,0.02001904509961605,eye_right_upper,cz,quantile_90,temporal
1,video_trial_delta,897,467,0.019207295030355453,nose_bridge,velocity_x,temporal_slope,temporal
1,video_trial_delta,898,1004,0.019166717305779457,lower_lip,velocity_x,absolute_quantile_90,absolute_motion
1,video_trial_delta,899,999,0.018978290259838104,upper_lip,velocity_aspect,absolute_std,absolute_motion
1,video_trial_delta,900,743,0.01895042508840561,lip_corners,velocity_y,temporal_slope,temporal
1,video_trial_delta,901,198,0.01849128119647503,brow_right_outer,velocity_y,mean,temporal
1,video_trial_delta,902,283,0.0182297732681036,eye_left_lower,cz,std,temporal
1,video_trial_delta,903,927,0.018212804570794106,eye_right_lower,velocity_y,absolute_std,absolute_motion
1,video_trial_delta,904,793,0.018168918788433075,chin_center,velocity_y,std,temporal
1,video_trial_delta,905,374,0.017453625798225403,eye_right_upper,velocity_aspect,quantile_10,temporal
1,video_trial_delta,906,276,0.017382092773914337,eye_left_lower,cy,mean,temporal
1,video_trial_delta,907,860,0.017084402963519096,brow_right_outer,velocity_x,absolute_quantile_90,absolute_motion
1,video_trial_delta,908,399,0.017074767500162125,eye_right_lower,area,quantile_90,temporal
1,video_trial_delta,909,441,0.01663859374821186,nose_bridge,cy,quantile_90,temporal
1,video_trial_delta,910,64,0.016226360574364662,brow_left_outer,cy,late_minus_early,temporal
1,video_trial_delta,911,533,0.016156913712620735,nose_alar_left,velocity_area,temporal_slope,temporal
1,video_trial_delta,912,817,0.01526529062539339,brow_left_inner,velocity_y,absolute_max,absolute_motion
1,video_trial_delta,913,159,0.015194179490208626,brow_right_inner,velocity_aspect,quantile_90,temporal
1,video_trial_delta,914,624,0.015057802200317383,upper_lip,velocity_x,mean,temporal
1,video_trial_delta,915,29,0.014987222850322723,brow_left_inner,aspect,temporal_slope,temporal
1,video_trial_delta,916,538,0.014431338757276535,nose_alar_left,velocity_aspect,late_minus_early,temporal
1,video_trial_delta,917,243,0.013503051362931728,eye_left_upper,aspect,quantile_90,temporal
1,video_trial_delta,918,453,0.013485118746757507,nose_bridge,area,quantile_90,temporal
1,video_trial_delta,919,843,0.012904053553938866,brow_right_inner,velocity_x,absolute_std,absolute_motion
1,video_trial_delta,920,18,0.012822085991501808,brow_left_inner,area,mean,temporal
1,video_trial_delta,921,155,0.012780138291418552,brow_right_inner,velocity_area,temporal_slope,temporal
1,video_trial_delta,922,580,0.01236316654831171,nose_alar_right,velocity_y,late_minus_early,temporal
1,video_trial_delta,923,919,0.012290875427424908,eye_right_upper,velocity_aspect,absolute_std,absolute_motion
1,video_trial_delta,924,513,0.012163017876446247,nose_alar_left,aspect,quantile_90,temporal
1,video_trial_delta,925,42,0.012127351947128773,brow_left_inner,velocity_area,mean,temporal
1,video_trial_delta,926,282,0.011907758191227913,eye_left_lower,cz,mean,temporal
1,video_trial_delta,927,842,0.011694299057126045,brow_right_inner,velocity_x,absolute_mean,absolute_motion
1,video_trial_delta,928,14,0.011186677031219006,brow_left_inner,cz,quantile_10,temporal
1,video_trial_delta,929,854,0.010842906311154366,brow_right_inner,velocity_aspect,absolute_mean,absolute_motion
1,video_trial_delta,930,244,0.010704243555665016,eye_left_upper,aspect,late_minus_early,temporal
1,video_trial_delta,931,252,0.009739943780004978,eye_left_upper,velocity_y,mean,temporal
1,video_trial_delta,932,269,0.009377441368997097,eye_left_upper,velocity_aspect,temporal_slope,temporal
1,video_trial_delta,933,439,0.009013429284095764,nose_bridge,cy,std,temporal
1,video_trial_delta,934,245,0.008984645828604698,eye_left_upper,aspect,temporal_slope,temporal
1,video_trial_delta,935,732,0.008648726157844067,lip_corners,velocity_x,mean,temporal
1,video_trial_delta,936,67,0.008356491103768349,brow_left_outer,cz,std,temporal
1,video_trial_delta,937,17,0.008216142654418945,brow_left_inner,cz,temporal_slope,temporal
1,video_trial_delta,938,644,0.007958807982504368,upper_lip,velocity_aspect,quantile_10,temporal
1,video_trial_delta,939,81,0.007303928025066853,brow_left_outer,aspect,quantile_90,temporal
1,video_trial_delta,940,375,0.007266681175678968,eye_right_upper,velocity_aspect,quantile_90,temporal
1,video_trial_delta,941,222,0.007200037129223347,eye_left_upper,cy,mean,temporal
1,video_trial_delta,942,851,0.007184892427176237,brow_right_inner,velocity_area,absolute_std,absolute_motion
1,video_trial_delta,943,863,0.007160130422562361,brow_right_outer,velocity_y,absolute_std,absolute_motion
1,video_trial_delta,944,336,0.007102917414158583,eye_right_upper,cz,mean,temporal
1,video_trial_delta,945,193,0.00680681224912405,brow_right_outer,velocity_x,std,temporal
1,video_trial_delta,946,306,0.006540257018059492,eye_left_lower,velocity_y,mean,temporal
1,video_trial_delta,947,426,0.0063752708956599236,eye_right_lower,velocity_aspect,mean,temporal
1,video_trial_delta,948,1002,0.0063520874828100204,lower_lip,velocity_x,absolute_mean,absolute_motion
1,video_trial_delta,949,865,0.006347327958792448,brow_right_outer,velocity_y,absolute_max,absolute_motion
1,video_trial_delta,950,396,0.006222252268344164,eye_right_lower,area,mean,temporal
1,video_trial_delta,951,195,0.006084450986236334,brow_right_outer,velocity_x,quantile_90,temporal
1,video_trial_delta,952,144,0.005919313989579678,brow_right_inner,velocity_y,mean,temporal
1,video_trial_delta,953,5,0.005845735780894756,brow_left_inner,cx,temporal_slope,temporal
1,video_trial_delta,954,408,0.005706503987312317,eye_right_lower,velocity_x,mean,temporal
1,video_trial_delta,955,352,0.005700674839317799,eye_right_upper,aspect,late_minus_early,temporal
1,video_trial_delta,956,806,0.005337483249604702,chin_center,velocity_aspect,quantile_10,temporal
1,video_trial_delta,957,689,0.005186858586966991,lower_lip,velocity_y,temporal_slope,temporal
1,video_trial_delta,958,515,0.005097849760204554,nose_alar_left,aspect,temporal_slope,temporal
1,video_trial_delta,959,864,0.005037011578679085,brow_right_outer,velocity_y,absolute_quantile_90,absolute_motion
1,video_trial_delta,960,218,0.004814082756638527,eye_left_upper,cx,quantile_10,temporal
1,video_trial_delta,961,796,0.004591549746692181,chin_center,velocity_y,late_minus_early,temporal
1,video_trial_delta,962,312,0.004553840029984713,eye_left_lower,velocity_area,mean,temporal
1,video_trial_delta,963,427,0.004412297625094652,eye_right_lower,velocity_aspect,std,temporal
1,video_trial_delta,964,46,0.004329340066760778,brow_left_inner,velocity_area,late_minus_early,temporal
1,video_trial_delta,965,56,0.004171294625848532,brow_left_outer,cx,quantile_10,temporal
1,video_trial_delta,966,481,0.003999120090156794,nose_bridge,velocity_aspect,std,temporal
1,video_trial_delta,967,468,0.003875945694744587,nose_bridge,velocity_y,mean,temporal
1,video_trial_delta,968,123,0.0038505163975059986,brow_right_inner,cz,quantile_90,temporal
1,video_trial_delta,969,1019,0.003710513236001134,lip_corners,velocity_x,absolute_std,absolute_motion
1,video_trial_delta,970,16,0.0035032148007303476,brow_left_inner,cz,late_minus_early,temporal
1,video_trial_delta,971,920,0.003437903942540288,eye_right_upper,velocity_aspect,absolute_quantile_90,absolute_motion
1,video_trial_delta,972,950,0.0031901600304991007,nose_bridge,velocity_aspect,absolute_mean,absolute_motion
1,video_trial_delta,973,2,0.00303509458899498,brow_left_inner,cx,quantile_10,temporal
1,video_trial_delta,974,847,0.0029425991233438253,brow_right_inner,velocity_y,absolute_std,absolute_motion
1,video_trial_delta,975,111,0.002774718450382352,brow_right_inner,cx,quantile_90,temporal
1,video_trial_delta,976,174,0.0027679044287651777,brow_right_outer,cz,mean,temporal
1,video_trial_delta,977,521,0.0025222001131623983,nose_alar_left,velocity_x,temporal_slope,temporal
1,video_trial_delta,978,429,0.002515865722671151,eye_right_lower,velocity_aspect,quantile_90,temporal
1,video_trial_delta,979,354,0.0023590156342834234,eye_right_upper,velocity_x,mean,temporal
1,video_trial_delta,980,679,0.002118318108841777,lower_lip,velocity_x,std,temporal
1,video_trial_delta,981,169,0.002043365500867367,brow_right_outer,cy,std,temporal
1,video_trial_delta,982,360,0.0019740734715014696,eye_right_upper,velocity_y,mean,temporal
1,video_trial_delta,983,350,0.0019699404947459698,eye_right_upper,aspect,quantile_10,temporal
1,video_trial_delta,984,647,0.0018545271595939994,upper_lip,velocity_aspect,temporal_slope,temporal
1,video_trial_delta,985,285,0.0017990386113524437,eye_left_lower,cz,quantile_90,temporal
1,video_trial_delta,986,543,0.0016214469214901328,nose_alar_right,cx,quantile_90,temporal
1,video_trial_delta,987,171,0.00142903090454638,brow_right_outer,cy,quantile_90,temporal
1,video_trial_delta,988,154,0.0013765451731160283,brow_right_inner,velocity_area,late_minus_early,temporal
1,video_trial_delta,989,240,0.0013714840169996023,eye_left_upper,aspect,mean,temporal
1,video_trial_delta,990,1003,0.0012816633097827435,lower_lip,velocity_x,absolute_std,absolute_motion
1,video_trial_delta,991,736,0.0012245194520801306,lip_corners,velocity_x,late_minus_early,temporal
1,video_trial_delta,992,393,0.0011848090216517448,eye_right_lower,cz,quantile_90,temporal
1,video_trial_delta,993,871,0.001103631453588605,brow_right_outer,velocity_aspect,absolute_std,absolute_motion
1,video_trial_delta,994,783,0.0009622923098504543,chin_center,aspect,quantile_90,temporal
1,video_trial_delta,995,228,0.0009574879077263176,eye_left_upper,cz,mean,temporal
1,video_trial_delta,996,414,0.0007603385020047426,eye_right_lower,velocity_y,mean,temporal
1,video_trial_delta,997,175,0.0007122296374291182,brow_right_outer,cz,std,temporal
1,video_trial_delta,998,903,0.0006745606660842896,eye_left_lower,velocity_aspect,absolute_std,absolute_motion
1,video_trial_delta,999,330,0.0006516858702525496,eye_right_upper,cy,mean,temporal
1,video_trial_delta,1000,4,0.0005986744654364884,brow_left_inner,cx,late_minus_early,temporal
1,video_trial_delta,1001,90,0.0005528821493498981,brow_left_outer,velocity_y,mean,temporal
1,video_trial_delta,1002,401,0.0005440295208245516,eye_right_lower,area,temporal_slope,temporal
1,video_trial_delta,1003,452,0.000495055690407753,nose_bridge,area,quantile_10,temporal
1,video_trial_delta,1004,1038,0.00046956841833889484,chin_center,velocity_y,absolute_mean,absolute_motion
1,video_trial_delta,1005,20,0.0004062577791046351,brow_left_inner,area,quantile_10,temporal
1,video_trial_delta,1006,534,0.0003664328542072326,nose_alar_left,velocity_aspect,mean,temporal
1,video_trial_delta,1007,390,0.0003197118639945984,eye_right_lower,cz,mean,temporal
1,video_trial_delta,1008,646,0.0002439792879158631,upper_lip,velocity_aspect,late_minus_early,temporal
1,video_trial_delta,1009,879,0.00023594696540385485,eye_left_upper,velocity_y,absolute_std,absolute_motion
1,video_trial_delta,1010,139,0.00019735298701561987,brow_right_inner,velocity_x,std,temporal
1,video_trial_delta,1011,284,0.0001941708760568872,eye_left_lower,cz,quantile_10,temporal
1,video_trial_delta,1012,451,0.00019212023471482098,nose_bridge,area,std,temporal
1,video_trial_delta,1013,403,0.00019140167569275945,eye_right_lower,aspect,std,temporal
1,video_trial_delta,1014,199,0.0001573312474647537,brow_right_outer,velocity_y,std,temporal
1,video_trial_delta,1015,450,0.00015157772577367723,nose_bridge,area,mean,temporal
1,video_trial_delta,1016,91,0.00013264598965179175,brow_left_outer,velocity_y,std,temporal
1,video_trial_delta,1017,353,0.00012245676771271974,eye_right_upper,aspect,temporal_slope,temporal
1,video_trial_delta,1018,484,0.00010824949276866391,nose_bridge,velocity_aspect,late_minus_early,temporal
1,video_trial_delta,1019,787,0.00010378459410276264,chin_center,velocity_x,std,temporal
1,video_trial_delta,1020,514,0.0001002962890197523,nose_alar_left,aspect,late_minus_early,temporal
1,video_trial_delta,1021,65,7.769151125103235e-05,brow_left_outer,cy,temporal_slope,temporal
1,video_trial_delta,1022,435,6.51652881060727e-05,nose_bridge,cx,quantile_90,temporal
1,video_trial_delta,1023,327,5.785505709354766e-05,eye_right_upper,cx,quantile_90,temporal
1,video_trial_delta,1024,48,5.6048134865704924e-05,brow_left_inner,velocity_aspect,mean,temporal
1,video_trial_delta,1025,628,5.057194357505068e-05,upper_lip,velocity_x,late_minus_early,temporal
1,video_trial_delta,1026,759,3.276194547652267e-05,chin_center,cx,quantile_90,temporal
1,video_trial_delta,1027,492,2.6307174266548827e-05,nose_alar_left,cy,mean,temporal
1,video_trial_delta,1028,858,2.1478783310158178e-05,brow_right_outer,velocity_x,absolute_mean,absolute_motion
1,video_trial_delta,1029,546,1.6524078091606498e-05,nose_alar_right,cy,mean,temporal
1,video_trial_delta,1030,960,1.472712119721109e-05,nose_alar_left,velocity_y,absolute_quantile_90,absolute_motion
1,video_trial_delta,1031,1043,1.019420142256422e-05,chin_center,velocity_area,absolute_std,absolute_motion
1,video_trial_delta,1032,705,9.439601853955537e-06,lip_corners,cx,quantile_90,temporal
1,video_trial_delta,1033,848,8.535631650374853e-07,brow_right_inner,velocity_y,absolute_quantile_90,absolute_motion
1,video_trial_delta,1034,913,1.0943784900518949e-07,eye_right_upper,velocity_y,absolute_max,absolute_motion
1,video_water_delta,1,170,5.327407360076904,brow_right_outer,cy,quantile_10,temporal
1,video_water_delta,2,127,4.645551681518555,brow_right_inner,area,std,temporal
1,video_water_delta,3,38,4.49099588394165,brow_left_inner,velocity_y,quantile_10,temporal
1,video_water_delta,4,326,4.455556392669678,eye_right_upper,cx,quantile_10,temporal
1,video_water_delta,5,814,4.246402740478516,brow_left_inner,velocity_y,absolute_mean,absolute_motion
1,video_water_delta,6,169,3.977277994155884,brow_right_outer,cy,std,temporal
1,video_water_delta,7,811,3.7610504627227783,brow_left_inner,velocity_x,absolute_std,absolute_motion
1,video_water_delta,8,39,3.758169174194336,brow_left_inner,velocity_y,quantile_90,temporal
1,video_water_delta,9,129,3.7053630352020264,brow_right_inner,area,quantile_90,temporal
1,video_water_delta,10,115,3.6122031211853027,brow_right_inner,cy,std,temporal
1,video_water_delta,11,381,3.495140790939331,eye_right_lower,cx,quantile_90,temporal
1,video_water_delta,12,40,3.3051021099090576,brow_left_inner,velocity_y,late_minus_early,temporal
1,video_water_delta,13,816,3.2780752182006836,brow_left_inner,velocity_y,absolute_quantile_90,absolute_motion
1,video_water_delta,14,853,3.0742807388305664,brow_right_inner,velocity_area,absolute_max,absolute_motion
1,video_water_delta,15,31,3.0502994060516357,brow_left_inner,velocity_x,std,temporal
1,video_water_delta,16,37,2.965421676635742,brow_left_inner,velocity_y,std,temporal
1,video_water_delta,17,999,2.9650726318359375,upper_lip,velocity_aspect,absolute_std,absolute_motion
1,video_water_delta,18,379,2.8753530979156494,eye_right_lower,cx,std,temporal
1,video_water_delta,19,190,2.8131778240203857,brow_right_outer,aspect,late_minus_early,temporal
1,video_water_delta,20,400,2.803426504135132,eye_right_lower,area,late_minus_early,temporal
1,video_water_delta,21,652,2.799187183380127,lower_lip,cx,late_minus_early,temporal
1,video_water_delta,22,291,2.7973978519439697,eye_left_lower,area,quantile_90,temporal
1,video_water_delta,23,325,2.794468879699707,eye_right_upper,cx,std,temporal
1,video_water_delta,24,324,2.770822525024414,eye_right_upper,cx,mean,temporal
1,video_water_delta,25,825,2.763598680496216,brow_left_inner,velocity_aspect,absolute_max,absolute_motion
1,video_water_delta,26,116,2.721139430999756,brow_right_inner,cy,quantile_10,temporal
1,video_water_delta,27,646,2.6931278705596924,upper_lip,velocity_aspect,late_minus_early,temporal
1,video_water_delta,28,386,2.6784863471984863,eye_right_lower,cy,quantile_10,temporal
1,video_water_delta,29,474,2.6306447982788086,nose_bridge,velocity_area,mean,temporal
1,video_water_delta,30,33,2.571561336517334,brow_left_inner,velocity_x,quantile_90,temporal
1,video_water_delta,31,181,2.569715738296509,brow_right_outer,area,std,temporal
1,video_water_delta,32,378,2.545853853225708,eye_right_lower,cx,mean,temporal
2,video_raw,1,1017,8.877970695495605,lower_lip,velocity_aspect,absolute_max,absolute_motion
2,video_raw,2,356,7.636322021484375,eye_right_upper,velocity_x,quantile_10,temporal
2,video_raw,3,460,6.940690517425537,nose_bridge,aspect,late_minus_early,temporal
2,video_raw,4,461,6.390770435333252,nose_bridge,aspect,temporal_slope,temporal
2,video_raw,5,411,6.060782432556152,eye_right_lower,velocity_x,quantile_90,temporal
2,video_raw,6,423,5.761725902557373,eye_right_lower,velocity_area,quantile_90,temporal
2,video_raw,7,357,5.359057426452637,eye_right_upper,velocity_x,quantile_90,temporal
2,video_raw,8,147,4.878909111022949,brow_right_inner,velocity_y,quantile_90,temporal
2,video_raw,9,932,4.859654903411865,eye_right_lower,velocity_area,absolute_quantile_90,absolute_motion
2,video_raw,10,782,4.706386089324951,chin_center,aspect,quantile_10,temporal
2,video_raw,11,823,4.699374198913574,brow_left_inner,velocity_aspect,absolute_std,absolute_motion
2,video_raw,12,726,4.670156478881836,lip_corners,aspect,mean,temporal
2,video_raw,13,303,4.601147174835205,eye_left_lower,velocity_x,quantile_90,temporal
2,video_raw,14,729,4.588058948516846,lip_corners,aspect,quantile_90,temporal
2,video_raw,15,969,4.580544471740723,nose_alar_left,velocity_aspect,absolute_max,absolute_motion
2,video_raw,16,174,4.54586124420166,brow_right_outer,cz,mean,temporal
2,video_raw,17,780,4.416355609893799,chin_center,aspect,mean,temporal
2,video_raw,18,176,4.276791572570801,brow_right_outer,cz,quantile_10,temporal
2,video_raw,19,25,4.254486560821533,brow_left_inner,aspect,std,temporal
2,video_raw,20,282,4.116785526275635,eye_left_lower,cz,mean,temporal
2,video_raw,21,49,4.095942974090576,brow_left_inner,velocity_aspect,std,temporal
2,video_raw,22,750,4.085594654083252,lip_corners,velocity_aspect,mean,temporal
2,video_raw,23,825,3.874873638153076,brow_left_inner,velocity_aspect,absolute_max,absolute_motion
2,video_raw,24,120,3.7510123252868652,brow_right_inner,cz,mean,temporal
2,video_raw,25,285,3.731311321258545,eye_left_lower,cz,quantile_90,temporal
2,video_raw,26,422,3.700392246246338,eye_right_lower,velocity_area,quantile_10,temporal
2,video_raw,27,410,3.656751871109009,eye_right_lower,velocity_x,quantile_10,temporal
2,video_raw,28,336,3.655164957046509,eye_right_upper,cz,mean,temporal
2,video_raw,29,50,3.646937131881714,brow_left_inner,velocity_aspect,quantile_10,temporal
2,video_raw,30,831,3.638744354248047,brow_left_outer,velocity_y,absolute_std,absolute_motion
2,video_raw,31,915,3.6214890480041504,eye_right_upper,velocity_area,absolute_std,absolute_motion
2,video_raw,32,143,3.594041585922241,brow_right_inner,velocity_x,temporal_slope,temporal
2,video_raw,33,931,3.565272569656372,eye_right_lower,velocity_area,absolute_std,absolute_motion
2,video_raw,34,804,3.5087637901306152,chin_center,velocity_aspect,mean,temporal
2,video_raw,35,390,3.4429452419281006,eye_right_lower,cz,mean,temporal
2,video_raw,36,636,3.4018971920013428,upper_lip,velocity_area,mean,temporal
2,video_raw,37,421,3.3337881565093994,eye_right_lower,velocity_area,std,temporal
2,video_raw,38,801,3.3314924240112305,chin_center,velocity_area,quantile_90,temporal
2,video_raw,39,822,3.3041727542877197,brow_left_inner,velocity_aspect,absolute_mean,absolute_motion
2,video_raw,40,917,3.203429937362671,eye_right_upper,velocity_area,absolute_max,absolute_motion
2,video_raw,41,399,3.1854066848754883,eye_right_lower,area,quantile_90,temporal
2,video_raw,42,919,3.164681911468506,eye_right_upper,velocity_aspect,absolute_std,absolute_motion
2,video_raw,43,953,3.1522433757781982,nose_bridge,velocity_aspect,absolute_max,absolute_motion
2,video_raw,44,735,3.1299190521240234,lip_corners,velocity_x,quantile_90,temporal
2,video_raw,45,228,3.123697280883789,eye_left_upper,cz,mean,temporal
2,video_raw,46,930,3.099982261657715,eye_right_lower,velocity_area,absolute_mean,absolute_motion
2,video_raw,47,284,3.0347018241882324,eye_left_lower,cz,quantile_10,temporal
2,video_raw,48,142,2.9675633907318115,brow_right_inner,velocity_x,late_minus_early,temporal
2,video_raw,49,248,2.955428123474121,eye_left_upper,velocity_x,quantile_10,temporal
2,video_raw,50,339,2.9469807147979736,eye_right_upper,cz,quantile_90,temporal
2,video_raw,51,921,2.92611026763916,eye_right_upper,velocity_aspect,absolute_max,absolute_motion
2,video_raw,52,338,2.9042935371398926,eye_right_upper,cz,quantile_10,temporal
2,video_raw,53,1009,2.896803379058838,lower_lip,velocity_y,absolute_max,absolute_motion
2,video_raw,54,355,2.894209384918213,eye_right_upper,velocity_x,std,temporal
2,video_raw,55,0,2.892468214035034,brow_left_inner,cx,mean,temporal
2,video_raw,56,122,2.868276834487915,brow_right_inner,cz,quantile_10,temporal
2,video_raw,57,908,2.855175495147705,eye_right_upper,velocity_x,absolute_quantile_90,absolute_motion
2,video_raw,58,906,2.793954372406006,eye_right_upper,velocity_x,absolute_mean,absolute_motion
2,video_raw,59,907,2.782529830932617,eye_right_upper,velocity_x,absolute_std,absolute_motion
2,video_raw,60,83,2.7808303833007812,brow_left_outer,aspect,temporal_slope,temporal
2,video_raw,61,966,2.7793567180633545,nose_alar_left,velocity_aspect,absolute_mean,absolute_motion
2,video_raw,62,477,2.7730553150177,nose_bridge,velocity_area,quantile_90,temporal
2,video_raw,63,409,2.7530503273010254,eye_right_lower,velocity_x,std,temporal
2,video_raw,64,480,2.7443649768829346,nose_bridge,velocity_aspect,mean,temporal
2,video_trial_delta,1,1017,8.877970695495605,lower_lip,velocity_aspect,absolute_max,absolute_motion
2,video_trial_delta,2,356,7.636322021484375,eye_right_upper,velocity_x,quantile_10,temporal
2,video_trial_delta,3,460,6.940690517425537,nose_bridge,aspect,late_minus_early,temporal
2,video_trial_delta,4,461,6.390770435333252,nose_bridge,aspect,temporal_slope,temporal
2,video_trial_delta,5,411,6.060782432556152,eye_right_lower,velocity_x,quantile_90,temporal
2,video_trial_delta,6,423,5.761725902557373,eye_right_lower,velocity_area,quantile_90,temporal
2,video_trial_delta,7,357,5.359057426452637,eye_right_upper,velocity_x,quantile_90,temporal
2,video_trial_delta,8,500,4.962602138519287,nose_alar_left,cz,quantile_10,temporal
2,video_trial_delta,9,147,4.878909111022949,brow_right_inner,velocity_y,quantile_90,temporal
2,video_trial_delta,10,932,4.859654903411865,eye_right_lower,velocity_area,absolute_quantile_90,absolute_motion
2,video_trial_delta,11,548,4.701101779937744,nose_alar_right,cy,quantile_10,temporal
2,video_trial_delta,12,823,4.699374198913574,brow_left_inner,velocity_aspect,absolute_std,absolute_motion
2,video_trial_delta,13,303,4.601147174835205,eye_left_lower,velocity_x,quantile_90,temporal
2,video_trial_delta,14,969,4.580544471740723,nose_alar_left,velocity_aspect,absolute_max,absolute_motion
2,video_trial_delta,15,25,4.254487991333008,brow_left_inner,aspect,std,temporal
2,video_trial_delta,16,49,4.095942974090576,brow_left_inner,velocity_aspect,std,temporal
2,video_trial_delta,17,750,4.085594654083252,lip_corners,velocity_aspect,mean,temporal
2,video_trial_delta,18,825,3.874873638153076,brow_left_inner,velocity_aspect,absolute_max,absolute_motion
2,video_trial_delta,19,422,3.700392246246338,eye_right_lower,velocity_area,quantile_10,temporal
2,video_trial_delta,20,770,3.6606285572052,chin_center,cz,quantile_10,temporal
2,video_trial_delta,21,410,3.656751871109009,eye_right_lower,velocity_x,quantile_10,temporal
2,video_trial_delta,22,50,3.646937131881714,brow_left_inner,velocity_aspect,quantile_10,temporal
2,video_trial_delta,23,831,3.638744354248047,brow_left_outer,velocity_y,absolute_std,absolute_motion
2,video_trial_delta,24,915,3.6214890480041504,eye_right_upper,velocity_area,absolute_std,absolute_motion
2,video_trial_delta,25,143,3.594041585922241,brow_right_inner,velocity_x,temporal_slope,temporal
2,video_trial_delta,26,931,3.565272569656372,eye_right_lower,velocity_area,absolute_std,absolute_motion
2,video_trial_delta,27,804,3.5087637901306152,chin_center,velocity_aspect,mean,temporal
2,video_trial_delta,28,165,3.448532819747925,brow_right_outer,cx,quantile_90,temporal
2,video_trial_delta,29,636,3.4018971920013428,upper_lip,velocity_area,mean,temporal
2,video_trial_delta,30,421,3.3337881565093994,eye_right_lower,velocity_area,std,temporal
2,video_trial_delta,31,801,3.3314924240112305,chin_center,velocity_area,quantile_90,temporal
2,video_trial_delta,32,822,3.3041727542877197,brow_left_inner,velocity_aspect,absolute_mean,absolute_motion
2,video_trial_delta,33,716,3.3026673793792725,lip_corners,cz,quantile_10,temporal
2,video_trial_delta,34,662,3.298980712890625,lower_lip,cz,quantile_10,temporal
2,video_trial_delta,35,612,3.239030599594116,upper_lip,area,mean,temporal
2,video_trial_delta,36,917,3.203429937362671,eye_right_upper,velocity_area,absolute_max,absolute_motion
2,video_trial_delta,37,120,3.1867830753326416,brow_right_inner,cz,mean,temporal
2,video_trial_delta,38,608,3.1720101833343506,upper_lip,cz,quantile_10,temporal
2,video_trial_delta,39,919,3.164681911468506,eye_right_upper,velocity_aspect,absolute_std,absolute_motion
2,video_trial_delta,40,440,3.1559383869171143,nose_bridge,cy,quantile_10,temporal
2,video_trial_delta,41,953,3.1522433757781982,nose_bridge,velocity_aspect,absolute_max,absolute_motion
2,video_trial_delta,42,735,3.1299190521240234,lip_corners,velocity_x,quantile_90,temporal
2,video_trial_delta,43,930,3.099982261657715,eye_right_lower,velocity_area,absolute_mean,absolute_motion
2,video_trial_delta,44,142,2.9675633907318115,brow_right_inner,velocity_x,late_minus_early,temporal
2,video_trial_delta,45,248,2.955428123474121,eye_left_upper,velocity_x,quantile_10,temporal
2,video_trial_delta,46,921,2.92611026763916,eye_right_upper,velocity_aspect,absolute_max,absolute_motion
2,video_trial_delta,47,1009,2.896803379058838,lower_lip,velocity_y,absolute_max,absolute_motion
2,video_trial_delta,48,355,2.894209384918213,eye_right_upper,velocity_x,std,temporal
2,video_trial_delta,49,908,2.855175495147705,eye_right_upper,velocity_x,absolute_quantile_90,absolute_motion
2,video_trial_delta,50,188,2.7963504791259766,brow_right_outer,aspect,quantile_10,temporal
2,video_trial_delta,51,906,2.793954372406006,eye_right_upper,velocity_x,absolute_mean,absolute_motion
2,video_trial_delta,52,907,2.782529830932617,eye_right_upper,velocity_x,absolute_std,absolute_motion
2,video_trial_delta,53,69,2.781956434249878,brow_left_outer,cz,quantile_90,temporal
2,video_trial_delta,54,83,2.7808308601379395,brow_left_outer,aspect,temporal_slope,temporal
2,video_trial_delta,55,966,2.7793567180633545,nose_alar_left,velocity_aspect,absolute_mean,absolute_motion
2,video_trial_delta,56,162,2.7738988399505615,brow_right_outer,cx,mean,temporal
2,video_trial_delta,57,477,2.7730553150177,nose_bridge,velocity_area,quantile_90,temporal
2,video_trial_delta,58,409,2.7530503273010254,eye_right_lower,velocity_x,std,temporal
2,video_trial_delta,59,480,2.7443649768829346,nose_bridge,velocity_aspect,mean,temporal
2,video_trial_delta,60,511,2.727839708328247,nose_alar_left,aspect,std,temporal
2,video_trial_delta,61,52,2.7219889163970947,brow_left_inner,velocity_aspect,late_minus_early,temporal
2,video_trial_delta,62,367,2.7158071994781494,eye_right_upper,velocity_area,std,temporal
2,video_trial_delta,63,458,2.709857940673828,nose_bridge,aspect,quantile_10,temporal
2,video_trial_delta,64,446,2.6974735260009766,nose_bridge,cz,quantile_10,temporal
2,video_water_delta,1,83,6.700589656829834,brow_left_outer,aspect,temporal_slope,temporal
2,video_water_delta,2,82,5.306708812713623,brow_left_outer,aspect,late_minus_early,temporal
2,video_water_delta,3,58,4.6770195960998535,brow_left_outer,cx,late_minus_early,temporal
2,video_water_delta,4,59,4.526822566986084,brow_left_outer,cx,temporal_slope,temporal
2,video_water_delta,5,189,4.190640449523926,brow_right_outer,aspect,quantile_90,temporal
2,video_water_delta,6,915,4.16204833984375,eye_right_upper,velocity_area,absolute_std,absolute_motion
2,video_water_delta,7,883,3.940422773361206,eye_left_upper,velocity_area,absolute_std,absolute_motion
2,video_water_delta,8,539,3.7637457847595215,nose_alar_left,velocity_aspect,temporal_slope,temporal
2,video_water_delta,9,569,3.7600746154785156,nose_alar_right,aspect,temporal_slope,temporal
2,video_water_delta,10,29,3.7026889324188232,brow_left_inner,aspect,temporal_slope,temporal
2,video_water_delta,11,760,3.6847164630889893,chin_center,cx,late_minus_early,temporal
2,video_water_delta,12,824,3.567798614501953,brow_left_inner,velocity_aspect,absolute_quantile_90,absolute_motion
2,video_water_delta,13,920,3.5245440006256104,eye_right_upper,velocity_aspect,absolute_quantile_90,absolute_motion
2,video_water_delta,14,568,3.4848859310150146,nose_alar_right,aspect,late_minus_early,temporal
2,video_water_delta,15,761,3.4460935592651367,chin_center,cx,temporal_slope,temporal
2,video_water_delta,16,102,3.4227631092071533,brow_left_outer,velocity_aspect,mean,temporal
2,video_water_delta,17,706,3.36767315864563,lip_corners,cx,late_minus_early,temporal
2,video_water_delta,18,515,3.3564651012420654,nose_alar_left,aspect,temporal_slope,temporal
2,video_water_delta,19,25,3.2878971099853516,brow_left_inner,aspect,std,temporal
2,video_water_delta,20,374,3.242901563644409,eye_right_upper,velocity_aspect,quantile_10,temporal
2,video_water_delta,21,919,3.2272658348083496,eye_right_upper,velocity_aspect,absolute_std,absolute_motion
2,video_water_delta,22,451,3.212324380874634,nose_bridge,area,std,temporal
2,video_water_delta,23,931,3.168330669403076,eye_right_lower,velocity_area,absolute_std,absolute_motion
2,video_water_delta,24,190,3.1023690700531006,brow_right_outer,aspect,late_minus_early,temporal
2,video_water_delta,25,28,3.0865530967712402,brow_left_inner,aspect,late_minus_early,temporal
2,video_water_delta,26,598,3.039731740951538,upper_lip,cx,late_minus_early,temporal
2,video_water_delta,27,48,3.0337131023406982,brow_left_inner,velocity_aspect,mean,temporal
2,video_water_delta,28,932,3.0331027507781982,eye_right_lower,velocity_area,absolute_quantile_90,absolute_motion
2,video_water_delta,29,563,3.030902862548828,nose_alar_right,area,temporal_slope,temporal
2,video_water_delta,30,811,3.0081253051757812,brow_left_inner,velocity_x,absolute_std,absolute_motion
2,video_water_delta,31,397,2.958118200302124,eye_right_lower,area,std,temporal
2,video_water_delta,32,212,2.95381498336792,brow_right_outer,velocity_aspect,quantile_10,temporal
2,video_water_delta,33,892,2.95095157623291,eye_left_lower,velocity_x,absolute_quantile_90,absolute_motion
2,video_water_delta,34,514,2.946282386779785,nose_alar_left,aspect,late_minus_early,temporal
2,video_water_delta,35,876,2.94053053855896,eye_left_upper,velocity_x,absolute_quantile_90,absolute_motion
2,video_water_delta,36,373,2.9312949180603027,eye_right_upper,velocity_aspect,std,temporal
2,video_water_delta,37,127,2.898594856262207,brow_right_inner,area,std,temporal
2,video_water_delta,38,707,2.893165111541748,lip_corners,cx,temporal_slope,temporal
2,video_water_delta,39,191,2.8707010746002197,brow_right_outer,aspect,temporal_slope,temporal
2,video_water_delta,40,221,2.8582987785339355,eye_left_upper,cx,temporal_slope,temporal
2,video_water_delta,41,351,2.8325865268707275,eye_right_upper,aspect,quantile_90,temporal
2,video_water_delta,42,652,2.7704741954803467,lower_lip,cx,late_minus_early,temporal
2,video_water_delta,43,851,2.7092125415802,brow_right_inner,velocity_area,absolute_std,absolute_motion
2,video_water_delta,44,599,2.705836772918701,upper_lip,cx,temporal_slope,temporal
2,video_water_delta,45,497,2.6825408935546875,nose_alar_left,cy,temporal_slope,temporal
2,video_water_delta,46,823,2.648177146911621,brow_left_inner,velocity_aspect,absolute_std,absolute_motion
2,video_water_delta,47,275,2.6290364265441895,eye_left_lower,cx,temporal_slope,temporal
2,video_water_delta,48,562,2.6156115531921387,nose_alar_right,area,late_minus_early,temporal
2,video_water_delta,49,779,2.611628532409668,chin_center,area,temporal_slope,temporal
2,video_water_delta,50,151,2.586517333984375,brow_right_inner,velocity_area,std,temporal
2,video_water_delta,51,449,2.530848503112793,nose_bridge,cz,temporal_slope,temporal
2,video_water_delta,52,734,2.527470588684082,lip_corners,velocity_x,quantile_10,temporal
2,video_water_delta,53,899,2.485487222671509,eye_left_lower,velocity_area,absolute_std,absolute_motion
2,video_water_delta,54,544,2.4756882190704346,nose_alar_right,cx,late_minus_early,temporal
2,video_water_delta,55,735,2.472238540649414,lip_corners,velocity_x,quantile_90,temporal
2,video_water_delta,56,966,2.437018871307373,nose_alar_left,velocity_aspect,absolute_mean,absolute_motion
2,video_water_delta,57,918,2.403270959854126,eye_right_upper,velocity_aspect,absolute_mean,absolute_motion
2,video_water_delta,58,421,2.3928725719451904,eye_right_lower,velocity_area,std,temporal
2,video_water_delta,59,872,2.3729159832000732,brow_right_outer,velocity_aspect,absolute_quantile_90,absolute_motion
2,video_water_delta,60,245,2.359307050704956,eye_left_upper,aspect,temporal_slope,temporal
2,video_water_delta,61,825,2.3509366512298584,brow_left_inner,velocity_aspect,absolute_max,absolute_motion
2,video_water_delta,62,545,2.3418989181518555,nose_alar_right,cx,temporal_slope,temporal
2,video_water_delta,63,448,2.330958127975464,nose_bridge,cz,late_minus_early,temporal
2,video_water_delta,64,303,2.321298837661743,eye_left_lower,velocity_x,quantile_90,temporal
2,video_water_delta,65,496,2.3207602500915527,nose_alar_left,cy,late_minus_early,temporal
2,video_water_delta,66,289,2.2991678714752197,eye_left_lower,area,std,temporal
2,video_water_delta,67,367,2.2846665382385254,eye_right_upper,velocity_area,std,temporal
2,video_water_delta,68,266,2.276970863342285,eye_left_upper,velocity_aspect,quantile_10,temporal
2,video_water_delta,69,513,2.259582996368408,nose_alar_left,aspect,quantile_90,temporal
2,video_water_delta,70,653,2.251070261001587,lower_lip,cx,temporal_slope,temporal
2,video_water_delta,71,31,2.2402892112731934,brow_left_inner,velocity_x,std,temporal
2,video_water_delta,72,916,2.232407331466675,eye_right_upper,velocity_area,absolute_quantile_90,absolute_motion
2,video_water_delta,73,405,2.221771240234375,eye_right_lower,aspect,quantile_90,temporal
2,video_water_delta,74,375,2.2148003578186035,eye_right_upper,velocity_aspect,quantile_90,temporal
2,video_water_delta,75,49,2.2029857635498047,brow_left_inner,velocity_aspect,std,temporal
2,video_water_delta,76,641,2.189772844314575,upper_lip,velocity_area,temporal_slope,temporal
2,video_water_delta,77,884,2.1796326637268066,eye_left_upper,velocity_area,absolute_quantile_90,absolute_motion
2,video_water_delta,78,588,2.175079584121704,nose_alar_right,velocity_aspect,mean,temporal
2,video_water_delta,79,778,2.1565966606140137,chin_center,area,late_minus_early,temporal
2,video_water_delta,80,850,2.148303270339966,brow_right_inner,velocity_area,absolute_mean,absolute_motion
2,video_water_delta,81,490,2.116448402404785,nose_alar_left,cx,late_minus_early,temporal
2,video_water_delta,82,556,2.0948262214660645,nose_alar_right,cz,late_minus_early,temporal
2,video_water_delta,83,220,2.089672803878784,eye_left_upper,cx,late_minus_early,temporal
2,video_water_delta,84,274,2.089036703109741,eye_left_lower,cx,late_minus_early,temporal
2,video_water_delta,85,885,2.083848714828491,eye_left_upper,velocity_area,absolute_max,absolute_motion
2,video_water_delta,86,491,2.0803771018981934,nose_alar_left,cx,temporal_slope,temporal
2,video_water_delta,87,665,2.0794529914855957,lower_lip,cz,temporal_slope,temporal
2,video_water_delta,88,664,2.0537514686584473,lower_lip,cz,late_minus_early,temporal
2,video_water_delta,89,156,2.0517823696136475,brow_right_inner,velocity_aspect,mean,temporal
2,video_water_delta,90,187,2.031905174255371,brow_right_outer,aspect,std,temporal
2,video_water_delta,91,564,2.0293312072753906,nose_alar_right,aspect,mean,temporal
2,video_water_delta,92,901,2.00935435295105,eye_left_lower,velocity_area,absolute_max,absolute_motion
2,video_water_delta,93,169,1.9862029552459717,brow_right_outer,cy,std,temporal
2,video_water_delta,94,557,1.9655249118804932,nose_alar_right,cz,temporal_slope,temporal
2,video_water_delta,95,636,1.9513300657272339,upper_lip,velocity_area,mean,temporal
2,video_water_delta,96,891,1.9429186582565308,eye_left_lower,velocity_x,absolute_std,absolute_motion
2,video_water_delta,97,460,1.9421998262405396,nose_bridge,aspect,late_minus_early,temporal
2,video_water_delta,98,535,1.9276123046875,nose_alar_left,velocity_aspect,std,temporal
2,video_water_delta,99,503,1.903889536857605,nose_alar_left,cz,temporal_slope,temporal
2,video_water_delta,100,399,1.8926156759262085,eye_right_lower,area,quantile_90,temporal
2,video_water_delta,101,930,1.891871690750122,eye_right_lower,velocity_area,absolute_mean,absolute_motion
2,video_water_delta,102,313,1.8879549503326416,eye_left_lower,velocity_area,std,temporal
2,video_water_delta,103,300,1.8861459493637085,eye_left_lower,velocity_x,mean,temporal
2,video_water_delta,104,425,1.8783913850784302,eye_right_lower,velocity_area,temporal_slope,temporal
2,video_water_delta,105,958,1.8732177019119263,nose_alar_left,velocity_y,absolute_mean,absolute_motion
2,video_water_delta,106,109,1.8656142950057983,brow_right_inner,cx,std,temporal
2,video_water_delta,107,16,1.863829255104065,brow_left_inner,cz,late_minus_early,temporal
2,video_water_delta,108,485,1.8622245788574219,nose_bridge,velocity_aspect,temporal_slope,temporal
2,video_water_delta,109,510,1.8397575616836548,nose_alar_left,aspect,mean,temporal
2,video_water_delta,110,301,1.8383992910385132,eye_left_lower,velocity_x,std,temporal
2,video_water_delta,111,33,1.8284872770309448,brow_left_inner,velocity_x,quantile_90,temporal
2,video_water_delta,112,167,1.8283207416534424,brow_right_outer,cx,temporal_slope,temporal
2,video_water_delta,113,718,1.818436622619629,lip_corners,cz,late_minus_early,temporal
2,video_water_delta,114,423,1.808197021484375,eye_right_lower,velocity_area,quantile_90,temporal
2,video_water_delta,115,454,1.7913161516189575,nose_bridge,area,late_minus_early,temporal
2,video_water_delta,116,719,1.7863306999206543,lip_corners,cz,temporal_slope,temporal
2,video_water_delta,117,773,1.781008005142212,chin_center,cz,temporal_slope,temporal
2,video_water_delta,118,772,1.7774851322174072,chin_center,cz,late_minus_early,temporal
2,video_water_delta,119,640,1.7748163938522339,upper_lip,velocity_area,late_minus_early,temporal
2,video_water_delta,120,921,1.7741169929504395,eye_right_upper,velocity_aspect,absolute_max,absolute_motion
2,video_water_delta,121,502,1.7698806524276733,nose_alar_left,cz,late_minus_early,temporal
2,video_water_delta,122,389,1.7661988735198975,eye_right_lower,cy,temporal_slope,temporal
2,video_water_delta,123,1020,1.7578363418579102,lip_corners,velocity_x,absolute_quantile_90,absolute_motion
2,video_water_delta,124,610,1.7567933797836304,upper_lip,cz,late_minus_early,temporal
2,video_water_delta,125,17,1.7401517629623413,brow_left_inner,cz,temporal_slope,temporal
2,video_water_delta,126,822,1.72602379322052,brow_left_inner,velocity_aspect,absolute_mean,absolute_motion
2,video_water_delta,127,611,1.7078202962875366,upper_lip,cz,temporal_slope,temporal
2,video_water_delta,128,325,1.7066940069198608,eye_right_upper,cx,std,temporal
2,video_water_delta,129,241,1.7061553001403809,eye_left_upper,aspect,std,temporal
2,video_water_delta,130,800,1.6931051015853882,chin_center,velocity_area,quantile_10,temporal
2,video_water_delta,131,875,1.6926870346069336,eye_left_upper,velocity_x,absolute_std,absolute_motion
2,video_water_delta,132,244,1.6918106079101562,eye_left_upper,aspect,late_minus_early,temporal
2,video_water_delta,133,359,1.6847566366195679,eye_right_upper,velocity_x,temporal_slope,temporal
2,video_water_delta,134,806,1.6807200908660889,chin_center,velocity_aspect,quantile_10,temporal
2,video_water_delta,135,388,1.6752691268920898,eye_right_lower,cy,late_minus_early,temporal
2,video_water_delta,136,201,1.6714081764221191,brow_right_outer,velocity_y,quantile_90,temporal
2,video_water_delta,137,829,1.6671708822250366,brow_left_outer,velocity_x,absolute_max,absolute_motion
2,video_water_delta,138,674,1.6664382219314575,lower_lip,aspect,quantile_10,temporal
2,video_water_delta,139,227,1.662412405014038,eye_left_upper,cy,temporal_slope,temporal
2,video_water_delta,140,143,1.6471518278121948,brow_right_inner,velocity_x,temporal_slope,temporal
2,video_water_delta,141,166,1.6470333337783813,brow_right_outer,cx,late_minus_early,temporal
2,video_water_delta,142,933,1.6464838981628418,eye_right_lower,velocity_area,absolute_max,absolute_motion
2,video_water_delta,143,827,1.6444213390350342,brow_left_outer,velocity_x,absolute_std,absolute_motion
2,video_water_delta,144,590,1.634684443473816,nose_alar_right,velocity_aspect,quantile_10,temporal
2,video_water_delta,145,524,1.6239830255508423,nose_alar_left,velocity_y,quantile_10,temporal
2,video_water_delta,146,810,1.6102544069290161,brow_left_inner,velocity_x,absolute_mean,absolute_motion
2,video_water_delta,147,814,1.6079102754592896,brow_left_inner,velocity_y,absolute_mean,absolute_motion
2,video_water_delta,148,890,1.5868415832519531,eye_left_lower,velocity_x,absolute_mean,absolute_motion
2,video_water_delta,149,534,1.585472822189331,nose_alar_left,velocity_aspect,mean,temporal
2,video_water_delta,150,26,1.5796493291854858,brow_left_inner,aspect,quantile_10,temporal
2,video_water_delta,151,152,1.5651978254318237,brow_right_inner,velocity_area,quantile_10,temporal
2,video_water_delta,152,455,1.5558383464813232,nose_bridge,area,temporal_slope,temporal
2,video_water_delta,153,247,1.5514591932296753,eye_left_upper,velocity_x,std,temporal
2,video_water_delta,154,170,1.5478836297988892,brow_right_outer,cy,quantile_10,temporal
2,video_water_delta,155,259,1.54743230342865,eye_left_upper,velocity_area,std,temporal
2,video_water_delta,156,147,1.5444648265838623,brow_right_inner,velocity_y,quantile_90,temporal
2,video_water_delta,157,348,1.5356801748275757,eye_right_upper,aspect,mean,temporal
2,video_water_delta,158,436,1.521562933921814,nose_bridge,cx,late_minus_early,temporal
2,video_water_delta,159,1036,1.5200287103652954,chin_center,velocity_x,absolute_quantile_90,absolute_motion
2,video_water_delta,160,358,1.5154927968978882,eye_right_upper,velocity_x,late_minus_early,temporal
2,video_water_delta,161,70,1.5148735046386719,brow_left_outer,cz,late_minus_early,temporal
2,video_water_delta,162,422,1.5128220319747925,eye_right_lower,velocity_area,quantile_10,temporal
2,video_water_delta,163,690,1.5010008811950684,lower_lip,velocity_area,mean,temporal
2,video_water_delta,164,893,1.4971851110458374,eye_left_lower,velocity_x,absolute_max,absolute_motion
2,video_water_delta,165,523,1.4946032762527466,nose_alar_left,velocity_y,std,temporal
2,video_water_delta,166,566,1.4944342374801636,nose_alar_right,aspect,quantile_10,temporal
2,video_water_delta,167,871,1.489974021911621,brow_right_outer,velocity_aspect,absolute_std,absolute_motion
2,video_water_delta,168,437,1.484239935874939,nose_bridge,cx,temporal_slope,temporal
2,video_water_delta,169,211,1.4818588495254517,brow_right_outer,velocity_aspect,std,temporal
2,video_water_delta,170,226,1.4782079458236694,eye_left_upper,cy,late_minus_early,temporal
2,video_water_delta,171,248,1.4644559621810913,eye_left_upper,velocity_x,quantile_10,temporal
2,video_water_delta,172,246,1.4566447734832764,eye_left_upper,velocity_x,mean,temporal
2,video_water_delta,173,813,1.4548439979553223,brow_left_inner,velocity_x,absolute_max,absolute_motion
2,video_water_delta,174,142,1.4535372257232666,brow_right_inner,velocity_x,late_minus_early,temporal
2,video_water_delta,175,38,1.4495372772216797,brow_left_inner,velocity_y,quantile_10,temporal
2,video_water_delta,176,1031,1.4334968328475952,lip_corners,velocity_aspect,absolute_std,absolute_motion
2,video_water_delta,177,917,1.4311009645462036,eye_right_upper,velocity_area,absolute_max,absolute_motion
2,video_water_delta,178,229,1.4299534559249878,eye_left_upper,cz,std,temporal
2,video_water_delta,179,812,1.4182018041610718,brow_left_inner,velocity_x,absolute_quantile_90,absolute_motion
2,video_water_delta,180,1044,1.416923999786377,chin_center,velocity_area,absolute_quantile_90,absolute_motion
2,video_water_delta,181,870,1.4081671237945557,brow_right_outer,velocity_aspect,absolute_mean,absolute_motion
2,video_water_delta,182,888,1.4031462669372559,eye_left_upper,velocity_aspect,absolute_quantile_90,absolute_motion
2,video_water_delta,183,856,1.3908478021621704,brow_right_inner,velocity_aspect,absolute_quantile_90,absolute_motion
2,video_water_delta,184,368,1.3903467655181885,eye_right_upper,velocity_area,quantile_10,temporal
2,video_water_delta,185,453,1.374197006225586,nose_bridge,area,quantile_90,temporal
2,video_water_delta,186,704,1.3615597486495972,lip_corners,cx,quantile_10,temporal
2,video_water_delta,187,461,1.360632300376892,nose_bridge,aspect,temporal_slope,temporal
2,video_water_delta,188,898,1.3542512655258179,eye_left_lower,velocity_area,absolute_mean,absolute_motion
2,video_water_delta,189,261,1.3499642610549927,eye_left_upper,velocity_area,quantile_90,temporal
2,video_water_delta,190,993,1.3489396572113037,upper_lip,velocity_y,absolute_max,absolute_motion
2,video_water_delta,191,874,1.3307290077209473,eye_left_upper,velocity_x,absolute_mean,absolute_motion
2,video_water_delta,192,71,1.3248529434204102,brow_left_outer,cz,temporal_slope,temporal
2,video_water_delta,193,581,1.324610710144043,nose_alar_right,velocity_y,temporal_slope,temporal
2,video_water_delta,194,153,1.3231844902038574,brow_right_inner,velocity_area,quantile_90,temporal
2,video_water_delta,195,230,1.3200607299804688,eye_left_upper,cz,quantile_10,temporal
2,video_water_delta,196,887,1.3182045221328735,eye_left_upper,velocity_aspect,absolute_std,absolute_motion
2,video_water_delta,197,347,1.3102346658706665,eye_right_upper,area,temporal_slope,temporal
2,video_water_delta,198,509,1.2998394966125488,nose_alar_left,area,temporal_slope,temporal
2,video_water_delta,199,402,1.297723650932312,eye_right_lower,aspect,mean,temporal
2,video_water_delta,200,379,1.292715311050415,eye_right_lower,cx,std,temporal
2,video_water_delta,201,398,1.2830060720443726,eye_right_lower,area,quantile_10,temporal
2,video_water_delta,202,136,1.2800554037094116,brow_right_inner,aspect,late_minus_early,temporal
2,video_water_delta,203,758,1.2711236476898193,chin_center,cx,quantile_10,temporal
2,video_water_delta,204,967,1.2623389959335327,nose_alar_left,velocity_aspect,absolute_std,absolute_motion
2,video_water_delta,205,21,1.2608639001846313,brow_left_inner,area,quantile_90,temporal
2,video_water_delta,206,914,1.2559610605239868,eye_right_upper,velocity_area,absolute_mean,absolute_motion
2,video_water_delta,207,853,1.247546911239624,brow_right_inner,velocity_area,absolute_max,absolute_motion
2,video_water_delta,208,877,1.2449802160263062,eye_left_upper,velocity_x,absolute_max,absolute_motion
2,video_water_delta,209,337,1.2424070835113525,eye_right_upper,cz,std,temporal
2,video_water_delta,210,213,1.2303602695465088,brow_right_outer,velocity_aspect,quantile_90,temporal
2,video_water_delta,211,816,1.225909948348999,brow_left_inner,velocity_y,absolute_quantile_90,absolute_motion
2,video_water_delta,212,281,1.2207038402557373,eye_left_lower,cy,temporal_slope,temporal
2,video_water_delta,213,23,1.2142333984375,brow_left_inner,area,temporal_slope,temporal
2,video_water_delta,214,983,1.2035754919052124,nose_alar_right,velocity_aspect,absolute_std,absolute_motion
2,video_water_delta,215,22,1.20168936252594,brow_left_inner,area,late_minus_early,temporal
2,video_water_delta,216,960,1.2013479471206665,nose_alar_left,velocity_y,absolute_quantile_90,absolute_motion
2,video_water_delta,217,42,1.1991459131240845,brow_left_inner,velocity_area,mean,temporal
2,video_water_delta,218,265,1.1946817636489868,eye_left_upper,velocity_aspect,std,temporal
2,video_water_delta,219,852,1.1879509687423706,brow_right_inner,velocity_area,absolute_quantile_90,absolute_motion
2,video_water_delta,220,181,1.1828144788742065,brow_right_outer,area,std,temporal
2,video_water_delta,221,335,1.1748429536819458,eye_right_upper,cy,temporal_slope,temporal
2,video_water_delta,222,546,1.1716177463531494,nose_alar_right,cy,mean,temporal
2,video_water_delta,223,798,1.168381929397583,chin_center,velocity_area,mean,temporal
2,video_water_delta,224,946,1.1536966562271118,nose_bridge,velocity_area,absolute_mean,absolute_motion
2,video_water_delta,225,511,1.1533023118972778,nose_alar_left,aspect,std,temporal
2,video_water_delta,226,95,1.1519619226455688,brow_left_outer,velocity_y,temporal_slope,temporal
2,video_water_delta,227,65,1.1519070863723755,brow_left_outer,cy,temporal_slope,temporal
2,video_water_delta,228,243,1.1510586738586426,eye_left_upper,aspect,quantile_90,temporal
2,video_water_delta,229,538,1.149476170539856,nose_alar_left,velocity_aspect,late_minus_early,temporal
2,video_water_delta,230,589,1.1427743434906006,nose_alar_right,velocity_aspect,std,temporal
2,video_water_delta,231,173,1.1424168348312378,brow_right_outer,cy,temporal_slope,temporal
2,video_water_delta,232,137,1.1378105878829956,brow_right_inner,aspect,temporal_slope,temporal
2,video_water_delta,233,110,1.1375932693481445,brow_right_inner,cx,quantile_10,temporal
2,video_water_delta,234,69,1.1374989748001099,brow_left_outer,cz,quantile_90,temporal
2,video_water_delta,235,366,1.1339809894561768,eye_right_upper,velocity_area,mean,temporal
2,video_water_delta,236,776,1.1224656105041504,chin_center,area,quantile_10,temporal
2,video_water_delta,237,900,1.1124836206436157,eye_left_lower,velocity_area,absolute_quantile_90,absolute_motion
2,video_water_delta,238,186,1.1093266010284424,brow_right_outer,aspect,mean,temporal
2,video_water_delta,239,840,1.1060030460357666,brow_left_outer,velocity_aspect,absolute_quantile_90,absolute_motion
2,video_water_delta,240,85,1.0977712869644165,brow_left_outer,velocity_x,std,temporal
2,video_water_delta,241,476,1.092387080192566,nose_bridge,velocity_area,quantile_10,temporal
2,video_water_delta,242,789,1.0884710550308228,chin_center,velocity_x,quantile_90,temporal
2,video_water_delta,243,433,1.086986780166626,nose_bridge,cx,std,temporal
2,video_water_delta,244,391,1.0844764709472656,eye_right_lower,cz,std,temporal
2,video_water_delta,245,283,1.083329200744629,eye_left_lower,cz,std,temporal
2,video_water_delta,246,1018,1.0831224918365479,lip_corners,velocity_x,absolute_mean,absolute_motion
2,video_water_delta,247,194,1.07893967628479,brow_right_outer,velocity_x,quantile_10,temporal
2,video_water_delta,248,68,1.0778378248214722,brow_left_outer,cz,quantile_10,temporal
2,video_water_delta,249,984,1.072643518447876,nose_alar_right,velocity_aspect,absolute_quantile_90,absolute_motion
2,video_water_delta,250,129,1.0625025033950806,brow_right_inner,area,quantile_90,temporal
2,video_water_delta,251,232,1.054633378982544,eye_left_upper,cz,late_minus_early,temporal
2,video_water_delta,252,969,1.051932454109192,nose_alar_left,velocity_aspect,absolute_max,absolute_motion
2,video_water_delta,253,64,1.0509932041168213,brow_left_outer,cy,late_minus_early,temporal
2,video_water_delta,254,346,1.0506665706634521,eye_right_upper,area,late_minus_early,temporal
2,video_water_delta,255,508,1.0483611822128296,nose_alar_left,area,late_minus_early,temporal
2,video_water_delta,256,537,1.0452557802200317,nose_alar_left,velocity_aspect,quantile_90,temporal
2,video_water_delta,257,280,1.0428682565689087,eye_left_lower,cy,late_minus_early,temporal
2,video_water_delta,258,1037,1.036255955696106,chin_center,velocity_x,absolute_max,absolute_motion
2,video_water_delta,259,175,1.0358929634094238,brow_right_outer,cz,std,temporal
2,video_water_delta,260,525,1.0310090780258179,nose_alar_left,velocity_y,quantile_90,temporal
2,video_water_delta,261,886,1.0283867120742798,eye_left_upper,velocity_aspect,absolute_mean,absolute_motion
2,video_water_delta,262,233,1.0065091848373413,eye_left_upper,cz,temporal_slope,temporal
2,video_water_delta,263,27,1.000130295753479,brow_left_inner,aspect,quantile_90,temporal
2,video_water_delta,264,1033,0.9947136640548706,lip_corners,velocity_aspect,absolute_max,absolute_motion
2,video_water_delta,265,978,0.9938474297523499,nose_alar_right,velocity_area,absolute_mean,absolute_motion
2,video_water_delta,266,386,0.9926555752754211,eye_right_lower,cy,quantile_10,temporal
2,video_water_delta,267,314,0.9894106388092041,eye_left_lower,velocity_area,quantile_10,temporal
2,video_water_delta,268,51,0.9885085821151733,brow_left_inner,velocity_aspect,quantile_90,temporal
2,video_water_delta,269,582,0.9798426032066345,nose_alar_right,velocity_area,mean,temporal
2,video_water_delta,270,982,0.9691361784934998,nose_alar_right,velocity_aspect,absolute_mean,absolute_motion
2,video_water_delta,271,576,0.9617363810539246,nose_alar_right,velocity_y,mean,temporal
2,video_water_delta,272,471,0.9553323984146118,nose_bridge,velocity_y,quantile_90,temporal
2,video_water_delta,273,820,0.9535701274871826,brow_left_inner,velocity_area,absolute_quantile_90,absolute_motion
2,video_water_delta,274,37,0.9514397978782654,brow_left_inner,velocity_y,std,temporal
2,video_water_delta,275,107,0.9475384950637817,brow_left_outer,velocity_aspect,temporal_slope,temporal
2,video_water_delta,276,945,0.9435654878616333,nose_bridge,velocity_y,absolute_max,absolute_motion
2,video_water_delta,277,393,0.9416061043739319,eye_right_lower,cz,quantile_90,temporal
2,video_water_delta,278,696,0.9397386312484741,lower_lip,velocity_aspect,mean,temporal
2,video_water_delta,279,751,0.9304336309432983,lip_corners,velocity_aspect,std,temporal
2,video_water_delta,280,172,0.9275692701339722,brow_right_outer,cy,late_minus_early,temporal
2,video_water_delta,281,334,0.9268554449081421,eye_right_upper,cy,late_minus_early,temporal
2,video_water_delta,282,442,0.9255968928337097,nose_bridge,cy,late_minus_early,temporal
2,video_water_delta,283,475,0.919666588306427,nose_bridge,velocity_area,std,temporal
2,video_water_delta,284,846,0.9107974171638489,brow_right_inner,velocity_y,absolute_mean,absolute_motion
2,video_water_delta,285,98,0.9073811769485474,brow_left_outer,velocity_area,quantile_10,temporal
2,video_water_delta,286,350,0.905971109867096,eye_right_upper,aspect,quantile_10,temporal
2,video_water_delta,287,695,0.9008217453956604,lower_lip,velocity_area,temporal_slope,temporal
2,video_water_delta,288,801,0.8991906642913818,chin_center,velocity_area,quantile_90,temporal
2,video_water_delta,289,558,0.8847650289535522,nose_alar_right,area,mean,temporal
2,video_water_delta,290,596,0.875969409942627,upper_lip,cx,quantile_10,temporal
2,video_water_delta,291,1025,0.8710793852806091,lip_corners,velocity_y,absolute_max,absolute_motion
2,video_water_delta,292,382,0.8684214949607849,eye_right_lower,cx,late_minus_early,temporal
2,video_water_delta,293,864,0.8649521470069885,brow_right_outer,velocity_y,absolute_quantile_90,absolute_motion
2,video_water_delta,294,574,0.860501766204834,nose_alar_right,velocity_x,late_minus_early,temporal
2,video_water_delta,295,291,0.8589121103286743,eye_left_lower,area,quantile_90,temporal
2,video_water_delta,296,828,0.8530037999153137,brow_left_outer,velocity_x,absolute_quantile_90,absolute_motion
2,video_water_delta,297,474,0.8451412916183472,nose_bridge,velocity_area,mean,temporal
2,video_water_delta,298,43,0.8403528928756714,brow_left_inner,velocity_area,std,temporal
2,video_water_delta,299,818,0.8389259576797485,brow_left_inner,velocity_area,absolute_mean,absolute_motion
2,video_water_delta,300,165,0.838736355304718,brow_right_outer,cx,quantile_90,temporal
2,video_water_delta,301,839,0.8158131241798401,brow_left_outer,velocity_aspect,absolute_std,absolute_motion
2,video_water_delta,302,583,0.8157308101654053,nose_alar_right,velocity_area,std,temporal
2,video_water_delta,303,821,0.8120748996734619,brow_left_inner,velocity_area,absolute_max,absolute_motion
2,video_water_delta,304,644,0.8116044998168945,upper_lip,velocity_aspect,quantile_10,temporal
2,video_water_delta,305,627,0.8074408769607544,upper_lip,velocity_x,quantile_90,temporal
2,video_water_delta,306,819,0.8011412024497986,brow_left_inner,velocity_area,absolute_std,absolute_motion
2,video_water_delta,307,210,0.7990367412567139,brow_right_outer,velocity_aspect,mean,temporal
2,video_water_delta,308,443,0.7983991503715515,nose_bridge,cy,temporal_slope,temporal
2,video_water_delta,309,585,0.797863781452179,nose_alar_right,velocity_area,quantile_90,temporal
2,video_water_delta,310,1041,0.7963835000991821,chin_center,velocity_y,absolute_max,absolute_motion
2,video_water_delta,311,50,0.7961015105247498,brow_left_inner,velocity_aspect,quantile_10,temporal
2,video_water_delta,312,584,0.7919270992279053,nose_alar_right,velocity_area,quantile_10,temporal
2,video_water_delta,313,79,0.7919134497642517,brow_left_outer,aspect,std,temporal
2,video_water_delta,314,548,0.7910432815551758,nose_alar_right,cy,quantile_10,temporal
2,video_water_delta,315,88,0.7848870754241943,brow_left_outer,velocity_x,late_minus_early,temporal
2,video_water_delta,316,464,0.7842450737953186,nose_bridge,velocity_x,quantile_10,temporal
2,video_water_delta,317,472,0.7827485799789429,nose_bridge,velocity_y,late_minus_early,temporal
2,video_water_delta,318,326,0.7826886177062988,eye_right_upper,cx,quantile_10,temporal
2,video_water_delta,319,948,0.7811089158058167,nose_bridge,velocity_area,absolute_quantile_90,absolute_motion
2,video_water_delta,320,881,0.7752705216407776,eye_left_upper,velocity_y,absolute_max,absolute_motion
2,video_water_delta,321,73,0.7737232446670532,brow_left_outer,area,std,temporal
2,video_water_delta,322,32,0.7701323628425598,brow_left_inner,velocity_x,quantile_10,temporal
2,video_water_delta,323,959,0.7693557143211365,nose_alar_left,velocity_y,absolute_std,absolute_motion
2,video_water_delta,324,103,0.7679107189178467,brow_left_outer,velocity_aspect,std,temporal
2,video_water_delta,325,1005,0.7625879049301147,lower_lip,velocity_x,absolute_max,absolute_motion
2,video_water_delta,326,290,0.7623856067657471,eye_left_lower,area,quantile_10,temporal
2,video_water_delta,327,185,0.7622145414352417,brow_right_outer,area,temporal_slope,temporal
2,video_water_delta,328,986,0.754122793674469,upper_lip,velocity_x,absolute_mean,absolute_motion
2,video_water_delta,329,44,0.7492359280586243,brow_left_inner,velocity_area,quantile_10,temporal
2,video_water_delta,330,431,0.748930811882019,eye_right_lower,velocity_aspect,temporal_slope,temporal
2,video_water_delta,331,777,0.7454707622528076,chin_center,area,quantile_90,temporal
2,video_water_delta,332,473,0.7449231147766113,nose_bridge,velocity_y,temporal_slope,temporal
2,video_water_delta,333,906,0.7445517778396606,eye_right_upper,velocity_x,absolute_mean,absolute_motion
2,video_water_delta,334,484,0.7442042827606201,nose_bridge,velocity_aspect,late_minus_early,temporal
2,video_water_delta,335,549,0.7410359978675842,nose_alar_right,cy,quantile_90,temporal
2,video_water_delta,336,339,0.7403908371925354,eye_right_upper,cz,quantile_90,temporal
2,video_water_delta,337,999,0.7389181852340698,upper_lip,velocity_aspect,absolute_std,absolute_motion
2,video_water_delta,338,372,0.7383676767349243,eye_right_upper,velocity_aspect,mean,temporal
2,video_water_delta,339,466,0.7310479283332825,nose_bridge,velocity_x,late_minus_early,temporal
2,video_water_delta,340,284,0.706139862537384,eye_left_lower,cz,quantile_10,temporal
2,video_water_delta,341,826,0.7023220062255859,brow_left_outer,velocity_x,absolute_mean,absolute_motion
2,video_water_delta,342,158,0.6937061548233032,brow_right_inner,velocity_aspect,quantile_10,temporal
2,video_water_delta,343,424,0.6933527588844299,eye_right_lower,velocity_area,late_minus_early,temporal
2,video_water_delta,344,922,0.6915665864944458,eye_right_lower,velocity_x,absolute_mean,absolute_motion
2,video_water_delta,345,753,0.690247654914856,lip_corners,velocity_aspect,quantile_90,temporal
2,video_water_delta,346,135,0.6870101094245911,brow_right_inner,aspect,quantile_90,temporal
2,video_water_delta,347,838,0.6813717484474182,brow_left_outer,velocity_aspect,absolute_mean,absolute_motion
2,video_water_delta,348,694,0.676074743270874,lower_lip,velocity_area,late_minus_early,temporal
2,video_water_delta,349,202,0.6681761145591736,brow_right_outer,velocity_y,late_minus_early,temporal
2,video_water_delta,350,383,0.6679720878601074,eye_right_lower,cx,temporal_slope,temporal
2,video_water_delta,351,349,0.6645705103874207,eye_right_upper,aspect,std,temporal
2,video_water_delta,352,551,0.655199408531189,nose_alar_right,cy,temporal_slope,temporal
2,video_water_delta,353,580,0.6524896621704102,nose_alar_right,velocity_y,late_minus_early,temporal
2,video_water_delta,354,317,0.6513507962226868,eye_left_lower,velocity_area,temporal_slope,temporal
2,video_water_delta,355,258,0.6482155919075012,eye_left_upper,velocity_area,mean,temporal
2,video_water_delta,356,832,0.6425982117652893,brow_left_outer,velocity_y,absolute_quantile_90,absolute_motion
2,video_water_delta,357,340,0.6386775374412537,eye_right_upper,cz,late_minus_early,temporal
2,video_water_delta,358,677,0.6377704739570618,lower_lip,aspect,temporal_slope,temporal
2,video_water_delta,359,862,0.6286453604698181,brow_right_outer,velocity_y,absolute_mean,absolute_motion
2,video_water_delta,360,394,0.6267064213752747,eye_right_lower,cz,late_minus_early,temporal
2,video_water_delta,361,225,0.6258801221847534,eye_left_upper,cy,quantile_90,temporal
2,video_water_delta,362,267,0.6254973411560059,eye_left_upper,velocity_aspect,quantile_90,temporal
2,video_water_delta,363,774,0.6252809166908264,chin_center,area,mean,temporal
2,video_water_delta,364,944,0.6243008971214294,nose_bridge,velocity_y,absolute_quantile_90,absolute_motion
2,video_water_delta,365,121,0.6237247586250305,brow_right_inner,cz,std,temporal
2,video_water_delta,366,176,0.6235957145690918,brow_right_outer,cz,quantile_10,temporal
2,video_water_delta,367,428,0.620335042476654,eye_right_lower,velocity_aspect,quantile_10,temporal
2,video_water_delta,368,171,0.6197966933250427,brow_right_outer,cy,quantile_90,temporal
2,video_water_delta,369,657,0.6196730136871338,lower_lip,cy,quantile_90,temporal
2,video_water_delta,370,39,0.618371307849884,brow_left_inner,velocity_y,quantile_90,temporal
2,video_water_delta,371,504,0.6163755655288696,nose_alar_left,area,mean,temporal
2,video_water_delta,372,86,0.616020143032074,brow_left_outer,velocity_x,quantile_10,temporal
2,video_water_delta,373,409,0.614464282989502,eye_right_lower,velocity_x,std,temporal
2,video_water_delta,374,968,0.6056566834449768,nose_alar_left,velocity_aspect,absolute_quantile_90,absolute_motion
2,video_water_delta,375,40,0.6030980944633484,brow_left_inner,velocity_y,late_minus_early,temporal
2,video_water_delta,376,134,0.599857747554779,brow_right_inner,aspect,quantile_10,temporal
2,video_water_delta,377,371,0.5962108373641968,eye_right_upper,velocity_area,temporal_slope,temporal
2,video_water_delta,378,1049,0.5943745970726013,chin_center,velocity_aspect,absolute_max,absolute_motion
2,video_water_delta,379,452,0.592609167098999,nose_bridge,area,quantile_10,temporal
2,video_water_delta,380,66,0.5925427675247192,brow_left_outer,cz,mean,temporal
2,video_water_delta,381,1021,0.5885615944862366,lip_corners,velocity_x,absolute_max,absolute_motion
2,video_water_delta,382,251,0.5794022679328918,eye_left_upper,velocity_x,temporal_slope,temporal
2,video_water_delta,383,434,0.5789458751678467,nose_bridge,cx,quantile_10,temporal
2,video_water_delta,384,341,0.5762467980384827,eye_right_upper,cz,temporal_slope,temporal
2,video_water_delta,385,395,0.5742651224136353,eye_right_lower,cz,temporal_slope,temporal
2,video_water_delta,386,841,0.5717770457267761,brow_left_outer,velocity_aspect,absolute_max,absolute_motion
2,video_water_delta,387,41,0.5673696994781494,brow_left_inner,velocity_y,temporal_slope,temporal
2,video_water_delta,388,115,0.5665540099143982,brow_right_inner,cy,std,temporal
2,video_water_delta,389,1030,0.5656083822250366,lip_corners,velocity_aspect,absolute_mean,absolute_motion
2,video_water_delta,390,239,0.5640202760696411,eye_left_upper,area,temporal_slope,temporal
2,video_water_delta,391,711,0.5599032640457153,lip_corners,cy,quantile_90,temporal
2,video_water_delta,392,114,0.5597537159919739,brow_right_inner,cy,mean,temporal
2,video_water_delta,393,693,0.5589743852615356,lower_lip,velocity_area,quantile_90,temporal
2,video_water_delta,394,781,0.556154727935791,chin_center,aspect,std,temporal
2,video_water_delta,395,81,0.5526361465454102,brow_left_outer,aspect,quantile_90,temporal
2,video_water_delta,396,420,0.5495885610580444,eye_right_lower,velocity_area,mean,temporal
2,video_water_delta,397,947,0.5456860065460205,nose_bridge,velocity_area,absolute_std,absolute_motion
2,video_water_delta,398,128,0.5455870032310486,brow_right_inner,area,quantile_10,temporal
2,video_water_delta,399,132,0.5416143536567688,brow_right_inner,aspect,mean,temporal
2,video_water_delta,400,979,0.540073573589325,nose_alar_right,velocity_area,absolute_std,absolute_motion
2,video_water_delta,401,650,0.5380617380142212,lower_lip,cx,quantile_10,temporal
2,video_water_delta,402,279,0.5372463464736938,eye_left_lower,cy,quantile_90,temporal
2,video_water_delta,403,9,0.5366294384002686,brow_left_inner,cy,quantile_90,temporal
2,video_water_delta,404,316,0.5365499258041382,eye_left_lower,velocity_area,late_minus_early,temporal
2,video_water_delta,405,532,0.5315501689910889,nose_alar_left,velocity_area,late_minus_early,temporal
2,video_water_delta,406,182,0.531028687953949,brow_right_outer,area,quantile_10,temporal
2,video_water_delta,407,53,0.5293880105018616,brow_left_inner,velocity_aspect,temporal_slope,temporal
2,video_water_delta,408,327,0.5279988646507263,eye_right_upper,cx,quantile_90,temporal
2,video_water_delta,409,520,0.5185630917549133,nose_alar_left,velocity_x,late_minus_early,temporal
2,video_water_delta,410,369,0.5181813836097717,eye_right_upper,velocity_area,quantile_90,temporal
2,video_water_delta,411,1042,0.5144128203392029,chin_center,velocity_area,absolute_mean,absolute_motion
2,video_water_delta,412,403,0.5142325758934021,eye_right_lower,aspect,std,temporal
2,video_water_delta,413,586,0.5105943083763123,nose_alar_right,velocity_area,late_minus_early,temporal
2,video_water_delta,414,328,0.5099588632583618,eye_right_upper,cx,late_minus_early,temporal
2,video_water_delta,415,1032,0.5087565779685974,lip_corners,velocity_aspect,absolute_quantile_90,absolute_motion
2,video_water_delta,416,105,0.5053510665893555,brow_left_outer,velocity_aspect,quantile_90,temporal
2,video_water_delta,417,1038,0.5043883323669434,chin_center,velocity_y,absolute_mean,absolute_motion
2,video_water_delta,418,923,0.5029411315917969,eye_right_lower,velocity_x,absolute_std,absolute_motion
2,video_water_delta,419,843,0.4980546832084656,brow_right_inner,velocity_x,absolute_std,absolute_motion
2,video_water_delta,420,238,0.49281564354896545,eye_left_upper,area,late_minus_early,temporal
2,video_water_delta,421,355,0.4927194118499756,eye_right_upper,velocity_x,std,temporal
2,video_water_delta,422,973,0.4910065829753876,nose_alar_right,velocity_x,absolute_max,absolute_motion
2,video_water_delta,423,117,0.4863921105861664,brow_right_inner,cy,quantile_90,temporal
2,video_water_delta,424,80,0.48598524928092957,brow_left_outer,aspect,quantile_10,temporal
2,video_water_delta,425,469,0.48504719138145447,nose_bridge,velocity_y,std,temporal
2,video_water_delta,426,731,0.4847395420074463,lip_corners,aspect,temporal_slope,temporal
2,video_water_delta,427,943,0.4843811094760895,nose_bridge,velocity_y,absolute_std,absolute_motion
2,video_water_delta,428,192,0.48013216257095337,brow_right_outer,velocity_x,mean,temporal
2,video_water_delta,429,235,0.4795803725719452,eye_left_upper,area,std,temporal
2,video_water_delta,430,1009,0.4781997501850128,lower_lip,velocity_y,absolute_max,absolute_motion
2,video_water_delta,431,352,0.47739771008491516,eye_right_upper,aspect,late_minus_early,temporal
2,video_water_delta,432,730,0.4764426350593567,lip_corners,aspect,late_minus_early,temporal
2,video_water_delta,433,15,0.47182750701904297,brow_left_inner,cz,quantile_90,temporal
2,video_water_delta,434,741,0.4712923467159271,lip_corners,velocity_y,quantile_90,temporal
2,video_water_delta,435,791,0.46836134791374207,chin_center,velocity_x,temporal_slope,temporal
2,video_water_delta,436,799,0.46748146414756775,chin_center,velocity_area,std,temporal
2,video_water_delta,437,860,0.466687947511673,brow_right_outer,velocity_x,absolute_quantile_90,absolute_motion
2,video_water_delta,438,240,0.46430540084838867,eye_left_upper,aspect,mean,temporal
2,video_water_delta,439,941,0.4617057144641876,nose_bridge,velocity_x,absolute_max,absolute_motion
2,video_water_delta,440,626,0.4612102508544922,upper_lip,velocity_x,quantile_10,temporal
2,video_water_delta,441,381,0.4609338939189911,eye_right_lower,cx,quantile_90,temporal
2,video_water_delta,442,199,0.45789602398872375,brow_right_outer,velocity_y,std,temporal
2,video_water_delta,443,184,0.4549104869365692,brow_right_outer,area,late_minus_early,temporal
2,video_water_delta,444,96,0.4518943130970001,brow_left_outer,velocity_area,mean,temporal
2,video_water_delta,445,141,0.45018866658210754,brow_right_inner,velocity_x,quantile_90,temporal
2,video_water_delta,446,536,0.4487079679965973,nose_alar_left,velocity_aspect,quantile_10,temporal
2,video_water_delta,447,90,0.44768497347831726,brow_left_outer,velocity_y,mean,temporal
2,video_water_delta,448,214,0.4457654058933258,brow_right_outer,velocity_aspect,late_minus_early,temporal
2,video_water_delta,449,1022,0.4455752372741699,lip_corners,velocity_y,absolute_mean,absolute_motion
2,video_water_delta,450,687,0.44483211636543274,lower_lip,velocity_y,quantile_90,temporal
2,video_water_delta,451,93,0.4443257451057434,brow_left_outer,velocity_y,quantile_90,temporal
2,video_water_delta,452,430,0.44260188937187195,eye_right_lower,velocity_aspect,late_minus_early,temporal
2,video_water_delta,453,1006,0.44258996844291687,lower_lip,velocity_y,absolute_mean,absolute_motion
2,video_water_delta,454,404,0.4382694363594055,eye_right_lower,aspect,quantile_10,temporal
2,video_water_delta,455,635,0.4381844401359558,upper_lip,velocity_y,temporal_slope,temporal
2,video_water_delta,456,413,0.4359104335308075,eye_right_lower,velocity_x,temporal_slope,temporal
2,video_water_delta,457,1003,0.43449658155441284,lower_lip,velocity_x,absolute_std,absolute_motion
2,video_water_delta,458,786,0.43197453022003174,chin_center,velocity_x,mean,temporal
2,video_water_delta,459,123,0.42933860421180725,brow_right_inner,cz,quantile_90,temporal
2,video_water_delta,460,997,0.42823976278305054,upper_lip,velocity_area,absolute_max,absolute_motion
2,video_water_delta,461,788,0.42773038148880005,chin_center,velocity_x,quantile_10,temporal
2,video_water_delta,462,541,0.423978716135025,nose_alar_right,cx,std,temporal
2,video_water_delta,463,631,0.4214310050010681,upper_lip,velocity_y,std,temporal
2,video_water_delta,464,217,0.42122548818588257,eye_left_upper,cx,std,temporal
2,video_water_delta,465,204,0.4191945195198059,brow_right_outer,velocity_area,mean,temporal
2,video_water_delta,466,477,0.4183357357978821,nose_bridge,velocity_area,quantile_90,temporal
2,video_water_delta,467,385,0.416607528924942,eye_right_lower,cy,std,temporal
2,video_water_delta,468,94,0.41437312960624695,brow_left_outer,velocity_y,late_minus_early,temporal
2,video_water_delta,469,1035,0.40948593616485596,chin_center,velocity_x,absolute_std,absolute_motion
2,video_water_delta,470,882,0.4093782305717468,eye_left_upper,velocity_area,absolute_mean,absolute_motion
2,video_water_delta,471,344,0.408886194229126,eye_right_upper,area,quantile_10,temporal
2,video_water_delta,472,63,0.40707850456237793,brow_left_outer,cy,quantile_90,temporal
2,video_water_delta,473,995,0.4065277874469757,upper_lip,velocity_area,absolute_std,absolute_motion
2,video_water_delta,474,526,0.4063296914100647,nose_alar_left,velocity_y,late_minus_early,temporal
2,video_water_delta,475,492,0.40565454959869385,nose_alar_left,cy,mean,temporal
2,video_water_delta,476,659,0.4015049636363983,lower_lip,cy,temporal_slope,temporal
2,video_water_delta,477,18,0.3983806073665619,brow_left_inner,area,mean,temporal
2,video_water_delta,478,52,0.3982926905155182,brow_left_inner,velocity_aspect,late_minus_early,temporal
2,video_water_delta,479,942,0.3959859013557434,nose_bridge,velocity_y,absolute_mean,absolute_motion
2,video_water_delta,480,701,0.3950723111629486,lower_lip,velocity_aspect,temporal_slope,temporal
2,video_water_delta,481,728,0.39334240555763245,lip_corners,aspect,quantile_10,temporal
2,video_water_delta,482,990,0.3931354582309723,upper_lip,velocity_y,absolute_mean,absolute_motion
2,video_water_delta,483,550,0.3884035348892212,nose_alar_right,cy,late_minus_early,temporal
2,video_water_delta,484,981,0.38654661178588867,nose_alar_right,velocity_area,absolute_max,absolute_motion
2,video_water_delta,485,991,0.3856685757637024,upper_lip,velocity_y,absolute_std,absolute_motion
2,video_water_delta,486,709,0.38426902890205383,lip_corners,cy,std,temporal
2,video_water_delta,487,783,0.3815920054912567,chin_center,aspect,quantile_90,temporal
2,video_water_delta,488,356,0.37950751185417175,eye_right_upper,velocity_x,quantile_10,temporal
2,video_water_delta,489,634,0.3774148225784302,upper_lip,velocity_y,late_minus_early,temporal
2,video_water_delta,490,924,0.375619113445282,eye_right_lower,velocity_x,absolute_quantile_90,absolute_motion
2,video_water_delta,491,601,0.3755660653114319,upper_lip,cy,std,temporal
2,video_water_delta,492,459,0.3745596408843994,nose_bridge,aspect,quantile_90,temporal
2,video_water_delta,493,834,0.3728490471839905,brow_left_outer,velocity_area,absolute_mean,absolute_motion
2,video_water_delta,494,605,0.36966508626937866,upper_lip,cy,temporal_slope,temporal
2,video_water_delta,495,603,0.36862480640411377,upper_lip,cy,quantile_90,temporal
2,video_water_delta,496,561,0.3643896281719208,nose_alar_right,area,quantile_90,temporal
2,video_water_delta,497,939,0.3616637587547302,nose_bridge,velocity_x,absolute_std,absolute_motion
2,video_water_delta,498,357,0.3597371280193329,eye_right_upper,velocity_x,quantile_90,temporal
2,video_water_delta,499,223,0.35957634449005127,eye_left_upper,cy,std,temporal
2,video_water_delta,500,592,0.3589535057544708,nose_alar_right,velocity_aspect,late_minus_early,temporal
2,video_water_delta,501,410,0.35885167121887207,eye_right_lower,velocity_x,quantile_10,temporal
2,video_water_delta,502,771,0.3572435975074768,chin_center,cz,quantile_90,temporal
2,video_water_delta,503,140,0.35345080494880676,brow_right_inner,velocity_x,quantile_10,temporal
2,video_water_delta,504,516,0.3502899408340454,nose_alar_left,velocity_x,mean,temporal
2,video_water_delta,505,739,0.3498058319091797,lip_corners,velocity_y,std,temporal
2,video_water_delta,506,34,0.3472122251987457,brow_left_inner,velocity_x,late_minus_early,temporal
2,video_water_delta,507,463,0.34688600897789,nose_bridge,velocity_x,std,temporal
2,video_water_delta,508,104,0.34667307138442993,brow_left_outer,velocity_aspect,quantile_10,temporal
2,video_water_delta,509,649,0.34653934836387634,lower_lip,cx,std,temporal
2,video_water_delta,510,250,0.34610864520072937,eye_left_upper,velocity_x,late_minus_early,temporal
2,video_water_delta,511,7,0.34504348039627075,brow_left_inner,cy,std,temporal
2,video_water_delta,512,380,0.3424198627471924,eye_right_lower,cx,quantile_10,temporal
2,video_water_delta,513,481,0.33860763907432556,nose_bridge,velocity_aspect,std,temporal
2,video_water_delta,514,965,0.3366168737411499,nose_alar_left,velocity_area,absolute_max,absolute_motion
2,video_water_delta,515,624,0.33523327112197876,upper_lip,velocity_x,mean,temporal
2,video_water_delta,516,329,0.33517301082611084,eye_right_upper,cx,temporal_slope,temporal
2,video_water_delta,517,685,0.33493733406066895,lower_lip,velocity_y,std,temporal
2,video_water_delta,518,263,0.33278170228004456,eye_left_upper,velocity_area,temporal_slope,temporal
2,video_water_delta,519,793,0.33275410532951355,chin_center,velocity_y,std,temporal
2,video_water_delta,520,572,0.332297682762146,nose_alar_right,velocity_x,quantile_10,temporal
2,video_water_delta,521,676,0.3319739103317261,lower_lip,aspect,late_minus_early,temporal
2,video_water_delta,522,177,0.3310348093509674,brow_right_outer,cz,quantile_90,temporal
2,video_water_delta,523,794,0.330801784992218,chin_center,velocity_y,quantile_10,temporal
2,video_water_delta,524,764,0.33063772320747375,chin_center,cy,quantile_10,temporal
2,video_water_delta,525,951,0.32958993315696716,nose_bridge,velocity_aspect,absolute_std,absolute_motion
2,video_water_delta,526,200,0.3292025625705719,brow_right_outer,velocity_y,quantile_10,temporal
2,video_water_delta,527,257,0.3278481960296631,eye_left_upper,velocity_y,temporal_slope,temporal
2,video_water_delta,528,938,0.3277798295021057,nose_bridge,velocity_x,absolute_mean,absolute_motion
2,video_water_delta,529,74,0.32613736391067505,brow_left_outer,area,quantile_10,temporal
2,video_water_delta,530,87,0.32591912150382996,brow_left_outer,velocity_x,quantile_90,temporal
2,video_water_delta,531,414,0.32513588666915894,eye_right_lower,velocity_y,mean,temporal
2,video_water_delta,532,429,0.32379868626594543,eye_right_lower,velocity_aspect,quantile_90,temporal
2,video_water_delta,533,457,0.3186321258544922,nose_bridge,aspect,std,temporal
2,video_water_delta,534,830,0.3177531659603119,brow_left_outer,velocity_y,absolute_mean,absolute_motion
2,video_water_delta,535,713,0.3173236548900604,lip_corners,cy,temporal_slope,temporal
2,video_water_delta,536,180,0.3163734972476959,brow_right_outer,area,mean,temporal
2,video_water_delta,537,528,0.315364807844162,nose_alar_left,velocity_area,mean,temporal
2,video_water_delta,538,1043,0.3132253587245941,chin_center,velocity_area,absolute_std,absolute_motion
2,video_water_delta,539,139,0.31237995624542236,brow_right_inner,velocity_x,std,temporal
2,video_water_delta,540,6,0.3119020164012909,brow_left_inner,cy,mean,temporal
2,video_water_delta,541,662,0.3113088607788086,lower_lip,cz,quantile_10,temporal
2,video_water_delta,542,679,0.3067338466644287,lower_lip,velocity_x,std,temporal
2,video_water_delta,543,716,0.3064326345920563,lip_corners,cz,quantile_10,temporal
2,video_water_delta,544,494,0.30604544281959534,nose_alar_left,cy,quantile_10,temporal
2,video_water_delta,545,45,0.3051129877567291,brow_left_inner,velocity_area,quantile_90,temporal
2,video_water_delta,546,988,0.30462566018104553,upper_lip,velocity_x,absolute_quantile_90,absolute_motion
2,video_water_delta,547,507,0.3025372326374054,nose_alar_left,area,quantile_90,temporal
2,video_water_delta,548,277,0.30058345198631287,eye_left_lower,cy,std,temporal
2,video_water_delta,549,692,0.298132985830307,lower_lip,velocity_area,quantile_10,temporal
2,video_water_delta,550,703,0.2978535294532776,lip_corners,cx,std,temporal
2,video_water_delta,551,160,0.29761675000190735,brow_right_inner,velocity_aspect,late_minus_early,temporal
2,video_water_delta,552,913,0.29732072353363037,eye_right_upper,velocity_y,absolute_max,absolute_motion
2,video_water_delta,553,264,0.2965177297592163,eye_left_upper,velocity_aspect,mean,temporal
2,video_water_delta,554,401,0.29249513149261475,eye_right_lower,area,temporal_slope,temporal
2,video_water_delta,555,671,0.2922319173812866,lower_lip,area,temporal_slope,temporal
2,video_water_delta,556,542,0.28977587819099426,nose_alar_right,cx,quantile_10,temporal
2,video_water_delta,557,1019,0.2884877026081085,lip_corners,velocity_x,absolute_std,absolute_motion
2,video_water_delta,558,353,0.28804510831832886,eye_right_upper,aspect,temporal_slope,temporal
2,video_water_delta,559,663,0.2872788906097412,lower_lip,cz,quantile_90,temporal
2,video_water_delta,560,604,0.28537753224372864,upper_lip,cy,late_minus_early,temporal
2,video_water_delta,561,72,0.2841464579105377,brow_left_outer,area,mean,temporal
2,video_water_delta,562,293,0.279981791973114,eye_left_lower,area,temporal_slope,temporal
2,video_water_delta,563,552,0.2794521450996399,nose_alar_right,cz,mean,temporal
2,video_water_delta,564,67,0.2785227596759796,brow_left_outer,cz,std,temporal
2,video_water_delta,565,60,0.2781089246273041,brow_left_outer,cy,mean,temporal
2,video_water_delta,566,950,0.27786269783973694,nose_bridge,velocity_aspect,absolute_mean,absolute_motion
2,video_water_delta,567,440,0.27742713689804077,nose_bridge,cy,quantile_10,temporal
2,video_water_delta,568,343,0.27533650398254395,eye_right_upper,area,std,temporal
2,video_water_delta,569,417,0.2746441662311554,eye_right_lower,velocity_y,quantile_90,temporal
2,video_water_delta,570,591,0.27445274591445923,nose_alar_right,velocity_aspect,quantile_90,temporal
2,video_water_delta,571,91,0.2726644277572632,brow_left_outer,velocity_y,std,temporal
2,video_water_delta,572,807,0.27217328548431396,chin_center,velocity_aspect,quantile_90,temporal
2,video_water_delta,573,770,0.27152422070503235,chin_center,cz,quantile_10,temporal
2,video_water_delta,574,710,0.2709919512271881,lip_corners,cy,quantile_10,temporal
2,video_water_delta,575,971,0.2704581618309021,nose_alar_right,velocity_x,absolute_std,absolute_motion
2,video_water_delta,576,119,0.2697427570819855,brow_right_inner,cy,temporal_slope,temporal
2,video_water_delta,577,195,0.26969775557518005,brow_right_outer,velocity_x,quantile_90,temporal
2,video_water_delta,578,763,0.26928722858428955,chin_center,cy,std,temporal
2,video_water_delta,579,985,0.26917144656181335,nose_alar_right,velocity_aspect,absolute_max,absolute_motion
2,video_water_delta,580,934,0.26914873719215393,eye_right_lower,velocity_aspect,absolute_mean,absolute_motion
2,video_water_delta,581,782,0.26659178733825684,chin_center,aspect,quantile_10,temporal
2,video_water_delta,582,658,0.2648390829563141,lower_lip,cy,late_minus_early,temporal
2,video_water_delta,583,680,0.2626223564147949,lower_lip,velocity_x,quantile_10,temporal
2,video_water_delta,584,178,0.26238495111465454,brow_right_outer,cz,late_minus_early,temporal
2,video_water_delta,585,252,0.2619997262954712,eye_left_upper,velocity_y,mean,temporal
2,video_water_delta,586,97,0.2612360417842865,brow_left_outer,velocity_area,std,temporal
2,video_water_delta,587,331,0.2600012719631195,eye_right_upper,cy,std,temporal
2,video_water_delta,588,138,0.25993022322654724,brow_right_inner,velocity_x,mean,temporal
2,video_water_delta,589,743,0.25555112957954407,lip_corners,velocity_y,temporal_slope,temporal
2,video_water_delta,590,567,0.2549019455909729,nose_alar_right,aspect,quantile_90,temporal
2,video_water_delta,591,376,0.25023603439331055,eye_right_upper,velocity_aspect,late_minus_early,temporal
2,video_water_delta,592,419,0.24976801872253418,eye_right_lower,velocity_y,temporal_slope,temporal
2,video_water_delta,593,962,0.24943514168262482,nose_alar_left,velocity_area,absolute_mean,absolute_motion
2,video_water_delta,594,908,0.24929286539554596,eye_right_upper,velocity_x,absolute_quantile_90,absolute_motion
2,video_water_delta,595,848,0.2482442408800125,brow_right_inner,velocity_y,absolute_quantile_90,absolute_motion
2,video_water_delta,596,47,0.24797633290290833,brow_left_inner,velocity_area,temporal_slope,temporal
2,video_water_delta,597,555,0.24660630524158478,nose_alar_right,cz,quantile_90,temporal
2,video_water_delta,598,286,0.2441415935754776,eye_left_lower,cz,late_minus_early,temporal
2,video_water_delta,599,332,0.24287357926368713,eye_right_upper,cy,quantile_10,temporal
2,video_water_delta,600,620,0.2416175901889801,upper_lip,aspect,quantile_10,temporal
2,video_water_delta,601,683,0.2405426800251007,lower_lip,velocity_x,temporal_slope,temporal
2,video_water_delta,602,737,0.2394215613603592,lip_corners,velocity_x,temporal_slope,temporal
2,video_water_delta,603,183,0.23874102532863617,brow_right_outer,area,quantile_90,temporal
2,video_water_delta,604,622,0.23871278762817383,upper_lip,aspect,late_minus_early,temporal
2,video_water_delta,605,465,0.23858553171157837,nose_bridge,velocity_x,quantile_90,temporal
2,video_water_delta,606,435,0.23703080415725708,nose_bridge,cx,quantile_90,temporal
2,video_water_delta,607,750,0.23633842170238495,lip_corners,velocity_aspect,mean,temporal
2,video_water_delta,608,936,0.23618026077747345,eye_right_lower,velocity_aspect,absolute_quantile_90,absolute_motion
2,video_water_delta,609,150,0.2356271892786026,brow_right_inner,velocity_area,mean,temporal
2,video_water_delta,610,732,0.23532530665397644,lip_corners,velocity_x,mean,temporal
2,video_water_delta,611,974,0.23526644706726074,nose_alar_right,velocity_y,absolute_mean,absolute_motion
2,video_water_delta,612,869,0.23404653370380402,brow_right_outer,velocity_area,absolute_max,absolute_motion
2,video_water_delta,613,940,0.23401325941085815,nose_bridge,velocity_x,absolute_quantile_90,absolute_motion
2,video_water_delta,614,1046,0.23150712251663208,chin_center,velocity_aspect,absolute_mean,absolute_motion
2,video_water_delta,615,315,0.23060011863708496,eye_left_lower,velocity_area,quantile_90,temporal
2,video_water_delta,616,768,0.23048098385334015,chin_center,cz,mean,temporal
2,video_water_delta,617,188,0.22973516583442688,brow_right_outer,aspect,quantile_10,temporal
2,video_water_delta,618,228,0.22715602815151215,eye_left_upper,cz,mean,temporal
2,video_water_delta,619,529,0.22517749667167664,nose_alar_left,velocity_area,std,temporal
2,video_water_delta,620,321,0.2251555323600769,eye_left_lower,velocity_aspect,quantile_90,temporal
2,video_water_delta,621,412,0.22464996576309204,eye_right_lower,velocity_x,late_minus_early,temporal
2,video_water_delta,622,111,0.2244895100593567,brow_right_inner,cx,quantile_90,temporal
2,video_water_delta,623,863,0.2233401983976364,brow_right_outer,velocity_y,absolute_std,absolute_motion
2,video_water_delta,624,1048,0.22284996509552002,chin_center,velocity_aspect,absolute_quantile_90,absolute_motion
2,video_water_delta,625,84,0.2226419299840927,brow_left_outer,velocity_x,mean,temporal
2,video_water_delta,626,844,0.22198504209518433,brow_right_inner,velocity_x,absolute_quantile_90,absolute_motion
2,video_water_delta,627,390,0.2216780185699463,eye_right_lower,cz,mean,temporal
2,video_water_delta,628,12,0.22073113918304443,brow_left_inner,cz,mean,temporal
2,video_water_delta,629,633,0.22012585401535034,upper_lip,velocity_y,quantile_90,temporal
2,video_water_delta,630,1023,0.21993610262870789,lip_corners,velocity_y,absolute_std,absolute_motion
2,video_water_delta,631,953,0.21875163912773132,nose_bridge,velocity_aspect,absolute_max,absolute_motion
2,video_water_delta,632,712,0.21803605556488037,lip_corners,cy,late_minus_early,temporal
2,video_water_delta,633,365,0.21652540564537048,eye_right_upper,velocity_y,temporal_slope,temporal
2,video_water_delta,634,767,0.2137387990951538,chin_center,cy,temporal_slope,temporal
2,video_water_delta,635,478,0.21330495178699493,nose_bridge,velocity_area,late_minus_early,temporal
2,video_water_delta,636,815,0.21246615052223206,brow_left_inner,velocity_y,absolute_std,absolute_motion
2,video_water_delta,637,285,0.2119298279285431,eye_left_lower,cz,quantile_90,temporal
2,video_water_delta,638,543,0.2118697166442871,nose_alar_right,cx,quantile_90,temporal
2,video_water_delta,639,660,0.2096554934978485,lower_lip,cz,mean,temporal
2,video_water_delta,640,560,0.20921674370765686,nose_alar_right,area,quantile_10,temporal
2,video_water_delta,641,803,0.20787079632282257,chin_center,velocity_area,temporal_slope,temporal
2,video_water_delta,642,907,0.20739389955997467,eye_right_upper,velocity_x,absolute_std,absolute_motion
2,video_water_delta,643,858,0.207266703248024,brow_right_outer,velocity_x,absolute_mean,absolute_motion
2,video_water_delta,644,571,0.2057742476463318,nose_alar_right,velocity_x,std,temporal
2,video_water_delta,645,831,0.20524393022060394,brow_left_outer,velocity_y,absolute_std,absolute_motion
2,video_water_delta,646,762,0.20449115335941315,chin_center,cy,mean,temporal
2,video_water_delta,647,577,0.20417164266109467,nose_alar_right,velocity_y,std,temporal
2,video_water_delta,648,578,0.2024555653333664,nose_alar_right,velocity_y,quantile_10,temporal
2,video_water_delta,649,879,0.200847789645195,eye_left_upper,velocity_y,absolute_std,absolute_motion
2,video_water_delta,650,101,0.200066938996315,brow_left_outer,velocity_area,temporal_slope,temporal
2,video_water_delta,651,638,0.20005346834659576,upper_lip,velocity_area,quantile_10,temporal
2,video_water_delta,652,632,0.19933463633060455,upper_lip,velocity_y,quantile_10,temporal
2,video_water_delta,653,867,0.19730938971042633,brow_right_outer,velocity_area,absolute_std,absolute_motion
2,video_water_delta,654,742,0.19685202836990356,lip_corners,velocity_y,late_minus_early,temporal
2,video_water_delta,655,427,0.19571195542812347,eye_right_lower,velocity_aspect,std,temporal
2,video_water_delta,656,470,0.19534707069396973,nose_bridge,velocity_y,quantile_10,temporal
2,video_water_delta,657,287,0.19499926269054413,eye_left_lower,cz,temporal_slope,temporal
2,video_water_delta,658,842,0.19457271695137024,brow_right_inner,velocity_x,absolute_mean,absolute_motion
2,video_water_delta,659,689,0.19358444213867188,lower_lip,velocity_y,temporal_slope,temporal
2,video_water_delta,660,269,0.19306965172290802,eye_left_upper,velocity_aspect,temporal_slope,temporal
2,video_water_delta,661,145,0.19272950291633606,brow_right_inner,velocity_y,std,temporal
2,video_water_delta,662,197,0.1915981024503708,brow_right_outer,velocity_x,temporal_slope,temporal
2,video_water_delta,663,179,0.1906023919582367,brow_right_outer,cz,temporal_slope,temporal
2,video_water_delta,664,1007,0.18883126974105835,lower_lip,velocity_y,absolute_std,absolute_motion
2,video_water_delta,665,400,0.18644221127033234,eye_right_lower,area,late_minus_early,temporal
2,video_water_delta,666,608,0.18441389501094818,upper_lip,cz,quantile_10,temporal
2,video_water_delta,667,911,0.18418896198272705,eye_right_upper,velocity_y,absolute_std,absolute_motion
2,video_water_delta,668,727,0.18301963806152344,lip_corners,aspect,std,temporal
2,video_water_delta,669,656,0.18080908060073853,lower_lip,cy,quantile_10,temporal
2,video_water_delta,670,963,0.1802435666322708,nose_alar_left,velocity_area,absolute_std,absolute_motion
2,video_water_delta,671,148,0.17980803549289703,brow_right_inner,velocity_y,late_minus_early,temporal
2,video_water_delta,672,855,0.17668893933296204,brow_right_inner,velocity_aspect,absolute_std,absolute_motion
2,video_water_delta,673,1039,0.17646580934524536,chin_center,velocity_y,absolute_std,absolute_motion
2,video_water_delta,674,714,0.17618659138679504,lip_corners,cz,mean,temporal
2,video_water_delta,675,621,0.17564670741558075,upper_lip,aspect,quantile_90,temporal
2,video_water_delta,676,717,0.17545247077941895,lip_corners,cz,quantile_90,temporal
2,video_water_delta,677,817,0.17333343625068665,brow_left_inner,velocity_y,absolute_max,absolute_motion
2,video_water_delta,678,254,0.17222242057323456,eye_left_upper,velocity_y,quantile_10,temporal
2,video_water_delta,679,602,0.17054446041584015,upper_lip,cy,quantile_10,temporal
2,video_water_delta,680,1034,0.17011640965938568,chin_center,velocity_x,absolute_mean,absolute_motion
2,video_water_delta,681,643,0.16772857308387756,upper_lip,velocity_aspect,std,temporal
2,video_water_delta,682,157,0.16676652431488037,brow_right_inner,velocity_aspect,std,temporal
2,video_water_delta,683,1045,0.16630809009075165,chin_center,velocity_area,absolute_max,absolute_motion
2,video_water_delta,684,553,0.1661565750837326,nose_alar_right,cz,std,temporal
2,video_water_delta,685,617,0.165645033121109,upper_lip,area,temporal_slope,temporal
2,video_water_delta,686,637,0.1654331535100937,upper_lip,velocity_area,std,temporal
2,video_water_delta,687,952,0.16310584545135498,nose_bridge,velocity_aspect,absolute_quantile_90,absolute_motion
2,video_water_delta,688,76,0.16305510699748993,brow_left_outer,area,late_minus_early,temporal
2,video_water_delta,689,203,0.1629713475704193,brow_right_outer,velocity_y,temporal_slope,temporal
2,video_water_delta,690,688,0.16107682883739471,lower_lip,velocity_y,late_minus_early,temporal
2,video_water_delta,691,384,0.15753331780433655,eye_right_lower,cy,mean,temporal
2,video_water_delta,692,595,0.1561562418937683,upper_lip,cx,std,temporal
2,video_water_delta,693,765,0.155522421002388,chin_center,cy,quantile_90,temporal
2,video_water_delta,694,836,0.15463297069072723,brow_left_outer,velocity_area,absolute_quantile_90,absolute_motion
2,video_water_delta,695,62,0.153803288936615,brow_left_outer,cy,quantile_10,temporal
2,video_water_delta,696,565,0.15224449336528778,nose_alar_right,aspect,std,temporal
2,video_water_delta,697,845,0.15158116817474365,brow_right_inner,velocity_x,absolute_max,absolute_motion
2,video_water_delta,698,955,0.15077945590019226,nose_alar_left,velocity_x,absolute_std,absolute_motion
2,video_water_delta,699,305,0.1504165381193161,eye_left_lower,velocity_x,temporal_slope,temporal
2,video_water_delta,700,754,0.15007536113262177,lip_corners,velocity_aspect,late_minus_early,temporal
2,video_water_delta,701,456,0.14956317842006683,nose_bridge,aspect,mean,temporal
2,video_water_delta,702,570,0.14625144004821777,nose_alar_right,velocity_x,mean,temporal
2,video_water_delta,703,193,0.1459469050168991,brow_right_outer,velocity_x,std,temporal
2,video_water_delta,704,8,0.14562083780765533,brow_left_inner,cy,quantile_10,temporal
2,video_water_delta,705,533,0.14458167552947998,nose_alar_left,velocity_area,temporal_slope,temporal
2,video_water_delta,706,333,0.14402048289775848,eye_right_upper,cy,quantile_90,temporal
2,video_water_delta,707,273,0.14047563076019287,eye_left_lower,cx,quantile_90,temporal
2,video_water_delta,708,980,0.13847671449184418,nose_alar_right,velocity_area,absolute_quantile_90,absolute_motion
2,video_water_delta,709,970,0.138307124376297,nose_alar_right,velocity_x,absolute_mean,absolute_motion
2,video_water_delta,710,292,0.13749223947525024,eye_left_lower,area,late_minus_early,temporal
2,video_water_delta,711,655,0.13724616169929504,lower_lip,cy,std,temporal
2,video_water_delta,712,24,0.13710646331310272,brow_left_inner,aspect,mean,temporal
2,video_water_delta,713,441,0.13701170682907104,nose_bridge,cy,quantile_90,temporal
2,video_water_delta,714,559,0.13561341166496277,nose_alar_right,area,std,temporal
2,video_water_delta,715,894,0.1342601627111435,eye_left_lower,velocity_y,absolute_mean,absolute_motion
2,video_water_delta,716,487,0.13417810201644897,nose_alar_left,cx,std,temporal
2,video_water_delta,717,705,0.13336136937141418,lip_corners,cx,quantile_90,temporal
2,video_water_delta,718,155,0.1329972892999649,brow_right_inner,velocity_area,temporal_slope,temporal
2,video_water_delta,719,3,0.1319131851196289,brow_left_inner,cx,quantile_90,temporal
2,video_water_delta,720,854,0.1309634894132614,brow_right_inner,velocity_aspect,absolute_mean,absolute_motion
2,video_water_delta,721,311,0.12973950803279877,eye_left_lower,velocity_y,temporal_slope,temporal
2,video_water_delta,722,889,0.12771238386631012,eye_left_upper,velocity_aspect,absolute_max,absolute_motion
2,video_water_delta,723,606,0.12765927612781525,upper_lip,cz,mean,temporal
2,video_water_delta,724,272,0.12699195742607117,eye_left_lower,cx,quantile_10,temporal
2,video_water_delta,725,935,0.12554694712162018,eye_right_lower,velocity_aspect,absolute_std,absolute_motion
2,video_water_delta,726,125,0.12341202050447464,brow_right_inner,cz,temporal_slope,temporal
2,video_water_delta,727,146,0.12214577943086624,brow_right_inner,velocity_y,quantile_10,temporal
2,video_water_delta,728,406,0.12166997045278549,eye_right_lower,aspect,late_minus_early,temporal
2,video_water_delta,729,1004,0.11923818290233612,lower_lip,velocity_x,absolute_quantile_90,absolute_motion
2,video_water_delta,730,670,0.11874483525753021,lower_lip,area,late_minus_early,temporal
2,video_water_delta,731,868,0.11718681454658508,brow_right_outer,velocity_area,absolute_quantile_90,absolute_motion
2,video_water_delta,732,755,0.11687541007995605,lip_corners,velocity_aspect,temporal_slope,temporal
2,video_water_delta,733,1014,0.11668048053979874,lower_lip,velocity_aspect,absolute_mean,absolute_motion
2,video_water_delta,734,215,0.1156812459230423,brow_right_outer,velocity_aspect,temporal_slope,temporal
2,video_water_delta,735,975,0.11476024985313416,nose_alar_right,velocity_y,absolute_std,absolute_motion
2,video_water_delta,736,1016,0.1136334165930748,lower_lip,velocity_aspect,absolute_quantile_90,absolute_motion
2,video_water_delta,737,499,0.11362095177173615,nose_alar_left,cz,std,temporal
2,video_water_delta,738,488,0.11328916996717453,nose_alar_left,cx,quantile_10,temporal
2,video_water_delta,739,651,0.11151435226202011,lower_lip,cx,quantile_90,temporal
2,video_water_delta,740,77,0.11084213107824326,brow_left_outer,area,temporal_slope,temporal
2,video_water_delta,741,976,0.10977114737033844,nose_alar_right,velocity_y,absolute_quantile_90,absolute_motion
2,video_water_delta,742,14,0.10970325767993927,brow_left_inner,cz,quantile_10,temporal
2,video_water_delta,743,468,0.10964644700288773,nose_bridge,velocity_y,mean,temporal
2,video_water_delta,744,445,0.10942615568637848,nose_bridge,cz,std,temporal
2,video_water_delta,745,857,0.10936520993709564,brow_right_inner,velocity_aspect,absolute_max,absolute_motion
2,video_water_delta,746,609,0.10923001915216446,upper_lip,cz,quantile_90,temporal
2,video_water_delta,747,338,0.1087627187371254,eye_right_upper,cz,quantile_10,temporal
2,video_water_delta,748,438,0.10861300677061081,nose_bridge,cy,mean,temporal
2,video_water_delta,749,531,0.10684110224246979,nose_alar_left,velocity_area,quantile_90,temporal
2,video_water_delta,750,118,0.10644030570983887,brow_right_inner,cy,late_minus_early,temporal
2,video_water_delta,751,896,0.1051061600446701,eye_left_lower,velocity_y,absolute_quantile_90,absolute_motion
2,video_water_delta,752,835,0.10494831204414368,brow_left_outer,velocity_area,absolute_std,absolute_motion
2,video_water_delta,753,1047,0.10459286719560623,chin_center,velocity_aspect,absolute_std,absolute_motion
2,video_water_delta,754,113,0.10459180176258087,brow_right_inner,cx,temporal_slope,temporal
2,video_water_delta,755,486,0.10399321466684341,nose_alar_left,cx,mean,temporal
2,video_water_delta,756,629,0.10392604768276215,upper_lip,velocity_x,temporal_slope,temporal
2,video_water_delta,757,726,0.10361388325691223,lip_corners,aspect,mean,temporal
2,video_water_delta,758,309,0.10343517363071442,eye_left_lower,velocity_y,quantile_90,temporal
2,video_water_delta,759,790,0.10167954862117767,chin_center,velocity_x,late_minus_early,temporal
2,video_water_delta,760,859,0.10083930939435959,brow_right_outer,velocity_x,absolute_std,absolute_motion
2,video_water_delta,761,411,0.10040484368801117,eye_right_lower,velocity_x,quantile_90,temporal
2,video_water_delta,762,880,0.10040248930454254,eye_left_upper,velocity_y,absolute_quantile_90,absolute_motion
2,video_water_delta,763,122,0.09904424846172333,brow_right_inner,cz,quantile_10,temporal
2,video_water_delta,764,236,0.09904240816831589,eye_left_upper,area,quantile_10,temporal
2,video_water_delta,765,623,0.09893552958965302,upper_lip,aspect,temporal_slope,temporal
2,video_water_delta,766,268,0.09860049188137054,eye_left_upper,velocity_aspect,late_minus_early,temporal
2,video_water_delta,767,554,0.09838025271892548,nose_alar_right,cz,quantile_10,temporal
2,video_water_delta,768,209,0.09741406887769699,brow_right_outer,velocity_area,temporal_slope,temporal
2,video_water_delta,769,295,0.09737830609083176,eye_left_lower,aspect,std,temporal
2,video_water_delta,770,752,0.09685993194580078,lip_corners,velocity_aspect,quantile_10,temporal
2,video_water_delta,771,517,0.09515146166086197,nose_alar_left,velocity_x,std,temporal
2,video_water_delta,772,540,0.09498772025108337,nose_alar_right,cx,mean,temporal
2,video_water_delta,773,929,0.0949033722281456,eye_right_lower,velocity_y,absolute_max,absolute_motion
2,video_water_delta,774,112,0.09369227290153503,brow_right_inner,cx,late_minus_early,temporal
2,video_water_delta,775,909,0.09278415888547897,eye_right_upper,velocity_x,absolute_max,absolute_motion
2,video_water_delta,776,224,0.09263553470373154,eye_left_upper,cy,quantile_10,temporal
2,video_water_delta,777,512,0.09258491545915604,nose_alar_left,aspect,quantile_10,temporal
2,video_water_delta,778,757,0.09217561036348343,chin_center,cx,std,temporal
2,video_water_delta,779,10,0.09080155938863754,brow_left_inner,cy,late_minus_early,temporal
2,video_water_delta,780,998,0.08979541808366776,upper_lip,velocity_aspect,absolute_mean,absolute_motion
2,video_water_delta,781,1010,0.08978189527988434,lower_lip,velocity_area,absolute_mean,absolute_motion
2,video_water_delta,782,19,0.08809627592563629,brow_left_inner,area,std,temporal
2,video_water_delta,783,905,0.08727492392063141,eye_left_lower,velocity_aspect,absolute_max,absolute_motion
2,video_water_delta,784,697,0.08561872690916061,lower_lip,velocity_aspect,std,temporal
2,video_water_delta,785,522,0.08526918292045593,nose_alar_left,velocity_y,mean,temporal
2,video_water_delta,786,124,0.0850730910897255,brow_right_inner,cz,late_minus_early,temporal
2,video_water_delta,787,46,0.08373492956161499,brow_left_inner,velocity_area,late_minus_early,temporal
2,video_water_delta,788,361,0.08304531127214432,eye_right_upper,velocity_y,std,temporal
2,video_water_delta,789,625,0.08219332247972488,upper_lip,velocity_x,std,temporal
2,video_water_delta,790,792,0.08101304620504379,chin_center,velocity_y,mean,temporal
2,video_water_delta,791,1,0.08071240037679672,brow_left_inner,cx,std,temporal
2,video_water_delta,792,426,0.08068346232175827,eye_right_lower,velocity_aspect,mean,temporal
2,video_water_delta,793,766,0.08031346648931503,chin_center,cy,late_minus_early,temporal
2,video_water_delta,794,964,0.07930257171392441,nose_alar_left,velocity_area,absolute_quantile_90,absolute_motion
2,video_water_delta,795,163,0.07881531119346619,brow_right_outer,cx,std,temporal
2,video_water_delta,796,619,0.07879026979207993,upper_lip,aspect,std,temporal
2,video_water_delta,797,642,0.0783657357096672,upper_lip,velocity_aspect,mean,temporal
2,video_water_delta,798,865,0.07808395475149155,brow_right_outer,velocity_y,absolute_max,absolute_motion
2,video_water_delta,799,174,0.0765628069639206,brow_right_outer,cz,mean,temporal
2,video_water_delta,800,518,0.07619953155517578,nose_alar_left,velocity_x,quantile_10,temporal
2,video_water_delta,801,700,0.0736776664853096,lower_lip,velocity_aspect,late_minus_early,temporal
2,video_water_delta,802,672,0.07365168631076813,lower_lip,aspect,mean,temporal
2,video_water_delta,803,342,0.07282151281833649,eye_right_upper,area,mean,temporal
2,video_water_delta,804,278,0.07263226807117462,eye_left_lower,cy,quantile_10,temporal
2,video_water_delta,805,527,0.07221953570842743,nose_alar_left,velocity_y,temporal_slope,temporal
2,video_water_delta,806,519,0.0716712698340416,nose_alar_left,velocity_x,quantile_90,temporal
2,video_water_delta,807,787,0.07024971395730972,chin_center,velocity_x,std,temporal
2,video_water_delta,808,1002,0.06964247673749924,lower_lip,velocity_x,absolute_mean,absolute_motion
2,video_water_delta,809,661,0.06912409514188766,lower_lip,cz,std,temporal
2,video_water_delta,810,154,0.06770626455545425,brow_right_inner,velocity_area,late_minus_early,temporal
2,video_water_delta,811,253,0.06692284345626831,eye_left_upper,velocity_y,std,temporal
2,video_water_delta,812,802,0.0667000487446785,chin_center,velocity_area,late_minus_early,temporal
2,video_water_delta,813,407,0.06461670994758606,eye_right_lower,aspect,temporal_slope,temporal
2,video_water_delta,814,849,0.06430163979530334,brow_right_inner,velocity_y,absolute_max,absolute_motion
2,video_water_delta,815,0,0.064108707010746,brow_left_inner,cx,mean,temporal
2,video_water_delta,816,897,0.0635930597782135,eye_left_lower,velocity_y,absolute_max,absolute_motion
2,video_water_delta,817,759,0.0634988397359848,chin_center,cx,quantile_90,temporal
2,video_water_delta,818,131,0.06349419802427292,brow_right_inner,area,temporal_slope,temporal
2,video_water_delta,819,336,0.06345219165086746,eye_right_upper,cz,mean,temporal
2,video_water_delta,820,987,0.06263814866542816,upper_lip,velocity_x,absolute_std,absolute_motion
2,video_water_delta,821,847,0.062224794179201126,brow_right_inner,velocity_y,absolute_std,absolute_motion
2,video_water_delta,822,648,0.0613047257065773,lower_lip,cx,mean,temporal
2,video_water_delta,823,1017,0.06061951816082001,lower_lip,velocity_aspect,absolute_max,absolute_motion
2,video_water_delta,824,57,0.060167085379362106,brow_left_outer,cx,quantile_90,temporal
2,video_water_delta,825,937,0.06000392511487007,eye_right_lower,velocity_aspect,absolute_max,absolute_motion
2,video_water_delta,826,1011,0.05900133401155472,lower_lip,velocity_area,absolute_std,absolute_motion
2,video_water_delta,827,276,0.05821206420660019,eye_left_lower,cy,mean,temporal
2,video_water_delta,828,480,0.05810129642486572,nose_bridge,velocity_aspect,mean,temporal
2,video_water_delta,829,99,0.05775696411728859,brow_left_outer,velocity_area,quantile_90,temporal
2,video_water_delta,830,205,0.057043761014938354,brow_right_outer,velocity_area,std,temporal
2,video_water_delta,831,956,0.056844599545001984,nose_alar_left,velocity_x,absolute_quantile_90,absolute_motion
2,video_water_delta,832,296,0.05677099898457527,eye_left_lower,aspect,quantile_10,temporal
2,video_water_delta,833,206,0.05619219318032265,brow_right_outer,velocity_area,quantile_10,temporal
2,video_water_delta,834,989,0.05486246943473816,upper_lip,velocity_x,absolute_max,absolute_motion
2,video_water_delta,835,108,0.05378703027963638,brow_right_inner,cx,mean,temporal
2,video_water_delta,836,242,0.053309500217437744,eye_left_upper,aspect,quantile_10,temporal
2,video_water_delta,837,957,0.05323299020528793,nose_alar_left,velocity_x,absolute_max,absolute_motion
2,video_water_delta,838,408,0.05274173244833946,eye_right_lower,velocity_x,mean,temporal
2,video_water_delta,839,164,0.05122590437531471,brow_right_outer,cx,quantile_10,temporal
2,video_water_delta,840,130,0.050775062292814255,brow_right_inner,area,late_minus_early,temporal
2,video_water_delta,841,318,0.0498935766518116,eye_left_lower,velocity_aspect,mean,temporal
2,video_water_delta,842,795,0.04949171468615532,chin_center,velocity_y,quantile_90,temporal
2,video_water_delta,843,769,0.04924459382891655,chin_center,cz,std,temporal
2,video_water_delta,844,1000,0.049198463559150696,upper_lip,velocity_aspect,absolute_quantile_90,absolute_motion
2,video_water_delta,845,493,0.04848707467317581,nose_alar_left,cy,std,temporal
2,video_water_delta,846,216,0.04823637753725052,eye_left_upper,cx,mean,temporal
2,video_water_delta,847,1013,0.04783623293042183,lower_lip,velocity_area,absolute_max,absolute_motion
2,video_water_delta,848,11,0.04702777788043022,brow_left_inner,cy,temporal_slope,temporal
2,video_water_delta,849,1015,0.04699334502220154,lower_lip,velocity_aspect,absolute_std,absolute_motion
2,video_water_delta,850,489,0.046432189643383026,nose_alar_left,cx,quantile_90,temporal
2,video_water_delta,851,954,0.04578039422631264,nose_alar_left,velocity_x,absolute_mean,absolute_motion
2,video_water_delta,852,288,0.0451829619705677,eye_left_lower,area,mean,temporal
2,video_water_delta,853,270,0.04461202025413513,eye_left_lower,cx,mean,temporal
2,video_water_delta,854,505,0.04362235218286514,nose_alar_left,area,std,temporal
2,video_water_delta,855,297,0.04302165284752846,eye_left_lower,aspect,quantile_90,temporal
2,video_water_delta,856,306,0.04282260313630104,eye_left_lower,velocity_y,mean,temporal
2,video_water_delta,857,282,0.042437486350536346,eye_left_lower,cz,mean,temporal
2,video_water_delta,858,444,0.041632264852523804,nose_bridge,cz,mean,temporal
2,video_water_delta,859,198,0.04133768379688263,brow_right_outer,velocity_y,mean,temporal
2,video_water_delta,860,439,0.0405552014708519,nose_bridge,cy,std,temporal
2,video_water_delta,861,168,0.039319369941949844,brow_right_outer,cy,mean,temporal
2,video_water_delta,862,616,0.038920532912015915,upper_lip,area,late_minus_early,temporal
2,video_water_delta,863,1008,0.03870860114693642,lower_lip,velocity_y,absolute_quantile_90,absolute_motion
2,video_water_delta,864,462,0.038416314870119095,nose_bridge,velocity_x,mean,temporal
2,video_water_delta,865,234,0.038363948464393616,eye_left_upper,area,mean,temporal
2,video_water_delta,866,682,0.03815115988254547,lower_lip,velocity_x,late_minus_early,temporal
2,video_water_delta,867,501,0.03776010870933533,nose_alar_left,cz,quantile_90,temporal
2,video_water_delta,868,647,0.03715677931904793,upper_lip,velocity_aspect,temporal_slope,temporal
2,video_water_delta,869,219,0.036590978503227234,eye_left_upper,cx,quantile_90,temporal
2,video_water_delta,870,587,0.03601966053247452,nose_alar_right,velocity_area,temporal_slope,temporal
2,video_water_delta,871,378,0.03576294705271721,eye_right_lower,cx,mean,temporal
2,video_water_delta,872,162,0.035696472972631454,brow_right_outer,cx,mean,temporal
2,video_water_delta,873,218,0.0355590283870697,eye_left_upper,cx,quantile_10,temporal
2,video_water_delta,874,949,0.03521692007780075,nose_bridge,velocity_area,absolute_max,absolute_motion
2,video_water_delta,875,646,0.03517981991171837,upper_lip,velocity_aspect,late_minus_early,temporal
2,video_water_delta,876,161,0.03444712609052658,brow_right_inner,velocity_aspect,temporal_slope,temporal
2,video_water_delta,877,645,0.034069355577230453,upper_lip,velocity_aspect,quantile_90,temporal
2,video_water_delta,878,345,0.03399433195590973,eye_right_upper,area,quantile_90,temporal
2,video_water_delta,879,116,0.03307533264160156,brow_right_inner,cy,quantile_10,temporal
2,video_water_delta,880,639,0.03296361491084099,upper_lip,velocity_area,quantile_90,temporal
2,video_water_delta,881,360,0.03263174742460251,eye_right_upper,velocity_y,mean,temporal
2,video_water_delta,882,615,0.03216591104865074,upper_lip,area,quantile_90,temporal
2,video_water_delta,883,324,0.030431358143687248,eye_right_upper,cx,mean,temporal
2,video_water_delta,884,308,0.030077049508690834,eye_left_lower,velocity_y,quantile_10,temporal
2,video_water_delta,885,20,0.0298466794192791,brow_left_inner,area,quantile_10,temporal
2,video_water_delta,886,1040,0.029681555926799774,chin_center,velocity_y,absolute_quantile_90,absolute_motion
2,video_water_delta,887,271,0.029572557657957077,eye_left_lower,cx,std,temporal
2,video_water_delta,888,222,0.029002318158745766,eye_left_upper,cy,mean,temporal
2,video_water_delta,889,78,0.02805340103805065,brow_left_outer,aspect,mean,temporal
2,video_water_delta,890,294,0.02767639234662056,eye_left_lower,aspect,mean,temporal
2,video_water_delta,891,736,0.02751300111413002,lip_corners,velocity_x,late_minus_early,temporal
2,video_water_delta,892,237,0.026804912835359573,eye_left_upper,area,quantile_90,temporal
2,video_water_delta,893,56,0.026018816977739334,brow_left_outer,cx,quantile_10,temporal
2,video_water_delta,894,312,0.025789719074964523,eye_left_lower,velocity_area,mean,temporal
2,video_water_delta,895,447,0.02501807175576687,nose_bridge,cz,quantile_90,temporal
2,video_water_delta,896,483,0.024885915219783783,nose_bridge,velocity_aspect,quantile_90,temporal
2,video_water_delta,897,729,0.02481580525636673,lip_corners,aspect,quantile_90,temporal
2,video_water_delta,898,126,0.02413994073867798,brow_right_inner,area,mean,temporal
2,video_water_delta,899,784,0.024075912311673164,chin_center,aspect,late_minus_early,temporal
2,video_water_delta,900,61,0.023649821057915688,brow_left_outer,cy,std,temporal
2,video_water_delta,901,320,0.023402472957968712,eye_left_lower,velocity_aspect,quantile_10,temporal
2,video_water_delta,902,681,0.022380629554390907,lower_lip,velocity_x,quantile_90,temporal
2,video_water_delta,903,231,0.022370122373104095,eye_left_upper,cz,quantile_90,temporal
2,video_water_delta,904,628,0.022352606058120728,upper_lip,velocity_x,late_minus_early,temporal
2,video_water_delta,905,322,0.022009719163179398,eye_left_lower,velocity_aspect,late_minus_early,temporal
2,video_water_delta,906,667,0.021932633593678474,lower_lip,area,std,temporal
2,video_water_delta,907,904,0.02185620553791523,eye_left_lower,velocity_aspect,absolute_quantile_90,absolute_motion
2,video_water_delta,908,808,0.02108130417764187,chin_center,velocity_aspect,late_minus_early,temporal
2,video_water_delta,909,833,0.02106933481991291,brow_left_outer,velocity_y,absolute_max,absolute_motion
2,video_water_delta,910,686,0.021003544330596924,lower_lip,velocity_y,quantile_10,temporal
2,video_water_delta,911,521,0.019736215472221375,nose_alar_left,velocity_x,temporal_slope,temporal
2,video_water_delta,912,106,0.019158726558089256,brow_left_outer,velocity_aspect,late_minus_early,temporal
2,video_water_delta,913,903,0.01906861551105976,eye_left_lower,velocity_aspect,absolute_std,absolute_motion
2,video_water_delta,914,804,0.01876840367913246,chin_center,velocity_aspect,mean,temporal
2,video_water_delta,915,2,0.018429789692163467,brow_left_inner,cx,quantile_10,temporal
2,video_water_delta,916,895,0.018341215327382088,eye_left_lower,velocity_y,absolute_std,absolute_motion
2,video_water_delta,917,133,0.018178829923272133,brow_right_inner,aspect,std,temporal
2,video_water_delta,918,715,0.017900601029396057,lip_corners,cz,std,temporal
2,video_water_delta,919,654,0.017790349200367928,lower_lip,cy,mean,temporal
2,video_water_delta,920,1012,0.017002619802951813,lower_lip,velocity_area,absolute_quantile_90,absolute_motion
2,video_water_delta,921,837,0.016287855803966522,brow_left_outer,velocity_area,absolute_max,absolute_motion
2,video_water_delta,922,684,0.016009273007512093,lower_lip,velocity_y,mean,temporal
2,video_water_delta,923,607,0.015989739447832108,upper_lip,cz,std,temporal
2,video_water_delta,924,416,0.0155646288767457,eye_right_lower,velocity_y,quantile_10,temporal
2,video_water_delta,925,612,0.015524223446846008,upper_lip,area,mean,temporal
2,video_water_delta,926,35,0.015372151508927345,brow_left_inner,velocity_x,temporal_slope,temporal
2,video_water_delta,927,495,0.014797172509133816,nose_alar_left,cy,quantile_90,temporal
2,video_water_delta,928,699,0.01464628055691719,lower_lip,velocity_aspect,quantile_90,temporal
2,video_water_delta,929,75,0.013838433660566807,brow_left_outer,area,quantile_90,temporal
2,video_water_delta,930,30,0.013447749428451061,brow_left_inner,velocity_x,mean,temporal
2,video_water_delta,931,92,0.013406055048108101,brow_left_outer,velocity_y,quantile_10,temporal
2,video_water_delta,932,593,0.013245592825114727,nose_alar_right,velocity_aspect,temporal_slope,temporal
2,video_water_delta,933,912,0.01265625562518835,eye_right_upper,velocity_y,absolute_quantile_90,absolute_motion
2,video_water_delta,934,13,0.012498865835368633,brow_left_inner,cz,std,temporal
2,video_water_delta,935,597,0.01244144607335329,upper_lip,cx,quantile_90,temporal
2,video_water_delta,936,630,0.012160458602011204,upper_lip,velocity_y,mean,temporal
2,video_water_delta,937,961,0.01189335249364376,nose_alar_left,velocity_y,absolute_max,absolute_motion
2,video_water_delta,938,149,0.011875947937369347,brow_right_inner,velocity_y,temporal_slope,temporal
2,video_water_delta,939,298,0.0117816012352705,eye_left_lower,aspect,late_minus_early,temporal
2,video_water_delta,940,972,0.010369137860834599,nose_alar_right,velocity_x,absolute_quantile_90,absolute_motion
2,video_water_delta,941,498,0.009879468008875847,nose_alar_left,cz,mean,temporal
2,video_water_delta,942,994,0.00982743315398693,upper_lip,velocity_area,absolute_mean,absolute_motion
2,video_water_delta,943,354,0.009803935885429382,eye_right_upper,velocity_x,mean,temporal
2,video_water_delta,944,467,0.009715004824101925,nose_bridge,velocity_x,temporal_slope,temporal
2,video_water_delta,945,310,0.009082820266485214,eye_left_lower,velocity_y,late_minus_early,temporal
2,video_water_delta,946,363,0.008703066036105156,eye_right_upper,velocity_y,quantile_90,temporal
2,video_water_delta,947,796,0.008036812767386436,chin_center,velocity_y,late_minus_early,temporal
2,video_water_delta,948,377,0.008002324029803276,eye_right_upper,velocity_aspect,temporal_slope,temporal
2,video_water_delta,949,866,0.007624854799360037,brow_right_outer,velocity_area,absolute_mean,absolute_motion
2,video_water_delta,950,364,0.007605263032019138,eye_right_upper,velocity_y,late_minus_early,temporal
2,video_water_delta,951,733,0.007324958220124245,lip_corners,velocity_x,std,temporal
2,video_water_delta,952,5,0.007062009070068598,brow_left_inner,cx,temporal_slope,temporal
2,video_water_delta,953,573,0.006945780478417873,nose_alar_right,velocity_x,quantile_90,temporal
2,video_water_delta,954,594,0.006604248657822609,upper_lip,cx,mean,temporal
2,video_water_delta,955,780,0.0061988187953829765,chin_center,aspect,mean,temporal
2,video_water_delta,956,861,0.006153399590402842,brow_right_outer,velocity_x,absolute_max,absolute_motion
2,video_water_delta,957,575,0.005539523437619209,nose_alar_right,velocity_x,temporal_slope,temporal
2,video_water_delta,958,678,0.005538556259125471,lower_lip,velocity_x,mean,temporal
2,video_water_delta,959,450,0.005533937364816666,nose_bridge,area,mean,temporal
2,video_water_delta,960,302,0.005426305811852217,eye_left_lower,velocity_x,quantile_10,temporal
2,video_water_delta,961,323,0.005153200123459101,eye_left_lower,velocity_aspect,temporal_slope,temporal
2,video_water_delta,962,926,0.005067320540547371,eye_right_lower,velocity_y,absolute_mean,absolute_motion
2,video_water_delta,963,1024,0.0050308313220739365,lip_corners,velocity_y,absolute_quantile_90,absolute_motion
2,video_water_delta,964,666,0.0050165243446826935,lower_lip,area,mean,temporal
2,video_water_delta,965,579,0.004973094444721937,nose_alar_right,velocity_y,quantile_90,temporal
2,video_water_delta,966,1001,0.00487609812989831,upper_lip,velocity_aspect,absolute_max,absolute_motion
2,video_water_delta,967,775,0.00470686424523592,chin_center,area,std,temporal
2,video_water_delta,968,208,0.004425338003784418,brow_right_outer,velocity_area,late_minus_early,temporal
2,video_water_delta,969,500,0.004240448586642742,nose_alar_left,cz,quantile_10,temporal
2,video_water_delta,970,304,0.004196584224700928,eye_left_lower,velocity_x,late_minus_early,temporal
2,video_water_delta,971,708,0.004142960999161005,lip_corners,cy,mean,temporal
2,video_water_delta,972,159,0.004094408825039864,brow_right_inner,velocity_aspect,quantile_90,temporal
2,video_water_delta,973,600,0.0040076919831335545,upper_lip,cy,mean,temporal
2,video_water_delta,974,396,0.003990718629211187,eye_right_lower,area,mean,temporal
2,video_water_delta,975,785,0.003869607811793685,chin_center,aspect,temporal_slope,temporal
2,video_water_delta,976,196,0.0035727079957723618,brow_right_outer,velocity_x,late_minus_early,temporal
2,video_water_delta,977,691,0.0035200482234358788,lower_lip,velocity_area,std,temporal
2,video_water_delta,978,618,0.0032961589749902487,upper_lip,aspect,mean,temporal
2,video_water_delta,979,319,0.0030819277744740248,eye_left_lower,velocity_aspect,std,temporal
2,video_water_delta,980,307,0.003070755861699581,eye_left_lower,velocity_y,std,temporal
2,video_water_delta,981,506,0.0029815512243658304,nose_alar_left,area,quantile_10,temporal
2,video_water_delta,982,144,0.0027212193235754967,brow_right_inner,velocity_y,mean,temporal
2,video_water_delta,983,547,0.002307397313416004,nose_alar_right,cy,std,temporal
2,video_water_delta,984,260,0.0022372030653059483,eye_left_upper,velocity_area,quantile_10,temporal
2,video_water_delta,985,992,0.00216491031460464,upper_lip,velocity_y,absolute_quantile_90,absolute_motion
2,video_water_delta,986,668,0.002036894904449582,lower_lip,area,quantile_10,temporal
2,video_water_delta,987,418,0.0019053593277931213,eye_right_lower,velocity_y,late_minus_early,temporal
2,video_water_delta,988,55,0.0017794878222048283,brow_left_outer,cx,std,temporal
2,video_water_delta,989,262,0.0016857720911502838,eye_left_upper,velocity_area,late_minus_early,temporal
2,video_water_delta,990,673,0.0013114901958033442,lower_lip,aspect,std,temporal
2,video_water_delta,991,330,0.001308430335484445,eye_right_upper,cy,mean,temporal
2,video_water_delta,992,256,0.0012353373458608985,eye_left_upper,velocity_y,late_minus_early,temporal
2,video_water_delta,993,996,0.0010698889382183552,upper_lip,velocity_area,absolute_quantile_90,absolute_motion
2,video_water_delta,994,902,0.001069330726750195,eye_left_lower,velocity_aspect,absolute_mean,absolute_motion
2,video_water_delta,995,415,0.000993764610029757,eye_right_lower,velocity_y,std,temporal
2,video_water_delta,996,482,0.0009190084529109299,nose_bridge,velocity_aspect,quantile_10,temporal
2,video_water_delta,997,100,0.0009027022169902921,brow_left_outer,velocity_area,late_minus_early,temporal
2,video_water_delta,998,458,0.0009017885895445943,nose_bridge,aspect,quantile_10,temporal
2,video_water_delta,999,479,0.000851015851367265,nose_bridge,velocity_area,temporal_slope,temporal
2,video_water_delta,1000,928,0.00083569047274068,eye_right_lower,velocity_y,absolute_quantile_90,absolute_motion
2,video_water_delta,1001,740,0.0008316799649037421,lip_corners,velocity_y,quantile_10,temporal
2,video_water_delta,1002,805,0.0007662055431865156,chin_center,velocity_aspect,std,temporal
2,video_water_delta,1003,977,0.00065050512785092,nose_alar_right,velocity_y,absolute_max,absolute_motion
2,video_water_delta,1004,392,0.0006289385491982102,eye_right_lower,cz,quantile_10,temporal
2,video_water_delta,1005,89,0.0006101110484451056,brow_left_outer,velocity_x,temporal_slope,temporal
2,video_water_delta,1006,925,0.0005927617894485593,eye_right_lower,velocity_x,absolute_max,absolute_motion
2,video_water_delta,1007,614,0.0005791423027403653,upper_lip,area,quantile_10,temporal
2,video_water_delta,1008,910,0.0005631496896967292,eye_right_upper,velocity_y,absolute_mean,absolute_motion
2,video_water_delta,1009,809,0.0005150838987901807,chin_center,velocity_aspect,temporal_slope,temporal
2,video_water_delta,1010,299,0.0004994947230443358,eye_left_lower,aspect,temporal_slope,temporal
2,video_water_delta,1011,36,0.0004820626927539706,brow_left_inner,velocity_y,mean,temporal
2,video_water_delta,1012,370,0.0004187642771285027,eye_right_upper,velocity_area,late_minus_early,temporal
2,video_water_delta,1013,249,0.0004083822132088244,eye_left_upper,velocity_x,quantile_90,temporal
2,video_water_delta,1014,446,0.00038490432780236006,nose_bridge,cz,quantile_10,temporal
2,video_water_delta,1015,702,0.00033444847213104367,lip_corners,cx,mean,temporal
2,video_water_delta,1016,797,0.0002243260241812095,chin_center,velocity_y,temporal_slope,temporal
2,video_water_delta,1017,698,0.0002125100145349279,lower_lip,velocity_aspect,quantile_10,temporal
2,video_water_delta,1018,669,0.0001741648156894371,lower_lip,area,quantile_90,temporal
2,video_water_delta,1019,530,0.00016554234025534242,nose_alar_left,velocity_area,quantile_10,temporal
2,video_water_delta,1020,878,0.00014562734577339143,eye_left_upper,velocity_y,absolute_mean,absolute_motion
2,video_water_delta,1021,387,0.0001124458503909409,eye_right_lower,cy,quantile_90,temporal
2,video_water_delta,1022,54,0.00011219136649742723,brow_left_outer,cx,mean,temporal
2,video_water_delta,1023,120,8.799691568128765e-05,brow_right_inner,cz,mean,temporal
2,video_water_delta,1024,927,8.337925828527659e-05,eye_right_lower,velocity_y,absolute_std,absolute_motion
2,video_water_delta,1025,756,7.931542495498434e-05,chin_center,cx,mean,temporal
2,video_water_delta,1026,362,6.711175228701904e-05,eye_right_upper,velocity_y,quantile_10,temporal
2,video_water_delta,1027,207,5.4840951634105295e-05,brow_right_outer,velocity_area,quantile_90,temporal
2,video_water_delta,1028,873,4.68113248643931e-05,brow_right_outer,velocity_aspect,absolute_max,absolute_motion
2,video_water_delta,1029,255,2.3180984499049373e-05,eye_left_upper,velocity_y,quantile_90,temporal
2,video_water_delta,1030,675,1.865778904175386e-05,lower_lip,aspect,quantile_90,temporal
2,video_water_delta,1031,738,1.3282306099426933e-05,lip_corners,velocity_y,mean,temporal
2,video_water_delta,1032,4,1.2689799405052327e-05,brow_left_inner,cx,late_minus_early,temporal
2,video_water_delta,1033,613,6.971257789700758e-06,upper_lip,area,std,temporal
2,video_water_delta,1034,432,3.929584181605605e-06,nose_bridge,cx,mean,temporal
3,video_raw,1,303,6.361880779266357,eye_left_lower,velocity_x,quantile_90,temporal
3,video_raw,2,48,6.225346565246582,brow_left_inner,velocity_aspect,mean,temporal
3,video_raw,3,1017,5.329964637756348,lower_lip,velocity_aspect,absolute_max,absolute_motion
3,video_raw,4,143,5.2346978187561035,brow_right_inner,velocity_x,temporal_slope,temporal
3,video_raw,5,248,4.929996967315674,eye_left_upper,velocity_x,quantile_10,temporal
3,video_raw,6,242,4.472426891326904,eye_left_upper,aspect,quantile_10,temporal
3,video_raw,7,142,4.36391019821167,brow_right_inner,velocity_x,late_minus_early,temporal
3,video_raw,8,240,4.224838733673096,eye_left_upper,aspect,mean,temporal
3,video_raw,9,729,3.9691574573516846,lip_corners,aspect,quantile_90,temporal
3,video_raw,10,243,3.9089207649230957,eye_left_upper,aspect,quantile_90,temporal
3,video_raw,11,236,3.8510348796844482,eye_left_upper,area,quantile_10,temporal
3,video_raw,12,637,3.6825246810913086,upper_lip,velocity_area,std,temporal
3,video_raw,13,995,3.6286542415618896,upper_lip,velocity_area,absolute_std,absolute_motion
3,video_raw,14,344,3.6102538108825684,eye_right_upper,area,quantile_10,temporal
3,video_raw,15,620,3.5506913661956787,upper_lip,aspect,quantile_10,temporal
3,video_raw,16,697,3.500001907348633,lower_lip,velocity_aspect,std,temporal
3,video_raw,17,726,3.342341184616089,lip_corners,aspect,mean,temporal
3,video_raw,18,618,3.290600061416626,upper_lip,aspect,mean,temporal
3,video_raw,19,1015,3.2714595794677734,lower_lip,velocity_aspect,absolute_std,absolute_motion
3,video_raw,20,621,3.1405506134033203,upper_lip,aspect,quantile_90,temporal
3,video_raw,21,301,3.1268503665924072,eye_left_lower,velocity_x,std,temporal
3,video_raw,22,1013,3.0597124099731445,lower_lip,velocity_area,absolute_max,absolute_motion
3,video_raw,23,812,3.024282217025757,brow_left_inner,velocity_x,absolute_quantile_90,absolute_motion
3,video_raw,24,891,3.0024361610412598,eye_left_lower,velocity_x,absolute_std,absolute_motion
3,video_raw,25,342,2.914247989654541,eye_right_upper,area,mean,temporal
3,video_raw,26,356,2.8855249881744385,eye_right_upper,velocity_x,quantile_10,temporal
3,video_raw,27,890,2.8568482398986816,eye_left_lower,velocity_x,absolute_mean,absolute_motion
3,video_raw,28,438,2.8205692768096924,nose_bridge,cy,mean,temporal
3,video_raw,29,234,2.786099433898926,eye_left_upper,area,mean,temporal
3,video_raw,30,345,2.7118659019470215,eye_right_upper,area,quantile_90,temporal
3,video_raw,31,923,2.6882615089416504,eye_right_lower,velocity_x,absolute_std,absolute_motion
3,video_raw,32,160,2.6864173412323,brow_right_inner,velocity_aspect,late_minus_early,temporal
3,video_raw,33,312,2.659672498703003,eye_left_lower,velocity_area,mean,temporal
3,video_raw,34,1047,2.63811993598938,chin_center,velocity_aspect,absolute_std,absolute_motion
3,video_raw,35,441,2.61747670173645,nose_bridge,cy,quantile_90,temporal
3,video_raw,36,487,2.5536019802093506,nose_alar_left,cx,std,temporal
3,video_raw,37,214,2.484530210494995,brow_right_outer,velocity_aspect,late_minus_early,temporal
3,video_raw,38,163,2.449052333831787,brow_right_outer,cx,std,temporal
3,video_raw,39,617,2.4372317790985107,upper_lip,area,temporal_slope,temporal
3,video_raw,40,39,2.3553876876831055,brow_left_inner,velocity_y,quantile_90,temporal
3,video_raw,41,969,2.3392622470855713,nose_alar_left,velocity_aspect,absolute_max,absolute_motion
3,video_raw,42,805,2.3338637351989746,chin_center,velocity_aspect,std,temporal
3,video_raw,43,1030,2.3147430419921875,lip_corners,velocity_aspect,absolute_mean,absolute_motion
3,video_raw,44,616,2.306753396987915,upper_lip,area,late_minus_early,temporal
3,video_raw,45,874,2.2985990047454834,eye_left_upper,velocity_x,absolute_mean,absolute_motion
3,video_raw,46,411,2.2953927516937256,eye_right_lower,velocity_x,quantile_90,temporal
3,video_raw,47,1048,2.279696226119995,chin_center,velocity_aspect,absolute_quantile_90,absolute_motion
3,video_raw,48,440,2.2760560512542725,nose_bridge,cy,quantile_10,temporal
3,video_raw,49,38,2.263422966003418,brow_left_inner,velocity_y,quantile_10,temporal
3,video_raw,50,892,2.2466201782226562,eye_left_lower,velocity_x,absolute_quantile_90,absolute_motion
3,video_raw,51,128,2.2319862842559814,brow_right_inner,area,quantile_10,temporal
3,video_raw,52,28,2.1985864639282227,brow_left_inner,aspect,late_minus_early,temporal
3,video_raw,53,907,2.1963083744049072,eye_right_upper,velocity_x,absolute_std,absolute_motion
3,video_raw,54,102,2.1713080406188965,brow_left_outer,velocity_aspect,mean,temporal
3,video_raw,55,247,2.157780170440674,eye_left_upper,velocity_x,std,temporal
3,video_raw,56,409,2.157315492630005,eye_right_lower,velocity_x,std,temporal
3,video_raw,57,841,2.14801025390625,brow_left_outer,velocity_aspect,absolute_max,absolute_motion
3,video_raw,58,994,2.14778208732605,upper_lip,velocity_area,absolute_mean,absolute_motion
3,video_raw,59,781,2.139449119567871,chin_center,aspect,std,temporal
3,video_raw,60,31,2.123476028442383,brow_left_inner,velocity_x,std,temporal
3,video_raw,61,1014,2.10103178024292,lower_lip,velocity_aspect,absolute_mean,absolute_motion
3,video_raw,62,433,2.0920166969299316,nose_bridge,cx,std,temporal
3,video_raw,63,546,2.075277090072632,nose_alar_right,cy,mean,temporal
3,video_raw,64,96,2.052090644836426,brow_left_outer,velocity_area,mean,temporal
3,video_trial_delta,1,303,6.361880779266357,eye_left_lower,velocity_x,quantile_90,temporal
3,video_trial_delta,2,48,6.225346565246582,brow_left_inner,velocity_aspect,mean,temporal
3,video_trial_delta,3,1017,5.329964637756348,lower_lip,velocity_aspect,absolute_max,absolute_motion
3,video_trial_delta,4,143,5.2346978187561035,brow_right_inner,velocity_x,temporal_slope,temporal
3,video_trial_delta,5,248,4.929996967315674,eye_left_upper,velocity_x,quantile_10,temporal
3,video_trial_delta,6,142,4.36391019821167,brow_right_inner,velocity_x,late_minus_early,temporal
3,video_trial_delta,7,637,3.6825246810913086,upper_lip,velocity_area,std,temporal
3,video_trial_delta,8,995,3.6286542415618896,upper_lip,velocity_area,absolute_std,absolute_motion
3,video_trial_delta,9,697,3.500001907348633,lower_lip,velocity_aspect,std,temporal
3,video_trial_delta,10,290,3.2777748107910156,eye_left_lower,area,quantile_10,temporal
3,video_trial_delta,11,1015,3.2714595794677734,lower_lip,velocity_aspect,absolute_std,absolute_motion
3,video_trial_delta,12,301,3.1268503665924072,eye_left_lower,velocity_x,std,temporal
3,video_trial_delta,13,500,3.1238853931427,nose_alar_left,cz,quantile_10,temporal
3,video_trial_delta,14,1013,3.0597124099731445,lower_lip,velocity_area,absolute_max,absolute_motion
3,video_trial_delta,15,812,3.024282217025757,brow_left_inner,velocity_x,absolute_quantile_90,absolute_motion
3,video_trial_delta,16,891,3.0024361610412598,eye_left_lower,velocity_x,absolute_std,absolute_motion
3,video_trial_delta,17,15,2.919182300567627,brow_left_inner,cz,quantile_90,temporal
3,video_trial_delta,18,356,2.8855249881744385,eye_right_upper,velocity_x,quantile_10,temporal
3,video_trial_delta,19,69,2.8764567375183105,brow_left_outer,cz,quantile_90,temporal
3,video_trial_delta,20,890,2.8568482398986816,eye_left_lower,velocity_x,absolute_mean,absolute_motion
3,video_trial_delta,21,923,2.6882615089416504,eye_right_lower,velocity_x,absolute_std,absolute_motion
3,video_trial_delta,22,160,2.6864173412323,brow_right_inner,velocity_aspect,late_minus_early,temporal
3,video_trial_delta,23,312,2.659672498703003,eye_left_lower,velocity_area,mean,temporal
3,video_trial_delta,24,1047,2.63811993598938,chin_center,velocity_aspect,absolute_std,absolute_motion
3,video_trial_delta,25,487,2.5536022186279297,nose_alar_left,cx,std,temporal
3,video_trial_delta,26,214,2.484530210494995,brow_right_outer,velocity_aspect,late_minus_early,temporal
3,video_trial_delta,27,163,2.4490511417388916,brow_right_outer,cx,std,temporal
3,video_trial_delta,28,617,2.4372313022613525,upper_lip,area,temporal_slope,temporal
3,video_trial_delta,29,39,2.3553876876831055,brow_left_inner,velocity_y,quantile_90,temporal
3,video_trial_delta,30,969,2.3392622470855713,nose_alar_left,velocity_aspect,absolute_max,absolute_motion
3,video_trial_delta,31,805,2.3338637351989746,chin_center,velocity_aspect,std,temporal
3,video_trial_delta,32,1030,2.3147430419921875,lip_corners,velocity_aspect,absolute_mean,absolute_motion
3,video_trial_delta,33,616,2.3067538738250732,upper_lip,area,late_minus_early,temporal
3,video_trial_delta,34,874,2.2985990047454834,eye_left_upper,velocity_x,absolute_mean,absolute_motion
3,video_trial_delta,35,411,2.2953927516937256,eye_right_lower,velocity_x,quantile_90,temporal
3,video_trial_delta,36,1048,2.279696226119995,chin_center,velocity_aspect,absolute_quantile_90,absolute_motion
3,video_trial_delta,37,38,2.263422966003418,brow_left_inner,velocity_y,quantile_10,temporal
3,video_trial_delta,38,892,2.2466201782226562,eye_left_lower,velocity_x,absolute_quantile_90,absolute_motion
3,video_trial_delta,39,28,2.19858717918396,brow_left_inner,aspect,late_minus_early,temporal
3,video_trial_delta,40,907,2.1963083744049072,eye_right_upper,velocity_x,absolute_std,absolute_motion
3,video_trial_delta,41,102,2.1713080406188965,brow_left_outer,velocity_aspect,mean,temporal
3,video_trial_delta,42,247,2.157780170440674,eye_left_upper,velocity_x,std,temporal
3,video_trial_delta,43,409,2.157315492630005,eye_right_lower,velocity_x,std,temporal
3,video_trial_delta,44,841,2.14801025390625,brow_left_outer,velocity_aspect,absolute_max,absolute_motion
3,video_trial_delta,45,994,2.14778208732605,upper_lip,velocity_area,absolute_mean,absolute_motion
3,video_trial_delta,46,781,2.139449119567871,chin_center,aspect,std,temporal
3,video_trial_delta,47,31,2.123476028442383,brow_left_inner,velocity_x,std,temporal
3,video_trial_delta,48,1014,2.10103178024292,lower_lip,velocity_aspect,absolute_mean,absolute_motion
3,video_trial_delta,49,433,2.092017412185669,nose_bridge,cx,std,temporal
3,video_trial_delta,50,96,2.052090644836426,brow_left_outer,velocity_area,mean,temporal
3,video_trial_delta,51,811,2.047445774078369,brow_left_inner,velocity_x,absolute_std,absolute_motion
3,video_trial_delta,52,823,2.047118902206421,brow_left_inner,velocity_aspect,absolute_std,absolute_motion
3,video_trial_delta,53,202,2.0434353351593018,brow_right_outer,velocity_y,late_minus_early,temporal
3,video_trial_delta,54,810,2.035228967666626,brow_left_inner,velocity_x,absolute_mean,absolute_motion
3,video_trial_delta,55,996,2.0276405811309814,upper_lip,velocity_area,absolute_quantile_90,absolute_motion
3,video_trial_delta,56,636,2.023932456970215,upper_lip,velocity_area,mean,temporal
3,video_trial_delta,57,268,2.0051753520965576,eye_left_upper,velocity_aspect,late_minus_early,temporal
3,video_trial_delta,58,751,1.987623691558838,lip_corners,velocity_aspect,std,temporal
3,video_trial_delta,59,833,1.9859471321105957,brow_left_outer,velocity_y,absolute_max,absolute_motion
3,video_trial_delta,60,595,1.9706403017044067,upper_lip,cx,std,temporal
3,video_trial_delta,61,26,1.964764952659607,brow_left_inner,aspect,quantile_10,temporal
3,video_trial_delta,62,727,1.9266188144683838,lip_corners,aspect,std,temporal
3,video_trial_delta,63,42,1.9241979122161865,brow_left_inner,velocity_area,mean,temporal
3,video_trial_delta,64,888,1.920210838317871,eye_left_upper,velocity_aspect,absolute_quantile_90,absolute_motion
3,video_trial_delta,65,662,1.9152199029922485,lower_lip,cz,quantile_10,temporal
3,video_trial_delta,66,908,1.9115263223648071,eye_right_upper,velocity_x,absolute_quantile_90,absolute_motion
3,video_trial_delta,67,511,1.9077718257904053,nose_alar_left,aspect,std,temporal
3,video_trial_delta,68,47,1.8800410032272339,brow_left_inner,velocity_area,temporal_slope,temporal
3,video_trial_delta,69,612,1.878960371017456,upper_lip,area,mean,temporal
3,video_trial_delta,70,29,1.8711987733840942,brow_left_inner,aspect,temporal_slope,temporal
3,video_trial_delta,71,297,1.8693106174468994,eye_left_lower,aspect,quantile_90,temporal
3,video_trial_delta,72,801,1.8588528633117676,chin_center,velocity_area,quantile_90,temporal
3,video_trial_delta,73,101,1.840024709701538,brow_left_outer,velocity_area,temporal_slope,temporal
3,video_trial_delta,74,1011,1.8380393981933594,lower_lip,velocity_area,absolute_std,absolute_motion
3,video_trial_delta,75,381,1.8363462686538696,eye_right_lower,cx,quantile_90,temporal
3,video_trial_delta,76,355,1.8345117568969727,eye_right_upper,velocity_x,std,temporal
3,video_trial_delta,77,770,1.8021882772445679,chin_center,cz,quantile_10,temporal
3,video_trial_delta,78,288,1.794571876525879,eye_left_lower,area,mean,temporal
3,video_trial_delta,79,107,1.7897405624389648,brow_left_outer,velocity_aspect,temporal_slope,temporal
3,video_trial_delta,80,1042,1.7777806520462036,chin_center,velocity_area,absolute_mean,absolute_motion
3,video_trial_delta,81,887,1.7588465213775635,eye_left_upper,velocity_aspect,absolute_std,absolute_motion
3,video_trial_delta,82,466,1.758304476737976,nose_bridge,velocity_x,late_minus_early,temporal
3,video_trial_delta,83,924,1.7523738145828247,eye_right_lower,velocity_x,absolute_quantile_90,absolute_motion
3,video_trial_delta,84,716,1.7168761491775513,lip_corners,cz,quantile_10,temporal
3,video_trial_delta,85,608,1.71140718460083,upper_lip,cz,quantile_10,temporal
3,video_trial_delta,86,1025,1.6948333978652954,lip_corners,velocity_y,absolute_max,absolute_motion
3,video_trial_delta,87,560,1.6879644393920898,nose_alar_right,area,quantile_10,temporal
3,video_trial_delta,88,541,1.67678964138031,nose_alar_right,cx,std,temporal
3,video_trial_delta,89,461,1.6718562841415405,nose_bridge,aspect,temporal_slope,temporal
3,video_trial_delta,90,831,1.665895700454712,brow_left_outer,velocity_y,absolute_std,absolute_motion
3,video_trial_delta,91,440,1.6647814512252808,nose_bridge,cy,quantile_10,temporal
3,video_trial_delta,92,825,1.663469910621643,brow_left_inner,velocity_aspect,absolute_max,absolute_motion
3,video_trial_delta,93,489,1.6568822860717773,nose_alar_left,cx,quantile_90,temporal
3,video_trial_delta,94,1020,1.655623435974121,lip_corners,velocity_x,absolute_quantile_90,absolute_motion
3,video_trial_delta,95,326,1.6551766395568848,eye_right_upper,cx,quantile_10,temporal
3,video_trial_delta,96,997,1.6543986797332764,upper_lip,velocity_area,absolute_max,absolute_motion
3,video_trial_delta,97,1009,1.6263370513916016,lower_lip,velocity_y,absolute_max,absolute_motion
3,video_trial_delta,98,1033,1.6111799478530884,lip_corners,velocity_aspect,absolute_max,absolute_motion
3,video_trial_delta,99,875,1.6088783740997314,eye_left_upper,velocity_x,absolute_std,absolute_motion
3,video_trial_delta,100,405,1.6054553985595703,eye_right_lower,aspect,quantile_90,temporal
3,video_trial_delta,101,127,1.6022310256958008,brow_right_inner,area,std,temporal
3,video_trial_delta,102,154,1.56979501247406,brow_right_inner,velocity_area,late_minus_early,temporal
3,video_trial_delta,103,800,1.5662832260131836,chin_center,velocity_area,quantile_10,temporal
3,video_trial_delta,104,615,1.5656813383102417,upper_lip,area,quantile_90,temporal
3,video_trial_delta,105,33,1.5637742280960083,brow_left_inner,velocity_x,quantile_90,temporal
3,video_trial_delta,106,644,1.5557336807250977,upper_lip,velocity_aspect,quantile_10,temporal
3,video_trial_delta,107,32,1.550891637802124,brow_left_inner,velocity_x,quantile_10,temporal
3,video_trial_delta,108,240,1.549652338027954,eye_left_upper,aspect,mean,temporal
3,video_trial_delta,109,498,1.5465633869171143,nose_alar_left,cz,mean,temporal
3,video_trial_delta,110,460,1.531611680984497,nose_bridge,aspect,late_minus_early,temporal
3,video_trial_delta,111,49,1.524538516998291,brow_left_inner,velocity_aspect,std,temporal
3,video_trial_delta,112,828,1.5206536054611206,brow_left_outer,velocity_x,absolute_quantile_90,absolute_motion
3,video_trial_delta,113,242,1.5175983905792236,eye_left_upper,aspect,quantile_10,temporal
3,video_trial_delta,114,243,1.5146727561950684,eye_left_upper,aspect,quantile_90,temporal
3,video_trial_delta,115,520,1.5128151178359985,nose_alar_left,velocity_x,late_minus_early,temporal
3,video_trial_delta,116,922,1.4711533784866333,eye_right_lower,velocity_x,absolute_mean,absolute_motion
3,video_trial_delta,117,505,1.449833631515503,nose_alar_left,area,std,temporal
3,video_trial_delta,118,820,1.4462218284606934,brow_left_inner,velocity_area,absolute_quantile_90,absolute_motion
3,video_trial_delta,119,87,1.4397412538528442,brow_left_outer,velocity_x,quantile_90,temporal
3,video_trial_delta,120,586,1.4021074771881104,nose_alar_right,velocity_area,late_minus_early,temporal
3,video_trial_delta,121,1031,1.3931047916412354,lip_corners,velocity_aspect,absolute_std,absolute_motion
3,video_trial_delta,122,376,1.390297532081604,eye_right_upper,velocity_aspect,late_minus_early,temporal
3,video_trial_delta,123,358,1.3879765272140503,eye_right_upper,velocity_x,late_minus_early,temporal
3,video_trial_delta,124,906,1.384817123413086,eye_right_upper,velocity_x,absolute_mean,absolute_motion
3,video_trial_delta,125,229,1.3826888799667358,eye_left_upper,cz,std,temporal
3,video_trial_delta,126,1016,1.3796840906143188,lower_lip,velocity_aspect,absolute_quantile_90,absolute_motion
3,video_trial_delta,127,198,1.3672317266464233,brow_right_outer,velocity_y,mean,temporal
3,video_trial_delta,128,889,1.343549132347107,eye_left_upper,velocity_aspect,absolute_max,absolute_motion
3,video_trial_delta,129,431,1.3350943326950073,eye_right_lower,velocity_aspect,temporal_slope,temporal
3,video_trial_delta,130,231,1.33405601978302,eye_left_upper,cz,quantile_90,temporal
3,video_trial_delta,131,799,1.3218477964401245,chin_center,velocity_area,std,temporal
3,video_trial_delta,132,873,1.315984845161438,brow_right_outer,velocity_aspect,absolute_max,absolute_motion
3,video_trial_delta,133,602,1.2839268445968628,upper_lip,cy,quantile_10,temporal
3,video_trial_delta,134,537,1.281996488571167,nose_alar_left,velocity_aspect,quantile_90,temporal
3,video_trial_delta,135,249,1.277380347251892,eye_left_upper,velocity_x,quantile_90,temporal
3,video_trial_delta,136,357,1.276721715927124,eye_right_upper,velocity_x,quantile_90,temporal
3,video_trial_delta,137,574,1.274145483970642,nose_alar_right,velocity_x,late_minus_early,temporal
3,video_trial_delta,138,423,1.2660536766052246,eye_right_lower,velocity_area,quantile_90,temporal
3,video_trial_delta,139,50,1.2642126083374023,brow_left_inner,velocity_aspect,quantile_10,temporal
3,video_trial_delta,140,876,1.2625751495361328,eye_left_upper,velocity_x,absolute_quantile_90,absolute_motion
3,video_trial_delta,141,302,1.261083722114563,eye_left_lower,velocity_x,quantile_10,temporal
3,video_trial_delta,142,292,1.2546565532684326,eye_left_lower,area,late_minus_early,temporal
3,video_trial_delta,143,639,1.2545806169509888,upper_lip,velocity_area,quantile_90,temporal
3,video_trial_delta,144,559,1.249754786491394,nose_alar_right,area,std,temporal
3,video_trial_delta,145,591,1.2424262762069702,nose_alar_right,velocity_aspect,quantile_90,temporal
3,video_trial_delta,146,641,1.2370178699493408,upper_lip,velocity_area,temporal_slope,temporal
3,video_trial_delta,147,1045,1.2305819988250732,chin_center,velocity_area,absolute_max,absolute_motion
3,video_trial_delta,148,180,1.2283819913864136,brow_right_outer,area,mean,temporal
3,video_trial_delta,149,446,1.2279441356658936,nose_bridge,cz,quantile_10,temporal
3,video_trial_delta,150,814,1.2259777784347534,brow_left_inner,velocity_y,absolute_mean,absolute_motion
3,video_trial_delta,151,857,1.2220546007156372,brow_right_inner,velocity_aspect,absolute_max,absolute_motion
3,video_trial_delta,152,378,1.2150202989578247,eye_right_lower,cx,mean,temporal
3,video_trial_delta,153,993,1.1998960971832275,upper_lip,velocity_y,absolute_max,absolute_motion
3,video_trial_delta,154,291,1.1941566467285156,eye_left_lower,area,quantile_90,temporal
3,video_trial_delta,155,839,1.1907905340194702,brow_left_outer,velocity_aspect,absolute_std,absolute_motion
3,video_trial_delta,156,425,1.185338020324707,eye_right_lower,velocity_area,temporal_slope,temporal
3,video_trial_delta,157,144,1.1831661462783813,brow_right_inner,velocity_y,mean,temporal
3,video_trial_delta,158,1046,1.1772900819778442,chin_center,velocity_aspect,absolute_mean,absolute_motion
3,video_trial_delta,159,735,1.1743204593658447,lip_corners,velocity_x,quantile_90,temporal
3,video_trial_delta,160,710,1.1740599870681763,lip_corners,cy,quantile_10,temporal
3,video_trial_delta,161,501,1.173333764076233,nose_alar_left,cz,quantile_90,temporal
3,video_trial_delta,162,135,1.167481541633606,brow_right_inner,aspect,quantile_90,temporal
3,video_trial_delta,163,325,1.1639502048492432,eye_right_upper,cx,std,temporal
3,video_trial_delta,164,53,1.1634727716445923,brow_left_inner,velocity_aspect,temporal_slope,temporal
3,video_trial_delta,165,1032,1.1610966920852661,lip_corners,velocity_aspect,absolute_quantile_90,absolute_motion
3,video_trial_delta,166,531,1.1568535566329956,nose_alar_left,velocity_area,quantile_90,temporal
3,video_trial_delta,167,184,1.1560434103012085,brow_right_outer,area,late_minus_early,temporal
3,video_trial_delta,168,685,1.1532983779907227,lower_lip,velocity_y,std,temporal
3,video_trial_delta,169,618,1.146857500076294,upper_lip,aspect,mean,temporal
3,video_trial_delta,170,293,1.1462039947509766,eye_left_lower,area,temporal_slope,temporal
3,video_trial_delta,171,30,1.145729899406433,brow_left_inner,velocity_x,mean,temporal
3,video_trial_delta,172,12,1.1453760862350464,brow_left_inner,cz,mean,temporal
3,video_trial_delta,173,8,1.1365834474563599,brow_left_inner,cy,quantile_10,temporal
3,video_trial_delta,174,686,1.1361604928970337,lower_lip,velocity_y,quantile_10,temporal
3,video_trial_delta,175,507,1.1359179019927979,nose_alar_left,area,quantile_90,temporal
3,video_trial_delta,176,66,1.1277438402175903,brow_left_outer,cz,mean,temporal
3,video_trial_delta,177,597,1.1246272325515747,upper_lip,cx,quantile_90,temporal
3,video_trial_delta,178,532,1.1163538694381714,nose_alar_left,velocity_area,late_minus_early,temporal
3,video_trial_delta,179,731,1.1145707368850708,lip_corners,aspect,temporal_slope,temporal
3,video_trial_delta,180,182,1.1136983633041382,brow_right_outer,area,quantile_10,temporal
3,video_trial_delta,181,768,1.1133317947387695,chin_center,cz,mean,temporal
3,video_trial_delta,182,728,1.109763741493225,lip_corners,aspect,quantile_10,temporal
3,video_trial_delta,183,865,1.1079472303390503,brow_right_outer,velocity_y,absolute_max,absolute_motion
3,video_trial_delta,184,691,1.1047714948654175,lower_lip,velocity_area,std,temporal
3,video_trial_delta,185,535,1.0988191366195679,nose_alar_left,velocity_aspect,std,temporal
3,video_trial_delta,186,763,1.0973148345947266,chin_center,cy,std,temporal
3,video_trial_delta,187,435,1.0959892272949219,nose_bridge,cx,quantile_90,temporal
3,video_trial_delta,188,187,1.0937001705169678,brow_right_outer,aspect,std,temporal
3,video_trial_delta,189,966,1.0870935916900635,nose_alar_left,velocity_aspect,absolute_mean,absolute_motion
3,video_trial_delta,190,103,1.085814118385315,brow_left_outer,velocity_aspect,std,temporal
3,video_trial_delta,191,869,1.0800968408584595,brow_right_outer,velocity_area,absolute_max,absolute_motion
3,video_trial_delta,192,816,1.0782078504562378,brow_left_inner,velocity_y,absolute_quantile_90,absolute_motion
3,video_trial_delta,193,129,1.0746772289276123,brow_right_inner,area,quantile_90,temporal
3,video_trial_delta,194,316,1.0290576219558716,eye_left_lower,velocity_area,late_minus_early,temporal
3,video_trial_delta,195,656,1.0290242433547974,lower_lip,cy,quantile_10,temporal
3,video_trial_delta,196,606,1.020141363143921,upper_lip,cz,mean,temporal
3,video_trial_delta,197,265,1.0166919231414795,eye_left_upper,velocity_aspect,std,temporal
3,video_trial_delta,198,543,1.015743374824524,nose_alar_right,cx,quantile_90,temporal
3,video_trial_delta,199,360,1.0098681449890137,eye_right_upper,velocity_y,mean,temporal
3,video_trial_delta,200,620,1.0075241327285767,upper_lip,aspect,quantile_10,temporal
3,video_trial_delta,201,86,1.002610445022583,brow_left_outer,velocity_x,quantile_10,temporal
3,video_trial_delta,202,427,1.0012356042861938,eye_right_lower,velocity_aspect,std,temporal
3,video_trial_delta,203,822,0.9993644952774048,brow_left_inner,velocity_aspect,absolute_mean,absolute_motion
3,video_trial_delta,204,660,0.9988352060317993,lower_lip,cz,mean,temporal
3,video_trial_delta,205,264,0.9984419345855713,eye_left_upper,velocity_aspect,mean,temporal
3,video_trial_delta,206,324,0.9984148740768433,eye_right_upper,cx,mean,temporal
3,video_trial_delta,207,224,0.9975202679634094,eye_left_upper,cy,quantile_10,temporal
3,video_trial_delta,208,826,0.9964941740036011,brow_left_outer,velocity_x,absolute_mean,absolute_motion
3,video_trial_delta,209,783,0.9921630620956421,chin_center,aspect,quantile_90,temporal
3,video_trial_delta,210,136,0.9901571273803711,brow_right_inner,aspect,late_minus_early,temporal
3,video_trial_delta,211,189,0.9893757700920105,brow_right_outer,aspect,quantile_90,temporal
3,video_trial_delta,212,752,0.9785639047622681,lip_corners,velocity_aspect,quantile_10,temporal
3,video_trial_delta,213,402,0.9771097302436829,eye_right_lower,aspect,mean,temporal
3,video_trial_delta,214,337,0.976754903793335,eye_right_upper,cz,std,temporal
3,video_trial_delta,215,690,0.9757168889045715,lower_lip,velocity_area,mean,temporal
3,video_trial_delta,216,462,0.9733220338821411,nose_bridge,velocity_x,mean,temporal
3,video_trial_delta,217,936,0.9712775349617004,eye_right_lower,velocity_aspect,absolute_quantile_90,absolute_motion
3,video_trial_delta,218,398,0.9658915400505066,eye_right_lower,area,quantile_10,temporal
3,video_trial_delta,219,967,0.9652990698814392,nose_alar_left,velocity_aspect,absolute_std,absolute_motion
3,video_trial_delta,220,824,0.9622913599014282,brow_left_inner,velocity_aspect,absolute_quantile_90,absolute_motion
3,video_trial_delta,221,494,0.9557362794876099,nose_alar_left,cy,quantile_10,temporal
3,video_trial_delta,222,714,0.9481292366981506,lip_corners,cz,mean,temporal
3,video_trial_delta,223,838,0.9464608430862427,brow_left_outer,velocity_aspect,absolute_mean,absolute_motion
3,video_trial_delta,224,404,0.9440665245056152,eye_right_lower,aspect,quantile_10,temporal
3,video_trial_delta,225,836,0.9216768145561218,brow_left_outer,velocity_area,absolute_quantile_90,absolute_motion
3,video_trial_delta,226,422,0.9194930195808411,eye_right_lower,velocity_area,quantile_10,temporal
3,video_trial_delta,227,6,0.917235255241394,brow_left_inner,cy,mean,temporal
3,video_trial_delta,228,374,0.9108497500419617,eye_right_upper,velocity_aspect,quantile_10,temporal
3,video_trial_delta,229,333,0.9094940423965454,eye_right_upper,cy,quantile_90,temporal
3,video_trial_delta,230,1007,0.9072120189666748,lower_lip,velocity_y,absolute_std,absolute_motion
3,video_trial_delta,231,732,0.9051166772842407,lip_corners,velocity_x,mean,temporal
3,video_trial_delta,232,1006,0.8944524526596069,lower_lip,velocity_y,absolute_mean,absolute_motion
3,video_trial_delta,233,955,0.892516016960144,nose_alar_left,velocity_x,absolute_std,absolute_motion
3,video_trial_delta,234,56,0.8904008269309998,brow_left_outer,cx,quantile_10,temporal
3,video_trial_delta,235,935,0.8889248967170715,eye_right_lower,velocity_aspect,absolute_std,absolute_motion
3,video_trial_delta,236,196,0.8867772817611694,brow_right_outer,velocity_x,late_minus_early,temporal
3,video_trial_delta,237,95,0.881044864654541,brow_left_outer,velocity_y,temporal_slope,temporal
3,video_trial_delta,238,526,0.8791429400444031,nose_alar_left,velocity_y,late_minus_early,temporal
3,video_trial_delta,239,132,0.8736844062805176,brow_right_inner,aspect,mean,temporal
3,video_trial_delta,240,730,0.8712308406829834,lip_corners,aspect,late_minus_early,temporal
3,video_trial_delta,241,512,0.868890106678009,nose_alar_left,aspect,quantile_10,temporal
3,video_trial_delta,242,934,0.8687536716461182,eye_right_lower,velocity_aspect,absolute_mean,absolute_motion
3,video_trial_delta,243,739,0.8610999584197998,lip_corners,velocity_y,std,temporal
3,video_trial_delta,244,133,0.857971727848053,brow_right_inner,aspect,std,temporal
3,video_trial_delta,245,269,0.8557276725769043,eye_left_upper,velocity_aspect,temporal_slope,temporal
3,video_trial_delta,246,682,0.8545804619789124,lower_lip,velocity_x,late_minus_early,temporal
3,video_trial_delta,247,503,0.8527712225914001,nose_alar_left,cz,temporal_slope,temporal
3,video_trial_delta,248,183,0.8467890620231628,brow_right_outer,area,quantile_90,temporal
3,video_trial_delta,249,678,0.8452739119529724,lower_lip,velocity_x,mean,temporal
3,video_trial_delta,250,85,0.8338391780853271,brow_left_outer,velocity_x,std,temporal
3,video_trial_delta,251,68,0.8334303498268127,brow_left_outer,cz,quantile_10,temporal
3,video_trial_delta,252,753,0.8288124799728394,lip_corners,velocity_aspect,quantile_90,temporal
3,video_trial_delta,253,624,0.8259977698326111,upper_lip,velocity_x,mean,temporal
3,video_trial_delta,254,932,0.8254768252372742,eye_right_lower,velocity_area,absolute_quantile_90,absolute_motion
3,video_trial_delta,255,619,0.8179908394813538,upper_lip,aspect,std,temporal
3,video_trial_delta,256,410,0.7976605296134949,eye_right_lower,velocity_x,quantile_10,temporal
3,video_trial_delta,257,840,0.7966983914375305,brow_left_outer,velocity_aspect,absolute_quantile_90,absolute_motion
3,video_trial_delta,258,185,0.7954514622688293,brow_right_outer,area,temporal_slope,temporal
3,video_trial_delta,259,502,0.7865664958953857,nose_alar_left,cz,late_minus_early,temporal
3,video_trial_delta,260,245,0.786276638507843,eye_left_upper,aspect,temporal_slope,temporal
3,video_trial_delta,261,25,0.7853031158447266,brow_left_inner,aspect,std,temporal
3,video_trial_delta,262,403,0.7827057242393494,eye_right_lower,aspect,std,temporal
3,video_trial_delta,263,190,0.7806886434555054,brow_right_outer,aspect,late_minus_early,temporal
3,video_trial_delta,264,1023,0.775696873664856,lip_corners,velocity_y,absolute_std,absolute_motion
3,video_trial_delta,265,853,0.7724952697753906,brow_right_inner,velocity_area,absolute_max,absolute_motion
3,video_trial_delta,266,159,0.7724117636680603,brow_right_inner,velocity_aspect,quantile_90,temporal
3,video_trial_delta,267,765,0.7660002112388611,chin_center,cy,quantile_90,temporal
3,video_trial_delta,268,971,0.7608424425125122,nose_alar_right,velocity_x,absolute_std,absolute_motion
3,video_trial_delta,269,785,0.756780743598938,chin_center,aspect,temporal_slope,temporal
3,video_trial_delta,270,899,0.7562558650970459,eye_left_lower,velocity_area,absolute_std,absolute_motion
3,video_trial_delta,271,614,0.7557599544525146,upper_lip,area,quantile_10,temporal
3,video_trial_delta,272,370,0.7549406290054321,eye_right_upper,velocity_area,late_minus_early,temporal
3,video_trial_delta,273,165,0.7546935677528381,brow_right_outer,cx,quantile_90,temporal
3,video_trial_delta,274,244,0.7526098489761353,eye_left_upper,aspect,late_minus_early,temporal
3,video_trial_delta,275,82,0.7372584342956543,brow_left_outer,aspect,late_minus_early,temporal
3,video_trial_delta,276,338,0.7368144989013672,eye_right_upper,cz,quantile_10,temporal
3,video_trial_delta,277,590,0.735541820526123,nose_alar_right,velocity_aspect,quantile_10,temporal
3,video_trial_delta,278,771,0.7343305349349976,chin_center,cz,quantile_90,temporal
3,video_trial_delta,279,628,0.7281693816184998,upper_lip,velocity_x,late_minus_early,temporal
3,video_trial_delta,280,406,0.7242928743362427,eye_right_lower,aspect,late_minus_early,temporal
3,video_trial_delta,281,736,0.7212059497833252,lip_corners,velocity_x,late_minus_early,temporal
3,video_trial_delta,282,157,0.7178850173950195,brow_right_inner,velocity_aspect,std,temporal
3,video_trial_delta,283,24,0.7157726287841797,brow_left_inner,aspect,mean,temporal
3,video_trial_delta,284,769,0.7132858037948608,chin_center,cz,std,temporal
3,video_trial_delta,285,584,0.7059172987937927,nose_alar_right,velocity_area,quantile_10,temporal
3,video_trial_delta,286,186,0.7032909393310547,brow_right_outer,aspect,mean,temporal
3,video_trial_delta,287,1036,0.7018330693244934,chin_center,velocity_x,absolute_quantile_90,absolute_motion
3,video_trial_delta,288,379,0.6936109662055969,eye_right_lower,cx,std,temporal
3,video_trial_delta,289,611,0.6906902194023132,upper_lip,cz,temporal_slope,temporal
3,video_trial_delta,290,554,0.6879317164421082,nose_alar_right,cz,quantile_10,temporal
3,video_trial_delta,291,585,0.685036838054657,nose_alar_right,velocity_area,quantile_90,temporal
3,video_trial_delta,292,252,0.680668830871582,eye_left_upper,velocity_y,mean,temporal
3,video_trial_delta,293,854,0.6802698969841003,brow_right_inner,velocity_aspect,absolute_mean,absolute_motion
3,video_trial_delta,294,976,0.6783033609390259,nose_alar_right,velocity_y,absolute_quantile_90,absolute_motion
3,video_trial_delta,295,412,0.6742516756057739,eye_right_lower,velocity_x,late_minus_early,temporal
3,video_trial_delta,296,525,0.6738508939743042,nose_alar_left,velocity_y,quantile_90,temporal
3,video_trial_delta,297,855,0.6734178066253662,brow_right_inner,velocity_aspect,absolute_std,absolute_motion
3,video_trial_delta,298,784,0.6710253953933716,chin_center,aspect,late_minus_early,temporal
3,video_trial_delta,299,880,0.6664909720420837,eye_left_upper,velocity_y,absolute_quantile_90,absolute_motion
3,video_trial_delta,300,499,0.6655252575874329,nose_alar_left,cz,std,temporal
3,video_trial_delta,301,306,0.6648370027542114,eye_left_lower,velocity_y,mean,temporal
3,video_trial_delta,302,715,0.6647205948829651,lip_corners,cz,std,temporal
3,video_trial_delta,303,962,0.663059651851654,nose_alar_left,velocity_area,absolute_mean,absolute_motion
3,video_trial_delta,304,458,0.6603817343711853,nose_bridge,aspect,quantile_10,temporal
3,video_trial_delta,305,479,0.65826815366745,nose_bridge,velocity_area,temporal_slope,temporal
3,video_trial_delta,306,1043,0.6564656496047974,chin_center,velocity_area,absolute_std,absolute_motion
3,video_trial_delta,307,407,0.655138373374939,eye_right_lower,aspect,temporal_slope,temporal
3,video_trial_delta,308,387,0.6511541604995728,eye_right_lower,cy,quantile_90,temporal
3,video_trial_delta,309,982,0.6501189470291138,nose_alar_right,velocity_aspect,absolute_mean,absolute_motion
3,video_trial_delta,310,609,0.6476712822914124,upper_lip,cz,quantile_90,temporal
3,video_trial_delta,311,703,0.6471919417381287,lip_corners,cx,std,temporal
3,video_trial_delta,312,215,0.6467382907867432,brow_right_outer,velocity_aspect,temporal_slope,temporal
3,video_trial_delta,313,515,0.6441336274147034,nose_alar_left,aspect,temporal_slope,temporal
3,video_trial_delta,314,610,0.6405195593833923,upper_lip,cz,late_minus_early,temporal
3,video_trial_delta,315,818,0.6386260986328125,brow_left_inner,velocity_area,absolute_mean,absolute_motion
3,video_trial_delta,316,974,0.6383213400840759,nose_alar_right,velocity_y,absolute_mean,absolute_motion
3,video_trial_delta,317,700,0.6369765400886536,lower_lip,velocity_aspect,late_minus_early,temporal
3,video_trial_delta,318,100,0.6314233541488647,brow_left_outer,velocity_area,late_minus_early,temporal
3,video_trial_delta,319,834,0.6271994709968567,brow_left_outer,velocity_area,absolute_mean,absolute_motion
3,video_trial_delta,320,663,0.6265833377838135,lower_lip,cz,quantile_90,temporal
3,video_trial_delta,321,717,0.6252486705780029,lip_corners,cz,quantile_90,temporal
3,video_trial_delta,322,457,0.6236940026283264,nose_bridge,aspect,std,temporal
3,video_trial_delta,323,354,0.6216387152671814,eye_right_upper,velocity_x,mean,temporal
3,video_trial_delta,324,607,0.6161074638366699,upper_lip,cz,std,temporal
3,video_trial_delta,325,701,0.6121556162834167,lower_lip,velocity_aspect,temporal_slope,temporal
3,video_trial_delta,326,740,0.6109711527824402,lip_corners,velocity_y,quantile_10,temporal
3,video_trial_delta,327,623,0.610720694065094,upper_lip,aspect,temporal_slope,temporal
3,video_trial_delta,328,849,0.6070645451545715,brow_right_inner,velocity_y,absolute_max,absolute_motion
3,video_trial_delta,329,83,0.6065325140953064,brow_left_outer,aspect,temporal_slope,temporal
3,video_trial_delta,330,813,0.6050841808319092,brow_left_inner,velocity_x,absolute_max,absolute_motion
3,video_trial_delta,331,241,0.6002591252326965,eye_left_upper,aspect,std,temporal
3,video_trial_delta,332,579,0.5995768904685974,nose_alar_right,velocity_y,quantile_90,temporal
3,video_trial_delta,333,217,0.5977020263671875,eye_left_upper,cx,std,temporal
3,video_trial_delta,334,640,0.5966203808784485,upper_lip,velocity_area,late_minus_early,temporal
3,video_trial_delta,335,261,0.5944070219993591,eye_left_upper,velocity_area,quantile_90,temporal
3,video_trial_delta,336,91,0.593751847743988,brow_left_outer,velocity_y,std,temporal
3,video_trial_delta,337,514,0.5889419317245483,nose_alar_left,aspect,late_minus_early,temporal
3,video_trial_delta,338,973,0.5850390195846558,nose_alar_right,velocity_x,absolute_max,absolute_motion
3,video_trial_delta,339,480,0.5849732756614685,nose_bridge,velocity_aspect,mean,temporal
3,video_trial_delta,340,55,0.5813693404197693,brow_left_outer,cx,std,temporal
3,video_trial_delta,341,661,0.5791740417480469,lower_lip,cz,std,temporal
3,video_trial_delta,342,901,0.5773178935050964,eye_left_lower,velocity_area,absolute_max,absolute_motion
3,video_trial_delta,343,622,0.5769472122192383,upper_lip,aspect,late_minus_early,temporal
3,video_trial_delta,344,696,0.5761324167251587,lower_lip,velocity_aspect,mean,temporal
3,video_trial_delta,345,504,0.5724987387657166,nose_alar_left,area,mean,temporal
3,video_trial_delta,346,798,0.5705629587173462,chin_center,velocity_area,mean,temporal
3,video_trial_delta,347,886,0.5701267123222351,eye_left_upper,velocity_aspect,absolute_mean,absolute_motion
3,video_trial_delta,348,750,0.5687291622161865,lip_corners,velocity_aspect,mean,temporal
3,video_trial_delta,349,392,0.5686184763908386,eye_right_lower,cz,quantile_10,temporal
3,video_trial_delta,350,893,0.5671101212501526,eye_left_lower,velocity_x,absolute_max,absolute_motion
3,video_trial_delta,351,298,0.5669899582862854,eye_left_lower,aspect,late_minus_early,temporal
3,video_trial_delta,352,317,0.5662035942077637,eye_left_lower,velocity_area,temporal_slope,temporal
3,video_trial_delta,353,1037,0.5630886554718018,chin_center,velocity_x,absolute_max,absolute_motion
3,video_trial_delta,354,138,0.5626083612442017,brow_right_inner,velocity_x,mean,temporal
3,video_trial_delta,355,762,0.5559664964675903,chin_center,cy,mean,temporal
3,video_trial_delta,356,278,0.5554717183113098,eye_left_lower,cy,quantile_10,temporal
3,video_trial_delta,357,5,0.5554012060165405,brow_left_inner,cx,temporal_slope,temporal
3,video_trial_delta,358,516,0.5545100569725037,nose_alar_left,velocity_x,mean,temporal
3,video_trial_delta,359,155,0.551417887210846,brow_right_inner,velocity_area,temporal_slope,temporal
3,video_trial_delta,360,705,0.5507573485374451,lip_corners,cx,quantile_90,temporal
3,video_trial_delta,361,380,0.5500741600990295,eye_right_lower,cx,quantile_10,temporal
3,video_trial_delta,362,465,0.5490895509719849,nose_bridge,velocity_x,quantile_90,temporal
3,video_trial_delta,363,1049,0.5484369993209839,chin_center,velocity_aspect,absolute_max,absolute_motion
3,video_trial_delta,364,438,0.5456849932670593,nose_bridge,cy,mean,temporal
3,video_trial_delta,365,719,0.5450947880744934,lip_corners,cz,temporal_slope,temporal
3,video_trial_delta,366,14,0.5446646213531494,brow_left_inner,cz,quantile_10,temporal
3,video_trial_delta,367,97,0.5439637899398804,brow_left_outer,velocity_area,std,temporal
3,video_trial_delta,368,693,0.5414304137229919,lower_lip,velocity_area,quantile_90,temporal
3,video_trial_delta,369,978,0.540286660194397,nose_alar_right,velocity_area,absolute_mean,absolute_motion
3,video_trial_delta,370,22,0.5391256809234619,brow_left_inner,area,late_minus_early,temporal
3,video_trial_delta,371,827,0.5386297702789307,brow_left_outer,velocity_x,absolute_std,absolute_motion
3,video_trial_delta,372,1022,0.5386220812797546,lip_corners,velocity_y,absolute_mean,absolute_motion
3,video_trial_delta,373,254,0.5358040928840637,eye_left_upper,velocity_y,quantile_10,temporal
3,video_trial_delta,374,161,0.5253246426582336,brow_right_inner,velocity_aspect,temporal_slope,temporal
3,video_trial_delta,375,483,0.5243743658065796,nose_bridge,velocity_aspect,quantile_90,temporal
3,video_trial_delta,376,570,0.5213191509246826,nose_alar_right,velocity_x,mean,temporal
3,video_trial_delta,377,984,0.5204362869262695,nose_alar_right,velocity_aspect,absolute_quantile_90,absolute_motion
3,video_trial_delta,378,773,0.5170683860778809,chin_center,cz,temporal_slope,temporal
3,video_trial_delta,379,718,0.5165888071060181,lip_corners,cz,late_minus_early,temporal
3,video_trial_delta,380,363,0.5131417512893677,eye_right_upper,velocity_y,quantile_90,temporal
3,video_trial_delta,381,444,0.512936532497406,nose_bridge,cz,mean,temporal
3,video_trial_delta,382,191,0.5115684866905212,brow_right_outer,aspect,temporal_slope,temporal
3,video_trial_delta,383,4,0.5096929669380188,brow_left_inner,cx,late_minus_early,temporal
3,video_trial_delta,384,524,0.5000675320625305,nose_alar_left,velocity_y,quantile_10,temporal
3,video_trial_delta,385,694,0.49674248695373535,lower_lip,velocity_area,late_minus_early,temporal
3,video_trial_delta,386,699,0.49662908911705017,lower_lip,velocity_aspect,quantile_90,temporal
3,video_trial_delta,387,759,0.4932592213153839,chin_center,cx,quantile_90,temporal
3,video_trial_delta,388,137,0.48782244324684143,brow_right_inner,aspect,temporal_slope,temporal
3,video_trial_delta,389,43,0.48756685853004456,brow_left_inner,velocity_area,std,temporal
3,video_trial_delta,390,734,0.4854559004306793,lip_corners,velocity_x,quantile_10,temporal
3,video_trial_delta,391,467,0.4853471517562866,nose_bridge,velocity_x,temporal_slope,temporal
3,video_trial_delta,392,642,0.4839664697647095,upper_lip,velocity_aspect,mean,temporal
3,video_trial_delta,393,456,0.48356908559799194,nose_bridge,aspect,mean,temporal
3,video_trial_delta,394,772,0.4827907085418701,chin_center,cz,late_minus_early,temporal
3,video_trial_delta,395,1044,0.4827429950237274,chin_center,velocity_area,absolute_quantile_90,absolute_motion
3,video_trial_delta,396,589,0.4814063310623169,nose_alar_right,velocity_aspect,std,temporal
3,video_trial_delta,397,391,0.48120275139808655,eye_right_lower,cz,std,temporal
3,video_trial_delta,398,913,0.47977712750434875,eye_right_upper,velocity_y,absolute_max,absolute_motion
3,video_trial_delta,399,372,0.47807449102401733,eye_right_upper,velocity_aspect,mean,temporal
3,video_trial_delta,400,1018,0.4742991030216217,lip_corners,velocity_x,absolute_mean,absolute_motion
3,video_trial_delta,401,330,0.4735583961009979,eye_right_upper,cy,mean,temporal
3,video_trial_delta,402,988,0.4734954535961151,upper_lip,velocity_x,absolute_quantile_90,absolute_motion
3,video_trial_delta,403,587,0.4658869802951813,nose_alar_right,velocity_area,temporal_slope,temporal
3,video_trial_delta,404,221,0.46370136737823486,eye_left_upper,cx,temporal_slope,temporal
3,video_trial_delta,405,578,0.46181273460388184,nose_alar_right,velocity_y,quantile_10,temporal
3,video_trial_delta,406,359,0.46163463592529297,eye_right_upper,velocity_x,temporal_slope,temporal
3,video_trial_delta,407,764,0.4612245261669159,chin_center,cy,quantile_10,temporal
3,video_trial_delta,408,492,0.4591916501522064,nose_alar_left,cy,mean,temporal
3,video_trial_delta,409,181,0.45631083846092224,brow_right_outer,area,std,temporal
3,video_trial_delta,410,895,0.4559733271598816,eye_left_lower,velocity_y,absolute_std,absolute_motion
3,video_trial_delta,411,426,0.4556407034397125,eye_right_lower,velocity_aspect,mean,temporal
3,video_trial_delta,412,304,0.4549858570098877,eye_left_lower,velocity_x,late_minus_early,temporal
3,video_trial_delta,413,452,0.4545578360557556,nose_bridge,area,quantile_10,temporal
3,video_trial_delta,414,991,0.44976359605789185,upper_lip,velocity_y,absolute_std,absolute_motion
3,video_trial_delta,415,536,0.4492124319076538,nose_alar_left,velocity_aspect,quantile_10,temporal
3,video_trial_delta,416,126,0.4419470727443695,brow_right_inner,area,mean,temporal
3,video_trial_delta,417,510,0.4418879449367523,nose_alar_left,aspect,mean,temporal
3,video_trial_delta,418,235,0.4412185251712799,eye_left_upper,area,std,temporal
3,video_trial_delta,419,54,0.4371575713157654,brow_left_outer,cx,mean,temporal
3,video_trial_delta,420,222,0.43606483936309814,eye_left_upper,cy,mean,temporal
3,video_trial_delta,421,88,0.43554118275642395,brow_left_outer,velocity_x,late_minus_early,temporal
3,video_trial_delta,422,958,0.4352748990058899,nose_alar_left,velocity_y,absolute_mean,absolute_motion
3,video_trial_delta,423,863,0.43063902854919434,brow_right_outer,velocity_y,absolute_std,absolute_motion
3,video_trial_delta,424,647,0.42838743329048157,upper_lip,velocity_aspect,temporal_slope,temporal
3,video_trial_delta,425,299,0.42532676458358765,eye_left_lower,aspect,temporal_slope,temporal
3,video_trial_delta,426,223,0.42503806948661804,eye_left_upper,cy,std,temporal
3,video_trial_delta,427,695,0.4230613708496094,lower_lip,velocity_area,temporal_slope,temporal
3,video_trial_delta,428,569,0.42194297909736633,nose_alar_right,aspect,temporal_slope,temporal
3,video_trial_delta,429,51,0.421463280916214,brow_left_inner,velocity_aspect,quantile_90,temporal
3,video_trial_delta,430,104,0.4198642075061798,brow_left_outer,velocity_aspect,quantile_10,temporal
3,video_trial_delta,431,473,0.4197421967983246,nose_bridge,velocity_y,temporal_slope,temporal
3,video_trial_delta,432,809,0.41961145401000977,chin_center,velocity_aspect,temporal_slope,temporal
3,video_trial_delta,433,171,0.4159838855266571,brow_right_outer,cy,quantile_90,temporal
3,video_trial_delta,434,9,0.41558319330215454,brow_left_inner,cy,quantile_90,temporal
3,video_trial_delta,435,486,0.41152456402778625,nose_alar_left,cx,mean,temporal
3,video_trial_delta,436,321,0.41065970063209534,eye_left_lower,velocity_aspect,quantile_90,temporal
3,video_trial_delta,437,521,0.40630021691322327,nose_alar_left,velocity_x,temporal_slope,temporal
3,video_trial_delta,438,318,0.40491151809692383,eye_left_lower,velocity_aspect,mean,temporal
3,video_trial_delta,439,664,0.3964228630065918,lower_lip,cz,late_minus_early,temporal
3,video_trial_delta,440,558,0.3934551775455475,nose_alar_right,area,mean,temporal
3,video_trial_delta,441,925,0.39301323890686035,eye_right_lower,velocity_x,absolute_max,absolute_motion
3,video_trial_delta,442,665,0.3924832046031952,lower_lip,cz,temporal_slope,temporal
3,video_trial_delta,443,529,0.3914400637149811,nose_alar_left,velocity_area,std,temporal
3,video_trial_delta,444,757,0.391227126121521,chin_center,cx,std,temporal
3,video_trial_delta,445,592,0.3895930349826813,nose_alar_right,velocity_aspect,late_minus_early,temporal
3,video_trial_delta,446,835,0.3825974762439728,brow_left_outer,velocity_area,absolute_std,absolute_motion
3,video_trial_delta,447,329,0.37869420647621155,eye_right_upper,cx,temporal_slope,temporal
3,video_trial_delta,448,295,0.3785070478916168,eye_left_lower,aspect,std,temporal
3,video_trial_delta,449,123,0.377947062253952,brow_right_inner,cz,quantile_90,temporal
3,video_trial_delta,450,266,0.3771180808544159,eye_left_upper,velocity_aspect,quantile_10,temporal
3,video_trial_delta,451,670,0.3746700882911682,lower_lip,area,late_minus_early,temporal
3,video_trial_delta,452,568,0.37245479226112366,nose_alar_right,aspect,late_minus_early,temporal
3,video_trial_delta,453,383,0.37163862586021423,eye_right_lower,cx,temporal_slope,temporal
3,video_trial_delta,454,552,0.37093719840049744,nose_alar_right,cz,mean,temporal
3,video_trial_delta,455,260,0.36938706040382385,eye_left_upper,velocity_area,quantile_10,temporal
3,video_trial_delta,456,70,0.36601540446281433,brow_left_outer,cz,late_minus_early,temporal
3,video_trial_delta,457,631,0.36588120460510254,upper_lip,velocity_y,std,temporal
3,video_trial_delta,458,46,0.3654438853263855,brow_left_inner,velocity_area,late_minus_early,temporal
3,video_trial_delta,459,382,0.36499160528182983,eye_right_lower,cx,late_minus_early,temporal
3,video_trial_delta,460,496,0.3642332851886749,nose_alar_left,cy,late_minus_early,temporal
3,video_trial_delta,461,414,0.3622942268848419,eye_right_lower,velocity_y,mean,temporal
3,video_trial_delta,462,203,0.3593277931213379,brow_right_outer,velocity_y,temporal_slope,temporal
3,video_trial_delta,463,421,0.35840165615081787,eye_right_lower,velocity_area,std,temporal
3,video_trial_delta,464,493,0.3575212061405182,nose_alar_left,cy,std,temporal
3,video_trial_delta,465,562,0.35664188861846924,nose_alar_right,area,late_minus_early,temporal
3,video_trial_delta,466,156,0.35503339767456055,brow_right_inner,velocity_aspect,mean,temporal
3,video_trial_delta,467,621,0.3548283576965332,upper_lip,aspect,quantile_90,temporal
3,video_trial_delta,468,909,0.3546772301197052,eye_right_upper,velocity_x,absolute_max,absolute_motion
3,video_trial_delta,469,472,0.35318461060523987,nose_bridge,velocity_y,late_minus_early,temporal
3,video_trial_delta,470,897,0.35153791308403015,eye_left_lower,velocity_y,absolute_max,absolute_motion
3,video_trial_delta,471,139,0.35043060779571533,brow_right_inner,velocity_x,std,temporal
3,video_trial_delta,472,945,0.3500921428203583,nose_bridge,velocity_y,absolute_max,absolute_motion
3,video_trial_delta,473,931,0.3486509621143341,eye_right_lower,velocity_area,absolute_std,absolute_motion
3,video_trial_delta,474,806,0.3475964665412903,chin_center,velocity_aspect,quantile_10,temporal
3,video_trial_delta,475,23,0.34726181626319885,brow_left_inner,area,temporal_slope,temporal
3,video_trial_delta,476,497,0.34677568078041077,nose_alar_left,cy,temporal_slope,temporal
3,video_trial_delta,477,790,0.34576085209846497,chin_center,velocity_x,late_minus_early,temporal
3,video_trial_delta,478,930,0.34419137239456177,eye_right_lower,velocity_area,absolute_mean,absolute_motion
3,video_trial_delta,479,941,0.3438883125782013,nose_bridge,velocity_x,absolute_max,absolute_motion
3,video_trial_delta,480,201,0.34187576174736023,brow_right_outer,velocity_y,quantile_90,temporal
3,video_trial_delta,481,635,0.3402070701122284,upper_lip,velocity_y,temporal_slope,temporal
3,video_trial_delta,482,118,0.3388988971710205,brow_right_inner,cy,late_minus_early,temporal
3,video_trial_delta,483,432,0.3369297981262207,nose_bridge,cx,mean,temporal
3,video_trial_delta,484,334,0.3362801969051361,eye_right_upper,cy,late_minus_early,temporal
3,video_trial_delta,485,755,0.3357836902141571,lip_corners,velocity_aspect,temporal_slope,temporal
3,video_trial_delta,486,1010,0.335767537355423,lower_lip,velocity_area,absolute_mean,absolute_motion
3,video_trial_delta,487,495,0.33287349343299866,nose_alar_left,cy,quantile_90,temporal
3,video_trial_delta,488,884,0.33285096287727356,eye_left_upper,velocity_area,absolute_quantile_90,absolute_motion
3,video_trial_delta,489,517,0.3327719271183014,nose_alar_left,velocity_x,std,temporal
3,video_trial_delta,490,418,0.3319694697856903,eye_right_lower,velocity_y,late_minus_early,temporal
3,video_trial_delta,491,540,0.3313775956630707,nose_alar_right,cx,mean,temporal
3,video_trial_delta,492,594,0.3224806785583496,upper_lip,cx,mean,temporal
3,video_trial_delta,493,842,0.3222956359386444,brow_right_inner,velocity_x,absolute_mean,absolute_motion
3,video_trial_delta,494,44,0.3214549422264099,brow_left_inner,velocity_area,quantile_10,temporal
3,video_trial_delta,495,455,0.32110559940338135,nose_bridge,area,temporal_slope,temporal
3,video_trial_delta,496,953,0.3186968266963959,nose_bridge,velocity_aspect,absolute_max,absolute_motion
3,video_trial_delta,497,439,0.3166455626487732,nose_bridge,cy,std,temporal
3,video_trial_delta,498,567,0.3139957785606384,nose_alar_right,aspect,quantile_90,temporal
3,video_trial_delta,499,313,0.3135679364204407,eye_left_lower,velocity_area,std,temporal
3,video_trial_delta,500,328,0.31297868490219116,eye_right_upper,cx,late_minus_early,temporal
3,video_trial_delta,501,331,0.31270307302474976,eye_right_upper,cy,std,temporal
3,video_trial_delta,502,251,0.31211256980895996,eye_left_upper,velocity_x,temporal_slope,temporal
3,video_trial_delta,503,37,0.3120097517967224,brow_left_inner,velocity_y,std,temporal
3,video_trial_delta,504,441,0.31144365668296814,nose_bridge,cy,quantile_90,temporal
3,video_trial_delta,505,581,0.30957239866256714,nose_alar_right,velocity_y,temporal_slope,temporal
3,video_trial_delta,506,819,0.3078767657279968,brow_left_inner,velocity_area,absolute_std,absolute_motion
3,video_trial_delta,507,843,0.3074551224708557,brow_right_inner,velocity_x,absolute_std,absolute_motion
3,video_trial_delta,508,105,0.30614686012268066,brow_left_outer,velocity_aspect,quantile_90,temporal
3,video_trial_delta,509,767,0.30568891763687134,chin_center,cy,temporal_slope,temporal
3,video_trial_delta,510,352,0.30514979362487793,eye_right_upper,aspect,late_minus_early,temporal
3,video_trial_delta,511,983,0.30483752489089966,nose_alar_right,velocity_aspect,absolute_std,absolute_motion
3,video_trial_delta,512,577,0.30324122309684753,nose_alar_right,velocity_y,std,temporal
3,video_trial_delta,513,124,0.30168184638023376,brow_right_inner,cz,late_minus_early,temporal
3,video_trial_delta,514,119,0.30106547474861145,brow_right_inner,cy,temporal_slope,temporal
3,video_trial_delta,515,900,0.29882684350013733,eye_left_lower,velocity_area,absolute_quantile_90,absolute_motion
3,video_trial_delta,516,599,0.29862287640571594,upper_lip,cx,temporal_slope,temporal
3,video_trial_delta,517,883,0.2977171838283539,eye_left_upper,velocity_area,absolute_std,absolute_motion
3,video_trial_delta,518,766,0.2975321412086487,chin_center,cy,late_minus_early,temporal
3,video_trial_delta,519,327,0.2969045042991638,eye_right_upper,cx,quantile_90,temporal
3,video_trial_delta,520,408,0.29500576853752136,eye_right_lower,velocity_x,mean,temporal
3,video_trial_delta,521,527,0.29401859641075134,nose_alar_left,velocity_y,temporal_slope,temporal
3,video_trial_delta,522,948,0.2928214967250824,nose_bridge,velocity_area,absolute_quantile_90,absolute_motion
3,video_trial_delta,523,968,0.2927079200744629,nose_alar_left,velocity_aspect,absolute_quantile_90,absolute_motion
3,video_trial_delta,524,598,0.29262682795524597,upper_lip,cx,late_minus_early,temporal
3,video_trial_delta,525,228,0.29180026054382324,eye_left_upper,cz,mean,temporal
3,video_trial_delta,526,275,0.2911369502544403,eye_left_lower,cx,temporal_slope,temporal
3,video_trial_delta,527,267,0.2889779508113861,eye_left_upper,velocity_aspect,quantile_90,temporal
3,video_trial_delta,528,336,0.2883479595184326,eye_right_upper,cz,mean,temporal
3,video_trial_delta,529,928,0.2876678705215454,eye_right_lower,velocity_y,absolute_quantile_90,absolute_motion
3,video_trial_delta,530,733,0.28751689195632935,lip_corners,velocity_x,std,temporal
3,video_trial_delta,531,582,0.2861710488796234,nose_alar_right,velocity_area,mean,temporal
3,video_trial_delta,532,957,0.2856619954109192,nose_alar_left,velocity_x,absolute_max,absolute_motion
3,video_trial_delta,533,125,0.2824304401874542,brow_right_inner,cz,temporal_slope,temporal
3,video_trial_delta,534,258,0.28140443563461304,eye_left_upper,velocity_area,mean,temporal
3,video_trial_delta,535,571,0.2809869647026062,nose_alar_right,velocity_x,std,temporal
3,video_trial_delta,536,148,0.2805804908275604,brow_right_inner,velocity_y,late_minus_early,temporal
3,video_trial_delta,537,933,0.28054720163345337,eye_right_lower,velocity_area,absolute_max,absolute_motion
3,video_trial_delta,538,162,0.27842602133750916,brow_right_outer,cx,mean,temporal
3,video_trial_delta,539,226,0.27756267786026,eye_left_upper,cy,late_minus_early,temporal
3,video_trial_delta,540,646,0.27656134963035583,upper_lip,velocity_aspect,late_minus_early,temporal
3,video_trial_delta,541,10,0.2738489806652069,brow_left_inner,cy,late_minus_early,temporal
3,video_trial_delta,542,164,0.2737632393836975,brow_right_outer,cx,quantile_10,temporal
3,video_trial_delta,543,71,0.27375826239585876,brow_left_outer,cz,temporal_slope,temporal
3,video_trial_delta,544,802,0.2682320177555084,chin_center,velocity_area,late_minus_early,temporal
3,video_trial_delta,545,120,0.2675688564777374,brow_right_inner,cz,mean,temporal
3,video_trial_delta,546,167,0.26542147994041443,brow_right_outer,cx,temporal_slope,temporal
3,video_trial_delta,547,484,0.2633943259716034,nose_bridge,velocity_aspect,late_minus_early,temporal
3,video_trial_delta,548,1000,0.2630464732646942,upper_lip,velocity_aspect,absolute_quantile_90,absolute_motion
3,video_trial_delta,549,847,0.26221945881843567,brow_right_inner,velocity_y,absolute_std,absolute_motion
3,video_trial_delta,550,413,0.260914146900177,eye_right_lower,velocity_x,temporal_slope,temporal
3,video_trial_delta,551,474,0.2599325180053711,nose_bridge,velocity_area,mean,temporal
3,video_trial_delta,552,563,0.2597835659980774,nose_alar_right,area,temporal_slope,temporal
3,video_trial_delta,553,946,0.2593580186367035,nose_bridge,velocity_area,absolute_mean,absolute_motion
3,video_trial_delta,554,166,0.2577449679374695,brow_right_outer,cx,late_minus_early,temporal
3,video_trial_delta,555,62,0.25634950399398804,brow_left_outer,cy,quantile_10,temporal
3,video_trial_delta,556,445,0.25462859869003296,nose_bridge,cz,std,temporal
3,video_trial_delta,557,630,0.2537173926830292,upper_lip,velocity_y,mean,temporal
3,video_trial_delta,558,980,0.2524842321872711,nose_alar_right,velocity_area,absolute_quantile_90,absolute_motion
3,video_trial_delta,559,78,0.25032544136047363,brow_left_outer,aspect,mean,temporal
3,video_trial_delta,560,76,0.24998842179775238,brow_left_outer,area,late_minus_early,temporal
3,video_trial_delta,561,786,0.24949857592582703,chin_center,velocity_x,mean,temporal
3,video_trial_delta,562,276,0.24870429933071136,eye_left_lower,cy,mean,temporal
3,video_trial_delta,563,322,0.24831227958202362,eye_left_lower,velocity_aspect,late_minus_early,temporal
3,video_trial_delta,564,41,0.2480470985174179,brow_left_inner,velocity_y,temporal_slope,temporal
3,video_trial_delta,565,522,0.24650436639785767,nose_alar_left,velocity_y,mean,temporal
3,video_trial_delta,566,220,0.2440696656703949,eye_left_upper,cx,late_minus_early,temporal
3,video_trial_delta,567,666,0.2438773214817047,lower_lip,area,mean,temporal
3,video_trial_delta,568,289,0.23993729054927826,eye_left_lower,area,std,temporal
3,video_trial_delta,569,332,0.23743723332881927,eye_right_upper,cy,quantile_10,temporal
3,video_trial_delta,570,965,0.23612213134765625,nose_alar_left,velocity_area,absolute_max,absolute_motion
3,video_trial_delta,571,447,0.2353263646364212,nose_bridge,cz,quantile_90,temporal
3,video_trial_delta,572,698,0.23519594967365265,lower_lip,velocity_aspect,quantile_10,temporal
3,video_trial_delta,573,384,0.23295968770980835,eye_right_lower,cy,mean,temporal
3,video_trial_delta,574,671,0.23243921995162964,lower_lip,area,temporal_slope,temporal
3,video_trial_delta,575,917,0.23235854506492615,eye_right_upper,velocity_area,absolute_max,absolute_motion
3,video_trial_delta,576,451,0.2301422357559204,nose_bridge,area,std,temporal
3,video_trial_delta,577,508,0.22977565228939056,nose_alar_left,area,late_minus_early,temporal
3,video_trial_delta,578,60,0.22881267964839935,brow_left_outer,cy,mean,temporal
3,video_trial_delta,579,903,0.22748541831970215,eye_left_lower,velocity_aspect,absolute_std,absolute_motion
3,video_trial_delta,580,513,0.22681370377540588,nose_alar_left,aspect,quantile_90,temporal
3,video_trial_delta,581,371,0.22638963162899017,eye_right_upper,velocity_area,temporal_slope,temporal
3,video_trial_delta,582,920,0.2261856496334076,eye_right_upper,velocity_aspect,absolute_quantile_90,absolute_motion
3,video_trial_delta,583,506,0.2250896692276001,nose_alar_left,area,quantile_10,temporal
3,video_trial_delta,584,868,0.22494268417358398,brow_right_outer,velocity_area,absolute_quantile_90,absolute_motion
3,video_trial_delta,585,878,0.22402362525463104,eye_left_upper,velocity_y,absolute_mean,absolute_motion
3,video_trial_delta,586,145,0.22394397854804993,brow_right_inner,velocity_y,std,temporal
3,video_trial_delta,587,256,0.22275422513484955,eye_left_upper,velocity_y,late_minus_early,temporal
3,video_trial_delta,588,669,0.22213922441005707,lower_lip,area,quantile_90,temporal
3,video_trial_delta,589,35,0.2199758142232895,brow_left_inner,velocity_x,temporal_slope,temporal
3,video_trial_delta,590,158,0.2167099267244339,brow_right_inner,velocity_aspect,quantile_10,temporal
3,video_trial_delta,591,789,0.21643902361392975,chin_center,velocity_x,quantile_90,temporal
3,video_trial_delta,592,861,0.21472790837287903,brow_right_outer,velocity_x,absolute_max,absolute_motion
3,video_trial_delta,593,518,0.21450695395469666,nose_alar_left,velocity_x,quantile_10,temporal
3,video_trial_delta,594,146,0.2138301581144333,brow_right_inner,velocity_y,quantile_10,temporal
3,video_trial_delta,595,40,0.21282675862312317,brow_left_inner,velocity_y,late_minus_early,temporal
3,video_trial_delta,596,634,0.2110871523618698,upper_lip,velocity_y,late_minus_early,temporal
3,video_trial_delta,597,385,0.21075507998466492,eye_right_lower,cy,std,temporal
3,video_trial_delta,598,564,0.206759512424469,nose_alar_right,aspect,mean,temporal
3,video_trial_delta,599,307,0.20489001274108887,eye_left_lower,velocity_y,std,temporal
3,video_trial_delta,600,583,0.20483876764774323,nose_alar_right,velocity_area,std,temporal
3,video_trial_delta,601,817,0.2028922140598297,brow_left_inner,velocity_y,absolute_max,absolute_motion
3,video_trial_delta,602,459,0.20179717242717743,nose_bridge,aspect,quantile_90,temporal
3,video_trial_delta,603,98,0.20010583102703094,brow_left_outer,velocity_area,quantile_10,temporal
3,video_trial_delta,604,442,0.19984760880470276,nose_bridge,cy,late_minus_early,temporal
3,video_trial_delta,605,548,0.19955532252788544,nose_alar_right,cy,quantile_10,temporal
3,video_trial_delta,606,519,0.19825628399848938,nose_alar_left,velocity_x,quantile_90,temporal
3,video_trial_delta,607,94,0.19782677292823792,brow_left_outer,velocity_y,late_minus_early,temporal
3,video_trial_delta,608,283,0.19707776606082916,eye_left_lower,cz,std,temporal
3,video_trial_delta,609,561,0.19624094665050507,nose_alar_right,area,quantile_90,temporal
3,video_trial_delta,610,667,0.19591303169727325,lower_lip,area,std,temporal
3,video_trial_delta,611,20,0.19512483477592468,brow_left_inner,area,quantile_10,temporal
3,video_trial_delta,612,274,0.19394846260547638,eye_left_lower,cx,late_minus_early,temporal
3,video_trial_delta,613,257,0.19290585815906525,eye_left_upper,velocity_y,temporal_slope,temporal
3,video_trial_delta,614,867,0.19277358055114746,brow_right_outer,velocity_area,absolute_std,absolute_motion
3,video_trial_delta,615,523,0.19242863357067108,nose_alar_left,velocity_y,std,temporal
3,video_trial_delta,616,553,0.19113828241825104,nose_alar_right,cz,std,temporal
3,video_trial_delta,617,16,0.19086873531341553,brow_left_inner,cz,late_minus_early,temporal
3,video_trial_delta,618,985,0.19044658541679382,nose_alar_right,velocity_aspect,absolute_max,absolute_motion
3,video_trial_delta,619,205,0.18995200097560883,brow_right_outer,velocity_area,std,temporal
3,video_trial_delta,620,575,0.18813911080360413,nose_alar_right,velocity_x,temporal_slope,temporal
3,video_trial_delta,621,850,0.18810997903347015,brow_right_inner,velocity_area,absolute_mean,absolute_motion
3,video_trial_delta,622,943,0.18798613548278809,nose_bridge,velocity_y,absolute_std,absolute_motion
3,video_trial_delta,623,285,0.1852850466966629,eye_left_lower,cz,quantile_90,temporal
3,video_trial_delta,624,147,0.1842624992132187,brow_right_inner,velocity_y,quantile_90,temporal
3,video_trial_delta,625,177,0.18178509175777435,brow_right_outer,cz,quantile_90,temporal
3,video_trial_delta,626,963,0.17941470444202423,nose_alar_left,velocity_area,absolute_std,absolute_motion
3,video_trial_delta,627,707,0.1784866750240326,lip_corners,cx,temporal_slope,temporal
3,video_trial_delta,628,7,0.17811943590641022,brow_left_inner,cy,std,temporal
3,video_trial_delta,629,870,0.17771780490875244,brow_right_outer,velocity_aspect,absolute_mean,absolute_motion
3,video_trial_delta,630,915,0.17683592438697815,eye_right_upper,velocity_area,absolute_std,absolute_motion
3,video_trial_delta,631,208,0.17573201656341553,brow_right_outer,velocity_area,late_minus_early,temporal
3,video_trial_delta,632,130,0.17041513323783875,brow_right_inner,area,late_minus_early,temporal
3,video_trial_delta,633,490,0.16864337027072906,nose_alar_left,cx,late_minus_early,temporal
3,video_trial_delta,634,246,0.16842398047447205,eye_left_upper,velocity_x,mean,temporal
3,video_trial_delta,635,365,0.16818155348300934,eye_right_upper,velocity_y,temporal_slope,temporal
3,video_trial_delta,636,668,0.16526727378368378,lower_lip,area,quantile_10,temporal
3,video_trial_delta,637,111,0.164277121424675,brow_right_inner,cx,quantile_90,temporal
3,video_trial_delta,638,211,0.1638762354850769,brow_right_outer,velocity_aspect,std,temporal
3,video_trial_delta,639,866,0.16290269792079926,brow_right_outer,velocity_area,absolute_mean,absolute_motion
3,video_trial_delta,640,555,0.15987099707126617,nose_alar_right,cz,quantile_90,temporal
3,video_trial_delta,641,530,0.15764491260051727,nose_alar_left,velocity_area,quantile_10,temporal
3,video_trial_delta,642,795,0.15683884918689728,chin_center,velocity_y,quantile_90,temporal
3,video_trial_delta,643,204,0.15661883354187012,brow_right_outer,velocity_area,mean,temporal
3,video_trial_delta,644,471,0.15612374246120453,nose_bridge,velocity_y,quantile_90,temporal
3,video_trial_delta,645,538,0.1560530960559845,nose_alar_left,velocity_aspect,late_minus_early,temporal
3,video_trial_delta,646,344,0.15586072206497192,eye_right_upper,area,quantile_10,temporal
3,video_trial_delta,647,1008,0.15503309667110443,lower_lip,velocity_y,absolute_quantile_90,absolute_motion
3,video_trial_delta,648,626,0.15490376949310303,upper_lip,velocity_x,quantile_10,temporal
3,video_trial_delta,649,911,0.15421847999095917,eye_right_upper,velocity_y,absolute_std,absolute_motion
3,video_trial_delta,650,115,0.15346966683864594,brow_right_inner,cy,std,temporal
3,video_trial_delta,651,476,0.1528153419494629,nose_bridge,velocity_area,quantile_10,temporal
3,video_trial_delta,652,34,0.15202249586582184,brow_left_inner,velocity_x,late_minus_early,temporal
3,video_trial_delta,653,335,0.15057581663131714,eye_right_upper,cy,temporal_slope,temporal
3,video_trial_delta,654,151,0.150377094745636,brow_right_inner,velocity_area,std,temporal
3,video_trial_delta,655,63,0.15002664923667908,brow_left_outer,cy,quantile_90,temporal
3,video_trial_delta,656,990,0.14955773949623108,upper_lip,velocity_y,absolute_mean,absolute_motion
3,video_trial_delta,657,443,0.14947137236595154,nose_bridge,cy,temporal_slope,temporal
3,video_trial_delta,658,565,0.14808890223503113,nose_alar_right,aspect,std,temporal
3,video_trial_delta,659,741,0.14691440761089325,lip_corners,velocity_y,quantile_90,temporal
3,video_trial_delta,660,277,0.1457030028104782,eye_left_lower,cy,std,temporal
3,video_trial_delta,661,788,0.14477592706680298,chin_center,velocity_x,quantile_10,temporal
3,video_trial_delta,662,419,0.14464543759822845,eye_right_lower,velocity_y,temporal_slope,temporal
3,video_trial_delta,663,270,0.14374350011348724,eye_left_lower,cx,mean,temporal
3,video_trial_delta,664,1012,0.14304694533348083,lower_lip,velocity_area,absolute_quantile_90,absolute_motion
3,video_trial_delta,665,348,0.14201520383358002,eye_right_upper,aspect,mean,temporal
3,video_trial_delta,666,1039,0.14149852097034454,chin_center,velocity_y,absolute_std,absolute_motion
3,video_trial_delta,667,509,0.14118312299251556,nose_alar_left,area,temporal_slope,temporal
3,video_trial_delta,668,807,0.14027716219425201,chin_center,velocity_aspect,quantile_90,temporal
3,video_trial_delta,669,134,0.14018259942531586,brow_right_inner,aspect,quantile_10,temporal
3,video_trial_delta,670,416,0.13869012892246246,eye_right_lower,velocity_y,quantile_10,temporal
3,video_trial_delta,671,687,0.13817358016967773,lower_lip,velocity_y,quantile_90,temporal
3,video_trial_delta,672,253,0.13741670548915863,eye_left_upper,velocity_y,std,temporal
3,video_trial_delta,673,910,0.13717538118362427,eye_right_upper,velocity_y,absolute_mean,absolute_motion
3,video_trial_delta,674,706,0.13639560341835022,lip_corners,cx,late_minus_early,temporal
3,video_trial_delta,675,199,0.13576829433441162,brow_right_outer,velocity_y,std,temporal
3,video_trial_delta,676,1004,0.13463859260082245,lower_lip,velocity_x,absolute_quantile_90,absolute_motion
3,video_trial_delta,677,981,0.13359420001506805,nose_alar_right,velocity_area,absolute_max,absolute_motion
3,video_trial_delta,678,273,0.13339348137378693,eye_left_lower,cx,quantile_90,temporal
3,video_trial_delta,679,600,0.13080506026744843,upper_lip,cy,mean,temporal
3,video_trial_delta,680,57,0.13074974715709686,brow_left_outer,cx,quantile_90,temporal
3,video_trial_delta,681,271,0.1302417367696762,eye_left_lower,cx,std,temporal
3,video_trial_delta,682,227,0.12999658286571503,eye_left_upper,cy,temporal_slope,temporal
3,video_trial_delta,683,225,0.12997326254844666,eye_left_upper,cy,quantile_90,temporal
3,video_trial_delta,684,960,0.1292952299118042,nose_alar_left,velocity_y,absolute_quantile_90,absolute_motion
3,video_trial_delta,685,45,0.12911450862884521,brow_left_inner,velocity_area,quantile_90,temporal
3,video_trial_delta,686,566,0.129069983959198,nose_alar_right,aspect,quantile_10,temporal
3,video_trial_delta,687,345,0.12845726311206818,eye_right_upper,area,quantile_90,temporal
3,video_trial_delta,688,311,0.12719224393367767,eye_left_lower,velocity_y,temporal_slope,temporal
3,video_trial_delta,689,294,0.12703511118888855,eye_left_lower,aspect,mean,temporal
3,video_trial_delta,690,905,0.12659130990505219,eye_left_lower,velocity_aspect,absolute_max,absolute_motion
3,video_trial_delta,691,77,0.125875324010849,brow_left_outer,area,temporal_slope,temporal
3,video_trial_delta,692,353,0.1251194030046463,eye_right_upper,aspect,temporal_slope,temporal
3,video_trial_delta,693,939,0.12372373789548874,nose_bridge,velocity_x,absolute_std,absolute_motion
3,video_trial_delta,694,342,0.12315136939287186,eye_right_upper,area,mean,temporal
3,video_trial_delta,695,674,0.12230153381824493,lower_lip,aspect,quantile_10,temporal
3,video_trial_delta,696,13,0.12075205147266388,brow_left_inner,cz,std,temporal
3,video_trial_delta,697,216,0.12073177099227905,eye_left_upper,cx,mean,temporal
3,video_trial_delta,698,871,0.11953805387020111,brow_right_outer,velocity_aspect,absolute_std,absolute_motion
3,video_trial_delta,699,11,0.1171453669667244,brow_left_inner,cy,temporal_slope,temporal
3,video_trial_delta,700,17,0.11694631725549698,brow_left_inner,cz,temporal_slope,temporal
3,video_trial_delta,701,0,0.11652546375989914,brow_left_inner,cx,mean,temporal
3,video_trial_delta,702,702,0.11648507416248322,lip_corners,cx,mean,temporal
3,video_trial_delta,703,879,0.11618959158658981,eye_left_upper,velocity_y,absolute_std,absolute_motion
3,video_trial_delta,704,282,0.1158129945397377,eye_left_lower,cz,mean,temporal
3,video_trial_delta,705,175,0.11555139720439911,brow_right_outer,cz,std,temporal
3,video_trial_delta,706,844,0.113884836435318,brow_right_inner,velocity_x,absolute_quantile_90,absolute_motion
3,video_trial_delta,707,390,0.11379526555538177,eye_right_lower,cz,mean,temporal
3,video_trial_delta,708,279,0.11119309812784195,eye_left_lower,cy,quantile_90,temporal
3,video_trial_delta,709,464,0.11078711599111557,nose_bridge,velocity_x,quantile_10,temporal
3,video_trial_delta,710,533,0.11035299301147461,nose_alar_left,velocity_area,temporal_slope,temporal
3,video_trial_delta,711,188,0.10897689312696457,brow_right_outer,aspect,quantile_10,temporal
3,video_trial_delta,712,436,0.10877802968025208,nose_bridge,cx,late_minus_early,temporal
3,video_trial_delta,713,377,0.108766108751297,eye_right_upper,velocity_aspect,temporal_slope,temporal
3,video_trial_delta,714,539,0.10776770859956741,nose_alar_left,velocity_aspect,temporal_slope,temporal
3,video_trial_delta,715,603,0.1077447310090065,upper_lip,cy,quantile_90,temporal
3,video_trial_delta,716,916,0.10735969990491867,eye_right_upper,velocity_area,absolute_quantile_90,absolute_motion
3,video_trial_delta,717,2,0.10721299052238464,brow_left_inner,cx,quantile_10,temporal
3,video_trial_delta,718,209,0.10661833733320236,brow_right_outer,velocity_area,temporal_slope,temporal
3,video_trial_delta,719,347,0.10627590864896774,eye_right_upper,area,temporal_slope,temporal
3,video_trial_delta,720,310,0.10594486445188522,eye_left_lower,velocity_y,late_minus_early,temporal
3,video_trial_delta,721,782,0.10589783638715744,chin_center,aspect,quantile_10,temporal
3,video_trial_delta,722,368,0.10452767461538315,eye_right_upper,velocity_area,quantile_10,temporal
3,video_trial_delta,723,280,0.10439451783895493,eye_left_lower,cy,late_minus_early,temporal
3,video_trial_delta,724,673,0.10326962918043137,lower_lip,aspect,std,temporal
3,video_trial_delta,725,468,0.10306116938591003,nose_bridge,velocity_y,mean,temporal
3,video_trial_delta,726,448,0.10296182334423065,nose_bridge,cz,late_minus_early,temporal
3,video_trial_delta,727,937,0.10252571105957031,eye_right_lower,velocity_aspect,absolute_max,absolute_motion
3,video_trial_delta,728,309,0.10229238867759705,eye_left_lower,velocity_y,quantile_90,temporal
3,video_trial_delta,729,340,0.10152756422758102,eye_right_upper,cz,late_minus_early,temporal
3,video_trial_delta,730,793,0.10089219361543655,chin_center,velocity_y,std,temporal
3,video_trial_delta,731,956,0.09892111271619797,nose_alar_left,velocity_x,absolute_quantile_90,absolute_motion
3,video_trial_delta,732,864,0.09886186569929123,brow_right_outer,velocity_y,absolute_quantile_90,absolute_motion
3,video_trial_delta,733,475,0.09848106652498245,nose_bridge,velocity_area,std,temporal
3,video_trial_delta,734,218,0.0966091901063919,eye_left_upper,cx,quantile_10,temporal
3,video_trial_delta,735,369,0.0964815691113472,eye_right_upper,velocity_area,quantile_90,temporal
3,video_trial_delta,736,1034,0.09572000056505203,chin_center,velocity_x,absolute_mean,absolute_motion
3,video_trial_delta,737,106,0.09427496045827866,brow_left_outer,velocity_aspect,late_minus_early,temporal
3,video_trial_delta,738,601,0.09357292205095291,upper_lip,cy,std,temporal
3,video_trial_delta,739,803,0.09346285462379456,chin_center,velocity_area,temporal_slope,temporal
3,video_trial_delta,740,949,0.0920947939157486,nose_bridge,velocity_area,absolute_max,absolute_motion
3,video_trial_delta,741,593,0.0916338562965393,nose_alar_right,velocity_aspect,temporal_slope,temporal
3,video_trial_delta,742,430,0.091550812125206,eye_right_lower,velocity_aspect,late_minus_early,temporal
3,video_trial_delta,743,140,0.09099535644054413,brow_right_inner,velocity_x,quantile_10,temporal
3,video_trial_delta,744,491,0.09089155495166779,nose_alar_left,cx,temporal_slope,temporal
3,video_trial_delta,745,672,0.0908893346786499,lower_lip,aspect,mean,temporal
3,video_trial_delta,746,262,0.09029298275709152,eye_left_upper,velocity_area,late_minus_early,temporal
3,video_trial_delta,747,652,0.0885445773601532,lower_lip,cx,late_minus_early,temporal
3,video_trial_delta,748,573,0.08850685507059097,nose_alar_right,velocity_x,quantile_90,temporal
3,video_trial_delta,749,89,0.08644741773605347,brow_left_outer,velocity_x,temporal_slope,temporal
3,video_trial_delta,750,754,0.08641397207975388,lip_corners,velocity_aspect,late_minus_early,temporal
3,video_trial_delta,751,851,0.08634937554597855,brow_right_inner,velocity_area,absolute_std,absolute_motion
3,video_trial_delta,752,845,0.08589297533035278,brow_right_inner,velocity_x,absolute_max,absolute_motion
3,video_trial_delta,753,1019,0.08555333316326141,lip_corners,velocity_x,absolute_std,absolute_motion
3,video_trial_delta,754,846,0.08509822934865952,brow_right_inner,velocity_y,absolute_mean,absolute_motion
3,video_trial_delta,755,977,0.08466701209545135,nose_alar_right,velocity_y,absolute_max,absolute_motion
3,video_trial_delta,756,858,0.08338739722967148,brow_right_outer,velocity_x,absolute_mean,absolute_motion
3,video_trial_delta,757,454,0.0832367092370987,nose_bridge,area,late_minus_early,temporal
3,video_trial_delta,758,93,0.08286578953266144,brow_left_outer,velocity_y,quantile_90,temporal
3,video_trial_delta,759,653,0.08244810253381729,lower_lip,cx,temporal_slope,temporal
3,video_trial_delta,760,449,0.08166618645191193,nose_bridge,cz,temporal_slope,temporal
3,video_trial_delta,761,150,0.08021200448274612,brow_right_inner,velocity_area,mean,temporal
3,video_trial_delta,762,651,0.0798565074801445,lower_lip,cx,quantile_90,temporal
3,video_trial_delta,763,797,0.0793992206454277,chin_center,velocity_y,temporal_slope,temporal
3,video_trial_delta,764,305,0.07938571274280548,eye_left_lower,velocity_x,temporal_slope,temporal
3,video_trial_delta,765,346,0.07847858220338821,eye_right_upper,area,late_minus_early,temporal
3,video_trial_delta,766,259,0.07844831049442291,eye_left_upper,velocity_area,std,temporal
3,video_trial_delta,767,192,0.07820747047662735,brow_right_outer,velocity_x,mean,temporal
3,video_trial_delta,768,914,0.0769987478852272,eye_right_upper,velocity_area,absolute_mean,absolute_motion
3,video_trial_delta,769,116,0.07658597826957703,brow_right_inner,cy,quantile_10,temporal
3,video_trial_delta,770,950,0.07444912940263748,nose_bridge,velocity_aspect,absolute_mean,absolute_motion
3,video_trial_delta,771,738,0.0742383748292923,lip_corners,velocity_y,mean,temporal
3,video_trial_delta,772,649,0.07352985441684723,lower_lip,cx,std,temporal
3,video_trial_delta,773,743,0.071648508310318,lip_corners,velocity_y,temporal_slope,temporal
3,video_trial_delta,774,898,0.07155439257621765,eye_left_lower,velocity_area,absolute_mean,absolute_motion
3,video_trial_delta,775,729,0.07111909240484238,lip_corners,aspect,quantile_90,temporal
3,video_trial_delta,776,74,0.07079748064279556,brow_left_outer,area,quantile_10,temporal
3,video_trial_delta,777,351,0.06751369684934616,eye_right_upper,aspect,quantile_90,temporal
3,video_trial_delta,778,912,0.0672961175441742,eye_right_upper,velocity_y,absolute_quantile_90,absolute_motion
3,video_trial_delta,779,856,0.06674708425998688,brow_right_inner,velocity_aspect,absolute_quantile_90,absolute_motion
3,video_trial_delta,780,544,0.06581747531890869,nose_alar_right,cx,late_minus_early,temporal
3,video_trial_delta,781,481,0.06558332592248917,nose_bridge,velocity_aspect,std,temporal
3,video_trial_delta,782,453,0.06552381068468094,nose_bridge,area,quantile_90,temporal
3,video_trial_delta,783,804,0.06509965658187866,chin_center,velocity_aspect,mean,temporal
3,video_trial_delta,784,323,0.06490906327962875,eye_left_lower,velocity_aspect,temporal_slope,temporal
3,video_trial_delta,785,1024,0.06474928557872772,lip_corners,velocity_y,absolute_quantile_90,absolute_motion
3,video_trial_delta,786,117,0.06437316536903381,brow_right_inner,cy,quantile_90,temporal
3,video_trial_delta,787,528,0.06394562870264053,nose_alar_left,velocity_area,mean,temporal
3,video_trial_delta,788,796,0.06358378380537033,chin_center,velocity_y,late_minus_early,temporal
3,video_trial_delta,789,219,0.06354407221078873,eye_left_upper,cx,quantile_90,temporal
3,video_trial_delta,790,944,0.06171603873372078,nose_bridge,velocity_y,absolute_quantile_90,absolute_motion
3,video_trial_delta,791,396,0.06066408380866051,eye_right_lower,area,mean,temporal
3,video_trial_delta,792,961,0.058990053832530975,nose_alar_left,velocity_y,absolute_max,absolute_motion
3,video_trial_delta,793,364,0.058858733624219894,eye_right_upper,velocity_y,late_minus_early,temporal
3,video_trial_delta,794,80,0.05842990428209305,brow_left_outer,aspect,quantile_10,temporal
3,video_trial_delta,795,388,0.05810868740081787,eye_right_lower,cy,late_minus_early,temporal
3,video_trial_delta,796,942,0.05763809010386467,nose_bridge,velocity_y,absolute_mean,absolute_motion
3,video_trial_delta,797,36,0.05671912059187889,brow_left_inner,velocity_y,mean,temporal
3,video_trial_delta,798,815,0.05650488659739494,brow_left_inner,velocity_y,absolute_std,absolute_motion
3,video_trial_delta,799,929,0.055624619126319885,eye_right_lower,velocity_y,absolute_max,absolute_motion
3,video_trial_delta,800,556,0.055395327508449554,nose_alar_right,cz,late_minus_early,temporal
3,video_trial_delta,801,386,0.053971048444509506,eye_right_lower,cy,quantile_10,temporal
3,video_trial_delta,802,341,0.05384257063269615,eye_right_upper,cz,temporal_slope,temporal
3,video_trial_delta,803,131,0.053163863718509674,brow_right_inner,area,temporal_slope,temporal
3,video_trial_delta,804,237,0.052549004554748535,eye_left_upper,area,quantile_90,temporal
3,video_trial_delta,805,197,0.051681652665138245,brow_right_outer,velocity_x,temporal_slope,temporal
3,video_trial_delta,806,272,0.050725046545267105,eye_left_lower,cx,quantile_10,temporal
3,video_trial_delta,807,79,0.050294701009988785,brow_left_outer,aspect,std,temporal
3,video_trial_delta,808,989,0.050224483013153076,upper_lip,velocity_x,absolute_max,absolute_motion
3,video_trial_delta,809,239,0.0499299019575119,eye_left_upper,area,temporal_slope,temporal
3,video_trial_delta,810,64,0.049833983182907104,brow_left_outer,cy,late_minus_early,temporal
3,video_trial_delta,811,1005,0.04856054112315178,lower_lip,velocity_x,absolute_max,absolute_motion
3,video_trial_delta,812,168,0.04848594591021538,brow_right_outer,cy,mean,temporal
3,video_trial_delta,813,780,0.04815739020705223,chin_center,aspect,mean,temporal
3,video_trial_delta,814,964,0.047747306525707245,nose_alar_left,velocity_area,absolute_quantile_90,absolute_motion
3,video_trial_delta,815,792,0.04716971516609192,chin_center,velocity_y,mean,temporal
3,video_trial_delta,816,81,0.04715416580438614,brow_left_outer,aspect,quantile_90,temporal
3,video_trial_delta,817,775,0.04623799026012421,chin_center,area,std,temporal
3,video_trial_delta,818,485,0.04621952399611473,nose_bridge,velocity_aspect,temporal_slope,temporal
3,video_trial_delta,819,627,0.046074576675891876,upper_lip,velocity_x,quantile_90,temporal
3,video_trial_delta,820,951,0.04549889639019966,nose_bridge,velocity_aspect,absolute_std,absolute_motion
3,video_trial_delta,821,349,0.04486973211169243,eye_right_upper,aspect,std,temporal
3,video_trial_delta,822,604,0.04476386308670044,upper_lip,cy,late_minus_early,temporal
3,video_trial_delta,823,794,0.04474234580993652,chin_center,velocity_y,quantile_10,temporal
3,video_trial_delta,824,859,0.044619109481573105,brow_right_outer,velocity_x,absolute_std,absolute_motion
3,video_trial_delta,825,756,0.04403851926326752,chin_center,cx,mean,temporal
3,video_trial_delta,826,366,0.043963078409433365,eye_right_upper,velocity_area,mean,temporal
3,video_trial_delta,827,689,0.04312579706311226,lower_lip,velocity_y,temporal_slope,temporal
3,video_trial_delta,828,213,0.042760834097862244,brow_right_outer,velocity_aspect,quantile_90,temporal
3,video_trial_delta,829,576,0.0410391241312027,nose_alar_right,velocity_y,mean,temporal
3,video_trial_delta,830,350,0.04044114425778389,eye_right_upper,aspect,quantile_10,temporal
3,video_trial_delta,831,625,0.04034537449479103,upper_lip,velocity_x,std,temporal
3,video_trial_delta,832,654,0.04023367911577225,lower_lip,cy,mean,temporal
3,video_trial_delta,833,428,0.04022708162665367,eye_right_lower,velocity_aspect,quantile_10,temporal
3,video_trial_delta,834,112,0.04004867747426033,brow_right_inner,cx,late_minus_early,temporal
3,video_trial_delta,835,463,0.039963431656360626,nose_bridge,velocity_x,std,temporal
3,video_trial_delta,836,557,0.039754364639520645,nose_alar_right,cz,temporal_slope,temporal
3,video_trial_delta,837,648,0.037712741643190384,lower_lip,cx,mean,temporal
3,video_trial_delta,838,918,0.0372447669506073,eye_right_upper,velocity_aspect,absolute_mean,absolute_motion
3,video_trial_delta,839,3,0.0364474318921566,brow_left_inner,cx,quantile_90,temporal
3,video_trial_delta,840,113,0.036439817398786545,brow_right_inner,cx,temporal_slope,temporal
3,video_trial_delta,841,172,0.035959966480731964,brow_right_outer,cy,late_minus_early,temporal
3,video_trial_delta,842,679,0.03541205823421478,lower_lip,velocity_x,std,temporal
3,video_trial_delta,843,18,0.035082727670669556,brow_left_inner,area,mean,temporal
3,video_trial_delta,844,179,0.03473906219005585,brow_right_outer,cz,temporal_slope,temporal
3,video_trial_delta,845,860,0.03317927196621895,brow_right_outer,velocity_x,absolute_quantile_90,absolute_motion
3,video_trial_delta,846,877,0.032484184950590134,eye_left_upper,velocity_x,absolute_max,absolute_motion
3,video_trial_delta,847,1041,0.0315035842359066,chin_center,velocity_y,absolute_max,absolute_motion
3,video_trial_delta,848,588,0.03148459643125534,nose_alar_right,velocity_aspect,mean,temporal
3,video_trial_delta,849,999,0.031210940331220627,upper_lip,velocity_aspect,absolute_std,absolute_motion
3,video_trial_delta,850,837,0.031201761215925217,brow_left_outer,velocity_area,absolute_max,absolute_motion
3,video_trial_delta,851,885,0.03090759925544262,eye_left_upper,velocity_area,absolute_max,absolute_motion
3,video_trial_delta,852,397,0.030877843499183655,eye_right_lower,area,std,temporal
3,video_trial_delta,853,176,0.030605511739850044,brow_right_outer,cz,quantile_10,temporal
3,video_trial_delta,854,373,0.03053322248160839,eye_right_upper,velocity_aspect,std,temporal
3,video_trial_delta,855,110,0.02967456541955471,brow_right_inner,cx,quantile_10,temporal
3,video_trial_delta,856,975,0.02960212156176567,nose_alar_right,velocity_y,absolute_std,absolute_motion
3,video_trial_delta,857,954,0.02935679443180561,nose_alar_left,velocity_x,absolute_mean,absolute_motion
3,video_trial_delta,858,791,0.029330087825655937,chin_center,velocity_x,temporal_slope,temporal
3,video_trial_delta,859,121,0.029222765937447548,brow_right_inner,cz,std,temporal
3,video_trial_delta,860,629,0.029114415869116783,upper_lip,velocity_x,temporal_slope,temporal
3,video_trial_delta,861,1003,0.02860061265528202,lower_lip,velocity_x,absolute_std,absolute_motion
3,video_trial_delta,862,605,0.028419125825166702,upper_lip,cy,temporal_slope,temporal
3,video_trial_delta,863,542,0.02792488783597946,nose_alar_right,cx,quantile_10,temporal
3,video_trial_delta,864,488,0.02753066085278988,nose_alar_left,cx,quantile_10,temporal
3,video_trial_delta,865,650,0.02740054950118065,lower_lip,cx,quantile_10,temporal
3,video_trial_delta,866,776,0.027225373312830925,chin_center,area,quantile_10,temporal
3,video_trial_delta,867,286,0.026703493669629097,eye_left_lower,cz,late_minus_early,temporal
3,video_trial_delta,868,1040,0.026631753891706467,chin_center,velocity_y,absolute_quantile_90,absolute_motion
3,video_trial_delta,869,469,0.026581427082419395,nose_bridge,velocity_y,std,temporal
3,video_trial_delta,870,236,0.026474187150597572,eye_left_upper,area,quantile_10,temporal
3,video_trial_delta,871,979,0.02638288214802742,nose_alar_right,velocity_area,absolute_std,absolute_motion
3,video_trial_delta,872,319,0.026270851492881775,eye_left_lower,velocity_aspect,std,temporal
3,video_trial_delta,873,450,0.026131803169846535,nose_bridge,area,mean,temporal
3,video_trial_delta,874,848,0.0259898342192173,brow_right_inner,velocity_y,absolute_quantile_90,absolute_motion
3,video_trial_delta,875,761,0.025855552405118942,chin_center,cx,temporal_slope,temporal
3,video_trial_delta,876,902,0.025545328855514526,eye_left_lower,velocity_aspect,absolute_mean,absolute_motion
3,video_trial_delta,877,395,0.025310814380645752,eye_right_lower,cz,temporal_slope,temporal
3,video_trial_delta,878,478,0.025036025792360306,nose_bridge,velocity_area,late_minus_early,temporal
3,video_trial_delta,879,708,0.024889880791306496,lip_corners,cy,mean,temporal
3,video_trial_delta,880,114,0.02444877289235592,brow_right_inner,cy,mean,temporal
3,video_trial_delta,881,128,0.02436274103820324,brow_right_inner,area,quantile_10,temporal
3,video_trial_delta,882,551,0.02429233305156231,nose_alar_right,cy,temporal_slope,temporal
3,video_trial_delta,883,470,0.024085160344839096,nose_bridge,velocity_y,quantile_10,temporal
3,video_trial_delta,884,758,0.02406524121761322,chin_center,cx,quantile_10,temporal
3,video_trial_delta,885,73,0.023704281076788902,brow_left_outer,area,std,temporal
3,video_trial_delta,886,173,0.02354208566248417,brow_right_outer,cy,temporal_slope,temporal
3,video_trial_delta,887,919,0.023292453959584236,eye_right_upper,velocity_aspect,absolute_std,absolute_motion
3,video_trial_delta,888,281,0.023124944418668747,eye_left_lower,cy,temporal_slope,temporal
3,video_trial_delta,889,61,0.02304278127849102,brow_left_outer,cy,std,temporal
3,video_trial_delta,890,437,0.022798456251621246,nose_bridge,cx,temporal_slope,temporal
3,video_trial_delta,891,424,0.02251691184937954,eye_right_lower,velocity_area,late_minus_early,temporal
3,video_trial_delta,892,1001,0.02247791551053524,upper_lip,velocity_aspect,absolute_max,absolute_motion
3,video_trial_delta,893,545,0.022440170869231224,nose_alar_right,cx,temporal_slope,temporal
3,video_trial_delta,894,149,0.0224043820053339,brow_right_inner,velocity_y,temporal_slope,temporal
3,video_trial_delta,895,657,0.022325878962874413,lower_lip,cy,quantile_90,temporal
3,video_trial_delta,896,986,0.02213258482515812,upper_lip,velocity_x,absolute_mean,absolute_motion
3,video_trial_delta,897,238,0.021809594705700874,eye_left_upper,area,late_minus_early,temporal
3,video_trial_delta,898,170,0.02135593630373478,brow_right_outer,cy,quantile_10,temporal
3,video_trial_delta,899,927,0.020494597032666206,eye_right_lower,velocity_y,absolute_std,absolute_motion
3,video_trial_delta,900,99,0.020458241924643517,brow_left_outer,velocity_area,quantile_90,temporal
3,video_trial_delta,901,926,0.020141197368502617,eye_right_lower,velocity_y,absolute_mean,absolute_motion
3,video_trial_delta,902,787,0.019914308562874794,chin_center,velocity_x,std,temporal
3,video_trial_delta,903,434,0.019897134974598885,nose_bridge,cx,quantile_10,temporal
3,video_trial_delta,904,852,0.01931517943739891,brow_right_inner,velocity_area,absolute_quantile_90,absolute_motion
3,video_trial_delta,905,400,0.019221758469939232,eye_right_lower,area,late_minus_early,temporal
3,video_trial_delta,906,683,0.016679203137755394,lower_lip,velocity_x,temporal_slope,temporal
3,video_trial_delta,907,1002,0.016200875863432884,lower_lip,velocity_x,absolute_mean,absolute_motion
3,video_trial_delta,908,263,0.015599076636135578,eye_left_upper,velocity_area,temporal_slope,temporal
3,video_trial_delta,909,1,0.015284787863492966,brow_left_inner,cx,std,temporal
3,video_trial_delta,910,141,0.015186425298452377,brow_right_inner,velocity_x,quantile_90,temporal
3,video_trial_delta,911,760,0.014992039650678635,chin_center,cx,late_minus_early,temporal
3,video_trial_delta,912,1038,0.014847035519778728,chin_center,velocity_y,absolute_mean,absolute_motion
3,video_trial_delta,913,921,0.01480917539447546,eye_right_upper,velocity_aspect,absolute_max,absolute_motion
3,video_trial_delta,914,896,0.014347095042467117,eye_left_lower,velocity_y,absolute_quantile_90,absolute_motion
3,video_trial_delta,915,872,0.014096967875957489,brow_right_outer,velocity_aspect,absolute_quantile_90,absolute_motion
3,video_trial_delta,916,829,0.013897310942411423,brow_left_outer,velocity_x,absolute_max,absolute_motion
3,video_trial_delta,917,65,0.013552176766097546,brow_left_outer,cy,temporal_slope,temporal
3,video_trial_delta,918,287,0.013352186419069767,eye_left_lower,cz,temporal_slope,temporal
3,video_trial_delta,919,655,0.013229032047092915,lower_lip,cy,std,temporal
3,video_trial_delta,920,232,0.01321574579924345,eye_left_upper,cz,late_minus_early,temporal
3,video_trial_delta,921,572,0.01317107304930687,nose_alar_right,velocity_x,quantile_10,temporal
3,video_trial_delta,922,52,0.012977944687008858,brow_left_inner,velocity_aspect,late_minus_early,temporal
3,video_trial_delta,923,362,0.012871299870312214,eye_right_upper,velocity_y,quantile_10,temporal
3,video_trial_delta,924,21,0.012398209422826767,brow_left_inner,area,quantile_90,temporal
3,video_trial_delta,925,546,0.012349065393209457,nose_alar_right,cy,mean,temporal
3,video_trial_delta,926,477,0.012341250665485859,nose_bridge,velocity_area,quantile_90,temporal
3,video_trial_delta,927,987,0.012339086271822453,upper_lip,velocity_x,absolute_std,absolute_motion
3,video_trial_delta,928,808,0.012320214882493019,chin_center,velocity_aspect,late_minus_early,temporal
3,video_trial_delta,929,959,0.012162941507995129,nose_alar_left,velocity_y,absolute_std,absolute_motion
3,video_trial_delta,930,992,0.0121616180986166,upper_lip,velocity_y,absolute_quantile_90,absolute_motion
3,video_trial_delta,931,109,0.012011640705168247,brow_right_inner,cx,std,temporal
3,video_trial_delta,932,737,0.011211512610316277,lip_corners,velocity_x,temporal_slope,temporal
3,video_trial_delta,933,389,0.011031986214220524,eye_right_lower,cy,temporal_slope,temporal
3,video_trial_delta,934,970,0.010848593898117542,nose_alar_right,velocity_x,absolute_mean,absolute_motion
3,video_trial_delta,935,19,0.010573781095445156,brow_left_inner,area,std,temporal
3,video_trial_delta,936,684,0.01053018867969513,lower_lip,velocity_y,mean,temporal
3,video_trial_delta,937,315,0.010396445170044899,eye_left_lower,velocity_area,quantile_90,temporal
3,video_trial_delta,938,881,0.010351203382015228,eye_left_upper,velocity_y,absolute_max,absolute_motion
3,video_trial_delta,939,712,0.01020259503275156,lip_corners,cy,late_minus_early,temporal
3,video_trial_delta,940,894,0.009955886751413345,eye_left_lower,velocity_y,absolute_mean,absolute_motion
3,video_trial_delta,941,711,0.00968073308467865,lip_corners,cy,quantile_90,temporal
3,video_trial_delta,942,429,0.009315344505012035,eye_right_lower,velocity_aspect,quantile_90,temporal
3,video_trial_delta,943,632,0.009291783906519413,upper_lip,velocity_y,quantile_10,temporal
3,video_trial_delta,944,174,0.008769415318965912,brow_right_outer,cz,mean,temporal
3,video_trial_delta,945,212,0.007988027296960354,brow_right_outer,velocity_aspect,quantile_10,temporal
3,video_trial_delta,946,401,0.007958045229315758,eye_right_lower,area,temporal_slope,temporal
3,video_trial_delta,947,596,0.007896285504102707,upper_lip,cx,quantile_10,temporal
3,video_trial_delta,948,821,0.007820826955139637,brow_left_inner,velocity_area,absolute_max,absolute_motion
3,video_trial_delta,949,534,0.007646637037396431,nose_alar_left,velocity_aspect,mean,temporal
3,video_trial_delta,950,904,0.0076080732978880405,eye_left_lower,velocity_aspect,absolute_quantile_90,absolute_motion
3,video_trial_delta,951,67,0.007431482430547476,brow_left_outer,cz,std,temporal
3,video_trial_delta,952,415,0.00735157635062933,eye_right_lower,velocity_y,std,temporal
3,video_trial_delta,953,742,0.007263103500008583,lip_corners,velocity_y,late_minus_early,temporal
3,video_trial_delta,954,998,0.00702802324667573,upper_lip,velocity_aspect,absolute_mean,absolute_motion
3,video_trial_delta,955,178,0.0065612648613750935,brow_right_outer,cz,late_minus_early,temporal
3,video_trial_delta,956,658,0.006427623797208071,lower_lip,cy,late_minus_early,temporal
3,video_trial_delta,957,399,0.00634801248088479,eye_right_lower,area,quantile_90,temporal
3,video_trial_delta,958,84,0.006288893986493349,brow_left_outer,velocity_x,mean,temporal
3,video_trial_delta,959,643,0.00624204333871603,upper_lip,velocity_aspect,std,temporal
3,video_trial_delta,960,633,0.006173865869641304,upper_lip,velocity_y,quantile_90,temporal
3,video_trial_delta,961,284,0.006114440970122814,eye_left_lower,cz,quantile_10,temporal
3,video_trial_delta,962,675,0.006051643751561642,lower_lip,aspect,quantile_90,temporal
3,video_trial_delta,963,92,0.005930088460445404,brow_left_outer,velocity_y,quantile_10,temporal
3,video_trial_delta,964,339,0.005781873594969511,eye_right_upper,cz,quantile_90,temporal
3,video_trial_delta,965,681,0.005645816680043936,lower_lip,velocity_x,quantile_90,temporal
3,video_trial_delta,966,676,0.005570417735725641,lower_lip,aspect,late_minus_early,temporal
3,video_trial_delta,967,250,0.00527184410020709,eye_left_upper,velocity_x,late_minus_early,temporal
3,video_trial_delta,968,320,0.005259174387902021,eye_left_lower,velocity_aspect,quantile_10,temporal
3,video_trial_delta,969,75,0.0049469671212136745,brow_left_outer,area,quantile_90,temporal
3,video_trial_delta,970,59,0.004926786758005619,brow_left_outer,cx,temporal_slope,temporal
3,video_trial_delta,971,779,0.0045889802277088165,chin_center,area,temporal_slope,temporal
3,video_trial_delta,972,207,0.004388465546071529,brow_right_outer,velocity_area,quantile_90,temporal
3,video_trial_delta,973,882,0.004322520457208157,eye_left_upper,velocity_area,absolute_mean,absolute_motion
3,video_trial_delta,974,550,0.004275747109204531,nose_alar_right,cy,late_minus_early,temporal
3,video_trial_delta,975,677,0.004242889117449522,lower_lip,aspect,temporal_slope,temporal
3,video_trial_delta,976,195,0.00424048351123929,brow_right_outer,velocity_x,quantile_90,temporal
3,video_trial_delta,977,940,0.0040715886279940605,nose_bridge,velocity_x,absolute_quantile_90,absolute_motion
3,video_trial_delta,978,58,0.004023187793791294,brow_left_outer,cx,late_minus_early,temporal
3,video_trial_delta,979,296,0.004017676692456007,eye_left_lower,aspect,quantile_10,temporal
3,video_trial_delta,980,206,0.0036794289480894804,brow_right_outer,velocity_area,quantile_10,temporal
3,video_trial_delta,981,1035,0.0036748447455465794,chin_center,velocity_x,absolute_std,absolute_motion
3,video_trial_delta,982,200,0.003424736438319087,brow_right_outer,velocity_y,quantile_10,temporal
3,video_trial_delta,983,580,0.0033873827196657658,nose_alar_right,velocity_y,late_minus_early,temporal
3,video_trial_delta,984,122,0.0032766987569630146,brow_right_inner,cz,quantile_10,temporal
3,video_trial_delta,985,394,0.003165497677400708,eye_right_lower,cz,late_minus_early,temporal
3,video_trial_delta,986,375,0.003110577818006277,eye_right_upper,velocity_aspect,quantile_90,temporal
3,video_trial_delta,987,713,0.0028900811448693275,lip_corners,cy,temporal_slope,temporal
3,video_trial_delta,988,638,0.0027517161797732115,upper_lip,velocity_area,quantile_10,temporal
3,video_trial_delta,989,972,0.002447093604132533,nose_alar_right,velocity_x,absolute_quantile_90,absolute_motion
3,video_trial_delta,990,420,0.002267749048769474,eye_right_lower,velocity_area,mean,temporal
3,video_trial_delta,991,680,0.002177325077354908,lower_lip,velocity_x,quantile_10,temporal
3,video_trial_delta,992,169,0.002085373504087329,brow_right_outer,cy,std,temporal
3,video_trial_delta,993,108,0.002051127143204212,brow_right_inner,cx,mean,temporal
3,video_trial_delta,994,778,0.002003408968448639,chin_center,area,late_minus_early,temporal
3,video_trial_delta,995,393,0.0019876756705343723,eye_right_lower,cz,quantile_90,temporal
3,video_trial_delta,996,367,0.0018727278802543879,eye_right_upper,velocity_area,std,temporal
3,video_trial_delta,997,659,0.0018232727888971567,lower_lip,cy,temporal_slope,temporal
3,video_trial_delta,998,361,0.0018017911352217197,eye_right_upper,velocity_y,std,temporal
3,video_trial_delta,999,709,0.0016102211084216833,lip_corners,cy,std,temporal
3,video_trial_delta,1000,343,0.0016026204684749246,eye_right_upper,area,std,temporal
3,video_trial_delta,1001,645,0.0015249926364049315,upper_lip,velocity_aspect,quantile_90,temporal
3,video_trial_delta,1002,193,0.0015150094404816628,brow_right_outer,velocity_x,std,temporal
3,video_trial_delta,1003,152,0.001275243703275919,brow_right_inner,velocity_area,quantile_10,temporal
3,video_trial_delta,1004,194,0.0012259151553735137,brow_right_outer,velocity_x,quantile_10,temporal
3,video_trial_delta,1005,549,0.0011575774988159537,nose_alar_right,cy,quantile_90,temporal
3,video_trial_delta,1006,153,0.0010045046219602227,brow_right_inner,velocity_area,quantile_90,temporal
3,video_trial_delta,1007,1021,0.0009900088189169765,lip_corners,velocity_x,absolute_max,absolute_motion
3,video_trial_delta,1008,726,0.000986612867563963,lip_corners,aspect,mean,temporal
3,video_trial_delta,1009,862,0.0009690584847703576,brow_right_outer,velocity_y,absolute_mean,absolute_motion
3,video_trial_delta,1010,547,0.000945454987231642,nose_alar_right,cy,std,temporal
3,video_trial_delta,1011,308,0.000907503766939044,eye_left_lower,velocity_y,quantile_10,temporal
3,video_trial_delta,1012,704,0.000890001654624939,lip_corners,cx,quantile_10,temporal
3,video_trial_delta,1013,777,0.0007619131356477737,chin_center,area,quantile_90,temporal
3,video_trial_delta,1014,830,0.0007221797714009881,brow_left_outer,velocity_y,absolute_mean,absolute_motion
3,video_trial_delta,1015,947,0.0005250652902759612,nose_bridge,velocity_area,absolute_std,absolute_motion
3,video_trial_delta,1016,692,0.0004987004213035107,lower_lip,velocity_area,quantile_10,temporal
3,video_trial_delta,1017,90,0.0004986200947314501,brow_left_outer,velocity_y,mean,temporal
3,video_trial_delta,1018,774,0.00045880337711423635,chin_center,area,mean,temporal
3,video_trial_delta,1019,613,0.00036767663550563157,upper_lip,area,std,temporal
3,video_trial_delta,1020,952,0.00031452387338504195,nose_bridge,velocity_aspect,absolute_quantile_90,absolute_motion
3,video_trial_delta,1021,233,0.00030002681887708604,eye_left_upper,cz,temporal_slope,temporal
3,video_trial_delta,1022,230,0.00024224858498200774,eye_left_upper,cz,quantile_10,temporal
3,video_trial_delta,1023,832,0.00018270537839271128,brow_left_outer,velocity_y,absolute_quantile_90,absolute_motion
3,video_trial_delta,1024,210,0.00017720414325594902,brow_right_outer,velocity_aspect,mean,temporal
3,video_trial_delta,1025,234,0.00016182259423658252,eye_left_upper,area,mean,temporal
3,video_trial_delta,1026,27,0.000156371301272884,brow_left_inner,aspect,quantile_90,temporal
3,video_trial_delta,1027,417,0.00012058648280799389,eye_right_lower,velocity_y,quantile_90,temporal
3,video_trial_delta,1028,255,7.93845538282767e-05,eye_left_upper,velocity_y,quantile_90,temporal
3,video_trial_delta,1029,482,3.7217232602415606e-05,nose_bridge,velocity_aspect,quantile_10,temporal
3,video_trial_delta,1030,688,2.3713577320449986e-05,lower_lip,velocity_y,late_minus_early,temporal
3,video_trial_delta,1031,300,9.306101674155798e-06,eye_left_lower,velocity_x,mean,temporal
3,video_trial_delta,1032,314,3.7328863982111216e-06,eye_left_lower,velocity_area,quantile_10,temporal
3,video_trial_delta,1033,72,9.680511539045256e-07,brow_left_outer,area,mean,temporal
3,video_trial_delta,1034,938,3.332169740133395e-07,nose_bridge,velocity_x,absolute_mean,absolute_motion
3,video_water_delta,1,240,7.039875507354736,eye_left_upper,aspect,mean,temporal
3,video_water_delta,2,243,6.8231611251831055,eye_left_upper,aspect,quantile_90,temporal
3,video_water_delta,3,48,6.393386363983154,brow_left_inner,velocity_aspect,mean,temporal
3,video_water_delta,4,405,4.769503116607666,eye_right_lower,aspect,quantile_90,temporal
3,video_water_delta,5,242,4.55047082901001,eye_left_upper,aspect,quantile_10,temporal
3,video_water_delta,6,783,4.125322341918945,chin_center,aspect,quantile_90,temporal
3,video_water_delta,7,800,3.8804309368133545,chin_center,velocity_area,quantile_10,temporal
3,video_water_delta,8,351,3.8745195865631104,eye_right_upper,aspect,quantile_90,temporal
3,video_water_delta,9,402,3.644585609436035,eye_right_lower,aspect,mean,temporal
3,video_water_delta,10,891,3.596888303756714,eye_left_lower,velocity_x,absolute_std,absolute_motion
3,video_water_delta,11,404,3.3867087364196777,eye_right_lower,aspect,quantile_10,temporal
3,video_water_delta,12,136,3.288971185684204,brow_right_inner,aspect,late_minus_early,temporal
3,video_water_delta,13,133,3.279082775115967,brow_right_inner,aspect,std,temporal
3,video_water_delta,14,352,3.21016788482666,eye_right_upper,aspect,late_minus_early,temporal
3,video_water_delta,15,602,3.086254835128784,upper_lip,cy,quantile_10,temporal
3,video_water_delta,16,350,3.0450785160064697,eye_right_upper,aspect,quantile_10,temporal
3,video_water_delta,17,876,3.000269889831543,eye_left_upper,velocity_x,absolute_quantile_90,absolute_motion
3,video_water_delta,18,892,2.9822611808776855,eye_left_lower,velocity_x,absolute_quantile_90,absolute_motion
3,video_water_delta,19,348,2.9789531230926514,eye_right_upper,aspect,mean,temporal
3,video_water_delta,20,656,2.969939947128296,lower_lip,cy,quantile_10,temporal
3,video_water_delta,21,554,2.9315381050109863,nose_alar_right,cz,quantile_10,temporal
3,video_water_delta,22,770,2.912144184112549,chin_center,cz,quantile_10,temporal
3,video_water_delta,23,301,2.8824849128723145,eye_left_lower,velocity_x,std,temporal
3,video_water_delta,24,875,2.843080759048462,eye_left_upper,velocity_x,absolute_std,absolute_motion
3,video_water_delta,25,769,2.8163673877716064,chin_center,cz,std,temporal
3,video_water_delta,26,82,2.7729692459106445,brow_left_outer,aspect,late_minus_early,temporal
3,video_water_delta,27,608,2.7530746459960938,upper_lip,cz,quantile_10,temporal
3,video_water_delta,28,661,2.7291510105133057,lower_lip,cz,std,temporal
3,video_water_delta,29,440,2.68019962310791,nose_bridge,cy,quantile_10,temporal
3,video_water_delta,30,893,2.6673388481140137,eye_left_lower,velocity_x,absolute_max,absolute_motion
3,video_water_delta,31,294,2.6511902809143066,eye_left_lower,aspect,mean,temporal
3,video_water_delta,32,548,2.647627830505371,nose_alar_right,cy,quantile_10,temporal
3,video_water_delta,33,102,2.630169153213501,brow_left_outer,velocity_aspect,mean,temporal
3,video_water_delta,34,650,2.6265175342559814,lower_lip,cx,quantile_10,temporal
3,video_water_delta,35,273,2.610485792160034,eye_left_lower,cx,quantile_90,temporal
3,video_water_delta,36,652,2.59565806388855,lower_lip,cx,late_minus_early,temporal
3,video_water_delta,37,438,2.5945398807525635,nose_bridge,cy,mean,temporal
3,video_water_delta,38,715,2.592363119125366,lip_corners,cz,std,temporal
3,video_water_delta,39,716,2.5780415534973145,lip_corners,cz,quantile_10,temporal
3,video_water_delta,40,499,2.5656566619873047,nose_alar_left,cz,std,temporal
3,video_water_delta,41,190,2.560664176940918,brow_right_outer,aspect,late_minus_early,temporal
3,video_water_delta,42,177,2.5358686447143555,brow_right_outer,cz,quantile_90,temporal
3,video_water_delta,43,28,2.53442120552063,brow_left_inner,aspect,late_minus_early,temporal
3,video_water_delta,44,53,2.519618272781372,brow_left_inner,velocity_aspect,temporal_slope,temporal
3,video_water_delta,45,780,2.494000196456909,chin_center,aspect,mean,temporal
3,video_water_delta,46,170,2.484827995300293,brow_right_outer,cy,quantile_10,temporal
3,video_water_delta,47,704,2.4566025733947754,lip_corners,cx,quantile_10,temporal
3,video_water_delta,48,553,2.456244707107544,nose_alar_right,cz,std,temporal
3,video_water_delta,49,662,2.395148515701294,lower_lip,cz,quantile_10,temporal
3,video_water_delta,50,758,2.383436679840088,chin_center,cx,quantile_10,temporal
3,video_water_delta,51,289,2.3761260509490967,eye_left_lower,area,std,temporal
3,video_water_delta,52,607,2.375544548034668,upper_lip,cz,std,temporal
3,video_water_delta,53,547,2.3748888969421387,nose_alar_right,cy,std,temporal
3,video_water_delta,54,137,2.369521379470825,brow_right_inner,aspect,temporal_slope,temporal
3,video_water_delta,55,247,2.363607168197632,eye_left_upper,velocity_x,std,temporal
3,video_water_delta,56,1025,2.3292770385742188,lip_corners,velocity_y,absolute_max,absolute_motion
3,video_water_delta,57,781,2.3227334022521973,chin_center,aspect,std,temporal
3,video_water_delta,58,439,2.3049728870391846,nose_bridge,cy,std,temporal
3,video_water_delta,59,169,2.2993733882904053,brow_right_outer,cy,std,temporal
3,video_water_delta,60,296,2.2561285495758057,eye_left_lower,aspect,quantile_10,temporal
3,video_water_delta,61,890,2.243180751800537,eye_left_lower,velocity_x,absolute_mean,absolute_motion
3,video_water_delta,62,811,2.2387747764587402,brow_left_inner,velocity_x,absolute_std,absolute_motion
3,video_water_delta,63,500,2.211839437484741,nose_alar_left,cz,quantile_10,temporal
3,video_water_delta,64,601,2.1997175216674805,upper_lip,cy,std,temporal
3,video_water_delta,65,38,2.1907565593719482,brow_left_inner,velocity_y,quantile_10,temporal
3,video_water_delta,66,1044,2.1644704341888428,chin_center,velocity_area,absolute_quantile_90,absolute_motion
3,video_water_delta,67,458,2.1205477714538574,nose_bridge,aspect,quantile_10,temporal
3,video_water_delta,68,710,2.09133243560791,lip_corners,cy,quantile_10,temporal
3,video_water_delta,69,653,2.0843677520751953,lower_lip,cx,temporal_slope,temporal
3,video_water_delta,70,526,2.077242851257324,nose_alar_left,velocity_y,late_minus_early,temporal
3,video_water_delta,71,297,2.0574729442596436,eye_left_lower,aspect,quantile_90,temporal
3,video_water_delta,72,156,2.056326389312744,brow_right_inner,velocity_aspect,mean,temporal
3,video_water_delta,73,31,2.0317270755767822,brow_left_inner,velocity_x,std,temporal
3,video_water_delta,74,303,1.9978053569793701,eye_left_lower,velocity_x,quantile_90,temporal
3,video_water_delta,75,446,1.9600567817687988,nose_bridge,cz,quantile_10,temporal
3,video_water_delta,76,801,1.9524474143981934,chin_center,velocity_area,quantile_90,temporal
3,video_water_delta,77,123,1.9392447471618652,brow_right_inner,cz,quantile_90,temporal
3,video_water_delta,78,823,1.9373477697372437,brow_left_inner,velocity_aspect,absolute_std,absolute_motion
3,video_water_delta,79,445,1.9303056001663208,nose_bridge,cz,std,temporal
3,video_water_delta,80,353,1.9293899536132812,eye_right_upper,aspect,temporal_slope,temporal
3,video_water_delta,81,806,1.9201922416687012,chin_center,velocity_aspect,quantile_10,temporal
3,video_water_delta,82,358,1.9159775972366333,eye_right_upper,velocity_x,late_minus_early,temporal
3,video_water_delta,83,874,1.9114928245544434,eye_left_upper,velocity_x,absolute_mean,absolute_motion
3,video_water_delta,84,812,1.8964052200317383,brow_left_inner,velocity_x,absolute_quantile_90,absolute_motion
3,video_water_delta,85,191,1.891210913658142,brow_right_outer,aspect,temporal_slope,temporal
3,video_water_delta,86,462,1.871160626411438,nose_bridge,velocity_x,mean,temporal
3,video_water_delta,87,824,1.86762535572052,brow_left_inner,velocity_aspect,absolute_quantile_90,absolute_motion
3,video_water_delta,88,877,1.8454991579055786,eye_left_upper,velocity_x,absolute_max,absolute_motion
3,video_water_delta,89,546,1.8326239585876465,nose_alar_right,cy,mean,temporal
3,video_water_delta,90,993,1.8020552396774292,upper_lip,velocity_y,absolute_max,absolute_motion
3,video_water_delta,91,184,1.7983916997909546,brow_right_outer,area,late_minus_early,temporal
3,video_water_delta,92,175,1.7941856384277344,brow_right_outer,cz,std,temporal
3,video_water_delta,93,995,1.793637752532959,upper_lip,velocity_area,absolute_std,absolute_motion
3,video_water_delta,94,810,1.781455636024475,brow_left_inner,velocity_x,absolute_mean,absolute_motion
3,video_water_delta,95,454,1.7783716917037964,nose_bridge,area,late_minus_early,temporal
3,video_water_delta,96,814,1.7683497667312622,brow_left_inner,velocity_y,absolute_mean,absolute_motion
3,video_water_delta,97,1041,1.7671228647232056,chin_center,velocity_y,absolute_max,absolute_motion
3,video_water_delta,98,135,1.7529675960540771,brow_right_inner,aspect,quantile_90,temporal
3,video_water_delta,99,218,1.7349387407302856,eye_left_upper,cx,quantile_10,temporal
3,video_water_delta,100,849,1.7294491529464722,brow_right_inner,velocity_y,absolute_max,absolute_motion
3,video_water_delta,101,372,1.706125020980835,eye_right_upper,velocity_aspect,mean,temporal
3,video_water_delta,102,524,1.7023704051971436,nose_alar_left,velocity_y,quantile_10,temporal
3,video_water_delta,103,42,1.6807199716567993,brow_left_inner,velocity_area,mean,temporal
3,video_water_delta,104,581,1.6767126321792603,nose_alar_right,velocity_y,temporal_slope,temporal
3,video_water_delta,105,807,1.6607810258865356,chin_center,velocity_aspect,quantile_90,temporal
3,video_water_delta,106,825,1.6592148542404175,brow_left_inner,velocity_aspect,absolute_max,absolute_motion
3,video_water_delta,107,557,1.6590198278427124,nose_alar_right,cz,temporal_slope,temporal
3,video_water_delta,108,966,1.6567140817642212,nose_alar_left,velocity_aspect,absolute_mean,absolute_motion
3,video_water_delta,109,606,1.6310149431228638,upper_lip,cz,mean,temporal
3,video_water_delta,110,949,1.6253637075424194,nose_bridge,velocity_area,absolute_max,absolute_motion
3,video_water_delta,111,397,1.610412836074829,eye_right_lower,area,std,temporal
3,video_water_delta,112,782,1.6064214706420898,chin_center,aspect,quantile_10,temporal
3,video_water_delta,113,841,1.58364999294281,brow_left_outer,velocity_aspect,absolute_max,absolute_motion
3,video_water_delta,114,753,1.5792779922485352,lip_corners,velocity_aspect,quantile_90,temporal
3,video_water_delta,115,590,1.5667839050292969,nose_alar_right,velocity_aspect,quantile_10,temporal
3,video_water_delta,116,164,1.5462082624435425,brow_right_outer,cx,quantile_10,temporal
3,video_water_delta,117,33,1.5396465063095093,brow_left_inner,velocity_x,quantile_90,temporal
3,video_water_delta,118,634,1.5235575437545776,upper_lip,velocity_y,late_minus_early,temporal
3,video_water_delta,119,472,1.5108059644699097,nose_bridge,velocity_y,late_minus_early,temporal
3,video_water_delta,120,26,1.5024415254592896,brow_left_inner,aspect,quantile_10,temporal
3,video_water_delta,121,96,1.5019776821136475,brow_left_outer,velocity_area,mean,temporal
3,video_water_delta,122,386,1.4970746040344238,eye_right_lower,cy,quantile_10,temporal
3,video_water_delta,123,185,1.4933116436004639,brow_right_outer,area,temporal_slope,temporal
3,video_water_delta,124,813,1.4927231073379517,brow_left_inner,velocity_x,absolute_max,absolute_motion
3,video_water_delta,125,637,1.4858897924423218,upper_lip,velocity_area,std,temporal
3,video_water_delta,126,425,1.4785375595092773,eye_right_lower,velocity_area,temporal_slope,temporal
3,video_water_delta,127,535,1.4733326435089111,nose_alar_left,velocity_aspect,std,temporal
3,video_water_delta,128,1031,1.4618061780929565,lip_corners,velocity_aspect,absolute_std,absolute_motion
3,video_water_delta,129,1042,1.4508222341537476,chin_center,velocity_area,absolute_mean,absolute_motion
3,video_water_delta,130,839,1.4256019592285156,brow_left_outer,velocity_aspect,absolute_std,absolute_motion
3,video_water_delta,131,49,1.4204075336456299,brow_left_inner,velocity_aspect,std,temporal
3,video_water_delta,132,83,1.4160138368606567,brow_left_outer,aspect,temporal_slope,temporal
3,video_water_delta,133,714,1.4124081134796143,lip_corners,cz,mean,temporal
3,video_water_delta,134,709,1.365289330482483,lip_corners,cy,std,temporal
3,video_water_delta,135,997,1.3544858694076538,upper_lip,velocity_area,absolute_max,absolute_motion
3,video_water_delta,136,29,1.3533656597137451,brow_left_inner,aspect,temporal_slope,temporal
3,video_water_delta,137,931,1.3513603210449219,eye_right_lower,velocity_area,absolute_std,absolute_motion
3,video_water_delta,138,556,1.3498623371124268,nose_alar_right,cz,late_minus_early,temporal
3,video_water_delta,139,855,1.3382322788238525,brow_right_inner,velocity_aspect,absolute_std,absolute_motion
3,video_water_delta,140,742,1.3221174478530884,lip_corners,velocity_y,late_minus_early,temporal
3,video_water_delta,141,600,1.313269853591919,upper_lip,cy,mean,temporal
3,video_water_delta,142,270,1.3071396350860596,eye_left_lower,cx,mean,temporal
3,video_water_delta,143,690,1.3061034679412842,lower_lip,velocity_area,mean,temporal
3,video_water_delta,144,246,1.3030626773834229,eye_left_upper,velocity_x,mean,temporal
3,video_water_delta,145,596,1.2973562479019165,upper_lip,cx,quantile_10,temporal
3,video_water_delta,146,688,1.2894768714904785,lower_lip,velocity_y,late_minus_early,temporal
3,video_water_delta,147,157,1.2876542806625366,brow_right_inner,velocity_aspect,std,temporal
3,video_water_delta,148,449,1.2819534540176392,nose_bridge,cz,temporal_slope,temporal
3,video_water_delta,149,160,1.2806861400604248,brow_right_inner,velocity_aspect,late_minus_early,temporal
3,video_water_delta,150,456,1.2730753421783447,nose_bridge,aspect,mean,temporal
3,video_water_delta,151,760,1.27227783203125,chin_center,cx,late_minus_early,temporal
3,video_water_delta,152,473,1.2659883499145508,nose_bridge,velocity_y,temporal_slope,temporal
3,video_water_delta,153,799,1.2640023231506348,chin_center,velocity_area,std,temporal
3,video_water_delta,154,636,1.2477492094039917,upper_lip,velocity_area,mean,temporal
3,video_water_delta,155,635,1.2439155578613281,upper_lip,velocity_y,temporal_slope,temporal
3,video_water_delta,156,638,1.2327792644500732,upper_lip,velocity_area,quantile_10,temporal
3,video_water_delta,157,958,1.230757474899292,nose_alar_left,velocity_y,absolute_mean,absolute_motion
3,video_water_delta,158,115,1.215851902961731,brow_right_inner,cy,std,temporal
3,video_water_delta,159,248,1.21431303024292,eye_left_upper,velocity_x,quantile_10,temporal
3,video_water_delta,160,159,1.1943587064743042,brow_right_inner,velocity_aspect,quantile_90,temporal
3,video_water_delta,161,615,1.190903902053833,upper_lip,area,quantile_90,temporal
3,video_water_delta,162,854,1.1800987720489502,brow_right_inner,velocity_aspect,absolute_mean,absolute_motion
3,video_water_delta,163,655,1.159571647644043,lower_lip,cy,std,temporal
3,video_water_delta,164,498,1.1534732580184937,nose_alar_left,cz,mean,temporal
3,video_water_delta,165,761,1.1477789878845215,chin_center,cx,temporal_slope,temporal
3,video_water_delta,166,967,1.1418442726135254,nose_alar_left,velocity_aspect,absolute_std,absolute_motion
3,video_water_delta,167,1020,1.1341383457183838,lip_corners,velocity_x,absolute_quantile_90,absolute_motion
3,video_water_delta,168,221,1.118298053741455,eye_left_upper,cx,temporal_slope,temporal
3,video_water_delta,169,225,1.1125035285949707,eye_left_upper,cy,quantile_90,temporal
3,video_water_delta,170,132,1.1124297380447388,brow_right_inner,aspect,mean,temporal
3,video_water_delta,171,932,1.1116210222244263,eye_right_lower,velocity_area,absolute_quantile_90,absolute_motion
3,video_water_delta,172,165,1.1097050905227661,brow_right_outer,cx,quantile_90,temporal
3,video_water_delta,173,448,1.1088013648986816,nose_bridge,cz,late_minus_early,temporal
3,video_water_delta,174,779,1.1063594818115234,chin_center,area,temporal_slope,temporal
3,video_water_delta,175,321,1.1046093702316284,eye_left_lower,velocity_aspect,quantile_90,temporal
3,video_water_delta,176,776,1.1011505126953125,chin_center,area,quantile_10,temporal
3,video_water_delta,177,751,1.0938314199447632,lip_corners,velocity_aspect,std,temporal
3,video_water_delta,178,494,1.0932902097702026,nose_alar_left,cy,quantile_10,temporal
3,video_water_delta,179,241,1.0840680599212646,eye_left_upper,aspect,std,temporal
3,video_water_delta,180,95,1.083213210105896,brow_left_outer,velocity_y,temporal_slope,temporal
3,video_water_delta,181,484,1.072845458984375,nose_bridge,velocity_aspect,late_minus_early,temporal
3,video_water_delta,182,234,1.0712354183197021,eye_left_upper,area,mean,temporal
3,video_water_delta,183,689,1.066125750541687,lower_lip,velocity_y,temporal_slope,temporal
3,video_water_delta,184,982,1.060288429260254,nose_alar_right,velocity_aspect,absolute_mean,absolute_motion
3,video_water_delta,185,768,1.0600844621658325,chin_center,cz,mean,temporal
3,video_water_delta,186,539,1.0572086572647095,nose_alar_left,velocity_aspect,temporal_slope,temporal
3,video_water_delta,187,393,1.0509780645370483,eye_right_lower,cz,quantile_90,temporal
3,video_water_delta,188,798,1.0470328330993652,chin_center,velocity_area,mean,temporal
3,video_water_delta,189,743,1.0415486097335815,lip_corners,velocity_y,temporal_slope,temporal
3,video_water_delta,190,275,1.0395066738128662,eye_left_lower,cx,temporal_slope,temporal
3,video_water_delta,191,58,1.0334162712097168,brow_left_outer,cx,late_minus_early,temporal
3,video_water_delta,192,103,1.031615138053894,brow_left_outer,velocity_aspect,std,temporal
3,video_water_delta,193,883,1.0310792922973633,eye_left_upper,velocity_area,absolute_std,absolute_motion
3,video_water_delta,194,32,1.0215717554092407,brow_left_inner,velocity_x,quantile_10,temporal
3,video_water_delta,195,81,1.0205310583114624,brow_left_outer,aspect,quantile_90,temporal
3,video_water_delta,196,109,1.001906156539917,brow_right_inner,cx,std,temporal
3,video_water_delta,197,621,1.0012149810791016,upper_lip,aspect,quantile_90,temporal
3,video_water_delta,198,1032,0.9993942379951477,lip_corners,velocity_aspect,absolute_quantile_90,absolute_motion
3,video_water_delta,199,107,0.9955497980117798,brow_left_outer,velocity_aspect,temporal_slope,temporal
3,video_water_delta,200,822,0.995019793510437,brow_left_inner,velocity_aspect,absolute_mean,absolute_motion
3,video_water_delta,201,511,0.9944565296173096,nose_alar_left,aspect,std,temporal
3,video_water_delta,202,121,0.9902393817901611,brow_right_inner,cz,std,temporal
3,video_water_delta,203,552,0.9819502234458923,nose_alar_right,cz,mean,temporal
3,video_water_delta,204,536,0.9798593521118164,nose_alar_left,velocity_aspect,quantile_10,temporal
3,video_water_delta,205,120,0.9783544540405273,brow_right_inner,cz,mean,temporal
3,video_water_delta,206,37,0.9777922034263611,brow_left_inner,velocity_y,std,temporal
3,video_water_delta,207,660,0.9709218144416809,lower_lip,cz,mean,temporal
3,video_water_delta,208,775,0.9701213240623474,chin_center,area,std,temporal
3,video_water_delta,209,384,0.9674133658409119,eye_right_lower,cy,mean,temporal
3,video_water_delta,210,214,0.9662107229232788,brow_right_outer,velocity_aspect,late_minus_early,temporal
3,video_water_delta,211,363,0.9618156552314758,eye_right_upper,velocity_y,quantile_90,temporal
3,video_water_delta,212,204,0.9534679055213928,brow_right_outer,velocity_area,mean,temporal
3,video_water_delta,213,202,0.9519893527030945,brow_right_outer,velocity_y,late_minus_early,temporal
3,video_water_delta,214,840,0.9515491724014282,brow_left_outer,velocity_aspect,absolute_quantile_90,absolute_motion
3,video_water_delta,215,22,0.9505313634872437,brow_left_inner,area,late_minus_early,temporal
3,video_water_delta,216,471,0.9497117400169373,nose_bridge,velocity_y,quantile_90,temporal
3,video_water_delta,217,236,0.9439619779586792,eye_left_upper,area,quantile_10,temporal
3,video_water_delta,218,523,0.9392932653427124,nose_alar_left,velocity_y,std,temporal
3,video_water_delta,219,1048,0.930701494216919,chin_center,velocity_aspect,absolute_quantile_90,absolute_motion
3,video_water_delta,220,230,0.9265100359916687,eye_left_upper,cz,quantile_10,temporal
3,video_water_delta,221,325,0.922685980796814,eye_right_upper,cx,std,temporal
3,video_water_delta,222,24,0.9170095920562744,brow_left_inner,aspect,mean,temporal
3,video_water_delta,223,455,0.915460467338562,nose_bridge,area,temporal_slope,temporal
3,video_water_delta,224,675,0.9043776988983154,lower_lip,aspect,quantile_90,temporal
3,video_water_delta,225,1009,0.9033406972885132,lower_lip,velocity_y,absolute_max,absolute_motion
3,video_water_delta,226,401,0.9015854597091675,eye_right_lower,area,temporal_slope,temporal
3,video_water_delta,227,648,0.8990244269371033,lower_lip,cx,mean,temporal
3,video_water_delta,228,857,0.8970203995704651,brow_right_inner,velocity_aspect,absolute_max,absolute_motion
3,video_water_delta,229,398,0.8932201862335205,eye_right_lower,area,quantile_10,temporal
3,video_water_delta,230,654,0.8893635272979736,lower_lip,cy,mean,temporal
3,video_water_delta,231,1043,0.8851096034049988,chin_center,velocity_area,absolute_std,absolute_motion
3,video_water_delta,232,651,0.8800678253173828,lower_lip,cx,quantile_90,temporal
3,video_water_delta,233,734,0.8778572678565979,lip_corners,velocity_x,quantile_10,temporal
3,video_water_delta,234,778,0.8712443709373474,chin_center,area,late_minus_early,temporal
3,video_water_delta,235,146,0.8708958029747009,brow_right_inner,velocity_y,quantile_10,temporal
3,video_water_delta,236,960,0.8696561455726624,nose_alar_left,velocity_y,absolute_quantile_90,absolute_motion
3,video_water_delta,237,649,0.8652946949005127,lower_lip,cx,std,temporal
3,video_water_delta,238,73,0.8622519373893738,brow_left_outer,area,std,temporal
3,video_water_delta,239,174,0.8598788976669312,brow_right_outer,cz,mean,temporal
3,video_water_delta,240,537,0.8595672845840454,nose_alar_left,velocity_aspect,quantile_90,temporal
3,video_water_delta,241,52,0.858881413936615,brow_left_inner,velocity_aspect,late_minus_early,temporal
3,video_water_delta,242,827,0.8455616235733032,brow_left_outer,velocity_x,absolute_std,absolute_motion
3,video_water_delta,243,708,0.8344583511352539,lip_corners,cy,mean,temporal
3,video_water_delta,244,1037,0.8298226594924927,chin_center,velocity_x,absolute_max,absolute_motion
3,video_water_delta,245,888,0.8292567133903503,eye_left_upper,velocity_aspect,absolute_quantile_90,absolute_motion
3,video_water_delta,246,206,0.8288605213165283,brow_right_outer,velocity_area,quantile_10,temporal
3,video_water_delta,247,584,0.8200847506523132,nose_alar_right,velocity_area,quantile_10,temporal
3,video_water_delta,248,933,0.8198999166488647,eye_right_lower,velocity_area,absolute_max,absolute_motion
3,video_water_delta,249,25,0.8192532062530518,brow_left_inner,aspect,std,temporal
3,video_water_delta,250,996,0.8156917691230774,upper_lip,velocity_area,absolute_quantile_90,absolute_motion
3,video_water_delta,251,105,0.8139076232910156,brow_left_outer,velocity_aspect,quantile_90,temporal
3,video_water_delta,252,1035,0.8106839656829834,chin_center,velocity_x,absolute_std,absolute_motion
3,video_water_delta,253,586,0.8072435259819031,nose_alar_right,velocity_area,late_minus_early,temporal
3,video_water_delta,254,452,0.8070276379585266,nose_bridge,area,quantile_10,temporal
3,video_water_delta,255,142,0.8061784505844116,brow_right_inner,velocity_x,late_minus_early,temporal
3,video_water_delta,256,619,0.8000137209892273,upper_lip,aspect,std,temporal
3,video_water_delta,257,421,0.799901008605957,eye_right_lower,velocity_area,std,temporal
3,video_water_delta,258,1030,0.795138418674469,lip_corners,velocity_aspect,absolute_mean,absolute_motion
3,video_water_delta,259,274,0.7944884300231934,eye_left_lower,cx,late_minus_early,temporal
3,video_water_delta,260,150,0.7890883088111877,brow_right_inner,velocity_area,mean,temporal
3,video_water_delta,261,143,0.7867211699485779,brow_right_inner,velocity_x,temporal_slope,temporal
3,video_water_delta,262,116,0.786028265953064,brow_right_inner,cy,quantile_10,temporal
3,video_water_delta,263,706,0.7841265797615051,lip_corners,cx,late_minus_early,temporal
3,video_water_delta,264,216,0.7820178866386414,eye_left_upper,cx,mean,temporal
3,video_water_delta,265,300,0.7796576619148254,eye_left_lower,velocity_x,mean,temporal
3,video_water_delta,266,130,0.7758074402809143,brow_right_inner,area,late_minus_early,temporal
3,video_water_delta,267,479,0.7746891975402832,nose_bridge,velocity_area,temporal_slope,temporal
3,video_water_delta,268,865,0.7731809616088867,brow_right_outer,velocity_y,absolute_max,absolute_motion
3,video_water_delta,269,98,0.772749125957489,brow_left_outer,velocity_area,quantile_10,temporal
3,video_water_delta,270,612,0.7711499333381653,upper_lip,area,mean,temporal
3,video_water_delta,271,937,0.7684174180030823,eye_right_lower,velocity_aspect,absolute_max,absolute_motion
3,video_water_delta,272,379,0.7683684825897217,eye_right_lower,cx,std,temporal
3,video_water_delta,273,492,0.7673991918563843,nose_alar_left,cy,mean,temporal
3,video_water_delta,274,162,0.7670906782150269,brow_right_outer,cx,mean,temporal
3,video_water_delta,275,968,0.7659534811973572,nose_alar_left,velocity_aspect,absolute_quantile_90,absolute_motion
3,video_water_delta,276,838,0.75743567943573,brow_left_outer,velocity_aspect,absolute_mean,absolute_motion
3,video_water_delta,277,816,0.7543455362319946,brow_left_inner,velocity_y,absolute_quantile_90,absolute_motion
3,video_water_delta,278,978,0.7538544535636902,nose_alar_right,velocity_area,absolute_mean,absolute_motion
3,video_water_delta,279,589,0.7491816282272339,nose_alar_right,velocity_aspect,std,temporal
3,video_water_delta,280,412,0.7483243346214294,eye_right_lower,velocity_x,late_minus_early,temporal
3,video_water_delta,281,85,0.7469967603683472,brow_left_outer,velocity_x,std,temporal
3,video_water_delta,282,1046,0.7451836466789246,chin_center,velocity_aspect,absolute_mean,absolute_motion
3,video_water_delta,283,944,0.7408533096313477,nose_bridge,velocity_y,absolute_quantile_90,absolute_motion
3,video_water_delta,284,222,0.7404199838638306,eye_left_upper,cy,mean,temporal
3,video_water_delta,285,266,0.7373915910720825,eye_left_upper,velocity_aspect,quantile_10,temporal
3,video_water_delta,286,220,0.7360382080078125,eye_left_upper,cx,late_minus_early,temporal
3,video_water_delta,287,444,0.7330153584480286,nose_bridge,cz,mean,temporal
3,video_water_delta,288,56,0.7257526516914368,brow_left_outer,cx,quantile_10,temporal
3,video_water_delta,289,298,0.725696861743927,eye_left_lower,aspect,late_minus_early,temporal
3,video_water_delta,290,984,0.7245098948478699,nose_alar_right,velocity_aspect,absolute_quantile_90,absolute_motion
3,video_water_delta,291,994,0.7203565239906311,upper_lip,velocity_area,absolute_mean,absolute_motion
3,video_water_delta,292,178,0.7196627259254456,brow_right_outer,cz,late_minus_early,temporal
3,video_water_delta,293,284,0.7172983884811401,eye_left_lower,cz,quantile_10,temporal
3,video_water_delta,294,326,0.7137056589126587,eye_right_upper,cx,quantile_10,temporal
3,video_water_delta,295,525,0.7136920094490051,nose_alar_left,velocity_y,quantile_90,temporal
3,video_water_delta,296,59,0.7130353450775146,brow_left_outer,cx,temporal_slope,temporal
3,video_water_delta,297,376,0.7126652002334595,eye_right_upper,velocity_aspect,late_minus_early,temporal
3,video_water_delta,298,533,0.695881187915802,nose_alar_left,velocity_area,temporal_slope,temporal
3,video_water_delta,299,899,0.6936155557632446,eye_left_lower,velocity_area,absolute_std,absolute_motion
3,video_water_delta,300,391,0.6889124512672424,eye_right_lower,cz,std,temporal
3,video_water_delta,301,283,0.6848834156990051,eye_left_lower,cz,std,temporal
3,video_water_delta,302,51,0.682774007320404,brow_left_inner,velocity_aspect,quantile_90,temporal
3,video_water_delta,303,542,0.6816685199737549,nose_alar_right,cx,quantile_10,temporal
3,video_water_delta,304,1023,0.6790510416030884,lip_corners,velocity_y,absolute_std,absolute_motion
3,video_water_delta,305,572,0.6753106117248535,nose_alar_right,velocity_x,quantile_10,temporal
3,video_water_delta,306,1005,0.6726787686347961,lower_lip,velocity_x,absolute_max,absolute_motion
3,video_water_delta,307,991,0.6712276339530945,upper_lip,velocity_y,absolute_std,absolute_motion
3,video_water_delta,308,762,0.6680634617805481,chin_center,cy,mean,temporal
3,video_water_delta,309,592,0.6668018698692322,nose_alar_right,velocity_aspect,late_minus_early,temporal
3,video_water_delta,310,868,0.6652131080627441,brow_right_outer,velocity_area,absolute_quantile_90,absolute_motion
3,video_water_delta,311,680,0.6642512083053589,lower_lip,velocity_x,quantile_10,temporal
3,video_water_delta,312,707,0.6628645658493042,lip_corners,cx,temporal_slope,temporal
3,video_water_delta,313,576,0.6603760719299316,nose_alar_right,velocity_y,mean,temporal
3,video_water_delta,314,374,0.6557525396347046,eye_right_upper,velocity_aspect,quantile_10,temporal
3,video_water_delta,315,258,0.6551558375358582,eye_left_upper,velocity_area,mean,temporal
3,video_water_delta,316,434,0.6482443809509277,nose_bridge,cx,quantile_10,temporal
3,video_water_delta,317,614,0.6433234810829163,upper_lip,area,quantile_10,temporal
3,video_water_delta,318,179,0.6414349675178528,brow_right_outer,cz,temporal_slope,temporal
3,video_water_delta,319,828,0.6400836110115051,brow_left_outer,velocity_x,absolute_quantile_90,absolute_motion
3,video_water_delta,320,1007,0.6392155885696411,lower_lip,velocity_y,absolute_std,absolute_motion
3,video_water_delta,321,50,0.635924756526947,brow_left_inner,velocity_aspect,quantile_10,temporal
3,video_water_delta,322,60,0.6346679329872131,brow_left_outer,cy,mean,temporal
3,video_water_delta,323,585,0.6299566030502319,nose_alar_right,velocity_area,quantile_90,temporal
3,video_water_delta,324,826,0.6272268891334534,brow_left_outer,velocity_x,absolute_mean,absolute_motion
3,video_water_delta,325,887,0.6263871788978577,eye_left_upper,velocity_aspect,absolute_std,absolute_motion
3,video_water_delta,326,580,0.6216432452201843,nose_alar_right,velocity_y,late_minus_early,temporal
3,video_water_delta,327,1003,0.6211720705032349,lower_lip,velocity_x,absolute_std,absolute_motion
3,video_water_delta,328,999,0.6185227632522583,upper_lip,velocity_aspect,absolute_std,absolute_motion
3,video_water_delta,329,409,0.6151735782623291,eye_right_lower,velocity_x,std,temporal
3,video_water_delta,330,845,0.6099666953086853,brow_right_inner,velocity_x,absolute_max,absolute_motion
3,video_water_delta,331,451,0.6092098355293274,nose_bridge,area,std,temporal
3,video_water_delta,332,923,0.6089764833450317,eye_right_lower,velocity_x,absolute_std,absolute_motion
3,video_water_delta,333,698,0.6045803427696228,lower_lip,velocity_aspect,quantile_10,temporal
3,video_water_delta,334,62,0.604420006275177,brow_left_outer,cy,quantile_10,temporal
3,video_water_delta,335,359,0.6042524576187134,eye_right_upper,velocity_x,temporal_slope,temporal
3,video_water_delta,336,532,0.6033621430397034,nose_alar_left,velocity_area,late_minus_early,temporal
3,video_water_delta,337,251,0.6001166105270386,eye_left_upper,velocity_x,temporal_slope,temporal
3,video_water_delta,338,67,0.5983050465583801,brow_left_outer,cz,std,temporal
3,video_water_delta,339,906,0.5971521735191345,eye_right_upper,velocity_x,absolute_mean,absolute_motion
3,video_water_delta,340,474,0.588355541229248,nose_bridge,velocity_area,mean,temporal
3,video_water_delta,341,922,0.584197998046875,eye_right_lower,velocity_x,absolute_mean,absolute_motion
3,video_water_delta,342,756,0.5838449001312256,chin_center,cx,mean,temporal
3,video_water_delta,343,279,0.5820740461349487,eye_left_lower,cy,quantile_90,temporal
3,video_water_delta,344,366,0.5760371685028076,eye_right_upper,velocity_area,mean,temporal
3,video_water_delta,345,400,0.5748041868209839,eye_right_lower,area,late_minus_early,temporal
3,video_water_delta,346,512,0.5746794939041138,nose_alar_left,aspect,quantile_10,temporal
3,video_water_delta,347,905,0.5728795528411865,eye_left_lower,velocity_aspect,absolute_max,absolute_motion
3,video_water_delta,348,583,0.5709585547447205,nose_alar_right,velocity_area,std,temporal
3,video_water_delta,349,818,0.5669418573379517,brow_left_inner,velocity_area,absolute_mean,absolute_motion
3,video_water_delta,350,35,0.565433144569397,brow_left_inner,velocity_x,temporal_slope,temporal
3,video_water_delta,351,459,0.5634443163871765,nose_bridge,aspect,quantile_90,temporal
3,video_water_delta,352,461,0.5615517497062683,nose_bridge,aspect,temporal_slope,temporal
3,video_water_delta,353,290,0.5579744577407837,eye_left_lower,area,quantile_10,temporal
3,video_water_delta,354,493,0.5543199777603149,nose_alar_left,cy,std,temporal
3,video_water_delta,355,943,0.5535074472427368,nose_bridge,velocity_y,absolute_std,absolute_motion
3,video_water_delta,356,387,0.5520192980766296,eye_right_lower,cy,quantile_90,temporal
3,video_water_delta,357,641,0.5445111989974976,upper_lip,velocity_area,temporal_slope,temporal
3,video_water_delta,358,209,0.5432898998260498,brow_right_outer,velocity_area,temporal_slope,temporal
3,video_water_delta,359,702,0.5424235463142395,lip_corners,cx,mean,temporal
3,video_water_delta,360,127,0.5415003895759583,brow_right_inner,area,std,temporal
3,video_water_delta,361,665,0.5414217710494995,lower_lip,cz,temporal_slope,temporal
3,video_water_delta,362,485,0.5408003330230713,nose_bridge,velocity_aspect,temporal_slope,temporal
3,video_water_delta,363,140,0.5403217673301697,brow_right_inner,velocity_x,quantile_10,temporal
3,video_water_delta,364,168,0.5390697717666626,brow_right_outer,cy,mean,temporal
3,video_water_delta,365,41,0.5364049077033997,brow_left_inner,velocity_y,temporal_slope,temporal
3,video_water_delta,366,104,0.5350636839866638,brow_left_outer,velocity_aspect,quantile_10,temporal
3,video_water_delta,367,460,0.5329335927963257,nose_bridge,aspect,late_minus_early,temporal
3,video_water_delta,368,507,0.5308688282966614,nose_alar_left,area,quantile_90,temporal
3,video_water_delta,369,900,0.5292116403579712,eye_left_lower,velocity_area,absolute_quantile_90,absolute_motion
3,video_water_delta,370,703,0.5266942381858826,lip_corners,cx,std,temporal
3,video_water_delta,371,683,0.5238391757011414,lower_lip,velocity_x,temporal_slope,temporal
3,video_water_delta,372,787,0.5231859087944031,chin_center,velocity_x,std,temporal
3,video_water_delta,373,312,0.5207474231719971,eye_left_lower,velocity_area,mean,temporal
3,video_water_delta,374,224,0.520006537437439,eye_left_upper,cy,quantile_10,temporal
3,video_water_delta,375,339,0.5190444588661194,eye_right_upper,cz,quantile_90,temporal
3,video_water_delta,376,1000,0.5178573727607727,upper_lip,velocity_aspect,absolute_quantile_90,absolute_motion
3,video_water_delta,377,467,0.5173417329788208,nose_bridge,velocity_x,temporal_slope,temporal
3,video_water_delta,378,355,0.5050876140594482,eye_right_upper,velocity_x,std,temporal
3,video_water_delta,379,527,0.5019431114196777,nose_alar_left,velocity_y,temporal_slope,temporal
3,video_water_delta,380,962,0.4993876814842224,nose_alar_left,velocity_area,absolute_mean,absolute_motion
3,video_water_delta,381,354,0.4953376054763794,eye_right_upper,velocity_x,mean,temporal
3,video_water_delta,382,930,0.4926632344722748,eye_right_lower,velocity_area,absolute_mean,absolute_motion
3,video_water_delta,383,39,0.490728497505188,brow_left_inner,velocity_y,quantile_90,temporal
3,video_water_delta,384,265,0.48735180497169495,eye_left_upper,velocity_aspect,std,temporal
3,video_water_delta,385,834,0.4854450821876526,brow_left_outer,velocity_area,absolute_mean,absolute_motion
3,video_water_delta,386,685,0.4791563153266907,lower_lip,velocity_y,std,temporal
3,video_water_delta,387,618,0.4754834473133087,upper_lip,aspect,mean,temporal
3,video_water_delta,388,180,0.4750392436981201,brow_right_outer,area,mean,temporal
3,video_water_delta,389,131,0.4722556471824646,brow_right_inner,area,temporal_slope,temporal
3,video_water_delta,390,844,0.4709033668041229,brow_right_inner,velocity_x,absolute_quantile_90,absolute_motion
3,video_water_delta,391,210,0.465614914894104,brow_right_outer,velocity_aspect,mean,temporal
3,video_water_delta,392,342,0.46300068497657776,eye_right_upper,area,mean,temporal
3,video_water_delta,393,47,0.4599243998527527,brow_left_inner,velocity_area,temporal_slope,temporal
3,video_water_delta,394,268,0.45964786410331726,eye_left_upper,velocity_aspect,late_minus_early,temporal
3,video_water_delta,395,441,0.45851343870162964,nose_bridge,cy,quantile_90,temporal
3,video_water_delta,396,866,0.4575035572052002,brow_right_outer,velocity_area,absolute_mean,absolute_motion
3,video_water_delta,397,686,0.45661619305610657,lower_lip,velocity_y,quantile_10,temporal
3,video_water_delta,398,853,0.4559551775455475,brow_right_inner,velocity_area,absolute_max,absolute_motion
3,video_water_delta,399,529,0.44703254103660583,nose_alar_left,velocity_area,std,temporal
3,video_water_delta,400,739,0.4463687241077423,lip_corners,velocity_y,std,temporal
3,video_water_delta,401,403,0.44633936882019043,eye_right_lower,aspect,std,temporal
3,video_water_delta,402,215,0.4461462199687958,brow_right_outer,velocity_aspect,temporal_slope,temporal
3,video_water_delta,403,43,0.44600069522857666,brow_left_inner,velocity_area,std,temporal
3,video_water_delta,404,570,0.4432568848133087,nose_alar_right,velocity_x,mean,temporal
3,video_water_delta,405,973,0.4430409073829651,nose_alar_right,velocity_x,absolute_max,absolute_motion
3,video_water_delta,406,947,0.4415838420391083,nose_bridge,velocity_area,absolute_std,absolute_motion
3,video_water_delta,407,1011,0.43458977341651917,lower_lip,velocity_area,absolute_std,absolute_motion
3,video_water_delta,408,138,0.43068984150886536,brow_right_inner,velocity_x,mean,temporal
3,video_water_delta,409,74,0.4302525818347931,brow_left_outer,area,quantile_10,temporal
3,video_water_delta,410,719,0.4287799894809723,lip_corners,cz,temporal_slope,temporal
3,video_water_delta,411,272,0.42756256461143494,eye_left_lower,cx,quantile_10,temporal
3,video_water_delta,412,356,0.42620566487312317,eye_right_upper,velocity_x,quantile_10,temporal
3,video_water_delta,413,611,0.4239893853664398,upper_lip,cz,temporal_slope,temporal
3,video_water_delta,414,626,0.42209696769714355,upper_lip,velocity_x,quantile_10,temporal
3,video_water_delta,415,735,0.42159590125083923,lip_corners,velocity_x,quantile_90,temporal
3,video_water_delta,416,257,0.41970890760421753,eye_left_upper,velocity_y,temporal_slope,temporal
3,video_water_delta,417,261,0.4186784327030182,eye_left_upper,velocity_area,quantile_90,temporal
3,video_water_delta,418,885,0.41299355030059814,eye_left_upper,velocity_area,absolute_max,absolute_motion
3,video_water_delta,419,78,0.411603718996048,brow_left_outer,aspect,mean,temporal
3,video_water_delta,420,920,0.40451255440711975,eye_right_upper,velocity_aspect,absolute_quantile_90,absolute_motion
3,video_water_delta,421,842,0.40429002046585083,brow_right_inner,velocity_x,absolute_mean,absolute_motion
3,video_water_delta,422,764,0.4025692343711853,chin_center,cy,quantile_10,temporal
3,video_water_delta,423,959,0.40221959352493286,nose_alar_left,velocity_y,absolute_std,absolute_motion
3,video_water_delta,424,591,0.4022088646888733,nose_alar_right,velocity_aspect,quantile_90,temporal
3,video_water_delta,425,884,0.40199151635169983,eye_left_upper,velocity_area,absolute_quantile_90,absolute_motion
3,video_water_delta,426,664,0.40107041597366333,lower_lip,cz,late_minus_early,temporal
3,video_water_delta,427,630,0.4007734954357147,upper_lip,velocity_y,mean,temporal
3,video_water_delta,428,774,0.400431364774704,chin_center,area,mean,temporal
3,video_water_delta,429,99,0.3991599380970001,brow_left_outer,velocity_area,quantile_90,temporal
3,video_water_delta,430,809,0.3983086943626404,chin_center,velocity_aspect,temporal_slope,temporal
3,video_water_delta,431,54,0.3960481584072113,brow_left_outer,cx,mean,temporal
3,video_water_delta,432,1013,0.3959599435329437,lower_lip,velocity_area,absolute_max,absolute_motion
3,video_water_delta,433,631,0.39584535360336304,upper_lip,velocity_y,std,temporal
3,video_water_delta,434,519,0.395109623670578,nose_alar_left,velocity_x,quantile_90,temporal
3,video_water_delta,435,469,0.3925253450870514,nose_bridge,velocity_y,std,temporal
3,video_water_delta,436,406,0.39168331027030945,eye_right_lower,aspect,late_minus_early,temporal
3,video_water_delta,437,122,0.39062806963920593,brow_right_inner,cz,quantile_10,temporal
3,video_water_delta,438,23,0.39037641882896423,brow_left_inner,area,temporal_slope,temporal
3,video_water_delta,439,344,0.3890811502933502,eye_right_upper,area,quantile_10,temporal
3,video_water_delta,440,360,0.388980895280838,eye_right_upper,velocity_y,mean,temporal
3,video_water_delta,441,679,0.3869752883911133,lower_lip,velocity_x,std,temporal
3,video_water_delta,442,1039,0.3867323398590088,chin_center,velocity_y,absolute_std,absolute_motion
3,video_water_delta,443,450,0.38321587443351746,nose_bridge,area,mean,temporal
3,video_water_delta,444,856,0.3799102306365967,brow_right_inner,velocity_aspect,absolute_quantile_90,absolute_motion
3,video_water_delta,445,365,0.37797850370407104,eye_right_upper,velocity_y,temporal_slope,temporal
3,video_water_delta,446,886,0.37435397505760193,eye_left_upper,velocity_aspect,absolute_mean,absolute_motion
3,video_water_delta,447,207,0.3707888722419739,brow_right_outer,velocity_area,quantile_90,temporal
3,video_water_delta,448,953,0.36406436562538147,nose_bridge,velocity_aspect,absolute_max,absolute_motion
3,video_water_delta,449,740,0.3606802225112915,lip_corners,velocity_y,quantile_10,temporal
3,video_water_delta,450,97,0.3580225706100464,brow_left_outer,velocity_area,std,temporal
3,video_water_delta,451,390,0.35741451382637024,eye_right_lower,cz,mean,temporal
3,video_water_delta,452,457,0.3548322021961212,nose_bridge,aspect,std,temporal
3,video_water_delta,453,158,0.35480812191963196,brow_right_inner,velocity_aspect,quantile_10,temporal
3,video_water_delta,454,907,0.3542632460594177,eye_right_upper,velocity_x,absolute_std,absolute_motion
3,video_water_delta,455,295,0.3527815043926239,eye_left_lower,aspect,std,temporal
3,video_water_delta,456,237,0.35146763920783997,eye_left_upper,area,quantile_90,temporal
3,video_water_delta,457,468,0.35118943452835083,nose_bridge,velocity_y,mean,temporal
3,video_water_delta,458,44,0.34999343752861023,brow_left_inner,velocity_area,quantile_10,temporal
3,video_water_delta,459,110,0.34721484780311584,brow_right_inner,cx,quantile_10,temporal
3,video_water_delta,460,578,0.3471095860004425,nose_alar_right,velocity_y,quantile_10,temporal
3,video_water_delta,461,974,0.3470826745033264,nose_alar_right,velocity_y,absolute_mean,absolute_motion
3,video_water_delta,462,176,0.346166729927063,brow_right_outer,cz,quantile_10,temporal
3,video_water_delta,463,610,0.3449877202510834,upper_lip,cz,late_minus_early,temporal
3,video_water_delta,464,789,0.3449394106864929,chin_center,velocity_x,quantile_90,temporal
3,video_water_delta,465,302,0.3444375991821289,eye_left_lower,velocity_x,quantile_10,temporal
3,video_water_delta,466,773,0.343288391828537,chin_center,cz,temporal_slope,temporal
3,video_water_delta,467,332,0.3430716395378113,eye_right_upper,cy,quantile_10,temporal
3,video_water_delta,468,1019,0.34092122316360474,lip_corners,velocity_x,absolute_std,absolute_motion
3,video_water_delta,469,575,0.3376423418521881,nose_alar_right,velocity_x,temporal_slope,temporal
3,video_water_delta,470,963,0.3363712430000305,nose_alar_left,velocity_area,absolute_std,absolute_motion
3,video_water_delta,471,516,0.3356875479221344,nose_alar_left,velocity_x,mean,temporal
3,video_water_delta,472,594,0.33040499687194824,upper_lip,cx,mean,temporal
3,video_water_delta,473,983,0.32905909419059753,nose_alar_right,velocity_aspect,absolute_std,absolute_motion
3,video_water_delta,474,700,0.32758668065071106,lower_lip,velocity_aspect,late_minus_early,temporal
3,video_water_delta,475,259,0.3272709548473358,eye_left_upper,velocity_area,std,temporal
3,video_water_delta,476,696,0.32707929611206055,lower_lip,velocity_aspect,mean,temporal
3,video_water_delta,477,433,0.32676899433135986,nose_bridge,cx,std,temporal
3,video_water_delta,478,518,0.32663121819496155,nose_alar_left,velocity_x,quantile_10,temporal
3,video_water_delta,479,189,0.3264652490615845,brow_right_outer,aspect,quantile_90,temporal
3,video_water_delta,480,718,0.32643404603004456,lip_corners,cz,late_minus_early,temporal
3,video_water_delta,481,915,0.3248227834701538,eye_right_upper,velocity_area,absolute_std,absolute_motion
3,video_water_delta,482,613,0.3220820128917694,upper_lip,area,std,temporal
3,video_water_delta,483,87,0.3204297125339508,brow_left_outer,velocity_x,quantile_90,temporal
3,video_water_delta,484,276,0.31997036933898926,eye_left_lower,cy,mean,temporal
3,video_water_delta,485,609,0.3150004744529724,upper_lip,cz,quantile_90,temporal
3,video_water_delta,486,271,0.3142174482345581,eye_left_lower,cx,std,temporal
3,video_water_delta,487,413,0.31350263953208923,eye_right_lower,velocity_x,temporal_slope,temporal
3,video_water_delta,488,540,0.3119387626647949,nose_alar_right,cx,mean,temporal
3,video_water_delta,489,643,0.3115396499633789,upper_lip,velocity_aspect,std,temporal
3,video_water_delta,490,969,0.31091856956481934,nose_alar_left,velocity_aspect,absolute_max,absolute_motion
3,video_water_delta,491,986,0.310622900724411,upper_lip,velocity_x,absolute_mean,absolute_motion
3,video_water_delta,492,1014,0.30999788641929626,lower_lip,velocity_aspect,absolute_mean,absolute_motion
3,video_water_delta,493,979,0.3097347319126129,nose_alar_right,velocity_area,absolute_std,absolute_motion
3,video_water_delta,494,737,0.3095511794090271,lip_corners,velocity_x,temporal_slope,temporal
3,video_water_delta,495,918,0.30953654646873474,eye_right_upper,velocity_aspect,absolute_mean,absolute_motion
3,video_water_delta,496,228,0.3062194287776947,eye_left_upper,cz,mean,temporal
3,video_water_delta,497,784,0.3057837188243866,chin_center,aspect,late_minus_early,temporal
3,video_water_delta,498,617,0.30385899543762207,upper_lip,area,temporal_slope,temporal
3,video_water_delta,499,306,0.30278700590133667,eye_left_lower,velocity_y,mean,temporal
3,video_water_delta,500,229,0.30242589116096497,eye_left_upper,cz,std,temporal
3,video_water_delta,501,791,0.30189383029937744,chin_center,velocity_x,temporal_slope,temporal
3,video_water_delta,502,361,0.2997592091560364,eye_right_upper,velocity_y,std,temporal
3,video_water_delta,503,1012,0.29756805300712585,lower_lip,velocity_area,absolute_quantile_90,absolute_motion
3,video_water_delta,504,728,0.29596075415611267,lip_corners,aspect,quantile_10,temporal
3,video_water_delta,505,61,0.2939649820327759,brow_left_outer,cy,std,temporal
3,video_water_delta,506,299,0.29317036271095276,eye_left_lower,aspect,temporal_slope,temporal
3,video_water_delta,507,305,0.2927931845188141,eye_left_lower,velocity_x,temporal_slope,temporal
3,video_water_delta,508,205,0.29259413480758667,brow_right_outer,velocity_area,std,temporal
3,video_water_delta,509,521,0.2925419211387634,nose_alar_left,velocity_x,temporal_slope,temporal
3,video_water_delta,510,821,0.2916782796382904,brow_left_inner,velocity_area,absolute_max,absolute_motion
3,video_water_delta,511,422,0.29131293296813965,eye_right_lower,velocity_area,quantile_10,temporal
3,video_water_delta,512,819,0.29042911529541016,brow_left_inner,velocity_area,absolute_std,absolute_motion
3,video_water_delta,513,1033,0.2898714244365692,lip_corners,velocity_aspect,absolute_max,absolute_motion
3,video_water_delta,514,40,0.28936028480529785,brow_left_inner,velocity_y,late_minus_early,temporal
3,video_water_delta,515,729,0.28934580087661743,lip_corners,aspect,quantile_90,temporal
3,video_water_delta,516,79,0.28873422741889954,brow_left_outer,aspect,std,temporal
3,video_water_delta,517,399,0.27977463603019714,eye_right_lower,area,quantile_90,temporal
3,video_water_delta,518,522,0.27792009711265564,nose_alar_left,velocity_y,mean,temporal
3,video_water_delta,519,250,0.2777291536331177,eye_left_upper,velocity_x,late_minus_early,temporal
3,video_water_delta,520,72,0.2777146100997925,brow_left_outer,area,mean,temporal
3,video_water_delta,521,595,0.2766432762145996,upper_lip,cx,std,temporal
3,video_water_delta,522,428,0.2761327028274536,eye_right_lower,velocity_aspect,quantile_10,temporal
3,video_water_delta,523,432,0.2703135013580322,nose_bridge,cx,mean,temporal
3,video_water_delta,524,419,0.2672085165977478,eye_right_lower,velocity_y,temporal_slope,temporal
3,video_water_delta,525,1021,0.267109215259552,lip_corners,velocity_x,absolute_max,absolute_motion
3,video_water_delta,526,793,0.2656213045120239,chin_center,velocity_y,std,temporal
3,video_water_delta,527,488,0.26501014828681946,nose_alar_left,cx,quantile_10,temporal
3,video_water_delta,528,629,0.264841765165329,upper_lip,velocity_x,temporal_slope,temporal
3,video_water_delta,529,574,0.2639705538749695,nose_alar_right,velocity_x,late_minus_early,temporal
3,video_water_delta,530,772,0.2627285122871399,chin_center,cz,late_minus_early,temporal
3,video_water_delta,531,681,0.2607761025428772,lower_lip,velocity_x,quantile_90,temporal
3,video_water_delta,532,357,0.260418176651001,eye_right_upper,velocity_x,quantile_90,temporal
3,video_water_delta,533,76,0.2601860761642456,brow_left_outer,area,late_minus_early,temporal
3,video_water_delta,534,313,0.2591239809989929,eye_left_lower,velocity_area,std,temporal
3,video_water_delta,535,139,0.25852611660957336,brow_right_inner,velocity_x,std,temporal
3,video_water_delta,536,520,0.2582080066204071,nose_alar_left,velocity_x,late_minus_early,temporal
3,video_water_delta,537,992,0.2579401135444641,upper_lip,velocity_y,absolute_quantile_90,absolute_motion
3,video_water_delta,538,534,0.2572270631790161,nose_alar_left,velocity_aspect,mean,temporal
3,video_water_delta,539,63,0.2570425570011139,brow_left_outer,cy,quantile_90,temporal
3,video_water_delta,540,337,0.2566489279270172,eye_right_upper,cz,std,temporal
3,video_water_delta,541,672,0.2548828125,lower_lip,aspect,mean,temporal
3,video_water_delta,542,954,0.2543930411338806,nose_alar_left,velocity_x,absolute_mean,absolute_motion
3,video_water_delta,543,642,0.2538905739784241,upper_lip,velocity_aspect,mean,temporal
3,video_water_delta,544,738,0.2526067793369293,lip_corners,velocity_y,mean,temporal
3,video_water_delta,545,543,0.2514517903327942,nose_alar_right,cx,quantile_90,temporal
3,video_water_delta,546,88,0.25084200501441956,brow_left_outer,velocity_x,late_minus_early,temporal
3,video_water_delta,547,93,0.2498762309551239,brow_left_outer,velocity_y,quantile_90,temporal
3,video_water_delta,548,870,0.24704144895076752,brow_right_outer,velocity_aspect,absolute_mean,absolute_motion
3,video_water_delta,549,820,0.24699173867702484,brow_left_inner,velocity_area,absolute_quantile_90,absolute_motion
3,video_water_delta,550,910,0.2467017024755478,eye_right_upper,velocity_y,absolute_mean,absolute_motion
3,video_water_delta,551,416,0.24453584849834442,eye_right_lower,velocity_y,quantile_10,temporal
3,video_water_delta,552,759,0.2407800555229187,chin_center,cx,quantile_90,temporal
3,video_water_delta,553,21,0.24063710868358612,brow_left_inner,area,quantile_90,temporal
3,video_water_delta,554,198,0.23871181905269623,brow_right_outer,velocity_y,mean,temporal
3,video_water_delta,555,167,0.23750944435596466,brow_right_outer,cx,temporal_slope,temporal
3,video_water_delta,556,291,0.2364942878484726,eye_left_lower,area,quantile_90,temporal
3,video_water_delta,557,541,0.23595298826694489,nose_alar_right,cx,std,temporal
3,video_water_delta,558,785,0.2349288910627365,chin_center,aspect,temporal_slope,temporal
3,video_water_delta,559,235,0.2346280813217163,eye_left_upper,area,std,temporal
3,video_water_delta,560,411,0.23396633565425873,eye_right_lower,velocity_x,quantile_90,temporal
3,video_water_delta,561,408,0.23283854126930237,eye_right_lower,velocity_x,mean,temporal
3,video_water_delta,562,913,0.23237481713294983,eye_right_upper,velocity_y,absolute_max,absolute_motion
3,video_water_delta,563,330,0.23118223249912262,eye_right_upper,cy,mean,temporal
3,video_water_delta,564,392,0.2308037281036377,eye_right_lower,cz,quantile_10,temporal
3,video_water_delta,565,166,0.2306324988603592,brow_right_outer,cx,late_minus_early,temporal
3,video_water_delta,566,988,0.22875384986400604,upper_lip,velocity_x,absolute_quantile_90,absolute_motion
3,video_water_delta,567,763,0.22838638722896576,chin_center,cy,std,temporal
3,video_water_delta,568,911,0.22766056656837463,eye_right_upper,velocity_y,absolute_std,absolute_motion
3,video_water_delta,569,311,0.22739724814891815,eye_left_lower,velocity_y,temporal_slope,temporal
3,video_water_delta,570,757,0.22720055282115936,chin_center,cx,std,temporal
3,video_water_delta,571,691,0.2261572927236557,lower_lip,velocity_area,std,temporal
3,video_water_delta,572,1018,0.2249935269355774,lip_corners,velocity_x,absolute_mean,absolute_motion
3,video_water_delta,573,381,0.22477500140666962,eye_right_lower,cx,quantile_90,temporal
3,video_water_delta,574,549,0.22408773005008698,nose_alar_right,cy,quantile_90,temporal
3,video_water_delta,575,836,0.2219073623418808,brow_left_outer,velocity_area,absolute_quantile_90,absolute_motion
3,video_water_delta,576,567,0.21940256655216217,nose_alar_right,aspect,quantile_90,temporal
3,video_water_delta,577,1036,0.2178937792778015,chin_center,velocity_x,absolute_quantile_90,absolute_motion
3,video_water_delta,578,193,0.21785646677017212,brow_right_outer,velocity_x,std,temporal
3,video_water_delta,579,255,0.21769393980503082,eye_left_upper,velocity_y,quantile_90,temporal
3,video_water_delta,580,200,0.21591559052467346,brow_right_outer,velocity_y,quantile_10,temporal
3,video_water_delta,581,858,0.214513897895813,brow_right_outer,velocity_x,absolute_mean,absolute_motion
3,video_water_delta,582,345,0.21428151428699493,eye_right_upper,area,quantile_90,temporal
3,video_water_delta,583,1006,0.21250179409980774,lower_lip,velocity_y,absolute_mean,absolute_motion
3,video_water_delta,584,57,0.21239128708839417,brow_left_outer,cx,quantile_90,temporal
3,video_water_delta,585,873,0.2123776376247406,brow_right_outer,velocity_aspect,absolute_max,absolute_motion
3,video_water_delta,586,852,0.21185261011123657,brow_right_inner,velocity_area,absolute_quantile_90,absolute_motion
3,video_water_delta,587,141,0.21101921796798706,brow_right_inner,velocity_x,quantile_90,temporal
3,video_water_delta,588,34,0.21070623397827148,brow_left_inner,velocity_x,late_minus_early,temporal
3,video_water_delta,589,517,0.21067184209823608,nose_alar_left,velocity_x,std,temporal
3,video_water_delta,590,956,0.20824624598026276,nose_alar_left,velocity_x,absolute_quantile_90,absolute_motion
3,video_water_delta,591,231,0.2076130211353302,eye_left_upper,cz,quantile_90,temporal
3,video_water_delta,592,977,0.20564979314804077,nose_alar_right,velocity_y,absolute_max,absolute_motion
3,video_water_delta,593,489,0.20554009079933167,nose_alar_left,cx,quantile_90,temporal
3,video_water_delta,594,945,0.2054646909236908,nose_bridge,velocity_y,absolute_max,absolute_motion
3,video_water_delta,595,476,0.20481105148792267,nose_bridge,velocity_area,quantile_10,temporal
3,video_water_delta,596,577,0.2037847489118576,nose_alar_right,velocity_y,std,temporal
3,video_water_delta,597,964,0.20333878695964813,nose_alar_left,velocity_area,absolute_quantile_90,absolute_motion
3,video_water_delta,598,154,0.20306721329689026,brow_right_inner,velocity_area,late_minus_early,temporal
3,video_water_delta,599,796,0.20296569168567657,chin_center,velocity_y,late_minus_early,temporal
3,video_water_delta,600,423,0.2024584710597992,eye_right_lower,velocity_area,quantile_90,temporal
3,video_water_delta,601,829,0.20213109254837036,brow_left_outer,velocity_x,absolute_max,absolute_motion
3,video_water_delta,602,114,0.20121392607688904,brow_right_inner,cy,mean,temporal
3,video_water_delta,603,431,0.19992390275001526,eye_right_lower,velocity_aspect,temporal_slope,temporal
3,video_water_delta,604,504,0.19558678567409515,nose_alar_left,area,mean,temporal
3,video_water_delta,605,508,0.19343289732933044,nose_alar_left,area,late_minus_early,temporal
3,video_water_delta,606,752,0.19248688220977783,lip_corners,velocity_aspect,quantile_10,temporal
3,video_water_delta,607,985,0.19026203453540802,nose_alar_right,velocity_aspect,absolute_max,absolute_motion
3,video_water_delta,608,881,0.18490128219127655,eye_left_upper,velocity_y,absolute_max,absolute_motion
3,video_water_delta,609,86,0.1846146285533905,brow_left_outer,velocity_x,quantile_10,temporal
3,video_water_delta,610,503,0.1843080222606659,nose_alar_left,cz,temporal_slope,temporal
3,video_water_delta,611,45,0.1841377168893814,brow_left_inner,velocity_area,quantile_90,temporal
3,video_water_delta,612,249,0.18376989662647247,eye_left_upper,velocity_x,quantile_90,temporal
3,video_water_delta,613,94,0.18174344301223755,brow_left_outer,velocity_y,late_minus_early,temporal
3,video_water_delta,614,148,0.18068867921829224,brow_right_inner,velocity_y,late_minus_early,temporal
3,video_water_delta,615,687,0.18064194917678833,lower_lip,velocity_y,quantile_90,temporal
3,video_water_delta,616,144,0.1799660325050354,brow_right_inner,velocity_y,mean,temporal
3,video_water_delta,617,863,0.17979709804058075,brow_right_outer,velocity_y,absolute_std,absolute_motion
3,video_water_delta,618,260,0.17955781519412994,eye_left_upper,velocity_area,quantile_10,temporal
3,video_water_delta,619,502,0.17889928817749023,nose_alar_left,cz,late_minus_early,temporal
3,video_water_delta,620,1045,0.17871783673763275,chin_center,velocity_area,absolute_max,absolute_motion
3,video_water_delta,621,597,0.1782146841287613,upper_lip,cx,quantile_90,temporal
3,video_water_delta,622,805,0.17759405076503754,chin_center,velocity_aspect,std,temporal
3,video_water_delta,623,188,0.17644965648651123,brow_right_outer,aspect,quantile_10,temporal
3,video_water_delta,624,482,0.17633341252803802,nose_bridge,velocity_aspect,quantile_10,temporal
3,video_water_delta,625,673,0.17417703568935394,lower_lip,aspect,std,temporal
3,video_water_delta,626,10,0.17380166053771973,brow_left_inner,cy,late_minus_early,temporal
3,video_water_delta,627,599,0.17236775159835815,upper_lip,cx,temporal_slope,temporal
3,video_water_delta,628,965,0.17219266295433044,nose_alar_left,velocity_area,absolute_max,absolute_motion
3,video_water_delta,629,942,0.16989746689796448,nose_bridge,velocity_y,absolute_mean,absolute_motion
3,video_water_delta,630,396,0.1698303073644638,eye_right_lower,area,mean,temporal
3,video_water_delta,631,1024,0.1693394035100937,lip_corners,velocity_y,absolute_quantile_90,absolute_motion
3,video_water_delta,632,203,0.16862896084785461,brow_right_outer,velocity_y,temporal_slope,temporal
3,video_water_delta,633,731,0.1654888391494751,lip_corners,aspect,temporal_slope,temporal
3,video_water_delta,634,835,0.16459114849567413,brow_left_outer,velocity_area,absolute_std,absolute_motion
3,video_water_delta,635,717,0.1632956862449646,lip_corners,cz,quantile_90,temporal
3,video_water_delta,636,598,0.16287894546985626,upper_lip,cx,late_minus_early,temporal
3,video_water_delta,637,980,0.16031409800052643,nose_alar_right,velocity_area,absolute_quantile_90,absolute_motion
3,video_water_delta,638,582,0.15943200886249542,nose_alar_right,velocity_area,mean,temporal
3,video_water_delta,639,976,0.15878799557685852,nose_alar_right,velocity_y,absolute_quantile_90,absolute_motion
3,video_water_delta,640,8,0.15787532925605774,brow_left_inner,cy,quantile_10,temporal
3,video_water_delta,641,211,0.15699651837348938,brow_right_outer,velocity_aspect,std,temporal
3,video_water_delta,642,1022,0.15659761428833008,lip_corners,velocity_y,absolute_mean,absolute_motion
3,video_water_delta,643,435,0.15614981949329376,nose_bridge,cx,quantile_90,temporal
3,video_water_delta,644,380,0.15537472069263458,eye_right_lower,cx,quantile_10,temporal
3,video_water_delta,645,632,0.15535056591033936,upper_lip,velocity_y,quantile_10,temporal
3,video_water_delta,646,1038,0.1543700397014618,chin_center,velocity_y,absolute_mean,absolute_motion
3,video_water_delta,647,282,0.15427199006080627,eye_left_lower,cz,mean,temporal
3,video_water_delta,648,971,0.15181098878383636,nose_alar_right,velocity_x,absolute_std,absolute_motion
3,video_water_delta,649,676,0.15068194270133972,lower_lip,aspect,late_minus_early,temporal
3,video_water_delta,650,475,0.1495373249053955,nose_bridge,velocity_area,std,temporal
3,video_water_delta,651,208,0.14897935092449188,brow_right_outer,velocity_area,late_minus_early,temporal
3,video_water_delta,652,336,0.14854644238948822,eye_right_upper,cz,mean,temporal
3,video_water_delta,653,3,0.14803501963615417,brow_left_inner,cx,quantile_90,temporal
3,video_water_delta,654,13,0.147487610578537,brow_left_inner,cz,std,temporal
3,video_water_delta,655,506,0.14730682969093323,nose_alar_left,area,quantile_10,temporal
3,video_water_delta,656,705,0.1470843106508255,lip_corners,cx,quantile_90,temporal
3,video_water_delta,657,847,0.1462971419095993,brow_right_inner,velocity_y,absolute_std,absolute_motion
3,video_water_delta,658,859,0.1461268812417984,brow_right_outer,velocity_x,absolute_std,absolute_motion
3,video_water_delta,659,292,0.1459202617406845,eye_left_lower,area,late_minus_early,temporal
3,video_water_delta,660,89,0.14557072520256042,brow_left_outer,velocity_x,temporal_slope,temporal
3,video_water_delta,661,671,0.14537478983402252,lower_lip,area,temporal_slope,temporal
3,video_water_delta,662,640,0.14382006227970123,upper_lip,velocity_area,late_minus_early,temporal
3,video_water_delta,663,287,0.14356526732444763,eye_left_lower,cz,temporal_slope,temporal
3,video_water_delta,664,106,0.1433236002922058,brow_left_outer,velocity_aspect,late_minus_early,temporal
3,video_water_delta,665,495,0.1414659023284912,nose_alar_left,cy,quantile_90,temporal
3,video_water_delta,666,938,0.13988438248634338,nose_bridge,velocity_x,absolute_mean,absolute_motion
3,video_water_delta,667,684,0.1396409571170807,lower_lip,velocity_y,mean,temporal
3,video_water_delta,668,501,0.1394176334142685,nose_alar_left,cz,quantile_90,temporal
3,video_water_delta,669,286,0.13847441971302032,eye_left_lower,cz,late_minus_early,temporal
3,video_water_delta,670,407,0.13694745302200317,eye_right_lower,aspect,temporal_slope,temporal
3,video_water_delta,671,726,0.1368745118379593,lip_corners,aspect,mean,temporal
3,video_water_delta,672,349,0.13677164912223816,eye_right_upper,aspect,std,temporal
3,video_water_delta,673,14,0.13583330810070038,brow_left_inner,cz,quantile_10,temporal
3,video_water_delta,674,447,0.1356264054775238,nose_bridge,cz,quantile_90,temporal
3,video_water_delta,675,624,0.1354973316192627,upper_lip,velocity_x,mean,temporal
3,video_water_delta,676,217,0.13529793918132782,eye_left_upper,cx,std,temporal
3,video_water_delta,677,6,0.13447022438049316,brow_left_inner,cy,mean,temporal
3,video_water_delta,678,324,0.13391666114330292,eye_right_upper,cx,mean,temporal
3,video_water_delta,679,815,0.13312362134456635,brow_left_inner,velocity_y,absolute_std,absolute_motion
3,video_water_delta,680,767,0.13304316997528076,chin_center,cy,temporal_slope,temporal
3,video_water_delta,681,948,0.1322944462299347,nose_bridge,velocity_area,absolute_quantile_90,absolute_motion
3,video_water_delta,682,417,0.13215501606464386,eye_right_lower,velocity_y,quantile_90,temporal
3,video_water_delta,683,486,0.13120031356811523,nose_alar_left,cx,mean,temporal
3,video_water_delta,684,901,0.13062399625778198,eye_left_lower,velocity_area,absolute_max,absolute_motion
3,video_water_delta,685,340,0.13059698045253754,eye_right_upper,cz,late_minus_early,temporal
3,video_water_delta,686,867,0.13059616088867188,brow_right_outer,velocity_area,absolute_std,absolute_motion
3,video_water_delta,687,163,0.1294146031141281,brow_right_outer,cx,std,temporal
3,video_water_delta,688,112,0.12870322167873383,brow_right_inner,cx,late_minus_early,temporal
3,video_water_delta,689,338,0.12531748414039612,eye_right_upper,cz,quantile_10,temporal
3,video_water_delta,690,213,0.12520694732666016,brow_right_outer,velocity_aspect,quantile_90,temporal
3,video_water_delta,691,346,0.12304077297449112,eye_right_upper,area,late_minus_early,temporal
3,video_water_delta,692,808,0.12217889726161957,chin_center,velocity_aspect,late_minus_early,temporal
3,video_water_delta,693,797,0.12164038419723511,chin_center,velocity_y,temporal_slope,temporal
3,video_water_delta,694,278,0.12138266861438751,eye_left_lower,cy,quantile_10,temporal
3,video_water_delta,695,182,0.11588126420974731,brow_right_outer,area,quantile_10,temporal
3,video_water_delta,696,152,0.1152087152004242,brow_right_inner,velocity_area,quantile_10,temporal
3,video_water_delta,697,333,0.11382096260786057,eye_right_upper,cy,quantile_90,temporal
3,video_water_delta,698,571,0.11352778971195221,nose_alar_right,velocity_x,std,temporal
3,video_water_delta,699,513,0.1134118139743805,nose_alar_left,aspect,quantile_90,temporal
3,video_water_delta,700,955,0.11262894421815872,nose_alar_left,velocity_x,absolute_std,absolute_motion
3,video_water_delta,701,12,0.11157970130443573,brow_left_inner,cz,mean,temporal
3,video_water_delta,702,319,0.11105270683765411,eye_left_lower,velocity_aspect,std,temporal
3,video_water_delta,703,196,0.11059696227312088,brow_right_outer,velocity_x,late_minus_early,temporal
3,video_water_delta,704,410,0.10938406735658646,eye_right_lower,velocity_x,quantile_10,temporal
3,video_water_delta,705,515,0.10897926241159439,nose_alar_left,aspect,temporal_slope,temporal
3,video_water_delta,706,244,0.10889288783073425,eye_left_upper,aspect,late_minus_early,temporal
3,video_water_delta,707,990,0.10840415209531784,upper_lip,velocity_y,absolute_mean,absolute_motion
3,video_water_delta,708,902,0.10672825574874878,eye_left_lower,velocity_aspect,absolute_mean,absolute_motion
3,video_water_delta,709,181,0.10614842921495438,brow_right_outer,area,std,temporal
3,video_water_delta,710,879,0.1054818406701088,eye_left_upper,velocity_y,absolute_std,absolute_motion
3,video_water_delta,711,373,0.1054135113954544,eye_right_upper,velocity_aspect,std,temporal
3,video_water_delta,712,616,0.10375776141881943,upper_lip,area,late_minus_early,temporal
3,video_water_delta,713,786,0.10280754417181015,chin_center,velocity_x,mean,temporal
3,video_water_delta,714,669,0.10263349860906601,lower_lip,area,quantile_90,temporal
3,video_water_delta,715,161,0.10076692700386047,brow_right_inner,velocity_aspect,temporal_slope,temporal
3,video_water_delta,716,389,0.10030551254749298,eye_right_lower,cy,temporal_slope,temporal
3,video_water_delta,717,341,0.09874292463064194,eye_right_upper,cz,temporal_slope,temporal
3,video_water_delta,718,860,0.09858076274394989,brow_right_outer,velocity_x,absolute_quantile_90,absolute_motion
3,video_water_delta,719,420,0.09821288287639618,eye_right_lower,velocity_area,mean,temporal
3,video_water_delta,720,0,0.09670151025056839,brow_left_inner,cx,mean,temporal
3,video_water_delta,721,429,0.09585057199001312,eye_right_lower,velocity_aspect,quantile_90,temporal
3,video_water_delta,722,375,0.0939912348985672,eye_right_upper,velocity_aspect,quantile_90,temporal
3,video_water_delta,723,880,0.09325333684682846,eye_left_upper,velocity_y,absolute_quantile_90,absolute_motion
3,video_water_delta,724,129,0.09289662539958954,brow_right_inner,area,quantile_90,temporal
3,video_water_delta,725,908,0.09155593067407608,eye_right_upper,velocity_x,absolute_quantile_90,absolute_motion
3,video_water_delta,726,238,0.0915423035621643,eye_left_upper,area,late_minus_early,temporal
3,video_water_delta,727,155,0.08912908285856247,brow_right_inner,velocity_area,temporal_slope,temporal
3,video_water_delta,728,531,0.08896803855895996,nose_alar_left,velocity_area,quantile_90,temporal
3,video_water_delta,729,1,0.08884767442941666,brow_left_inner,cx,std,temporal
3,video_water_delta,730,903,0.08748853206634521,eye_left_lower,velocity_aspect,absolute_std,absolute_motion
3,video_water_delta,731,699,0.0871252790093422,lower_lip,velocity_aspect,quantile_90,temporal
3,video_water_delta,732,288,0.08682264387607574,eye_left_lower,area,mean,temporal
3,video_water_delta,733,385,0.08612556010484695,eye_right_lower,cy,std,temporal
3,video_water_delta,734,145,0.08463466912508011,brow_right_inner,velocity_y,std,temporal
3,video_water_delta,735,267,0.08388429135084152,eye_left_upper,velocity_aspect,quantile_90,temporal
3,video_water_delta,736,318,0.08377844095230103,eye_left_lower,velocity_aspect,mean,temporal
3,video_water_delta,737,320,0.0833987295627594,eye_left_lower,velocity_aspect,quantile_10,temporal
3,video_water_delta,738,101,0.08319880068302155,brow_left_outer,velocity_area,temporal_slope,temporal
3,video_water_delta,739,925,0.08281157910823822,eye_right_lower,velocity_x,absolute_max,absolute_motion
3,video_water_delta,740,1017,0.08187150955200195,lower_lip,velocity_aspect,absolute_max,absolute_motion
3,video_water_delta,741,528,0.08052395284175873,nose_alar_left,velocity_area,mean,temporal
3,video_water_delta,742,898,0.08029499650001526,eye_left_lower,velocity_area,absolute_mean,absolute_motion
3,video_water_delta,743,730,0.08012676984071732,lip_corners,aspect,late_minus_early,temporal
3,video_water_delta,744,802,0.07983790338039398,chin_center,velocity_area,late_minus_early,temporal
3,video_water_delta,745,897,0.07982836663722992,eye_left_lower,velocity_y,absolute_max,absolute_motion
3,video_water_delta,746,262,0.0787167176604271,eye_left_upper,velocity_area,late_minus_early,temporal
3,video_water_delta,747,566,0.07860234379768372,nose_alar_right,aspect,quantile_10,temporal
3,video_water_delta,748,466,0.07791532576084137,nose_bridge,velocity_x,late_minus_early,temporal
3,video_water_delta,749,509,0.07727204263210297,nose_alar_left,area,temporal_slope,temporal
3,video_water_delta,750,477,0.07684419304132462,nose_bridge,velocity_area,quantile_90,temporal
3,video_water_delta,751,921,0.07683732360601425,eye_right_upper,velocity_aspect,absolute_max,absolute_motion
3,video_water_delta,752,66,0.07635021209716797,brow_left_outer,cz,mean,temporal
3,video_water_delta,753,1001,0.07615972310304642,upper_lip,velocity_aspect,absolute_max,absolute_motion
3,video_water_delta,754,625,0.07555703818798065,upper_lip,velocity_x,std,temporal
3,video_water_delta,755,861,0.07542531937360764,brow_right_outer,velocity_x,absolute_max,absolute_motion
3,video_water_delta,756,334,0.07529887557029724,eye_right_upper,cy,late_minus_early,temporal
3,video_water_delta,757,443,0.07500433921813965,nose_bridge,cy,temporal_slope,temporal
3,video_water_delta,758,831,0.0737629160284996,brow_left_outer,velocity_y,absolute_std,absolute_motion
3,video_water_delta,759,1010,0.0736311748623848,lower_lip,velocity_area,absolute_mean,absolute_motion
3,video_water_delta,760,199,0.07297699898481369,brow_right_outer,velocity_y,std,temporal
3,video_water_delta,761,970,0.07255869358778,nose_alar_right,velocity_x,absolute_mean,absolute_motion
3,video_water_delta,762,388,0.0724138393998146,eye_right_lower,cy,late_minus_early,temporal
3,video_water_delta,763,322,0.07216387242078781,eye_left_lower,velocity_aspect,late_minus_early,temporal
3,video_water_delta,764,851,0.07201147079467773,brow_right_inner,velocity_area,absolute_std,absolute_motion
3,video_water_delta,765,172,0.0718449056148529,brow_right_outer,cy,late_minus_early,temporal
3,video_water_delta,766,219,0.07138236612081528,eye_left_upper,cx,quantile_90,temporal
3,video_water_delta,767,153,0.07109806686639786,brow_right_inner,velocity_area,quantile_90,temporal
3,video_water_delta,768,588,0.07081610709428787,nose_alar_right,velocity_aspect,mean,temporal
3,video_water_delta,769,1004,0.06928789615631104,lower_lip,velocity_x,absolute_quantile_90,absolute_motion
3,video_water_delta,770,173,0.06911103427410126,brow_right_outer,cy,temporal_slope,temporal
3,video_water_delta,771,126,0.06905205547809601,brow_right_inner,area,mean,temporal
3,video_water_delta,772,308,0.06887716799974442,eye_left_lower,velocity_y,quantile_10,temporal
3,video_water_delta,773,118,0.06825722754001617,brow_right_inner,cy,late_minus_early,temporal
3,video_water_delta,774,939,0.0667349249124527,nose_bridge,velocity_x,absolute_std,absolute_motion
3,video_water_delta,775,370,0.0665503740310669,eye_right_upper,velocity_area,late_minus_early,temporal
3,video_water_delta,776,555,0.06549180299043655,nose_alar_right,cz,quantile_90,temporal
3,video_water_delta,777,505,0.06514211744070053,nose_alar_left,area,std,temporal
3,video_water_delta,778,252,0.06492023915052414,eye_left_upper,velocity_y,mean,temporal
3,video_water_delta,779,628,0.06473777443170547,upper_lip,velocity_x,late_minus_early,temporal
3,video_water_delta,780,464,0.06426864117383957,nose_bridge,velocity_x,quantile_10,temporal
3,video_water_delta,781,711,0.06382289528846741,lip_corners,cy,quantile_90,temporal
3,video_water_delta,782,84,0.06258785724639893,brow_left_outer,velocity_x,mean,temporal
3,video_water_delta,783,667,0.0622941292822361,lower_lip,area,std,temporal
3,video_water_delta,784,833,0.06147636100649834,brow_left_outer,velocity_y,absolute_max,absolute_motion
3,video_water_delta,785,559,0.06073372811079025,nose_alar_right,area,std,temporal
3,video_water_delta,786,36,0.05894266813993454,brow_left_inner,velocity_y,mean,temporal
3,video_water_delta,787,7,0.058842819184064865,brow_left_inner,cy,std,temporal
3,video_water_delta,788,677,0.05798499658703804,lower_lip,aspect,temporal_slope,temporal
3,video_water_delta,789,850,0.05697145313024521,brow_right_inner,velocity_area,absolute_mean,absolute_motion
3,video_water_delta,790,327,0.056700438261032104,eye_right_upper,cx,quantile_90,temporal
3,video_water_delta,791,128,0.056438859552145004,brow_right_inner,area,quantile_10,temporal
3,video_water_delta,792,693,0.056332074105739594,lower_lip,velocity_area,quantile_90,temporal
3,video_water_delta,793,30,0.05551692098379135,brow_left_inner,velocity_x,mean,temporal
3,video_water_delta,794,80,0.05543394386768341,brow_left_outer,aspect,quantile_10,temporal
3,video_water_delta,795,843,0.05521879345178604,brow_right_inner,velocity_x,absolute_std,absolute_motion
3,video_water_delta,796,668,0.05478193238377571,lower_lip,area,quantile_10,temporal
3,video_water_delta,797,755,0.054295267909765244,lip_corners,velocity_aspect,temporal_slope,temporal
3,video_water_delta,798,453,0.05360427498817444,nose_bridge,area,quantile_90,temporal
3,video_water_delta,799,545,0.05279366299510002,nose_alar_right,cx,temporal_slope,temporal
3,video_water_delta,800,639,0.05242377147078514,upper_lip,velocity_area,quantile_90,temporal
3,video_water_delta,801,18,0.052347566932439804,brow_left_inner,area,mean,temporal
3,video_water_delta,802,113,0.050553563982248306,brow_right_inner,cx,temporal_slope,temporal
3,video_water_delta,803,269,0.05029347166419029,eye_left_upper,velocity_aspect,temporal_slope,temporal
3,video_water_delta,804,741,0.050054606050252914,lip_corners,velocity_y,quantile_90,temporal
3,video_water_delta,805,314,0.04956236109137535,eye_left_lower,velocity_area,quantile_10,temporal
3,video_water_delta,806,195,0.04939113184809685,brow_right_outer,velocity_x,quantile_90,temporal
3,video_water_delta,807,961,0.04932468384504318,nose_alar_left,velocity_y,absolute_max,absolute_motion
3,video_water_delta,808,562,0.04843941330909729,nose_alar_right,area,late_minus_early,temporal
3,video_water_delta,809,68,0.04840651527047157,brow_left_outer,cz,quantile_10,temporal
3,video_water_delta,810,871,0.04784909635782242,brow_right_outer,velocity_aspect,absolute_std,absolute_motion
3,video_water_delta,811,924,0.047518420964479446,eye_right_lower,velocity_x,absolute_quantile_90,absolute_motion
3,video_water_delta,812,1040,0.047367844730615616,chin_center,velocity_y,absolute_quantile_90,absolute_motion
3,video_water_delta,813,497,0.046839967370033264,nose_alar_left,cy,temporal_slope,temporal
3,video_water_delta,814,565,0.04589692875742912,nose_alar_right,aspect,std,temporal
3,video_water_delta,815,972,0.045818254351615906,nose_alar_right,velocity_x,absolute_quantile_90,absolute_motion
3,video_water_delta,816,192,0.04560456424951553,brow_right_outer,velocity_x,mean,temporal
3,video_water_delta,817,369,0.045523419976234436,eye_right_upper,velocity_area,quantile_90,temporal
3,video_water_delta,818,882,0.04506444185972214,eye_left_upper,velocity_area,absolute_mean,absolute_motion
3,video_water_delta,819,733,0.044910211116075516,lip_corners,velocity_x,std,temporal
3,video_water_delta,820,663,0.04454192519187927,lower_lip,cz,quantile_90,temporal
3,video_water_delta,821,119,0.04391104355454445,brow_right_inner,cy,temporal_slope,temporal
3,video_water_delta,822,904,0.04351877048611641,eye_left_lower,velocity_aspect,absolute_quantile_90,absolute_motion
3,video_water_delta,823,771,0.04312421754002571,chin_center,cz,quantile_90,temporal
3,video_water_delta,824,830,0.043062593787908554,brow_left_outer,velocity_y,absolute_mean,absolute_motion
3,video_water_delta,825,957,0.04278227314352989,nose_alar_left,velocity_x,absolute_max,absolute_motion
3,video_water_delta,826,701,0.04264570400118828,lower_lip,velocity_aspect,temporal_slope,temporal
3,video_water_delta,827,928,0.04125358909368515,eye_right_lower,velocity_y,absolute_quantile_90,absolute_motion
3,video_water_delta,828,263,0.04077400639653206,eye_left_upper,velocity_area,temporal_slope,temporal
3,video_water_delta,829,514,0.040485259145498276,nose_alar_left,aspect,late_minus_early,temporal
3,video_water_delta,830,487,0.040326591581106186,nose_alar_left,cx,std,temporal
3,video_water_delta,831,587,0.04032076150178909,nose_alar_right,velocity_area,temporal_slope,temporal
3,video_water_delta,832,111,0.039763398468494415,brow_right_inner,cx,quantile_90,temporal
3,video_water_delta,833,790,0.03965267166495323,chin_center,velocity_x,late_minus_early,temporal
3,video_water_delta,834,750,0.03957809507846832,lip_corners,velocity_aspect,mean,temporal
3,video_water_delta,835,1002,0.03863515332341194,lower_lip,velocity_x,absolute_mean,absolute_motion
3,video_water_delta,836,367,0.038574062287807465,eye_right_upper,velocity_area,std,temporal
3,video_water_delta,837,418,0.03856411948800087,eye_right_lower,velocity_y,late_minus_early,temporal
3,video_water_delta,838,436,0.03841442987322807,nose_bridge,cx,late_minus_early,temporal
3,video_water_delta,839,1015,0.038100991398096085,lower_lip,velocity_aspect,absolute_std,absolute_motion
3,video_water_delta,840,46,0.03787139058113098,brow_left_inner,velocity_area,late_minus_early,temporal
3,video_water_delta,841,946,0.03572306036949158,nose_bridge,velocity_area,absolute_mean,absolute_motion
3,video_water_delta,842,603,0.03528260439634323,upper_lip,cy,quantile_90,temporal
3,video_water_delta,843,975,0.034824542701244354,nose_alar_right,velocity_y,absolute_std,absolute_motion
3,video_water_delta,844,11,0.03366641700267792,brow_left_inner,cy,temporal_slope,temporal
3,video_water_delta,845,147,0.03363930433988571,brow_right_inner,velocity_y,quantile_90,temporal
3,video_water_delta,846,307,0.03248966857790947,eye_left_lower,velocity_y,std,temporal
3,video_water_delta,847,670,0.03243821859359741,lower_lip,area,late_minus_early,temporal
3,video_water_delta,848,77,0.03230627253651619,brow_left_outer,area,temporal_slope,temporal
3,video_water_delta,849,658,0.032096631824970245,lower_lip,cy,late_minus_early,temporal
3,video_water_delta,850,697,0.031468283385038376,lower_lip,velocity_aspect,std,temporal
3,video_water_delta,851,560,0.03139650449156761,nose_alar_right,area,quantile_10,temporal
3,video_water_delta,852,1034,0.03126964718103409,chin_center,velocity_x,absolute_mean,absolute_motion
3,video_water_delta,853,895,0.03017478436231613,eye_left_lower,velocity_y,absolute_std,absolute_motion
3,video_water_delta,854,950,0.03007599152624607,nose_bridge,velocity_aspect,absolute_mean,absolute_motion
3,video_water_delta,855,646,0.02994018793106079,upper_lip,velocity_aspect,late_minus_early,temporal
3,video_water_delta,856,377,0.029735378921031952,eye_right_upper,velocity_aspect,temporal_slope,temporal
3,video_water_delta,857,627,0.029599683359265327,upper_lip,velocity_x,quantile_90,temporal
3,video_water_delta,858,848,0.028797633945941925,brow_right_inner,velocity_y,absolute_quantile_90,absolute_motion
3,video_water_delta,859,727,0.02871868759393692,lip_corners,aspect,std,temporal
3,video_water_delta,860,55,0.027337921783328056,brow_left_outer,cx,std,temporal
3,video_water_delta,861,846,0.026962541043758392,brow_right_inner,velocity_y,absolute_mean,absolute_motion
3,video_water_delta,862,253,0.026718134060502052,eye_left_upper,velocity_y,std,temporal
3,video_water_delta,863,736,0.02664768323302269,lip_corners,velocity_x,late_minus_early,temporal
3,video_water_delta,864,952,0.025723028928041458,nose_bridge,velocity_aspect,absolute_quantile_90,absolute_motion
3,video_water_delta,865,645,0.025622641667723656,upper_lip,velocity_aspect,quantile_90,temporal
3,video_water_delta,866,194,0.025550827383995056,brow_right_outer,velocity_x,quantile_10,temporal
3,video_water_delta,867,1016,0.025280511006712914,lower_lip,velocity_aspect,absolute_quantile_90,absolute_motion
3,video_water_delta,868,481,0.025249404832720757,nose_bridge,velocity_aspect,std,temporal
3,video_water_delta,869,530,0.025003327056765556,nose_alar_left,velocity_area,quantile_10,temporal
3,video_water_delta,870,998,0.02442339062690735,upper_lip,velocity_aspect,absolute_mean,absolute_motion
3,video_water_delta,871,15,0.024413198232650757,brow_left_inner,cz,quantile_90,temporal
3,video_water_delta,872,766,0.02414368838071823,chin_center,cy,late_minus_early,temporal
3,video_water_delta,873,371,0.024142589420080185,eye_right_upper,velocity_area,temporal_slope,temporal
3,video_water_delta,874,633,0.024085097014904022,upper_lip,velocity_y,quantile_90,temporal
3,video_water_delta,875,414,0.023728879168629646,eye_right_lower,velocity_y,mean,temporal
3,video_water_delta,876,100,0.023692607879638672,brow_left_outer,velocity_area,late_minus_early,temporal
3,video_water_delta,877,622,0.02356419339776039,upper_lip,aspect,late_minus_early,temporal
3,video_water_delta,878,712,0.023351849988102913,lip_corners,cy,late_minus_early,temporal
3,video_water_delta,879,378,0.02309739775955677,eye_right_lower,cx,mean,temporal
3,video_water_delta,880,732,0.022796615958213806,lip_corners,velocity_x,mean,temporal
3,video_water_delta,881,285,0.021277248859405518,eye_left_lower,cz,quantile_90,temporal
3,video_water_delta,882,832,0.021256551146507263,brow_left_outer,velocity_y,absolute_quantile_90,absolute_motion
3,video_water_delta,883,792,0.020963119342923164,chin_center,velocity_y,mean,temporal
3,video_water_delta,884,1047,0.02059294655919075,chin_center,velocity_aspect,absolute_std,absolute_motion
3,video_water_delta,885,483,0.020292650908231735,nose_bridge,velocity_aspect,quantile_90,temporal
3,video_water_delta,886,281,0.020158853381872177,eye_left_lower,cy,temporal_slope,temporal
3,video_water_delta,887,544,0.019054802134633064,nose_alar_right,cx,late_minus_early,temporal
3,video_water_delta,888,463,0.01809368096292019,nose_bridge,velocity_x,std,temporal
3,video_water_delta,889,223,0.01778862625360489,eye_left_upper,cy,std,temporal
3,video_water_delta,890,1049,0.017555881291627884,chin_center,velocity_aspect,absolute_max,absolute_motion
3,video_water_delta,891,817,0.01727316342294216,brow_left_inner,velocity_y,absolute_max,absolute_motion
3,video_water_delta,892,927,0.017149757593870163,eye_right_lower,velocity_y,absolute_std,absolute_motion
3,video_water_delta,893,415,0.016384143382310867,eye_right_lower,velocity_y,std,temporal
3,video_water_delta,894,896,0.01636187545955181,eye_left_lower,velocity_y,absolute_quantile_90,absolute_motion
3,video_water_delta,895,605,0.016344105824828148,upper_lip,cy,temporal_slope,temporal
3,video_water_delta,896,872,0.01592455990612507,brow_right_outer,velocity_aspect,absolute_quantile_90,absolute_motion
3,video_water_delta,897,19,0.01572718285024166,brow_left_inner,area,std,temporal
3,video_water_delta,898,5,0.01563415862619877,brow_left_inner,cx,temporal_slope,temporal
3,video_water_delta,899,917,0.01548437587916851,eye_right_upper,velocity_area,absolute_max,absolute_motion
3,video_water_delta,900,837,0.014810255728662014,brow_left_outer,velocity_area,absolute_max,absolute_motion
3,video_water_delta,901,491,0.014759847894310951,nose_alar_left,cx,temporal_slope,temporal
3,video_water_delta,902,666,0.013699052855372429,lower_lip,area,mean,temporal
3,video_water_delta,903,795,0.013616145588457584,chin_center,velocity_y,quantile_90,temporal
3,video_water_delta,904,470,0.012964664027094841,nose_bridge,velocity_y,quantile_10,temporal
3,video_water_delta,905,293,0.012959118001163006,eye_left_lower,area,temporal_slope,temporal
3,video_water_delta,906,926,0.01287737675011158,eye_right_lower,velocity_y,absolute_mean,absolute_motion
3,video_water_delta,907,277,0.012229401618242264,eye_left_lower,cy,std,temporal
3,video_water_delta,908,929,0.011414622887969017,eye_right_lower,velocity_y,absolute_max,absolute_motion
3,video_water_delta,909,442,0.011402796022593975,nose_bridge,cy,late_minus_early,temporal
3,video_water_delta,910,2,0.011161580681800842,brow_left_inner,cx,quantile_10,temporal
3,video_water_delta,911,171,0.01090656965970993,brow_right_outer,cy,quantile_90,temporal
3,video_water_delta,912,569,0.010597414337098598,nose_alar_right,aspect,temporal_slope,temporal
3,video_water_delta,913,777,0.010557630099356174,chin_center,area,quantile_90,temporal
3,video_water_delta,914,940,0.01036403514444828,nose_bridge,velocity_x,absolute_quantile_90,absolute_motion
3,video_water_delta,915,862,0.009955273009836674,brow_right_outer,velocity_y,absolute_mean,absolute_motion
3,video_water_delta,916,343,0.009898041374981403,eye_right_upper,area,std,temporal
3,video_water_delta,917,765,0.009038444608449936,chin_center,cy,quantile_90,temporal
3,video_water_delta,918,934,0.008982576429843903,eye_right_lower,velocity_aspect,absolute_mean,absolute_motion
3,video_water_delta,919,657,0.008757352828979492,lower_lip,cy,quantile_90,temporal
3,video_water_delta,920,264,0.008706227876245975,eye_left_upper,velocity_aspect,mean,temporal
3,video_water_delta,921,187,0.00855662114918232,brow_right_outer,aspect,std,temporal
3,video_water_delta,922,951,0.008486666716635227,nose_bridge,velocity_aspect,absolute_std,absolute_motion
3,video_water_delta,923,347,0.008443305268883705,eye_right_upper,area,temporal_slope,temporal
3,video_water_delta,924,183,0.00834707636386156,brow_right_outer,area,quantile_90,temporal
3,video_water_delta,925,362,0.008074898272752762,eye_right_upper,velocity_y,quantile_10,temporal
3,video_water_delta,926,335,0.008051580749452114,eye_right_upper,cy,temporal_slope,temporal
3,video_water_delta,927,803,0.007888518273830414,chin_center,velocity_area,temporal_slope,temporal
3,video_water_delta,928,694,0.007875222712755203,lower_lip,velocity_area,late_minus_early,temporal
3,video_water_delta,929,894,0.007665680721402168,eye_left_lower,velocity_y,absolute_mean,absolute_motion
3,video_water_delta,930,254,0.0071889664977788925,eye_left_upper,velocity_y,quantile_10,temporal
3,video_water_delta,931,71,0.00711933895945549,brow_left_outer,cz,temporal_slope,temporal
3,video_water_delta,932,713,0.006908149924129248,lip_corners,cy,temporal_slope,temporal
3,video_water_delta,933,538,0.006846720352768898,nose_alar_left,velocity_aspect,late_minus_early,temporal
3,video_water_delta,934,65,0.006755308713763952,brow_left_outer,cy,temporal_slope,temporal
3,video_water_delta,935,368,0.00671335170045495,eye_right_upper,velocity_area,quantile_10,temporal
3,video_water_delta,936,256,0.006703534629195929,eye_left_upper,velocity_y,late_minus_early,temporal
3,video_water_delta,937,1008,0.006635412108153105,lower_lip,velocity_y,absolute_quantile_90,absolute_motion
3,video_water_delta,938,17,0.006620443891733885,brow_left_inner,cz,temporal_slope,temporal
3,video_water_delta,939,69,0.006593735422939062,brow_left_outer,cz,quantile_90,temporal
3,video_water_delta,940,124,0.006436326075345278,brow_right_inner,cz,late_minus_early,temporal
3,video_water_delta,941,465,0.006058195140212774,nose_bridge,velocity_x,quantile_90,temporal
3,video_water_delta,942,604,0.00588610814884305,upper_lip,cy,late_minus_early,temporal
3,video_water_delta,943,227,0.005606533959507942,eye_left_upper,cy,temporal_slope,temporal
3,video_water_delta,944,659,0.005485967267304659,lower_lip,cy,temporal_slope,temporal
3,video_water_delta,945,232,0.005422462709248066,eye_left_upper,cz,late_minus_early,temporal
3,video_water_delta,946,427,0.005400255788117647,eye_right_lower,velocity_aspect,std,temporal
3,video_water_delta,947,936,0.005372129380702972,eye_right_lower,velocity_aspect,absolute_quantile_90,absolute_motion
3,video_water_delta,948,593,0.005232589785009623,nose_alar_right,velocity_aspect,temporal_slope,temporal
3,video_water_delta,949,245,0.005215917713940144,eye_left_upper,aspect,temporal_slope,temporal
3,video_water_delta,950,864,0.005191996227949858,brow_right_outer,velocity_y,absolute_quantile_90,absolute_motion
3,video_water_delta,951,316,0.005180825013667345,eye_left_lower,velocity_area,late_minus_early,temporal
3,video_water_delta,952,134,0.004912850446999073,brow_right_inner,aspect,quantile_10,temporal
3,video_water_delta,953,16,0.0047638872638344765,brow_left_inner,cz,late_minus_early,temporal
3,video_water_delta,954,981,0.004630636889487505,nose_alar_right,velocity_area,absolute_max,absolute_motion
3,video_water_delta,955,90,0.004510719794780016,brow_left_outer,velocity_y,mean,temporal
3,video_water_delta,956,644,0.0044141546823084354,upper_lip,velocity_aspect,quantile_10,temporal
3,video_water_delta,957,309,0.004364802036434412,eye_left_lower,velocity_y,quantile_90,temporal
3,video_water_delta,958,201,0.004225468263030052,brow_right_outer,velocity_y,quantile_90,temporal
3,video_water_delta,959,623,0.0041970801539719105,upper_lip,aspect,temporal_slope,temporal
3,video_water_delta,960,620,0.004126164596527815,upper_lip,aspect,quantile_10,temporal
3,video_water_delta,961,510,0.003793482668697834,nose_alar_left,aspect,mean,temporal
3,video_water_delta,962,564,0.0032771481201052666,nose_alar_right,aspect,mean,temporal
3,video_water_delta,963,788,0.003079663496464491,chin_center,velocity_x,quantile_10,temporal
3,video_water_delta,964,869,0.0030278938356786966,brow_right_outer,velocity_area,absolute_max,absolute_motion
3,video_water_delta,965,692,0.0030250356066972017,lower_lip,velocity_area,quantile_10,temporal
3,video_water_delta,966,935,0.0029995806980878115,eye_right_lower,velocity_aspect,absolute_std,absolute_motion
3,video_water_delta,967,310,0.002801379654556513,eye_left_lower,velocity_y,late_minus_early,temporal
3,video_water_delta,968,92,0.002705085789784789,brow_left_outer,velocity_y,quantile_10,temporal
3,video_water_delta,969,674,0.002592847915366292,lower_lip,aspect,quantile_10,temporal
3,video_water_delta,970,558,0.0025817397981882095,nose_alar_right,area,mean,temporal
3,video_water_delta,971,394,0.002466718666255474,eye_right_lower,cz,late_minus_early,temporal
3,video_water_delta,972,364,0.002450275467708707,eye_right_upper,velocity_y,late_minus_early,temporal
3,video_water_delta,973,695,0.00223690178245306,lower_lip,velocity_area,temporal_slope,temporal
3,video_water_delta,974,987,0.002207445912063122,upper_lip,velocity_x,absolute_std,absolute_motion
3,video_water_delta,975,678,0.0022051758132874966,lower_lip,velocity_x,mean,temporal
3,video_water_delta,976,186,0.002147563500329852,brow_right_outer,aspect,mean,temporal
3,video_water_delta,977,551,0.0021144349593669176,nose_alar_right,cy,temporal_slope,temporal
3,video_water_delta,978,682,0.002066708169877529,lower_lip,velocity_x,late_minus_early,temporal
3,video_water_delta,979,914,0.0018986742943525314,eye_right_upper,velocity_area,absolute_mean,absolute_motion
3,video_water_delta,980,212,0.0018632181454449892,brow_right_outer,velocity_aspect,quantile_10,temporal
3,video_water_delta,981,304,0.0016796630807220936,eye_left_lower,velocity_x,late_minus_early,temporal
3,video_water_delta,982,108,0.0015864967135712504,brow_right_inner,cx,mean,temporal
3,video_water_delta,983,804,0.0015600345795974135,chin_center,velocity_aspect,mean,temporal
3,video_water_delta,984,568,0.001558762276545167,nose_alar_right,aspect,late_minus_early,temporal
3,video_water_delta,985,395,0.001511313603259623,eye_right_lower,cz,temporal_slope,temporal
3,video_water_delta,986,480,0.0014332685386762023,nose_bridge,velocity_aspect,mean,temporal
3,video_water_delta,987,478,0.0013980544172227383,nose_bridge,velocity_area,late_minus_early,temporal
3,video_water_delta,988,4,0.0013894465519115329,brow_left_inner,cx,late_minus_early,temporal
3,video_water_delta,989,561,0.0013792268000543118,nose_alar_right,area,quantile_90,temporal
3,video_water_delta,990,647,0.0011885730782523751,upper_lip,velocity_aspect,temporal_slope,temporal
3,video_water_delta,991,70,0.0011505212169140577,brow_left_outer,cz,late_minus_early,temporal
3,video_water_delta,992,912,0.001116221654228866,eye_right_upper,velocity_y,absolute_quantile_90,absolute_motion
3,video_water_delta,993,878,0.0010589822195470333,eye_left_upper,velocity_y,absolute_mean,absolute_motion
3,video_water_delta,994,331,0.00104658177588135,eye_right_upper,cy,std,temporal
3,video_water_delta,995,20,0.0009192593861371279,brow_left_inner,area,quantile_10,temporal
3,video_water_delta,996,125,0.0009153702412731946,brow_right_inner,cz,temporal_slope,temporal
3,video_water_delta,997,794,0.0009038288262672722,chin_center,velocity_y,quantile_10,temporal
3,video_water_delta,998,149,0.0008503163116984069,brow_right_inner,velocity_y,temporal_slope,temporal
3,video_water_delta,999,280,0.0008465292630717158,eye_left_lower,cy,late_minus_early,temporal
3,video_water_delta,1000,323,0.0008058151579461992,eye_left_lower,velocity_aspect,temporal_slope,temporal
3,video_water_delta,1001,27,0.000791641534306109,brow_left_inner,aspect,quantile_90,temporal
3,video_water_delta,1002,91,0.0006542622577399015,brow_left_outer,velocity_y,std,temporal
3,video_water_delta,1003,426,0.0006306719733402133,eye_right_lower,velocity_aspect,mean,temporal
3,video_water_delta,1004,329,0.0005873726913705468,eye_right_upper,cx,temporal_slope,temporal
3,video_water_delta,1005,989,0.0005391760496422648,upper_lip,velocity_x,absolute_max,absolute_motion
3,video_water_delta,1006,437,0.00046580415801145136,nose_bridge,cx,temporal_slope,temporal
3,video_water_delta,1007,317,0.0004212662170175463,eye_left_lower,velocity_area,temporal_slope,temporal
3,video_water_delta,1008,550,0.00037128516123630106,nose_alar_right,cy,late_minus_early,temporal
3,video_water_delta,1009,916,0.00035639642737805843,eye_right_upper,velocity_area,absolute_quantile_90,absolute_motion
3,video_water_delta,1010,496,0.00035168256727047265,nose_alar_left,cy,late_minus_early,temporal
3,video_water_delta,1011,754,0.0003403573064133525,lip_corners,velocity_aspect,late_minus_early,temporal
3,video_water_delta,1012,889,0.0003147591487504542,eye_left_upper,velocity_aspect,absolute_max,absolute_motion
3,video_water_delta,1013,75,0.0003094305866397917,brow_left_outer,area,quantile_90,temporal
3,video_water_delta,1014,909,0.0003052568936254829,eye_right_upper,velocity_x,absolute_max,absolute_motion
3,video_water_delta,1015,233,0.00027536958805285394,eye_left_upper,cz,temporal_slope,temporal
3,video_water_delta,1016,919,0.0002343643718631938,eye_right_upper,velocity_aspect,absolute_std,absolute_motion
3,video_water_delta,1017,9,0.00020944442076142877,brow_left_inner,cy,quantile_90,temporal
3,video_water_delta,1018,328,0.0001731300726532936,eye_right_upper,cx,late_minus_early,temporal
3,video_water_delta,1019,197,0.00013320436119101942,brow_right_outer,velocity_x,temporal_slope,temporal
3,video_water_delta,1020,151,0.00012976636935491115,brow_right_inner,velocity_area,std,temporal
3,video_water_delta,1021,383,0.00012379264808259904,eye_right_lower,cx,temporal_slope,temporal
3,video_water_delta,1022,941,0.00011515406367834657,nose_bridge,velocity_x,absolute_max,absolute_motion
3,video_water_delta,1023,579,8.850475569488481e-05,nose_alar_right,velocity_y,quantile_90,temporal
3,video_water_delta,1024,117,8.192448876798153e-05,brow_right_inner,cy,quantile_90,temporal
3,video_water_delta,1025,563,7.335713598877192e-05,nose_alar_right,area,temporal_slope,temporal
3,video_water_delta,1026,424,6.903598114149645e-05,eye_right_lower,velocity_area,late_minus_early,temporal
3,video_water_delta,1027,315,4.28996718255803e-05,eye_left_lower,velocity_area,quantile_90,temporal
3,video_water_delta,1028,64,2.354117896175012e-05,brow_left_outer,cy,late_minus_early,temporal
3,video_water_delta,1029,573,9.024639439303428e-06,nose_alar_right,velocity_x,quantile_90,temporal
3,video_water_delta,1030,226,7.943880518723745e-06,eye_left_upper,cy,late_minus_early,temporal
3,video_water_delta,1031,490,7.1470799412054475e-06,nose_alar_left,cx,late_minus_early,temporal
3,video_water_delta,1032,239,4.459632236830657e-06,eye_left_upper,area,temporal_slope,temporal
3,video_water_delta,1033,382,1.59517617248639e-06,eye_right_lower,cx,late_minus_early,temporal
3,video_water_delta,1034,430,9.108887297770707e-07,eye_right_lower,velocity_aspect,late_minus_early,temporal
4,video_raw,1,636,7.464400768280029,upper_lip,velocity_area,mean,temporal
4,video_raw,2,969,7.125518798828125,nose_alar_left,velocity_aspect,absolute_max,absolute_motion
4,video_raw,3,822,6.968142032623291,brow_left_inner,velocity_aspect,absolute_mean,absolute_motion
4,video_raw,4,49,6.796867847442627,brow_left_inner,velocity_aspect,std,temporal
4,video_raw,5,50,6.618056297302246,brow_left_inner,velocity_aspect,quantile_10,temporal
4,video_raw,6,51,6.232841491699219,brow_left_inner,velocity_aspect,quantile_90,temporal
4,video_raw,7,617,6.045858383178711,upper_lip,area,temporal_slope,temporal
4,video_raw,8,303,5.928330421447754,eye_left_lower,velocity_x,quantile_90,temporal
4,video_raw,9,810,5.918794631958008,brow_left_inner,velocity_x,absolute_mean,absolute_motion
4,video_raw,10,616,5.836710453033447,upper_lip,area,late_minus_early,temporal
4,video_raw,11,823,5.75796365737915,brow_left_inner,velocity_aspect,absolute_std,absolute_motion
4,video_raw,12,31,5.566465854644775,brow_left_inner,velocity_x,std,temporal
4,video_raw,13,356,5.5520243644714355,eye_right_upper,velocity_x,quantile_10,temporal
4,video_raw,14,248,5.295621871948242,eye_left_upper,velocity_x,quantile_10,temporal
4,video_raw,15,812,5.186755180358887,brow_left_inner,velocity_x,absolute_quantile_90,absolute_motion
4,video_raw,16,33,5.097966194152832,brow_left_inner,velocity_x,quantile_90,temporal
4,video_raw,17,641,4.8618316650390625,upper_lip,velocity_area,temporal_slope,temporal
4,video_raw,18,729,4.81973934173584,lip_corners,aspect,quantile_90,temporal
4,video_raw,19,25,4.774178504943848,brow_left_inner,aspect,std,temporal
4,video_raw,20,584,4.493317127227783,nose_alar_right,velocity_area,quantile_10,temporal
4,video_raw,21,38,4.4069437980651855,brow_left_inner,velocity_y,quantile_10,temporal
4,video_raw,22,1033,4.383095741271973,lip_corners,velocity_aspect,absolute_max,absolute_motion
4,video_raw,23,828,4.359130859375,brow_left_outer,velocity_x,absolute_quantile_90,absolute_motion
4,video_raw,24,838,4.358253479003906,brow_left_outer,velocity_aspect,absolute_mean,absolute_motion
4,video_raw,25,892,4.349916458129883,eye_left_lower,velocity_x,absolute_quantile_90,absolute_motion
4,video_raw,26,360,4.286890506744385,eye_right_upper,velocity_y,mean,temporal
4,video_raw,27,411,4.286539077758789,eye_right_lower,velocity_x,quantile_90,temporal
4,video_raw,28,824,4.278628349304199,brow_left_inner,velocity_aspect,absolute_quantile_90,absolute_motion
4,video_raw,29,579,4.235650539398193,nose_alar_right,velocity_y,quantile_90,temporal
4,video_raw,30,811,4.217862129211426,brow_left_inner,velocity_x,absolute_std,absolute_motion
4,video_raw,31,726,4.216340065002441,lip_corners,aspect,mean,temporal
4,video_raw,32,826,4.208463191986084,brow_left_outer,velocity_x,absolute_mean,absolute_motion
4,video_raw,33,591,4.160204887390137,nose_alar_right,velocity_aspect,quantile_90,temporal
4,video_raw,34,503,4.154044151306152,nose_alar_left,cz,temporal_slope,temporal
4,video_raw,35,818,4.106836795806885,brow_left_inner,velocity_area,absolute_mean,absolute_motion
4,video_raw,36,1017,4.0877203941345215,lower_lip,velocity_aspect,absolute_max,absolute_motion
4,video_raw,37,502,4.012627601623535,nose_alar_left,cz,late_minus_early,temporal
4,video_raw,38,978,3.971065044403076,nose_alar_right,velocity_area,absolute_mean,absolute_motion
4,video_raw,39,690,3.946059226989746,lower_lip,velocity_area,mean,temporal
4,video_raw,40,1009,3.9410080909729004,lower_lip,velocity_y,absolute_max,absolute_motion
4,video_raw,41,306,3.85408091545105,eye_left_lower,velocity_y,mean,temporal
4,video_raw,42,103,3.7741594314575195,brow_left_outer,velocity_aspect,std,temporal
4,video_raw,43,86,3.7415027618408203,brow_left_outer,velocity_x,quantile_10,temporal
4,video_raw,44,966,3.684999942779541,nose_alar_left,velocity_aspect,absolute_mean,absolute_motion
4,video_raw,45,980,3.683476209640503,nose_alar_right,velocity_area,absolute_quantile_90,absolute_motion
4,video_raw,46,479,3.665501832962036,nose_bridge,velocity_area,temporal_slope,temporal
4,video_raw,47,1025,3.6498889923095703,lip_corners,velocity_y,absolute_max,absolute_motion
4,video_raw,48,535,3.64582896232605,nose_alar_left,velocity_aspect,std,temporal
4,video_raw,49,252,3.6028130054473877,eye_left_upper,velocity_y,mean,temporal
4,video_raw,50,425,3.601510524749756,eye_right_lower,velocity_area,temporal_slope,temporal
4,video_raw,51,611,3.5929131507873535,upper_lip,cz,temporal_slope,temporal
4,video_raw,52,583,3.531435251235962,nose_alar_right,velocity_area,std,temporal
4,video_raw,53,524,3.48189377784729,nose_alar_left,velocity_y,quantile_10,temporal
4,video_raw,54,39,3.470750093460083,brow_left_inner,velocity_y,quantile_90,temporal
4,video_raw,55,85,3.422694683074951,brow_left_outer,velocity_x,std,temporal
4,video_raw,56,719,3.3854944705963135,lip_corners,cz,temporal_slope,temporal
4,video_raw,57,301,3.3843116760253906,eye_left_lower,velocity_x,std,temporal
4,video_raw,58,610,3.3505263328552246,upper_lip,cz,late_minus_early,temporal
4,video_raw,59,104,3.350404739379883,brow_left_outer,velocity_aspect,quantile_10,temporal
4,video_raw,60,891,3.3338420391082764,eye_left_lower,velocity_x,absolute_std,absolute_motion
4,video_raw,61,32,3.318288803100586,brow_left_inner,velocity_x,quantile_10,temporal
4,video_raw,62,981,3.310967445373535,nose_alar_right,velocity_area,absolute_max,absolute_motion
4,video_raw,63,976,3.3088183403015137,nose_alar_right,velocity_y,absolute_quantile_90,absolute_motion
4,video_raw,64,958,3.2957451343536377,nose_alar_left,velocity_y,absolute_mean,absolute_motion
4,video_raw,65,820,3.229224681854248,brow_left_inner,velocity_area,absolute_quantile_90,absolute_motion
4,video_raw,66,87,3.2278175354003906,brow_left_outer,velocity_x,quantile_90,temporal
4,video_raw,67,773,3.2199223041534424,chin_center,cz,temporal_slope,temporal
4,video_raw,68,718,3.198646068572998,lip_corners,cz,late_minus_early,temporal
4,video_raw,69,478,3.145216703414917,nose_bridge,velocity_area,late_minus_early,temporal
4,video_raw,70,967,3.142601251602173,nose_alar_left,velocity_aspect,absolute_std,absolute_motion
4,video_raw,71,523,3.1302435398101807,nose_alar_left,velocity_y,std,temporal
4,video_raw,72,585,3.0867934226989746,nose_alar_right,velocity_area,quantile_90,temporal
4,video_raw,73,665,3.0848031044006348,lower_lip,cz,temporal_slope,temporal
4,video_raw,74,414,3.0790979862213135,eye_right_lower,velocity_y,mean,temporal
4,video_raw,75,834,3.0501887798309326,brow_left_outer,velocity_area,absolute_mean,absolute_motion
4,video_raw,76,664,2.9963934421539307,lower_lip,cz,late_minus_early,temporal
4,video_raw,77,825,2.9932425022125244,brow_left_inner,velocity_aspect,absolute_max,absolute_motion
4,video_raw,78,890,2.9877264499664307,eye_left_lower,velocity_x,absolute_mean,absolute_motion
4,video_raw,79,772,2.9768238067626953,chin_center,cz,late_minus_early,temporal
4,video_raw,80,814,2.963826894760132,brow_left_inner,velocity_y,absolute_mean,absolute_motion
4,video_raw,81,640,2.9357450008392334,upper_lip,velocity_area,late_minus_early,temporal
4,video_raw,82,876,2.9142050743103027,eye_left_upper,velocity_x,absolute_quantile_90,absolute_motion
4,video_raw,83,43,2.8521111011505127,brow_left_inner,velocity_area,std,temporal
4,video_raw,84,143,2.849684476852417,brow_right_inner,velocity_x,temporal_slope,temporal
4,video_raw,85,839,2.8265819549560547,brow_left_outer,velocity_aspect,absolute_std,absolute_motion
4,video_raw,86,312,2.8160455226898193,eye_left_lower,velocity_area,mean,temporal
4,video_raw,87,105,2.806856393814087,brow_left_outer,velocity_aspect,quantile_90,temporal
4,video_raw,88,14,2.790980815887451,brow_left_inner,cz,quantile_10,temporal
4,video_raw,89,623,2.788454294204712,upper_lip,aspect,temporal_slope,temporal
4,video_raw,90,354,2.7811012268066406,eye_right_upper,velocity_x,mean,temporal
4,video_raw,91,979,2.765855312347412,nose_alar_right,velocity_area,absolute_std,absolute_motion
4,video_raw,92,45,2.7582693099975586,brow_left_inner,velocity_area,quantile_90,temporal
4,video_raw,93,26,2.7492685317993164,brow_left_inner,aspect,quantile_10,temporal
4,video_raw,94,622,2.724449634552002,upper_lip,aspect,late_minus_early,temporal
4,video_raw,95,642,2.6813743114471436,upper_lip,velocity_aspect,mean,temporal
4,video_raw,96,874,2.6664962768554688,eye_left_upper,velocity_x,absolute_mean,absolute_motion
4,video_raw,97,423,2.6442949771881104,eye_right_lower,velocity_area,quantile_90,temporal
4,video_raw,98,995,2.581207036972046,upper_lip,velocity_area,absolute_std,absolute_motion
4,video_raw,99,247,2.5769431591033936,eye_left_upper,velocity_x,std,temporal
4,video_raw,100,962,2.511658191680908,nose_alar_left,velocity_area,absolute_mean,absolute_motion
4,video_raw,101,325,2.4971985816955566,eye_right_upper,cx,std,temporal
4,video_raw,102,792,2.4970076084136963,chin_center,velocity_y,mean,temporal
4,video_raw,103,452,2.4905505180358887,nose_bridge,area,quantile_10,temporal
4,video_raw,104,334,2.462049722671509,eye_right_upper,cy,late_minus_early,temporal
4,video_raw,105,993,2.443869113922119,upper_lip,velocity_y,absolute_max,absolute_motion
4,video_raw,106,840,2.42876935005188,brow_left_outer,velocity_aspect,absolute_quantile_90,absolute_motion
4,video_raw,107,932,2.4023032188415527,eye_right_lower,velocity_area,absolute_quantile_90,absolute_motion
4,video_raw,108,997,2.394709825515747,upper_lip,velocity_area,absolute_max,absolute_motion
4,video_raw,109,589,2.3900601863861084,nose_alar_right,velocity_aspect,std,temporal
4,video_raw,110,732,2.3782660961151123,lip_corners,velocity_x,mean,temporal
4,video_raw,111,142,2.377499580383301,brow_right_inner,velocity_x,late_minus_early,temporal
4,video_raw,112,531,2.3717925548553467,nose_alar_left,velocity_area,quantile_90,temporal
4,video_raw,113,590,2.3704354763031006,nose_alar_right,velocity_aspect,quantile_10,temporal
4,video_raw,114,624,2.359193801879883,upper_lip,velocity_x,mean,temporal
4,video_raw,115,620,2.3474886417388916,upper_lip,aspect,quantile_10,temporal
4,video_raw,116,357,2.3440990447998047,eye_right_upper,velocity_x,quantile_90,temporal
4,video_raw,117,982,2.3127312660217285,nose_alar_right,velocity_aspect,absolute_mean,absolute_motion
4,video_raw,118,198,2.3048713207244873,brow_right_outer,velocity_y,mean,temporal
4,video_raw,119,97,2.2914352416992188,brow_left_outer,velocity_area,std,temporal
4,video_raw,120,44,2.2716057300567627,brow_left_inner,velocity_area,quantile_10,temporal
4,video_raw,121,959,2.268054723739624,nose_alar_left,velocity_y,absolute_std,absolute_motion
4,video_raw,122,1037,2.2263340950012207,chin_center,velocity_x,absolute_max,absolute_motion
4,video_raw,123,974,2.223764419555664,nose_alar_right,velocity_y,absolute_mean,absolute_motion
4,video_raw,124,519,2.211214780807495,nose_alar_left,velocity_x,quantile_90,temporal
4,video_raw,125,841,2.2045061588287354,brow_left_outer,velocity_aspect,absolute_max,absolute_motion
4,video_raw,126,813,2.1954751014709473,brow_left_inner,velocity_x,absolute_max,absolute_motion
4,video_raw,127,989,2.1860382556915283,upper_lip,velocity_x,absolute_max,absolute_motion
4,video_raw,128,226,2.1779918670654297,eye_left_upper,cy,late_minus_early,temporal
4,video_raw,129,888,2.172856569290161,eye_left_upper,velocity_aspect,absolute_quantile_90,absolute_motion
4,video_raw,130,15,2.1724812984466553,brow_left_inner,cz,quantile_90,temporal
4,video_raw,131,983,2.161203384399414,nose_alar_right,velocity_aspect,absolute_std,absolute_motion
4,video_raw,132,960,2.1505472660064697,nose_alar_left,velocity_y,absolute_quantile_90,absolute_motion
4,video_raw,133,236,2.1390833854675293,eye_left_upper,area,quantile_10,temporal
4,video_raw,134,537,2.1380653381347656,nose_alar_left,velocity_aspect,quantile_90,temporal
4,video_raw,135,525,2.129410743713379,nose_alar_left,velocity_y,quantile_90,temporal
4,video_raw,136,422,2.1286509037017822,eye_right_lower,velocity_area,quantile_10,temporal
4,video_raw,137,448,2.1168782711029053,nose_bridge,cz,late_minus_early,temporal
4,video_raw,138,816,2.1159138679504395,brow_left_inner,velocity_y,absolute_quantile_90,absolute_motion
4,video_raw,139,12,2.1100218296051025,brow_left_inner,cz,mean,temporal
4,video_raw,140,827,2.1030938625335693,brow_left_outer,velocity_x,absolute_std,absolute_motion
4,video_raw,141,461,2.0843405723571777,nose_bridge,aspect,temporal_slope,temporal
4,video_raw,142,875,2.064297914505005,eye_left_upper,velocity_x,absolute_std,absolute_motion
4,video_raw,143,449,2.0636682510375977,nose_bridge,cz,temporal_slope,temporal
4,video_raw,144,184,2.062234401702881,brow_right_outer,area,late_minus_early,temporal
4,video_raw,145,670,2.0515074729919434,lower_lip,area,late_minus_early,temporal
4,video_raw,146,985,2.0417990684509277,nose_alar_right,velocity_aspect,absolute_max,absolute_motion
4,video_raw,147,249,2.0197479724884033,eye_left_upper,velocity_x,quantile_90,temporal
4,video_raw,148,280,2.0052390098571777,eye_left_lower,cy,late_minus_early,temporal
4,video_raw,149,529,1.9981837272644043,nose_alar_left,velocity_area,std,temporal
4,video_raw,150,185,1.9919806718826294,brow_right_outer,area,temporal_slope,temporal
4,video_raw,151,460,1.9720925092697144,nose_bridge,aspect,late_minus_early,temporal
4,video_raw,152,965,1.965364694595337,nose_alar_left,velocity_area,absolute_max,absolute_motion
4,video_raw,153,473,1.9588110446929932,nose_bridge,velocity_y,temporal_slope,temporal
4,video_raw,154,953,1.9510716199874878,nose_bridge,velocity_aspect,absolute_max,absolute_motion
4,video_raw,155,98,1.9251569509506226,brow_left_outer,velocity_area,quantile_10,temporal
4,video_raw,156,728,1.9244074821472168,lip_corners,aspect,quantile_10,temporal
4,video_raw,157,234,1.9203099012374878,eye_left_upper,area,mean,temporal
4,video_raw,158,1031,1.909440040588379,lip_corners,velocity_aspect,absolute_std,absolute_motion
4,video_raw,159,557,1.905077338218689,nose_alar_right,cz,temporal_slope,temporal
4,video_raw,160,769,1.8663655519485474,chin_center,cz,std,temporal
4,video_raw,161,408,1.86101496219635,eye_right_lower,velocity_x,mean,temporal
4,video_raw,162,237,1.8549917936325073,eye_left_upper,area,quantile_90,temporal
4,video_raw,163,578,1.8396656513214111,nose_alar_right,velocity_y,quantile_10,temporal
4,video_raw,164,984,1.8354377746582031,nose_alar_right,velocity_aspect,absolute_quantile_90,absolute_motion
4,video_raw,165,556,1.8337562084197998,nose_alar_right,cz,late_minus_early,temporal
4,video_raw,166,144,1.8234975337982178,brow_right_inner,velocity_y,mean,temporal
4,video_raw,167,621,1.8158938884735107,upper_lip,aspect,quantile_90,temporal
4,video_raw,168,869,1.7965415716171265,brow_right_outer,velocity_area,absolute_max,absolute_motion
4,video_raw,169,494,1.7888182401657104,nose_alar_left,cy,quantile_10,temporal
4,video_raw,170,37,1.7842286825180054,brow_left_inner,velocity_y,std,temporal
4,video_raw,171,69,1.7797284126281738,brow_left_outer,cz,quantile_90,temporal
4,video_raw,172,79,1.7755382061004639,brow_left_outer,aspect,std,temporal
4,video_raw,173,0,1.7665859460830688,brow_left_inner,cx,mean,temporal
4,video_raw,174,511,1.7652583122253418,nose_alar_left,aspect,std,temporal
4,video_raw,175,765,1.7516391277313232,chin_center,cy,quantile_90,temporal
4,video_raw,176,644,1.7494711875915527,upper_lip,velocity_aspect,quantile_10,temporal
4,video_raw,177,499,1.7491741180419922,nose_alar_left,cz,std,temporal
4,video_raw,178,302,1.725063443183899,eye_left_lower,velocity_x,quantile_10,temporal
4,video_raw,179,786,1.7155933380126953,chin_center,velocity_x,mean,temporal
4,video_raw,180,382,1.713884949684143,eye_right_lower,cx,late_minus_early,temporal
4,video_raw,181,70,1.7103228569030762,brow_left_outer,cz,late_minus_early,temporal
4,video_raw,182,577,1.707380771636963,nose_alar_right,velocity_y,std,temporal
4,video_raw,183,388,1.7071107625961304,eye_right_lower,cy,late_minus_early,temporal
4,video_raw,184,442,1.7055566310882568,nose_bridge,cy,late_minus_early,temporal
4,video_raw,185,328,1.6982985734939575,eye_right_upper,cx,late_minus_early,temporal
4,video_raw,186,527,1.6886802911758423,nose_alar_left,velocity_y,temporal_slope,temporal
4,video_raw,187,10,1.687049388885498,brow_left_inner,cy,late_minus_early,temporal
4,video_raw,188,671,1.6677683591842651,lower_lip,area,temporal_slope,temporal
4,video_raw,189,30,1.6656769514083862,brow_left_inner,velocity_x,mean,temporal
4,video_raw,190,19,1.6515328884124756,brow_left_inner,area,std,temporal
4,video_raw,191,908,1.6499485969543457,eye_right_upper,velocity_x,absolute_quantile_90,absolute_motion
4,video_raw,192,661,1.6463053226470947,lower_lip,cz,std,temporal
4,video_raw,193,443,1.6378220319747925,nose_bridge,cy,temporal_slope,temporal
4,video_raw,194,637,1.6330994367599487,upper_lip,velocity_area,std,temporal
4,video_raw,195,440,1.6214531660079956,nose_bridge,cy,quantile_10,temporal
4,video_raw,196,57,1.6168978214263916,brow_left_outer,cx,quantile_90,temporal
4,video_raw,197,404,1.6123998165130615,eye_right_lower,aspect,quantile_10,temporal
4,video_raw,198,359,1.608999490737915,eye_right_upper,velocity_x,temporal_slope,temporal
4,video_raw,199,559,1.608352780342102,nose_alar_right,area,std,temporal
4,video_raw,200,924,1.608046293258667,eye_right_lower,velocity_x,absolute_quantile_90,absolute_motion
4,video_raw,201,968,1.6079111099243164,nose_alar_left,velocity_aspect,absolute_quantile_90,absolute_motion
4,video_raw,202,116,1.6018199920654297,brow_right_inner,cy,quantile_10,temporal
4,video_raw,203,795,1.6013954877853394,chin_center,velocity_y,quantile_90,temporal
4,video_raw,204,667,1.6001324653625488,lower_lip,area,std,temporal
4,video_raw,205,836,1.5963695049285889,brow_left_outer,velocity_area,absolute_quantile_90,absolute_motion
4,video_raw,206,573,1.5958834886550903,nose_alar_right,velocity_x,quantile_90,temporal
4,video_raw,207,20,1.5941168069839478,brow_left_inner,area,quantile_10,temporal
4,video_raw,208,715,1.5881959199905396,lip_corners,cz,std,temporal
4,video_raw,209,230,1.5739319324493408,eye_left_upper,cz,quantile_10,temporal
4,video_raw,210,956,1.5647947788238525,nose_alar_left,velocity_x,absolute_quantile_90,absolute_motion
4,video_raw,211,536,1.562551498413086,nose_alar_left,velocity_aspect,quantile_10,temporal
4,video_raw,212,1007,1.5510104894638062,lower_lip,velocity_y,absolute_std,absolute_motion
4,video_raw,213,11,1.548551082611084,brow_left_inner,cy,temporal_slope,temporal
4,video_raw,214,798,1.5481688976287842,chin_center,velocity_area,mean,temporal
4,video_raw,215,819,1.5477792024612427,brow_left_inner,velocity_area,absolute_std,absolute_motion
4,video_raw,216,379,1.538408637046814,eye_right_lower,cx,std,temporal
4,video_raw,217,16,1.5233254432678223,brow_left_inner,cz,late_minus_early,temporal
4,video_raw,218,1013,1.5097804069519043,lower_lip,velocity_area,absolute_max,absolute_motion
4,video_raw,219,339,1.5031306743621826,eye_right_upper,cz,quantile_90,temporal
4,video_raw,220,409,1.5028698444366455,eye_right_lower,velocity_x,std,temporal
4,video_raw,221,923,1.5012775659561157,eye_right_lower,velocity_x,absolute_std,absolute_motion
4,video_raw,222,52,1.4929214715957642,brow_left_inner,velocity_aspect,late_minus_early,temporal
4,video_raw,223,572,1.4874248504638672,nose_alar_right,velocity_x,quantile_10,temporal
4,video_raw,224,398,1.4781612157821655,eye_right_lower,area,quantile_10,temporal
4,video_raw,225,767,1.4723570346832275,chin_center,cy,temporal_slope,temporal
4,video_raw,226,292,1.4690228700637817,eye_left_lower,area,late_minus_early,temporal
4,video_raw,227,954,1.4503769874572754,nose_alar_left,velocity_x,absolute_mean,absolute_motion
4,video_raw,228,493,1.4270905256271362,nose_alar_left,cy,std,temporal
4,video_raw,229,963,1.4257748126983643,nose_alar_left,velocity_area,absolute_std,absolute_motion
4,video_raw,230,350,1.4157358407974243,eye_right_upper,aspect,quantile_10,temporal
4,video_raw,231,284,1.4047808647155762,eye_left_lower,cz,quantile_10,temporal
4,video_raw,232,358,1.4023758172988892,eye_right_upper,velocity_x,late_minus_early,temporal
4,video_raw,233,393,1.4008759260177612,eye_right_lower,cz,quantile_90,temporal
4,video_raw,234,1023,1.3967915773391724,lip_corners,velocity_y,absolute_std,absolute_motion
4,video_raw,235,125,1.393664002418518,brow_right_inner,cz,temporal_slope,temporal
4,video_raw,236,136,1.3897682428359985,brow_right_inner,aspect,late_minus_early,temporal
4,video_raw,237,297,1.3831231594085693,eye_left_lower,aspect,quantile_90,temporal
4,video_raw,238,695,1.3821324110031128,lower_lip,velocity_area,temporal_slope,temporal
4,video_raw,239,355,1.381397008895874,eye_right_upper,velocity_x,std,temporal
4,video_raw,240,410,1.3767459392547607,eye_right_lower,velocity_x,quantile_10,temporal
4,video_raw,241,692,1.37367582321167,lower_lip,velocity_area,quantile_10,temporal
4,video_raw,242,458,1.3698126077651978,nose_bridge,aspect,quantile_10,temporal
4,video_raw,243,251,1.3636174201965332,eye_left_upper,velocity_x,temporal_slope,temporal
4,video_raw,244,618,1.3630191087722778,upper_lip,aspect,mean,temporal
4,video_raw,245,763,1.3606840372085571,chin_center,cy,std,temporal
4,video_raw,246,857,1.3583705425262451,brow_right_inner,velocity_aspect,absolute_max,absolute_motion
4,video_raw,247,2,1.3564274311065674,brow_left_inner,cx,quantile_10,temporal
4,video_raw,248,36,1.355851411819458,brow_left_inner,velocity_y,mean,temporal
4,video_raw,249,930,1.3549854755401611,eye_right_lower,velocity_area,absolute_mean,absolute_motion
4,video_raw,250,242,1.3545606136322021,eye_left_upper,aspect,quantile_10,temporal
4,video_raw,251,751,1.3528456687927246,lip_corners,velocity_aspect,std,temporal
4,video_raw,252,329,1.3397597074508667,eye_right_upper,cx,temporal_slope,temporal
4,video_raw,253,907,1.336658239364624,eye_right_upper,velocity_x,absolute_std,absolute_motion
4,video_raw,254,766,1.3338083028793335,chin_center,cy,late_minus_early,temporal
4,video_raw,255,128,1.3305388689041138,brow_right_inner,area,quantile_10,temporal
4,video_raw,256,309,1.325418472290039,eye_left_lower,velocity_y,quantile_90,temporal
4,video_raw,257,922,1.3184447288513184,eye_right_lower,velocity_x,absolute_mean,absolute_motion
4,video_raw,258,647,1.3149633407592773,upper_lip,velocity_aspect,temporal_slope,temporal
4,video_raw,259,906,1.3140136003494263,eye_right_upper,velocity_x,absolute_mean,absolute_motion
4,video_raw,260,1032,1.3089320659637451,lip_corners,velocity_aspect,absolute_quantile_90,absolute_motion
4,video_raw,261,1047,1.3078625202178955,chin_center,velocity_aspect,absolute_std,absolute_motion
4,video_raw,262,317,1.3041751384735107,eye_left_lower,velocity_area,temporal_slope,temporal
4,video_raw,263,607,1.3026443719863892,upper_lip,cz,std,temporal
4,video_raw,264,383,1.3010547161102295,eye_right_lower,cx,temporal_slope,temporal
4,video_raw,265,402,1.2957570552825928,eye_right_lower,aspect,mean,temporal
4,video_raw,266,887,1.2776143550872803,eye_left_upper,velocity_aspect,absolute_std,absolute_motion
4,video_raw,267,335,1.2727004289627075,eye_right_upper,cy,temporal_slope,temporal
4,video_raw,268,780,1.258172869682312,chin_center,aspect,mean,temporal
4,video_raw,269,99,1.2562782764434814,brow_left_outer,velocity_area,quantile_90,temporal
4,video_raw,270,413,1.2558629512786865,eye_right_lower,velocity_x,temporal_slope,temporal
4,video_raw,271,505,1.239064335823059,nose_alar_left,area,std,temporal
4,video_raw,272,456,1.2363888025283813,nose_bridge,aspect,mean,temporal
4,video_raw,273,696,1.2346516847610474,lower_lip,velocity_aspect,mean,temporal
4,video_raw,274,808,1.2309497594833374,chin_center,velocity_aspect,late_minus_early,temporal
4,video_raw,275,561,1.2300136089324951,nose_alar_right,area,quantile_90,temporal
4,video_raw,276,526,1.2296136617660522,nose_alar_left,velocity_y,late_minus_early,temporal
4,video_raw,277,114,1.2133681774139404,brow_right_inner,cy,mean,temporal
4,video_raw,278,48,1.2119746208190918,brow_left_inner,velocity_aspect,mean,temporal
4,video_raw,279,646,1.21017587184906,upper_lip,velocity_aspect,late_minus_early,temporal
4,video_raw,280,421,1.202549695968628,eye_right_lower,velocity_area,std,temporal
4,video_raw,281,835,1.1999555826187134,brow_left_outer,velocity_area,absolute_std,absolute_motion
4,video_raw,282,598,1.1969274282455444,upper_lip,cx,late_minus_early,temporal
4,video_raw,283,468,1.1901684999465942,nose_bridge,velocity_y,mean,temporal
4,video_raw,284,18,1.1899327039718628,brow_left_inner,area,mean,temporal
4,video_raw,285,3,1.189374566078186,brow_left_inner,cx,quantile_90,temporal
4,video_raw,286,396,1.1884727478027344,eye_right_lower,area,mean,temporal
4,video_raw,287,809,1.183975100517273,chin_center,velocity_aspect,temporal_slope,temporal
4,video_raw,288,849,1.1828265190124512,brow_right_inner,velocity_y,absolute_max,absolute_motion
4,video_raw,289,517,1.1793192625045776,nose_alar_left,velocity_x,std,temporal
4,video_raw,290,970,1.1666315793991089,nose_alar_right,velocity_x,absolute_mean,absolute_motion
4,video_raw,291,434,1.1644797325134277,nose_bridge,cx,quantile_10,temporal
4,video_raw,292,71,1.1643352508544922,brow_left_outer,cz,temporal_slope,temporal
4,video_raw,293,762,1.156569242477417,chin_center,cy,mean,temporal
4,video_raw,294,63,1.1550523042678833,brow_left_outer,cy,quantile_90,temporal
4,video_raw,295,124,1.151962161064148,brow_right_inner,cz,late_minus_early,temporal
4,video_raw,296,867,1.1478562355041504,brow_right_outer,velocity_area,absolute_std,absolute_motion
4,video_raw,297,17,1.1438595056533813,brow_left_inner,cz,temporal_slope,temporal
4,video_raw,298,227,1.135988712310791,eye_left_upper,cy,temporal_slope,temporal
4,video_raw,299,66,1.1323654651641846,brow_left_outer,cz,mean,temporal
4,video_raw,300,472,1.13191556930542,nose_bridge,velocity_y,late_minus_early,temporal
4,video_raw,301,727,1.1315736770629883,lip_corners,aspect,std,temporal
4,video_raw,302,182,1.1136372089385986,brow_right_outer,area,quantile_10,temporal
4,video_raw,303,439,1.1096746921539307,nose_bridge,cy,std,temporal
4,video_raw,304,351,1.1084970235824585,eye_right_upper,aspect,quantile_90,temporal
4,video_raw,305,113,1.1018611192703247,brow_right_inner,cx,temporal_slope,temporal
4,video_raw,306,267,1.0993980169296265,eye_left_upper,velocity_aspect,quantile_90,temporal
4,video_raw,307,586,1.0954986810684204,nose_alar_right,velocity_area,late_minus_early,temporal
4,video_raw,308,698,1.0885844230651855,lower_lip,velocity_aspect,quantile_10,temporal
4,video_raw,309,318,1.0876015424728394,eye_left_lower,velocity_aspect,mean,temporal
4,video_raw,310,201,1.0858017206192017,brow_right_outer,velocity_y,quantile_90,temporal
4,video_raw,311,204,1.08450186252594,brow_right_outer,velocity_area,mean,temporal
4,video_raw,312,265,1.081532597541809,eye_left_upper,velocity_aspect,std,temporal
4,video_raw,313,160,1.0796278715133667,brow_right_inner,velocity_aspect,late_minus_early,temporal
4,video_raw,314,796,1.0723440647125244,chin_center,velocity_y,late_minus_early,temporal
4,video_raw,315,457,1.0625663995742798,nose_bridge,aspect,std,temporal
4,video_raw,316,399,1.0617671012878418,eye_right_lower,area,quantile_90,temporal
4,video_raw,317,735,1.0536762475967407,lip_corners,velocity_x,quantile_90,temporal
4,video_raw,318,348,1.0493258237838745,eye_right_upper,aspect,mean,temporal
4,video_raw,319,972,1.0481065511703491,nose_alar_right,velocity_x,absolute_quantile_90,absolute_motion
4,video_raw,320,753,1.047776460647583,lip_corners,velocity_aspect,quantile_90,temporal
4,video_raw,321,506,1.0467560291290283,nose_alar_left,area,quantile_10,temporal
4,video_raw,322,405,1.0467097759246826,eye_right_lower,aspect,quantile_90,temporal
4,video_raw,323,496,1.0274020433425903,nose_alar_left,cy,late_minus_early,temporal
4,video_raw,324,782,1.0254746675491333,chin_center,aspect,quantile_10,temporal
4,video_raw,325,281,1.0204108953475952,eye_left_lower,cy,temporal_slope,temporal
4,video_raw,326,450,1.0168794393539429,nose_bridge,area,mean,temporal
4,video_raw,327,412,1.0153172016143799,eye_right_lower,velocity_x,late_minus_early,temporal
4,video_raw,328,488,1.0052210092544556,nose_alar_left,cx,quantile_10,temporal
4,video_raw,329,522,0.9974108934402466,nose_alar_left,velocity_y,mean,temporal
4,video_raw,330,137,0.9879977703094482,brow_right_inner,aspect,temporal_slope,temporal
4,video_raw,331,390,0.9865564703941345,eye_right_lower,cz,mean,temporal
4,video_raw,332,542,0.9816504716873169,nose_alar_right,cx,quantile_10,temporal
4,video_raw,333,345,0.9793321490287781,eye_right_upper,area,quantile_90,temporal
4,video_raw,334,492,0.9774057269096375,nose_alar_left,cy,mean,temporal
4,video_raw,335,337,0.974977433681488,eye_right_upper,cz,std,temporal
4,video_raw,336,68,0.9748998880386353,brow_left_outer,cz,quantile_10,temporal
4,video_raw,337,240,0.9691075086593628,eye_left_upper,aspect,mean,temporal
4,video_raw,338,1020,0.9676607251167297,lip_corners,velocity_x,absolute_quantile_90,absolute_motion
4,video_raw,339,282,0.9671788215637207,eye_left_lower,cz,mean,temporal
4,video_raw,340,964,0.9668433666229248,nose_alar_left,velocity_area,absolute_quantile_90,absolute_motion
4,video_raw,341,229,0.966779887676239,eye_left_upper,cz,std,temporal
4,video_raw,342,1030,0.9663891792297363,lip_corners,velocity_aspect,absolute_mean,absolute_motion
4,video_raw,343,487,0.964289128780365,nose_alar_left,cx,std,temporal
4,video_raw,344,783,0.9616116881370544,chin_center,aspect,quantile_90,temporal
4,video_raw,345,202,0.9538840651512146,brow_right_outer,velocity_y,late_minus_early,temporal
4,video_raw,346,931,0.9457916021347046,eye_right_lower,velocity_area,absolute_std,absolute_motion
4,video_raw,347,570,0.932536780834198,nose_alar_right,velocity_x,mean,temporal
4,video_raw,348,694,0.9256236553192139,lower_lip,velocity_area,late_minus_early,temporal
4,video_raw,349,797,0.9133880734443665,chin_center,velocity_y,temporal_slope,temporal
4,video_raw,350,516,0.9129816889762878,nose_alar_left,velocity_x,mean,temporal
4,video_raw,351,64,0.9123952984809875,brow_left_outer,cy,late_minus_early,temporal
4,video_raw,352,327,0.9092268943786621,eye_right_upper,cx,quantile_90,temporal
4,video_raw,353,445,0.9084153175354004,nose_bridge,cz,std,temporal
4,video_raw,354,455,0.9029220938682556,nose_bridge,area,temporal_slope,temporal
4,video_raw,355,495,0.8938740491867065,nose_alar_left,cy,quantile_90,temporal
4,video_raw,356,706,0.8929834961891174,lip_corners,cx,late_minus_early,temporal
4,video_raw,357,293,0.8881769776344299,eye_left_lower,area,temporal_slope,temporal
4,video_raw,358,65,0.8828858137130737,brow_left_outer,cy,temporal_slope,temporal
4,video_raw,359,433,0.8812238574028015,nose_bridge,cx,std,temporal
4,video_raw,360,169,0.8810907602310181,brow_right_outer,cy,std,temporal
4,video_raw,361,80,0.8810703158378601,brow_left_outer,aspect,quantile_10,temporal
4,video_raw,362,975,0.8784673810005188,nose_alar_right,velocity_y,absolute_std,absolute_motion
4,video_raw,363,389,0.8778997659683228,eye_right_lower,cy,temporal_slope,temporal
4,video_raw,364,868,0.876968264579773,brow_right_outer,velocity_area,absolute_quantile_90,absolute_motion
4,video_raw,365,126,0.8699397444725037,brow_right_inner,area,mean,temporal
4,video_raw,366,54,0.8669298887252808,brow_left_outer,cx,mean,temporal
4,video_raw,367,678,0.8594988584518433,lower_lip,velocity_x,mean,temporal
4,video_raw,368,84,0.8516988158226013,brow_left_outer,velocity_x,mean,temporal
4,video_raw,369,316,0.849389374256134,eye_left_lower,velocity_area,late_minus_early,temporal
4,video_raw,370,228,0.8490658402442932,eye_left_upper,cz,mean,temporal
4,video_raw,371,244,0.8484358191490173,eye_left_upper,aspect,late_minus_early,temporal
4,video_raw,372,886,0.8476815819740295,eye_left_upper,velocity_aspect,absolute_mean,absolute_motion
4,video_raw,373,112,0.8469253182411194,brow_right_inner,cx,late_minus_early,temporal
4,video_raw,374,342,0.8452974557876587,eye_right_upper,area,mean,temporal
4,video_raw,375,599,0.837209165096283,upper_lip,cx,temporal_slope,temporal
4,video_raw,376,147,0.8359997272491455,brow_right_inner,velocity_y,quantile_90,temporal
4,video_raw,377,530,0.8318737745285034,nose_alar_left,velocity_area,quantile_10,temporal
4,video_raw,378,805,0.8300000429153442,chin_center,velocity_aspect,std,temporal
4,video_raw,379,336,0.8295120596885681,eye_right_upper,cz,mean,temporal
4,video_raw,380,901,0.828227162361145,eye_left_lower,velocity_area,absolute_max,absolute_motion
4,video_raw,381,685,0.8216323256492615,lower_lip,velocity_y,std,temporal
4,video_raw,382,553,0.8215725421905518,nose_alar_right,cz,std,temporal
4,video_raw,383,1012,0.8188273310661316,lower_lip,velocity_area,absolute_quantile_90,absolute_motion
4,video_raw,384,466,0.815502405166626,nose_bridge,velocity_x,late_minus_early,temporal
4,video_raw,385,518,0.806016206741333,nose_alar_left,velocity_x,quantile_10,temporal
4,video_raw,386,88,0.8039452433586121,brow_left_outer,velocity_x,late_minus_early,temporal
4,video_raw,387,5,0.8027205467224121,brow_left_inner,cx,temporal_slope,temporal
4,video_raw,388,520,0.801908552646637,nose_alar_left,velocity_x,late_minus_early,temporal
4,video_raw,389,731,0.8015782237052917,lip_corners,aspect,temporal_slope,temporal
4,video_raw,390,305,0.7984441518783569,eye_left_lower,velocity_x,temporal_slope,temporal
4,video_raw,391,118,0.7955973148345947,brow_right_inner,cy,late_minus_early,temporal
4,video_raw,392,739,0.7854763269424438,lip_corners,velocity_y,std,temporal
4,video_raw,393,243,0.7850533723831177,eye_left_upper,aspect,quantile_90,temporal
4,video_raw,394,255,0.7848185896873474,eye_left_upper,velocity_y,quantile_90,temporal
4,video_raw,395,205,0.7800960540771484,brow_right_outer,velocity_area,std,temporal
4,video_raw,396,9,0.7795694470405579,brow_left_inner,cy,quantile_90,temporal
4,video_raw,397,117,0.7748650908470154,brow_right_inner,cy,quantile_90,temporal
4,video_raw,398,92,0.7747626900672913,brow_left_outer,velocity_y,quantile_10,temporal
4,video_raw,399,497,0.7743778824806213,nose_alar_left,cy,temporal_slope,temporal
4,video_raw,400,459,0.7722718715667725,nose_bridge,aspect,quantile_90,temporal
4,video_raw,401,294,0.7658513784408569,eye_left_lower,aspect,mean,temporal
4,video_raw,402,362,0.7643574476242065,eye_right_upper,velocity_y,quantile_10,temporal
4,video_raw,403,955,0.7628291845321655,nose_alar_left,velocity_x,absolute_std,absolute_motion
4,video_raw,404,135,0.755902886390686,brow_right_inner,aspect,quantile_90,temporal
4,video_raw,405,4,0.7543991208076477,brow_left_inner,cx,late_minus_early,temporal
4,video_raw,406,462,0.7523125410079956,nose_bridge,velocity_x,mean,temporal
4,video_raw,407,60,0.7506201863288879,brow_left_outer,cy,mean,temporal
4,video_raw,408,548,0.7462313771247864,nose_alar_right,cy,quantile_10,temporal
4,video_raw,409,181,0.7402169108390808,brow_right_outer,area,std,temporal
4,video_raw,410,730,0.7316697239875793,lip_corners,aspect,late_minus_early,temporal
4,video_raw,411,581,0.7291038036346436,nose_alar_right,velocity_y,temporal_slope,temporal
4,video_raw,412,145,0.725943922996521,brow_right_inner,velocity_y,std,temporal
4,video_raw,413,893,0.7131860256195068,eye_left_lower,velocity_x,absolute_max,absolute_motion
4,video_raw,414,344,0.7095750570297241,eye_right_upper,area,quantile_10,temporal
4,video_raw,415,574,0.7029657959938049,nose_alar_right,velocity_x,late_minus_early,temporal
4,video_raw,416,58,0.6996065974235535,brow_left_outer,cx,late_minus_early,temporal
4,video_raw,417,167,0.6991677284240723,brow_right_outer,cx,temporal_slope,temporal
4,video_raw,418,847,0.69429612159729,brow_right_inner,velocity_y,absolute_std,absolute_motion
4,video_raw,419,1049,0.6914270520210266,chin_center,velocity_aspect,absolute_max,absolute_motion
4,video_raw,420,760,0.6887919902801514,chin_center,cx,late_minus_early,temporal
4,video_raw,421,528,0.6861308813095093,nose_alar_left,velocity_area,mean,temporal
4,video_raw,422,1015,0.686010479927063,lower_lip,velocity_aspect,absolute_std,absolute_motion
4,video_raw,423,741,0.6852491497993469,lip_corners,velocity_y,quantile_90,temporal
4,video_raw,424,127,0.684194803237915,brow_right_inner,area,std,temporal
4,video_raw,425,216,0.6835118532180786,eye_left_upper,cx,mean,temporal
4,video_raw,426,428,0.6813365817070007,eye_right_lower,velocity_aspect,quantile_10,temporal
4,video_raw,427,961,0.6796811819076538,nose_alar_left,velocity_y,absolute_max,absolute_motion
4,video_raw,428,438,0.6776136755943298,nose_bridge,cy,mean,temporal
4,video_raw,429,532,0.673079788684845,nose_alar_left,velocity_area,late_minus_early,temporal
4,video_raw,430,1039,0.6681429147720337,chin_center,velocity_y,absolute_std,absolute_motion
4,video_raw,431,707,0.6651030778884888,lip_corners,cx,temporal_slope,temporal
4,video_raw,432,95,0.6589044332504272,brow_left_outer,velocity_y,temporal_slope,temporal
4,video_raw,433,571,0.6561870574951172,nose_alar_right,velocity_x,std,temporal
4,video_raw,434,750,0.6511111855506897,lip_corners,velocity_aspect,mean,temporal
4,video_raw,435,24,0.6511083245277405,brow_left_inner,aspect,mean,temporal
4,video_raw,436,513,0.6463766098022461,nose_alar_left,aspect,quantile_90,temporal
4,video_raw,437,78,0.64299476146698,brow_left_outer,aspect,mean,temporal
4,video_raw,438,957,0.6415451169013977,nose_alar_left,velocity_x,absolute_max,absolute_motion
4,video_raw,439,156,0.639716386795044,brow_right_inner,velocity_aspect,mean,temporal
4,video_raw,440,991,0.6295480728149414,upper_lip,velocity_y,absolute_std,absolute_motion
4,video_raw,441,62,0.6238319277763367,brow_left_outer,cy,quantile_10,temporal
4,video_raw,442,264,0.6211433410644531,eye_left_upper,velocity_aspect,mean,temporal
4,video_raw,443,191,0.6127766966819763,brow_right_outer,aspect,temporal_slope,temporal
4,video_raw,444,471,0.6065428256988525,nose_bridge,velocity_y,quantile_90,temporal
4,video_raw,445,219,0.6011332273483276,eye_left_upper,cx,quantile_90,temporal
4,video_raw,446,214,0.5979296565055847,brow_right_outer,velocity_aspect,late_minus_early,temporal
4,video_raw,447,190,0.5926598310470581,brow_right_outer,aspect,late_minus_early,temporal
4,video_raw,448,465,0.5808584094047546,nose_bridge,velocity_x,quantile_90,temporal
4,video_raw,449,800,0.579887330532074,chin_center,velocity_area,quantile_10,temporal
4,video_raw,450,46,0.5773608684539795,brow_left_inner,velocity_area,late_minus_early,temporal
4,video_raw,451,600,0.5715923309326172,upper_lip,cy,mean,temporal
4,video_raw,452,441,0.5671651363372803,nose_bridge,cy,quantile_90,temporal
4,video_raw,453,1002,0.562775731086731,lower_lip,velocity_x,absolute_mean,absolute_motion
4,video_raw,454,56,0.5602574348449707,brow_left_outer,cx,quantile_10,temporal
4,video_raw,455,752,0.5580014586448669,lip_corners,velocity_aspect,quantile_10,temporal
4,video_raw,456,669,0.5575976371765137,lower_lip,area,quantile_90,temporal
4,video_raw,457,761,0.5511399507522583,chin_center,cx,temporal_slope,temporal
4,video_raw,458,166,0.5509243607521057,brow_right_outer,cx,late_minus_early,temporal
4,video_raw,459,90,0.5487287640571594,brow_left_outer,velocity_y,mean,temporal
4,video_raw,460,915,0.5465987324714661,eye_right_upper,velocity_area,absolute_std,absolute_motion
4,video_raw,461,215,0.5418775081634521,brow_right_outer,velocity_aspect,temporal_slope,temporal
4,video_raw,462,830,0.5417851209640503,brow_left_outer,velocity_y,absolute_mean,absolute_motion
4,video_raw,463,987,0.5378367304801941,upper_lip,velocity_x,absolute_std,absolute_motion
4,video_raw,464,376,0.5254629850387573,eye_right_upper,velocity_aspect,late_minus_early,temporal
4,video_raw,465,1048,0.5227600336074829,chin_center,velocity_aspect,absolute_quantile_90,absolute_motion
4,video_raw,466,1021,0.5215069651603699,lip_corners,velocity_x,absolute_max,absolute_motion
4,video_raw,467,534,0.5197113156318665,nose_alar_left,velocity_aspect,mean,temporal
4,video_raw,468,403,0.5150958895683289,eye_right_lower,aspect,std,temporal
4,video_raw,469,129,0.512586772441864,brow_right_inner,area,quantile_90,temporal
4,video_raw,470,635,0.510312557220459,upper_lip,velocity_y,temporal_slope,temporal
4,video_raw,471,432,0.5097588300704956,nose_bridge,cx,mean,temporal
4,video_raw,472,246,0.5095359086990356,eye_left_upper,velocity_x,mean,temporal
4,video_raw,473,59,0.5035185217857361,brow_left_outer,cx,temporal_slope,temporal
4,video_raw,474,602,0.5021754503250122,upper_lip,cy,quantile_10,temporal
4,video_raw,475,549,0.5006687641143799,nose_alar_right,cy,quantile_90,temporal
4,video_raw,476,855,0.4976085424423218,brow_right_inner,velocity_aspect,absolute_std,absolute_motion
4,video_raw,477,873,0.4968718886375427,brow_right_outer,velocity_aspect,absolute_max,absolute_motion
4,video_raw,478,474,0.49140268564224243,nose_bridge,velocity_area,mean,temporal
4,video_raw,479,285,0.48915019631385803,eye_left_lower,cz,quantile_90,temporal
4,video_raw,480,592,0.4848995804786682,nose_alar_right,velocity_aspect,late_minus_early,temporal
4,video_raw,481,945,0.48477062582969666,nose_bridge,velocity_y,absolute_max,absolute_motion
4,video_raw,482,770,0.4839668571949005,chin_center,cz,quantile_10,temporal
4,video_raw,483,217,0.48340901732444763,eye_left_upper,cx,std,temporal
4,video_raw,484,627,0.48215940594673157,upper_lip,velocity_x,quantile_90,temporal
4,video_raw,485,593,0.48029595613479614,nose_alar_right,velocity_aspect,temporal_slope,temporal
4,video_raw,486,245,0.4779992699623108,eye_left_upper,aspect,temporal_slope,temporal
4,video_raw,487,846,0.47735822200775146,brow_right_inner,velocity_y,absolute_mean,absolute_motion
4,video_raw,488,165,0.47483161091804504,brow_right_outer,cx,quantile_90,temporal
4,video_raw,489,203,0.4715641438961029,brow_right_outer,velocity_y,temporal_slope,temporal
4,video_raw,490,992,0.47069329023361206,upper_lip,velocity_y,absolute_quantile_90,absolute_motion
4,video_raw,491,514,0.4703458547592163,nose_alar_left,aspect,late_minus_early,temporal
4,video_raw,492,1018,0.46789994835853577,lip_corners,velocity_x,absolute_mean,absolute_motion
4,video_raw,493,1042,0.46408554911613464,chin_center,velocity_area,absolute_mean,absolute_motion
4,video_raw,494,587,0.4615328311920166,nose_alar_right,velocity_area,temporal_slope,temporal
4,video_raw,495,221,0.4583531618118286,eye_left_upper,cx,temporal_slope,temporal
4,video_raw,496,558,0.45742806792259216,nose_alar_right,area,mean,temporal
4,video_raw,497,541,0.4540618062019348,nose_alar_right,cx,std,temporal
4,video_raw,498,161,0.4487723112106323,brow_right_inner,velocity_aspect,temporal_slope,temporal
4,video_raw,499,734,0.44755449891090393,lip_corners,velocity_x,quantile_10,temporal
4,video_raw,500,657,0.44714492559432983,lower_lip,cy,quantile_90,temporal
4,video_raw,501,40,0.44644346833229065,brow_left_inner,velocity_y,late_minus_early,temporal
4,video_raw,502,208,0.44596225023269653,brow_right_outer,velocity_area,late_minus_early,temporal
4,video_raw,503,218,0.4436487555503845,eye_left_upper,cx,quantile_10,temporal
4,video_raw,504,697,0.4435845911502838,lower_lip,velocity_aspect,std,temporal
4,video_raw,505,119,0.443423867225647,brow_right_inner,cy,temporal_slope,temporal
4,video_raw,506,374,0.4415099620819092,eye_right_upper,velocity_aspect,quantile_10,temporal
4,video_raw,507,170,0.4388596713542938,brow_right_outer,cy,quantile_10,temporal
4,video_raw,508,917,0.43880391120910645,eye_right_upper,velocity_area,absolute_max,absolute_motion
4,video_raw,509,716,0.43706098198890686,lip_corners,cz,quantile_10,temporal
4,video_raw,510,603,0.4359888434410095,upper_lip,cy,quantile_90,temporal
4,video_raw,511,951,0.4297622740268707,nose_bridge,velocity_aspect,absolute_std,absolute_motion
4,video_raw,512,662,0.4292553663253784,lower_lip,cz,quantile_10,temporal
4,video_raw,513,172,0.4280947744846344,brow_right_outer,cy,late_minus_early,temporal
4,video_raw,514,283,0.42503583431243896,eye_left_lower,cz,std,temporal
4,video_raw,515,633,0.4211343824863434,upper_lip,velocity_y,quantile_90,temporal
4,video_raw,516,1010,0.41671261191368103,lower_lip,velocity_area,absolute_mean,absolute_motion
4,video_raw,517,1045,0.41518649458885193,chin_center,velocity_area,absolute_max,absolute_motion
4,video_raw,518,674,0.41082119941711426,lower_lip,aspect,quantile_10,temporal
4,video_raw,519,899,0.4097180664539337,eye_left_lower,velocity_area,absolute_std,absolute_motion
4,video_raw,520,261,0.40819090604782104,eye_left_upper,velocity_area,quantile_90,temporal
4,video_raw,521,391,0.4057154953479767,eye_right_lower,cz,std,temporal
4,video_raw,522,157,0.4051423966884613,brow_right_inner,velocity_aspect,std,temporal
4,video_raw,523,392,0.4044986963272095,eye_right_lower,cz,quantile_10,temporal
4,video_raw,524,940,0.4032815098762512,nose_bridge,velocity_x,absolute_quantile_90,absolute_motion
4,video_raw,525,1036,0.4002532958984375,chin_center,velocity_x,absolute_quantile_90,absolute_motion
4,video_raw,526,133,0.3953109383583069,brow_right_inner,aspect,std,temporal
4,video_raw,527,540,0.3939914405345917,nose_alar_right,cx,mean,temporal
4,video_raw,528,380,0.3920747637748718,eye_right_lower,cx,quantile_10,temporal
4,video_raw,529,687,0.3916563093662262,lower_lip,velocity_y,quantile_90,temporal
4,video_raw,530,1,0.3907817304134369,brow_left_inner,cx,std,temporal
4,video_raw,531,596,0.3889322578907013,upper_lip,cx,quantile_10,temporal
4,video_raw,532,793,0.3870578110218048,chin_center,velocity_y,std,temporal
4,video_raw,533,295,0.38433992862701416,eye_left_lower,aspect,std,temporal
4,video_raw,534,896,0.3839210569858551,eye_left_lower,velocity_y,absolute_quantile_90,absolute_motion
4,video_raw,535,711,0.38214239478111267,lip_corners,cy,quantile_90,temporal
4,video_raw,536,1041,0.3820659816265106,chin_center,velocity_y,absolute_max,absolute_motion
4,video_raw,537,477,0.3787681460380554,nose_bridge,velocity_area,quantile_90,temporal
4,video_raw,538,938,0.3742959201335907,nose_bridge,velocity_x,absolute_mean,absolute_motion
4,video_raw,539,672,0.3733839988708496,lower_lip,aspect,mean,temporal
4,video_raw,540,431,0.373279869556427,eye_right_lower,velocity_aspect,temporal_slope,temporal
4,video_raw,541,755,0.3718157708644867,lip_corners,velocity_aspect,temporal_slope,temporal
4,video_raw,542,866,0.37138286232948303,brow_right_outer,velocity_area,absolute_mean,absolute_motion
4,video_raw,543,996,0.3709332048892975,upper_lip,velocity_area,absolute_quantile_90,absolute_motion
4,video_raw,544,801,0.3695484399795532,chin_center,velocity_area,quantile_90,temporal
4,video_raw,545,298,0.36907169222831726,eye_left_lower,aspect,late_minus_early,temporal
4,video_raw,546,397,0.36902695894241333,eye_right_lower,area,std,temporal
4,video_raw,547,189,0.36840638518333435,brow_right_outer,aspect,quantile_90,temporal
4,video_raw,548,500,0.36618632078170776,nose_alar_left,cz,quantile_10,temporal
4,video_raw,549,34,0.3645803928375244,brow_left_inner,velocity_x,late_minus_early,temporal
4,video_raw,550,132,0.36431217193603516,brow_right_inner,aspect,mean,temporal
4,video_raw,551,486,0.36332961916923523,nose_alar_left,cx,mean,temporal
4,video_raw,552,619,0.36269912123680115,upper_lip,aspect,std,temporal
4,video_raw,553,785,0.36205679178237915,chin_center,aspect,temporal_slope,temporal
4,video_raw,554,566,0.35756269097328186,nose_alar_right,aspect,quantile_10,temporal
4,video_raw,555,897,0.3559757173061371,eye_left_lower,velocity_y,absolute_max,absolute_motion
4,video_raw,556,654,0.35438272356987,lower_lip,cy,mean,temporal
4,video_raw,557,515,0.35428524017333984,nose_alar_left,aspect,temporal_slope,temporal
4,video_raw,558,546,0.3501006066799164,nose_alar_right,cy,mean,temporal
4,video_raw,559,628,0.3478347659111023,upper_lip,velocity_x,late_minus_early,temporal
4,video_raw,560,708,0.3476712703704834,lip_corners,cy,mean,temporal
4,video_raw,561,680,0.34710943698883057,lower_lip,velocity_x,quantile_10,temporal
4,video_raw,562,815,0.34576931595802307,brow_left_inner,velocity_y,absolute_std,absolute_motion
4,video_raw,563,625,0.3448302149772644,upper_lip,velocity_x,std,temporal
4,video_raw,564,666,0.34449371695518494,lower_lip,area,mean,temporal
4,video_raw,565,926,0.3442116379737854,eye_right_lower,velocity_y,absolute_mean,absolute_motion
4,video_raw,566,781,0.34346988797187805,chin_center,aspect,std,temporal
4,video_raw,567,131,0.3415113389492035,brow_right_inner,area,temporal_slope,temporal
4,video_raw,568,754,0.3379804491996765,lip_corners,velocity_aspect,late_minus_early,temporal
4,video_raw,569,417,0.3372999131679535,eye_right_lower,velocity_y,quantile_90,temporal
4,video_raw,570,1008,0.3342325985431671,lower_lip,velocity_y,absolute_quantile_90,absolute_motion
4,video_raw,571,179,0.3341433107852936,brow_right_outer,cz,temporal_slope,temporal
4,video_raw,572,74,0.3320622742176056,brow_left_outer,area,quantile_10,temporal
4,video_raw,573,55,0.3314782679080963,brow_left_outer,cx,std,temporal
4,video_raw,574,296,0.32815882563591003,eye_left_lower,aspect,quantile_10,temporal
4,video_raw,575,139,0.3280685245990753,brow_right_inner,velocity_x,std,temporal
4,video_raw,576,1024,0.32804206013679504,lip_corners,velocity_y,absolute_quantile_90,absolute_motion
4,video_raw,577,148,0.3272055983543396,brow_right_inner,velocity_y,late_minus_early,temporal
4,video_raw,578,180,0.3252984881401062,brow_right_outer,area,mean,temporal
4,video_raw,579,73,0.323993444442749,brow_left_outer,area,std,temporal
4,video_raw,580,115,0.3227650225162506,brow_right_inner,cy,std,temporal
4,video_raw,581,454,0.32131335139274597,nose_bridge,area,late_minus_early,temporal
4,video_raw,582,481,0.32122695446014404,nose_bridge,velocity_aspect,std,temporal
4,video_raw,583,831,0.32022204995155334,brow_left_outer,velocity_y,absolute_std,absolute_motion
4,video_raw,584,843,0.31959283351898193,brow_right_inner,velocity_x,absolute_std,absolute_motion
4,video_raw,585,323,0.3188778758049011,eye_left_lower,velocity_aspect,temporal_slope,temporal
4,video_raw,586,416,0.31773197650909424,eye_right_lower,velocity_y,quantile_10,temporal
4,video_raw,587,29,0.3175869584083557,brow_left_inner,aspect,temporal_slope,temporal
4,video_raw,588,649,0.31651824712753296,lower_lip,cx,std,temporal
4,video_raw,589,952,0.3151189982891083,nose_bridge,velocity_aspect,absolute_quantile_90,absolute_motion
4,video_raw,590,162,0.31508341431617737,brow_right_outer,cx,mean,temporal
4,video_raw,591,102,0.3141740560531616,brow_left_outer,velocity_aspect,mean,temporal
4,video_raw,592,821,0.31244853138923645,brow_left_inner,velocity_area,absolute_max,absolute_motion
4,video_raw,593,266,0.3121238648891449,eye_left_upper,velocity_aspect,quantile_10,temporal
4,video_raw,594,679,0.31160444021224976,lower_lip,velocity_x,std,temporal
4,video_raw,595,463,0.3093961775302887,nose_bridge,velocity_x,std,temporal
4,video_raw,596,370,0.30924999713897705,eye_right_upper,velocity_area,late_minus_early,temporal
4,video_raw,597,928,0.3085169494152069,eye_right_lower,velocity_y,absolute_quantile_90,absolute_motion
4,video_raw,598,106,0.3073693513870239,brow_left_outer,velocity_aspect,late_minus_early,temporal
4,video_raw,599,994,0.30689218640327454,upper_lip,velocity_area,absolute_mean,absolute_motion
4,video_raw,600,6,0.30277299880981445,brow_left_inner,cy,mean,temporal
4,video_raw,601,877,0.3019544780254364,eye_left_upper,velocity_x,absolute_max,absolute_motion
4,video_raw,602,338,0.3015417158603668,eye_right_upper,cz,quantile_10,temporal
4,video_raw,603,369,0.2978172302246094,eye_right_upper,velocity_area,quantile_90,temporal
4,video_raw,604,543,0.2949874699115753,nose_alar_right,cx,quantile_90,temporal
4,video_raw,605,288,0.2930764853954315,eye_left_lower,area,mean,temporal
4,video_raw,606,829,0.290783554315567,brow_left_outer,velocity_x,absolute_max,absolute_motion
4,video_raw,607,107,0.28974205255508423,brow_left_outer,velocity_aspect,temporal_slope,temporal
4,video_raw,608,130,0.2894861102104187,brow_right_inner,area,late_minus_early,temporal
4,video_raw,609,424,0.2866782248020172,eye_right_lower,velocity_area,late_minus_early,temporal
4,video_raw,610,842,0.2866736054420471,brow_right_inner,velocity_x,absolute_mean,absolute_motion
4,video_raw,611,588,0.2832164466381073,nose_alar_right,velocity_aspect,mean,temporal
4,video_raw,612,936,0.2811810374259949,eye_right_lower,velocity_aspect,absolute_quantile_90,absolute_motion
4,video_raw,613,321,0.2796396315097809,eye_left_lower,velocity_aspect,quantile_90,temporal
4,video_raw,614,608,0.2796286344528198,upper_lip,cz,quantile_10,temporal
4,video_raw,615,168,0.27813032269477844,brow_right_outer,cy,mean,temporal
4,video_raw,616,271,0.278125524520874,eye_left_lower,cx,std,temporal
4,video_raw,617,789,0.27753862738609314,chin_center,velocity_x,quantile_90,temporal
4,video_raw,618,250,0.272283136844635,eye_left_upper,velocity_x,late_minus_early,temporal
4,video_raw,619,833,0.2712458372116089,brow_left_outer,velocity_y,absolute_max,absolute_motion
4,video_raw,620,854,0.27110251784324646,brow_right_inner,velocity_aspect,absolute_mean,absolute_motion
4,video_raw,621,806,0.27060240507125854,chin_center,velocity_aspect,quantile_10,temporal
4,video_raw,622,451,0.27038687467575073,nose_bridge,area,std,temporal
4,video_raw,623,480,0.2698562741279602,nose_bridge,velocity_aspect,mean,temporal
4,video_raw,624,631,0.26983726024627686,upper_lip,velocity_y,std,temporal
4,video_raw,625,188,0.26979684829711914,brow_right_outer,aspect,quantile_10,temporal
4,video_raw,626,140,0.26938313245773315,brow_right_inner,velocity_x,quantile_10,temporal
4,video_raw,627,1004,0.26868584752082825,lower_lip,velocity_x,absolute_quantile_90,absolute_motion
4,video_raw,628,159,0.26861387491226196,brow_right_inner,velocity_aspect,quantile_90,temporal
4,video_raw,629,435,0.26803091168403625,nose_bridge,cx,quantile_90,temporal
4,video_raw,630,675,0.2679617404937744,lower_lip,aspect,quantile_90,temporal
4,video_raw,631,343,0.2648065686225891,eye_right_upper,area,std,temporal
4,video_raw,632,582,0.2642109990119934,nose_alar_right,velocity_area,mean,temporal
4,video_raw,633,27,0.26370611786842346,brow_left_inner,aspect,quantile_90,temporal
4,video_raw,634,939,0.2636077404022217,nose_bridge,velocity_x,absolute_std,absolute_motion
4,video_raw,635,668,0.2622998058795929,lower_lip,area,quantile_10,temporal
4,video_raw,636,550,0.2586735486984253,nose_alar_right,cy,late_minus_early,temporal
4,video_raw,637,757,0.256920725107193,chin_center,cx,std,temporal
4,video_raw,638,322,0.2560173571109772,eye_left_lower,velocity_aspect,late_minus_early,temporal
4,video_raw,639,999,0.2523905336856842,upper_lip,velocity_aspect,absolute_std,absolute_motion
4,video_raw,640,949,0.24920761585235596,nose_bridge,velocity_area,absolute_max,absolute_motion
4,video_raw,641,174,0.24871453642845154,brow_right_outer,cz,mean,temporal
4,video_raw,642,1001,0.243966206908226,upper_lip,velocity_aspect,absolute_max,absolute_motion
4,video_raw,643,902,0.24394431710243225,eye_left_lower,velocity_aspect,absolute_mean,absolute_motion
4,video_raw,644,832,0.2436625361442566,brow_left_outer,velocity_y,absolute_quantile_90,absolute_motion
4,video_raw,645,415,0.24253486096858978,eye_right_lower,velocity_y,std,temporal
4,video_raw,646,508,0.24133847653865814,nose_alar_left,area,late_minus_early,temporal
4,video_raw,647,844,0.23991143703460693,brow_right_inner,velocity_x,absolute_quantile_90,absolute_motion
4,video_raw,648,701,0.2384035438299179,lower_lip,velocity_aspect,temporal_slope,temporal
4,video_raw,649,429,0.23718123137950897,eye_right_lower,velocity_aspect,quantile_90,temporal
4,video_raw,650,799,0.23660226166248322,chin_center,velocity_area,std,temporal
4,video_raw,651,385,0.23617132008075714,eye_right_lower,cy,std,temporal
4,video_raw,652,551,0.23490922152996063,nose_alar_right,cy,temporal_slope,temporal
4,video_raw,653,231,0.23474538326263428,eye_left_upper,cz,quantile_90,temporal
4,video_raw,654,41,0.23380227386951447,brow_left_inner,velocity_y,temporal_slope,temporal
4,video_raw,655,289,0.232404887676239,eye_left_lower,area,std,temporal
4,video_raw,656,881,0.23043088614940643,eye_left_upper,velocity_y,absolute_max,absolute_motion
4,video_raw,657,920,0.2281949520111084,eye_right_upper,velocity_aspect,absolute_quantile_90,absolute_motion
4,video_raw,658,950,0.2280830591917038,nose_bridge,velocity_aspect,absolute_mean,absolute_motion
4,video_raw,659,187,0.22725234925746918,brow_right_outer,aspect,std,temporal
4,video_raw,660,700,0.22659821808338165,lower_lip,velocity_aspect,late_minus_early,temporal
4,video_raw,661,971,0.2265675961971283,nose_alar_right,velocity_x,absolute_std,absolute_motion
4,video_raw,662,504,0.22424806654453278,nose_alar_left,area,mean,temporal
4,video_raw,663,186,0.22419749200344086,brow_right_outer,aspect,mean,temporal
4,video_raw,664,935,0.22404621541500092,eye_right_lower,velocity_aspect,absolute_std,absolute_motion
4,video_raw,665,565,0.2234717160463333,nose_alar_right,aspect,std,temporal
4,video_raw,666,290,0.22282996773719788,eye_left_lower,area,quantile_10,temporal
4,video_raw,667,28,0.2221008837223053,brow_left_inner,aspect,late_minus_early,temporal
4,video_raw,668,521,0.22194260358810425,nose_alar_left,velocity_x,temporal_slope,temporal
4,video_raw,669,299,0.22167262434959412,eye_left_lower,aspect,temporal_slope,temporal
4,video_raw,670,260,0.22158022224903107,eye_left_upper,velocity_area,quantile_10,temporal
4,video_raw,671,111,0.21895673871040344,brow_right_inner,cx,quantile_90,temporal
4,video_raw,672,613,0.21881036460399628,upper_lip,area,std,temporal
4,video_raw,673,94,0.21798940002918243,brow_left_outer,velocity_y,late_minus_early,temporal
4,video_raw,674,948,0.21745063364505768,nose_bridge,velocity_area,absolute_quantile_90,absolute_motion
4,video_raw,675,93,0.21719539165496826,brow_left_outer,velocity_y,quantile_90,temporal
4,video_raw,676,277,0.21652153134346008,eye_left_lower,cy,std,temporal
4,video_raw,677,788,0.2149369716644287,chin_center,velocity_x,quantile_10,temporal
4,video_raw,678,919,0.21448750793933868,eye_right_upper,velocity_aspect,absolute_std,absolute_motion
4,video_raw,679,464,0.21137726306915283,nose_bridge,velocity_x,quantile_10,temporal
4,video_raw,680,1044,0.20722953975200653,chin_center,velocity_area,absolute_quantile_90,absolute_motion
4,video_raw,681,197,0.20714940130710602,brow_right_outer,velocity_x,temporal_slope,temporal
4,video_raw,682,21,0.20380568504333496,brow_left_inner,area,quantile_90,temporal
4,video_raw,683,784,0.20311854779720306,chin_center,aspect,late_minus_early,temporal
4,video_raw,684,489,0.19977059960365295,nose_alar_left,cx,quantile_90,temporal
4,video_raw,685,1046,0.19925004243850708,chin_center,velocity_aspect,absolute_mean,absolute_motion
4,video_raw,686,580,0.19895486533641815,nose_alar_right,velocity_y,late_minus_early,temporal
4,video_raw,687,163,0.19709597527980804,brow_right_outer,cx,std,temporal
4,video_raw,688,648,0.19648824632167816,lower_lip,cx,mean,temporal
4,video_raw,689,568,0.1959126591682434,nose_alar_right,aspect,late_minus_early,temporal
4,video_raw,690,453,0.1955694854259491,nose_bridge,area,quantile_90,temporal
4,video_raw,691,684,0.1947888880968094,lower_lip,velocity_y,mean,temporal
4,video_raw,692,937,0.19289323687553406,eye_right_lower,velocity_aspect,absolute_max,absolute_motion
4,video_raw,693,533,0.19072704017162323,nose_alar_left,velocity_area,temporal_slope,temporal
4,video_raw,694,220,0.19070342183113098,eye_left_upper,cx,late_minus_early,temporal
4,video_raw,695,986,0.19010542333126068,upper_lip,velocity_x,absolute_mean,absolute_motion
4,video_raw,696,212,0.18947111070156097,brow_right_outer,velocity_aspect,quantile_10,temporal
4,video_raw,697,683,0.18741898238658905,lower_lip,velocity_x,temporal_slope,temporal
4,video_raw,698,152,0.18620337545871735,brow_right_inner,velocity_area,quantile_10,temporal
4,video_raw,699,291,0.18371087312698364,eye_left_lower,area,quantile_90,temporal
4,video_raw,700,913,0.18330469727516174,eye_right_upper,velocity_y,absolute_max,absolute_motion
4,video_raw,701,490,0.18234112858772278,nose_alar_left,cx,late_minus_early,temporal
4,video_raw,702,681,0.17977792024612427,lower_lip,velocity_x,quantile_90,temporal
4,video_raw,703,8,0.179000586271286,brow_left_inner,cy,quantile_10,temporal
4,video_raw,704,177,0.178798645734787,brow_right_outer,cz,quantile_90,temporal
4,video_raw,705,738,0.17416761815547943,lip_corners,velocity_y,mean,temporal
4,video_raw,706,67,0.17357076704502106,brow_left_outer,cz,std,temporal
4,video_raw,707,100,0.17342662811279297,brow_left_outer,velocity_area,late_minus_early,temporal
4,video_raw,708,933,0.1724722683429718,eye_right_lower,velocity_area,absolute_max,absolute_motion
4,video_raw,709,837,0.1688544750213623,brow_left_outer,velocity_area,absolute_max,absolute_motion
4,video_raw,710,352,0.16685542464256287,eye_right_upper,aspect,late_minus_early,temporal
4,video_raw,711,704,0.16610731184482574,lip_corners,cx,quantile_10,temporal
4,video_raw,712,560,0.16585883498191833,nose_alar_right,area,quantile_10,temporal
4,video_raw,713,470,0.16513438522815704,nose_bridge,velocity_y,quantile_10,temporal
4,video_raw,714,941,0.16372056305408478,nose_bridge,velocity_x,absolute_max,absolute_motion
4,video_raw,715,232,0.1626001000404358,eye_left_upper,cz,late_minus_early,temporal
4,video_raw,716,576,0.16002874076366425,nose_alar_right,velocity_y,mean,temporal
4,video_raw,717,313,0.15882755815982819,eye_left_lower,velocity_area,std,temporal
4,video_raw,718,676,0.15686149895191193,lower_lip,aspect,late_minus_early,temporal
4,video_raw,719,42,0.15489350259304047,brow_left_inner,velocity_area,mean,temporal
4,video_raw,720,597,0.15344533324241638,upper_lip,cx,quantile_90,temporal
4,video_raw,721,894,0.15335264801979065,eye_left_lower,velocity_y,absolute_mean,absolute_motion
4,video_raw,722,705,0.14965376257896423,lip_corners,cx,quantile_90,temporal
4,video_raw,723,146,0.14883631467819214,brow_right_inner,velocity_y,quantile_10,temporal
4,video_raw,724,852,0.14863097667694092,brow_right_inner,velocity_area,absolute_quantile_90,absolute_motion
4,video_raw,725,848,0.14838699996471405,brow_right_inner,velocity_y,absolute_quantile_90,absolute_motion
4,video_raw,726,1034,0.14822733402252197,chin_center,velocity_x,absolute_mean,absolute_motion
4,video_raw,727,7,0.1481495350599289,brow_left_inner,cy,std,temporal
4,video_raw,728,643,0.14801761507987976,upper_lip,velocity_aspect,std,temporal
4,video_raw,729,804,0.14645570516586304,chin_center,velocity_aspect,mean,temporal
4,video_raw,730,262,0.14516006410121918,eye_left_upper,velocity_area,late_minus_early,temporal
4,video_raw,731,878,0.14478157460689545,eye_left_upper,velocity_y,absolute_mean,absolute_motion
4,video_raw,732,373,0.14459526538848877,eye_right_upper,velocity_aspect,std,temporal
4,video_raw,733,775,0.14353682100772858,chin_center,area,std,temporal
4,video_raw,734,900,0.14262928068637848,eye_left_lower,velocity_area,absolute_quantile_90,absolute_motion
4,video_raw,735,733,0.14250564575195312,lip_corners,velocity_x,std,temporal
4,video_raw,736,778,0.14097514748573303,chin_center,area,late_minus_early,temporal
4,video_raw,737,601,0.14067338407039642,upper_lip,cy,std,temporal
4,video_raw,738,1003,0.1396545022726059,lower_lip,velocity_x,absolute_std,absolute_motion
4,video_raw,739,324,0.13824038207530975,eye_right_upper,cx,mean,temporal
4,video_raw,740,367,0.13659420609474182,eye_right_upper,velocity_area,std,temporal
4,video_raw,741,510,0.13377301394939423,nose_alar_left,aspect,mean,temporal
4,video_raw,742,319,0.13355132937431335,eye_left_lower,velocity_aspect,std,temporal
4,video_raw,743,427,0.13252344727516174,eye_right_lower,velocity_aspect,std,temporal
4,video_raw,744,677,0.13090920448303223,lower_lip,aspect,temporal_slope,temporal
4,video_raw,745,53,0.12989473342895508,brow_left_inner,velocity_aspect,temporal_slope,temporal
4,video_raw,746,270,0.1298617422580719,eye_left_lower,cx,mean,temporal
4,video_raw,747,273,0.1288524717092514,eye_left_lower,cx,quantile_90,temporal
4,video_raw,748,173,0.1274408996105194,brow_right_outer,cy,temporal_slope,temporal
4,video_raw,749,77,0.12727075815200806,brow_left_outer,area,temporal_slope,temporal
4,video_raw,750,863,0.1269606351852417,brow_right_outer,velocity_y,absolute_std,absolute_motion
4,video_raw,751,942,0.12567460536956787,nose_bridge,velocity_y,absolute_mean,absolute_motion
4,video_raw,752,650,0.12552154064178467,lower_lip,cx,quantile_10,temporal
4,video_raw,753,1035,0.1235155239701271,chin_center,velocity_x,absolute_std,absolute_motion
4,video_raw,754,853,0.1225062683224678,brow_right_inner,velocity_area,absolute_max,absolute_motion
4,video_raw,755,275,0.12237297743558884,eye_left_lower,cx,temporal_slope,temporal
4,video_raw,756,803,0.12167402356863022,chin_center,velocity_area,temporal_slope,temporal
4,video_raw,757,476,0.12162074446678162,nose_bridge,velocity_area,quantile_10,temporal
4,video_raw,758,178,0.12088987231254578,brow_right_outer,cz,late_minus_early,temporal
4,video_raw,759,779,0.11922182887792587,chin_center,area,temporal_slope,temporal
4,video_raw,760,575,0.11794296652078629,nose_alar_right,velocity_x,temporal_slope,temporal
4,video_raw,761,444,0.116332046687603,nose_bridge,cz,mean,temporal
4,video_raw,762,544,0.11572545021772385,nose_alar_right,cx,late_minus_early,temporal
4,video_raw,763,569,0.11410262435674667,nose_alar_right,aspect,temporal_slope,temporal
4,video_raw,764,645,0.11348395049571991,upper_lip,velocity_aspect,quantile_90,temporal
4,video_raw,765,278,0.11300606280565262,eye_left_lower,cy,quantile_10,temporal
4,video_raw,766,921,0.11292710900306702,eye_right_upper,velocity_aspect,absolute_max,absolute_motion
4,video_raw,767,889,0.11270304024219513,eye_left_upper,velocity_aspect,absolute_max,absolute_motion
4,video_raw,768,331,0.11158990114927292,eye_right_upper,cy,std,temporal
4,video_raw,769,736,0.10966329276561737,lip_corners,velocity_x,late_minus_early,temporal
4,video_raw,770,802,0.10947895050048828,chin_center,velocity_area,late_minus_early,temporal
4,video_raw,771,927,0.10776480287313461,eye_right_lower,velocity_y,absolute_std,absolute_motion
4,video_raw,772,223,0.10633660107851028,eye_left_upper,cy,std,temporal
4,video_raw,773,909,0.10502384603023529,eye_right_upper,velocity_x,absolute_max,absolute_motion
4,video_raw,774,483,0.10407520830631256,nose_bridge,velocity_aspect,quantile_90,temporal
4,video_raw,775,372,0.10370057076215744,eye_right_upper,velocity_aspect,mean,temporal
4,video_raw,776,742,0.10342895984649658,lip_corners,velocity_y,late_minus_early,temporal
4,video_raw,777,340,0.1027083471417427,eye_right_upper,cz,late_minus_early,temporal
4,video_raw,778,96,0.10116542130708694,brow_left_outer,velocity_area,mean,temporal
4,video_raw,779,552,0.10045825690031052,nose_alar_right,cz,mean,temporal
4,video_raw,780,134,0.09995032101869583,brow_right_inner,aspect,quantile_10,temporal
4,video_raw,781,307,0.09552764892578125,eye_left_lower,velocity_y,std,temporal
4,video_raw,782,689,0.09509282559156418,lower_lip,velocity_y,temporal_slope,temporal
4,video_raw,783,109,0.09484852850437164,brow_right_inner,cx,std,temporal
4,video_raw,784,418,0.09449352324008942,eye_right_lower,velocity_y,late_minus_early,temporal
4,video_raw,785,183,0.09398630261421204,brow_right_outer,area,quantile_90,temporal
4,video_raw,786,880,0.0936029925942421,eye_left_upper,velocity_y,absolute_quantile_90,absolute_motion
4,video_raw,787,925,0.09343288838863373,eye_right_lower,velocity_x,absolute_max,absolute_motion
4,video_raw,788,595,0.09321987628936768,upper_lip,cx,std,temporal
4,video_raw,789,653,0.09273651242256165,lower_lip,cx,temporal_slope,temporal
4,video_raw,790,1040,0.092671699821949,chin_center,velocity_y,absolute_quantile_90,absolute_motion
4,video_raw,791,807,0.0910739079117775,chin_center,velocity_aspect,quantile_90,temporal
4,video_raw,792,918,0.09011509269475937,eye_right_upper,velocity_aspect,absolute_mean,absolute_motion
4,video_raw,793,973,0.08989597111940384,nose_alar_right,velocity_x,absolute_max,absolute_motion
4,video_raw,794,484,0.08941925317049026,nose_bridge,velocity_aspect,late_minus_early,temporal
4,video_raw,795,946,0.08920205384492874,nose_bridge,velocity_area,absolute_mean,absolute_motion
4,video_raw,796,777,0.08784163743257523,chin_center,area,quantile_90,temporal
4,video_raw,797,629,0.08697608858346939,upper_lip,velocity_x,temporal_slope,temporal
4,video_raw,798,257,0.08601541817188263,eye_left_upper,velocity_y,temporal_slope,temporal
4,video_raw,799,604,0.0859585776925087,upper_lip,cy,late_minus_early,temporal
4,video_raw,800,594,0.08543941378593445,upper_lip,cx,mean,temporal
4,video_raw,801,790,0.08499465882778168,chin_center,velocity_x,late_minus_early,temporal
4,video_raw,802,651,0.08429543673992157,lower_lip,cx,quantile_90,temporal
4,video_raw,803,308,0.08377163857221603,eye_left_lower,velocity_y,quantile_10,temporal
4,video_raw,804,564,0.08357719331979752,nose_alar_right,aspect,mean,temporal
4,video_raw,805,279,0.08221787214279175,eye_left_lower,cy,quantile_90,temporal
4,video_raw,806,366,0.0810084268450737,eye_right_upper,velocity_area,mean,temporal
4,video_raw,807,320,0.08089187741279602,eye_left_lower,velocity_aspect,quantile_10,temporal
4,video_raw,808,467,0.08088504523038864,nose_bridge,velocity_x,temporal_slope,temporal
4,video_raw,809,333,0.08044672012329102,eye_right_upper,cy,quantile_90,temporal
4,video_raw,810,884,0.0778915286064148,eye_left_upper,velocity_area,absolute_quantile_90,absolute_motion
4,video_raw,811,858,0.07690514624118805,brow_right_outer,velocity_x,absolute_mean,absolute_motion
4,video_raw,812,482,0.07624810189008713,nose_bridge,velocity_aspect,quantile_10,temporal
4,video_raw,813,614,0.0759945884346962,upper_lip,area,quantile_10,temporal
4,video_raw,814,101,0.07483678311109543,brow_left_outer,velocity_area,temporal_slope,temporal
4,video_raw,815,509,0.07477264106273651,nose_alar_left,area,temporal_slope,temporal
4,video_raw,816,562,0.07366733253002167,nose_alar_right,area,late_minus_early,temporal
4,video_raw,817,120,0.07352307438850403,brow_right_inner,cz,mean,temporal
4,video_raw,818,272,0.07328785210847855,eye_left_lower,cx,quantile_10,temporal
4,video_raw,819,401,0.07288781553506851,eye_right_lower,area,temporal_slope,temporal
4,video_raw,820,72,0.07248026877641678,brow_left_outer,area,mean,temporal
4,video_raw,821,1005,0.07222553342580795,lower_lip,velocity_x,absolute_max,absolute_motion
4,video_raw,822,567,0.07132509350776672,nose_alar_right,aspect,quantile_90,temporal
4,video_raw,823,304,0.06946320086717606,eye_left_lower,velocity_x,late_minus_early,temporal
4,video_raw,824,861,0.06866566091775894,brow_right_outer,velocity_x,absolute_max,absolute_motion
4,video_raw,825,150,0.06748489290475845,brow_right_inner,velocity_area,mean,temporal
4,video_raw,826,447,0.06659823656082153,nose_bridge,cz,quantile_90,temporal
4,video_raw,827,794,0.06553910672664642,chin_center,velocity_y,quantile_10,temporal
4,video_raw,828,155,0.0644194558262825,brow_right_inner,velocity_area,temporal_slope,temporal
4,video_raw,829,740,0.064130038022995,lip_corners,velocity_y,quantile_10,temporal
4,video_raw,830,507,0.06350494176149368,nose_alar_left,area,quantile_90,temporal
4,video_raw,831,141,0.06276343017816544,brow_right_inner,velocity_x,quantile_90,temporal
4,video_raw,832,850,0.062385443598032,brow_right_inner,velocity_area,absolute_mean,absolute_motion
4,video_raw,833,916,0.06188667565584183,eye_right_upper,velocity_area,absolute_quantile_90,absolute_motion
4,video_raw,834,615,0.06174120306968689,upper_lip,area,quantile_90,temporal
4,video_raw,835,420,0.05961424484848976,eye_right_lower,velocity_area,mean,temporal
4,video_raw,836,872,0.059402890503406525,brow_right_outer,velocity_aspect,absolute_quantile_90,absolute_motion
4,video_raw,837,895,0.058288976550102234,eye_left_lower,velocity_y,absolute_std,absolute_motion
4,video_raw,838,153,0.05797610804438591,brow_right_inner,velocity_area,quantile_90,temporal
4,video_raw,839,332,0.057886626571416855,eye_right_upper,cy,quantile_10,temporal
4,video_raw,840,353,0.057802628725767136,eye_right_upper,aspect,temporal_slope,temporal
4,video_raw,841,386,0.0561644583940506,eye_right_lower,cy,quantile_10,temporal
4,video_raw,842,1011,0.05549592524766922,lower_lip,velocity_area,absolute_std,absolute_motion
4,video_raw,843,176,0.053177911788225174,brow_right_outer,cz,quantile_10,temporal
4,video_raw,844,436,0.05228356644511223,nose_bridge,cx,late_minus_early,temporal
4,video_raw,845,759,0.05186149477958679,chin_center,cx,quantile_90,temporal
4,video_raw,846,371,0.05184173583984375,eye_right_upper,velocity_area,temporal_slope,temporal
4,video_raw,847,310,0.051286425441503525,eye_left_lower,velocity_y,late_minus_early,temporal
4,video_raw,848,400,0.05074796825647354,eye_right_lower,area,late_minus_early,temporal
4,video_raw,849,758,0.05015658214688301,chin_center,cx,quantile_10,temporal
4,video_raw,850,1014,0.04836205393075943,lower_lip,velocity_aspect,absolute_mean,absolute_motion
4,video_raw,851,776,0.04780988395214081,chin_center,area,quantile_10,temporal
4,video_raw,852,743,0.0473521389067173,lip_corners,velocity_y,temporal_slope,temporal
4,video_raw,853,710,0.046790409833192825,lip_corners,cy,quantile_10,temporal
4,video_raw,854,225,0.04623040929436684,eye_left_upper,cy,quantile_90,temporal
4,video_raw,855,1000,0.045839179307222366,upper_lip,velocity_aspect,absolute_quantile_90,absolute_motion
4,video_raw,856,209,0.04546331241726875,brow_right_outer,velocity_area,temporal_slope,temporal
4,video_raw,857,406,0.045236486941576004,eye_right_lower,aspect,late_minus_early,temporal
4,video_raw,858,326,0.04505188390612602,eye_right_upper,cx,quantile_10,temporal
4,video_raw,859,206,0.04495657607913017,brow_right_outer,velocity_area,quantile_10,temporal
4,video_raw,860,912,0.04489497095346451,eye_right_upper,velocity_y,absolute_quantile_90,absolute_motion
4,video_raw,861,491,0.043373752385377884,nose_alar_left,cx,temporal_slope,temporal
4,video_raw,862,693,0.04285107180476189,lower_lip,velocity_area,quantile_90,temporal
4,video_raw,863,905,0.04269012436270714,eye_left_lower,velocity_aspect,absolute_max,absolute_motion
4,video_raw,864,387,0.042562734335660934,eye_right_lower,cy,quantile_90,temporal
4,video_raw,865,702,0.04169679805636406,lip_corners,cx,mean,temporal
4,video_raw,866,910,0.04113444313406944,eye_right_upper,velocity_y,absolute_mean,absolute_motion
4,video_raw,867,904,0.040579646825790405,eye_left_lower,velocity_aspect,absolute_quantile_90,absolute_motion
4,video_raw,868,626,0.04032319784164429,upper_lip,velocity_x,quantile_10,temporal
4,video_raw,869,83,0.04007686302065849,brow_left_outer,aspect,temporal_slope,temporal
4,video_raw,870,1043,0.039937857538461685,chin_center,velocity_area,absolute_std,absolute_motion
4,video_raw,871,256,0.03980397433042526,eye_left_upper,velocity_y,late_minus_early,temporal
4,video_raw,872,82,0.03948505222797394,brow_left_outer,aspect,late_minus_early,temporal
4,video_raw,873,394,0.039337996393442154,eye_right_lower,cz,late_minus_early,temporal
4,video_raw,874,713,0.038889329880476,lip_corners,cy,temporal_slope,temporal
4,video_raw,875,977,0.03882075846195221,nose_alar_right,velocity_y,absolute_max,absolute_motion
4,video_raw,876,929,0.03844158351421356,eye_right_lower,velocity_y,absolute_max,absolute_motion
4,video_raw,877,164,0.038221634924411774,brow_right_outer,cx,quantile_10,temporal
4,video_raw,878,605,0.03777972236275673,upper_lip,cy,temporal_slope,temporal
4,video_raw,879,555,0.03703940659761429,nose_alar_right,cz,quantile_90,temporal
4,video_raw,880,171,0.03656191751360893,brow_right_outer,cy,quantile_90,temporal
4,video_raw,881,368,0.036334749311208725,eye_right_upper,velocity_area,quantile_10,temporal
4,video_raw,882,13,0.03613127022981644,brow_left_inner,cz,std,temporal
4,video_raw,883,377,0.03590595722198486,eye_right_upper,velocity_aspect,temporal_slope,temporal
4,video_raw,884,703,0.03555358201265335,lip_corners,cx,std,temporal
4,video_raw,885,361,0.035299357026815414,eye_right_upper,velocity_y,std,temporal
4,video_raw,886,652,0.035112250596284866,lower_lip,cx,late_minus_early,temporal
4,video_raw,887,475,0.03493676707148552,nose_bridge,velocity_area,std,temporal
4,video_raw,888,47,0.034506767988204956,brow_left_inner,velocity_area,temporal_slope,temporal
4,video_raw,889,764,0.03407298028469086,chin_center,cy,quantile_10,temporal
4,video_raw,890,699,0.03403719514608383,lower_lip,velocity_aspect,quantile_90,temporal
4,video_raw,891,911,0.03382941707968712,eye_right_upper,velocity_y,absolute_std,absolute_motion
4,video_raw,892,269,0.033613260835409164,eye_left_upper,velocity_aspect,temporal_slope,temporal
4,video_raw,893,258,0.03354344144463539,eye_left_upper,velocity_area,mean,temporal
4,video_raw,894,865,0.03249877318739891,brow_right_outer,velocity_y,absolute_max,absolute_motion
4,video_raw,895,89,0.032348837703466415,brow_left_outer,velocity_x,temporal_slope,temporal
4,video_raw,896,656,0.032228607684373856,lower_lip,cy,quantile_10,temporal
4,video_raw,897,682,0.03188488259911537,lower_lip,velocity_x,late_minus_early,temporal
4,video_raw,898,691,0.031119665130972862,lower_lip,velocity_area,std,temporal
4,video_raw,899,253,0.030982013791799545,eye_left_upper,velocity_y,std,temporal
4,video_raw,900,1038,0.030610766261816025,chin_center,velocity_y,absolute_mean,absolute_motion
4,video_raw,901,485,0.029801638796925545,nose_bridge,velocity_aspect,temporal_slope,temporal
4,video_raw,902,903,0.029797418043017387,eye_left_lower,velocity_aspect,absolute_std,absolute_motion
4,video_raw,903,211,0.029292521998286247,brow_right_outer,velocity_aspect,std,temporal
4,video_raw,904,263,0.02928214520215988,eye_left_upper,velocity_area,temporal_slope,temporal
4,video_raw,905,210,0.028434954583644867,brow_right_outer,velocity_aspect,mean,temporal
4,video_raw,906,207,0.027981262654066086,brow_right_outer,velocity_area,quantile_90,temporal
4,video_raw,907,274,0.027653375640511513,eye_left_lower,cx,late_minus_early,temporal
4,video_raw,908,300,0.027485791593790054,eye_left_lower,velocity_x,mean,temporal
4,video_raw,909,659,0.027197785675525665,lower_lip,cy,temporal_slope,temporal
4,video_raw,910,898,0.02716543897986412,eye_left_lower,velocity_area,absolute_mean,absolute_motion
4,video_raw,911,539,0.027083463966846466,nose_alar_left,velocity_aspect,temporal_slope,temporal
4,video_raw,912,998,0.02698490582406521,upper_lip,velocity_aspect,absolute_mean,absolute_motion
4,video_raw,913,688,0.02682582475244999,lower_lip,velocity_y,late_minus_early,temporal
4,video_raw,914,634,0.026794511824846268,upper_lip,velocity_y,late_minus_early,temporal
4,video_raw,915,213,0.02657117322087288,brow_right_outer,velocity_aspect,quantile_90,temporal
4,video_raw,916,883,0.026352234184741974,eye_left_upper,velocity_area,absolute_std,absolute_motion
4,video_raw,917,870,0.02532009594142437,brow_right_outer,velocity_aspect,absolute_mean,absolute_motion
4,video_raw,918,639,0.025307880714535713,upper_lip,velocity_area,quantile_90,temporal
4,video_raw,919,538,0.025013424456119537,nose_alar_left,velocity_aspect,late_minus_early,temporal
4,video_raw,920,241,0.024740509688854218,eye_left_upper,aspect,std,temporal
4,video_raw,921,856,0.024500517174601555,brow_right_inner,velocity_aspect,absolute_quantile_90,absolute_motion
4,video_raw,922,268,0.023879896849393845,eye_left_upper,velocity_aspect,late_minus_early,temporal
4,video_raw,923,1016,0.023879019543528557,lower_lip,velocity_aspect,absolute_quantile_90,absolute_motion
4,video_raw,924,630,0.023763306438922882,upper_lip,velocity_y,mean,temporal
4,video_raw,925,860,0.02357187680900097,brow_right_outer,velocity_x,absolute_quantile_90,absolute_motion
4,video_raw,926,110,0.023392299190163612,brow_right_inner,cx,quantile_10,temporal
4,video_raw,927,934,0.023068949580192566,eye_right_lower,velocity_aspect,absolute_mean,absolute_motion
4,video_raw,928,407,0.02256043441593647,eye_right_lower,aspect,temporal_slope,temporal
4,video_raw,929,871,0.02224572002887726,brow_right_outer,velocity_aspect,absolute_std,absolute_motion
4,video_raw,930,23,0.02219879999756813,brow_left_inner,area,temporal_slope,temporal
4,video_raw,931,224,0.021815085783600807,eye_left_upper,cy,quantile_10,temporal
4,video_raw,932,768,0.021792614832520485,chin_center,cz,mean,temporal
4,video_raw,933,774,0.021090367808938026,chin_center,area,mean,temporal
4,video_raw,934,346,0.021066786721348763,eye_right_upper,area,late_minus_early,temporal
4,video_raw,935,254,0.0207570418715477,eye_left_upper,velocity_y,quantile_10,temporal
4,video_raw,936,862,0.0192748811095953,brow_right_outer,velocity_y,absolute_mean,absolute_motion
4,video_raw,937,123,0.01909669302403927,brow_right_inner,cz,quantile_90,temporal
4,video_raw,938,851,0.01907646842300892,brow_right_inner,velocity_area,absolute_std,absolute_motion
4,video_raw,939,988,0.01902366615831852,upper_lip,velocity_x,absolute_quantile_90,absolute_motion
4,video_raw,940,149,0.017997749149799347,brow_right_inner,velocity_y,temporal_slope,temporal
4,video_raw,941,158,0.01735297031700611,brow_right_inner,velocity_aspect,quantile_10,temporal
4,video_raw,942,771,0.016987565904855728,chin_center,cz,quantile_90,temporal
4,video_raw,943,944,0.016936128959059715,nose_bridge,velocity_y,absolute_quantile_90,absolute_motion
4,video_raw,944,276,0.01649578846991062,eye_left_lower,cy,mean,temporal
4,video_raw,945,469,0.01643219217658043,nose_bridge,velocity_y,std,temporal
4,video_raw,946,673,0.01590934582054615,lower_lip,aspect,std,temporal
4,video_raw,947,1022,0.01570509746670723,lip_corners,velocity_y,absolute_mean,absolute_motion
4,video_raw,948,364,0.01569143682718277,eye_right_upper,velocity_y,late_minus_early,temporal
4,video_raw,949,709,0.015591036528348923,lip_corners,cy,std,temporal
4,video_raw,950,1006,0.014501129277050495,lower_lip,velocity_y,absolute_mean,absolute_motion
4,video_raw,951,365,0.014334561303257942,eye_right_upper,velocity_y,temporal_slope,temporal
4,video_raw,952,632,0.013187979348003864,upper_lip,velocity_y,quantile_10,temporal
4,video_raw,953,554,0.013160479255020618,nose_alar_right,cz,quantile_10,temporal
4,video_raw,954,612,0.013061237521469593,upper_lip,area,mean,temporal
4,video_raw,955,419,0.012502494268119335,eye_right_lower,velocity_y,temporal_slope,temporal
4,video_raw,956,193,0.011996581219136715,brow_right_outer,velocity_x,std,temporal
4,video_raw,957,501,0.011394809931516647,nose_alar_left,cz,quantile_90,temporal
4,video_raw,958,737,0.011292477138340473,lip_corners,velocity_x,temporal_slope,temporal
4,video_raw,959,286,0.011141243390738964,eye_left_lower,cz,late_minus_early,temporal
4,video_raw,960,712,0.010759578086435795,lip_corners,cy,late_minus_early,temporal
4,video_raw,961,563,0.010404279455542564,nose_alar_right,area,temporal_slope,temporal
4,video_raw,962,378,0.010350707918405533,eye_right_lower,cx,mean,temporal
4,video_raw,963,545,0.009773344732820988,nose_alar_right,cx,temporal_slope,temporal
4,video_raw,964,845,0.009636628441512585,brow_right_inner,velocity_x,absolute_max,absolute_motion
4,video_raw,965,196,0.009627453982830048,brow_right_outer,velocity_x,late_minus_early,temporal
4,video_raw,966,547,0.009055855683982372,nose_alar_right,cy,std,temporal
4,video_raw,967,314,0.008929396979510784,eye_left_lower,velocity_area,quantile_10,temporal
4,video_raw,968,943,0.008729924447834492,nose_bridge,velocity_y,absolute_std,absolute_motion
4,video_raw,969,199,0.008037827908992767,brow_right_outer,velocity_y,std,temporal
4,video_raw,970,349,0.007764026988297701,eye_right_upper,aspect,std,temporal
4,video_raw,971,81,0.00772842625156045,brow_left_outer,aspect,quantile_90,temporal
4,video_raw,972,446,0.0076832240447402,nose_bridge,cz,quantile_10,temporal
4,video_raw,973,22,0.0076796687208116055,brow_left_inner,area,late_minus_early,temporal
4,video_raw,974,717,0.007501607295125723,lip_corners,cz,quantile_90,temporal
4,video_raw,975,233,0.007367906626313925,eye_left_upper,cz,temporal_slope,temporal
4,video_raw,976,239,0.0073277768678963184,eye_left_upper,area,temporal_slope,temporal
4,video_raw,977,330,0.007276842370629311,eye_right_upper,cy,mean,temporal
4,video_raw,978,315,0.006777900271117687,eye_left_lower,velocity_area,quantile_90,temporal
4,video_raw,979,658,0.006623909808695316,lower_lip,cy,late_minus_early,temporal
4,video_raw,980,194,0.0065150330774486065,brow_right_outer,velocity_x,quantile_10,temporal
4,video_raw,981,655,0.006399787496775389,lower_lip,cy,std,temporal
4,video_raw,982,375,0.006387405097484589,eye_right_upper,velocity_aspect,quantile_90,temporal
4,video_raw,983,287,0.00566778564825654,eye_left_lower,cz,temporal_slope,temporal
4,video_raw,984,426,0.005648887250572443,eye_right_lower,velocity_aspect,mean,temporal
4,video_raw,985,859,0.0056349546648561954,brow_right_outer,velocity_x,absolute_std,absolute_motion
4,video_raw,986,609,0.005115483421832323,upper_lip,cz,quantile_90,temporal
4,video_raw,987,151,0.0050336443819105625,brow_right_inner,velocity_area,std,temporal
4,video_raw,988,879,0.004950698930770159,eye_left_upper,velocity_y,absolute_std,absolute_motion
4,video_raw,989,347,0.0048389495350420475,eye_right_upper,area,temporal_slope,temporal
4,video_raw,990,437,0.004824343603104353,nose_bridge,cx,temporal_slope,temporal
4,video_raw,991,660,0.004387123975902796,lower_lip,cz,mean,temporal
4,video_raw,992,311,0.004049754701554775,eye_left_lower,velocity_y,temporal_slope,temporal
4,video_raw,993,341,0.0037974799051880836,eye_right_upper,cz,temporal_slope,temporal
4,video_raw,994,259,0.0037465854547917843,eye_left_upper,velocity_area,std,temporal
4,video_raw,995,512,0.003160312073305249,nose_alar_left,aspect,quantile_10,temporal
4,video_raw,996,235,0.0029930586460977793,eye_left_upper,area,std,temporal
4,video_raw,997,61,0.0028360807336866856,brow_left_outer,cy,std,temporal
4,video_raw,998,76,0.002727169543504715,brow_left_outer,area,late_minus_early,temporal
4,video_raw,999,791,0.0023206123150885105,chin_center,velocity_x,temporal_slope,temporal
4,video_raw,1000,714,0.002267225179821253,lip_corners,cz,mean,temporal
4,video_raw,1001,395,0.0022327438928186893,eye_right_lower,cz,temporal_slope,temporal
4,video_raw,1002,121,0.0021397857926785946,brow_right_inner,cz,std,temporal
4,video_raw,1003,175,0.0019499005284160376,brow_right_outer,cz,std,temporal
4,video_raw,1004,914,0.0016596257919445634,eye_right_upper,velocity_area,absolute_mean,absolute_motion
4,video_raw,1005,154,0.0015527348732575774,brow_right_inner,velocity_area,late_minus_early,temporal
4,video_raw,1006,430,0.0014705187641084194,eye_right_lower,velocity_aspect,late_minus_early,temporal
4,video_raw,1007,864,0.0014414292527362704,brow_right_outer,velocity_y,absolute_quantile_90,absolute_motion
4,video_raw,1008,238,0.0010917055187746882,eye_left_upper,area,late_minus_early,temporal
4,video_raw,1009,75,0.0009714457555674016,brow_left_outer,area,quantile_90,temporal
4,video_raw,1010,91,0.0009313327027484775,brow_left_outer,velocity_y,std,temporal
4,video_raw,1011,381,0.0009171849233098328,eye_right_lower,cx,quantile_90,temporal
4,video_raw,1012,756,0.0008467366569675505,chin_center,cx,mean,temporal
4,video_raw,1013,122,0.0008441067184321582,brow_right_inner,cz,quantile_10,temporal
4,video_raw,1014,35,0.0008205525227822363,brow_left_inner,velocity_x,temporal_slope,temporal
4,video_raw,1015,885,0.0007738902349956334,eye_left_upper,velocity_area,absolute_max,absolute_motion
4,video_raw,1016,787,0.0006989495595917106,chin_center,velocity_x,std,temporal
4,video_raw,1017,663,0.0005507147288881242,lower_lip,cz,quantile_90,temporal
4,video_raw,1018,990,0.0004843433271162212,upper_lip,velocity_y,absolute_mean,absolute_motion
4,video_raw,1019,384,0.0003811159112956375,eye_right_lower,cy,mean,temporal
4,video_raw,1020,200,0.00035372591810300946,brow_right_outer,velocity_y,quantile_10,temporal
4,video_raw,1021,195,0.00033872827771119773,brow_right_outer,velocity_x,quantile_90,temporal
4,video_raw,1022,882,0.00022266189625952393,eye_left_upper,velocity_area,absolute_mean,absolute_motion
4,video_raw,1023,947,0.0002085293672280386,nose_bridge,velocity_area,absolute_std,absolute_motion
4,video_raw,1024,817,0.00017411894805263728,brow_left_inner,velocity_y,absolute_max,absolute_motion
4,video_raw,1025,108,0.0001352718099951744,brow_right_inner,cx,mean,temporal
4,video_raw,1026,222,0.00012174910079920664,eye_left_upper,cy,mean,temporal
4,video_raw,1027,498,0.00010828126687556505,nose_alar_left,cz,mean,temporal
4,video_raw,1028,1019,7.12588444002904e-05,lip_corners,velocity_x,absolute_std,absolute_motion
4,video_raw,1029,638,5.8017500123241916e-05,upper_lip,velocity_area,quantile_10,temporal
4,video_raw,1030,363,3.481432577245869e-05,eye_right_upper,velocity_y,quantile_90,temporal
4,video_raw,1031,192,2.4568502340116538e-05,brow_right_outer,velocity_x,mean,temporal
4,video_raw,1032,686,8.58708062878577e-06,lower_lip,velocity_y,quantile_10,temporal
4,video_raw,1033,606,3.990131517639384e-06,upper_lip,cz,mean,temporal
4,video_raw,1034,138,3.024432317033643e-06,brow_right_inner,velocity_x,mean,temporal
4,video_trial_delta,1,498,9.05094051361084,nose_alar_left,cz,mean,temporal
4,video_trial_delta,2,500,9.020158767700195,nose_alar_left,cz,quantile_10,temporal
4,video_trial_delta,3,446,8.260499954223633,nose_bridge,cz,quantile_10,temporal
4,video_trial_delta,4,612,7.994084358215332,upper_lip,area,mean,temporal
4,video_trial_delta,5,660,7.903616905212402,lower_lip,cz,mean,temporal
4,video_trial_delta,6,69,7.888365268707275,brow_left_outer,cz,quantile_90,temporal
4,video_trial_delta,7,714,7.798547744750977,lip_corners,cz,mean,temporal
4,video_trial_delta,8,606,7.762460231781006,upper_lip,cz,mean,temporal
4,video_trial_delta,9,636,7.464400768280029,upper_lip,velocity_area,mean,temporal
4,video_trial_delta,10,15,7.453099250793457,brow_left_inner,cz,quantile_90,temporal
4,video_trial_delta,11,768,7.396838188171387,chin_center,cz,mean,temporal
4,video_trial_delta,12,501,7.178191184997559,nose_alar_left,cz,quantile_90,temporal
4,video_trial_delta,13,969,7.125518798828125,nose_alar_left,velocity_aspect,absolute_max,absolute_motion
4,video_trial_delta,14,822,6.968142032623291,brow_left_inner,velocity_aspect,absolute_mean,absolute_motion
4,video_trial_delta,15,608,6.927568435668945,upper_lip,cz,quantile_10,temporal
4,video_trial_delta,16,49,6.796867847442627,brow_left_inner,velocity_aspect,std,temporal
4,video_trial_delta,17,50,6.618056297302246,brow_left_inner,velocity_aspect,quantile_10,temporal
4,video_trial_delta,18,444,6.2984466552734375,nose_bridge,cz,mean,temporal
4,video_trial_delta,19,615,6.238035678863525,upper_lip,area,quantile_90,temporal
4,video_trial_delta,20,51,6.232841491699219,brow_left_inner,velocity_aspect,quantile_90,temporal
4,video_trial_delta,21,716,6.15875768661499,lip_corners,cz,quantile_10,temporal
4,video_trial_delta,22,617,6.045856475830078,upper_lip,area,temporal_slope,temporal
4,video_trial_delta,23,554,6.019782066345215,nose_alar_right,cz,quantile_10,temporal
4,video_trial_delta,24,552,5.943619728088379,nose_alar_right,cz,mean,temporal
4,video_trial_delta,25,303,5.928330421447754,eye_left_lower,velocity_x,quantile_90,temporal
4,video_trial_delta,26,810,5.918794631958008,brow_left_inner,velocity_x,absolute_mean,absolute_motion
4,video_trial_delta,27,616,5.83671236038208,upper_lip,area,late_minus_early,temporal
4,video_trial_delta,28,662,5.818655014038086,lower_lip,cz,quantile_10,temporal
4,video_trial_delta,29,823,5.75796365737915,brow_left_inner,velocity_aspect,absolute_std,absolute_motion
4,video_trial_delta,30,66,5.752005100250244,brow_left_outer,cz,mean,temporal
4,video_trial_delta,31,12,5.649562358856201,brow_left_inner,cz,mean,temporal
4,video_trial_delta,32,438,5.569432258605957,nose_bridge,cy,mean,temporal
4,video_trial_delta,33,31,5.566465854644775,brow_left_inner,velocity_x,std,temporal
4,video_trial_delta,34,356,5.5520243644714355,eye_right_upper,velocity_x,quantile_10,temporal
4,video_trial_delta,35,614,5.298112392425537,upper_lip,area,quantile_10,temporal
4,video_trial_delta,36,248,5.295621871948242,eye_left_upper,velocity_x,quantile_10,temporal
4,video_trial_delta,37,663,5.205887794494629,lower_lip,cz,quantile_90,temporal
4,video_trial_delta,38,812,5.186755180358887,brow_left_inner,velocity_x,absolute_quantile_90,absolute_motion
4,video_trial_delta,39,770,5.164843559265137,chin_center,cz,quantile_10,temporal
4,video_trial_delta,40,717,5.145503520965576,lip_corners,cz,quantile_90,temporal
4,video_trial_delta,41,33,5.097966194152832,brow_left_inner,velocity_x,quantile_90,temporal
4,video_trial_delta,42,771,5.042121887207031,chin_center,cz,quantile_90,temporal
4,video_trial_delta,43,609,4.979323863983154,upper_lip,cz,quantile_90,temporal
4,video_trial_delta,44,440,4.8875732421875,nose_bridge,cy,quantile_10,temporal
4,video_trial_delta,45,641,4.8618316650390625,upper_lip,velocity_area,temporal_slope,temporal
4,video_trial_delta,46,25,4.7741780281066895,brow_left_inner,aspect,std,temporal
4,video_trial_delta,47,68,4.5655837059021,brow_left_outer,cz,quantile_10,temporal
4,video_trial_delta,48,584,4.493317127227783,nose_alar_right,velocity_area,quantile_10,temporal
4,video_trial_delta,49,618,4.427573204040527,upper_lip,aspect,mean,temporal
4,video_trial_delta,50,38,4.4069437980651855,brow_left_inner,velocity_y,quantile_10,temporal
4,video_trial_delta,51,1033,4.383095741271973,lip_corners,velocity_aspect,absolute_max,absolute_motion
4,video_trial_delta,52,828,4.359130859375,brow_left_outer,velocity_x,absolute_quantile_90,absolute_motion
4,video_trial_delta,53,838,4.358253479003906,brow_left_outer,velocity_aspect,absolute_mean,absolute_motion
4,video_trial_delta,54,892,4.349916458129883,eye_left_lower,velocity_x,absolute_quantile_90,absolute_motion
4,video_trial_delta,55,360,4.286890506744385,eye_right_upper,velocity_y,mean,temporal
4,video_trial_delta,56,411,4.286539077758789,eye_right_lower,velocity_x,quantile_90,temporal
4,video_trial_delta,57,824,4.278628349304199,brow_left_inner,velocity_aspect,absolute_quantile_90,absolute_motion
4,video_trial_delta,58,579,4.235650539398193,nose_alar_right,velocity_y,quantile_90,temporal
4,video_trial_delta,59,811,4.217862129211426,brow_left_inner,velocity_x,absolute_std,absolute_motion
4,video_trial_delta,60,826,4.208463191986084,brow_left_outer,velocity_x,absolute_mean,absolute_motion
4,video_trial_delta,61,591,4.160204887390137,nose_alar_right,velocity_aspect,quantile_90,temporal
4,video_trial_delta,62,503,4.154044151306152,nose_alar_left,cz,temporal_slope,temporal
4,video_trial_delta,63,818,4.106836795806885,brow_left_inner,velocity_area,absolute_mean,absolute_motion
4,video_trial_delta,64,1017,4.0877203941345215,lower_lip,velocity_aspect,absolute_max,absolute_motion
4,video_water_delta,1,38,8.91702651977539,brow_left_inner,velocity_y,quantile_10,temporal
4,video_water_delta,2,824,7.830968856811523,brow_left_inner,velocity_aspect,absolute_quantile_90,absolute_motion
4,video_water_delta,3,892,6.882215976715088,eye_left_lower,velocity_x,absolute_quantile_90,absolute_motion
4,video_water_delta,4,301,6.776930332183838,eye_left_lower,velocity_x,std,temporal
4,video_water_delta,5,876,6.586238861083984,eye_left_upper,velocity_x,absolute_quantile_90,absolute_motion
4,video_water_delta,6,814,6.5373640060424805,brow_left_inner,velocity_y,absolute_mean,absolute_motion
4,video_water_delta,7,811,6.432663440704346,brow_left_inner,velocity_x,absolute_std,absolute_motion
4,video_water_delta,8,890,6.270092010498047,eye_left_lower,velocity_x,absolute_mean,absolute_motion
4,video_water_delta,9,351,6.1777801513671875,eye_right_upper,aspect,quantile_90,temporal
4,video_water_delta,10,891,6.0780510902404785,eye_left_lower,velocity_x,absolute_std,absolute_motion
4,video_water_delta,11,31,5.916311740875244,brow_left_inner,velocity_x,std,temporal
4,video_water_delta,12,49,5.792149066925049,brow_left_inner,velocity_aspect,std,temporal
4,video_water_delta,13,816,5.692054748535156,brow_left_inner,velocity_y,absolute_quantile_90,absolute_motion
4,video_water_delta,14,823,5.6319193840026855,brow_left_inner,velocity_aspect,absolute_std,absolute_motion
4,video_water_delta,15,874,5.623940944671631,eye_left_upper,velocity_x,absolute_mean,absolute_motion
4,video_water_delta,16,247,5.537895202636719,eye_left_upper,velocity_x,std,temporal
5,video_raw,1,50,8.085803985595703,brow_left_inner,velocity_aspect,quantile_10,temporal
5,video_raw,2,33,8.02859115600586,brow_left_inner,velocity_x,quantile_90,temporal
5,video_raw,3,87,7.817385196685791,brow_left_outer,velocity_x,quantile_90,temporal
5,video_raw,4,32,6.995034694671631,brow_left_inner,velocity_x,quantile_10,temporal
5,video_raw,5,49,6.8848795890808105,brow_left_inner,velocity_aspect,std,temporal
5,video_raw,6,810,6.798377990722656,brow_left_inner,velocity_x,absolute_mean,absolute_motion
5,video_raw,7,86,6.659562587738037,brow_left_outer,velocity_x,quantile_10,temporal
5,video_raw,8,823,6.543594837188721,brow_left_inner,velocity_aspect,absolute_std,absolute_motion
5,video_raw,9,822,6.5191569328308105,brow_left_inner,velocity_aspect,absolute_mean,absolute_motion
5,video_raw,10,31,6.168060779571533,brow_left_inner,velocity_x,std,temporal
5,video_raw,11,828,6.067225933074951,brow_left_outer,velocity_x,absolute_quantile_90,absolute_motion
5,video_raw,12,85,5.888427257537842,brow_left_outer,velocity_x,std,temporal
5,video_raw,13,303,5.887825012207031,eye_left_lower,velocity_x,quantile_90,temporal
5,video_raw,14,812,5.715065956115723,brow_left_inner,velocity_x,absolute_quantile_90,absolute_motion
5,video_raw,15,826,5.678223609924316,brow_left_outer,velocity_x,absolute_mean,absolute_motion
5,video_raw,16,104,5.608384132385254,brow_left_outer,velocity_aspect,quantile_10,temporal
5,video_raw,17,356,5.565577507019043,eye_right_upper,velocity_x,quantile_10,temporal
5,video_raw,18,51,5.4543328285217285,brow_left_inner,velocity_aspect,quantile_90,temporal
5,video_raw,19,38,5.436643600463867,brow_left_inner,velocity_y,quantile_10,temporal
5,video_raw,20,838,5.261467933654785,brow_left_outer,velocity_aspect,absolute_mean,absolute_motion
5,video_raw,21,103,5.161651611328125,brow_left_outer,velocity_aspect,std,temporal
5,video_raw,22,827,5.117221832275391,brow_left_outer,velocity_x,absolute_std,absolute_motion
5,video_raw,23,105,4.899141311645508,brow_left_outer,velocity_aspect,quantile_90,temporal
5,video_raw,24,479,4.8669610023498535,nose_bridge,velocity_area,temporal_slope,temporal
5,video_raw,25,818,4.827276706695557,brow_left_inner,velocity_area,absolute_mean,absolute_motion
5,video_raw,26,839,4.75788688659668,brow_left_outer,velocity_aspect,absolute_std,absolute_motion
5,video_raw,27,39,4.751924991607666,brow_left_inner,velocity_y,quantile_90,temporal
5,video_raw,28,25,4.73867654800415,brow_left_inner,aspect,std,temporal
5,video_raw,29,820,4.7011189460754395,brow_left_inner,velocity_area,absolute_quantile_90,absolute_motion
5,video_raw,30,811,4.678227424621582,brow_left_inner,velocity_x,absolute_std,absolute_motion
5,video_raw,31,824,4.645357131958008,brow_left_inner,velocity_aspect,absolute_quantile_90,absolute_motion
5,video_raw,32,411,4.498960018157959,eye_right_lower,velocity_x,quantile_90,temporal
5,video_trial_delta,1,50,8.085803985595703,brow_left_inner,velocity_aspect,quantile_10,temporal
5,video_trial_delta,2,33,8.02859115600586,brow_left_inner,velocity_x,quantile_90,temporal
5,video_trial_delta,3,87,7.817385196685791,brow_left_outer,velocity_x,quantile_90,temporal
5,video_trial_delta,4,32,6.995034694671631,brow_left_inner,velocity_x,quantile_10,temporal
5,video_trial_delta,5,49,6.8848795890808105,brow_left_inner,velocity_aspect,std,temporal
5,video_trial_delta,6,810,6.798377990722656,brow_left_inner,velocity_x,absolute_mean,absolute_motion
5,video_trial_delta,7,86,6.659562587738037,brow_left_outer,velocity_x,quantile_10,temporal
5,video_trial_delta,8,823,6.543594837188721,brow_left_inner,velocity_aspect,absolute_std,absolute_motion
5,video_trial_delta,9,822,6.5191569328308105,brow_left_inner,velocity_aspect,absolute_mean,absolute_motion
5,video_trial_delta,10,31,6.168060779571533,brow_left_inner,velocity_x,std,temporal
5,video_trial_delta,11,828,6.067225933074951,brow_left_outer,velocity_x,absolute_quantile_90,absolute_motion
5,video_trial_delta,12,85,5.888427257537842,brow_left_outer,velocity_x,std,temporal
5,video_trial_delta,13,303,5.887825012207031,eye_left_lower,velocity_x,quantile_90,temporal
5,video_trial_delta,14,812,5.715065956115723,brow_left_inner,velocity_x,absolute_quantile_90,absolute_motion
5,video_trial_delta,15,826,5.678223609924316,brow_left_outer,velocity_x,absolute_mean,absolute_motion
5,video_trial_delta,16,104,5.608384132385254,brow_left_outer,velocity_aspect,quantile_10,temporal
5,video_trial_delta,17,356,5.565577507019043,eye_right_upper,velocity_x,quantile_10,temporal
5,video_trial_delta,18,51,5.4543328285217285,brow_left_inner,velocity_aspect,quantile_90,temporal
5,video_trial_delta,19,38,5.436643600463867,brow_left_inner,velocity_y,quantile_10,temporal
5,video_trial_delta,20,838,5.261467933654785,brow_left_outer,velocity_aspect,absolute_mean,absolute_motion
5,video_trial_delta,21,103,5.161651611328125,brow_left_outer,velocity_aspect,std,temporal
5,video_trial_delta,22,827,5.117221832275391,brow_left_outer,velocity_x,absolute_std,absolute_motion
5,video_trial_delta,23,105,4.899141311645508,brow_left_outer,velocity_aspect,quantile_90,temporal
5,video_trial_delta,24,479,4.8669610023498535,nose_bridge,velocity_area,temporal_slope,temporal
5,video_trial_delta,25,818,4.827276706695557,brow_left_inner,velocity_area,absolute_mean,absolute_motion
5,video_trial_delta,26,839,4.75788688659668,brow_left_outer,velocity_aspect,absolute_std,absolute_motion
5,video_trial_delta,27,39,4.751924991607666,brow_left_inner,velocity_y,quantile_90,temporal
5,video_trial_delta,28,25,4.738677501678467,brow_left_inner,aspect,std,temporal
5,video_trial_delta,29,820,4.7011189460754395,brow_left_inner,velocity_area,absolute_quantile_90,absolute_motion
5,video_trial_delta,30,811,4.678227424621582,brow_left_inner,velocity_x,absolute_std,absolute_motion
5,video_trial_delta,31,824,4.645357131958008,brow_left_inner,velocity_aspect,absolute_quantile_90,absolute_motion
5,video_trial_delta,32,411,4.498960018157959,eye_right_lower,velocity_x,quantile_90,temporal
5,video_trial_delta,33,44,4.416547775268555,brow_left_inner,velocity_area,quantile_10,temporal
5,video_trial_delta,34,814,4.203159809112549,brow_left_inner,velocity_y,absolute_mean,absolute_motion
5,video_trial_delta,35,248,4.185361862182617,eye_left_upper,velocity_x,quantile_10,temporal
5,video_trial_delta,36,43,4.150028705596924,brow_left_inner,velocity_area,std,temporal
5,video_trial_delta,37,478,4.1208882331848145,nose_bridge,velocity_area,late_minus_early,temporal
5,video_trial_delta,38,834,4.052003383636475,brow_left_outer,velocity_area,absolute_mean,absolute_motion
5,video_trial_delta,39,840,3.962956190109253,brow_left_outer,velocity_aspect,absolute_quantile_90,absolute_motion
5,video_trial_delta,40,132,3.9399800300598145,brow_right_inner,aspect,mean,temporal
5,video_trial_delta,41,135,3.909275531768799,brow_right_inner,aspect,quantile_90,temporal
5,video_trial_delta,42,45,3.823209285736084,brow_left_inner,velocity_area,quantile_90,temporal
5,video_trial_delta,43,297,3.7803072929382324,eye_left_lower,aspect,quantile_90,temporal
5,video_trial_delta,44,1017,3.75812029838562,lower_lip,velocity_aspect,absolute_max,absolute_motion
5,video_trial_delta,45,953,3.7301137447357178,nose_bridge,velocity_aspect,absolute_max,absolute_motion
5,video_trial_delta,46,836,3.7269721031188965,brow_left_outer,velocity_area,absolute_quantile_90,absolute_motion
5,video_trial_delta,47,825,3.667780637741089,brow_left_inner,velocity_aspect,absolute_max,absolute_motion
5,video_trial_delta,48,841,3.625969648361206,brow_left_outer,velocity_aspect,absolute_max,absolute_motion
5,video_trial_delta,49,908,3.614084482192993,eye_right_upper,velocity_x,absolute_quantile_90,absolute_motion
5,video_trial_delta,50,422,3.5193068981170654,eye_right_lower,velocity_area,quantile_10,temporal
5,video_trial_delta,51,97,3.4714341163635254,brow_left_outer,velocity_area,std,temporal
5,video_trial_delta,52,892,3.431537628173828,eye_left_lower,velocity_x,absolute_quantile_90,absolute_motion
5,video_trial_delta,53,136,3.4195899963378906,brow_right_inner,aspect,late_minus_early,temporal
5,video_trial_delta,54,891,3.3981223106384277,eye_left_lower,velocity_x,absolute_std,absolute_motion
5,video_trial_delta,55,425,3.3962717056274414,eye_right_lower,velocity_area,temporal_slope,temporal
5,video_trial_delta,56,37,3.3652243614196777,brow_left_inner,velocity_y,std,temporal
5,video_trial_delta,57,98,3.3443055152893066,brow_left_outer,velocity_area,quantile_10,temporal
5,video_trial_delta,58,238,3.248807907104492,eye_left_upper,area,late_minus_early,temporal
5,video_trial_delta,59,924,3.2487902641296387,eye_right_lower,velocity_x,absolute_quantile_90,absolute_motion
5,video_trial_delta,60,165,3.247753620147705,brow_right_outer,cx,quantile_90,temporal
5,video_trial_delta,61,423,3.2352869510650635,eye_right_lower,velocity_area,quantile_90,temporal
5,video_trial_delta,62,923,3.235079526901245,eye_right_lower,velocity_x,absolute_std,absolute_motion
5,video_trial_delta,63,907,3.1826531887054443,eye_right_upper,velocity_x,absolute_std,absolute_motion
5,video_trial_delta,64,612,3.172800064086914,upper_lip,area,mean,temporal
5,video_trial_delta,65,500,3.165916681289673,nose_alar_left,cz,quantile_10,temporal
5,video_trial_delta,66,357,3.158456325531006,eye_right_upper,velocity_x,quantile_90,temporal
5,video_trial_delta,67,617,3.1520209312438965,upper_lip,area,temporal_slope,temporal
5,video_trial_delta,68,698,3.059974431991577,lower_lip,velocity_aspect,quantile_10,temporal
5,video_trial_delta,69,819,3.046285629272461,brow_left_inner,velocity_area,absolute_std,absolute_motion
5,video_trial_delta,70,616,2.998991012573242,upper_lip,area,late_minus_early,temporal
5,video_trial_delta,71,239,2.9867165088653564,eye_left_upper,area,temporal_slope,temporal
5,video_trial_delta,72,137,2.9036166667938232,brow_right_inner,aspect,temporal_slope,temporal
5,video_trial_delta,73,816,2.8937759399414062,brow_left_inner,velocity_y,absolute_quantile_90,absolute_motion
5,video_trial_delta,74,762,2.797563314437866,chin_center,cy,mean,temporal
5,video_trial_delta,75,409,2.760681629180908,eye_right_lower,velocity_x,std,temporal
5,video_trial_delta,76,355,2.738176107406616,eye_right_upper,velocity_x,std,temporal
5,video_trial_delta,77,52,2.7192542552948,brow_left_inner,velocity_aspect,late_minus_early,temporal
5,video_trial_delta,78,932,2.6981966495513916,eye_right_lower,velocity_area,absolute_quantile_90,absolute_motion
5,video_trial_delta,79,134,2.6924009323120117,brow_right_inner,aspect,quantile_10,temporal
5,video_trial_delta,80,765,2.6915059089660645,chin_center,cy,quantile_90,temporal
5,video_trial_delta,81,346,2.649855136871338,eye_right_upper,area,late_minus_early,temporal
5,video_trial_delta,82,301,2.6437058448791504,eye_left_lower,velocity_x,std,temporal
5,video_trial_delta,83,1020,2.6244068145751953,lip_corners,velocity_x,absolute_quantile_90,absolute_motion
5,video_trial_delta,84,162,2.588512897491455,brow_right_outer,cx,mean,temporal
5,video_trial_delta,85,1033,2.5803613662719727,lip_corners,velocity_aspect,absolute_max,absolute_motion
5,video_trial_delta,86,930,2.5676050186157227,eye_right_lower,velocity_area,absolute_mean,absolute_motion
5,video_trial_delta,87,186,2.560047149658203,brow_right_outer,aspect,mean,temporal
5,video_trial_delta,88,156,2.55159854888916,brow_right_inner,velocity_aspect,mean,temporal
5,video_trial_delta,89,143,2.544654130935669,brow_right_inner,velocity_x,temporal_slope,temporal
5,video_trial_delta,90,835,2.4359781742095947,brow_left_outer,velocity_area,absolute_std,absolute_motion
5,video_trial_delta,91,410,2.4060044288635254,eye_right_lower,velocity_x,quantile_10,temporal
5,video_trial_delta,92,190,2.3919718265533447,brow_right_outer,aspect,late_minus_early,temporal
5,video_trial_delta,93,615,2.360400915145874,upper_lip,area,quantile_90,temporal
5,video_trial_delta,94,754,2.3583343029022217,lip_corners,velocity_aspect,late_minus_early,temporal
5,video_trial_delta,95,813,2.350349187850952,brow_left_inner,velocity_x,absolute_max,absolute_motion
5,video_trial_delta,96,189,2.349928855895996,brow_right_outer,aspect,quantile_90,temporal
5,video_trial_delta,97,347,2.3371105194091797,eye_right_upper,area,temporal_slope,temporal
5,video_trial_delta,98,1031,2.3313448429107666,lip_corners,velocity_aspect,absolute_std,absolute_motion
5,video_trial_delta,99,446,2.3169443607330322,nose_bridge,cz,quantile_10,temporal
5,video_trial_delta,100,191,2.3016927242279053,brow_right_outer,aspect,temporal_slope,temporal
5,video_trial_delta,101,763,2.287829875946045,chin_center,cy,std,temporal
5,video_trial_delta,102,690,2.276216983795166,lower_lip,velocity_area,mean,temporal
5,video_trial_delta,103,421,2.2705681324005127,eye_right_lower,velocity_area,std,temporal
5,video_trial_delta,104,767,2.2593002319335938,chin_center,cy,temporal_slope,temporal
5,video_trial_delta,105,735,2.2584545612335205,lip_corners,velocity_x,quantile_90,temporal
5,video_trial_delta,106,636,2.243382215499878,upper_lip,velocity_area,mean,temporal
5,video_trial_delta,107,184,2.229768753051758,brow_right_outer,area,late_minus_early,temporal
5,video_trial_delta,108,766,2.2014434337615967,chin_center,cy,late_minus_early,temporal
5,video_trial_delta,109,99,2.164548635482788,brow_left_outer,velocity_area,quantile_90,temporal
5,video_trial_delta,110,751,2.1550869941711426,lip_corners,velocity_aspect,std,temporal
5,video_trial_delta,111,906,2.1500816345214844,eye_right_upper,velocity_x,absolute_mean,absolute_motion
5,video_trial_delta,112,15,2.136270761489868,brow_left_inner,cz,quantile_90,temporal
5,video_trial_delta,113,696,2.1083872318267822,lower_lip,velocity_aspect,mean,temporal
5,video_trial_delta,114,1,2.099191665649414,brow_left_inner,cx,std,temporal
5,video_trial_delta,115,922,2.0831758975982666,eye_right_lower,velocity_x,absolute_mean,absolute_motion
5,video_trial_delta,116,875,2.0284950733184814,eye_left_upper,velocity_x,absolute_std,absolute_motion
5,video_trial_delta,117,539,2.0120060443878174,nose_alar_left,velocity_aspect,temporal_slope,temporal
5,video_trial_delta,118,857,1.9804348945617676,brow_right_inner,velocity_aspect,absolute_max,absolute_motion
5,video_trial_delta,119,185,1.961732029914856,brow_right_outer,area,temporal_slope,temporal
5,video_trial_delta,120,1032,1.9609729051589966,lip_corners,velocity_aspect,absolute_quantile_90,absolute_motion
5,video_trial_delta,121,618,1.9493900537490845,upper_lip,aspect,mean,temporal
5,video_trial_delta,122,750,1.9146971702575684,lip_corners,velocity_aspect,mean,temporal
5,video_trial_delta,123,727,1.9125442504882812,lip_corners,aspect,std,temporal
5,video_trial_delta,124,498,1.8986151218414307,nose_alar_left,cz,mean,temporal
5,video_trial_delta,125,869,1.8859460353851318,brow_right_outer,velocity_area,absolute_max,absolute_motion
5,video_trial_delta,126,69,1.8760411739349365,brow_left_outer,cz,quantile_90,temporal
5,video_trial_delta,127,405,1.8601104021072388,eye_right_lower,aspect,quantile_90,temporal
5,video_trial_delta,128,1030,1.8161460161209106,lip_corners,velocity_aspect,absolute_mean,absolute_motion
5,video_trial_delta,129,876,1.8064773082733154,eye_left_upper,velocity_x,absolute_quantile_90,absolute_motion
5,video_trial_delta,130,167,1.792798399925232,brow_right_outer,cx,temporal_slope,temporal
5,video_trial_delta,131,809,1.785204529762268,chin_center,velocity_aspect,temporal_slope,temporal
5,video_trial_delta,132,188,1.7819085121154785,brow_right_outer,aspect,quantile_10,temporal
5,video_trial_delta,133,931,1.777693510055542,eye_right_lower,velocity_area,absolute_std,absolute_motion
5,video_trial_delta,134,180,1.7604024410247803,brow_right_outer,area,mean,temporal
5,video_trial_delta,135,247,1.7598108053207397,eye_left_upper,velocity_x,std,temporal
5,video_trial_delta,136,166,1.754635214805603,brow_right_outer,cx,late_minus_early,temporal
5,video_trial_delta,137,755,1.7442359924316406,lip_corners,velocity_aspect,temporal_slope,temporal
5,video_trial_delta,138,160,1.738619327545166,brow_right_inner,velocity_aspect,late_minus_early,temporal
5,video_trial_delta,139,623,1.7187831401824951,upper_lip,aspect,temporal_slope,temporal
5,video_trial_delta,140,792,1.7129337787628174,chin_center,velocity_y,mean,temporal
5,video_trial_delta,141,142,1.6983004808425903,brow_right_inner,velocity_x,late_minus_early,temporal
5,video_trial_delta,142,730,1.6852995157241821,lip_corners,aspect,late_minus_early,temporal
5,video_trial_delta,143,662,1.6786284446716309,lower_lip,cz,quantile_10,temporal
5,video_trial_delta,144,890,1.6758179664611816,eye_left_lower,velocity_x,absolute_mean,absolute_motion
5,video_trial_delta,145,264,1.6643140316009521,eye_left_upper,velocity_aspect,mean,temporal
5,video_trial_delta,146,622,1.6569072008132935,upper_lip,aspect,late_minus_early,temporal
5,video_trial_delta,147,349,1.64467453956604,eye_right_upper,aspect,std,temporal
5,video_trial_delta,148,731,1.644193410873413,lip_corners,aspect,temporal_slope,temporal
5,video_trial_delta,149,1037,1.6297885179519653,chin_center,velocity_x,absolute_max,absolute_motion
5,video_trial_delta,150,608,1.6080193519592285,upper_lip,cz,quantile_10,temporal
5,video_trial_delta,151,606,1.6058759689331055,upper_lip,cz,mean,temporal
5,video_trial_delta,152,716,1.569790005683899,lip_corners,cz,quantile_10,temporal
5,video_trial_delta,153,808,1.569026231765747,chin_center,velocity_aspect,late_minus_early,temporal
5,video_trial_delta,154,849,1.5678753852844238,brow_right_inner,velocity_y,absolute_max,absolute_motion
5,video_trial_delta,155,290,1.5390433073043823,eye_left_lower,area,quantile_10,temporal
5,video_trial_delta,156,129,1.534456729888916,brow_right_inner,area,quantile_90,temporal
5,video_trial_delta,157,249,1.520393967628479,eye_left_upper,velocity_x,quantile_90,temporal
5,video_trial_delta,158,428,1.5135339498519897,eye_right_lower,velocity_aspect,quantile_10,temporal
5,video_trial_delta,159,48,1.5114972591400146,brow_left_inner,velocity_aspect,mean,temporal
5,video_trial_delta,160,621,1.5009679794311523,upper_lip,aspect,quantile_90,temporal
5,video_trial_delta,161,424,1.4954482316970825,eye_right_lower,velocity_area,late_minus_early,temporal
5,video_trial_delta,162,120,1.4881759881973267,brow_right_inner,cz,mean,temporal
5,video_trial_delta,163,714,1.487343430519104,lip_corners,cz,mean,temporal
5,video_trial_delta,164,798,1.4666904211044312,chin_center,velocity_area,mean,temporal
5,video_trial_delta,165,729,1.4653708934783936,lip_corners,aspect,quantile_90,temporal
5,video_trial_delta,166,244,1.453265905380249,eye_left_upper,aspect,late_minus_early,temporal
5,video_trial_delta,167,144,1.4518040418624878,brow_right_inner,velocity_y,mean,temporal
5,video_trial_delta,168,302,1.4357653856277466,eye_left_lower,velocity_x,quantile_10,temporal
5,video_trial_delta,169,79,1.4338585138320923,brow_left_outer,aspect,std,temporal
5,video_trial_delta,170,29,1.4176677465438843,brow_left_inner,aspect,temporal_slope,temporal
5,video_trial_delta,171,187,1.4160267114639282,brow_right_outer,aspect,std,temporal
5,video_trial_delta,172,614,1.4135327339172363,upper_lip,area,quantile_10,temporal
5,video_trial_delta,173,867,1.4084442853927612,brow_right_outer,velocity_area,absolute_std,absolute_motion
5,video_trial_delta,174,501,1.3955410718917847,nose_alar_left,cz,quantile_90,temporal
5,video_trial_delta,175,660,1.3919297456741333,lower_lip,cz,mean,temporal
5,video_trial_delta,176,770,1.3879493474960327,chin_center,cz,quantile_10,temporal
5,video_trial_delta,177,881,1.3746567964553833,eye_left_upper,velocity_y,absolute_max,absolute_motion
5,video_trial_delta,178,146,1.3706706762313843,brow_right_inner,velocity_y,quantile_10,temporal
5,video_trial_delta,179,376,1.3488832712173462,eye_right_upper,velocity_aspect,late_minus_early,temporal
5,video_trial_delta,180,768,1.332466721534729,chin_center,cz,mean,temporal
5,video_trial_delta,181,815,1.2921720743179321,brow_left_inner,velocity_y,absolute_std,absolute_motion
5,video_trial_delta,182,752,1.2898372411727905,lip_corners,velocity_aspect,quantile_10,temporal
5,video_trial_delta,183,440,1.2880302667617798,nose_bridge,cy,quantile_10,temporal
5,video_trial_delta,184,183,1.2841607332229614,brow_right_outer,area,quantile_90,temporal
5,video_trial_delta,185,27,1.2765812873840332,brow_left_inner,aspect,quantile_90,temporal
5,video_trial_delta,186,92,1.2694857120513916,brow_left_outer,velocity_y,quantile_10,temporal
5,video_trial_delta,187,559,1.2666876316070557,nose_alar_right,area,std,temporal
5,video_trial_delta,188,843,1.2582370042800903,brow_right_inner,velocity_x,absolute_std,absolute_motion
5,video_trial_delta,189,666,1.2486398220062256,lower_lip,area,mean,temporal
5,video_trial_delta,190,28,1.2438948154449463,brow_left_inner,aspect,late_minus_early,temporal
5,video_trial_delta,191,83,1.2334188222885132,brow_left_outer,aspect,temporal_slope,temporal
5,video_trial_delta,192,258,1.2303751707077026,eye_left_upper,velocity_area,mean,temporal
5,video_trial_delta,193,989,1.222655177116394,upper_lip,velocity_x,absolute_max,absolute_motion
5,video_trial_delta,194,444,1.2186654806137085,nose_bridge,cz,mean,temporal
5,video_trial_delta,195,868,1.2184779644012451,brow_right_outer,velocity_area,absolute_quantile_90,absolute_motion
5,video_trial_delta,196,182,1.2085329294204712,brow_right_outer,area,quantile_10,temporal
5,video_trial_delta,197,726,1.199761152267456,lip_corners,aspect,mean,temporal
5,video_trial_delta,198,936,1.1916744709014893,eye_right_lower,velocity_aspect,absolute_quantile_90,absolute_motion
5,video_trial_delta,199,429,1.181015968322754,eye_right_lower,velocity_aspect,quantile_90,temporal
5,video_trial_delta,200,874,1.1785304546356201,eye_left_upper,velocity_x,absolute_mean,absolute_motion
5,video_trial_delta,201,969,1.1758159399032593,nose_alar_left,velocity_aspect,absolute_max,absolute_motion
5,video_trial_delta,202,82,1.1695902347564697,brow_left_outer,aspect,late_minus_early,temporal
5,video_trial_delta,203,1009,1.1651952266693115,lower_lip,velocity_y,absolute_max,absolute_motion
5,video_trial_delta,204,126,1.1622929573059082,brow_right_inner,area,mean,temporal
5,video_trial_delta,205,817,1.1613776683807373,brow_left_inner,velocity_y,absolute_max,absolute_motion
5,video_trial_delta,206,237,1.142393946647644,eye_left_upper,area,quantile_90,temporal
5,video_trial_delta,207,554,1.1418496370315552,nose_alar_right,cz,quantile_10,temporal
5,video_trial_delta,208,452,1.1395177841186523,nose_bridge,area,quantile_10,temporal
5,video_trial_delta,209,648,1.1362582445144653,lower_lip,cx,mean,temporal
5,video_trial_delta,210,19,1.1339826583862305,brow_left_inner,area,std,temporal
5,video_trial_delta,211,323,1.1274040937423706,eye_left_lower,velocity_aspect,temporal_slope,temporal
5,video_trial_delta,212,318,1.1234581470489502,eye_left_lower,velocity_aspect,mean,temporal
5,video_trial_delta,213,929,1.122102975845337,eye_right_lower,velocity_y,absolute_max,absolute_motion
5,video_trial_delta,214,461,1.1216108798980713,nose_bridge,aspect,temporal_slope,temporal
5,video_trial_delta,215,781,1.1211624145507812,chin_center,aspect,std,temporal
5,video_trial_delta,216,234,1.1146990060806274,eye_left_upper,area,mean,temporal
5,video_trial_delta,217,863,1.1129271984100342,brow_right_outer,velocity_y,absolute_std,absolute_motion
5,video_trial_delta,218,995,1.111719012260437,upper_lip,velocity_area,absolute_std,absolute_motion
5,video_trial_delta,219,124,1.1089578866958618,brow_right_inner,cz,late_minus_early,temporal
5,video_trial_delta,220,893,1.1080628633499146,eye_left_lower,velocity_x,absolute_max,absolute_motion
5,video_trial_delta,221,753,1.105450987815857,lip_corners,velocity_aspect,quantile_90,temporal
5,video_trial_delta,222,656,1.1044721603393555,lower_lip,cy,quantile_10,temporal
5,video_trial_delta,223,620,1.0996075868606567,upper_lip,aspect,quantile_10,temporal
5,video_trial_delta,224,204,1.0978364944458008,brow_right_outer,velocity_area,mean,temporal
5,video_trial_delta,225,937,1.0959703922271729,eye_right_lower,velocity_aspect,absolute_max,absolute_motion
5,video_trial_delta,226,294,1.0790234804153442,eye_left_lower,aspect,mean,temporal
5,video_trial_delta,227,552,1.071776032447815,nose_alar_right,cz,mean,temporal
5,video_trial_delta,228,252,1.0652037858963013,eye_left_upper,velocity_y,mean,temporal
5,video_trial_delta,229,670,1.0651816129684448,lower_lip,area,late_minus_early,temporal
5,video_trial_delta,230,650,1.0433142185211182,lower_lip,cx,quantile_10,temporal
5,video_trial_delta,231,125,1.0362896919250488,brow_right_inner,cz,temporal_slope,temporal
5,video_trial_delta,232,669,1.0310945510864258,lower_lip,area,quantile_90,temporal
5,video_trial_delta,233,133,1.0270189046859741,brow_right_inner,aspect,std,temporal
5,video_trial_delta,234,460,1.0242884159088135,nose_bridge,aspect,late_minus_early,temporal
5,video_trial_delta,235,1025,1.0238094329833984,lip_corners,velocity_y,absolute_max,absolute_motion
5,video_trial_delta,236,112,1.0223289728164673,brow_right_inner,cx,late_minus_early,temporal
5,video_trial_delta,237,845,1.0220152139663696,brow_right_inner,velocity_x,absolute_max,absolute_motion
5,video_trial_delta,238,123,1.0195506811141968,brow_right_inner,cz,quantile_90,temporal
5,video_trial_delta,239,785,0.9887480139732361,chin_center,aspect,temporal_slope,temporal
5,video_trial_delta,240,784,0.9784755706787109,chin_center,aspect,late_minus_early,temporal
5,video_trial_delta,241,113,0.9772319197654724,brow_right_inner,cx,temporal_slope,temporal
5,video_trial_delta,242,145,0.9756743907928467,brow_right_inner,velocity_y,std,temporal
5,video_trial_delta,243,147,0.9726769924163818,brow_right_inner,velocity_y,quantile_90,temporal
5,video_trial_delta,244,653,0.9684739708900452,lower_lip,cx,temporal_slope,temporal
5,video_trial_delta,245,642,0.9653207063674927,upper_lip,velocity_aspect,mean,temporal
5,video_trial_delta,246,95,0.9539477825164795,brow_left_outer,velocity_y,temporal_slope,temporal
5,video_trial_delta,247,652,0.9488374590873718,lower_lip,cx,late_minus_early,temporal
5,video_trial_delta,248,30,0.9431353211402893,brow_left_inner,velocity_x,mean,temporal
5,video_trial_delta,249,865,0.9411033987998962,brow_right_outer,velocity_y,absolute_max,absolute_motion
5,video_trial_delta,250,641,0.9399935603141785,upper_lip,velocity_area,temporal_slope,temporal
5,video_trial_delta,251,127,0.9392334222793579,brow_right_inner,area,std,temporal
5,video_trial_delta,252,609,0.9367244839668274,upper_lip,cz,quantile_90,temporal
5,video_trial_delta,253,273,0.9348846077919006,eye_left_lower,cx,quantile_90,temporal
5,video_trial_delta,254,450,0.9337911009788513,nose_bridge,area,mean,temporal
5,video_trial_delta,255,933,0.9284326434135437,eye_right_lower,velocity_area,absolute_max,absolute_motion
5,video_trial_delta,256,671,0.9203732013702393,lower_lip,area,temporal_slope,temporal
5,video_trial_delta,257,935,0.9137905836105347,eye_right_lower,velocity_aspect,absolute_std,absolute_motion
5,video_trial_delta,258,888,0.8941951990127563,eye_left_upper,velocity_aspect,absolute_quantile_90,absolute_motion
5,video_trial_delta,259,717,0.8883782029151917,lip_corners,cz,quantile_90,temporal
5,video_trial_delta,260,684,0.8846225142478943,lower_lip,velocity_y,mean,temporal
5,video_trial_delta,261,164,0.8808238506317139,brow_right_outer,cx,quantile_10,temporal
5,video_trial_delta,262,847,0.8776229619979858,brow_right_inner,velocity_y,absolute_std,absolute_motion
5,video_trial_delta,263,13,0.8748463988304138,brow_left_inner,cz,std,temporal
5,video_trial_delta,264,205,0.872883141040802,brow_right_outer,velocity_area,std,temporal
5,video_trial_delta,265,139,0.8616570830345154,brow_right_inner,velocity_x,std,temporal
5,video_trial_delta,266,181,0.8577061891555786,brow_right_outer,area,std,temporal
5,video_trial_delta,267,830,0.853633463382721,brow_left_outer,velocity_y,absolute_mean,absolute_motion
5,video_trial_delta,268,270,0.8523101806640625,eye_left_lower,cx,mean,temporal
5,video_trial_delta,269,1018,0.8518916368484497,lip_corners,velocity_x,absolute_mean,absolute_motion
5,video_trial_delta,270,398,0.8325086236000061,eye_right_lower,area,quantile_10,temporal
5,video_trial_delta,271,997,0.8273590207099915,upper_lip,velocity_area,absolute_max,absolute_motion
5,video_trial_delta,272,663,0.8170304298400879,lower_lip,cz,quantile_90,temporal
5,video_trial_delta,273,26,0.8161891102790833,brow_left_inner,aspect,quantile_10,temporal
5,video_trial_delta,274,251,0.8156302571296692,eye_left_upper,velocity_x,temporal_slope,temporal
5,video_trial_delta,275,245,0.8114266991615295,eye_left_upper,aspect,temporal_slope,temporal
5,video_trial_delta,276,667,0.8096078634262085,lower_lip,area,std,temporal
5,video_trial_delta,277,800,0.8056492209434509,chin_center,velocity_area,quantile_10,temporal
5,video_trial_delta,278,343,0.8002935647964478,eye_right_upper,area,std,temporal
5,video_trial_delta,279,305,0.7988795638084412,eye_left_lower,velocity_x,temporal_slope,temporal
5,video_trial_delta,280,414,0.7978740334510803,eye_right_lower,velocity_y,mean,temporal
5,video_trial_delta,281,163,0.7976553440093994,brow_right_outer,cx,std,temporal
5,video_trial_delta,282,683,0.7956965565681458,lower_lip,velocity_x,temporal_slope,temporal
5,video_trial_delta,283,257,0.7900956869125366,eye_left_upper,velocity_y,temporal_slope,temporal
5,video_trial_delta,284,459,0.7884474396705627,nose_bridge,aspect,quantile_90,temporal
5,video_trial_delta,285,1021,0.7874546051025391,lip_corners,velocity_x,absolute_max,absolute_motion
5,video_trial_delta,286,93,0.7764363288879395,brow_left_outer,velocity_y,quantile_90,temporal
5,video_trial_delta,287,402,0.7745398283004761,eye_right_lower,aspect,mean,temporal
5,video_trial_delta,288,427,0.773591935634613,eye_right_lower,velocity_aspect,std,temporal
5,video_trial_delta,289,438,0.7670484781265259,nose_bridge,cy,mean,temporal
5,video_trial_delta,290,782,0.763994574546814,chin_center,aspect,quantile_10,temporal
5,video_trial_delta,291,456,0.7602173089981079,nose_bridge,aspect,mean,temporal
5,video_trial_delta,292,381,0.7570501565933228,eye_right_lower,cx,quantile_90,temporal
5,video_trial_delta,293,437,0.756751298904419,nose_bridge,cx,temporal_slope,temporal
5,video_trial_delta,294,873,0.7519117593765259,brow_right_outer,velocity_aspect,absolute_max,absolute_motion
5,video_trial_delta,295,40,0.7415205240249634,brow_left_inner,velocity_y,late_minus_early,temporal
5,video_trial_delta,296,771,0.7415159940719604,chin_center,cz,quantile_90,temporal
5,video_trial_delta,297,829,0.7386966347694397,brow_left_outer,velocity_x,absolute_max,absolute_motion
5,video_trial_delta,298,210,0.7366160750389099,brow_right_outer,velocity_aspect,mean,temporal
5,video_trial_delta,299,128,0.7310231924057007,brow_right_inner,area,quantile_10,temporal
5,video_trial_delta,300,360,0.7284342646598816,eye_right_upper,velocity_y,mean,temporal
5,video_trial_delta,301,775,0.728076159954071,chin_center,area,std,temporal
5,video_trial_delta,302,780,0.7233422994613647,chin_center,aspect,mean,temporal
5,video_trial_delta,303,236,0.7219358682632446,eye_left_upper,area,quantile_10,temporal
5,video_trial_delta,304,1036,0.7168741822242737,chin_center,velocity_x,absolute_quantile_90,absolute_motion
5,video_trial_delta,305,122,0.7155688405036926,brow_right_inner,cz,quantile_10,temporal
5,video_trial_delta,306,738,0.7051291465759277,lip_corners,velocity_y,mean,temporal
5,video_trial_delta,307,548,0.7048649191856384,nose_alar_right,cy,quantile_10,temporal
5,video_trial_delta,308,779,0.701846182346344,chin_center,area,temporal_slope,temporal
5,video_trial_delta,309,34,0.6984794735908508,brow_left_inner,velocity_x,late_minus_early,temporal
5,video_trial_delta,310,1042,0.696110725402832,chin_center,velocity_area,absolute_mean,absolute_motion
5,video_trial_delta,311,447,0.6945860981941223,nose_bridge,cz,quantile_90,temporal
5,video_trial_delta,312,710,0.6913182139396667,lip_corners,cy,quantile_10,temporal
5,video_trial_delta,313,404,0.6910684108734131,eye_right_lower,aspect,quantile_10,temporal
5,video_trial_delta,314,801,0.6895525455474854,chin_center,velocity_area,quantile_90,temporal
5,video_trial_delta,315,778,0.68906569480896,chin_center,area,late_minus_early,temporal
5,video_trial_delta,316,855,0.6868329644203186,brow_right_inner,velocity_aspect,absolute_std,absolute_motion
5,video_trial_delta,317,353,0.6801260709762573,eye_right_upper,aspect,temporal_slope,temporal
5,video_trial_delta,318,199,0.6770371794700623,brow_right_outer,velocity_y,std,temporal
5,video_trial_delta,319,821,0.6701309680938721,brow_left_inner,velocity_area,absolute_max,absolute_motion
5,video_trial_delta,320,1015,0.6668697595596313,lower_lip,velocity_aspect,absolute_std,absolute_motion
5,video_trial_delta,321,713,0.6651340126991272,lip_corners,cy,temporal_slope,temporal
5,video_trial_delta,322,295,0.6601118445396423,eye_left_lower,aspect,std,temporal
5,video_trial_delta,323,366,0.6543881893157959,eye_right_upper,velocity_area,mean,temporal
5,video_trial_delta,324,255,0.6501256227493286,eye_left_upper,velocity_y,quantile_90,temporal
5,video_trial_delta,325,474,0.648680567741394,nose_bridge,velocity_area,mean,temporal
5,video_trial_delta,326,299,0.6481425166130066,eye_left_lower,aspect,temporal_slope,temporal
5,video_trial_delta,327,637,0.6475328803062439,upper_lip,velocity_area,std,temporal
5,video_trial_delta,328,487,0.6386795043945312,nose_alar_left,cx,std,temporal
5,video_trial_delta,329,879,0.6334131360054016,eye_left_upper,velocity_y,absolute_std,absolute_motion
5,video_trial_delta,330,455,0.6316335797309875,nose_bridge,area,temporal_slope,temporal
5,video_trial_delta,331,677,0.628389298915863,lower_lip,aspect,temporal_slope,temporal
5,video_trial_delta,332,8,0.6234967708587646,brow_left_inner,cy,quantile_10,temporal
5,video_trial_delta,333,67,0.6220670342445374,brow_left_outer,cz,std,temporal
5,video_trial_delta,334,538,0.6209054589271545,nose_alar_left,velocity_aspect,late_minus_early,temporal
5,video_trial_delta,335,611,0.6205445528030396,upper_lip,cz,temporal_slope,temporal
5,video_trial_delta,336,1013,0.6194753050804138,lower_lip,velocity_area,absolute_max,absolute_motion
5,video_trial_delta,337,161,0.6173092722892761,brow_right_inner,velocity_aspect,temporal_slope,temporal
5,video_trial_delta,338,659,0.6169141530990601,lower_lip,cy,temporal_slope,temporal
5,video_trial_delta,339,846,0.6144407391548157,brow_right_inner,velocity_y,absolute_mean,absolute_motion
5,video_trial_delta,340,434,0.6108877658843994,nose_bridge,cx,quantile_10,temporal
5,video_trial_delta,341,102,0.6050701141357422,brow_left_outer,velocity_aspect,mean,temporal
5,video_trial_delta,342,325,0.6036885976791382,eye_right_upper,cx,std,temporal
5,video_trial_delta,343,157,0.6036003232002258,brow_right_inner,velocity_aspect,std,temporal
5,video_trial_delta,344,59,0.595508873462677,brow_left_outer,cx,temporal_slope,temporal
5,video_trial_delta,345,734,0.5945571064949036,lip_corners,velocity_x,quantile_10,temporal
5,video_trial_delta,346,503,0.5945107340812683,nose_alar_left,cz,temporal_slope,temporal
5,video_trial_delta,347,198,0.5932688117027283,brow_right_outer,velocity_y,mean,temporal
5,video_trial_delta,348,345,0.5916467905044556,eye_right_upper,area,quantile_90,temporal
5,video_trial_delta,349,712,0.5896629095077515,lip_corners,cy,late_minus_early,temporal
5,video_trial_delta,350,269,0.5888341069221497,eye_left_upper,velocity_aspect,temporal_slope,temporal
5,video_trial_delta,351,887,0.5802042484283447,eye_left_upper,velocity_aspect,absolute_std,absolute_motion
5,video_trial_delta,352,644,0.5783624053001404,upper_lip,velocity_aspect,quantile_10,temporal
5,video_trial_delta,353,701,0.5765962600708008,lower_lip,velocity_aspect,temporal_slope,temporal
5,video_trial_delta,354,436,0.5760320425033569,nose_bridge,cx,late_minus_early,temporal
5,video_trial_delta,355,130,0.5751131176948547,brow_right_inner,area,late_minus_early,temporal
5,video_trial_delta,356,58,0.5735829472541809,brow_left_outer,cx,late_minus_early,temporal
5,video_trial_delta,357,640,0.5684131383895874,upper_lip,velocity_area,late_minus_early,temporal
5,video_trial_delta,358,395,0.5671991109848022,eye_right_lower,cz,temporal_slope,temporal
5,video_trial_delta,359,695,0.5656740069389343,lower_lip,velocity_area,temporal_slope,temporal
5,video_trial_delta,360,899,0.5634329915046692,eye_left_lower,velocity_area,absolute_std,absolute_motion
5,video_trial_delta,361,610,0.561880350112915,upper_lip,cz,late_minus_early,temporal
5,video_trial_delta,362,502,0.5596136450767517,nose_alar_left,cz,late_minus_early,temporal
5,video_trial_delta,363,511,0.559027373790741,nose_alar_left,aspect,std,temporal
5,video_trial_delta,364,298,0.5587725639343262,eye_left_lower,aspect,late_minus_early,temporal
5,video_trial_delta,365,6,0.5546578168869019,brow_left_inner,cy,mean,temporal
5,video_trial_delta,366,638,0.5510242581367493,upper_lip,velocity_area,quantile_10,temporal
5,video_trial_delta,367,658,0.5480615496635437,lower_lip,cy,late_minus_early,temporal
5,video_trial_delta,368,694,0.5420363545417786,lower_lip,velocity_area,late_minus_early,temporal
5,video_trial_delta,369,555,0.5374718904495239,nose_alar_right,cz,quantile_90,temporal
5,video_trial_delta,370,676,0.5369555354118347,lower_lip,aspect,late_minus_early,temporal
5,video_trial_delta,371,108,0.5343946218490601,brow_right_inner,cx,mean,temporal
5,video_trial_delta,372,214,0.5341942310333252,brow_right_outer,velocity_aspect,late_minus_early,temporal
5,video_trial_delta,373,777,0.5331972241401672,chin_center,area,quantile_90,temporal
5,video_trial_delta,374,545,0.5314635634422302,nose_alar_right,cx,temporal_slope,temporal
5,video_trial_delta,375,740,0.5290589332580566,lip_corners,velocity_y,quantile_10,temporal
5,video_trial_delta,376,75,0.5260574817657471,brow_left_outer,area,quantile_90,temporal
5,video_trial_delta,377,602,0.5219316482543945,upper_lip,cy,quantile_10,temporal
5,video_trial_delta,378,853,0.5194294452667236,brow_right_inner,velocity_area,absolute_max,absolute_motion
5,video_trial_delta,379,159,0.5186470150947571,brow_right_inner,velocity_aspect,quantile_90,temporal
5,video_trial_delta,380,233,0.5140803456306458,eye_left_upper,cz,temporal_slope,temporal
5,video_trial_delta,381,41,0.5140432715415955,brow_left_inner,velocity_y,temporal_slope,temporal
5,video_trial_delta,382,306,0.5121451020240784,eye_left_lower,velocity_y,mean,temporal
5,video_trial_delta,383,419,0.4960707724094391,eye_right_lower,velocity_y,temporal_slope,temporal
5,video_trial_delta,384,709,0.48753973841667175,lip_corners,cy,std,temporal
5,video_trial_delta,385,842,0.48615455627441406,brow_right_inner,velocity_x,absolute_mean,absolute_motion
5,video_trial_delta,386,832,0.48492199182510376,brow_left_outer,velocity_y,absolute_quantile_90,absolute_motion
5,video_trial_delta,387,5,0.4757530689239502,brow_left_inner,cx,temporal_slope,temporal
5,video_trial_delta,388,581,0.4703916013240814,nose_alar_right,velocity_y,temporal_slope,temporal
5,video_trial_delta,389,951,0.46887341141700745,nose_bridge,velocity_aspect,absolute_std,absolute_motion
5,video_trial_delta,390,719,0.4687369465827942,lip_corners,cz,temporal_slope,temporal
5,video_trial_delta,391,837,0.4660530984401703,brow_left_outer,velocity_area,absolute_max,absolute_motion
5,video_trial_delta,392,976,0.46382999420166016,nose_alar_right,velocity_y,absolute_quantile_90,absolute_motion
5,video_trial_delta,393,272,0.4632779359817505,eye_left_lower,cx,quantile_10,temporal
5,video_trial_delta,394,358,0.4632646143436432,eye_right_upper,velocity_x,late_minus_early,temporal
5,video_trial_delta,395,322,0.46076807379722595,eye_left_lower,velocity_aspect,late_minus_early,temporal
5,video_trial_delta,396,267,0.4590158462524414,eye_left_upper,velocity_aspect,quantile_90,temporal
5,video_trial_delta,397,3,0.45866847038269043,brow_left_inner,cx,quantile_90,temporal
5,video_trial_delta,398,966,0.45795005559921265,nose_alar_left,velocity_aspect,absolute_mean,absolute_motion
5,video_trial_delta,399,854,0.45784249901771545,brow_right_inner,velocity_aspect,absolute_mean,absolute_motion
5,video_trial_delta,400,394,0.4576198160648346,eye_right_lower,cz,late_minus_early,temporal
5,video_trial_delta,401,107,0.4549819827079773,brow_left_outer,velocity_aspect,temporal_slope,temporal
5,video_trial_delta,402,12,0.4521920084953308,brow_left_inner,cz,mean,temporal
5,video_trial_delta,403,140,0.4489319920539856,brow_right_inner,velocity_x,quantile_10,temporal
5,video_trial_delta,404,774,0.4461355209350586,chin_center,area,mean,temporal
5,video_trial_delta,405,365,0.43910762667655945,eye_right_upper,velocity_y,temporal_slope,temporal
5,video_trial_delta,406,491,0.43867480754852295,nose_alar_left,cx,temporal_slope,temporal
5,video_trial_delta,407,655,0.4381019175052643,lower_lip,cy,std,temporal
5,video_trial_delta,408,544,0.4379729926586151,nose_alar_right,cx,late_minus_early,temporal
5,video_trial_delta,409,718,0.4374426603317261,lip_corners,cz,late_minus_early,temporal
5,video_trial_delta,410,242,0.43695271015167236,eye_left_upper,aspect,quantile_10,temporal
5,video_trial_delta,411,494,0.4317294955253601,nose_alar_left,cy,quantile_10,temporal
5,video_trial_delta,412,454,0.43023285269737244,nose_bridge,area,late_minus_early,temporal
5,video_trial_delta,413,579,0.4301374852657318,nose_alar_right,velocity_y,quantile_90,temporal
5,video_trial_delta,414,111,0.42949506640434265,brow_right_inner,cx,quantile_90,temporal
5,video_trial_delta,415,469,0.42692121863365173,nose_bridge,velocity_y,std,temporal
5,video_trial_delta,416,591,0.4260082542896271,nose_alar_right,velocity_aspect,quantile_90,temporal
5,video_trial_delta,417,844,0.42581290006637573,brow_right_inner,velocity_x,absolute_quantile_90,absolute_motion
5,video_trial_delta,418,605,0.4236089587211609,upper_lip,cy,temporal_slope,temporal
5,video_trial_delta,419,675,0.4183959662914276,lower_lip,aspect,quantile_90,temporal
5,video_trial_delta,420,877,0.4144110679626465,eye_left_upper,velocity_x,absolute_max,absolute_motion
5,video_trial_delta,421,61,0.4120897054672241,brow_left_outer,cy,std,temporal
5,video_trial_delta,422,265,0.40928658843040466,eye_left_upper,velocity_aspect,std,temporal
5,video_trial_delta,423,934,0.403978168964386,eye_right_lower,velocity_aspect,absolute_mean,absolute_motion
5,video_trial_delta,424,66,0.4024932384490967,brow_left_outer,cz,mean,temporal
5,video_trial_delta,425,697,0.4022873342037201,lower_lip,velocity_aspect,std,temporal
5,video_trial_delta,426,453,0.40125539898872375,nose_bridge,area,quantile_90,temporal
5,video_trial_delta,427,21,0.4007391035556793,brow_left_inner,area,quantile_90,temporal
5,video_trial_delta,428,546,0.4006156027317047,nose_alar_right,cy,mean,temporal
5,video_trial_delta,429,1034,0.39900341629981995,chin_center,velocity_x,absolute_mean,absolute_motion
5,video_trial_delta,430,943,0.3972780108451843,nose_bridge,velocity_y,absolute_std,absolute_motion
5,video_trial_delta,431,36,0.3966740071773529,brow_left_inner,velocity_y,mean,temporal
5,video_trial_delta,432,488,0.3931352198123932,nose_alar_left,cx,quantile_10,temporal
5,video_trial_delta,433,55,0.3918476700782776,brow_left_outer,cx,std,temporal
5,video_trial_delta,434,458,0.39073076844215393,nose_bridge,aspect,quantile_10,temporal
5,video_trial_delta,435,1004,0.3903982937335968,lower_lip,velocity_x,absolute_quantile_90,absolute_motion
5,video_trial_delta,436,533,0.38991880416870117,nose_alar_left,velocity_area,temporal_slope,temporal
5,video_trial_delta,437,378,0.38760408759117126,eye_right_lower,cx,mean,temporal
5,video_trial_delta,438,651,0.3856719434261322,lower_lip,cx,quantile_90,temporal
5,video_trial_delta,439,372,0.3848435580730438,eye_right_upper,velocity_aspect,mean,temporal
5,video_trial_delta,440,397,0.38434940576553345,eye_right_lower,area,std,temporal
5,video_trial_delta,441,110,0.38391828536987305,brow_right_inner,cx,quantile_10,temporal
5,video_trial_delta,442,352,0.3830593228340149,eye_right_upper,aspect,late_minus_early,temporal
5,video_trial_delta,443,287,0.3818935751914978,eye_left_lower,cz,temporal_slope,temporal
5,video_trial_delta,444,106,0.3814733326435089,brow_left_outer,velocity_aspect,late_minus_early,temporal
5,video_trial_delta,445,1047,0.380733460187912,chin_center,velocity_aspect,absolute_std,absolute_motion
5,video_trial_delta,446,296,0.3798384964466095,eye_left_lower,aspect,quantile_10,temporal
5,video_trial_delta,447,944,0.3797098994255066,nose_bridge,velocity_y,absolute_quantile_90,absolute_motion
5,video_trial_delta,448,396,0.37959715723991394,eye_right_lower,area,mean,temporal
5,video_trial_delta,449,342,0.3779427707195282,eye_right_upper,area,mean,temporal
5,video_trial_delta,450,595,0.37634098529815674,upper_lip,cx,std,temporal
5,video_trial_delta,451,1012,0.37597620487213135,lower_lip,velocity_area,absolute_quantile_90,absolute_motion
5,video_trial_delta,452,131,0.37381404638290405,brow_right_inner,area,temporal_slope,temporal
5,video_trial_delta,453,216,0.3731667697429657,eye_left_upper,cx,mean,temporal
5,video_trial_delta,454,88,0.3718329966068268,brow_left_outer,velocity_x,late_minus_early,temporal
5,video_trial_delta,455,942,0.36990875005722046,nose_bridge,velocity_y,absolute_mean,absolute_motion
5,video_trial_delta,456,604,0.36831533908843994,upper_lip,cy,late_minus_early,temporal
5,video_trial_delta,457,901,0.36817681789398193,eye_left_lower,velocity_area,absolute_max,absolute_motion
5,video_trial_delta,458,866,0.36789360642433167,brow_right_outer,velocity_area,absolute_mean,absolute_motion
5,video_trial_delta,459,232,0.36723047494888306,eye_left_upper,cz,late_minus_early,temporal
5,video_trial_delta,460,764,0.3633296489715576,chin_center,cy,quantile_10,temporal
5,video_trial_delta,461,985,0.36323657631874084,nose_alar_right,velocity_aspect,absolute_max,absolute_motion
5,video_trial_delta,462,53,0.3622416853904724,brow_left_inner,velocity_aspect,temporal_slope,temporal
5,video_trial_delta,463,987,0.36076584458351135,upper_lip,velocity_x,absolute_std,absolute_motion
5,video_trial_delta,464,588,0.3589707314968109,nose_alar_right,velocity_aspect,mean,temporal
5,video_trial_delta,465,341,0.3562089502811432,eye_right_upper,cz,temporal_slope,temporal
5,video_trial_delta,466,46,0.35577133297920227,brow_left_inner,velocity_area,late_minus_early,temporal
5,video_trial_delta,467,72,0.3526599109172821,brow_left_outer,area,mean,temporal
5,video_trial_delta,468,286,0.3524722754955292,eye_left_lower,cz,late_minus_early,temporal
5,video_trial_delta,469,229,0.35241442918777466,eye_left_upper,cz,std,temporal
5,video_trial_delta,470,47,0.3519175350666046,brow_left_inner,velocity_area,temporal_slope,temporal
5,video_trial_delta,471,542,0.3518146872520447,nose_alar_right,cx,quantile_10,temporal
5,video_trial_delta,472,89,0.3505685329437256,brow_left_outer,velocity_x,temporal_slope,temporal
5,video_trial_delta,473,375,0.3495778739452362,eye_right_upper,velocity_aspect,quantile_90,temporal
5,video_trial_delta,474,786,0.34494754672050476,chin_center,velocity_x,mean,temporal
5,video_trial_delta,475,441,0.3432450294494629,nose_bridge,cy,quantile_90,temporal
5,video_trial_delta,476,732,0.3404715359210968,lip_corners,velocity_x,mean,temporal
5,video_trial_delta,477,42,0.3375735878944397,brow_left_inner,velocity_area,mean,temporal
5,video_trial_delta,478,326,0.3365447521209717,eye_right_upper,cx,quantile_10,temporal
5,video_trial_delta,479,700,0.33564454317092896,lower_lip,velocity_aspect,late_minus_early,temporal
5,video_trial_delta,480,449,0.33418408036231995,nose_bridge,cz,temporal_slope,temporal
5,video_trial_delta,481,490,0.33332914113998413,nose_alar_left,cx,late_minus_early,temporal
5,video_trial_delta,482,354,0.3333044648170471,eye_right_upper,velocity_x,mean,temporal
5,video_trial_delta,483,584,0.3323061764240265,nose_alar_right,velocity_area,quantile_10,temporal
5,video_trial_delta,484,685,0.33215460181236267,lower_lip,velocity_y,std,temporal
5,video_trial_delta,485,288,0.3316457271575928,eye_left_lower,area,mean,temporal
5,video_trial_delta,486,399,0.3312484323978424,eye_right_lower,area,quantile_90,temporal
5,video_trial_delta,487,138,0.33057570457458496,brow_right_inner,velocity_x,mean,temporal
5,video_trial_delta,488,789,0.33009281754493713,chin_center,velocity_x,quantile_90,temporal
5,video_trial_delta,489,619,0.3300527334213257,upper_lip,aspect,std,temporal
5,video_trial_delta,490,885,0.3273524045944214,eye_left_upper,velocity_area,absolute_max,absolute_motion
5,video_trial_delta,491,431,0.3265164792537689,eye_right_lower,velocity_aspect,temporal_slope,temporal
5,video_trial_delta,492,1007,0.32562682032585144,lower_lip,velocity_y,absolute_std,absolute_motion
5,video_trial_delta,493,630,0.3236102759838104,upper_lip,velocity_y,mean,temporal
5,video_trial_delta,494,1023,0.3214608430862427,lip_corners,velocity_y,absolute_std,absolute_motion
5,video_trial_delta,495,773,0.320401668548584,chin_center,cz,temporal_slope,temporal
5,video_trial_delta,496,433,0.3200981020927429,nose_bridge,cx,std,temporal
5,video_trial_delta,497,57,0.3195420503616333,brow_left_outer,cx,quantile_90,temporal
5,video_trial_delta,498,254,0.3186834454536438,eye_left_upper,velocity_y,quantile_10,temporal
5,video_trial_delta,499,281,0.3175283372402191,eye_left_lower,cy,temporal_slope,temporal
5,video_trial_delta,500,202,0.31512078642845154,brow_right_outer,velocity_y,late_minus_early,temporal
5,video_trial_delta,501,4,0.3148346543312073,brow_left_inner,cx,late_minus_early,temporal
5,video_trial_delta,502,897,0.3145127594470978,eye_left_lower,velocity_y,absolute_max,absolute_motion
5,video_trial_delta,503,260,0.31326547265052795,eye_left_upper,velocity_area,quantile_10,temporal
5,video_trial_delta,504,541,0.3112313449382782,nose_alar_right,cx,std,temporal
5,video_trial_delta,505,980,0.31082943081855774,nose_alar_right,velocity_area,absolute_quantile_90,absolute_motion
5,video_trial_delta,506,739,0.3104032874107361,lip_corners,velocity_y,std,temporal
5,video_trial_delta,507,799,0.31020694971084595,chin_center,velocity_area,std,temporal
5,video_trial_delta,508,803,0.30902472138404846,chin_center,velocity_area,temporal_slope,temporal
5,video_trial_delta,509,586,0.30892544984817505,nose_alar_right,velocity_area,late_minus_early,temporal
5,video_trial_delta,510,9,0.308691143989563,brow_left_inner,cy,quantile_90,temporal
5,video_trial_delta,511,917,0.3070729672908783,eye_right_upper,velocity_area,absolute_max,absolute_motion
5,video_trial_delta,512,412,0.3041432797908783,eye_right_lower,velocity_x,late_minus_early,temporal
5,video_trial_delta,513,940,0.303794801235199,nose_bridge,velocity_x,absolute_quantile_90,absolute_motion
5,video_trial_delta,514,665,0.301791250705719,lower_lip,cz,temporal_slope,temporal
5,video_trial_delta,515,217,0.2940720021724701,eye_left_upper,cx,std,temporal
5,video_trial_delta,516,1045,0.2939586341381073,chin_center,velocity_area,absolute_max,absolute_motion
5,video_trial_delta,517,772,0.2931973338127136,chin_center,cz,late_minus_early,temporal
5,video_trial_delta,518,413,0.29108986258506775,eye_right_lower,velocity_x,temporal_slope,temporal
5,video_trial_delta,519,240,0.2907237708568573,eye_left_upper,aspect,mean,temporal
5,video_trial_delta,520,664,0.2906692624092102,lower_lip,cz,late_minus_early,temporal
5,video_trial_delta,521,219,0.2896448075771332,eye_left_upper,cx,quantile_90,temporal
5,video_trial_delta,522,886,0.2891775071620941,eye_left_upper,velocity_aspect,absolute_mean,absolute_motion
5,video_trial_delta,523,359,0.2888388931751251,eye_right_upper,velocity_x,temporal_slope,temporal
5,video_trial_delta,524,971,0.2880515158176422,nose_alar_right,velocity_x,absolute_std,absolute_motion
5,video_trial_delta,525,686,0.2857666611671448,lower_lip,velocity_y,quantile_10,temporal
5,video_trial_delta,526,927,0.2853686809539795,eye_right_lower,velocity_y,absolute_std,absolute_motion
5,video_trial_delta,527,802,0.2818414866924286,chin_center,velocity_area,late_minus_early,temporal
5,video_trial_delta,528,340,0.2800886332988739,eye_right_upper,cz,late_minus_early,temporal
5,video_trial_delta,529,900,0.27932295203208923,eye_left_lower,velocity_area,absolute_quantile_90,absolute_motion
5,video_trial_delta,530,379,0.2744714915752411,eye_right_lower,cx,std,temporal
5,video_trial_delta,531,993,0.2740916609764099,upper_lip,velocity_y,absolute_max,absolute_motion
5,video_trial_delta,532,535,0.26940566301345825,nose_alar_left,velocity_aspect,std,temporal
5,video_trial_delta,533,218,0.2691459059715271,eye_left_upper,cx,quantile_10,temporal
5,video_trial_delta,534,313,0.26797306537628174,eye_left_lower,velocity_area,std,temporal
5,video_trial_delta,535,466,0.26296448707580566,nose_bridge,velocity_x,late_minus_early,temporal
5,video_trial_delta,536,432,0.2625345289707184,nose_bridge,cx,mean,temporal
5,video_trial_delta,537,649,0.26143965125083923,lower_lip,cx,std,temporal
5,video_trial_delta,538,448,0.26133275032043457,nose_bridge,cz,late_minus_early,temporal
5,video_trial_delta,539,74,0.2604655921459198,brow_left_outer,area,quantile_10,temporal
5,video_trial_delta,540,1001,0.2597908079624176,upper_lip,velocity_aspect,absolute_max,absolute_motion
5,video_trial_delta,541,537,0.2582329213619232,nose_alar_left,velocity_aspect,quantile_90,temporal
5,video_trial_delta,542,794,0.25481685996055603,chin_center,velocity_y,quantile_10,temporal
5,video_trial_delta,543,534,0.25335800647735596,nose_alar_left,velocity_aspect,mean,temporal
5,video_trial_delta,544,80,0.2519022226333618,brow_left_outer,aspect,quantile_10,temporal
5,video_trial_delta,545,896,0.2483210414648056,eye_left_lower,velocity_y,absolute_quantile_90,absolute_motion
5,video_trial_delta,546,673,0.247203066945076,lower_lip,aspect,std,temporal
5,video_trial_delta,547,624,0.2470146268606186,upper_lip,velocity_x,mean,temporal
5,video_trial_delta,548,94,0.2461947649717331,brow_left_outer,velocity_y,late_minus_early,temporal
5,video_trial_delta,549,758,0.2439751923084259,chin_center,cx,quantile_10,temporal
5,video_trial_delta,550,601,0.24370990693569183,upper_lip,cy,std,temporal
5,video_trial_delta,551,582,0.24195361137390137,nose_alar_right,velocity_area,mean,temporal
5,video_trial_delta,552,408,0.24131785333156586,eye_right_lower,velocity_x,mean,temporal
5,video_trial_delta,553,737,0.23978129029273987,lip_corners,velocity_x,temporal_slope,temporal
5,video_trial_delta,554,473,0.238697350025177,nose_bridge,velocity_y,temporal_slope,temporal
5,video_trial_delta,555,988,0.23695246875286102,upper_lip,velocity_x,absolute_quantile_90,absolute_motion
5,video_trial_delta,556,704,0.23556551337242126,lip_corners,cx,quantile_10,temporal
5,video_trial_delta,557,561,0.23338939249515533,nose_alar_right,area,quantile_90,temporal
5,video_trial_delta,558,805,0.23218101263046265,chin_center,velocity_aspect,std,temporal
5,video_trial_delta,559,557,0.23185037076473236,nose_alar_right,cz,temporal_slope,temporal
5,video_trial_delta,560,680,0.23179294168949127,lower_lip,velocity_x,quantile_10,temporal
5,video_trial_delta,561,311,0.23146219551563263,eye_left_lower,velocity_y,temporal_slope,temporal
5,video_trial_delta,562,73,0.23069041967391968,brow_left_outer,area,std,temporal
5,video_trial_delta,563,804,0.23027777671813965,chin_center,velocity_aspect,mean,temporal
5,video_trial_delta,564,117,0.22764790058135986,brow_right_inner,cy,quantile_90,temporal
5,video_trial_delta,565,563,0.22761495411396027,nose_alar_right,area,temporal_slope,temporal
5,video_trial_delta,566,101,0.2265104502439499,brow_left_outer,velocity_area,temporal_slope,temporal
5,video_trial_delta,567,519,0.22342538833618164,nose_alar_left,velocity_x,quantile_90,temporal
5,video_trial_delta,568,350,0.22226831316947937,eye_right_upper,aspect,quantile_10,temporal
5,video_trial_delta,569,480,0.22072909772396088,nose_bridge,velocity_aspect,mean,temporal
5,video_trial_delta,570,522,0.2203955054283142,nose_alar_left,velocity_y,mean,temporal
5,video_trial_delta,571,795,0.21626988053321838,chin_center,velocity_y,quantile_90,temporal
5,video_trial_delta,572,472,0.21466980874538422,nose_bridge,velocity_y,late_minus_early,temporal
5,video_trial_delta,573,861,0.21289199590682983,brow_right_outer,velocity_x,absolute_max,absolute_motion
5,video_trial_delta,574,179,0.2128787785768509,brow_right_outer,cz,temporal_slope,temporal
5,video_trial_delta,575,289,0.21287290751934052,eye_left_lower,area,std,temporal
5,video_trial_delta,576,150,0.2122339904308319,brow_right_inner,velocity_area,mean,temporal
5,video_trial_delta,577,465,0.2110353261232376,nose_bridge,velocity_x,quantile_90,temporal
5,video_trial_delta,578,243,0.210103839635849,eye_left_upper,aspect,quantile_90,temporal
5,video_trial_delta,579,91,0.20967347919940948,brow_left_outer,velocity_y,std,temporal
5,video_trial_delta,580,275,0.20952406525611877,eye_left_lower,cx,temporal_slope,temporal
5,video_trial_delta,581,864,0.20851707458496094,brow_right_outer,velocity_y,absolute_quantile_90,absolute_motion
5,video_trial_delta,582,2,0.20797158777713776,brow_left_inner,cx,quantile_10,temporal
5,video_trial_delta,583,590,0.20765848457813263,nose_alar_right,velocity_aspect,quantile_10,temporal
5,video_trial_delta,584,549,0.20612461864948273,nose_alar_right,cy,quantile_90,temporal
5,video_trial_delta,585,797,0.20567195117473602,chin_center,velocity_y,temporal_slope,temporal
5,video_trial_delta,586,280,0.2033320516347885,eye_left_lower,cy,late_minus_early,temporal
5,video_trial_delta,587,692,0.19976148009300232,lower_lip,velocity_area,quantile_10,temporal
5,video_trial_delta,588,807,0.19888636469841003,chin_center,velocity_aspect,quantile_90,temporal
5,video_trial_delta,589,377,0.19836044311523438,eye_right_upper,velocity_aspect,temporal_slope,temporal
5,video_trial_delta,590,788,0.19703826308250427,chin_center,velocity_x,quantile_10,temporal
5,video_trial_delta,591,783,0.19631916284561157,chin_center,aspect,quantile_90,temporal
5,video_trial_delta,592,215,0.19598384201526642,brow_right_outer,velocity_aspect,temporal_slope,temporal
5,video_trial_delta,593,626,0.19586963951587677,upper_lip,velocity_x,quantile_10,temporal
5,video_trial_delta,594,253,0.19578048586845398,eye_left_upper,velocity_y,std,temporal
5,video_trial_delta,595,309,0.1934661865234375,eye_left_lower,velocity_y,quantile_90,temporal
5,video_trial_delta,596,981,0.19310608506202698,nose_alar_right,velocity_area,absolute_max,absolute_motion
5,video_trial_delta,597,883,0.1923181712627411,eye_left_upper,velocity_area,absolute_std,absolute_motion
5,video_trial_delta,598,337,0.19171759486198425,eye_right_upper,cz,std,temporal
5,video_trial_delta,599,65,0.18928173184394836,brow_left_outer,cy,temporal_slope,temporal
5,video_trial_delta,600,250,0.18870985507965088,eye_left_upper,velocity_x,late_minus_early,temporal
5,video_trial_delta,601,171,0.18752805888652802,brow_right_outer,cy,quantile_90,temporal
5,video_trial_delta,602,575,0.18694926798343658,nose_alar_right,velocity_x,temporal_slope,temporal
5,video_trial_delta,603,728,0.18372099101543427,lip_corners,aspect,quantile_10,temporal
5,video_trial_delta,604,389,0.1826295107603073,eye_right_lower,cy,temporal_slope,temporal
5,video_trial_delta,605,230,0.18172679841518402,eye_left_upper,cz,quantile_10,temporal
5,video_trial_delta,606,370,0.1811264604330063,eye_right_upper,velocity_area,late_minus_early,temporal
5,video_trial_delta,607,416,0.18109753727912903,eye_right_lower,velocity_y,quantile_10,temporal
5,video_trial_delta,608,363,0.18007023632526398,eye_right_upper,velocity_y,quantile_90,temporal
5,video_trial_delta,609,848,0.17773407697677612,brow_right_inner,velocity_y,absolute_quantile_90,absolute_motion
5,video_trial_delta,610,708,0.17758579552173615,lip_corners,cy,mean,temporal
5,video_trial_delta,611,235,0.1770533323287964,eye_left_upper,area,std,temporal
5,video_trial_delta,612,571,0.1761375069618225,nose_alar_right,velocity_x,std,temporal
5,video_trial_delta,613,711,0.17461411654949188,lip_corners,cy,quantile_90,temporal
5,video_trial_delta,614,68,0.174469992518425,brow_left_outer,cz,quantile_10,temporal
5,video_trial_delta,615,918,0.17381729185581207,eye_right_upper,velocity_aspect,absolute_mean,absolute_motion
5,video_trial_delta,616,796,0.1714288592338562,chin_center,velocity_y,late_minus_early,temporal
5,video_trial_delta,617,733,0.17019066214561462,lip_corners,velocity_x,std,temporal
5,video_trial_delta,618,482,0.16990816593170166,nose_bridge,velocity_aspect,quantile_10,temporal
5,video_trial_delta,619,178,0.16983167827129364,brow_right_outer,cz,late_minus_early,temporal
5,video_trial_delta,620,632,0.1687229871749878,upper_lip,velocity_y,quantile_10,temporal
5,video_trial_delta,621,596,0.16738402843475342,upper_lip,cx,quantile_10,temporal
5,video_trial_delta,622,373,0.1657288521528244,eye_right_upper,velocity_aspect,std,temporal
5,video_trial_delta,623,702,0.16383133828639984,lip_corners,cx,mean,temporal
5,video_trial_delta,624,1002,0.16337352991104126,lower_lip,velocity_x,absolute_mean,absolute_motion
5,video_trial_delta,625,565,0.16304263472557068,nose_alar_right,aspect,std,temporal
5,video_trial_delta,626,556,0.16258123517036438,nose_alar_right,cz,late_minus_early,temporal
5,video_trial_delta,627,339,0.16172218322753906,eye_right_upper,cz,quantile_90,temporal
5,video_trial_delta,628,481,0.16109956800937653,nose_bridge,velocity_aspect,std,temporal
5,video_trial_delta,629,109,0.16087552905082703,brow_right_inner,cx,std,temporal
5,video_trial_delta,630,22,0.16048015654087067,brow_left_inner,area,late_minus_early,temporal
5,video_trial_delta,631,231,0.16001057624816895,eye_left_upper,cz,quantile_90,temporal
5,video_trial_delta,632,155,0.15916703641414642,brow_right_inner,velocity_area,temporal_slope,temporal
5,video_trial_delta,633,574,0.1585080921649933,nose_alar_right,velocity_x,late_minus_early,temporal
5,video_trial_delta,634,560,0.1583257019519806,nose_alar_right,area,quantile_10,temporal
5,video_trial_delta,635,646,0.15797865390777588,upper_lip,velocity_aspect,late_minus_early,temporal
5,video_trial_delta,636,335,0.15709497034549713,eye_right_upper,cy,temporal_slope,temporal
5,video_trial_delta,637,192,0.1559150218963623,brow_right_outer,velocity_x,mean,temporal
5,video_trial_delta,638,262,0.1557455211877823,eye_left_upper,velocity_area,late_minus_early,temporal
5,video_trial_delta,639,173,0.15441913902759552,brow_right_outer,cy,temporal_slope,temporal
5,video_trial_delta,640,274,0.15366975963115692,eye_left_lower,cx,late_minus_early,temporal
5,video_trial_delta,641,314,0.15282480418682098,eye_left_lower,velocity_area,quantile_10,temporal
5,video_trial_delta,642,100,0.15262795984745026,brow_left_outer,velocity_area,late_minus_early,temporal
5,video_trial_delta,643,1010,0.1521260142326355,lower_lip,velocity_area,absolute_mean,absolute_motion
5,video_trial_delta,644,858,0.15156707167625427,brow_right_outer,velocity_x,absolute_mean,absolute_motion
5,video_trial_delta,645,862,0.1512497216463089,brow_right_outer,velocity_y,absolute_mean,absolute_motion
5,video_trial_delta,646,540,0.14858925342559814,nose_alar_right,cx,mean,temporal
5,video_trial_delta,647,984,0.14789614081382751,nose_alar_right,velocity_aspect,absolute_quantile_90,absolute_motion
5,video_trial_delta,648,312,0.14605464041233063,eye_left_lower,velocity_area,mean,temporal
5,video_trial_delta,649,10,0.14522603154182434,brow_left_inner,cy,late_minus_early,temporal
5,video_trial_delta,650,562,0.14229260385036469,nose_alar_right,area,late_minus_early,temporal
5,video_trial_delta,651,172,0.14218410849571228,brow_right_outer,cy,late_minus_early,temporal
5,video_trial_delta,652,884,0.14196914434432983,eye_left_upper,velocity_area,absolute_quantile_90,absolute_motion
5,video_trial_delta,653,756,0.13932423293590546,chin_center,cx,mean,temporal
5,video_trial_delta,654,505,0.1381034553050995,nose_alar_left,area,std,temporal
5,video_trial_delta,655,525,0.13713538646697998,nose_alar_left,velocity_y,quantile_90,temporal
5,video_trial_delta,656,999,0.1368989795446396,upper_lip,velocity_aspect,absolute_std,absolute_motion
5,video_trial_delta,657,35,0.13604331016540527,brow_left_inner,velocity_x,temporal_slope,temporal
5,video_trial_delta,658,871,0.13556763529777527,brow_right_outer,velocity_aspect,absolute_std,absolute_motion
5,video_trial_delta,659,968,0.13517573475837708,nose_alar_left,velocity_aspect,absolute_quantile_90,absolute_motion
5,video_trial_delta,660,23,0.134445458650589,brow_left_inner,area,temporal_slope,temporal
5,video_trial_delta,661,152,0.13347452878952026,brow_right_inner,velocity_area,quantile_10,temporal
5,video_trial_delta,662,328,0.13328589498996735,eye_right_upper,cx,late_minus_early,temporal
5,video_trial_delta,663,793,0.13304503262043,chin_center,velocity_y,std,temporal
5,video_trial_delta,664,961,0.1329377293586731,nose_alar_left,velocity_y,absolute_max,absolute_motion
5,video_trial_delta,665,967,0.13087110221385956,nose_alar_left,velocity_aspect,absolute_std,absolute_motion
5,video_trial_delta,666,520,0.1295623630285263,nose_alar_left,velocity_x,late_minus_early,temporal
5,video_trial_delta,667,521,0.12872333824634552,nose_alar_left,velocity_x,temporal_slope,temporal
5,video_trial_delta,668,509,0.12764503061771393,nose_alar_left,area,temporal_slope,temporal
5,video_trial_delta,669,530,0.12730371952056885,nose_alar_left,velocity_area,quantile_10,temporal
5,video_trial_delta,670,977,0.12695205211639404,nose_alar_right,velocity_y,absolute_max,absolute_motion
5,video_trial_delta,671,647,0.12518413364887238,upper_lip,velocity_aspect,temporal_slope,temporal
5,video_trial_delta,672,915,0.12416137754917145,eye_right_upper,velocity_area,absolute_std,absolute_motion
5,video_trial_delta,673,121,0.12330027669668198,brow_right_inner,cz,std,temporal
5,video_trial_delta,674,635,0.12306109070777893,upper_lip,velocity_y,temporal_slope,temporal
5,video_trial_delta,675,406,0.12279743701219559,eye_right_lower,aspect,late_minus_early,temporal
5,video_trial_delta,676,983,0.12210385501384735,nose_alar_right,velocity_aspect,absolute_std,absolute_motion
5,video_trial_delta,677,200,0.12044446915388107,brow_right_outer,velocity_y,quantile_10,temporal
5,video_trial_delta,678,211,0.11980512738227844,brow_right_outer,velocity_aspect,std,temporal
5,video_trial_delta,679,209,0.11966418474912643,brow_right_outer,velocity_area,temporal_slope,temporal
5,video_trial_delta,680,486,0.11965864151716232,nose_alar_left,cx,mean,temporal
5,video_trial_delta,681,939,0.11816082894802094,nose_bridge,velocity_x,absolute_std,absolute_motion
5,video_trial_delta,682,158,0.11752693355083466,brow_right_inner,velocity_aspect,quantile_10,temporal
5,video_trial_delta,683,78,0.11702420562505722,brow_left_outer,aspect,mean,temporal
5,video_trial_delta,684,364,0.11609882116317749,eye_right_upper,velocity_y,late_minus_early,temporal
5,video_trial_delta,685,1038,0.1136709675192833,chin_center,velocity_y,absolute_mean,absolute_motion
5,video_trial_delta,686,483,0.1123538613319397,nose_bridge,velocity_aspect,quantile_90,temporal
5,video_trial_delta,687,291,0.11198645830154419,eye_left_lower,area,quantile_90,temporal
5,video_trial_delta,688,852,0.10959238559007645,brow_right_inner,velocity_area,absolute_quantile_90,absolute_motion
5,video_trial_delta,689,790,0.10886020958423615,chin_center,velocity_x,late_minus_early,temporal
5,video_trial_delta,690,467,0.10873160511255264,nose_bridge,velocity_x,temporal_slope,temporal
5,video_trial_delta,691,526,0.10706663876771927,nose_alar_left,velocity_y,late_minus_early,temporal
5,video_trial_delta,692,331,0.10686337202787399,eye_right_upper,cy,std,temporal
5,video_trial_delta,693,657,0.10678078979253769,lower_lip,cy,quantile_90,temporal
5,video_trial_delta,694,919,0.10640249401330948,eye_right_upper,velocity_aspect,absolute_std,absolute_motion
5,video_trial_delta,695,585,0.10612592846155167,nose_alar_right,velocity_area,quantile_90,temporal
5,video_trial_delta,696,1006,0.10530775040388107,lower_lip,velocity_y,absolute_mean,absolute_motion
5,video_trial_delta,697,284,0.10526277124881744,eye_left_lower,cz,quantile_10,temporal
5,video_trial_delta,698,277,0.10522287338972092,eye_left_lower,cy,std,temporal
5,video_trial_delta,699,512,0.10265877842903137,nose_alar_left,aspect,quantile_10,temporal
5,video_trial_delta,700,492,0.10179416835308075,nose_alar_left,cy,mean,temporal
5,video_trial_delta,701,81,0.1006823182106018,brow_left_outer,aspect,quantile_90,temporal
5,video_trial_delta,702,344,0.09976716339588165,eye_right_upper,area,quantile_10,temporal
5,video_trial_delta,703,769,0.09694882482290268,chin_center,cz,std,temporal
5,video_trial_delta,704,978,0.09690043330192566,nose_alar_right,velocity_area,absolute_mean,absolute_motion
5,video_trial_delta,705,760,0.09622561931610107,chin_center,cx,late_minus_early,temporal
5,video_trial_delta,706,706,0.0962202325463295,lip_corners,cx,late_minus_early,temporal
5,video_trial_delta,707,627,0.09555124491453171,upper_lip,velocity_x,quantile_90,temporal
5,video_trial_delta,708,221,0.09523466974496841,eye_left_upper,cx,temporal_slope,temporal
5,video_trial_delta,709,388,0.09502331167459488,eye_right_lower,cy,late_minus_early,temporal
5,video_trial_delta,710,678,0.09488515555858612,lower_lip,velocity_x,mean,temporal
5,video_trial_delta,711,321,0.09435508400201797,eye_left_lower,velocity_aspect,quantile_90,temporal
5,video_trial_delta,712,592,0.09395355731248856,nose_alar_right,velocity_aspect,late_minus_early,temporal
5,video_trial_delta,713,791,0.09369049221277237,chin_center,velocity_x,temporal_slope,temporal
5,video_trial_delta,714,1035,0.09346296638250351,chin_center,velocity_x,absolute_std,absolute_motion
5,video_trial_delta,715,256,0.09254962205886841,eye_left_upper,velocity_y,late_minus_early,temporal
5,video_trial_delta,716,672,0.091993547976017,lower_lip,aspect,mean,temporal
5,video_trial_delta,717,870,0.09195598214864731,brow_right_outer,velocity_aspect,absolute_mean,absolute_motion
5,video_trial_delta,718,654,0.09087850153446198,lower_lip,cy,mean,temporal
5,video_trial_delta,719,90,0.09075036644935608,brow_left_outer,velocity_y,mean,temporal
5,video_trial_delta,720,905,0.08976534008979797,eye_left_lower,velocity_aspect,absolute_max,absolute_motion
5,video_trial_delta,721,1000,0.08946347236633301,upper_lip,velocity_aspect,absolute_quantile_90,absolute_motion
5,video_trial_delta,722,118,0.08788502961397171,brow_right_inner,cy,late_minus_early,temporal
5,video_trial_delta,723,629,0.08773243427276611,upper_lip,velocity_x,temporal_slope,temporal
5,video_trial_delta,724,518,0.0874793753027916,nose_alar_left,velocity_x,quantile_10,temporal
5,video_trial_delta,725,197,0.08693473786115646,brow_right_outer,velocity_x,temporal_slope,temporal
5,video_trial_delta,726,959,0.08692541718482971,nose_alar_left,velocity_y,absolute_std,absolute_motion
5,video_trial_delta,727,1044,0.0867844969034195,chin_center,velocity_area,absolute_quantile_90,absolute_motion
5,video_trial_delta,728,681,0.08617418259382248,lower_lip,velocity_x,quantile_90,temporal
5,video_trial_delta,729,319,0.08616786450147629,eye_left_lower,velocity_aspect,std,temporal
5,video_trial_delta,730,119,0.08560381829738617,brow_right_inner,cy,temporal_slope,temporal
5,video_trial_delta,731,523,0.084134042263031,nose_alar_left,velocity_y,std,temporal
5,video_trial_delta,732,324,0.08280670642852783,eye_right_upper,cx,mean,temporal
5,video_trial_delta,733,898,0.08261370658874512,eye_left_lower,velocity_area,absolute_mean,absolute_motion
5,video_trial_delta,734,115,0.08243630826473236,brow_right_inner,cy,std,temporal
5,video_trial_delta,735,715,0.08138146996498108,lip_corners,cz,std,temporal
5,video_trial_delta,736,77,0.08083406090736389,brow_left_outer,area,temporal_slope,temporal
5,video_trial_delta,737,477,0.08043494075536728,nose_bridge,velocity_area,quantile_90,temporal
5,video_trial_delta,738,1022,0.08030159771442413,lip_corners,velocity_y,absolute_mean,absolute_motion
5,video_trial_delta,739,1039,0.08008106797933578,chin_center,velocity_y,absolute_std,absolute_motion
5,video_trial_delta,740,957,0.07948002964258194,nose_alar_left,velocity_x,absolute_max,absolute_motion
5,video_trial_delta,741,643,0.0783730298280716,upper_lip,velocity_aspect,std,temporal
5,video_trial_delta,742,949,0.07829714566469193,nose_bridge,velocity_area,absolute_max,absolute_motion
5,video_trial_delta,743,476,0.07780648022890091,nose_bridge,velocity_area,quantile_10,temporal
5,video_trial_delta,744,958,0.07730373740196228,nose_alar_left,velocity_y,absolute_mean,absolute_motion
5,video_trial_delta,745,965,0.07725168764591217,nose_alar_left,velocity_area,absolute_max,absolute_motion
5,video_trial_delta,746,407,0.07635345309972763,eye_right_lower,aspect,temporal_slope,temporal
5,video_trial_delta,747,598,0.07626768201589584,upper_lip,cx,late_minus_early,temporal
5,video_trial_delta,748,14,0.0758575052022934,brow_left_inner,cz,quantile_10,temporal
5,video_trial_delta,749,457,0.07548290491104126,nose_bridge,aspect,std,temporal
5,video_trial_delta,750,913,0.07546062022447586,eye_right_upper,velocity_y,absolute_max,absolute_motion
5,video_trial_delta,751,903,0.07387726753950119,eye_left_lower,velocity_aspect,absolute_std,absolute_motion
5,video_trial_delta,752,761,0.0737067312002182,chin_center,cx,temporal_slope,temporal
5,video_trial_delta,753,645,0.07368601113557816,upper_lip,velocity_aspect,quantile_90,temporal
5,video_trial_delta,754,17,0.07363203912973404,brow_left_inner,cz,temporal_slope,temporal
5,video_trial_delta,755,393,0.07346171885728836,eye_right_lower,cz,quantile_90,temporal
5,video_trial_delta,756,391,0.07318785041570663,eye_right_lower,cz,std,temporal
5,video_trial_delta,757,415,0.07270153611898422,eye_right_lower,velocity_y,std,temporal
5,video_trial_delta,758,174,0.07236243039369583,brow_right_outer,cz,mean,temporal
5,video_trial_delta,759,227,0.07226471602916718,eye_left_upper,cy,temporal_slope,temporal
5,video_trial_delta,760,528,0.07164132595062256,nose_alar_left,velocity_area,mean,temporal
5,video_trial_delta,761,833,0.07012241333723068,brow_left_outer,velocity_y,absolute_max,absolute_motion
5,video_trial_delta,762,682,0.06999347358942032,lower_lip,velocity_x,late_minus_early,temporal
5,video_trial_delta,763,497,0.0697217509150505,nose_alar_left,cy,temporal_slope,temporal
5,video_trial_delta,764,607,0.06937390565872192,upper_lip,cz,std,temporal
5,video_trial_delta,765,54,0.06891141831874847,brow_left_outer,cx,mean,temporal
5,video_trial_delta,766,674,0.06780219078063965,lower_lip,aspect,quantile_10,temporal
5,video_trial_delta,767,707,0.06659878045320511,lip_corners,cx,temporal_slope,temporal
5,video_trial_delta,768,403,0.06603595614433289,eye_right_lower,aspect,std,temporal
5,video_trial_delta,769,583,0.06527543067932129,nose_alar_right,velocity_area,std,temporal
5,video_trial_delta,770,882,0.06406679004430771,eye_left_upper,velocity_area,absolute_mean,absolute_motion
5,video_trial_delta,771,485,0.06403980404138565,nose_bridge,velocity_aspect,temporal_slope,temporal
5,video_trial_delta,772,317,0.06394580006599426,eye_left_lower,velocity_area,temporal_slope,temporal
5,video_trial_delta,773,580,0.06301802396774292,nose_alar_right,velocity_y,late_minus_early,temporal
5,video_trial_delta,774,193,0.062490735203027725,brow_right_outer,velocity_x,std,temporal
5,video_trial_delta,775,175,0.062445852905511856,brow_right_outer,cz,std,temporal
5,video_trial_delta,776,213,0.062360625714063644,brow_right_outer,velocity_aspect,quantile_90,temporal
5,video_trial_delta,777,589,0.06210247054696083,nose_alar_right,velocity_aspect,std,temporal
5,video_trial_delta,778,599,0.06142464652657509,upper_lip,cx,temporal_slope,temporal
5,video_trial_delta,779,351,0.06038762629032135,eye_right_upper,aspect,quantile_90,temporal
5,video_trial_delta,780,495,0.06033317372202873,nose_alar_left,cy,quantile_90,temporal
5,video_trial_delta,781,334,0.06020335480570793,eye_right_upper,cy,late_minus_early,temporal
5,video_trial_delta,782,71,0.0587262287735939,brow_left_outer,cz,temporal_slope,temporal
5,video_trial_delta,783,994,0.05845867097377777,upper_lip,velocity_area,absolute_mean,absolute_motion
5,video_trial_delta,784,925,0.05834897980093956,eye_right_lower,velocity_x,absolute_max,absolute_motion
5,video_trial_delta,785,154,0.05804804340004921,brow_right_inner,velocity_area,late_minus_early,temporal
5,video_trial_delta,786,625,0.05782344564795494,upper_lip,velocity_x,std,temporal
5,video_trial_delta,787,316,0.057795796543359756,eye_left_lower,velocity_area,late_minus_early,temporal
5,video_trial_delta,788,914,0.057679660618305206,eye_right_upper,velocity_area,absolute_mean,absolute_motion
5,video_trial_delta,789,463,0.05740833654999733,nose_bridge,velocity_x,std,temporal
5,video_trial_delta,790,212,0.05721106752753258,brow_right_outer,velocity_aspect,quantile_10,temporal
5,video_trial_delta,791,1005,0.05693146213889122,lower_lip,velocity_x,absolute_max,absolute_motion
5,video_trial_delta,792,553,0.056301966309547424,nose_alar_right,cz,std,temporal
5,video_trial_delta,793,856,0.05583567917346954,brow_right_inner,velocity_aspect,absolute_quantile_90,absolute_motion
5,video_trial_delta,794,661,0.055466193705797195,lower_lip,cz,std,temporal
5,video_trial_delta,795,508,0.05502840876579285,nose_alar_left,area,late_minus_early,temporal
5,video_trial_delta,796,594,0.054909080266952515,upper_lip,cx,mean,temporal
5,video_trial_delta,797,1049,0.054836615920066833,chin_center,velocity_aspect,absolute_max,absolute_motion
5,video_trial_delta,798,64,0.05437476933002472,brow_left_outer,cy,late_minus_early,temporal
5,video_trial_delta,799,96,0.054253727197647095,brow_left_outer,velocity_area,mean,temporal
5,video_trial_delta,800,329,0.054071832448244095,eye_right_upper,cx,temporal_slope,temporal
5,video_trial_delta,801,246,0.05369811877608299,eye_left_upper,velocity_x,mean,temporal
5,video_trial_delta,802,910,0.05344851687550545,eye_right_upper,velocity_y,absolute_mean,absolute_motion
5,video_trial_delta,803,945,0.052569679915905,nose_bridge,velocity_y,absolute_max,absolute_motion
5,video_trial_delta,804,558,0.051567282527685165,nose_alar_right,area,mean,temporal
5,video_trial_delta,805,970,0.0513242743909359,nose_alar_right,velocity_x,absolute_mean,absolute_motion
5,video_trial_delta,806,493,0.05125926807522774,nose_alar_left,cy,std,temporal
5,video_trial_delta,807,315,0.05118409916758537,eye_left_lower,velocity_area,quantile_90,temporal
5,video_trial_delta,808,668,0.05117093771696091,lower_lip,area,quantile_10,temporal
5,video_trial_delta,809,266,0.05084545910358429,eye_left_upper,velocity_aspect,quantile_10,temporal
5,video_trial_delta,810,902,0.050798289477825165,eye_left_lower,velocity_aspect,absolute_mean,absolute_motion
5,video_trial_delta,811,195,0.05008910968899727,brow_right_outer,velocity_x,quantile_90,temporal
5,video_trial_delta,812,384,0.0495460070669651,eye_right_lower,cy,mean,temporal
5,video_trial_delta,813,470,0.04902995750308037,nose_bridge,velocity_y,quantile_10,temporal
5,video_trial_delta,814,196,0.04890845715999603,brow_right_outer,velocity_x,late_minus_early,temporal
5,video_trial_delta,815,979,0.04864126443862915,nose_alar_right,velocity_area,absolute_std,absolute_motion
5,video_trial_delta,816,1040,0.04781340807676315,chin_center,velocity_y,absolute_quantile_90,absolute_motion
5,video_trial_delta,817,170,0.047686103731393814,brow_right_outer,cy,quantile_10,temporal
5,video_trial_delta,818,909,0.04727371037006378,eye_right_upper,velocity_x,absolute_max,absolute_motion
5,video_trial_delta,819,382,0.0472276508808136,eye_right_lower,cx,late_minus_early,temporal
5,video_trial_delta,820,895,0.046491190791130066,eye_left_lower,velocity_y,absolute_std,absolute_motion
5,video_trial_delta,821,451,0.04634156823158264,nose_bridge,area,std,temporal
5,video_trial_delta,822,282,0.046336349099874496,eye_left_lower,cz,mean,temporal
5,video_trial_delta,823,904,0.04499398171901703,eye_left_lower,velocity_aspect,absolute_quantile_90,absolute_motion
5,video_trial_delta,824,401,0.044706687331199646,eye_right_lower,area,temporal_slope,temporal
5,video_trial_delta,825,996,0.0446985587477684,upper_lip,velocity_area,absolute_quantile_90,absolute_motion
5,video_trial_delta,826,699,0.04461776092648506,lower_lip,velocity_aspect,quantile_90,temporal
5,video_trial_delta,827,76,0.04393263906240463,brow_left_outer,area,late_minus_early,temporal
5,video_trial_delta,828,593,0.043827202171087265,nose_alar_right,velocity_aspect,temporal_slope,temporal
5,video_trial_delta,829,304,0.04370995983481407,eye_left_lower,velocity_x,late_minus_early,temporal
5,video_trial_delta,830,1048,0.04363443702459335,chin_center,velocity_aspect,absolute_quantile_90,absolute_motion
5,video_trial_delta,831,587,0.042306043207645416,nose_alar_right,velocity_area,temporal_slope,temporal
5,video_trial_delta,832,889,0.041500117629766464,eye_left_upper,velocity_aspect,absolute_max,absolute_motion
5,video_trial_delta,833,445,0.04130985587835312,nose_bridge,cz,std,temporal
5,video_trial_delta,834,634,0.039781566709280014,upper_lip,velocity_y,late_minus_early,temporal
5,video_trial_delta,835,390,0.03828150033950806,eye_right_lower,cz,mean,temporal
5,video_trial_delta,836,369,0.038183391094207764,eye_right_upper,velocity_area,quantile_90,temporal
5,video_trial_delta,837,974,0.037971992045640945,nose_alar_right,velocity_y,absolute_mean,absolute_motion
5,video_trial_delta,838,338,0.03689325600862503,eye_right_upper,cz,quantile_10,temporal
5,video_trial_delta,839,963,0.035847704857587814,nose_alar_left,velocity_area,absolute_std,absolute_motion
5,video_trial_delta,840,938,0.03574729710817337,nose_bridge,velocity_x,absolute_mean,absolute_motion
5,video_trial_delta,841,578,0.03567780926823616,nose_alar_right,velocity_y,quantile_10,temporal
5,video_trial_delta,842,613,0.0354413203895092,upper_lip,area,std,temporal
5,video_trial_delta,843,148,0.0346260629594326,brow_right_inner,velocity_y,late_minus_early,temporal
5,video_trial_delta,844,380,0.03436092659831047,eye_right_lower,cx,quantile_10,temporal
5,video_trial_delta,845,496,0.034147705882787704,nose_alar_left,cy,late_minus_early,temporal
5,video_trial_delta,846,679,0.03328036516904831,lower_lip,velocity_x,std,temporal
5,video_trial_delta,847,850,0.03308388590812683,brow_right_inner,velocity_area,absolute_mean,absolute_motion
5,video_trial_delta,848,392,0.03266327083110809,eye_right_lower,cz,quantile_10,temporal
5,video_trial_delta,849,531,0.03240714222192764,nose_alar_left,velocity_area,quantile_90,temporal
5,video_trial_delta,850,921,0.03234582766890526,eye_right_upper,velocity_aspect,absolute_max,absolute_motion
5,video_trial_delta,851,176,0.03103051520884037,brow_right_outer,cz,quantile_10,temporal
5,video_trial_delta,852,1043,0.03080092743039131,chin_center,velocity_area,absolute_std,absolute_motion
5,video_trial_delta,853,333,0.03073006309568882,eye_right_upper,cy,quantile_90,temporal
5,video_trial_delta,854,149,0.030155858024954796,brow_right_inner,velocity_y,temporal_slope,temporal
5,video_trial_delta,855,168,0.029937192797660828,brow_right_outer,cy,mean,temporal
5,video_trial_delta,856,310,0.029914818704128265,eye_left_lower,velocity_y,late_minus_early,temporal
5,video_trial_delta,857,524,0.029549982398748398,nose_alar_left,velocity_y,quantile_10,temporal
5,video_trial_delta,858,153,0.029338782653212547,brow_right_inner,velocity_area,quantile_90,temporal
5,video_trial_delta,859,991,0.029181715101003647,upper_lip,velocity_y,absolute_std,absolute_motion
5,video_trial_delta,860,743,0.029018424451351166,lip_corners,velocity_y,temporal_slope,temporal
5,video_trial_delta,861,11,0.028866451233625412,brow_left_inner,cy,temporal_slope,temporal
5,video_trial_delta,862,631,0.02883104234933853,upper_lip,velocity_y,std,temporal
5,video_trial_delta,863,703,0.02767656184732914,lip_corners,cx,std,temporal
5,video_trial_delta,864,327,0.0276421420276165,eye_right_upper,cx,quantile_90,temporal
5,video_trial_delta,865,271,0.027555018663406372,eye_left_lower,cx,std,temporal
5,video_trial_delta,866,169,0.027352092787623405,brow_right_outer,cy,std,temporal
5,video_trial_delta,867,507,0.02734658308327198,nose_alar_left,area,quantile_90,temporal
5,video_trial_delta,868,550,0.02686077356338501,nose_alar_right,cy,late_minus_early,temporal
5,video_trial_delta,869,207,0.026246648281812668,brow_right_outer,velocity_area,quantile_90,temporal
5,video_trial_delta,870,757,0.02604270540177822,chin_center,cx,std,temporal
5,video_trial_delta,871,1046,0.02588343806564808,chin_center,velocity_aspect,absolute_mean,absolute_motion
5,video_trial_delta,872,954,0.02581082470715046,nose_alar_left,velocity_x,absolute_mean,absolute_motion
5,video_trial_delta,873,70,0.025579610839486122,brow_left_outer,cz,late_minus_early,temporal
5,video_trial_delta,874,1041,0.025156276300549507,chin_center,velocity_y,absolute_max,absolute_motion
5,video_trial_delta,875,1008,0.025128476321697235,lower_lip,velocity_y,absolute_quantile_90,absolute_motion
5,video_trial_delta,876,912,0.024788787588477135,eye_right_upper,velocity_y,absolute_quantile_90,absolute_motion
5,video_trial_delta,877,916,0.024634603410959244,eye_right_upper,velocity_area,absolute_quantile_90,absolute_motion
5,video_trial_delta,878,689,0.024291925132274628,lower_lip,velocity_y,temporal_slope,temporal
5,video_trial_delta,879,860,0.02416342869400978,brow_right_outer,velocity_x,absolute_quantile_90,absolute_motion
5,video_trial_delta,880,484,0.024052608758211136,nose_bridge,velocity_aspect,late_minus_early,temporal
5,video_trial_delta,881,705,0.023834923282265663,lip_corners,cx,quantile_90,temporal
5,video_trial_delta,882,948,0.023032860830426216,nose_bridge,velocity_area,absolute_quantile_90,absolute_motion
5,video_trial_delta,883,386,0.022761056199669838,eye_right_lower,cy,quantile_10,temporal
5,video_trial_delta,884,499,0.02238464541733265,nose_alar_left,cz,std,temporal
5,video_trial_delta,885,56,0.021945049986243248,brow_left_outer,cx,quantile_10,temporal
5,video_trial_delta,886,489,0.021032540127635002,nose_alar_left,cx,quantile_90,temporal
5,video_trial_delta,887,307,0.020770130679011345,eye_left_lower,velocity_y,std,temporal
5,video_trial_delta,888,628,0.019870959222316742,upper_lip,velocity_x,late_minus_early,temporal
5,video_trial_delta,889,368,0.019741294905543327,eye_right_upper,velocity_area,quantile_10,temporal
5,video_trial_delta,890,569,0.019690999761223793,nose_alar_right,aspect,temporal_slope,temporal
5,video_trial_delta,891,383,0.019652321934700012,eye_right_lower,cx,temporal_slope,temporal
5,video_trial_delta,892,551,0.0195325780659914,nose_alar_right,cy,temporal_slope,temporal
5,video_trial_delta,893,241,0.019475972279906273,eye_left_upper,aspect,std,temporal
5,video_trial_delta,894,510,0.018827950581908226,nose_alar_left,aspect,mean,temporal
5,video_trial_delta,895,141,0.018472222611308098,brow_right_inner,velocity_x,quantile_90,temporal
5,video_trial_delta,896,973,0.0181441567838192,nose_alar_right,velocity_x,absolute_max,absolute_motion
5,video_trial_delta,897,536,0.017947807908058167,nose_alar_left,velocity_aspect,quantile_10,temporal
5,video_trial_delta,898,693,0.017740411683917046,lower_lip,velocity_area,quantile_90,temporal
5,video_trial_delta,899,946,0.017703011631965637,nose_bridge,velocity_area,absolute_mean,absolute_motion
5,video_trial_delta,900,203,0.017594994977116585,brow_right_outer,velocity_y,temporal_slope,temporal
5,video_trial_delta,901,787,0.017559874802827835,chin_center,velocity_x,std,temporal
5,video_trial_delta,902,576,0.017552848905324936,nose_alar_right,velocity_y,mean,temporal
5,video_trial_delta,903,986,0.017426056787371635,upper_lip,velocity_x,absolute_mean,absolute_motion
5,video_trial_delta,904,1011,0.01718696765601635,lower_lip,velocity_area,absolute_std,absolute_motion
5,video_trial_delta,905,776,0.01715153083205223,chin_center,area,quantile_10,temporal
5,video_trial_delta,906,960,0.016840530559420586,nose_alar_left,velocity_y,absolute_quantile_90,absolute_motion
5,video_trial_delta,907,982,0.01651887409389019,nose_alar_right,velocity_aspect,absolute_mean,absolute_motion
5,video_trial_delta,908,16,0.016201166436076164,brow_left_inner,cz,late_minus_early,temporal
5,video_trial_delta,909,639,0.015973512083292007,upper_lip,velocity_area,quantile_90,temporal
5,video_trial_delta,910,293,0.015265933237969875,eye_left_lower,area,temporal_slope,temporal
5,video_trial_delta,911,1019,0.01520135160535574,lip_corners,velocity_x,absolute_std,absolute_motion
5,video_trial_delta,912,471,0.015082120895385742,nose_bridge,velocity_y,quantile_90,temporal
5,video_trial_delta,913,220,0.014900371432304382,eye_left_upper,cx,late_minus_early,temporal
5,video_trial_delta,914,420,0.014780061319470406,eye_right_lower,velocity_area,mean,temporal
5,video_trial_delta,915,435,0.014713315293192863,nose_bridge,cx,quantile_90,temporal
5,video_trial_delta,916,736,0.01456385012716055,lip_corners,velocity_x,late_minus_early,temporal
5,video_trial_delta,917,418,0.014489981345832348,eye_right_lower,velocity_y,late_minus_early,temporal
5,video_trial_delta,918,603,0.014074412174522877,upper_lip,cy,quantile_90,temporal
5,video_trial_delta,919,964,0.0138543164357543,nose_alar_left,velocity_area,absolute_quantile_90,absolute_motion
5,video_trial_delta,920,950,0.013057402335107327,nose_bridge,velocity_aspect,absolute_mean,absolute_motion
5,video_trial_delta,921,276,0.01298182737082243,eye_left_lower,cy,mean,temporal
5,video_trial_delta,922,573,0.012857656925916672,nose_alar_right,velocity_x,quantile_90,temporal
5,video_trial_delta,923,567,0.012793831527233124,nose_alar_right,aspect,quantile_90,temporal
5,video_trial_delta,924,577,0.01274506002664566,nose_alar_right,velocity_y,std,temporal
5,video_trial_delta,925,1016,0.012709270231425762,lower_lip,velocity_aspect,absolute_quantile_90,absolute_motion
5,video_trial_delta,926,831,0.012666987255215645,brow_left_outer,velocity_y,absolute_std,absolute_motion
5,video_trial_delta,927,228,0.012426797300577164,eye_left_upper,cz,mean,temporal
5,video_trial_delta,928,430,0.012152775190770626,eye_right_lower,velocity_aspect,late_minus_early,temporal
5,video_trial_delta,929,691,0.011998070403933525,lower_lip,velocity_area,std,temporal
5,video_trial_delta,930,201,0.011962578631937504,brow_right_outer,velocity_y,quantile_90,temporal
5,video_trial_delta,931,911,0.01147822942584753,eye_right_upper,velocity_y,absolute_std,absolute_motion
5,video_trial_delta,932,18,0.011312107555568218,brow_left_inner,area,mean,temporal
5,video_trial_delta,933,279,0.01128940936177969,eye_left_lower,cy,quantile_90,temporal
5,video_trial_delta,934,859,0.010989819653332233,brow_right_outer,velocity_x,absolute_std,absolute_motion
5,video_trial_delta,935,226,0.010959594510495663,eye_left_upper,cy,late_minus_early,temporal
5,video_trial_delta,936,1014,0.010502825491130352,lower_lip,velocity_aspect,absolute_mean,absolute_motion
5,video_trial_delta,937,336,0.010015690699219704,eye_right_upper,cz,mean,temporal
5,video_trial_delta,938,442,0.009260466322302818,nose_bridge,cy,late_minus_early,temporal
5,video_trial_delta,939,62,0.009020254947245121,brow_left_outer,cy,quantile_10,temporal
5,video_trial_delta,940,464,0.009001961909234524,nose_bridge,velocity_x,quantile_10,temporal
5,video_trial_delta,941,387,0.008970146998763084,eye_right_lower,cy,quantile_90,temporal
5,video_trial_delta,942,426,0.008326998911798,eye_right_lower,velocity_aspect,mean,temporal
5,video_trial_delta,943,63,0.00803461391478777,brow_left_outer,cy,quantile_90,temporal
5,video_trial_delta,944,920,0.008021150715649128,eye_right_upper,velocity_aspect,absolute_quantile_90,absolute_motion
5,video_trial_delta,945,7,0.007966618984937668,brow_left_inner,cy,std,temporal
5,video_trial_delta,946,928,0.00782053079456091,eye_right_lower,velocity_y,absolute_quantile_90,absolute_motion
5,video_trial_delta,947,529,0.007691007107496262,nose_alar_left,velocity_area,std,temporal
5,video_trial_delta,948,0,0.007447047159075737,brow_left_inner,cx,mean,temporal
5,video_trial_delta,949,600,0.00734512647613883,upper_lip,cy,mean,temporal
5,video_trial_delta,950,514,0.007344952784478664,nose_alar_left,aspect,late_minus_early,temporal
5,video_trial_delta,951,292,0.0071090711280703545,eye_left_lower,area,late_minus_early,temporal
5,video_trial_delta,952,308,0.00691279536113143,eye_left_lower,velocity_y,quantile_10,temporal
5,video_trial_delta,953,268,0.006452528294175863,eye_left_upper,velocity_aspect,late_minus_early,temporal
5,video_trial_delta,954,741,0.006208107806742191,lip_corners,velocity_y,quantile_90,temporal
5,video_trial_delta,955,517,0.006129066459834576,nose_alar_left,velocity_x,std,temporal
5,video_trial_delta,956,283,0.005903907585889101,eye_left_lower,cz,std,temporal
5,video_trial_delta,957,208,0.0057250154204666615,brow_right_outer,velocity_area,late_minus_early,temporal
5,video_trial_delta,958,222,0.005670326761901379,eye_left_upper,cy,mean,temporal
5,video_trial_delta,959,878,0.005503598600625992,eye_left_upper,velocity_y,absolute_mean,absolute_motion
5,video_trial_delta,960,972,0.0053061069920659065,nose_alar_right,velocity_x,absolute_quantile_90,absolute_motion
5,video_trial_delta,961,151,0.005273815244436264,brow_right_inner,velocity_area,std,temporal
5,video_trial_delta,962,261,0.005169375333935022,eye_left_upper,velocity_area,quantile_90,temporal
5,video_trial_delta,963,439,0.005133769009262323,nose_bridge,cy,std,temporal
5,video_trial_delta,964,475,0.004812800791114569,nose_bridge,velocity_area,std,temporal
5,video_trial_delta,965,880,0.004772437736392021,eye_left_upper,velocity_y,absolute_quantile_90,absolute_motion
5,video_trial_delta,966,206,0.004698710981756449,brow_right_outer,velocity_area,quantile_10,temporal
5,video_trial_delta,967,513,0.0045837778598070145,nose_alar_left,aspect,quantile_90,temporal
5,video_trial_delta,968,285,0.004572902340441942,eye_left_lower,cz,quantile_90,temporal
5,video_trial_delta,969,371,0.004475533962249756,eye_right_upper,velocity_area,temporal_slope,temporal
5,video_trial_delta,970,278,0.004430417902767658,eye_left_lower,cy,quantile_10,temporal
5,video_trial_delta,971,348,0.004392881412059069,eye_right_upper,aspect,mean,temporal
5,video_trial_delta,972,572,0.004251891281455755,nose_alar_right,velocity_x,quantile_10,temporal
5,video_trial_delta,973,361,0.0038491056766361,eye_right_upper,velocity_y,std,temporal
5,video_trial_delta,974,952,0.003798401914536953,nose_bridge,velocity_aspect,absolute_quantile_90,absolute_motion
5,video_trial_delta,975,114,0.0037577522452920675,brow_right_inner,cy,mean,temporal
5,video_trial_delta,976,568,0.0037139058113098145,nose_alar_right,aspect,late_minus_early,temporal
5,video_trial_delta,977,263,0.0035921630915254354,eye_left_upper,velocity_area,temporal_slope,temporal
5,video_trial_delta,978,894,0.0035786088556051254,eye_left_lower,velocity_y,absolute_mean,absolute_motion
5,video_trial_delta,979,998,0.0035449950955808163,upper_lip,velocity_aspect,absolute_mean,absolute_motion
5,video_trial_delta,980,506,0.003394217463210225,nose_alar_left,area,quantile_10,temporal
5,video_trial_delta,981,443,0.0032723911572247744,nose_bridge,cy,temporal_slope,temporal
5,video_trial_delta,982,223,0.0032434696331620216,eye_left_upper,cy,std,temporal
5,video_trial_delta,983,532,0.0030982606112957,nose_alar_left,velocity_area,late_minus_early,temporal
5,video_trial_delta,984,597,0.003038230584934354,upper_lip,cx,quantile_90,temporal
5,video_trial_delta,985,687,0.0030058359261602163,lower_lip,velocity_y,quantile_90,temporal
5,video_trial_delta,986,177,0.0029807663522660732,brow_right_outer,cz,quantile_90,temporal
5,video_trial_delta,987,759,0.002876655664294958,chin_center,cx,quantile_90,temporal
5,video_trial_delta,988,504,0.0028283451683819294,nose_alar_left,area,mean,temporal
5,video_trial_delta,989,990,0.0027285227552056313,upper_lip,velocity_y,absolute_mean,absolute_motion
5,video_trial_delta,990,947,0.002442001597955823,nose_bridge,velocity_area,absolute_std,absolute_motion
5,video_trial_delta,991,224,0.0020469955634325743,eye_left_upper,cy,quantile_10,temporal
5,video_trial_delta,992,1003,0.0018946577329188585,lower_lip,velocity_x,absolute_std,absolute_motion
5,video_trial_delta,993,992,0.0018673008307814598,upper_lip,velocity_y,absolute_quantile_90,absolute_motion
5,video_trial_delta,994,84,0.0017562719294801354,brow_left_outer,velocity_x,mean,temporal
5,video_trial_delta,995,259,0.00171823485288769,eye_left_upper,velocity_area,std,temporal
5,video_trial_delta,996,547,0.0017028835136443377,nose_alar_right,cy,std,temporal
5,video_trial_delta,997,851,0.0016921691130846739,brow_right_inner,velocity_area,absolute_std,absolute_motion
5,video_trial_delta,998,332,0.0016398377483710647,eye_right_upper,cy,quantile_10,temporal
5,video_trial_delta,999,60,0.0015677775954827666,brow_left_outer,cy,mean,temporal
5,video_trial_delta,1000,374,0.0015263701789081097,eye_right_upper,velocity_aspect,quantile_10,temporal
5,video_trial_delta,1001,564,0.0013513861922547221,nose_alar_right,aspect,mean,temporal
5,video_trial_delta,1002,633,0.0012801956618204713,upper_lip,velocity_y,quantile_90,temporal
5,video_trial_delta,1003,367,0.0011878353543579578,eye_right_upper,velocity_area,std,temporal
5,video_trial_delta,1004,462,0.001151706208474934,nose_bridge,velocity_x,mean,temporal
5,video_trial_delta,1005,362,0.0010905916569754481,eye_right_upper,velocity_y,quantile_10,temporal
5,video_trial_delta,1006,566,0.0010260081617161632,nose_alar_right,aspect,quantile_10,temporal
5,video_trial_delta,1007,24,0.0009983472991734743,brow_left_inner,aspect,mean,temporal
5,video_trial_delta,1008,955,0.0009278912330046296,nose_alar_left,velocity_x,absolute_std,absolute_motion
5,video_trial_delta,1009,194,0.0008755673770792782,brow_right_outer,velocity_x,quantile_10,temporal
5,video_trial_delta,1010,330,0.0008746854728087783,eye_right_upper,cy,mean,temporal
5,video_trial_delta,1011,320,0.0008304768125526607,eye_left_lower,velocity_aspect,quantile_10,temporal
5,video_trial_delta,1012,570,0.0007881175260990858,nose_alar_right,velocity_x,mean,temporal
5,video_trial_delta,1013,116,0.0007194150239229202,brow_right_inner,cy,quantile_10,temporal
5,video_trial_delta,1014,515,0.000679534103255719,nose_alar_left,aspect,temporal_slope,temporal
5,video_trial_delta,1015,806,0.0006354724173434079,chin_center,velocity_aspect,quantile_10,temporal
5,video_trial_delta,1016,872,0.0005889080930501223,brow_right_outer,velocity_aspect,absolute_quantile_90,absolute_motion
5,video_trial_delta,1017,1024,0.0005723938811570406,lip_corners,velocity_y,absolute_quantile_90,absolute_motion
5,video_trial_delta,1018,941,0.0005464556161314249,nose_bridge,velocity_x,absolute_max,absolute_motion
5,video_trial_delta,1019,400,0.0005062447162345052,eye_right_lower,area,late_minus_early,temporal
5,video_trial_delta,1020,926,0.0004991249879822135,eye_right_lower,velocity_y,absolute_mean,absolute_motion
5,video_trial_delta,1021,385,0.00046116893645375967,eye_right_lower,cy,std,temporal
5,video_trial_delta,1022,543,0.0004445209924597293,nose_alar_right,cx,quantile_90,temporal
5,video_trial_delta,1023,225,0.000427592865889892,eye_left_upper,cy,quantile_90,temporal
5,video_trial_delta,1024,742,0.00042275196756236255,lip_corners,velocity_y,late_minus_early,temporal
5,video_trial_delta,1025,975,0.0004083449603058398,nose_alar_right,velocity_y,absolute_std,absolute_motion
5,video_trial_delta,1026,688,0.0003375677624717355,lower_lip,velocity_y,late_minus_early,temporal
5,video_trial_delta,1027,300,0.0002764918899629265,eye_left_lower,velocity_x,mean,temporal
5,video_trial_delta,1028,962,0.00016356550622731447,nose_alar_left,velocity_area,absolute_mean,absolute_motion
5,video_trial_delta,1029,468,7.63412972446531e-05,nose_bridge,velocity_y,mean,temporal
5,video_trial_delta,1030,516,4.693662776844576e-05,nose_alar_left,velocity_x,mean,temporal
5,video_trial_delta,1031,20,2.86540907836752e-05,brow_left_inner,area,quantile_10,temporal
5,video_trial_delta,1032,417,7.203243967524031e-06,eye_right_lower,velocity_y,quantile_90,temporal
5,video_trial_delta,1033,527,6.904881502123317e-06,nose_alar_left,velocity_y,temporal_slope,temporal
5,video_trial_delta,1034,956,1.3563363765456415e-09,nose_alar_left,velocity_x,absolute_quantile_90,absolute_motion
5,video_water_delta,1,31,6.2599334716796875,brow_left_inner,velocity_x,std,temporal
5,video_water_delta,2,811,6.205538749694824,brow_left_inner,velocity_x,absolute_std,absolute_motion
5,video_water_delta,3,824,6.06160831451416,brow_left_inner,velocity_aspect,absolute_quantile_90,absolute_motion
5,video_water_delta,4,810,5.816184043884277,brow_left_inner,velocity_x,absolute_mean,absolute_motion
5,video_water_delta,5,814,5.625863075256348,brow_left_inner,velocity_y,absolute_mean,absolute_motion
5,video_water_delta,6,33,5.500889778137207,brow_left_inner,velocity_x,quantile_90,temporal
5,video_water_delta,7,539,5.449747085571289,nose_alar_left,velocity_aspect,temporal_slope,temporal
5,video_water_delta,8,38,5.395281791687012,brow_left_inner,velocity_y,quantile_10,temporal
5,video_water_delta,9,399,5.056203842163086,eye_right_lower,area,quantile_90,temporal
5,video_water_delta,10,652,4.961660861968994,lower_lip,cx,late_minus_early,temporal
5,video_water_delta,11,350,4.954236030578613,eye_right_upper,aspect,quantile_10,temporal
5,video_water_delta,12,32,4.897287368774414,brow_left_inner,velocity_x,quantile_10,temporal
5,video_water_delta,13,812,4.83810567855835,brow_left_inner,velocity_x,absolute_quantile_90,absolute_motion
5,video_water_delta,14,191,4.80520486831665,brow_right_outer,aspect,temporal_slope,temporal
5,video_water_delta,15,190,4.796619892120361,brow_right_outer,aspect,late_minus_early,temporal
5,video_water_delta,16,893,4.747361660003662,eye_left_lower,velocity_x,absolute_max,absolute_motion
5,video_water_delta,17,37,4.730421543121338,brow_left_inner,velocity_y,std,temporal
5,video_water_delta,18,829,4.705538749694824,brow_left_outer,velocity_x,absolute_max,absolute_motion
5,video_water_delta,19,653,4.589791774749756,lower_lip,cx,temporal_slope,temporal
5,video_water_delta,20,49,4.509410381317139,brow_left_inner,velocity_aspect,std,temporal
5,video_water_delta,21,891,4.4718017578125,eye_left_lower,velocity_x,absolute_std,absolute_motion
5,video_water_delta,22,823,4.436331272125244,brow_left_inner,velocity_aspect,absolute_std,absolute_motion
5,video_water_delta,23,348,4.356379985809326,eye_right_upper,aspect,mean,temporal
5,video_water_delta,24,351,4.297868251800537,eye_right_upper,aspect,quantile_90,temporal
5,video_water_delta,25,827,4.288853168487549,brow_left_outer,velocity_x,absolute_std,absolute_motion
5,video_water_delta,26,822,4.216768264770508,brow_left_inner,velocity_aspect,absolute_mean,absolute_motion
5,video_water_delta,27,85,3.9736814498901367,brow_left_outer,velocity_x,std,temporal
5,video_water_delta,28,816,3.8849785327911377,brow_left_inner,velocity_y,absolute_quantile_90,absolute_motion
5,video_water_delta,29,301,3.883409261703491,eye_left_lower,velocity_x,std,temporal
5,video_water_delta,30,51,3.836270809173584,brow_left_inner,velocity_aspect,quantile_90,temporal
5,video_water_delta,31,892,3.812889337539673,eye_left_lower,velocity_x,absolute_quantile_90,absolute_motion
5,video_water_delta,32,876,3.4958691596984863,eye_left_upper,velocity_x,absolute_quantile_90,absolute_motion
5,video_water_delta,33,136,3.43851900100708,brow_right_inner,aspect,late_minus_early,temporal
5,video_water_delta,34,25,3.320737361907959,brow_left_inner,aspect,std,temporal
5,video_water_delta,35,826,3.2915775775909424,brow_left_outer,velocity_x,absolute_mean,absolute_motion
5,video_water_delta,36,59,3.27567982673645,brow_left_outer,cx,temporal_slope,temporal
5,video_water_delta,37,818,3.2660906314849854,brow_left_inner,velocity_area,absolute_mean,absolute_motion
5,video_water_delta,38,156,3.1629254817962646,brow_right_inner,velocity_aspect,mean,temporal
5,video_water_delta,39,266,3.118945837020874,eye_left_upper,velocity_aspect,quantile_10,temporal
5,video_water_delta,40,1041,3.1082162857055664,chin_center,velocity_y,absolute_max,absolute_motion
5,video_water_delta,41,425,3.086845874786377,eye_right_lower,velocity_area,temporal_slope,temporal
5,video_water_delta,42,137,3.0845038890838623,brow_right_inner,aspect,temporal_slope,temporal
5,video_water_delta,43,820,3.0755674839019775,brow_left_inner,velocity_area,absolute_quantile_90,absolute_motion
5,video_water_delta,44,39,3.0444228649139404,brow_left_inner,velocity_y,quantile_90,temporal
5,video_water_delta,45,890,3.0434908866882324,eye_left_lower,velocity_x,absolute_mean,absolute_motion
5,video_water_delta,46,43,3.004276990890503,brow_left_inner,velocity_area,std,temporal
5,video_water_delta,47,247,2.9986462593078613,eye_left_upper,velocity_x,std,temporal
5,video_water_delta,48,999,2.997511863708496,upper_lip,velocity_aspect,absolute_std,absolute_motion
5,video_water_delta,49,103,2.976987838745117,brow_left_outer,velocity_aspect,std,temporal
5,video_water_delta,50,875,2.972320079803467,eye_left_upper,velocity_x,absolute_std,absolute_motion
5,video_water_delta,51,105,2.965675115585327,brow_left_outer,velocity_aspect,quantile_90,temporal
5,video_water_delta,52,98,2.9317617416381836,brow_left_outer,velocity_area,quantile_10,temporal
5,video_water_delta,53,838,2.9177749156951904,brow_left_outer,velocity_aspect,absolute_mean,absolute_motion
5,video_water_delta,54,44,2.8990752696990967,brow_left_inner,velocity_area,quantile_10,temporal
5,video_water_delta,55,58,2.882960557937622,brow_left_outer,cx,late_minus_early,temporal
5,video_water_delta,56,761,2.8499932289123535,chin_center,cx,temporal_slope,temporal
5,video_water_delta,57,839,2.847700834274292,brow_left_outer,velocity_aspect,absolute_std,absolute_motion
5,video_water_delta,58,241,2.82440185546875,eye_left_upper,aspect,std,temporal
5,video_water_delta,59,828,2.8045904636383057,brow_left_outer,velocity_x,absolute_quantile_90,absolute_motion
5,video_water_delta,60,545,2.80135440826416,nose_alar_right,cx,temporal_slope,temporal
5,video_water_delta,61,448,2.7970385551452637,nose_bridge,cz,late_minus_early,temporal
5,video_water_delta,62,449,2.7938385009765625,nose_bridge,cz,temporal_slope,temporal
5,video_water_delta,63,760,2.7637686729431152,chin_center,cx,late_minus_early,temporal
5,video_water_delta,64,825,2.7590491771698,brow_left_inner,velocity_aspect,absolute_max,absolute_motion
5,video_water_delta,65,840,2.757570266723633,brow_left_outer,velocity_aspect,absolute_quantile_90,absolute_motion
5,video_water_delta,66,707,2.737144708633423,lip_corners,cx,temporal_slope,temporal
5,video_water_delta,67,86,2.710081100463867,brow_left_outer,velocity_x,quantile_10,temporal
5,video_water_delta,68,706,2.6982362270355225,lip_corners,cx,late_minus_early,temporal
5,video_water_delta,69,491,2.610257625579834,nose_alar_left,cx,temporal_slope,temporal
5,video_water_delta,70,437,2.5879435539245605,nose_bridge,cx,temporal_slope,temporal
5,video_water_delta,71,874,2.5795586109161377,eye_left_upper,velocity_x,absolute_mean,absolute_motion
5,video_water_delta,72,303,2.5722768306732178,eye_left_lower,velocity_x,quantile_90,temporal
5,video_water_delta,73,834,2.4938554763793945,brow_left_outer,velocity_area,absolute_mean,absolute_motion
5,video_water_delta,74,538,2.489893913269043,nose_alar_left,velocity_aspect,late_minus_early,temporal
5,video_water_delta,75,877,2.4714696407318115,eye_left_upper,velocity_x,absolute_max,absolute_motion
5,video_water_delta,76,696,2.4702866077423096,lower_lip,velocity_aspect,mean,temporal
5,video_water_delta,77,819,2.4514124393463135,brow_left_inner,velocity_area,absolute_std,absolute_motion
5,video_water_delta,78,544,2.4103176593780518,nose_alar_right,cx,late_minus_early,temporal
5,video_water_delta,79,556,2.369112253189087,nose_alar_right,cz,late_minus_early,temporal
5,video_water_delta,80,779,2.3535449504852295,chin_center,area,temporal_slope,temporal
5,video_water_delta,81,690,2.3505332469940186,lower_lip,velocity_area,mean,temporal
5,video_water_delta,82,50,2.3205833435058594,brow_left_inner,velocity_aspect,quantile_10,temporal
5,video_water_delta,83,800,2.2828288078308105,chin_center,velocity_area,quantile_10,temporal
5,video_water_delta,84,649,2.2805016040802,lower_lip,cx,std,temporal
5,video_water_delta,85,533,2.2710630893707275,nose_alar_left,velocity_area,temporal_slope,temporal
5,video_water_delta,86,185,2.2138218879699707,brow_right_outer,area,temporal_slope,temporal
5,video_water_delta,87,436,2.2125892639160156,nose_bridge,cx,late_minus_early,temporal
5,video_water_delta,88,99,2.212139129638672,brow_left_outer,velocity_area,quantile_90,temporal
5,video_water_delta,89,815,2.178703546524048,brow_left_inner,velocity_y,absolute_std,absolute_motion
5,video_water_delta,90,109,2.1674203872680664,brow_right_inner,cx,std,temporal
5,video_water_delta,91,599,2.164138078689575,upper_lip,cx,temporal_slope,temporal
5,video_water_delta,92,557,2.150498151779175,nose_alar_right,cz,temporal_slope,temporal
5,video_water_delta,93,490,2.121687412261963,nose_alar_left,cx,late_minus_early,temporal
5,video_water_delta,94,184,2.070997953414917,brow_right_outer,area,late_minus_early,temporal
5,video_water_delta,95,83,2.0643410682678223,brow_left_outer,aspect,temporal_slope,temporal
5,video_water_delta,96,167,2.033393383026123,brow_right_outer,cx,temporal_slope,temporal
5,video_water_delta,97,813,2.015244245529175,brow_left_inner,velocity_x,absolute_max,absolute_motion
5,video_water_delta,98,734,2.0111324787139893,lip_corners,velocity_x,quantile_10,temporal
5,video_water_delta,99,932,2.0077621936798096,eye_right_lower,velocity_area,absolute_quantile_90,absolute_motion
5,video_water_delta,100,572,1.952645182609558,nose_alar_right,velocity_x,quantile_10,temporal
5,video_water_delta,101,598,1.9485079050064087,upper_lip,cx,late_minus_early,temporal
5,video_water_delta,102,45,1.9462498426437378,brow_left_inner,velocity_area,quantile_90,temporal
5,video_water_delta,103,204,1.9120360612869263,brow_right_outer,velocity_area,mean,temporal
5,video_water_delta,104,97,1.9114199876785278,brow_left_outer,velocity_area,std,temporal
5,video_water_delta,105,479,1.9113538265228271,nose_bridge,velocity_area,temporal_slope,temporal
5,video_water_delta,106,210,1.8928759098052979,brow_right_outer,velocity_aspect,mean,temporal
5,video_water_delta,107,478,1.8871687650680542,nose_bridge,velocity_area,late_minus_early,temporal
5,video_water_delta,108,87,1.8782505989074707,brow_left_outer,velocity_x,quantile_90,temporal
5,video_water_delta,109,248,1.8780231475830078,eye_left_upper,velocity_x,quantile_10,temporal
5,video_water_delta,110,883,1.8352136611938477,eye_left_upper,velocity_area,absolute_std,absolute_motion
5,video_water_delta,111,166,1.833527684211731,brow_right_outer,cx,late_minus_early,temporal
5,video_water_delta,112,404,1.81526517868042,eye_right_lower,aspect,quantile_10,temporal
5,video_water_delta,113,841,1.783992886543274,brow_left_outer,velocity_aspect,absolute_max,absolute_motion
5,video_water_delta,114,1025,1.7723206281661987,lip_corners,velocity_y,absolute_max,absolute_motion
5,video_water_delta,115,82,1.766174554824829,brow_left_outer,aspect,late_minus_early,temporal
5,video_water_delta,116,886,1.7414065599441528,eye_left_upper,velocity_aspect,absolute_mean,absolute_motion
5,video_water_delta,117,510,1.7376668453216553,nose_alar_left,aspect,mean,temporal
5,video_water_delta,118,173,1.7131098508834839,brow_right_outer,cy,temporal_slope,temporal
5,video_water_delta,119,13,1.6859205961227417,brow_left_inner,cz,std,temporal
5,video_water_delta,120,359,1.6807554960250854,eye_right_upper,velocity_x,temporal_slope,temporal
5,video_water_delta,121,778,1.6589467525482178,chin_center,area,late_minus_early,temporal
5,video_water_delta,122,821,1.6580768823623657,brow_left_inner,velocity_area,absolute_max,absolute_motion
5,video_water_delta,123,665,1.6195762157440186,lower_lip,cz,temporal_slope,temporal
5,video_water_delta,124,79,1.6185698509216309,brow_left_outer,aspect,std,temporal
5,video_water_delta,125,453,1.615430474281311,nose_bridge,area,quantile_90,temporal
5,video_water_delta,126,503,1.6120022535324097,nose_alar_left,cz,temporal_slope,temporal
5,video_water_delta,127,497,1.6078510284423828,nose_alar_left,cy,temporal_slope,temporal
5,video_water_delta,128,888,1.6045082807540894,eye_left_upper,velocity_aspect,absolute_quantile_90,absolute_motion
5,video_water_delta,129,513,1.6035711765289307,nose_alar_left,aspect,quantile_90,temporal
5,video_water_delta,130,358,1.6023385524749756,eye_right_upper,velocity_x,late_minus_early,temporal
5,video_water_delta,131,396,1.593530535697937,eye_right_lower,area,mean,temporal
5,video_water_delta,132,993,1.5741268396377563,upper_lip,velocity_y,absolute_max,absolute_motion
5,video_water_delta,133,564,1.5709142684936523,nose_alar_right,aspect,mean,temporal
5,video_water_delta,134,26,1.565899133682251,brow_left_inner,aspect,quantile_10,temporal
5,video_water_delta,135,150,1.5604150295257568,brow_right_inner,velocity_area,mean,temporal
5,video_water_delta,136,374,1.5586812496185303,eye_right_upper,velocity_aspect,quantile_10,temporal
5,video_water_delta,137,626,1.5220870971679688,upper_lip,velocity_x,quantile_10,temporal
5,video_water_delta,138,243,1.515233039855957,eye_left_upper,aspect,quantile_90,temporal
5,video_water_delta,139,636,1.514531135559082,upper_lip,velocity_area,mean,temporal
5,video_water_delta,140,931,1.5018056631088257,eye_right_lower,velocity_area,absolute_std,absolute_motion
5,video_water_delta,141,801,1.501074194908142,chin_center,velocity_area,quantile_90,temporal
5,video_water_delta,142,48,1.4989949464797974,brow_left_inner,velocity_aspect,mean,temporal
5,video_water_delta,143,71,1.4943835735321045,brow_left_outer,cz,temporal_slope,temporal
5,video_water_delta,144,265,1.490067958831787,eye_left_upper,velocity_aspect,std,temporal
5,video_water_delta,145,798,1.482456088066101,chin_center,velocity_area,mean,temporal
5,video_water_delta,146,172,1.4787466526031494,brow_right_outer,cy,late_minus_early,temporal
5,video_water_delta,147,915,1.4511404037475586,eye_right_upper,velocity_area,absolute_std,absolute_motion
5,video_water_delta,148,664,1.4477837085723877,lower_lip,cz,late_minus_early,temporal
5,video_water_delta,149,563,1.434492588043213,nose_alar_right,area,temporal_slope,temporal
5,video_water_delta,150,169,1.4275870323181152,brow_right_outer,cy,std,temporal
5,video_water_delta,151,806,1.4242703914642334,chin_center,velocity_aspect,quantile_10,temporal
5,video_water_delta,152,773,1.4216225147247314,chin_center,cz,temporal_slope,temporal
5,video_water_delta,153,881,1.4156196117401123,eye_left_upper,velocity_y,absolute_max,absolute_motion
5,video_water_delta,154,502,1.3977363109588623,nose_alar_left,cz,late_minus_early,temporal
5,video_water_delta,155,836,1.3913028240203857,brow_left_outer,velocity_area,absolute_quantile_90,absolute_motion
5,video_water_delta,156,127,1.3885821104049683,brow_right_inner,area,std,temporal
5,video_water_delta,157,421,1.3750523328781128,eye_right_lower,velocity_area,std,temporal
5,video_water_delta,158,70,1.364366888999939,brow_left_outer,cz,late_minus_early,temporal
5,video_water_delta,159,104,1.3640228509902954,brow_left_outer,velocity_aspect,quantile_10,temporal
5,video_water_delta,160,650,1.361067295074463,lower_lip,cx,quantile_10,temporal
5,video_water_delta,161,402,1.3558480739593506,eye_right_lower,aspect,mean,temporal
5,video_water_delta,162,424,1.3503450155258179,eye_right_lower,velocity_area,late_minus_early,temporal
5,video_water_delta,163,460,1.3439818620681763,nose_bridge,aspect,late_minus_early,temporal
5,video_water_delta,164,566,1.3220922946929932,nose_alar_right,aspect,quantile_10,temporal
5,video_water_delta,165,450,1.3207478523254395,nose_bridge,area,mean,temporal
5,video_water_delta,166,611,1.3122515678405762,upper_lip,cz,temporal_slope,temporal
5,video_water_delta,167,719,1.2992533445358276,lip_corners,cz,temporal_slope,temporal
5,video_water_delta,168,772,1.2802529335021973,chin_center,cz,late_minus_early,temporal
5,video_water_delta,169,504,1.2776670455932617,nose_alar_left,area,mean,temporal
5,video_water_delta,170,1044,1.2747220993041992,chin_center,velocity_area,absolute_quantile_90,absolute_motion
5,video_water_delta,171,930,1.2519407272338867,eye_right_lower,velocity_area,absolute_mean,absolute_motion
5,video_water_delta,172,936,1.2500988245010376,eye_right_lower,velocity_aspect,absolute_quantile_90,absolute_motion
5,video_water_delta,173,610,1.2327462434768677,upper_lip,cz,late_minus_early,temporal
5,video_water_delta,174,397,1.224052906036377,eye_right_lower,area,std,temporal
5,video_water_delta,175,363,1.203928828239441,eye_right_upper,velocity_y,quantile_90,temporal
5,video_water_delta,176,884,1.1835566759109497,eye_left_upper,velocity_area,absolute_quantile_90,absolute_motion
5,video_water_delta,177,718,1.1805766820907593,lip_corners,cz,late_minus_early,temporal
5,video_water_delta,178,112,1.1715258359909058,brow_right_inner,cx,late_minus_early,temporal
5,video_water_delta,179,588,1.1670697927474976,nose_alar_right,velocity_aspect,mean,temporal
5,video_water_delta,180,81,1.162602186203003,brow_left_outer,aspect,quantile_90,temporal
5,video_water_delta,181,461,1.1549091339111328,nose_bridge,aspect,temporal_slope,temporal
5,video_water_delta,182,865,1.1450612545013428,brow_right_outer,velocity_y,absolute_max,absolute_motion
5,video_water_delta,183,422,1.1429864168167114,eye_right_lower,velocity_area,quantile_10,temporal
5,video_water_delta,184,21,1.1385570764541626,brow_left_inner,area,quantile_90,temporal
5,video_water_delta,185,457,1.1307575702667236,nose_bridge,aspect,std,temporal
5,video_water_delta,186,405,1.1302584409713745,eye_right_lower,aspect,quantile_90,temporal
5,video_water_delta,187,130,1.123480200767517,brow_right_inner,area,late_minus_early,temporal
5,video_water_delta,188,643,1.115517020225525,upper_lip,velocity_aspect,std,temporal
5,video_water_delta,189,443,1.1127276420593262,nose_bridge,cy,temporal_slope,temporal
5,video_water_delta,190,349,1.1052069664001465,eye_right_upper,aspect,std,temporal
5,video_water_delta,191,281,1.0827113389968872,eye_left_lower,cy,temporal_slope,temporal
5,video_water_delta,192,558,1.0813329219818115,nose_alar_right,area,mean,temporal
5,video_water_delta,193,1020,1.0761862993240356,lip_corners,velocity_x,absolute_quantile_90,absolute_motion
5,video_water_delta,194,389,1.067838430404663,eye_right_lower,cy,temporal_slope,temporal
5,video_water_delta,195,973,1.0633612871170044,nose_alar_right,velocity_x,absolute_max,absolute_motion
5,video_water_delta,196,1001,1.0617332458496094,upper_lip,velocity_aspect,absolute_max,absolute_motion
5,video_water_delta,197,605,1.0578975677490234,upper_lip,cy,temporal_slope,temporal
5,video_water_delta,198,159,1.056972622871399,brow_right_inner,velocity_aspect,quantile_90,temporal
5,video_water_delta,199,887,1.0536723136901855,eye_left_upper,velocity_aspect,absolute_std,absolute_motion
5,video_water_delta,200,496,1.0385453701019287,nose_alar_left,cy,late_minus_early,temporal
5,video_water_delta,201,901,1.0378210544586182,eye_left_lower,velocity_area,absolute_max,absolute_motion
5,video_water_delta,202,868,1.027738094329834,brow_right_outer,velocity_area,absolute_quantile_90,absolute_motion
5,video_water_delta,203,170,1.0262051820755005,brow_right_outer,cy,quantile_10,temporal
5,video_water_delta,204,703,1.0258262157440186,lip_corners,cx,std,temporal
5,video_water_delta,205,29,1.0195283889770508,brow_left_inner,aspect,temporal_slope,temporal
5,video_water_delta,206,711,1.0194748640060425,lip_corners,cy,quantile_90,temporal
5,video_water_delta,207,899,1.0040780305862427,eye_left_lower,velocity_area,absolute_std,absolute_motion
5,video_water_delta,208,92,1.0023130178451538,brow_left_outer,velocity_y,quantile_10,temporal
5,video_water_delta,209,835,0.9957504272460938,brow_left_outer,velocity_area,absolute_std,absolute_motion
5,video_water_delta,210,561,0.9935755729675293,nose_alar_right,area,quantile_90,temporal
5,video_water_delta,211,1042,0.9926418662071228,chin_center,velocity_area,absolute_mean,absolute_motion
5,video_water_delta,212,659,0.9808399081230164,lower_lip,cy,temporal_slope,temporal
5,video_water_delta,213,1005,0.9643763899803162,lower_lip,velocity_x,absolute_max,absolute_motion
5,video_water_delta,214,454,0.9636390805244446,nose_bridge,area,late_minus_early,temporal
5,video_water_delta,215,569,0.9514254927635193,nose_alar_right,aspect,temporal_slope,temporal
5,video_water_delta,216,383,0.9473620653152466,eye_right_lower,cx,temporal_slope,temporal
5,video_water_delta,217,581,0.9361228346824646,nose_alar_right,velocity_y,temporal_slope,temporal
5,video_water_delta,218,233,0.9305109977722168,eye_left_upper,cz,temporal_slope,temporal
5,video_water_delta,219,28,0.9264285564422607,brow_left_inner,aspect,late_minus_early,temporal
5,video_water_delta,220,293,0.9239591360092163,eye_left_lower,area,temporal_slope,temporal
5,video_water_delta,221,131,0.9150233864784241,brow_right_inner,area,temporal_slope,temporal
5,video_water_delta,222,27,0.9112962484359741,brow_left_inner,aspect,quantile_90,temporal
5,video_water_delta,223,713,0.9092076420783997,lip_corners,cy,temporal_slope,temporal
5,video_water_delta,224,442,0.9031445384025574,nose_bridge,cy,late_minus_early,temporal
5,video_water_delta,225,426,0.9011578559875488,eye_right_lower,velocity_aspect,mean,temporal
5,video_water_delta,226,817,0.8757869005203247,brow_left_inner,velocity_y,absolute_max,absolute_motion
5,video_water_delta,227,382,0.8751252293586731,eye_right_lower,cx,late_minus_early,temporal
5,video_water_delta,228,335,0.873370349407196,eye_right_upper,cy,temporal_slope,temporal
5,video_water_delta,229,113,0.8732486963272095,brow_right_inner,cx,temporal_slope,temporal
5,video_water_delta,230,328,0.870005190372467,eye_right_upper,cx,late_minus_early,temporal
5,video_water_delta,231,507,0.8685927391052246,nose_alar_left,area,quantile_90,temporal
5,video_water_delta,232,375,0.8618983030319214,eye_right_upper,velocity_aspect,quantile_90,temporal
5,video_water_delta,233,227,0.8577854633331299,eye_left_upper,cy,temporal_slope,temporal
5,video_water_delta,234,657,0.851117730140686,lower_lip,cy,quantile_90,temporal
5,video_water_delta,235,368,0.8508721590042114,eye_right_upper,velocity_area,quantile_10,temporal
5,video_water_delta,236,202,0.8507713079452515,brow_right_outer,velocity_y,late_minus_early,temporal
5,video_water_delta,237,954,0.8482627868652344,nose_alar_left,velocity_x,absolute_mean,absolute_motion
5,video_water_delta,238,376,0.8458801507949829,eye_right_upper,velocity_aspect,late_minus_early,temporal
5,video_water_delta,239,329,0.8428624868392944,eye_right_upper,cx,temporal_slope,temporal
5,video_water_delta,240,571,0.8393160700798035,nose_alar_right,velocity_x,std,temporal
5,video_water_delta,241,562,0.8328216671943665,nose_alar_right,area,late_minus_early,temporal
5,video_water_delta,242,160,0.8306768536567688,brow_right_inner,velocity_aspect,late_minus_early,temporal
5,video_water_delta,243,549,0.8306042551994324,nose_alar_right,cy,quantile_90,temporal
5,video_water_delta,244,758,0.830544650554657,chin_center,cx,quantile_10,temporal
5,video_water_delta,245,214,0.8262051343917847,brow_right_outer,velocity_aspect,late_minus_early,temporal
5,video_water_delta,246,517,0.8236900568008423,nose_alar_left,velocity_x,std,temporal
5,video_water_delta,247,239,0.8194147348403931,eye_left_upper,area,temporal_slope,temporal
5,video_water_delta,248,494,0.818752110004425,nose_alar_left,cy,quantile_10,temporal
5,video_water_delta,249,677,0.8155471682548523,lower_lip,aspect,temporal_slope,temporal
5,video_water_delta,250,232,0.8123373985290527,eye_left_upper,cz,late_minus_early,temporal
5,video_water_delta,251,371,0.8118007183074951,eye_right_upper,velocity_area,temporal_slope,temporal
5,video_water_delta,252,302,0.8077221512794495,eye_left_lower,velocity_x,quantile_10,temporal
5,video_water_delta,253,102,0.7978106141090393,brow_left_outer,velocity_aspect,mean,temporal
5,video_water_delta,254,603,0.7901624441146851,upper_lip,cy,quantile_90,temporal
5,video_water_delta,255,512,0.7845358848571777,nose_alar_left,aspect,quantile_10,temporal
5,video_water_delta,256,731,0.7812868356704712,lip_corners,aspect,temporal_slope,temporal
5,video_water_delta,257,971,0.778709352016449,nose_alar_right,velocity_x,absolute_std,absolute_motion
5,video_water_delta,258,206,0.7777645587921143,brow_right_outer,velocity_area,quantile_10,temporal
5,video_water_delta,259,400,0.7735587954521179,eye_right_lower,area,late_minus_early,temporal
5,video_water_delta,260,367,0.7682410478591919,eye_right_upper,velocity_area,std,temporal
5,video_water_delta,261,275,0.7621307969093323,eye_left_lower,cx,temporal_slope,temporal
5,video_water_delta,262,267,0.7554708123207092,eye_left_upper,velocity_aspect,quantile_90,temporal
5,video_water_delta,263,515,0.7542487382888794,nose_alar_left,aspect,temporal_slope,temporal
5,video_water_delta,264,970,0.7503445744514465,nose_alar_right,velocity_x,absolute_mean,absolute_motion
5,video_water_delta,265,259,0.7436896562576294,eye_left_upper,velocity_area,std,temporal
5,video_water_delta,266,40,0.7390491366386414,brow_left_inner,velocity_y,late_minus_early,temporal
5,video_water_delta,267,604,0.7388247847557068,upper_lip,cy,late_minus_early,temporal
5,video_water_delta,268,36,0.7336022853851318,brow_left_inner,velocity_y,mean,temporal
5,video_water_delta,269,735,0.7319067120552063,lip_corners,velocity_x,quantile_90,temporal
5,video_water_delta,270,642,0.7295998930931091,upper_lip,velocity_aspect,mean,temporal
5,video_water_delta,271,1009,0.7277008295059204,lower_lip,velocity_y,absolute_max,absolute_motion
5,video_water_delta,272,416,0.7259447574615479,eye_right_lower,velocity_y,quantile_10,temporal
5,video_water_delta,273,238,0.7255141735076904,eye_left_upper,area,late_minus_early,temporal
5,video_water_delta,274,949,0.713869035243988,nose_bridge,velocity_area,absolute_max,absolute_motion
5,video_water_delta,275,799,0.7059621810913086,chin_center,velocity_area,std,temporal
5,video_water_delta,276,181,0.6956037878990173,brow_right_outer,area,std,temporal
5,video_water_delta,277,767,0.693267285823822,chin_center,cy,temporal_slope,temporal
5,video_water_delta,278,531,0.6924895644187927,nose_alar_left,velocity_area,quantile_90,temporal
5,video_water_delta,279,1037,0.688686728477478,chin_center,velocity_x,absolute_max,absolute_motion
5,video_water_delta,280,394,0.687953770160675,eye_right_lower,cz,late_minus_early,temporal
5,video_water_delta,281,395,0.6799999475479126,eye_right_lower,cz,temporal_slope,temporal
5,video_water_delta,282,157,0.6757123470306396,brow_right_inner,velocity_aspect,std,temporal
5,video_water_delta,283,855,0.6671338677406311,brow_right_inner,velocity_aspect,absolute_std,absolute_motion
5,video_water_delta,284,781,0.666556179523468,chin_center,aspect,std,temporal
5,video_water_delta,285,692,0.6657792925834656,lower_lip,velocity_area,quantile_10,temporal
5,video_water_delta,286,991,0.6636138558387756,upper_lip,velocity_y,absolute_std,absolute_motion
5,video_water_delta,287,730,0.652744472026825,lip_corners,aspect,late_minus_early,temporal
5,video_water_delta,288,857,0.6500674486160278,brow_right_inner,velocity_aspect,absolute_max,absolute_motion
5,video_water_delta,289,203,0.6492186784744263,brow_right_outer,velocity_y,temporal_slope,temporal
5,video_water_delta,290,388,0.6487630605697632,eye_right_lower,cy,late_minus_early,temporal
5,video_water_delta,291,19,0.6456774473190308,brow_left_inner,area,std,temporal
5,video_water_delta,292,519,0.64548259973526,nose_alar_left,velocity_x,quantile_90,temporal
5,video_water_delta,293,518,0.636520266532898,nose_alar_left,velocity_x,quantile_10,temporal
5,video_water_delta,294,807,0.6361899375915527,chin_center,velocity_aspect,quantile_90,temporal
5,video_water_delta,295,283,0.6341802477836609,eye_left_lower,cz,std,temporal
5,video_water_delta,296,88,0.6336249113082886,brow_left_outer,velocity_x,late_minus_early,temporal
5,video_water_delta,297,587,0.6316956281661987,nose_alar_right,velocity_area,temporal_slope,temporal
5,video_water_delta,298,879,0.6283615827560425,eye_left_upper,velocity_y,absolute_std,absolute_motion
5,video_water_delta,299,280,0.6274728775024414,eye_left_lower,cy,late_minus_early,temporal
5,video_water_delta,300,459,0.6226483583450317,nose_bridge,aspect,quantile_90,temporal
5,video_water_delta,301,414,0.6214864253997803,eye_right_lower,velocity_y,mean,temporal
5,video_water_delta,302,361,0.6211435198783875,eye_right_upper,velocity_y,std,temporal
5,video_water_delta,303,292,0.6210886836051941,eye_left_lower,area,late_minus_early,temporal
5,video_water_delta,304,140,0.6187025904655457,brow_right_inner,velocity_x,quantile_10,temporal
5,video_water_delta,305,867,0.6179618239402771,brow_right_outer,velocity_area,absolute_std,absolute_motion
5,video_water_delta,306,910,0.6164606213569641,eye_right_upper,velocity_y,absolute_mean,absolute_motion
5,video_water_delta,307,854,0.6151258945465088,brow_right_inner,velocity_aspect,absolute_mean,absolute_motion
5,video_water_delta,308,452,0.6124561429023743,nose_bridge,area,quantile_10,temporal
5,video_water_delta,309,923,0.6113267540931702,eye_right_lower,velocity_x,absolute_std,absolute_motion
5,video_water_delta,310,765,0.6094027757644653,chin_center,cy,quantile_90,temporal
5,video_water_delta,311,1039,0.6079767942428589,chin_center,velocity_y,absolute_std,absolute_motion
5,video_water_delta,312,658,0.6037441492080688,lower_lip,cy,late_minus_early,temporal
5,video_water_delta,313,567,0.6024645566940308,nose_alar_right,aspect,quantile_90,temporal
5,video_water_delta,314,379,0.6018126010894775,eye_right_lower,cx,std,temporal
5,video_water_delta,315,142,0.6015169620513916,brow_right_inner,velocity_x,late_minus_early,temporal
5,video_water_delta,316,252,0.5999851226806641,eye_left_upper,velocity_y,mean,temporal
5,video_water_delta,317,483,0.5983411073684692,nose_bridge,velocity_aspect,quantile_90,temporal
5,video_water_delta,318,712,0.5938954949378967,lip_corners,cy,late_minus_early,temporal
5,video_water_delta,319,1035,0.5936564803123474,chin_center,velocity_x,absolute_std,absolute_motion
5,video_water_delta,320,246,0.588538408279419,eye_left_upper,velocity_x,mean,temporal
5,video_water_delta,321,133,0.588278591632843,brow_right_inner,aspect,std,temporal
5,video_water_delta,322,474,0.5878219604492188,nose_bridge,velocity_area,mean,temporal
5,video_water_delta,323,641,0.586787760257721,upper_lip,velocity_area,temporal_slope,temporal
5,video_water_delta,324,937,0.5841971635818481,eye_right_lower,velocity_aspect,absolute_max,absolute_motion
5,video_water_delta,325,684,0.5754571557044983,lower_lip,velocity_y,mean,temporal
5,video_water_delta,326,956,0.5750939249992371,nose_alar_left,velocity_x,absolute_quantile_90,absolute_motion
5,video_water_delta,327,17,0.5731126070022583,brow_left_inner,cz,temporal_slope,temporal
5,video_water_delta,328,1036,0.5731000900268555,chin_center,velocity_x,absolute_quantile_90,absolute_motion
5,video_water_delta,329,955,0.5694788694381714,nose_alar_left,velocity_x,absolute_std,absolute_motion
5,video_water_delta,330,455,0.5691067576408386,nose_bridge,area,temporal_slope,temporal
5,video_water_delta,331,757,0.5688050389289856,chin_center,cx,std,temporal
5,video_water_delta,332,175,0.5607386231422424,brow_right_outer,cz,std,temporal
5,video_water_delta,333,693,0.559413731098175,lower_lip,velocity_area,quantile_90,temporal
5,video_water_delta,334,289,0.5569928884506226,eye_left_lower,area,std,temporal
5,video_water_delta,335,509,0.5529406070709229,nose_alar_left,area,temporal_slope,temporal
5,video_water_delta,336,146,0.5496308207511902,brow_right_inner,velocity_y,quantile_10,temporal
5,video_water_delta,337,704,0.54923415184021,lip_corners,cx,quantile_10,temporal
5,video_water_delta,338,486,0.526804506778717,nose_alar_left,cx,mean,temporal
5,video_water_delta,339,356,0.5263939499855042,eye_right_upper,velocity_x,quantile_10,temporal
5,video_water_delta,340,341,0.5258240103721619,eye_right_upper,cz,temporal_slope,temporal
5,video_water_delta,341,205,0.5242353677749634,brow_right_outer,velocity_area,std,temporal
5,video_water_delta,342,124,0.523809552192688,brow_right_inner,cz,late_minus_early,temporal
5,video_water_delta,343,635,0.5223520994186401,upper_lip,velocity_y,temporal_slope,temporal
5,video_water_delta,344,52,0.5216574668884277,brow_left_inner,velocity_aspect,late_minus_early,temporal
5,video_water_delta,345,354,0.5212730169296265,eye_right_upper,velocity_x,mean,temporal
5,video_water_delta,346,492,0.5150500535964966,nose_alar_left,cy,mean,temporal
5,video_water_delta,347,148,0.5132048726081848,brow_right_inner,velocity_y,late_minus_early,temporal
5,video_water_delta,348,340,0.5109384059906006,eye_right_upper,cz,late_minus_early,temporal
5,video_water_delta,349,579,0.5072231292724609,nose_alar_right,velocity_y,quantile_90,temporal
5,video_water_delta,350,568,0.5060626268386841,nose_alar_right,aspect,late_minus_early,temporal
5,video_water_delta,351,674,0.505077064037323,lower_lip,aspect,quantile_10,temporal
5,video_water_delta,352,423,0.5005204081535339,eye_right_lower,velocity_area,quantile_90,temporal
5,video_water_delta,353,842,0.5004732608795166,brow_right_inner,velocity_x,absolute_mean,absolute_motion
5,video_water_delta,354,235,0.5002313852310181,eye_left_upper,area,std,temporal
5,video_water_delta,355,255,0.5001099705696106,eye_left_upper,velocity_y,quantile_90,temporal
5,video_water_delta,356,885,0.4972583055496216,eye_left_upper,velocity_area,absolute_max,absolute_motion
5,video_water_delta,357,435,0.48952025175094604,nose_bridge,cx,quantile_90,temporal
5,video_water_delta,358,916,0.4853709638118744,eye_right_upper,velocity_area,absolute_quantile_90,absolute_motion
5,video_water_delta,359,129,0.4852392375469208,brow_right_inner,area,quantile_90,temporal
5,video_water_delta,360,111,0.4837111532688141,brow_right_inner,cx,quantile_90,temporal
5,video_water_delta,361,500,0.4822666645050049,nose_alar_left,cz,quantile_10,temporal
5,video_water_delta,362,1023,0.4815402030944824,lip_corners,velocity_y,absolute_std,absolute_motion
5,video_water_delta,363,582,0.4786021411418915,nose_alar_right,velocity_area,mean,temporal
5,video_water_delta,364,506,0.47822335362434387,nose_alar_left,area,quantile_10,temporal
5,video_water_delta,365,783,0.4771181046962738,chin_center,aspect,quantile_90,temporal
5,video_water_delta,366,743,0.4767928421497345,lip_corners,velocity_y,temporal_slope,temporal
5,video_water_delta,367,933,0.47403380274772644,eye_right_lower,velocity_area,absolute_max,absolute_motion
5,video_water_delta,368,1018,0.47162628173828125,lip_corners,velocity_x,absolute_mean,absolute_motion
5,video_water_delta,369,911,0.47150343656539917,eye_right_upper,velocity_y,absolute_std,absolute_motion
5,video_water_delta,370,485,0.4707625210285187,nose_bridge,velocity_aspect,temporal_slope,temporal
5,video_water_delta,371,115,0.4707031548023224,brow_right_inner,cy,std,temporal
5,video_water_delta,372,261,0.47040310502052307,eye_left_upper,velocity_area,quantile_90,temporal
5,video_water_delta,373,90,0.47000983357429504,brow_left_outer,velocity_y,mean,temporal
5,video_water_delta,374,270,0.46355947852134705,eye_left_lower,cx,mean,temporal
5,video_water_delta,375,482,0.46331387758255005,nose_bridge,velocity_aspect,quantile_10,temporal
5,video_water_delta,376,546,0.46266213059425354,nose_alar_right,cy,mean,temporal
5,video_water_delta,377,272,0.46204355359077454,eye_left_lower,cx,quantile_10,temporal
5,video_water_delta,378,530,0.4616033434867859,nose_alar_left,velocity_area,quantile_10,temporal
5,video_water_delta,379,621,0.4591957926750183,upper_lip,aspect,quantile_90,temporal
5,video_water_delta,380,521,0.4587746858596802,nose_alar_left,velocity_x,temporal_slope,temporal
5,video_water_delta,381,325,0.45515358448028564,eye_right_upper,cx,std,temporal
5,video_water_delta,382,853,0.4549344480037689,brow_right_inner,velocity_area,absolute_max,absolute_motion
5,video_water_delta,383,671,0.45491746068000793,lower_lip,area,temporal_slope,temporal
5,video_water_delta,384,976,0.45433735847473145,nose_alar_right,velocity_y,absolute_quantile_90,absolute_motion
5,video_water_delta,385,143,0.4517737925052643,brow_right_inner,velocity_x,temporal_slope,temporal
5,video_water_delta,386,291,0.4513876736164093,eye_left_lower,area,quantile_90,temporal
5,video_water_delta,387,634,0.44372162222862244,upper_lip,velocity_y,late_minus_early,temporal
5,video_water_delta,388,540,0.4422907829284668,nose_alar_right,cx,mean,temporal
5,video_water_delta,389,866,0.44052359461784363,brow_right_outer,velocity_area,absolute_mean,absolute_motion
5,video_water_delta,390,149,0.44018834829330444,brow_right_inner,velocity_y,temporal_slope,temporal
5,video_water_delta,391,917,0.43842536211013794,eye_right_upper,velocity_area,absolute_max,absolute_motion
5,video_water_delta,392,226,0.43829146027565,eye_left_upper,cy,late_minus_early,temporal
5,video_water_delta,393,427,0.43365055322647095,eye_right_lower,velocity_aspect,std,temporal
5,video_water_delta,394,100,0.43232065439224243,brow_left_outer,velocity_area,late_minus_early,temporal
5,video_water_delta,395,125,0.4322547912597656,brow_right_inner,cz,temporal_slope,temporal
5,video_water_delta,396,16,0.43176472187042236,brow_left_inner,cz,late_minus_early,temporal
5,video_water_delta,397,409,0.43068253993988037,eye_right_lower,velocity_x,std,temporal
5,video_water_delta,398,1,0.42997658252716064,brow_left_inner,cx,std,temporal
5,video_water_delta,399,119,0.4292330741882324,brow_right_inner,cy,temporal_slope,temporal
5,video_water_delta,400,139,0.4282974302768707,brow_right_inner,velocity_x,std,temporal
5,video_water_delta,401,221,0.42784780263900757,eye_left_upper,cx,temporal_slope,temporal
5,video_water_delta,402,177,0.4276980757713318,brow_right_outer,cz,quantile_90,temporal
5,video_water_delta,403,334,0.4269466698169708,eye_right_upper,cy,late_minus_early,temporal
5,video_water_delta,404,681,0.4222569763660431,lower_lip,velocity_x,quantile_90,temporal
5,video_water_delta,405,619,0.4190993309020996,upper_lip,aspect,std,temporal
5,video_water_delta,406,957,0.4187154471874237,nose_alar_left,velocity_x,absolute_max,absolute_motion
5,video_water_delta,407,543,0.4168968200683594,nose_alar_right,cx,quantile_90,temporal
5,video_water_delta,408,639,0.4147995114326477,upper_lip,velocity_area,quantile_90,temporal
5,video_water_delta,409,209,0.41205596923828125,brow_right_outer,velocity_area,temporal_slope,temporal
5,video_water_delta,410,41,0.41103240847587585,brow_left_inner,velocity_y,temporal_slope,temporal
5,video_water_delta,411,742,0.4108251631259918,lip_corners,velocity_y,late_minus_early,temporal
5,video_water_delta,412,264,0.4099319875240326,eye_left_upper,velocity_aspect,mean,temporal
5,video_water_delta,413,912,0.4098031222820282,eye_right_upper,velocity_y,absolute_quantile_90,absolute_motion
5,video_water_delta,414,249,0.4096437394618988,eye_left_upper,velocity_x,quantile_90,temporal
5,video_water_delta,415,728,0.40700656175613403,lip_corners,aspect,quantile_10,temporal
5,video_water_delta,416,1049,0.4067060947418213,chin_center,velocity_aspect,absolute_max,absolute_motion
5,video_water_delta,417,251,0.40461742877960205,eye_left_upper,velocity_x,temporal_slope,temporal
5,video_water_delta,418,676,0.4045543670654297,lower_lip,aspect,late_minus_early,temporal
5,video_water_delta,419,360,0.40140169858932495,eye_right_upper,velocity_y,mean,temporal
5,video_water_delta,420,326,0.4011043608188629,eye_right_upper,cx,quantile_10,temporal
5,video_water_delta,421,560,0.4008108377456665,nose_alar_right,area,quantile_10,temporal
5,video_water_delta,422,935,0.39766788482666016,eye_right_lower,velocity_aspect,absolute_std,absolute_motion
5,video_water_delta,423,977,0.39737460017204285,nose_alar_right,velocity_y,absolute_max,absolute_motion
5,video_water_delta,424,918,0.39542892575263977,eye_right_upper,velocity_aspect,absolute_mean,absolute_motion
5,video_water_delta,425,192,0.39538395404815674,brow_right_outer,velocity_x,mean,temporal
5,video_water_delta,426,55,0.39001405239105225,brow_left_outer,cx,std,temporal
5,video_water_delta,427,306,0.3876878023147583,eye_left_lower,velocity_y,mean,temporal
5,video_water_delta,428,91,0.3851681351661682,brow_left_outer,velocity_y,std,temporal
5,video_water_delta,429,914,0.38382869958877563,eye_right_upper,velocity_area,absolute_mean,absolute_motion
5,video_water_delta,430,929,0.382618248462677,eye_right_lower,velocity_y,absolute_max,absolute_motion
5,video_water_delta,431,46,0.3792736828327179,brow_left_inner,velocity_area,late_minus_early,temporal
5,video_water_delta,432,1045,0.3776687979698181,chin_center,velocity_area,absolute_max,absolute_motion
5,video_water_delta,433,215,0.37487033009529114,brow_right_outer,velocity_aspect,temporal_slope,temporal
5,video_water_delta,434,216,0.37420454621315,eye_left_upper,cx,mean,temporal
5,video_water_delta,435,851,0.37229421734809875,brow_right_inner,velocity_area,absolute_std,absolute_motion
5,video_water_delta,436,297,0.3704543113708496,eye_left_lower,aspect,quantile_90,temporal
5,video_water_delta,437,128,0.3701479732990265,brow_right_inner,area,quantile_10,temporal
5,video_water_delta,438,286,0.36622491478919983,eye_left_lower,cz,late_minus_early,temporal
5,video_water_delta,439,183,0.3646266758441925,brow_right_outer,area,quantile_90,temporal
5,video_water_delta,440,615,0.362357497215271,upper_lip,area,quantile_90,temporal
5,video_water_delta,441,766,0.36123108863830566,chin_center,cy,late_minus_early,temporal
5,video_water_delta,442,580,0.3594110906124115,nose_alar_right,velocity_y,late_minus_early,temporal
5,video_water_delta,443,274,0.35577476024627686,eye_left_lower,cx,late_minus_early,temporal
5,video_water_delta,444,790,0.3551281988620758,chin_center,velocity_x,late_minus_early,temporal
5,video_water_delta,445,869,0.35433217883110046,brow_right_outer,velocity_area,absolute_max,absolute_motion
5,video_water_delta,446,132,0.3530726134777069,brow_right_inner,aspect,mean,temporal
5,video_water_delta,447,14,0.3523370325565338,brow_left_inner,cz,quantile_10,temporal
5,video_water_delta,448,386,0.35167577862739563,eye_right_lower,cy,quantile_10,temporal
5,video_water_delta,449,830,0.34841880202293396,brow_left_outer,velocity_y,absolute_mean,absolute_motion
5,video_water_delta,450,295,0.34819626808166504,eye_left_lower,aspect,std,temporal
5,video_water_delta,451,689,0.34641844034194946,lower_lip,velocity_y,temporal_slope,temporal
5,video_water_delta,452,77,0.34531572461128235,brow_left_outer,area,temporal_slope,temporal
5,video_water_delta,453,793,0.34489938616752625,chin_center,velocity_y,std,temporal
5,video_water_delta,454,407,0.3447442352771759,eye_right_lower,aspect,temporal_slope,temporal
5,video_water_delta,455,958,0.34181535243988037,nose_alar_left,velocity_y,absolute_mean,absolute_motion
5,video_water_delta,456,934,0.33885136246681213,eye_right_lower,velocity_aspect,absolute_mean,absolute_motion
5,video_water_delta,457,1043,0.3387002944946289,chin_center,velocity_area,absolute_std,absolute_motion
5,video_water_delta,458,313,0.337357759475708,eye_left_lower,velocity_area,std,temporal
5,video_water_delta,459,905,0.3371018171310425,eye_left_lower,velocity_aspect,absolute_max,absolute_motion
5,video_water_delta,460,489,0.3343110680580139,nose_alar_left,cx,quantile_90,temporal
5,video_water_delta,461,986,0.3332844376564026,upper_lip,velocity_x,absolute_mean,absolute_motion
5,video_water_delta,462,10,0.33063220977783203,brow_left_inner,cy,late_minus_early,temporal
5,video_water_delta,463,467,0.32908061146736145,nose_bridge,velocity_x,temporal_slope,temporal
5,video_water_delta,464,863,0.32596588134765625,brow_right_outer,velocity_y,absolute_std,absolute_motion
5,video_water_delta,465,15,0.32429903745651245,brow_left_inner,cz,quantile_90,temporal
5,video_water_delta,466,72,0.3229309916496277,brow_left_outer,area,mean,temporal
5,video_water_delta,467,411,0.3228784203529358,eye_right_lower,velocity_x,quantile_90,temporal
5,video_water_delta,468,534,0.3212738037109375,nose_alar_left,velocity_aspect,mean,temporal
5,video_water_delta,469,909,0.3210771381855011,eye_right_upper,velocity_x,absolute_max,absolute_motion
5,video_water_delta,470,401,0.3169950842857361,eye_right_lower,area,temporal_slope,temporal
5,video_water_delta,471,432,0.3110392093658447,nose_bridge,cx,mean,temporal
5,video_water_delta,472,922,0.3100830912590027,eye_right_lower,velocity_x,absolute_mean,absolute_motion
5,video_water_delta,473,920,0.3096383512020111,eye_right_upper,velocity_aspect,absolute_quantile_90,absolute_motion
5,video_water_delta,474,514,0.30930668115615845,nose_alar_left,aspect,late_minus_early,temporal
5,video_water_delta,475,498,0.30898138880729675,nose_alar_left,cz,mean,temporal
5,video_water_delta,476,240,0.30889657139778137,eye_left_upper,aspect,mean,temporal
5,video_water_delta,477,95,0.3075307309627533,brow_left_outer,velocity_y,temporal_slope,temporal
5,video_water_delta,478,738,0.3046160936355591,lip_corners,velocity_y,mean,temporal
5,video_water_delta,479,620,0.3036079406738281,upper_lip,aspect,quantile_10,temporal
5,video_water_delta,480,776,0.3013864755630493,chin_center,area,quantile_10,temporal
5,video_water_delta,481,391,0.2975787818431854,eye_right_lower,cz,std,temporal
5,video_water_delta,482,640,0.297202467918396,upper_lip,velocity_area,late_minus_early,temporal
5,video_water_delta,483,189,0.29697588086128235,brow_right_outer,aspect,quantile_90,temporal
5,video_water_delta,484,975,0.29681193828582764,nose_alar_right,velocity_y,absolute_std,absolute_motion
5,video_water_delta,485,178,0.2962682843208313,brow_right_outer,cz,late_minus_early,temporal
5,video_water_delta,486,590,0.29572683572769165,nose_alar_right,velocity_aspect,quantile_10,temporal
5,video_water_delta,487,688,0.2947857081890106,lower_lip,velocity_y,late_minus_early,temporal
5,video_water_delta,488,250,0.29209598898887634,eye_left_upper,velocity_x,late_minus_early,temporal
5,video_water_delta,489,287,0.2920805513858795,eye_left_lower,cz,temporal_slope,temporal
5,video_water_delta,490,93,0.291747123003006,brow_left_outer,velocity_y,quantile_90,temporal
5,video_water_delta,491,321,0.2862924635410309,eye_left_lower,velocity_aspect,quantile_90,temporal
5,video_water_delta,492,141,0.2849824130535126,brow_right_inner,velocity_x,quantile_90,temporal
5,video_water_delta,493,377,0.28444451093673706,eye_right_upper,velocity_aspect,temporal_slope,temporal
5,video_water_delta,494,831,0.2806720733642578,brow_left_outer,velocity_y,absolute_std,absolute_motion
5,video_water_delta,495,118,0.2804282605648041,brow_right_inner,cy,late_minus_early,temporal
5,video_water_delta,496,906,0.2802979648113251,eye_right_upper,velocity_x,absolute_mean,absolute_motion
5,video_water_delta,497,837,0.27983352541923523,brow_left_outer,velocity_area,absolute_max,absolute_motion
5,video_water_delta,498,559,0.27951517701148987,nose_alar_right,area,std,temporal
5,video_water_delta,499,135,0.27658286690711975,brow_right_inner,aspect,quantile_90,temporal
5,video_water_delta,500,575,0.2740827798843384,nose_alar_right,velocity_x,temporal_slope,temporal
5,video_water_delta,501,106,0.271298348903656,brow_left_outer,velocity_aspect,late_minus_early,temporal
5,video_water_delta,502,7,0.2701093554496765,brow_left_inner,cy,std,temporal
5,video_water_delta,503,614,0.2683531939983368,upper_lip,area,quantile_10,temporal
5,video_water_delta,504,4,0.26658913493156433,brow_left_inner,cx,late_minus_early,temporal
5,video_water_delta,505,147,0.26550883054733276,brow_right_inner,velocity_y,quantile_90,temporal
5,video_water_delta,506,1007,0.26445111632347107,lower_lip,velocity_y,absolute_std,absolute_motion
5,video_water_delta,507,116,0.2638722360134125,brow_right_inner,cy,quantile_10,temporal
5,video_water_delta,508,69,0.26343557238578796,brow_left_outer,cz,quantile_90,temporal
5,video_water_delta,509,804,0.2614135444164276,chin_center,velocity_aspect,mean,temporal
5,video_water_delta,510,155,0.26047056913375854,brow_right_inner,velocity_area,temporal_slope,temporal
5,video_water_delta,511,672,0.2594555616378784,lower_lip,aspect,mean,temporal
5,video_water_delta,512,35,0.2592886686325073,brow_left_inner,velocity_x,temporal_slope,temporal
5,video_water_delta,513,680,0.25781917572021484,lower_lip,velocity_x,quantile_10,temporal
5,video_water_delta,514,144,0.2572527229785919,brow_right_inner,velocity_y,mean,temporal
5,video_water_delta,515,199,0.25657525658607483,brow_right_outer,velocity_y,std,temporal
5,video_water_delta,516,797,0.2532627582550049,chin_center,velocity_y,temporal_slope,temporal
5,video_water_delta,517,337,0.252732515335083,eye_right_upper,cz,std,temporal
5,video_water_delta,518,726,0.25152501463890076,lip_corners,aspect,mean,temporal
5,video_water_delta,519,997,0.2489556074142456,upper_lip,velocity_area,absolute_max,absolute_motion
5,video_water_delta,520,972,0.24731606245040894,nose_alar_right,velocity_x,absolute_quantile_90,absolute_motion
5,video_water_delta,521,754,0.24648517370224,lip_corners,velocity_aspect,late_minus_early,temporal
5,video_water_delta,522,80,0.24540314078330994,brow_left_outer,aspect,quantile_10,temporal
5,video_water_delta,523,107,0.2419510930776596,brow_left_outer,velocity_aspect,temporal_slope,temporal
5,video_water_delta,524,522,0.24117910861968994,nose_alar_left,velocity_y,mean,temporal
5,video_water_delta,525,952,0.2379935383796692,nose_bridge,velocity_aspect,absolute_quantile_90,absolute_motion
5,video_water_delta,526,110,0.23761844635009766,brow_right_inner,cx,quantile_10,temporal
5,video_water_delta,527,357,0.23627543449401855,eye_right_upper,velocity_x,quantile_90,temporal
5,video_water_delta,528,269,0.23442816734313965,eye_left_upper,velocity_aspect,temporal_slope,temporal
5,video_water_delta,529,1010,0.23387640714645386,lower_lip,velocity_area,absolute_mean,absolute_motion
5,video_water_delta,530,548,0.23343341052532196,nose_alar_right,cy,quantile_10,temporal
5,video_water_delta,531,523,0.23108042776584625,nose_alar_left,velocity_y,std,temporal
5,video_water_delta,532,273,0.22775831818580627,eye_left_lower,cx,quantile_90,temporal
5,video_water_delta,533,308,0.2273760885000229,eye_left_lower,velocity_y,quantile_10,temporal
5,video_water_delta,534,352,0.2272477149963379,eye_right_upper,aspect,late_minus_early,temporal
5,video_water_delta,535,179,0.22587592899799347,brow_right_outer,cz,temporal_slope,temporal
5,video_water_delta,536,403,0.22516942024230957,eye_right_lower,aspect,std,temporal
5,video_water_delta,537,787,0.22495688498020172,chin_center,velocity_x,std,temporal
5,video_water_delta,538,123,0.2247474640607834,brow_right_inner,cz,quantile_90,temporal
5,video_water_delta,539,355,0.22467729449272156,eye_right_upper,velocity_x,std,temporal
5,video_water_delta,540,413,0.22449588775634766,eye_right_lower,velocity_x,temporal_slope,temporal
5,video_water_delta,541,1019,0.22413668036460876,lip_corners,velocity_x,absolute_std,absolute_motion
5,video_water_delta,542,207,0.22289909422397614,brow_right_outer,velocity_area,quantile_90,temporal
5,video_water_delta,543,373,0.22205142676830292,eye_right_upper,velocity_aspect,std,temporal
5,video_water_delta,544,508,0.22095108032226562,nose_alar_left,area,late_minus_early,temporal
5,video_water_delta,545,271,0.22073805332183838,eye_left_lower,cx,std,temporal
5,video_water_delta,546,578,0.21925929188728333,nose_alar_right,velocity_y,quantile_10,temporal
5,video_water_delta,547,844,0.2192082405090332,brow_right_inner,velocity_x,absolute_quantile_90,absolute_motion
5,video_water_delta,548,236,0.21877673268318176,eye_left_upper,area,quantile_10,temporal
5,video_water_delta,549,5,0.21824386715888977,brow_left_inner,cx,temporal_slope,temporal
5,video_water_delta,550,987,0.21700957417488098,upper_lip,velocity_x,absolute_std,absolute_motion
5,video_water_delta,551,294,0.21651111543178558,eye_left_lower,aspect,mean,temporal
5,video_water_delta,552,784,0.21556685864925385,chin_center,aspect,late_minus_early,temporal
5,video_water_delta,553,594,0.21449577808380127,upper_lip,cx,mean,temporal
5,video_water_delta,554,913,0.21350163221359253,eye_right_upper,velocity_y,absolute_max,absolute_motion
5,video_water_delta,555,964,0.2130267322063446,nose_alar_left,velocity_area,absolute_quantile_90,absolute_motion
5,video_water_delta,556,944,0.2116350680589676,nose_bridge,velocity_y,absolute_quantile_90,absolute_motion
5,video_water_delta,557,76,0.20891262590885162,brow_left_outer,area,late_minus_early,temporal
5,video_water_delta,558,882,0.20858612656593323,eye_left_upper,velocity_area,absolute_mean,absolute_motion
5,video_water_delta,559,524,0.20704054832458496,nose_alar_left,velocity_y,quantile_10,temporal
5,video_water_delta,560,1021,0.20697790384292603,lip_corners,velocity_x,absolute_max,absolute_motion
5,video_water_delta,561,843,0.20502980053424835,brow_right_inner,velocity_x,absolute_std,absolute_motion
5,video_water_delta,562,617,0.2034817337989807,upper_lip,area,temporal_slope,temporal
5,video_water_delta,563,488,0.2014239877462387,nose_alar_left,cx,quantile_10,temporal
5,video_water_delta,564,1031,0.20078325271606445,lip_corners,velocity_aspect,absolute_std,absolute_motion
5,video_water_delta,565,631,0.19972136616706848,upper_lip,velocity_y,std,temporal
5,video_water_delta,566,675,0.19818517565727234,lower_lip,aspect,quantile_90,temporal
5,video_water_delta,567,848,0.19687724113464355,brow_right_inner,velocity_y,absolute_quantile_90,absolute_motion
5,video_water_delta,568,296,0.19614006578922272,eye_left_lower,aspect,quantile_10,temporal
5,video_water_delta,569,847,0.19594790041446686,brow_right_inner,velocity_y,absolute_std,absolute_motion
5,video_water_delta,570,792,0.19486691057682037,chin_center,velocity_y,mean,temporal
5,video_water_delta,571,472,0.19470559060573578,nose_bridge,velocity_y,late_minus_early,temporal
5,video_water_delta,572,651,0.1940794289112091,lower_lip,cx,quantile_90,temporal
5,video_water_delta,573,832,0.19356736540794373,brow_left_outer,velocity_y,absolute_quantile_90,absolute_motion
5,video_water_delta,574,618,0.18882019817829132,upper_lip,aspect,mean,temporal
5,video_water_delta,575,577,0.18879404664039612,nose_alar_right,velocity_y,std,temporal
5,video_water_delta,576,290,0.18859681487083435,eye_left_lower,area,quantile_10,temporal
5,video_water_delta,577,785,0.1869790107011795,chin_center,aspect,temporal_slope,temporal
5,video_water_delta,578,218,0.186188206076622,eye_left_upper,cx,quantile_10,temporal
5,video_water_delta,579,593,0.18582697212696075,nose_alar_right,velocity_aspect,temporal_slope,temporal
5,video_water_delta,580,420,0.1846504658460617,eye_right_lower,velocity_area,mean,temporal
5,video_water_delta,581,410,0.18334652483463287,eye_right_lower,velocity_x,quantile_10,temporal
5,video_water_delta,582,777,0.1824500560760498,chin_center,area,quantile_90,temporal
5,video_water_delta,583,969,0.1810539811849594,nose_alar_left,velocity_aspect,absolute_max,absolute_motion
5,video_water_delta,584,670,0.18028981983661652,lower_lip,area,late_minus_early,temporal
5,video_water_delta,585,462,0.1799645870923996,nose_bridge,velocity_x,mean,temporal
5,video_water_delta,586,597,0.17785204946994781,upper_lip,cx,quantile_90,temporal
5,video_water_delta,587,343,0.17744892835617065,eye_right_upper,area,std,temporal
5,video_water_delta,588,385,0.17556165158748627,eye_right_lower,cy,std,temporal
5,video_water_delta,589,154,0.17472051084041595,brow_right_inner,velocity_area,late_minus_early,temporal
5,video_water_delta,590,796,0.17299243807792664,chin_center,velocity_y,late_minus_early,temporal
5,video_water_delta,591,484,0.17052234709262848,nose_bridge,velocity_aspect,late_minus_early,temporal
5,video_water_delta,592,370,0.16959784924983978,eye_right_upper,velocity_area,late_minus_early,temporal
5,video_water_delta,593,56,0.16553635895252228,brow_left_outer,cx,quantile_10,temporal
5,video_water_delta,594,381,0.1645946353673935,eye_right_lower,cx,quantile_90,temporal
5,video_water_delta,595,739,0.16205663979053497,lip_corners,velocity_y,std,temporal
5,video_water_delta,596,42,0.16129761934280396,brow_left_inner,velocity_area,mean,temporal
5,video_water_delta,597,550,0.16129164397716522,nose_alar_right,cy,late_minus_early,temporal
5,video_water_delta,598,950,0.1610487550497055,nose_bridge,velocity_aspect,absolute_mean,absolute_motion
5,video_water_delta,599,195,0.16092684864997864,brow_right_outer,velocity_x,quantile_90,temporal
5,video_water_delta,600,927,0.16074492037296295,eye_right_lower,velocity_y,absolute_std,absolute_motion
5,video_water_delta,601,595,0.16045990586280823,upper_lip,cx,std,temporal
5,video_water_delta,602,151,0.1598627120256424,brow_right_inner,velocity_area,std,temporal
5,video_water_delta,603,630,0.15972867608070374,upper_lip,velocity_y,mean,temporal
5,video_water_delta,604,446,0.15892913937568665,nose_bridge,cz,quantile_10,temporal
5,video_water_delta,605,138,0.15825124084949493,brow_right_inner,velocity_x,mean,temporal
5,video_water_delta,606,547,0.15816369652748108,nose_alar_right,cy,std,temporal
5,video_water_delta,607,701,0.15768732130527496,lower_lip,velocity_aspect,temporal_slope,temporal
5,video_water_delta,608,963,0.15667569637298584,nose_alar_left,velocity_area,absolute_std,absolute_motion
5,video_water_delta,609,862,0.15469370782375336,brow_right_outer,velocity_y,absolute_mean,absolute_motion
5,video_water_delta,610,532,0.15320628881454468,nose_alar_left,velocity_area,late_minus_early,temporal
5,video_water_delta,611,536,0.1524086594581604,nose_alar_left,velocity_aspect,quantile_10,temporal
5,video_water_delta,612,495,0.15093174576759338,nose_alar_left,cy,quantile_90,temporal
5,video_water_delta,613,962,0.14944835007190704,nose_alar_left,velocity_area,absolute_mean,absolute_motion
5,video_water_delta,614,234,0.14875969290733337,eye_left_upper,area,mean,temporal
5,video_water_delta,615,900,0.147630974650383,eye_left_lower,velocity_area,absolute_quantile_90,absolute_motion
5,video_water_delta,616,529,0.14748762547969818,nose_alar_left,velocity_area,std,temporal
5,video_water_delta,617,253,0.14678159356117249,eye_left_upper,velocity_y,std,temporal
5,video_water_delta,618,245,0.14612440764904022,eye_left_upper,aspect,temporal_slope,temporal
5,video_water_delta,619,53,0.14599013328552246,brow_left_inner,velocity_aspect,temporal_slope,temporal
5,video_water_delta,620,1038,0.14410783350467682,chin_center,velocity_y,absolute_mean,absolute_motion
5,video_water_delta,621,473,0.1427738070487976,nose_bridge,velocity_y,temporal_slope,temporal
5,video_water_delta,622,686,0.14021751284599304,lower_lip,velocity_y,quantile_10,temporal
5,video_water_delta,623,2,0.13977989554405212,brow_left_inner,cx,quantile_10,temporal
5,video_water_delta,624,229,0.13839823007583618,eye_left_upper,cz,std,temporal
5,video_water_delta,625,18,0.1382548213005066,brow_left_inner,area,mean,temporal
5,video_water_delta,626,907,0.13817553222179413,eye_right_upper,velocity_x,absolute_std,absolute_motion
5,video_water_delta,627,601,0.13664110004901886,upper_lip,cy,std,temporal
5,video_water_delta,628,612,0.1360914707183838,upper_lip,area,mean,temporal
5,video_water_delta,629,953,0.1341685801744461,nose_bridge,velocity_aspect,absolute_max,absolute_motion
5,video_water_delta,630,501,0.1328880786895752,nose_alar_left,cz,quantile_90,temporal
5,video_water_delta,631,299,0.1327299326658249,eye_left_lower,aspect,temporal_slope,temporal
5,video_water_delta,632,780,0.13271428644657135,chin_center,aspect,mean,temporal
5,video_water_delta,633,880,0.1321047693490982,eye_left_upper,velocity_y,absolute_quantile_90,absolute_motion
5,video_water_delta,634,873,0.12911784648895264,brow_right_outer,velocity_aspect,absolute_max,absolute_motion
5,video_water_delta,635,1046,0.1290249526500702,chin_center,velocity_aspect,absolute_mean,absolute_motion
5,video_water_delta,636,705,0.12826646864414215,lip_corners,cx,quantile_90,temporal
5,video_water_delta,637,1047,0.12729279696941376,chin_center,velocity_aspect,absolute_std,absolute_motion
5,video_water_delta,638,451,0.12005440890789032,nose_bridge,area,std,temporal
5,video_water_delta,639,924,0.11954959481954575,eye_right_lower,velocity_x,absolute_quantile_90,absolute_motion
5,video_water_delta,640,896,0.11922242492437363,eye_left_lower,velocity_y,absolute_quantile_90,absolute_motion
5,video_water_delta,641,11,0.11892616748809814,brow_left_inner,cy,temporal_slope,temporal
5,video_water_delta,642,974,0.11774072051048279,nose_alar_right,velocity_y,absolute_mean,absolute_motion
5,video_water_delta,643,298,0.11680086702108383,eye_left_lower,aspect,late_minus_early,temporal
5,video_water_delta,644,709,0.11670979112386703,lip_corners,cy,std,temporal
5,video_water_delta,645,398,0.11654403060674667,eye_right_lower,area,quantile_10,temporal
5,video_water_delta,646,471,0.11601611226797104,nose_bridge,velocity_y,quantile_90,temporal
5,video_water_delta,647,187,0.11512436717748642,brow_right_outer,aspect,std,temporal
5,video_water_delta,648,789,0.11430280655622482,chin_center,velocity_x,quantile_90,temporal
5,video_water_delta,649,406,0.11425857245922089,eye_right_lower,aspect,late_minus_early,temporal
5,video_water_delta,650,208,0.11379972845315933,brow_right_outer,velocity_area,late_minus_early,temporal
5,video_water_delta,651,220,0.11367771029472351,eye_left_upper,cx,late_minus_early,temporal
5,video_water_delta,652,304,0.1118800938129425,eye_left_lower,velocity_x,late_minus_early,temporal
5,video_water_delta,653,763,0.11162562668323517,chin_center,cy,std,temporal
5,video_water_delta,654,47,0.11062055081129074,brow_left_inner,velocity_area,temporal_slope,temporal
5,video_water_delta,655,433,0.10965060442686081,nose_bridge,cx,std,temporal
5,video_water_delta,656,3,0.10787668824195862,brow_left_inner,cx,quantile_90,temporal
5,video_water_delta,657,320,0.10765531659126282,eye_left_lower,velocity_aspect,quantile_10,temporal
5,video_water_delta,658,412,0.10561691969633102,eye_right_lower,velocity_x,late_minus_early,temporal
5,video_water_delta,659,284,0.10392693430185318,eye_left_lower,cz,quantile_10,temporal
5,video_water_delta,660,808,0.10317075997591019,chin_center,velocity_aspect,late_minus_early,temporal
5,video_water_delta,661,223,0.102132648229599,eye_left_upper,cy,std,temporal
5,video_water_delta,662,346,0.10144738852977753,eye_right_upper,area,late_minus_early,temporal
5,video_water_delta,663,263,0.10083446651697159,eye_left_upper,velocity_area,temporal_slope,temporal
5,video_water_delta,664,165,0.0999288484454155,brow_right_outer,cx,quantile_90,temporal
5,video_water_delta,665,418,0.0994739830493927,eye_right_lower,velocity_y,late_minus_early,temporal
5,video_water_delta,666,574,0.09933306276798248,nose_alar_right,velocity_x,late_minus_early,temporal
5,video_water_delta,667,846,0.09865374118089676,brow_right_inner,velocity_y,absolute_mean,absolute_motion
5,video_water_delta,668,217,0.09836440533399582,eye_left_upper,cx,std,temporal
5,video_water_delta,669,470,0.09800337255001068,nose_bridge,velocity_y,quantile_10,temporal
5,video_water_delta,670,966,0.09784691780805588,nose_alar_left,velocity_aspect,absolute_mean,absolute_motion
5,video_water_delta,671,464,0.0974615141749382,nose_bridge,velocity_x,quantile_10,temporal
5,video_water_delta,672,644,0.09738683700561523,upper_lip,velocity_aspect,quantile_10,temporal
5,video_water_delta,673,225,0.09701136499643326,eye_left_upper,cy,quantile_90,temporal
5,video_water_delta,674,74,0.09688659757375717,brow_left_outer,area,quantile_10,temporal
5,video_water_delta,675,57,0.09566863626241684,brow_left_outer,cx,quantile_90,temporal
5,video_water_delta,676,985,0.0939847081899643,nose_alar_right,velocity_aspect,absolute_max,absolute_motion
5,video_water_delta,677,258,0.09244521707296371,eye_left_upper,velocity_area,mean,temporal
5,video_water_delta,678,694,0.08997843414545059,lower_lip,velocity_area,late_minus_early,temporal
5,video_water_delta,679,121,0.08996908366680145,brow_right_inner,cz,std,temporal
5,video_water_delta,680,992,0.08924976736307144,upper_lip,velocity_y,absolute_quantile_90,absolute_motion
5,video_water_delta,681,898,0.08838452398777008,eye_left_lower,velocity_area,absolute_mean,absolute_motion
5,video_water_delta,682,201,0.0881933942437172,brow_right_outer,velocity_y,quantile_90,temporal
5,video_water_delta,683,8,0.08697845786809921,brow_left_inner,cy,quantile_10,temporal
5,video_water_delta,684,602,0.0868758037686348,upper_lip,cy,quantile_10,temporal
5,video_water_delta,685,683,0.08266738802194595,lower_lip,velocity_x,temporal_slope,temporal
5,video_water_delta,686,573,0.08170835673809052,nose_alar_right,velocity_x,quantile_90,temporal
5,video_water_delta,687,196,0.08080185949802399,brow_right_outer,velocity_x,late_minus_early,temporal
5,video_water_delta,688,158,0.08075524866580963,brow_right_inner,velocity_aspect,quantile_10,temporal
5,video_water_delta,689,324,0.08063491433858871,eye_right_upper,cx,mean,temporal
5,video_water_delta,690,751,0.08028264343738556,lip_corners,velocity_aspect,std,temporal
5,video_water_delta,691,318,0.07728391885757446,eye_left_lower,velocity_aspect,mean,temporal
5,video_water_delta,692,755,0.07700818032026291,lip_corners,velocity_aspect,temporal_slope,temporal
5,video_water_delta,693,73,0.07699823379516602,brow_left_outer,area,std,temporal
5,video_water_delta,694,994,0.07675953954458237,upper_lip,velocity_area,absolute_mean,absolute_motion
5,video_water_delta,695,685,0.07645255327224731,lower_lip,velocity_y,std,temporal
5,video_water_delta,696,959,0.07640248537063599,nose_alar_left,velocity_y,absolute_std,absolute_motion
5,video_water_delta,697,645,0.07568308711051941,upper_lip,velocity_aspect,quantile_90,temporal
5,video_water_delta,698,889,0.07505325227975845,eye_left_upper,velocity_aspect,absolute_max,absolute_motion
5,video_water_delta,699,164,0.074305959045887,brow_right_outer,cx,quantile_10,temporal
5,video_water_delta,700,526,0.07304160296916962,nose_alar_left,velocity_y,late_minus_early,temporal
5,video_water_delta,701,333,0.07271358370780945,eye_right_upper,cy,quantile_90,temporal
5,video_water_delta,702,592,0.07259869575500488,nose_alar_right,velocity_aspect,late_minus_early,temporal
5,video_water_delta,703,1048,0.0724734291434288,chin_center,velocity_aspect,absolute_quantile_90,absolute_motion
5,video_water_delta,704,78,0.07233253121376038,brow_left_outer,aspect,mean,temporal
5,video_water_delta,705,699,0.07204971462488174,lower_lip,velocity_aspect,quantile_90,temporal
5,video_water_delta,706,968,0.07154012471437454,nose_alar_left,velocity_aspect,absolute_quantile_90,absolute_motion
5,video_water_delta,707,458,0.07141157984733582,nose_bridge,aspect,quantile_10,temporal
5,video_water_delta,708,260,0.07122062891721725,eye_left_upper,velocity_area,quantile_10,temporal
5,video_water_delta,709,803,0.07100026309490204,chin_center,velocity_area,temporal_slope,temporal
5,video_water_delta,710,941,0.07072825729846954,nose_bridge,velocity_x,absolute_max,absolute_motion
5,video_water_delta,711,134,0.07052896916866302,brow_right_inner,aspect,quantile_10,temporal
5,video_water_delta,712,858,0.07010597735643387,brow_right_outer,velocity_x,absolute_mean,absolute_motion
5,video_water_delta,713,961,0.06998810917139053,nose_alar_left,velocity_y,absolute_max,absolute_motion
5,video_water_delta,714,330,0.06953061372041702,eye_right_upper,cy,mean,temporal
5,video_water_delta,715,648,0.06920281797647476,lower_lip,cx,mean,temporal
5,video_water_delta,716,429,0.06899493932723999,eye_right_lower,velocity_aspect,quantile_90,temporal
5,video_water_delta,717,22,0.06881016492843628,brow_left_inner,area,late_minus_early,temporal
5,video_water_delta,718,9,0.06772037595510483,brow_left_inner,cy,quantile_90,temporal
5,video_water_delta,719,307,0.06752973794937134,eye_left_lower,velocity_y,std,temporal
5,video_water_delta,720,939,0.0668909028172493,nose_bridge,velocity_x,absolute_std,absolute_motion
5,video_water_delta,721,691,0.06633783876895905,lower_lip,velocity_area,std,temporal
5,video_water_delta,722,551,0.06562452763319016,nose_alar_right,cy,temporal_slope,temporal
5,video_water_delta,723,591,0.06534026563167572,nose_alar_right,velocity_aspect,quantile_90,temporal
5,video_water_delta,724,960,0.06493531167507172,nose_alar_left,velocity_y,absolute_quantile_90,absolute_motion
5,video_water_delta,725,926,0.06481558084487915,eye_right_lower,velocity_y,absolute_mean,absolute_motion
5,video_water_delta,726,980,0.06462744623422623,nose_alar_right,velocity_area,absolute_quantile_90,absolute_motion
5,video_water_delta,727,864,0.06454431265592575,brow_right_outer,velocity_y,absolute_quantile_90,absolute_motion
5,video_water_delta,728,833,0.06414998322725296,brow_left_outer,velocity_y,absolute_max,absolute_motion
5,video_water_delta,729,182,0.06322509050369263,brow_right_outer,area,quantile_10,temporal
5,video_water_delta,730,347,0.06257326155900955,eye_right_upper,area,temporal_slope,temporal
5,video_water_delta,731,638,0.06186051294207573,upper_lip,velocity_area,quantile_10,temporal
5,video_water_delta,732,34,0.06184427812695503,brow_left_inner,velocity_x,late_minus_early,temporal
5,video_water_delta,733,921,0.06140890717506409,eye_right_upper,velocity_aspect,absolute_max,absolute_motion
5,video_water_delta,734,585,0.061399925500154495,nose_alar_right,velocity_area,quantile_90,temporal
5,video_water_delta,735,65,0.06137300655245781,brow_left_outer,cy,temporal_slope,temporal
5,video_water_delta,736,230,0.06065443158149719,eye_left_upper,cz,quantile_10,temporal
5,video_water_delta,737,965,0.06065121665596962,nose_alar_left,velocity_area,absolute_max,absolute_motion
5,video_water_delta,738,947,0.060572486370801926,nose_bridge,velocity_area,absolute_std,absolute_motion
5,video_water_delta,739,794,0.05983851104974747,chin_center,velocity_y,quantile_10,temporal
5,video_water_delta,740,894,0.059641577303409576,eye_left_lower,velocity_y,absolute_mean,absolute_motion
5,video_water_delta,741,12,0.05932668596506119,brow_left_inner,cz,mean,temporal
5,video_water_delta,742,380,0.05912936106324196,eye_right_lower,cx,quantile_10,temporal
5,video_water_delta,743,75,0.058971405029296875,brow_left_outer,area,quantile_90,temporal
5,video_water_delta,744,682,0.05873313918709755,lower_lip,velocity_x,late_minus_early,temporal
5,video_water_delta,745,770,0.058234911412000656,chin_center,cz,quantile_10,temporal
5,video_water_delta,746,995,0.05823462828993797,upper_lip,velocity_area,absolute_std,absolute_motion
5,video_water_delta,747,583,0.05792456120252609,nose_alar_right,velocity_area,std,temporal
5,video_water_delta,748,542,0.05713267624378204,nose_alar_right,cx,quantile_10,temporal
5,video_water_delta,749,979,0.05638238042593002,nose_alar_right,velocity_area,absolute_std,absolute_motion
5,video_water_delta,750,943,0.056353550404310226,nose_bridge,velocity_y,absolute_std,absolute_motion
5,video_water_delta,751,940,0.05541834607720375,nose_bridge,velocity_x,absolute_quantile_90,absolute_motion
5,video_water_delta,752,378,0.055359117686748505,eye_right_lower,cx,mean,temporal
5,video_water_delta,753,687,0.05512789264321327,lower_lip,velocity_y,quantile_90,temporal
5,video_water_delta,754,212,0.054916709661483765,brow_right_outer,velocity_aspect,quantile_10,temporal
5,video_water_delta,755,978,0.054876502603292465,nose_alar_right,velocity_area,absolute_mean,absolute_motion
5,video_water_delta,756,753,0.05455542728304863,lip_corners,velocity_aspect,quantile_90,temporal
5,video_water_delta,757,20,0.05453168600797653,brow_left_inner,area,quantile_10,temporal
5,video_water_delta,758,480,0.05433299392461777,nose_bridge,velocity_aspect,mean,temporal
5,video_water_delta,759,919,0.05382164195179939,eye_right_upper,velocity_aspect,absolute_std,absolute_motion
5,video_water_delta,760,850,0.05364153906702995,brow_right_inner,velocity_area,absolute_mean,absolute_motion
5,video_water_delta,761,327,0.05177590996026993,eye_right_upper,cx,quantile_90,temporal
5,video_water_delta,762,895,0.05095543712377548,eye_left_lower,velocity_y,absolute_std,absolute_motion
5,video_water_delta,763,576,0.05058104917407036,nose_alar_right,velocity_y,mean,temporal
5,video_water_delta,764,606,0.05046268552541733,upper_lip,cz,mean,temporal
5,video_water_delta,765,152,0.049959614872932434,brow_right_inner,velocity_area,quantile_10,temporal
5,video_water_delta,766,126,0.04935356602072716,brow_right_inner,area,mean,temporal
5,video_water_delta,767,897,0.04919135197997093,eye_left_lower,velocity_y,absolute_max,absolute_motion
5,video_water_delta,768,740,0.048800043761730194,lip_corners,velocity_y,quantile_10,temporal
5,video_water_delta,769,870,0.047757312655448914,brow_right_outer,velocity_aspect,absolute_mean,absolute_motion
5,video_water_delta,770,224,0.04714449867606163,eye_left_upper,cy,quantile_10,temporal
5,video_water_delta,771,481,0.04659958556294441,nose_bridge,velocity_aspect,std,temporal
5,video_water_delta,772,616,0.04652900993824005,upper_lip,area,late_minus_early,temporal
5,video_water_delta,773,627,0.04625307023525238,upper_lip,velocity_x,quantile_90,temporal
5,video_water_delta,774,339,0.045879777520895004,eye_right_upper,cz,quantile_90,temporal
5,video_water_delta,775,23,0.04575148597359657,brow_left_inner,area,temporal_slope,temporal
5,video_water_delta,776,702,0.04559667780995369,lip_corners,cx,mean,temporal
5,video_water_delta,777,1003,0.04547099769115448,lower_lip,velocity_x,absolute_std,absolute_motion
5,video_water_delta,778,466,0.0454690158367157,nose_bridge,velocity_x,late_minus_early,temporal
5,video_water_delta,779,654,0.04532650113105774,lower_lip,cy,mean,temporal
5,video_water_delta,780,525,0.04395657405257225,nose_alar_left,velocity_y,quantile_90,temporal
5,video_water_delta,781,982,0.04380360245704651,nose_alar_right,velocity_aspect,absolute_mean,absolute_motion
5,video_water_delta,782,589,0.043496496975421906,nose_alar_right,velocity_aspect,std,temporal
5,video_water_delta,783,393,0.04338787868618965,eye_right_lower,cz,quantile_90,temporal
5,video_water_delta,784,285,0.0432116761803627,eye_left_lower,cz,quantile_90,temporal
5,video_water_delta,785,856,0.04217877238988876,brow_right_inner,velocity_aspect,absolute_quantile_90,absolute_motion
5,video_water_delta,786,176,0.04198585823178291,brow_right_outer,cz,quantile_10,temporal
5,video_water_delta,787,344,0.041818272322416306,eye_right_upper,area,quantile_10,temporal
5,video_water_delta,788,477,0.04135817661881447,nose_bridge,velocity_area,quantile_90,temporal
5,video_water_delta,789,662,0.04091247171163559,lower_lip,cz,quantile_10,temporal
5,video_water_delta,790,171,0.04081151261925697,brow_right_outer,cy,quantile_90,temporal
5,video_water_delta,791,430,0.04004329815506935,eye_right_lower,velocity_aspect,late_minus_early,temporal
5,video_water_delta,792,444,0.04002809152007103,nose_bridge,cz,mean,temporal
5,video_water_delta,793,736,0.03921724483370781,lip_corners,velocity_x,late_minus_early,temporal
5,video_water_delta,794,1032,0.03920072317123413,lip_corners,velocity_aspect,absolute_quantile_90,absolute_motion
5,video_water_delta,795,541,0.038292404264211655,nose_alar_right,cx,std,temporal
5,video_water_delta,796,511,0.03782975301146507,nose_alar_left,aspect,std,temporal
5,video_water_delta,797,309,0.037452682852745056,eye_left_lower,velocity_y,quantile_90,temporal
5,video_water_delta,798,434,0.03708463907241821,nose_bridge,cx,quantile_10,temporal
5,video_water_delta,799,656,0.03671613708138466,lower_lip,cy,quantile_10,temporal
5,video_water_delta,800,200,0.03666675463318825,brow_right_outer,velocity_y,quantile_10,temporal
5,video_water_delta,801,67,0.036179643124341965,brow_left_outer,cz,std,temporal
5,video_water_delta,802,596,0.0361449159681797,upper_lip,cx,quantile_10,temporal
5,video_water_delta,803,904,0.03589212894439697,eye_left_lower,velocity_aspect,absolute_quantile_90,absolute_motion
5,video_water_delta,804,714,0.03583739697933197,lip_corners,cz,mean,temporal
5,video_water_delta,805,468,0.03570782393217087,nose_bridge,velocity_y,mean,temporal
5,video_water_delta,806,310,0.03516147658228874,eye_left_lower,velocity_y,late_minus_early,temporal
5,video_water_delta,807,311,0.03484402224421501,eye_left_lower,velocity_y,temporal_slope,temporal
5,video_water_delta,808,983,0.03482509031891823,nose_alar_right,velocity_aspect,absolute_std,absolute_motion
5,video_water_delta,809,417,0.03474923595786095,eye_right_lower,velocity_y,quantile_90,temporal
5,video_water_delta,810,607,0.03454089164733887,upper_lip,cz,std,temporal
5,video_water_delta,811,117,0.03392932191491127,brow_right_inner,cy,quantile_90,temporal
5,video_water_delta,812,84,0.03389270231127739,brow_left_outer,velocity_x,mean,temporal
5,video_water_delta,813,278,0.03331257402896881,eye_left_lower,cy,quantile_10,temporal
5,video_water_delta,814,24,0.03317394107580185,brow_left_inner,aspect,mean,temporal
5,video_water_delta,815,609,0.033063579350709915,upper_lip,cz,quantile_90,temporal
5,video_water_delta,816,1004,0.03275478631258011,lower_lip,velocity_x,absolute_quantile_90,absolute_motion
5,video_water_delta,817,989,0.032588813453912735,upper_lip,velocity_x,absolute_max,absolute_motion
5,video_water_delta,818,312,0.032016653567552567,eye_left_lower,velocity_area,mean,temporal
5,video_water_delta,819,782,0.03197387605905533,chin_center,aspect,quantile_10,temporal
5,video_water_delta,820,667,0.03184916079044342,lower_lip,area,std,temporal
5,video_water_delta,821,608,0.0317128486931324,upper_lip,cz,quantile_10,temporal
5,video_water_delta,822,384,0.03126288205385208,eye_right_lower,cy,mean,temporal
5,video_water_delta,823,54,0.03113010711967945,brow_left_outer,cx,mean,temporal
5,video_water_delta,824,849,0.03106677532196045,brow_right_inner,velocity_y,absolute_max,absolute_motion
5,video_water_delta,825,555,0.030984284356236458,nose_alar_right,cz,quantile_90,temporal
5,video_water_delta,826,655,0.030724667012691498,lower_lip,cy,std,temporal
5,video_water_delta,827,584,0.030544236302375793,nose_alar_right,velocity_area,quantile_10,temporal
5,video_water_delta,828,708,0.030341219156980515,lip_corners,cy,mean,temporal
5,video_water_delta,829,669,0.0299349557608366,lower_lip,area,quantile_90,temporal
5,video_water_delta,830,727,0.029863422736525536,lip_corners,aspect,std,temporal
5,video_water_delta,831,161,0.029652440920472145,brow_right_inner,velocity_aspect,temporal_slope,temporal
5,video_water_delta,832,788,0.02894357405602932,chin_center,velocity_x,quantile_10,temporal
5,video_water_delta,833,988,0.02891719713807106,upper_lip,velocity_x,absolute_quantile_90,absolute_motion
5,video_water_delta,834,213,0.028818409889936447,brow_right_outer,velocity_aspect,quantile_90,temporal
5,video_water_delta,835,996,0.028682900592684746,upper_lip,velocity_area,absolute_quantile_90,absolute_motion
5,video_water_delta,836,695,0.02854142151772976,lower_lip,velocity_area,temporal_slope,temporal
5,video_water_delta,837,795,0.02838054858148098,chin_center,velocity_y,quantile_90,temporal
5,video_water_delta,838,256,0.028333956375718117,eye_left_upper,velocity_y,late_minus_early,temporal
5,video_water_delta,839,94,0.02807803824543953,brow_left_outer,velocity_y,late_minus_early,temporal
5,video_water_delta,840,314,0.028060873970389366,eye_left_lower,velocity_area,quantile_10,temporal
5,video_water_delta,841,768,0.02795364148914814,chin_center,cz,mean,temporal
5,video_water_delta,842,633,0.027676235884428024,upper_lip,velocity_y,quantile_90,temporal
5,video_water_delta,843,715,0.027151141315698624,lip_corners,cz,std,temporal
5,video_water_delta,844,193,0.027071494609117508,brow_right_outer,velocity_x,std,temporal
5,video_water_delta,845,791,0.02697448804974556,chin_center,velocity_x,temporal_slope,temporal
5,video_water_delta,846,288,0.026649435982108116,eye_left_lower,area,mean,temporal
5,video_water_delta,847,908,0.026517188176512718,eye_right_upper,velocity_x,absolute_quantile_90,absolute_motion
5,video_water_delta,848,353,0.02640148252248764,eye_right_upper,aspect,temporal_slope,temporal
5,video_water_delta,849,300,0.02597685344517231,eye_left_lower,velocity_x,mean,temporal
5,video_water_delta,850,660,0.02574840560555458,lower_lip,cz,mean,temporal
5,video_water_delta,851,419,0.02564859203994274,eye_right_lower,velocity_y,temporal_slope,temporal
5,video_water_delta,852,752,0.02512643113732338,lip_corners,velocity_aspect,quantile_10,temporal
5,video_water_delta,853,279,0.025104189291596413,eye_left_lower,cy,quantile_90,temporal
5,video_water_delta,854,903,0.0249257143586874,eye_left_lower,velocity_aspect,absolute_std,absolute_motion
5,video_water_delta,855,565,0.02410951815545559,nose_alar_right,aspect,std,temporal
5,video_water_delta,856,1014,0.02401137538254261,lower_lip,velocity_aspect,absolute_mean,absolute_motion
5,video_water_delta,857,646,0.02397686429321766,upper_lip,velocity_aspect,late_minus_early,temporal
5,video_water_delta,858,554,0.02364356443285942,nose_alar_right,cz,quantile_10,temporal
5,video_water_delta,859,1024,0.023355957120656967,lip_corners,velocity_y,absolute_quantile_90,absolute_motion
5,video_water_delta,860,277,0.023201720789074898,eye_left_lower,cy,std,temporal
5,video_water_delta,861,345,0.02276647835969925,eye_right_upper,area,quantile_90,temporal
5,video_water_delta,862,673,0.02268429659307003,lower_lip,aspect,std,temporal
5,video_water_delta,863,108,0.021612051874399185,brow_right_inner,cx,mean,temporal
5,video_water_delta,864,120,0.02110934443771839,brow_right_inner,cz,mean,temporal
5,video_water_delta,865,845,0.020752623677253723,brow_right_inner,velocity_x,absolute_max,absolute_motion
5,video_water_delta,866,586,0.019961567595601082,nose_alar_right,velocity_area,late_minus_early,temporal
5,video_water_delta,867,428,0.019840670749545097,eye_right_lower,velocity_aspect,quantile_10,temporal
5,video_water_delta,868,1030,0.019700858741998672,lip_corners,velocity_aspect,absolute_mean,absolute_motion
5,video_water_delta,869,1033,0.019655494019389153,lip_corners,velocity_aspect,absolute_max,absolute_motion
5,video_water_delta,870,872,0.019425153732299805,brow_right_outer,velocity_aspect,absolute_quantile_90,absolute_motion
5,video_water_delta,871,710,0.01916012167930603,lip_corners,cy,quantile_10,temporal
5,video_water_delta,872,244,0.018802311271429062,eye_left_upper,aspect,late_minus_early,temporal
5,video_water_delta,873,1017,0.018771206960082054,lower_lip,velocity_aspect,absolute_max,absolute_motion
5,video_water_delta,874,61,0.018284061923623085,brow_left_outer,cy,std,temporal
5,video_water_delta,875,535,0.018173515796661377,nose_alar_left,velocity_aspect,std,temporal
5,video_water_delta,876,6,0.017577126622200012,brow_left_inner,cy,mean,temporal
5,video_water_delta,877,319,0.016782814636826515,eye_left_lower,velocity_aspect,std,temporal
5,video_water_delta,878,456,0.016649197787046432,nose_bridge,aspect,mean,temporal
5,video_water_delta,879,527,0.016627950593829155,nose_alar_left,velocity_y,temporal_slope,temporal
5,video_water_delta,880,66,0.01642707921564579,brow_left_outer,cz,mean,temporal
5,video_water_delta,881,860,0.01633458025753498,brow_right_outer,velocity_x,absolute_quantile_90,absolute_motion
5,video_water_delta,882,101,0.016191108152270317,brow_left_outer,velocity_area,temporal_slope,temporal
5,video_water_delta,883,211,0.016176965087652206,brow_right_outer,velocity_aspect,std,temporal
5,video_water_delta,884,928,0.016147859394550323,eye_right_lower,velocity_y,absolute_quantile_90,absolute_motion
5,video_water_delta,885,30,0.016128554940223694,brow_left_inner,velocity_x,mean,temporal
5,video_water_delta,886,628,0.016024982556700706,upper_lip,velocity_x,late_minus_early,temporal
5,video_water_delta,887,163,0.015958845615386963,brow_right_outer,cx,std,temporal
5,video_water_delta,888,737,0.0156808290630579,lip_corners,velocity_x,temporal_slope,temporal
5,video_water_delta,889,802,0.015457977540791035,chin_center,velocity_area,late_minus_early,temporal
5,video_water_delta,890,629,0.015009056776762009,upper_lip,velocity_x,temporal_slope,temporal
5,video_water_delta,891,362,0.014867277815937996,eye_right_upper,velocity_y,quantile_10,temporal
5,video_water_delta,892,613,0.01471120584756136,upper_lip,area,std,temporal
5,video_water_delta,893,408,0.014615562744438648,eye_right_lower,velocity_x,mean,temporal
5,video_water_delta,894,180,0.014481154270470142,brow_right_outer,area,mean,temporal
5,video_water_delta,895,946,0.014467977918684483,nose_bridge,velocity_area,absolute_mean,absolute_motion
5,video_water_delta,896,415,0.014446508139371872,eye_right_lower,velocity_y,std,temporal
5,video_water_delta,897,716,0.014373049139976501,lip_corners,cz,quantile_10,temporal
5,video_water_delta,898,323,0.014086009934544563,eye_left_lower,velocity_aspect,temporal_slope,temporal
5,video_water_delta,899,624,0.013972104527056217,upper_lip,velocity_x,mean,temporal
5,video_water_delta,900,305,0.01357024535536766,eye_left_lower,velocity_x,temporal_slope,temporal
5,video_water_delta,901,805,0.013480422087013721,chin_center,velocity_aspect,std,temporal
5,video_water_delta,902,476,0.01335709448903799,nose_bridge,velocity_area,quantile_10,temporal
5,video_water_delta,903,188,0.0133496830239892,brow_right_outer,aspect,quantile_10,temporal
5,video_water_delta,904,942,0.013263287022709846,nose_bridge,velocity_y,absolute_mean,absolute_motion
5,video_water_delta,905,372,0.01323219109326601,eye_right_upper,velocity_aspect,mean,temporal
5,video_water_delta,906,938,0.012776348739862442,nose_bridge,velocity_x,absolute_mean,absolute_motion
5,video_water_delta,907,63,0.01254348549991846,brow_left_outer,cy,quantile_90,temporal
5,video_water_delta,908,732,0.01251375861465931,lip_corners,velocity_x,mean,temporal
5,video_water_delta,909,268,0.012124351225793362,eye_left_upper,velocity_aspect,late_minus_early,temporal
5,video_water_delta,910,516,0.01175086759030819,nose_alar_left,velocity_x,mean,temporal
5,video_water_delta,911,552,0.01166929304599762,nose_alar_right,cz,mean,temporal
5,video_water_delta,912,809,0.011629242449998856,chin_center,velocity_aspect,temporal_slope,temporal
5,video_water_delta,913,902,0.011578503996133804,eye_left_lower,velocity_aspect,absolute_mean,absolute_motion
5,video_water_delta,914,332,0.011479808948934078,eye_right_upper,cy,quantile_10,temporal
5,video_water_delta,915,717,0.011450469493865967,lip_corners,cz,quantile_90,temporal
5,video_water_delta,916,729,0.011175736784934998,lip_corners,aspect,quantile_90,temporal
5,video_water_delta,917,668,0.010725488886237144,lower_lip,area,quantile_10,temporal
5,video_water_delta,918,89,0.010640126653015614,brow_left_outer,velocity_x,temporal_slope,temporal
5,video_water_delta,919,878,0.010210403241217136,eye_left_upper,velocity_y,absolute_mean,absolute_motion
5,video_water_delta,920,679,0.010069186799228191,lower_lip,velocity_x,std,temporal
5,video_water_delta,921,487,0.010014129802584648,nose_alar_left,cx,std,temporal
5,video_water_delta,922,700,0.010012885555624962,lower_lip,velocity_aspect,late_minus_early,temporal
5,video_water_delta,923,499,0.010004062205553055,nose_alar_left,cz,std,temporal
5,video_water_delta,924,1034,0.009953342378139496,chin_center,velocity_x,absolute_mean,absolute_motion
5,video_water_delta,925,445,0.009603668004274368,nose_bridge,cz,std,temporal
5,video_water_delta,926,282,0.009564921259880066,eye_left_lower,cz,mean,temporal
5,video_water_delta,927,317,0.009289422072470188,eye_left_lower,velocity_area,temporal_slope,temporal
5,video_water_delta,928,153,0.00911894254386425,brow_right_inner,velocity_area,quantile_90,temporal
5,video_water_delta,929,678,0.008999482728540897,lower_lip,velocity_x,mean,temporal
5,video_water_delta,930,600,0.008779152296483517,upper_lip,cy,mean,temporal
5,video_water_delta,931,447,0.00869949720799923,nose_bridge,cz,quantile_90,temporal
5,video_water_delta,932,1040,0.008645609952509403,chin_center,velocity_y,absolute_quantile_90,absolute_motion
5,video_water_delta,933,1016,0.008280754089355469,lower_lip,velocity_aspect,absolute_quantile_90,absolute_motion
5,video_water_delta,934,439,0.007995568215847015,nose_bridge,cy,std,temporal
5,video_water_delta,935,186,0.007782336324453354,brow_right_outer,aspect,mean,temporal
5,video_water_delta,936,336,0.007749075535684824,eye_right_upper,cz,mean,temporal
5,video_water_delta,937,984,0.007567227352410555,nose_alar_right,velocity_aspect,absolute_quantile_90,absolute_motion
5,video_water_delta,938,254,0.007270774804055691,eye_left_upper,velocity_y,quantile_10,temporal
5,video_water_delta,939,774,0.007017838768661022,chin_center,area,mean,temporal
5,video_water_delta,940,219,0.006652466021478176,eye_left_upper,cx,quantile_90,temporal
5,video_water_delta,941,925,0.0066309436224401,eye_right_lower,velocity_x,absolute_max,absolute_motion
5,video_water_delta,942,198,0.006426789797842503,brow_right_outer,velocity_y,mean,temporal
5,video_water_delta,943,769,0.0063226306810975075,chin_center,cz,std,temporal
5,video_water_delta,944,316,0.005889151245355606,eye_left_lower,velocity_area,late_minus_early,temporal
5,video_water_delta,945,438,0.005864636041224003,nose_bridge,cy,mean,temporal
5,video_water_delta,946,366,0.005732521414756775,eye_right_upper,velocity_area,mean,temporal
5,video_water_delta,947,493,0.0054705338552594185,nose_alar_left,cy,std,temporal
5,video_water_delta,948,697,0.005401228554546833,lower_lip,velocity_aspect,std,temporal
5,video_water_delta,949,553,0.005157504230737686,nose_alar_right,cz,std,temporal
5,video_water_delta,950,222,0.004929195623844862,eye_left_upper,cy,mean,temporal
5,video_water_delta,951,1000,0.004647840280085802,upper_lip,velocity_aspect,absolute_quantile_90,absolute_motion
5,video_water_delta,952,237,0.004562833812087774,eye_left_upper,area,quantile_90,temporal
5,video_water_delta,953,861,0.004382292740046978,brow_right_outer,velocity_x,absolute_max,absolute_motion
5,video_water_delta,954,469,0.0037860097363591194,nose_bridge,velocity_y,std,temporal
5,video_water_delta,955,967,0.0036886895541101694,nose_alar_left,velocity_aspect,absolute_std,absolute_motion
5,video_water_delta,956,520,0.0035708663053810596,nose_alar_left,velocity_x,late_minus_early,temporal
5,video_water_delta,957,197,0.0033524760510772467,brow_right_outer,velocity_x,temporal_slope,temporal
5,video_water_delta,958,364,0.003333678003400564,eye_right_upper,velocity_y,late_minus_early,temporal
5,video_water_delta,959,505,0.0033200655598193407,nose_alar_left,area,std,temporal
5,video_water_delta,960,622,0.003197392215952277,upper_lip,aspect,late_minus_early,temporal
5,video_water_delta,961,1011,0.0031409801449626684,lower_lip,velocity_area,absolute_std,absolute_motion
5,video_water_delta,962,114,0.0030660077463835478,brow_right_inner,cy,mean,temporal
5,video_water_delta,963,948,0.0029738345183432102,nose_bridge,velocity_area,absolute_quantile_90,absolute_motion
5,video_water_delta,964,390,0.0028653719928115606,eye_right_lower,cz,mean,temporal
5,video_water_delta,965,96,0.0028522228822112083,brow_left_outer,velocity_area,mean,temporal
5,video_water_delta,966,322,0.002665253821760416,eye_left_lower,velocity_aspect,late_minus_early,temporal
5,video_water_delta,967,771,0.002646231558173895,chin_center,cz,quantile_90,temporal
5,video_water_delta,968,228,0.0025943522341549397,eye_left_upper,cz,mean,temporal
5,video_water_delta,969,661,0.00255568977445364,lower_lip,cz,std,temporal
5,video_water_delta,970,528,0.00254730973392725,nose_alar_left,velocity_area,mean,temporal
5,video_water_delta,971,441,0.002350201364606619,nose_bridge,cy,quantile_90,temporal
5,video_water_delta,972,342,0.0022721237037330866,eye_right_upper,area,mean,temporal
5,video_water_delta,973,338,0.0022204015403985977,eye_right_upper,cz,quantile_10,temporal
5,video_water_delta,974,625,0.0021627452224493027,upper_lip,velocity_x,std,temporal
5,video_water_delta,975,666,0.0020357025787234306,lower_lip,area,mean,temporal
5,video_water_delta,976,698,0.0020349721889942884,lower_lip,velocity_aspect,quantile_10,temporal
5,video_water_delta,977,276,0.0019728699699044228,eye_left_lower,cy,mean,temporal
5,video_water_delta,978,775,0.0018507217755541205,chin_center,area,std,temporal
5,video_water_delta,979,463,0.0018362361006438732,nose_bridge,velocity_x,std,temporal
5,video_water_delta,980,951,0.0018008718034252524,nose_bridge,velocity_aspect,absolute_std,absolute_motion
5,video_water_delta,981,750,0.0017045305576175451,lip_corners,velocity_aspect,mean,temporal
5,video_water_delta,982,242,0.001688593183644116,eye_left_upper,aspect,quantile_10,temporal
5,video_water_delta,983,168,0.001588893006555736,brow_right_outer,cy,mean,temporal
5,video_water_delta,984,331,0.0014729913091287017,eye_right_upper,cy,std,temporal
5,video_water_delta,985,1008,0.0014525398146361113,lower_lip,velocity_y,absolute_quantile_90,absolute_motion
5,video_water_delta,986,623,0.0013728884514421225,upper_lip,aspect,temporal_slope,temporal
5,video_water_delta,987,145,0.0012825976591557264,brow_right_inner,velocity_y,std,temporal
5,video_water_delta,988,68,0.001246012281626463,brow_left_outer,cz,quantile_10,temporal
5,video_water_delta,989,64,0.0012444381136447191,brow_left_outer,cy,late_minus_early,temporal
5,video_water_delta,990,62,0.0012212018482387066,brow_left_outer,cy,quantile_10,temporal
5,video_water_delta,991,315,0.001205030595883727,eye_left_lower,velocity_area,quantile_90,temporal
5,video_water_delta,992,871,0.001195211778394878,brow_right_outer,velocity_aspect,absolute_std,absolute_motion
5,video_water_delta,993,1002,0.001167710986919701,lower_lip,velocity_x,absolute_mean,absolute_motion
5,video_water_delta,994,1022,0.0011113638756796718,lip_corners,velocity_y,absolute_mean,absolute_motion
5,video_water_delta,995,0,0.001027756603434682,brow_left_inner,cx,mean,temporal
5,video_water_delta,996,231,0.0009266812121495605,eye_left_upper,cz,quantile_90,temporal
5,video_water_delta,997,537,0.000926165550481528,nose_alar_left,velocity_aspect,quantile_90,temporal
5,video_water_delta,998,387,0.0008379258215427399,eye_right_lower,cy,quantile_90,temporal
5,video_water_delta,999,174,0.000811346631962806,brow_right_outer,cz,mean,temporal
5,video_water_delta,1000,762,0.0008061861735768616,chin_center,cy,mean,temporal
5,video_water_delta,1001,945,0.0006387144094333053,nose_bridge,velocity_y,absolute_max,absolute_motion
5,video_water_delta,1002,392,0.0006122642080299556,eye_right_lower,cz,quantile_10,temporal
5,video_water_delta,1003,786,0.0005667888326570392,chin_center,velocity_x,mean,temporal
5,video_water_delta,1004,369,0.0005531710339710116,eye_right_upper,velocity_area,quantile_90,temporal
5,video_water_delta,1005,632,0.0005228746449574828,upper_lip,velocity_y,quantile_10,temporal
5,video_water_delta,1006,756,0.00044412375427782536,chin_center,cx,mean,temporal
5,video_water_delta,1007,1006,0.00043937936425209045,lower_lip,velocity_y,absolute_mean,absolute_motion
5,video_water_delta,1008,998,0.00038824405055493116,upper_lip,velocity_aspect,absolute_mean,absolute_motion
5,video_water_delta,1009,1013,0.0003364014264661819,lower_lip,velocity_area,absolute_max,absolute_motion
5,video_water_delta,1010,647,0.0003344416618347168,upper_lip,velocity_aspect,temporal_slope,temporal
5,video_water_delta,1011,764,0.0003186450048815459,chin_center,cy,quantile_10,temporal
5,video_water_delta,1012,257,0.00021035858662799,eye_left_upper,velocity_y,temporal_slope,temporal
5,video_water_delta,1013,759,0.0002039415412582457,chin_center,cx,quantile_90,temporal
5,video_water_delta,1014,570,0.0001870518462965265,nose_alar_right,velocity_x,mean,temporal
5,video_water_delta,1015,990,0.00018441940483171493,upper_lip,velocity_y,absolute_mean,absolute_motion
5,video_water_delta,1016,440,0.0001648356264922768,nose_bridge,cy,quantile_10,temporal
5,video_water_delta,1017,475,0.0001484056410845369,nose_bridge,velocity_area,std,temporal
5,video_water_delta,1018,60,0.00014182849554345012,brow_left_outer,cy,mean,temporal
5,video_water_delta,1019,859,0.0001267698098672554,brow_right_outer,velocity_x,absolute_std,absolute_motion
5,video_water_delta,1020,1012,0.00010707403271226212,lower_lip,velocity_area,absolute_quantile_90,absolute_motion
5,video_water_delta,1021,162,0.00010261950956191868,brow_right_outer,cx,mean,temporal
5,video_water_delta,1022,1015,0.00010167154687223956,lower_lip,velocity_aspect,absolute_std,absolute_motion
5,video_water_delta,1023,663,9.308481821790338e-05,lower_lip,cz,quantile_90,temporal
5,video_water_delta,1024,741,6.600497727049515e-05,lip_corners,velocity_y,quantile_90,temporal
5,video_water_delta,1025,194,6.405395834008232e-05,brow_right_outer,velocity_x,quantile_10,temporal
5,video_water_delta,1026,365,3.235605618101545e-05,eye_right_upper,velocity_y,temporal_slope,temporal
5,video_water_delta,1027,733,2.7627829695120454e-05,lip_corners,velocity_x,std,temporal
5,video_water_delta,1028,981,2.2774322133045644e-05,nose_alar_right,velocity_area,absolute_max,absolute_motion
5,video_water_delta,1029,122,1.6953568774624728e-05,brow_right_inner,cz,quantile_10,temporal
5,video_water_delta,1030,262,8.275183063233271e-06,eye_left_upper,velocity_area,late_minus_early,temporal
5,video_water_delta,1031,431,3.3601086215639953e-06,eye_right_lower,velocity_aspect,temporal_slope,temporal
5,video_water_delta,1032,852,1.9982287540187826e-06,brow_right_inner,velocity_area,absolute_quantile_90,absolute_motion
5,video_water_delta,1033,465,4.129622652726539e-07,nose_bridge,velocity_x,quantile_90,temporal
5,video_water_delta,1034,637,3.0843591503071366e-07,upper_lip,velocity_area,std,temporal
