window,summary_feature_index,node,source_feature,statistic,raw_icc1,raw_icck,raw_effective_repeats,raw_n_conditions,subject_centered_icc1,subject_centered_icck,subject_centered_effective_repeats,subject_centered_n_conditions
0:2,0,inner_brow_R,value,mean,0.3946308979862061,0.7652264637388093,5.0,140,0.10520344078275173,0.3702224862705366,5.0,140
0:2,1,inner_brow_R,value,std,0.17889291889004102,0.5213799033830206,5.0,140,0.0024498237517253515,0.012130250852020096,5.0,140
0:2,2,inner_brow_R,value,quantile_10,0.30945412833213404,0.691419798024126,5.0,140,0.06297172716603325,0.2515072516942816,5.0,140
0:2,3,inner_brow_R,value,quantile_90,0.5091481625560734,0.8383544011385029,5.0,140,0.10378598690830806,0.36669763200374667,5.0,140
0:2,4,inner_brow_R,value,late_minus_early,0.18647481268170657,0.5340365791556306,5.0,140,0.03573888366777624,0.1563441559345544,5.0,140
0:2,5,inner_brow_R,value,slope_per_second,0.15739202860406162,0.482925589951309,5.0,140,0.01785190548893275,0.08331052123908805,5.0,140
0:2,6,inner_brow_R,delta,mean,0.12926011696307502,0.4260272540589202,5.0,140,0.037587311329693326,0.16337347758800635,5.0,140
0:2,7,inner_brow_R,delta,std,0.17889291972748192,0.5213799048056981,5.0,140,0.0024498247219194836,0.012130255609297976,5.0,140
0:2,8,inner_brow_R,delta,quantile_10,0.10609999210158776,0.3724374980866318,5.0,140,-0.008971868080630727,-0.04652915413434017,5.0,140
0:2,9,inner_brow_R,delta,quantile_90,0.14859614792211015,0.46599844446799377,5.0,140,0.03921216773939339,0.16947838003278248,5.0,140
0:2,10,inner_brow_R,delta,late_minus_early,0.1864748133888889,0.534036580315644,5.0,140,0.035738882727355585,0.15634415233512636,5.0,140
0:2,11,inner_brow_R,delta,slope_per_second,0.15739203188748588,0.482925596133636,5.0,140,0.017851906546973276,0.08331052584762255,5.0,140
0:2,12,inner_brow_R,velocity,mean,0.16669405783627708,0.5000493008643188,5.0,140,0.0535826993934124,0.22062645327152955,5.0,140
0:2,13,inner_brow_R,velocity,std,0.16166426012892074,0.4908862506010736,5.0,140,-0.006708526908427167,-0.03446754022644135,5.0,140
0:2,14,inner_brow_R,velocity,quantile_10,0.24248149672448963,0.6154583937093117,5.0,140,-0.006770955628259432,-0.03479721986815337,5.0,140
0:2,15,inner_brow_R,velocity,quantile_90,0.1679482786000833,0.5022998275128254,5.0,140,0.05250555782142312,0.21696112874568454,5.0,140
0:2,16,inner_brow_R,velocity,late_minus_early,0.16425426090348005,0.4956323821064776,5.0,140,0.049282709138472304,0.2058367708593138,5.0,140
0:2,17,inner_brow_R,velocity,slope_per_second,0.10347525242714177,0.3659211349190212,5.0,140,0.038067816770934924,0.16518600202224948,5.0,140
0:2,18,inner_brow_R,acceleration,mean,0.09419432916211401,0.34208265934906246,5.0,140,-0.0058835755878440255,-0.030126893356376763,5.0,140
0:2,19,inner_brow_R,acceleration,std,0.21167624419308284,0.5731187354112467,5.0,140,0.03900282731143809,0.16869569959867328,5.0,140
0:2,20,inner_brow_R,acceleration,quantile_10,0.19085336107720258,0.5411475161799327,5.0,140,0.01636294512450753,0.07678876427828064,5.0,140
0:2,21,inner_brow_R,acceleration,quantile_90,0.24885219118108998,0.6235619377352632,5.0,140,0.04374980792994276,0.18616951717453029,5.0,140
0:2,22,inner_brow_R,acceleration,late_minus_early,0.08896503408635267,0.32807600025084177,5.0,140,-0.023325334418372517,-0.12862781973517937,5.0,140
0:2,23,inner_brow_R,acceleration,slope_per_second,0.04522269883052686,0.19147705702199003,5.0,140,-0.015807226231506575,-0.08437080474957614,5.0,140
0:2,24,inner_brow_R,abs_velocity,mean,0.20098945289244405,0.5570791390003355,5.0,140,-0.014317393110264748,-0.07593577491360648,5.0,140
0:2,25,inner_brow_R,abs_velocity,std,0.13135968188191188,0.43056361265592386,5.0,140,0.00519897868495426,0.025465318825650805,5.0,140
0:2,26,inner_brow_R,abs_velocity,quantile_10,0.0706173625466015,0.2753179131726581,5.0,140,-0.027657438513352367,-0.15548889025354962,5.0,140
0:2,27,inner_brow_R,abs_velocity,quantile_90,0.18054516045197688,0.5241760244803487,5.0,140,0.03418379790298592,0.15035954791947492,5.0,140
0:2,28,inner_brow_R,abs_velocity,late_minus_early,0.07211264746619829,0.2798425024345156,5.0,140,0.018081492530959444,0.08430968303822436,5.0,140
0:2,29,inner_brow_R,abs_velocity,slope_per_second,0.06129153376471998,0.24611789559238895,5.0,140,0.010638672770574288,0.051022132755117466,5.0,140
0:2,30,inner_brow_R,baseline_robust_z,mean,0.049605092533772814,0.20696031947529858,5.0,140,-0.030643128449184612,-0.1746191504769315,5.0,140
0:2,31,inner_brow_R,baseline_robust_z,std,0.03432303396932689,0.15089805374786178,5.0,140,-0.04974444182515291,-0.3105059996744263,5.0,140
0:2,32,inner_brow_R,baseline_robust_z,quantile_10,-0.01859410967451974,-0.10044099162928875,5.0,140,-0.059062702636934174,-0.38666294807652807,5.0,140
0:2,33,inner_brow_R,baseline_robust_z,quantile_90,0.09654567625832741,0.348242969371081,5.0,140,0.010773282752569831,0.051641039674642744,5.0,140
0:2,34,inner_brow_R,baseline_robust_z,late_minus_early,0.12332252160927654,0.4129221868187584,5.0,140,-0.017620865095004472,-0.09478510787020789,5.0,140
0:2,35,inner_brow_R,baseline_robust_z,slope_per_second,0.10733485763564043,0.375470148454861,5.0,140,-0.027843747256240895,-0.1566675870719055,5.0,140
0:2,36,inner_brow_L,value,mean,0.3961826806526423,0.7663906285999865,5.0,140,0.10973021674941184,0.3812934375549342,5.0,140
0:2,37,inner_brow_L,value,std,0.21073594252723316,0.5717373094752017,5.0,140,0.009092413025495294,0.043866650316583086,5.0,140
0:2,38,inner_brow_L,value,quantile_10,0.3194206810629345,0.701196610181671,5.0,140,0.07175085914971167,0.27875162221527194,5.0,140
0:2,39,inner_brow_L,value,quantile_90,0.523437554405369,0.8459596243807233,5.0,140,0.10465043153436304,0.36885064217179436,5.0,140
0:2,40,inner_brow_L,value,late_minus_early,0.21305087148915788,0.5751281462984634,5.0,140,0.03879471138132159,0.1679164725514028,5.0,140
0:2,41,inner_brow_L,value,slope_per_second,0.17030980689025746,0.5065008123124914,5.0,140,0.013166516801754203,0.06253890579321239,5.0,140
0:2,42,inner_brow_L,delta,mean,0.13398299959172297,0.43616188650989396,5.0,140,0.041453683113579574,0.17778846826849443,5.0,140
0:2,43,inner_brow_L,delta,std,0.21073593654833847,0.571737300673498,5.0,140,0.009092409294572267,0.04386663294829853,5.0,140
0:2,44,inner_brow_L,delta,quantile_10,0.10572781701080683,0.37151936099361493,5.0,140,-0.010643134900331966,-0.055581938792000865,5.0,140
0:2,45,inner_brow_L,delta,quantile_90,0.16566906910752788,0.49820001480754744,5.0,140,0.04603816944630469,0.194392878173498,5.0,140
0:2,46,inner_brow_L,delta,late_minus_early,0.2130508720205422,0.5751281470729276,5.0,140,0.038794712296600906,0.16791647598085852,5.0,140
0:2,47,inner_brow_L,delta,slope_per_second,0.17030980771631413,0.506500813773729,5.0,140,0.013166515754666529,0.06253890106853885,5.0,140
0:2,48,inner_brow_L,velocity,mean,0.17474376803944833,0.5142623070317152,5.0,140,0.050317291512910776,0.20943387599922636,5.0,140
0:2,49,inner_brow_L,velocity,std,0.14883204788988036,0.4664621633257443,5.0,140,-0.0059344137051889284,-0.03039353988450387,5.0,140
0:2,50,inner_brow_L,velocity,quantile_10,0.1703930998387795,0.5066481226265522,5.0,140,-0.008859305391963362,-0.04592394393635926,5.0,140
0:2,51,inner_brow_L,velocity,quantile_90,0.1808256197637481,0.5246485221297525,5.0,140,0.044975713927392,0.1905907495254962,5.0,140
0:2,52,inner_brow_L,velocity,late_minus_early,0.14579392500242142,0.46044770963048975,5.0,140,0.046948557317525015,0.19762916909595915,5.0,140
0:2,53,inner_brow_L,velocity,slope_per_second,0.1061508931743329,0.3725629192876014,5.0,140,0.04672100469555483,0.19682211554037127,5.0,140
0:2,54,inner_brow_L,acceleration,mean,0.09003845554334718,0.3309862975625609,5.0,140,0.0008367524738566476,0.0041698059873814634,5.0,140
0:2,55,inner_brow_L,acceleration,std,0.1943002786668864,0.5466468512294216,5.0,140,0.026170156993060883,0.11845123527285409,5.0,140
0:2,56,inner_brow_L,acceleration,quantile_10,0.1742711502515293,0.513442730398392,5.0,140,0.016894905686436368,0.07912714577196485,5.0,140
0:2,57,inner_brow_L,acceleration,quantile_90,0.21893017294708966,0.5835894808473755,5.0,140,0.03344076970397549,0.14747688617140764,5.0,140
0:2,58,inner_brow_L,acceleration,late_minus_early,0.06661373872873105,0.26299292552890646,5.0,140,-0.03188025384701547,-0.18269926502123826,5.0,140
0:2,59,inner_brow_L,acceleration,slope_per_second,0.032758625759867564,0.1448170929880305,5.0,140,-0.025630098415851545,-0.14278930816306007,5.0,140
0:2,60,inner_brow_L,abs_velocity,mean,0.18523017327571495,0.5319891193480428,5.0,140,-0.011611806104658114,-0.06088706572941682,5.0,140
0:2,61,inner_brow_L,abs_velocity,std,0.12729497548058585,0.42173559069545563,5.0,140,0.0032480109870107895,0.016031769481386873,5.0,140
0:2,62,inner_brow_L,abs_velocity,quantile_10,0.07429459270134396,0.286369994957659,5.0,140,-0.042447895380918886,-0.25564601873601334,5.0,140
0:2,63,inner_brow_L,abs_velocity,quantile_90,0.17060026629540748,0.5070142602322643,5.0,140,0.020951299664388683,0.09665620579390014,5.0,140
0:2,64,inner_brow_L,abs_velocity,late_minus_early,0.054910247587045914,0.22510824095609525,5.0,140,0.005620674779216003,0.02748542730390782,5.0,140
0:2,65,inner_brow_L,abs_velocity,slope_per_second,0.06017499475374906,0.24250421444160325,5.0,140,0.010770805250586157,0.05162965444040034,5.0,140
0:2,66,inner_brow_L,baseline_robust_z,mean,0.06473418089602855,0.2570986280856689,5.0,140,-0.01778864179759181,-0.09575673825398244,5.0,140
0:2,67,inner_brow_L,baseline_robust_z,std,0.0636306166982274,0.25360493089013453,5.0,140,-0.03823603500827919,-0.2256996074011818,5.0,140
0:2,68,inner_brow_L,baseline_robust_z,quantile_10,-0.004004863434531843,-0.020350318152865213,5.0,140,-0.0499553485557535,-0.3121512384553576,5.0,140
0:2,69,inner_brow_L,baseline_robust_z,quantile_90,0.11350462630364502,0.390313554802022,5.0,140,0.02098807360947871,0.0968127182218942,5.0,140
0:2,70,inner_brow_L,baseline_robust_z,late_minus_early,0.13632032593349347,0.44108579326007796,5.0,140,-0.0186610078735139,-0.10083150975750162,5.0,140
0:2,71,inner_brow_L,baseline_robust_z,slope_per_second,0.11055462162677104,0.3832797272434214,5.0,140,-0.037983702508370853,-0.22394329444102365,5.0,140
0:2,72,outer_brow_R,value,mean,0.4574144435348204,0.8082504670974843,5.0,140,0.11069956228360275,0.38362800325691965,5.0,140
0:2,73,outer_brow_R,value,std,0.2327827820322842,0.6027109672707781,5.0,140,-0.017304959069329124,-0.09295943201087041,5.0,140
0:2,74,outer_brow_R,value,quantile_10,0.361755789896788,0.7391752474419192,5.0,140,0.05627120855052483,0.22966249756562535,5.0,140
0:2,75,outer_brow_R,value,quantile_90,0.5871292708153241,0.8767004262129792,5.0,140,0.13646349523355977,0.4413854636874819,5.0,140
0:2,76,outer_brow_R,value,late_minus_early,0.19774499671406523,0.5520580859788683,5.0,140,0.030998154222185756,0.13789305088137457,5.0,140
0:2,77,outer_brow_R,value,slope_per_second,0.14741869074955882,0.463675634101145,5.0,140,0.009457196634619535,0.04556241240023121,5.0,140
0:2,78,outer_brow_R,delta,mean,0.12311717846639751,0.4124615052985469,5.0,140,0.03575235496314534,0.15639571442795488,5.0,140
0:2,79,outer_brow_R,delta,std,0.23278278091616425,0.6027109657743448,5.0,140,-0.017304957911765746,-0.09295942533019237,5.0,140
0:2,80,outer_brow_R,delta,quantile_10,0.10276532076654844,0.3641419476241403,5.0,140,-0.020579618112046828,-0.11212832281232167,5.0,140
0:2,81,outer_brow_R,delta,quantile_90,0.17316556689001125,0.5115183643209216,5.0,140,0.027977292860157984,0.1258074561248089,5.0,140
0:2,82,outer_brow_R,delta,late_minus_early,0.19774499637809012,0.5520580854551526,5.0,140,0.030998155035407177,0.13789305409986258,5.0,140
0:2,83,outer_brow_R,delta,slope_per_second,0.14741869939090557,0.4636756511987338,5.0,140,0.009457203818877815,0.04556244575058952,5.0,140
0:2,84,outer_brow_R,velocity,mean,0.14802996521072806,0.46488323163168416,5.0,140,0.004354258619714392,0.021398593065353657,5.0,140
0:2,85,outer_brow_R,velocity,std,0.21504820190381357,0.5780266460106974,5.0,140,-0.007920815711408513,-0.04089992152095685,5.0,140
0:2,86,outer_brow_R,velocity,quantile_10,0.26171056358988204,0.6393032072512427,5.0,140,-0.026114134660548745,-0.14580048756625957,5.0,140
0:2,87,outer_brow_R,velocity,quantile_90,0.17066326522825437,0.5071255304871091,5.0,140,0.011667194735507291,0.05573489421983366,5.0,140
0:2,88,outer_brow_R,velocity,late_minus_early,0.219925595475208,0.585001108667028,5.0,140,0.04256401433658564,0.18185769716545302,5.0,140
0:2,89,outer_brow_R,velocity,slope_per_second,0.0689161786685755,0.27011869919977727,5.0,140,0.00614966415255461,0.030010112315099816,5.0,140
0:2,90,outer_brow_R,acceleration,mean,0.10136932303646093,0.3606224149011083,5.0,140,-0.036817490952595545,-0.2158801108795973,5.0,140
0:2,91,outer_brow_R,acceleration,std,0.19111485322636362,0.5415677227498918,5.0,140,-0.0017376557180708893,-0.008749090216927897,5.0,140
0:2,92,outer_brow_R,acceleration,quantile_10,0.18428113473443453,0.5304200435943514,5.0,140,-0.014212411177409266,-0.07534541601817964,5.0,140
0:2,93,outer_brow_R,acceleration,quantile_90,0.24091522277253496,0.6134338771670226,5.0,140,0.015575288337928388,0.07330919433150432,5.0,140
0:2,94,outer_brow_R,acceleration,late_minus_early,0.13812190432251895,0.444840598998193,5.0,140,-0.016303100697179634,-0.08720216627721684,5.0,140
0:2,95,outer_brow_R,acceleration,slope_per_second,0.01631681859772654,0.0765855620931193,5.0,140,-0.048054079483428574,-0.29744398500665253,5.0,140
0:2,96,outer_brow_R,abs_velocity,mean,0.21432779263141283,0.5769840725470744,5.0,140,-0.03871115549720909,-0.2290179800328843,5.0,140
0:2,97,outer_brow_R,abs_velocity,std,0.21128962461094228,0.5725514225177586,5.0,140,0.01686743745496327,0.07900662973264504,5.0,140
0:2,98,outer_brow_R,abs_velocity,quantile_10,0.08311724609449384,0.31189186040714756,5.0,140,-0.05070504258283495,-0.31802763125548467,5.0,140
0:2,99,outer_brow_R,abs_velocity,quantile_90,0.18901782313063964,0.5381837967954012,5.0,140,0.005235681159717674,0.025641404916077176,5.0,140
0:2,100,outer_brow_R,abs_velocity,late_minus_early,0.16510737226097708,0.4971827269703802,5.0,140,0.07634939354536399,0.2924373196925793,5.0,140
0:2,101,outer_brow_R,abs_velocity,slope_per_second,0.06061413449824839,0.2439285908389264,5.0,140,0.012131130327316539,0.0578485771232546,5.0,140
0:2,102,outer_brow_R,baseline_robust_z,mean,0.06979608314823903,0.2728147983440341,5.0,140,-0.013060058301772004,-0.0688996239308904,5.0,140
0:2,103,outer_brow_R,baseline_robust_z,std,0.08083847222830741,0.30543028930339233,5.0,140,-0.04815583810252097,-0.2982241203425316,5.0,140
0:2,104,outer_brow_R,baseline_robust_z,quantile_10,0.020855914117091305,0.09625004028929598,5.0,140,-0.05845322298149312,-0.3814552761689478,5.0,140
0:2,105,outer_brow_R,baseline_robust_z,quantile_90,0.10824077930038352,0.3776816653584545,5.0,140,0.021373356075269353,0.09844995647500644,5.0,140
0:2,106,outer_brow_R,baseline_robust_z,late_minus_early,0.12085926489289837,0.40736229458835854,5.0,140,-0.023425679859688322,-0.129238387679931,5.0,140
0:2,107,outer_brow_R,baseline_robust_z,slope_per_second,0.10083541521354494,0.3592689436447319,5.0,140,-0.032936490610547854,-0.18967081744411085,5.0,140
0:2,108,outer_brow_L,value,mean,0.407022296407232,0.7743692615778324,5.0,140,0.1131174223576274,0.38939684311752815,5.0,140
0:2,109,outer_brow_L,value,std,0.22992549246091154,0.598857260326816,5.0,140,-0.015348879270523358,-0.08176436161271682,5.0,140
0:2,110,outer_brow_L,value,quantile_10,0.33438383232258134,0.7152487240141524,5.0,140,0.0681521165264174,0.26776545316789707,5.0,140
0:2,111,outer_brow_L,value,quantile_90,0.5321148613334092,0.8504423193452352,5.0,140,0.11893797441056084,0.40297415371982187,5.0,140
0:2,112,outer_brow_L,value,late_minus_early,0.21163287387310484,0.5730551425462368,5.0,140,0.02786835171283401,0.12536670486692766,5.0,140
0:2,113,outer_brow_L,value,slope_per_second,0.16083865246237455,0.48936076090450276,5.0,140,-0.00021695727237723778,-0.001085728588738808,5.0,140
0:2,114,outer_brow_L,delta,mean,0.13218686311958527,0.4323371492959465,5.0,140,0.04144389789625501,0.17775246880879864,5.0,140
0:2,115,outer_brow_L,delta,std,0.22992549172813695,0.5988572593326181,5.0,140,-0.015348882336594219,-0.08176437901422737,5.0,140
0:2,116,outer_brow_L,delta,quantile_10,0.08269309591225796,0.31069586703291113,5.0,140,-0.01462864285714269,-0.07768916232373124,5.0,140
0:2,117,outer_brow_L,delta,quantile_90,0.1785181794734672,0.5207427246517805,5.0,140,0.03506729073371037,0.15376760099103998,5.0,140
0:2,118,outer_brow_L,delta,late_minus_early,0.2116328768839701,0.5730551469614114,5.0,140,0.02786835625664088,0.12536672325735024,5.0,140
0:2,119,outer_brow_L,delta,slope_per_second,0.16083865426242017,0.4893607642371623,5.0,140,-0.00021695650846955054,-0.0010857247625623305,5.0,140
0:2,120,outer_brow_L,velocity,mean,0.17960504214705675,0.5225876809122061,5.0,140,0.004038526501648405,0.019871624184640158,5.0,140
0:2,121,outer_brow_L,velocity,std,0.18497386155054318,0.5315660258617907,5.0,140,-0.020272072434429814,-0.11030478884986485,5.0,140
0:2,122,outer_brow_L,velocity,quantile_10,0.1969905654628733,0.550880098718871,5.0,140,-0.016528887695089322,-0.08849535779774963,5.0,140
0:2,123,outer_brow_L,velocity,quantile_90,0.19156068367390305,0.5422830053619893,5.0,140,0.01588612558951347,0.07468481833290148,5.0,140
0:2,124,outer_brow_L,velocity,late_minus_early,0.20555455897863736,0.5640228895949776,5.0,140,0.041764685918473154,0.17893137832547407,5.0,140
0:2,125,outer_brow_L,velocity,slope_per_second,0.144682069633981,0.4582234688548044,5.0,140,0.0590535641684923,0.23884841907330748,5.0,140
0:2,126,outer_brow_L,acceleration,mean,0.12104140469098668,0.4077759353831186,5.0,140,-0.009503327478432768,-0.049394277365628264,5.0,140
0:2,127,outer_brow_L,acceleration,std,0.16255603802962793,0.49252714493647126,5.0,140,-0.03488162493662034,-0.20268854837681388,5.0,140
0:2,128,outer_brow_L,acceleration,quantile_10,0.12390693884263454,0.41423054098089035,5.0,140,-0.04082209776351667,-0.24394365589682235,5.0,140
0:2,129,outer_brow_L,acceleration,quantile_90,0.21525838721214624,0.5783302169520959,5.0,140,0.001083556021789617,0.005394399572385694,5.0,140
0:2,130,outer_brow_L,acceleration,late_minus_early,0.12767414495912316,0.42256713447031746,5.0,140,-0.012686595378145475,-0.06682405592701794,5.0,140
0:2,131,outer_brow_L,acceleration,slope_per_second,0.04919435372503499,0.2055284178684965,5.0,140,-0.03392500840610932,-0.1962571429244274,5.0,140
0:2,132,outer_brow_L,abs_velocity,mean,0.20004566875422258,0.5556260248764633,5.0,140,-0.0385159335013943,-0.2276526911641369,5.0,140
0:2,133,outer_brow_L,abs_velocity,std,0.18187085189879962,0.5264040485111781,5.0,140,0.002070702258835718,0.010268459604189952,5.0,140
0:2,134,outer_brow_L,abs_velocity,quantile_10,0.06382579621443188,0.2542246247135337,5.0,140,-0.047747792946027184,-0.2951005680081729,5.0,140
0:2,135,outer_brow_L,abs_velocity,quantile_90,0.20390690704022085,0.5615328382251094,5.0,140,0.009114976478421162,0.04397167910892758,5.0,140
0:2,136,outer_brow_L,abs_velocity,late_minus_early,0.11031469757079986,0.38270260106834675,5.0,140,0.04745636158756362,0.19942572977042242,5.0,140
0:2,137,outer_brow_L,abs_velocity,slope_per_second,0.08381899712400208,0.31386394215929786,5.0,140,0.042457920795302494,0.18147021236355784,5.0,140
0:2,138,outer_brow_L,baseline_robust_z,mean,0.06939975155744992,0.2716022445972657,5.0,140,-0.005270990163577948,-0.026922585552388644,5.0,140
0:2,139,outer_brow_L,baseline_robust_z,std,0.09446105222560719,0.3427856778556029,5.0,140,-0.03106781189958319,-0.17738261884390794,5.0,140
0:2,140,outer_brow_L,baseline_robust_z,quantile_10,0.03236410571017882,0.14327292782478185,5.0,140,-0.025501156669214712,-0.14198935443756563,5.0,140
0:2,141,outer_brow_L,baseline_robust_z,quantile_90,0.09510247052770493,0.3444718549184875,5.0,140,0.013461888039630254,0.06387018697370994,5.0,140
0:2,142,outer_brow_L,baseline_robust_z,late_minus_early,0.13800767643400083,0.44460356333141904,5.0,140,-0.022757098364785674,-0.12518046879037892,5.0,140
0:2,143,outer_brow_L,baseline_robust_z,slope_per_second,0.1256608487415626,0.4181326360017207,5.0,140,-0.031954598764861404,-0.18318775919975605,5.0,140
0:2,144,eye_open_R,value,mean,0.5961274802775895,0.8806703099898399,5.0,140,0.11529445958239261,0.3945257605131697,5.0,140
0:2,145,eye_open_R,value,std,0.24815212922694854,0.6226815933017301,5.0,140,-0.06157796936759606,-0.4085109445596736,5.0,140
0:2,146,eye_open_R,value,quantile_10,0.3280461624275783,0.7093857371397181,5.0,140,0.06017207095568162,0.24249471740912804,5.0,140
0:2,147,eye_open_R,value,quantile_90,0.693389046558055,0.9187474789535103,5.0,140,0.09083435654279585,0.33313233686357596,5.0,140
0:2,148,eye_open_R,value,late_minus_early,0.21691936773908696,0.5807195597535718,5.0,140,-0.009480584554680213,-0.04927140984194034,5.0,140
0:2,149,eye_open_R,value,slope_per_second,0.2211337835259786,0.5867064495752329,5.0,140,0.012390999541142865,0.059029271024976404,5.0,140
0:2,150,eye_open_R,delta,mean,0.04340831905592291,0.18493135775595287,5.0,140,-0.02178615871121699,-0.11932974019117816,5.0,140
0:2,151,eye_open_R,delta,std,0.24815212690886063,0.6226815903825833,5.0,140,-0.06157797202593127,-0.4085109679586259,5.0,140
0:2,152,eye_open_R,delta,quantile_10,0.10090152547943936,0.3594367584380577,5.0,140,-0.030250399542519315,-0.17207312026701763,5.0,140
0:2,153,eye_open_R,delta,quantile_90,0.08842133902895899,0.32659487165713535,5.0,140,-0.04271448873036299,-0.2575824551649438,5.0,140
0:2,154,eye_open_R,delta,late_minus_early,0.21691937112274037,0.5807195646036877,5.0,140,-0.009480583922751945,-0.04927140642830187,5.0,140
0:2,155,eye_open_R,delta,slope_per_second,0.22113378737656258,0.5867064549963417,5.0,140,0.012391002227218239,0.059029283216847,5.0,140
0:2,156,eye_open_R,velocity,mean,0.17655718658994082,0.5173901417574441,5.0,140,0.033451300539550595,0.147517847315729,5.0,140
0:2,157,eye_open_R,velocity,std,0.1252183477116158,0.41715160144519287,5.0,140,0.001899725579698218,0.009426993098773574,5.0,140
0:2,158,eye_open_R,velocity,quantile_10,0.1575262109480932,0.4831781573681324,5.0,140,0.0002914727914474725,0.0014556668081653888,5.0,140
0:2,159,eye_open_R,velocity,quantile_90,0.19476479827238685,0.5473814447234739,5.0,140,-0.041454190823846465,-0.2484717325872461,5.0,140
0:2,160,eye_open_R,velocity,late_minus_early,0.14285610654811148,0.4545433562282443,5.0,140,0.024675984606463607,0.11229587764023863,5.0,140
0:2,161,eye_open_R,velocity,slope_per_second,0.08591233908117717,0.3196977644382372,5.0,140,-0.02091641078471777,-0.11413088807652153,5.0,140
0:2,162,eye_open_R,acceleration,mean,0.10942849854548894,0.3805642116175986,5.0,140,0.008806371658753424,0.04253359182345102,5.0,140
0:2,163,eye_open_R,acceleration,std,0.17533626322621626,0.5152871927033505,5.0,140,0.03422648671626124,0.15052470615814298,5.0,140
0:2,164,eye_open_R,acceleration,quantile_10,0.2620491644180732,0.6397070404261945,5.0,140,0.028548115400819297,0.12811123923662043,5.0,140
0:2,165,eye_open_R,acceleration,quantile_90,0.2591025304866406,0.6361747265304541,5.0,140,0.05063897848160578,0.2105472930413116,5.0,140
0:2,166,eye_open_R,acceleration,late_minus_early,0.07630434702240284,0.29230512755459886,5.0,140,-0.012600986932422398,-0.06634919607287616,5.0,140
0:2,167,eye_open_R,acceleration,slope_per_second,0.00689128617463426,0.03353211331752596,5.0,140,-0.057014061670436,-0.3692889632525488,5.0,140
0:2,168,eye_open_R,abs_velocity,mean,0.20986042730882262,0.5704459843853049,5.0,140,-0.0015033485371396351,-0.007562217278832838,5.0,140
0:2,169,eye_open_R,abs_velocity,std,0.07579438727376094,0.29080606601300907,5.0,140,-0.010381574338640958,-0.05415680320694916,5.0,140
0:2,170,eye_open_R,abs_velocity,quantile_10,0.11227680220716858,0.38739991604183266,5.0,140,-0.014358944706191618,-0.07616958284438279,5.0,140
0:2,171,eye_open_R,abs_velocity,quantile_90,0.18630912506848415,0.5337646933216232,5.0,140,-0.046438444331317504,-0.2851621723142365,5.0,140
0:2,172,eye_open_R,abs_velocity,late_minus_early,0.025986033121927436,0.11769632337901274,5.0,140,-0.0369296129377018,-0.2166514869033877,5.0,140
0:2,173,eye_open_R,abs_velocity,slope_per_second,0.04395494275760768,0.18691190538107608,5.0,140,-0.030581835575382615,-0.17422119344345133,5.0,140
0:2,174,eye_open_R,baseline_robust_z,mean,0.013161945476504342,0.06251827868136557,5.0,140,-0.0462724465526099,-0.2839113178949499,5.0,140
0:2,175,eye_open_R,baseline_robust_z,std,0.022030255660551345,0.10123072343119,5.0,140,-0.051448810926466644,-0.32390142792983095,5.0,140
0:2,176,eye_open_R,baseline_robust_z,quantile_10,-0.009429196779064397,-0.04899387546628427,5.0,140,-0.05917266659240683,-0.3876060725667793,5.0,140
0:2,177,eye_open_R,baseline_robust_z,quantile_90,0.011218331335414625,0.053682733893825794,5.0,140,-0.05092614073735774,-0.3197691357242051,5.0,140
0:2,178,eye_open_R,baseline_robust_z,late_minus_early,0.11070695463574057,0.3836457587418083,5.0,140,-0.04322144547109826,-0.2612785787286342,5.0,140
0:2,179,eye_open_R,baseline_robust_z,slope_per_second,0.12897213242139202,0.4254011093023573,5.0,140,-0.02881871869042662,-0.16286820543648814,5.0,140
0:2,180,eye_open_L,value,mean,0.6357402118953234,0.8971877466968484,5.0,140,0.0842319720600466,0.31502062602240316,5.0,140
0:2,181,eye_open_L,value,std,0.24980632360626742,0.6247578106951319,5.0,140,-0.04416704033265375,-0.2682213796325041,5.0,140
0:2,182,eye_open_L,value,quantile_10,0.3851266051212416,0.7579721153543146,5.0,140,0.03892667774591754,0.1684107108488858,5.0,140
0:2,183,eye_open_L,value,quantile_90,0.7031250993151023,0.9221311817047346,5.0,140,0.058166503143230436,0.23593780695640557,5.0,140
0:2,184,eye_open_L,value,late_minus_early,0.26068309719366867,0.6380745187822631,5.0,140,0.0033381388782669393,0.01647076755323726,5.0,140
0:2,185,eye_open_L,value,slope_per_second,0.24670988836003674,0.6208601191094336,5.0,140,0.01641469370071156,0.07701664964823464,5.0,140
0:2,186,eye_open_L,delta,mean,0.05929816069652804,0.23964804932476308,5.0,140,-0.007527252234189184,-0.03880463012620331,5.0,140
0:2,187,eye_open_L,delta,std,0.24980632254933224,0.6247578093729389,5.0,140,-0.044167040270096915,-0.2682213791710857,5.0,140
0:2,188,eye_open_L,delta,quantile_10,0.09542165493739778,0.34530860172436006,5.0,140,-0.012442171324507206,-0.06546917120074887,5.0,140
0:2,189,eye_open_L,delta,quantile_90,0.09196070238475923,0.33615230399079987,5.0,140,-0.0395047969023078,-0.23459440120812017,5.0,140
0:2,190,eye_open_L,delta,late_minus_early,0.2606830976033804,0.6380745192731997,5.0,140,0.0033381369064890746,0.01647075795244969,5.0,140
0:2,191,eye_open_L,delta,slope_per_second,0.24670989512680763,0.6208601276803228,5.0,140,0.016414694309671463,0.07701665232939243,5.0,140
0:2,192,eye_open_L,velocity,mean,0.21120244372025992,0.5724233647175874,5.0,140,0.045812536316056696,0.19358770628262412,5.0,140
0:2,193,eye_open_L,velocity,std,0.10774011627485515,0.37646084187018247,5.0,140,-0.014346409086199646,-0.07609903710022084,5.0,140
0:2,194,eye_open_L,velocity,quantile_10,0.17663050909783207,0.5175160511590614,5.0,140,0.002084955331652731,0.010338554957145713,5.0,140
0:2,195,eye_open_L,velocity,quantile_90,0.19383350209510436,0.5459071396709533,5.0,140,-0.031501716456562016,-0.18021718492298475,5.0,140
0:2,196,eye_open_L,velocity,late_minus_early,0.15559073357841288,0.47951888658081393,5.0,140,0.03470956593567692,0.15239023415672082,5.0,140
0:2,197,eye_open_L,velocity,slope_per_second,0.1017363512253831,0.3615504584291361,5.0,140,-0.009862694857228783,-0.05133883119162294,5.0,140
0:2,198,eye_open_L,acceleration,mean,0.11370585932910594,0.3907892064855941,5.0,140,0.014023868743118829,0.06639489078146239,5.0,140
0:2,199,eye_open_L,acceleration,std,0.15971228086043135,0.4872696289607847,5.0,140,0.022907094438588984,0.1049216697980696,5.0,140
0:2,200,eye_open_L,acceleration,quantile_10,0.23284382187883798,0.6027927958485572,5.0,140,0.028612355123741582,0.12836991341892315,5.0,140
0:2,201,eye_open_L,acceleration,quantile_90,0.234415548471591,0.6048927135266657,5.0,140,0.052805054210492815,0.21798287989351786,5.0,140
0:2,202,eye_open_L,acceleration,late_minus_early,0.06722722459472634,0.2649016989344644,5.0,140,-0.018287027257804796,-0.09865129173276271,5.0,140
0:2,203,eye_open_L,acceleration,slope_per_second,0.004609854785529372,0.02263195384469939,5.0,140,-0.05894986320129292,-0.38569629017986035,5.0,140
0:2,204,eye_open_L,abs_velocity,mean,0.16324530812896176,0.49379056736325266,5.0,140,-0.029204997403253993,-0.1653400046410539,5.0,140
0:2,205,eye_open_L,abs_velocity,std,0.07130597421832728,0.27740681756618574,5.0,140,-0.01570212025703449,-0.08377220631627336,5.0,140
0:2,206,eye_open_L,abs_velocity,quantile_10,0.06209848645916103,0.24871350372315404,5.0,140,-0.04198760557200316,-0.2523143253522394,5.0,140
0:2,207,eye_open_L,abs_velocity,quantile_90,0.15298647526524584,0.4745397322718774,5.0,140,-0.04593904943745163,-0.281405196038294,5.0,140
0:2,208,eye_open_L,abs_velocity,late_minus_early,0.026605836411506757,0.12023352777309637,5.0,140,-0.03245721401547606,-0.18649902517213945,5.0,140
0:2,209,eye_open_L,abs_velocity,slope_per_second,0.020718497154386627,0.09566439572916947,5.0,140,-0.039799138200214274,-0.23667325777975737,5.0,140
0:2,210,eye_open_L,baseline_robust_z,mean,0.04006662742064212,0.17266131137234905,5.0,140,-0.019354297136232965,-0.10489192349957172,5.0,140
0:2,211,eye_open_L,baseline_robust_z,std,0.013371680783341304,0.06346392645353029,5.0,140,-0.05538993851967885,-0.3557751465825409,5.0,140
0:2,212,eye_open_L,baseline_robust_z,quantile_10,0.008710137662595305,0.04208444314015874,5.0,140,-0.045078309791090676,-0.27497278195109054,5.0,140
0:2,213,eye_open_L,baseline_robust_z,quantile_90,0.01729089546124726,0.08086178651637871,5.0,140,-0.03738280591980704,-0.21977765063597904,5.0,140
0:2,214,eye_open_L,baseline_robust_z,late_minus_early,0.15260028052367308,0.4737958711963072,5.0,140,-0.038189253821919955,-0.22537367975308198,5.0,140
0:2,215,eye_open_L,baseline_robust_z,slope_per_second,0.1607010868191601,0.48910598235743163,5.0,140,-0.026573129058802134,-0.1486679340921561,5.0,140
0:2,216,lid_cheek_gap_R,value,mean,0.3469516933122293,0.7265070549242078,5.0,140,0.11751833415625842,0.39970228432975585,5.0,140
0:2,217,lid_cheek_gap_R,value,std,0.3718923328025326,0.7475014427469601,5.0,140,0.018172239634014316,0.08470414228377403,5.0,140
0:2,218,lid_cheek_gap_R,value,quantile_10,0.23271397849901448,0.6026187060674937,5.0,140,0.08374669210006255,0.31366113163959825,5.0,140
0:2,219,lid_cheek_gap_R,value,quantile_90,0.4930424294948394,0.8294318230084727,5.0,140,0.10273031179011508,0.3640540249743359,5.0,140
0:2,220,lid_cheek_gap_R,value,late_minus_early,0.21995239760649582,0.5850390346094906,5.0,140,0.012780468253079892,0.06079441680941073,5.0,140
0:2,221,lid_cheek_gap_R,value,slope_per_second,0.17550550009184943,0.5155794110004598,5.0,140,-0.016315965862715155,-0.08727578417450763,5.0,140
0:2,222,lid_cheek_gap_R,delta,mean,0.014664355157658654,0.0692592092205012,5.0,140,-0.05348950999772621,-0.34024589474273925,5.0,140
0:2,223,lid_cheek_gap_R,delta,std,0.371892338709461,0.7475014475198489,5.0,140,0.01817224427622107,0.0847041624556763,5.0,140
0:2,224,lid_cheek_gap_R,delta,quantile_10,0.1306667050165749,0.4290718865565266,5.0,140,-0.04553268735572182,-0.27836165330578583,5.0,140
0:2,225,lid_cheek_gap_R,delta,quantile_90,0.13345413885658594,0.43503943931381894,5.0,140,-0.012165639081821876,-0.06393966285430477,5.0,140
0:2,226,lid_cheek_gap_R,delta,late_minus_early,0.21995239931384164,0.5850390370253061,5.0,140,0.012780465348460194,0.06079440366463624,5.0,140
0:2,227,lid_cheek_gap_R,delta,slope_per_second,0.17550550971661072,0.5155794276127542,5.0,140,-0.016315957247422217,-0.08727573487279885,5.0,140
0:2,228,lid_cheek_gap_R,velocity,mean,0.1775404909929591,0.5190750780722044,5.0,140,0.00607703584051189,0.029664100006885952,5.0,140
0:2,229,lid_cheek_gap_R,velocity,std,0.09647423034578455,0.3480570194553227,5.0,140,-0.05784421505882884,-0.376284632001438,5.0,140
0:2,230,lid_cheek_gap_R,velocity,quantile_10,0.10506108616847132,0.369869757138851,5.0,140,-0.042403142927002174,-0.2553214408256422,5.0,140
0:2,231,lid_cheek_gap_R,velocity,quantile_90,0.2692327613560865,0.6481504572557402,5.0,140,-0.02527651058297288,-0.14059784453632698,5.0,140
0:2,232,lid_cheek_gap_R,velocity,late_minus_early,0.11766649438866852,0.4000449326512488,5.0,140,0.00023678770925817,0.0011828182390057182,5.0,140
0:2,233,lid_cheek_gap_R,velocity,slope_per_second,0.05853928021615853,0.23716299661726492,5.0,140,-0.014906635033410533,-0.07925912241041451,5.0,140
0:2,234,lid_cheek_gap_R,acceleration,mean,0.08275350362721409,0.3108663873000244,5.0,140,0.0036415848532423273,0.017946509320175937,5.0,140
0:2,235,lid_cheek_gap_R,acceleration,std,0.150978603945077,0.47065667114047843,5.0,140,-0.01736432075997894,-0.09330211522532277,5.0,140
0:2,236,lid_cheek_gap_R,acceleration,quantile_10,0.1861274709574775,0.5334663697887795,5.0,140,0.013112498579504403,0.06229511449615825,5.0,140
0:2,237,lid_cheek_gap_R,acceleration,quantile_90,0.15921429655719768,0.4863414410759217,5.0,140,0.003980715774591688,0.019591624124154862,5.0,140
0:2,238,lid_cheek_gap_R,acceleration,late_minus_early,0.04298017568418617,0.18337493135762553,5.0,140,-0.04283666856130121,-0.2584715901687994,5.0,140
0:2,239,lid_cheek_gap_R,acceleration,slope_per_second,0.021666538859296022,0.09969271036410997,5.0,140,-0.05842744903361301,-0.38123578207626807,5.0,140
0:2,240,lid_cheek_gap_R,abs_velocity,mean,0.21907363139556565,0.5837932915344979,5.0,140,-0.04054342336180656,-0.24195601788049595,5.0,140
0:2,241,lid_cheek_gap_R,abs_velocity,std,0.05463056145859121,0.22416727164953706,5.0,140,-0.06527841536117575,-0.44173516246633393,5.0,140
0:2,242,lid_cheek_gap_R,abs_velocity,quantile_10,0.112003006505644,0.3867475010317965,5.0,140,-0.05035200827513643,-0.3152549134110933,5.0,140
0:2,243,lid_cheek_gap_R,abs_velocity,quantile_90,0.2489070323569892,0.6236307974580865,5.0,140,-0.031715564937705346,-0.1816183373808482,5.0,140
0:2,244,lid_cheek_gap_R,abs_velocity,late_minus_early,0.059618758439195646,0.24069422803925433,5.0,140,-0.020548251507563564,-0.1119421166027904,5.0,140
0:2,245,lid_cheek_gap_R,abs_velocity,slope_per_second,0.05828574994286946,0.23633005236890933,5.0,140,0.004286726496943029,0.02107230760722858,5.0,140
0:2,246,lid_cheek_gap_R,baseline_robust_z,mean,0.00803377992995136,0.038918256807947284,5.0,140,-0.03489141329548472,-0.20275465190641973,5.0,140
0:2,247,lid_cheek_gap_R,baseline_robust_z,std,0.045691535721955355,0.19315540944719506,5.0,140,-0.0407150795015233,-0.24317972482529893,5.0,140
0:2,248,lid_cheek_gap_R,baseline_robust_z,quantile_10,0.024326808545326456,0.11084775433689971,5.0,140,-0.03926523121662472,-0.23290669738145703,5.0,140
0:2,249,lid_cheek_gap_R,baseline_robust_z,quantile_90,0.037583856054386654,0.16336042193932712,5.0,140,-0.017434372847899678,-0.09370673700469835,5.0,140
0:2,250,lid_cheek_gap_R,baseline_robust_z,late_minus_early,0.06759883592193647,0.26605432811847496,5.0,140,-0.05093534620369038,-0.3198417275010643,5.0,140
0:2,251,lid_cheek_gap_R,baseline_robust_z,slope_per_second,0.042617488582317856,0.1820528943296946,5.0,140,-0.06318191185929754,-0.422750230505731,5.0,140
0:2,252,lid_cheek_gap_L,value,mean,0.36917945651112727,0.745299792792166,5.0,140,0.11166671672268814,0.3859448200493032,5.0,140
0:2,253,lid_cheek_gap_L,value,std,0.331572924863448,0.7126641189092937,5.0,140,0.009211992993690441,0.04442306511023717,5.0,140
0:2,254,lid_cheek_gap_L,value,quantile_10,0.22525330067859228,0.5924559081361547,5.0,140,0.06039466553554675,0.24321723374072568,5.0,140
0:2,255,lid_cheek_gap_L,value,quantile_90,0.5132334218143338,0.8405577624507912,5.0,140,0.10674318319720957,0.3740197017941383,5.0,140
0:2,256,lid_cheek_gap_L,value,late_minus_early,0.22335717629168667,0.5898219871764765,5.0,140,0.027104893034882557,0.12226819931807616,5.0,140
0:2,257,lid_cheek_gap_L,value,slope_per_second,0.1859429431893129,0.5331630724108464,5.0,140,0.005187498833001306,0.02541023197023891,5.0,140
0:2,258,lid_cheek_gap_L,delta,mean,0.011479889261660605,0.05487940819309425,5.0,140,-0.056658587501908546,-0.36631176664277654,5.0,140
0:2,259,lid_cheek_gap_L,delta,std,0.33157292164577656,0.7126641159363727,5.0,140,0.009211995098971706,0.0444230749017537,5.0,140
0:2,260,lid_cheek_gap_L,delta,quantile_10,0.09531180633326365,0.34502080650435873,5.0,140,-0.06147953453290247,-0.40764496297904906,5.0,140
0:2,261,lid_cheek_gap_L,delta,quantile_90,0.12981854987745803,0.42723871016614967,5.0,140,-0.004764260357998684,-0.024284084596282847,5.0,140
0:2,262,lid_cheek_gap_L,delta,late_minus_early,0.22335717279034079,0.5898219822932472,5.0,140,0.027104891831394022,0.12226819442024746,5.0,140
0:2,263,lid_cheek_gap_L,delta,slope_per_second,0.18594293526124187,0.5331630593744289,5.0,140,0.005187490850308253,0.02541019366301545,5.0,140
0:2,264,lid_cheek_gap_L,velocity,mean,0.16508448168296896,0.4971412115120228,5.0,140,0.0009423384970294581,0.004693999140765823,5.0,140
0:2,265,lid_cheek_gap_L,velocity,std,0.0851803703972663,0.3176661654451447,5.0,140,-0.06298917624400847,-0.42102627390029873,5.0,140
0:2,266,lid_cheek_gap_L,velocity,quantile_10,0.10703337052332157,0.37473167552390635,5.0,140,-0.04841406011973681,-0.3002073219273967,5.0,140
0:2,267,lid_cheek_gap_L,velocity,quantile_90,0.2113469618883942,0.5726356174084922,5.0,140,-0.04108686876418963,-0.24583704074238447,5.0,140
0:2,268,lid_cheek_gap_L,velocity,late_minus_early,0.12021101884287927,0.4058868210440066,5.0,140,0.0025062763490935652,0.012407000260206415,5.0,140
0:2,269,lid_cheek_gap_L,velocity,slope_per_second,0.08614938229814031,0.32035378776083845,5.0,140,-0.000751259239052234,-0.003767618026668187,5.0,140
0:2,270,lid_cheek_gap_L,acceleration,mean,0.07750873403141711,0.2958269733654717,5.0,140,-0.002161511837033237,-0.010901816809481634,5.0,140
0:2,271,lid_cheek_gap_L,acceleration,std,0.12956501701991055,0.4266891415506624,5.0,140,-0.0322722312946868,-0.18527856762707035,5.0,140
0:2,272,lid_cheek_gap_L,acceleration,quantile_10,0.18492122050518045,0.5314790696185915,5.0,140,0.008035641836128005,0.0389269956029526,5.0,140
0:2,273,lid_cheek_gap_L,acceleration,quantile_90,0.16225564711307247,0.49197521079853573,5.0,140,-0.003343508064738982,-0.01694415195858974,5.0,140
0:2,274,lid_cheek_gap_L,acceleration,late_minus_early,0.04325051835441808,0.18435823488530959,5.0,140,-0.03394982401479885,-0.196423260592046,5.0,140
0:2,275,lid_cheek_gap_L,acceleration,slope_per_second,0.009202137177684859,0.044377224653132055,5.0,140,-0.05524656485710107,-0.35459300638628205,5.0,140
0:2,276,lid_cheek_gap_L,abs_velocity,mean,0.2046158992700684,0.562606531135954,5.0,140,-0.037792065624365385,-0.22261223252301146,5.0,140
0:2,277,lid_cheek_gap_L,abs_velocity,std,0.035588798945321916,0.15576940988560817,5.0,140,-0.07379041845348151,-0.5234563424832916,5.0,140
0:2,278,lid_cheek_gap_L,abs_velocity,quantile_10,0.11671568202701482,0.3978411878306882,5.0,140,-0.04741156321052685,-0.2925362125911722,5.0,140
0:2,279,lid_cheek_gap_L,abs_velocity,quantile_90,0.21408133121419073,0.5766266514483651,5.0,140,-0.04430168817935599,-0.26921519060633003,5.0,140
0:2,280,lid_cheek_gap_L,abs_velocity,late_minus_early,0.04233824861259421,0.18103279682665102,5.0,140,-0.043735093121600156,-0.26504201431719715,5.0,140
0:2,281,lid_cheek_gap_L,abs_velocity,slope_per_second,0.04264898016415098,0.1821678147495532,5.0,140,-0.02338690397468019,-0.12900238548033394,5.0,140
0:2,282,lid_cheek_gap_L,baseline_robust_z,mean,0.011359347029505947,0.05432820348024296,5.0,140,-0.025139670259298103,-0.13975158650865607,5.0,140
0:2,283,lid_cheek_gap_L,baseline_robust_z,std,0.050219829829580134,0.2090960724433469,5.0,140,-0.03321921876073707,-0.19154845375841179,5.0,140
0:2,284,lid_cheek_gap_L,baseline_robust_z,quantile_10,0.009805549779433516,0.04717734950118517,5.0,140,-0.041013244703902184,-0.2453100714791325,5.0,140
0:2,285,lid_cheek_gap_L,baseline_robust_z,quantile_90,0.06338595654644438,0.2528270461006222,5.0,140,0.00823356072373374,0.0398552026925649,5.0,140
0:2,286,lid_cheek_gap_L,baseline_robust_z,late_minus_early,0.07090914526398358,0.2762041309451188,5.0,140,-0.05572729665396235,-0.35856360475602395,5.0,140
0:2,287,lid_cheek_gap_L,baseline_robust_z,slope_per_second,0.056645275711696585,0.23090717597160068,5.0,140,-0.06397480807787109,-0.4298800031923316,5.0,140
0:2,288,alar_extent_R,value,mean,0.572307982283801,0.8699720704010535,5.0,140,0.06896063397078557,0.2702552706594423,5.0,140
0:2,289,alar_extent_R,value,std,0.10209079931753044,0.36244485625375794,5.0,140,0.003815605091627588,0.018791225869712345,5.0,140
0:2,290,alar_extent_R,value,quantile_10,0.6446509214760946,0.900701751377618,5.0,140,0.012155625626916486,0.05795996937814913,5.0,140
0:2,291,alar_extent_R,value,quantile_90,0.3473026588817042,0.7268146510764308,5.0,140,0.042172431362582335,0.18042612356471305,5.0,140
0:2,292,alar_extent_R,value,late_minus_early,0.1219613613780529,0.40985897340992294,5.0,140,-0.024751229818871984,-0.1373549664609096,5.0,140
0:2,293,alar_extent_R,value,slope_per_second,0.06750847608026618,0.2657743066959889,5.0,140,-0.03639882924031791,-0.21300696240839792,5.0,140
0:2,294,alar_extent_R,delta,mean,0.030593222924081315,0.13628814073477624,5.0,140,-0.05200528159841296,-0.32832492968911,5.0,140
0:2,295,alar_extent_R,delta,std,0.10209079162418463,0.3624448368602697,5.0,140,0.003815598009400686,0.0187911915152441,5.0,140
0:2,296,alar_extent_R,delta,quantile_10,0.0707405023671972,0.27569211654399395,5.0,140,-0.008752884146432598,-0.045352273515600484,5.0,140
0:2,297,alar_extent_R,delta,quantile_90,0.03837890658899534,0.16635624915735384,5.0,140,-0.034901249153666346,-0.20282108227234524,5.0,140
0:2,298,alar_extent_R,delta,late_minus_early,0.1219613595791348,0.40985896934674576,5.0,140,-0.024751233735480556,-0.13735499058413322,5.0,140
0:2,299,alar_extent_R,delta,slope_per_second,0.06750847335796137,0.26577429825727766,5.0,140,-0.03639883499476828,-0.2130070018220451,5.0,140
0:2,300,alar_extent_R,velocity,mean,0.12035253248166312,0.4062093611025261,5.0,140,-0.012366497473417363,-0.06505026302022585,5.0,140
0:2,301,alar_extent_R,velocity,std,0.12020038936395254,0.40586258421577714,5.0,140,-0.0056107286363689364,-0.02869770328430578,5.0,140
0:2,302,alar_extent_R,velocity,quantile_10,0.11615886906648051,0.39654532116969726,5.0,140,-0.026864711504325334,-0.15049564596797343,5.0,140
0:2,303,alar_extent_R,velocity,quantile_90,0.1260817512686355,0.41906364388635015,5.0,140,0.00010431059461916666,0.0005213354498527525,5.0,140
0:2,304,alar_extent_R,velocity,late_minus_early,0.10821540602492208,0.37761987691211,5.0,140,-0.029264769709653738,-0.16572326079960162,5.0,140
0:2,305,alar_extent_R,velocity,slope_per_second,0.10258240696705406,0.363682379423995,5.0,140,0.011708826229140226,0.05592487268125472,5.0,140
0:2,306,alar_extent_R,acceleration,mean,0.006204937536710826,0.030273311652228303,5.0,140,-0.08187241303311439,-0.6087074592437348,5.0,140
0:2,307,alar_extent_R,acceleration,std,0.08560539921979744,0.318846923421113,5.0,140,-0.005384234672209634,-0.02751373498451053,5.0,140
0:2,308,alar_extent_R,acceleration,quantile_10,0.15431363624777172,0.4770851834230652,5.0,140,0.03506046267044223,0.15374134289790808,5.0,140
0:2,309,alar_extent_R,acceleration,quantile_90,0.10241548195047483,0.3632625664728435,5.0,140,-0.03774149340301061,-0.2222613713349871,5.0,140
0:2,310,alar_extent_R,acceleration,late_minus_early,0.03046872544196339,0.135793774305632,5.0,140,-0.051340557933735265,-0.3230437816077359,5.0,140
0:2,311,alar_extent_R,acceleration,slope_per_second,-0.03240066615130613,-0.186125720023089,5.0,140,-0.07003820228368345,-0.486479652712797,5.0,140
0:2,312,alar_extent_R,abs_velocity,mean,0.1436731227025479,0.456194220589148,5.0,140,0.0004085454568733398,0.002039394542865659,5.0,140
0:2,313,alar_extent_R,abs_velocity,std,0.10167210692108881,0.3613881543351363,5.0,140,-0.016893150627822987,-0.0905869490392552,5.0,140
0:2,314,alar_extent_R,abs_velocity,quantile_10,0.05643925456809686,0.23022203310589137,5.0,140,-0.04978800821268044,-0.31084556779177,5.0,140
0:2,315,alar_extent_R,abs_velocity,quantile_90,0.13352168955937646,0.4351829805009788,5.0,140,-0.004952878956272387,-0.025264931368998652,5.0,140
0:2,316,alar_extent_R,abs_velocity,late_minus_early,0.08248086254464723,0.3100962785999874,5.0,140,-0.04167275319491973,-0.25004382428376326,5.0,140
0:2,317,alar_extent_R,abs_velocity,slope_per_second,0.09515659955339431,0.344613863955229,5.0,140,-0.018656277315576474,-0.10080388771249231,5.0,140
0:2,318,alar_extent_R,baseline_robust_z,mean,0.02717465052967976,0.12255201944761679,5.0,140,-0.053389759677934835,-0.33943908256302946,5.0,140
0:2,319,alar_extent_R,baseline_robust_z,std,0.06992959256133563,0.2732225862629799,5.0,140,-0.01634006970145975,-0.0874137345702713,5.0,140
0:2,320,alar_extent_R,baseline_robust_z,quantile_10,0.05920593386814605,0.23934669173180023,5.0,140,-0.01777229244851931,-0.0956619939751349,5.0,140
0:2,321,alar_extent_R,baseline_robust_z,quantile_90,0.02317803069415724,0.10605735129606166,5.0,140,-0.04084225272373954,-0.24408761601951412,5.0,140
0:2,322,alar_extent_R,baseline_robust_z,late_minus_early,0.1315343772560071,0.43093881278143775,5.0,140,-0.016481676756015674,-0.08822475109798615,5.0,140
0:2,323,alar_extent_R,baseline_robust_z,slope_per_second,0.058065390375352126,0.2356049729596542,5.0,140,-0.03933361830239888,-0.23338808253029616,5.0,140
0:2,324,alar_extent_L,value,mean,0.7197504615177378,0.9277521512999207,5.0,140,0.046265719527324355,0.19520364860782224,5.0,140
0:2,325,alar_extent_L,value,std,0.08140305217337089,0.30703946312323616,5.0,140,0.0022740712265119376,0.011267860463502082,5.0,140
0:2,326,alar_extent_L,value,quantile_10,0.5938862275085599,0.8796894180598176,5.0,140,0.007196392257834186,0.034975180807648866,5.0,140
0:2,327,alar_extent_L,value,quantile_90,0.517439914740498,0.8428019979184055,5.0,140,0.0031859530174962987,0.015729313670080142,5.0,140
0:2,328,alar_extent_L,value,late_minus_early,0.21440390788376323,0.5770943790632004,5.0,140,-0.0014029879711219251,-0.00705452953593298,5.0,140
0:2,329,alar_extent_L,value,slope_per_second,0.16402218817476497,0.49520953483756514,5.0,140,-0.01925375608192385,-0.10430156822379132,5.0,140
0:2,330,alar_extent_L,delta,mean,0.05988848929566925,0.24157274053558322,5.0,140,0.0018929335169029853,0.009393542181166241,5.0,140
0:2,331,alar_extent_L,delta,std,0.08140305154684263,0.30703946134053856,5.0,140,0.002274070961671434,0.011267859163065446,5.0,140
0:2,332,alar_extent_L,delta,quantile_10,0.0892633543767385,0.32888666439057507,5.0,140,0.040009486551410595,0.17244904221571916,5.0,140
0:2,333,alar_extent_L,delta,quantile_90,0.015697452167003887,0.07385021967173998,5.0,140,-0.045439928213356615,-0.2776686074198204,5.0,140
0:2,334,alar_extent_L,delta,late_minus_early,0.21440391202941364,0.5770943850701081,5.0,140,-0.0014029814726593862,-0.00705449667583748,5.0,140
0:2,335,alar_extent_L,delta,slope_per_second,0.16402218255576756,0.4952095245937525,5.0,140,-0.0192537545822862,-0.10430155942208093,5.0,140
0:2,336,alar_extent_L,velocity,mean,0.20019880407539423,0.5558622164894378,5.0,140,0.014372469797829943,0.06795559031175227,5.0,140
0:2,337,alar_extent_L,velocity,std,0.07995913251287522,0.3029130149540381,5.0,140,-0.03664737148843568,-0.2147112725075314,5.0,140
0:2,338,alar_extent_L,velocity,quantile_10,0.11517919895412762,0.3942557492458517,5.0,140,0.01653562778460565,0.07754886242622937,5.0,140
0:2,339,alar_extent_L,velocity,quantile_90,0.12967863525918932,0.4269355160406366,5.0,140,0.0010474988002591346,0.005215640492661091,5.0,140
0:2,340,alar_extent_L,velocity,late_minus_early,0.05955628411505188,0.24049053100839637,5.0,140,-0.05742165817664068,-0.372716225725101,5.0,140
0:2,341,alar_extent_L,velocity,slope_per_second,0.042938859503998256,0.18322449425411666,5.0,140,-0.05124361592103104,-0.3222765406913368,5.0,140
0:2,342,alar_extent_L,acceleration,mean,0.023681302864750585,0.10816094585594302,5.0,140,-0.05109998278581836,-0.3211411410462092,5.0,140
0:2,343,alar_extent_L,acceleration,std,0.05244420421591099,0.21675156725135886,5.0,140,-0.0332030321227274,-0.19144082391827677,5.0,140
0:2,344,alar_extent_L,acceleration,quantile_10,0.10491070355895454,0.3694968287337371,5.0,140,-0.019841763937975942,-0.10776153548459642,5.0,140
0:2,345,alar_extent_L,acceleration,quantile_90,0.1366441724438682,0.44176332589011724,5.0,140,-0.01929838542600481,-0.10456355854747956,5.0,140
0:2,346,alar_extent_L,acceleration,late_minus_early,0.043355390421019026,0.1847391927876119,5.0,140,-0.02182368975045809,-0.11955497114594689,5.0,140
0:2,347,alar_extent_L,acceleration,slope_per_second,-0.016391928856381854,-0.08771062990319577,5.0,140,-0.062114964259258776,-0.41325114061352103,5.0,140
0:2,348,alar_extent_L,abs_velocity,mean,0.10766520991346747,0.37627789525404115,5.0,140,-0.01630688965340547,-0.08722384684993723,5.0,140
0:2,349,alar_extent_L,abs_velocity,std,0.059602881439191624,0.24064246899983266,5.0,140,-0.051174310642354635,-0.32172848744851373,5.0,140
0:2,350,alar_extent_L,abs_velocity,quantile_10,0.050513271907733144,0.21011248349807607,5.0,140,-0.04597232527585855,-0.2816549601544012,5.0,140
0:2,351,alar_extent_L,abs_velocity,quantile_90,0.09145447481030632,0.33479746773385194,5.0,140,-0.007430124734757732,-0.03828857935591307,5.0,140
0:2,352,alar_extent_L,abs_velocity,late_minus_early,0.029107209712905622,0.1303585535413336,5.0,140,-0.07864920773163538,-0.573744120835879,5.0,140
0:2,353,alar_extent_L,abs_velocity,slope_per_second,0.052095494537096845,0.21555888568001963,5.0,140,-0.04590893340819203,-0.28117921925027295,5.0,140
0:2,354,alar_extent_L,baseline_robust_z,mean,0.03713674041627786,0.16166835861216633,5.0,140,-0.02207351105328628,-0.12105608674145144,5.0,140
0:2,355,alar_extent_L,baseline_robust_z,std,0.059240650450476134,0.23946015168194767,5.0,140,-0.02267122377573984,-0.12466098744893743,5.0,140
0:2,356,alar_extent_L,baseline_robust_z,quantile_10,0.04738857636292889,0.19918626726727615,5.0,140,0.0004195999439768883,0.002094484337841167,5.0,140
0:2,357,alar_extent_L,baseline_robust_z,quantile_90,0.024677261094791587,0.11230116481263543,5.0,140,-0.03986709689714467,-0.2371540600523578,5.0,140
0:2,358,alar_extent_L,baseline_robust_z,late_minus_early,0.20215054860236395,0.5588585185488235,5.0,140,-0.016461804192964953,-0.08811087698137611,5.0,140
0:2,359,alar_extent_L,baseline_robust_z,slope_per_second,0.14360346374927518,0.45605373483435085,5.0,140,-0.03489130664382083,-0.20275393162543784,5.0,140
0:2,360,nose_upperlip_R,value,mean,0.36528229766882353,0.7421030538599966,5.0,140,0.0823377362341185,0.30969149473938645,5.0,140
0:2,361,nose_upperlip_R,value,std,0.2715845626954158,0.6508641697808696,5.0,140,0.003355980959908557,0.016557636350213165,5.0,140
0:2,362,nose_upperlip_R,value,quantile_10,0.19314149381441642,0.5448076306055146,5.0,140,0.0272470065491533,0.122846261210771,5.0,140
0:2,363,nose_upperlip_R,value,quantile_90,0.5514852608934643,0.8600988811052654,5.0,140,0.08005258934571109,0.3031811896416476,5.0,140
0:2,364,nose_upperlip_R,value,late_minus_early,0.2324568650044533,0.6022737001636085,5.0,140,0.023816932699471605,0.10872653338431382,5.0,140
0:2,365,nose_upperlip_R,value,slope_per_second,0.1758850268203497,0.5162338886785487,5.0,140,-0.00971081336284513,-0.05051628362239204,5.0,140
0:2,366,nose_upperlip_R,delta,mean,0.02961477382945397,0.13239095624252034,5.0,140,-0.04988415518959051,-0.31159548633474615,5.0,140
0:2,367,nose_upperlip_R,delta,std,0.2715845587405097,0.6508641652379322,5.0,140,0.00335597852713613,0.01655762450646434,5.0,140
0:2,368,nose_upperlip_R,delta,quantile_10,0.07288820985710776,0.2821727754064015,5.0,140,-0.0458056185173605,-0.2804044985516342,5.0,140
0:2,369,nose_upperlip_R,delta,quantile_90,0.12290606370064139,0.4119873463605936,5.0,140,-0.0028947322784588646,-0.014643214130712557,5.0,140
0:2,370,nose_upperlip_R,delta,late_minus_early,0.2324568542268346,0.6022736856940305,5.0,140,0.023816926072994987,0.1087265057650499,5.0,140
0:2,371,nose_upperlip_R,delta,slope_per_second,0.17588501573510965,0.5162338695795591,5.0,140,-0.009710818955874395,-0.05051631389352453,5.0,140
0:2,372,nose_upperlip_R,velocity,mean,0.20716899331742433,0.5664453307903515,5.0,140,0.046747430988327246,0.19691590434596756,5.0,140
0:2,373,nose_upperlip_R,velocity,std,0.11724996863760569,0.3990809348213499,5.0,140,-0.03804421291908805,-0.22436408462254598,5.0,140
0:2,374,nose_upperlip_R,velocity,quantile_10,0.1637605127037262,0.49473218104366073,5.0,140,-0.018296579731025785,-0.09870689279093343,5.0,140
0:2,375,nose_upperlip_R,velocity,quantile_90,0.19354742734052643,0.5454530209458681,5.0,140,0.004993686950503138,0.024479463639978584,5.0,140
0:2,376,nose_upperlip_R,velocity,late_minus_early,0.07737597151764727,0.2954400225181016,5.0,140,-0.041054120775839587,-0.24560259891387998,5.0,140
0:2,377,nose_upperlip_R,velocity,slope_per_second,0.05596454973465589,0.22863984480877964,5.0,140,-0.04018001500637169,-0.2393719490518971,5.0,140
0:2,378,nose_upperlip_R,acceleration,mean,0.06968727876878099,0.27248221698549135,5.0,140,0.0036897781825027706,0.018180561949210503,5.0,140
0:2,379,nose_upperlip_R,acceleration,std,0.11063181384832693,0.3834652462707298,5.0,140,-0.030914492904852615,-0.17638371722271579,5.0,140
0:2,380,nose_upperlip_R,acceleration,quantile_10,0.09295867738111471,0.3388115081784834,5.0,140,-0.03807128303148768,-0.2245524083290243,5.0,140
0:2,381,nose_upperlip_R,acceleration,quantile_90,0.19270224195585234,0.5441079344451039,5.0,140,-4.320289265029408e-05,-0.0002160517995022736,5.0,140
0:2,382,nose_upperlip_R,acceleration,late_minus_early,0.04231024567242702,0.1809303911632358,5.0,140,-0.020786581892527932,-0.11335822998580769,5.0,140
0:2,383,nose_upperlip_R,acceleration,slope_per_second,-0.019540604596216746,-0.10598724214508615,5.0,140,-0.06622186042928777,-0.45041986892439684,5.0,140
0:2,384,nose_upperlip_R,abs_velocity,mean,0.21312142483363564,0.5752309583555597,5.0,140,-0.003253945384261206,-0.016484282744300728,5.0,140
0:2,385,nose_upperlip_R,abs_velocity,std,0.08051245233761416,0.30449855885978744,5.0,140,-0.03880095989410638,-0.22964687644089118,5.0,140
0:2,386,nose_upperlip_R,abs_velocity,quantile_10,0.08956277053555303,0.3296988742107094,5.0,140,-0.02961046862047799,-0.16794393791717388,5.0,140
0:2,387,nose_upperlip_R,abs_velocity,quantile_90,0.1893938302136271,0.5387929267280178,5.0,140,-0.012946795046235334,-0.06826945795122503,5.0,140
0:2,388,nose_upperlip_R,abs_velocity,late_minus_early,0.05102444305013422,0.2118783217947701,5.0,140,-0.024568060645164973,-0.1362277053302454,5.0,140
0:2,389,nose_upperlip_R,abs_velocity,slope_per_second,0.03839491195454898,0.16641638931116098,5.0,140,-0.031630880054930074,-0.18106314701734572,5.0,140
0:2,390,nose_upperlip_R,baseline_robust_z,mean,0.022584840844546834,0.10356794225319195,5.0,140,-0.04534467364857006,-0.2769575709130648,5.0,140
0:2,391,nose_upperlip_R,baseline_robust_z,std,0.041662757504041185,0.17855706818972214,5.0,140,-0.03450773188588844,-0.20016803960000581,5.0,140
0:2,392,nose_upperlip_R,baseline_robust_z,quantile_10,0.013703546258671569,0.06495715763540355,5.0,140,-0.03391276838764289,-0.19617522131339785,5.0,140
0:2,393,nose_upperlip_R,baseline_robust_z,quantile_90,0.04832882754206022,0.20249814583895068,5.0,140,-0.01761832065501389,-0.09477038327996976,5.0,140
0:2,394,nose_upperlip_R,baseline_robust_z,late_minus_early,0.0767432153429379,0.293591464716379,5.0,140,-0.05061821425905233,-0.31734477444205617,5.0,140
0:2,395,nose_upperlip_R,baseline_robust_z,slope_per_second,0.06256071946345744,0.2501942645370207,5.0,140,-0.05574302480073172,-0.35869384319115616,5.0,140
0:2,396,nose_upperlip_L,value,mean,0.358954762857806,0.7368255918823147,5.0,140,0.0931385809771429,0.33928923378389736,5.0,140
0:2,397,nose_upperlip_L,value,std,0.2911285476930821,0.6725032086511834,5.0,140,0.016869743078115226,0.07901674653867233,5.0,140
0:2,398,nose_upperlip_L,value,quantile_10,0.2151803681636539,0.5782175659440981,5.0,140,0.04771175197388642,0.20032695912047596,5.0,140
0:2,399,nose_upperlip_L,value,quantile_90,0.5408336543265253,0.85484736797636,5.0,140,0.09650654433231382,0.34814113149822695,5.0,140
0:2,400,nose_upperlip_L,value,late_minus_early,0.223615104175076,0.590181516076646,5.0,140,0.02113678356841489,0.09744520500978765,5.0,140
0:2,401,nose_upperlip_L,value,slope_per_second,0.16321026468527203,0.49372643492285834,5.0,140,-0.016148948824771567,-0.08632069828002877,5.0,140
0:2,402,nose_upperlip_L,delta,mean,0.032322524669045255,0.14310992678911993,5.0,140,-0.04572215409513192,-0.2797792015367679,5.0,140
0:2,403,nose_upperlip_L,delta,std,0.2911285496794657,0.6725032107710681,5.0,140,0.016869744559304064,0.07901675303790036,5.0,140
0:2,404,nose_upperlip_L,delta,quantile_10,0.09811297843375823,0.35230293220893216,5.0,140,-0.027949051054409455,-0.15733467469473555,5.0,140
0:2,405,nose_upperlip_L,delta,quantile_90,0.1220769502747416,0.4101199704274881,5.0,140,-0.0016051568001135635,-0.008077647564234423,5.0,140
0:2,406,nose_upperlip_L,delta,late_minus_early,0.2236151011014944,0.5901815117946754,5.0,140,0.02113678399416711,0.09744520681958548,5.0,140
0:2,407,nose_upperlip_L,delta,slope_per_second,0.16321026807148886,0.4937264411204446,5.0,140,-0.016148947208343516,-0.0863206890430968,5.0,140
0:2,408,nose_upperlip_L,velocity,mean,0.19196360893817158,0.5429282101963351,5.0,140,0.04259139951142249,0.18195767024655726,5.0,140
0:2,409,nose_upperlip_L,velocity,std,0.12255350754442969,0.41119431525488426,5.0,140,-0.033595839712157724,-0.1940572657398974,5.0,140
0:2,410,nose_upperlip_L,velocity,quantile_10,0.14894582045047922,0.46668561498618244,5.0,140,-0.026468166117956545,-0.14801116723671925,5.0,140
0:2,411,nose_upperlip_L,velocity,quantile_90,0.21588510069287978,0.5792337541268445,5.0,140,0.00918058098028402,0.044276952316223056,5.0,140
0:2,412,nose_upperlip_L,velocity,late_minus_early,0.07489268773456874,0.2881439416841949,5.0,140,-0.028907731750555832,-0.1634370345661585,5.0,140
0:2,413,nose_upperlip_L,velocity,slope_per_second,0.03422885924648236,0.15053388375667723,5.0,140,-0.04615158748965294,-0.2830018818966173,5.0,140
0:2,414,nose_upperlip_L,acceleration,mean,0.09550754517108002,0.34553350030239177,5.0,140,0.03586199782852382,0.15681516824962805,5.0,140
0:2,415,nose_upperlip_L,acceleration,std,0.12569529240127458,0.41820890141411887,5.0,140,-0.008908909287357587,-0.04619057708138289,5.0,140
0:2,416,nose_upperlip_L,acceleration,quantile_10,0.09233033026091267,0.33713902223672965,5.0,140,-0.03635038776310409,-0.2126752500421027,5.0,140
0:2,417,nose_upperlip_L,acceleration,quantile_90,0.2089362581413792,0.5690775528053141,5.0,140,0.025783757386546886,0.11686582646710947,5.0,140
0:2,418,nose_upperlip_L,acceleration,late_minus_early,0.05477069896250417,0.22463896278806397,5.0,140,-0.010452897612711093,-0.05454510568349164,5.0,140
0:2,419,nose_upperlip_L,acceleration,slope_per_second,-0.0006697114977587198,-0.003357551853115008,5.0,140,-0.05260397781857978,-0.3331119419052501,5.0,140
0:2,420,nose_upperlip_L,abs_velocity,mean,0.20948994071440286,0.5698980601966318,5.0,140,-0.011972082323218608,-0.06287120876444588,5.0,140
0:2,421,nose_upperlip_L,abs_velocity,std,0.09363905655216091,0.3406155920243435,5.0,140,-0.03200806215590556,-0.18353925420625758,5.0,140
0:2,422,nose_upperlip_L,abs_velocity,quantile_10,0.06612113960979787,0.2614549112858052,5.0,140,-0.05090378021438299,-0.31959283474339195,5.0,140
0:2,423,nose_upperlip_L,abs_velocity,quantile_90,0.21508951611546379,0.5780863378515324,5.0,140,0.004120584413268591,0.02026884413349712,5.0,140
0:2,424,nose_upperlip_L,abs_velocity,late_minus_early,0.07281051567247412,0.28193983830110186,5.0,140,-0.006071531009290387,-0.031113275924763165,5.0,140
0:2,425,nose_upperlip_L,abs_velocity,slope_per_second,0.06084889864756944,0.24468841176657175,5.0,140,-0.012690128161191585,-0.06684365921475073,5.0,140
0:2,426,nose_upperlip_L,baseline_robust_z,mean,0.02033480102616208,0.09402600474010996,5.0,140,-0.04806722298055847,-0.29754470578054476,5.0,140
0:2,427,nose_upperlip_L,baseline_robust_z,std,0.06388714910571995,0.2544192605835314,5.0,140,-0.03270214484603987,-0.1881181985371514,5.0,140
0:2,428,nose_upperlip_L,baseline_robust_z,quantile_10,0.03069146169655044,0.13667792703350165,5.0,140,-0.030444803388378724,-0.17333228647187057,5.0,140
0:2,429,nose_upperlip_L,baseline_robust_z,quantile_90,0.040484877553458976,0.17421250072651542,5.0,140,-0.021399365887308897,-0.11701283097031924,5.0,140
0:2,430,nose_upperlip_L,baseline_robust_z,late_minus_early,0.08590446800457159,0.3196759651445097,5.0,140,-0.03722468585783596,-0.21868541240270825,5.0,140
0:2,431,nose_upperlip_L,baseline_robust_z,slope_per_second,0.07047923485515332,0.2748978217223955,5.0,140,-0.04432982692708351,-0.2694230419070489,5.0,140
0:2,432,corner_horizontal_R,value,mean,0.36172681629012177,0.7391510529239385,5.0,140,0.0976798235043202,0.3511845414258934,5.0,140
0:2,433,corner_horizontal_R,value,std,0.087244801265876,0.32337341056999064,5.0,140,-0.002298425115148914,-0.01159876111111416,5.0,140
0:2,434,corner_horizontal_R,value,quantile_10,0.4787046978258575,0.8211568747499967,5.0,140,0.06286740066273394,0.25117430151545256,5.0,140
0:2,435,corner_horizontal_R,value,quantile_90,0.17900847721925658,0.521576165521111,5.0,140,0.039449057361943755,0.17036269577747487,5.0,140
0:2,436,corner_horizontal_R,value,late_minus_early,0.08741285389212074,0.32383492835185823,5.0,140,-0.029074184123294638,-0.1645019619364018,5.0,140
0:2,437,corner_horizontal_R,value,slope_per_second,0.09237806964256853,0.337266306728583,5.0,140,-0.01166574308962926,-0.061183730157265755,5.0,140
0:2,438,corner_horizontal_R,delta,mean,0.009007107576551137,0.043469403508014884,5.0,140,-0.0490299490355046,-0.30495805718439195,5.0,140
0:2,439,corner_horizontal_R,delta,std,0.08724480514549536,0.3233734212297795,5.0,140,-0.0022984213416495534,-0.011598741891849819,5.0,140
0:2,440,corner_horizontal_R,delta,quantile_10,0.06996055123689277,0.2733170970860377,5.0,140,0.003231936016925335,0.015953438119616362,5.0,140
0:2,441,corner_horizontal_R,delta,quantile_90,0.017530254198392256,0.08190781193569399,5.0,140,-0.04932705508925845,-0.30726024820634706,5.0,140
0:2,442,corner_horizontal_R,delta,late_minus_early,0.08741285483778405,0.3238349309476109,5.0,140,-0.029074182670380266,-0.16450195263395698,5.0,140
0:2,443,corner_horizontal_R,delta,slope_per_second,0.09237806884654776,0.3372663046064991,5.0,140,-0.011665743755720303,-0.061183733821731597,5.0,140
0:2,444,corner_horizontal_R,velocity,mean,0.1705917837996027,0.5069992756946119,5.0,140,0.024550097054765074,0.11177421406023039,5.0,140
0:2,445,corner_horizontal_R,velocity,std,0.1267312139041378,0.4204961296901773,5.0,140,-0.023728797333159628,-0.13108604328285695,5.0,140
0:2,446,corner_horizontal_R,velocity,quantile_10,0.13474822221115665,0.4377805225348268,5.0,140,-0.0006568175737976181,-0.0032927387837845498,5.0,140
0:2,447,corner_horizontal_R,velocity,quantile_90,0.20597297185908772,0.5646523603671537,5.0,140,0.04603697132321278,0.19438860591229024,5.0,140
0:2,448,corner_horizontal_R,velocity,late_minus_early,0.14729488555769849,0.46343059938631875,5.0,140,0.0263655578571481,0.1192512828913015,5.0,140
0:2,449,corner_horizontal_R,velocity,slope_per_second,0.12022350499558565,0.40591528959317136,5.0,140,0.035871497826430426,0.15685149664784936,5.0,140
0:2,450,corner_horizontal_R,acceleration,mean,0.10697712352586274,0.37459376412292816,5.0,140,0.0097237149895036,0.046798359315670175,5.0,140
0:2,451,corner_horizontal_R,acceleration,std,0.10875615281378416,0.37893480000548974,5.0,140,-0.017944858935535633,-0.09666268787032924,5.0,140
0:2,452,corner_horizontal_R,acceleration,quantile_10,0.16260443836855748,0.4926159998771985,5.0,140,0.024418434264068853,0.11122810649343691,5.0,140
0:2,453,corner_horizontal_R,acceleration,quantile_90,0.10402728950990384,0.3672996849124031,5.0,140,-0.02704335828026674,-0.15161781048364936,5.0,140
0:2,454,corner_horizontal_R,acceleration,late_minus_early,0.05877124501839158,0.23792389174261896,5.0,140,0.0006925034127276114,0.0034529523385244017,5.0,140
0:2,455,corner_horizontal_R,acceleration,slope_per_second,0.025122977368487797,0.11414430743292285,5.0,140,0.003066598629706593,0.015147191719054738,5.0,140
0:2,456,corner_horizontal_R,abs_velocity,mean,0.15264850978582822,0.4738888449724522,5.0,140,-0.018206809743745767,-0.09818455906544106,5.0,140
0:2,457,corner_horizontal_R,abs_velocity,std,0.09917298664834207,0.35502813233165725,5.0,140,-0.03618651991073231,-0.2115542475129745,5.0,140
0:2,458,corner_horizontal_R,abs_velocity,quantile_10,0.04993277104442473,0.2080998471363642,5.0,140,-0.06925267475298434,-0.47893291545491196,5.0,140
0:2,459,corner_horizontal_R,abs_velocity,quantile_90,0.1368418234857616,0.4421762823261479,5.0,140,-0.004143331101678228,-0.021065785607140543,5.0,140
0:2,460,corner_horizontal_R,abs_velocity,late_minus_early,0.09217014589389533,0.33671167327115625,5.0,140,-0.013961289725338302,-0.07393538177007347,5.0,140
0:2,461,corner_horizontal_R,abs_velocity,slope_per_second,0.09096079116854963,0.33347232850735736,5.0,140,-0.0177937613780046,-0.09578640890313657,5.0,140
0:2,462,corner_horizontal_R,baseline_robust_z,mean,0.03564561660829998,0.1559870628838499,5.0,140,-0.0280867655830776,-0.15820803599701733,5.0,140
0:2,463,corner_horizontal_R,baseline_robust_z,std,0.03327600668442698,0.14683562099867878,5.0,140,-0.028231413634064548,-0.15912653645341204,5.0,140
0:2,464,corner_horizontal_R,baseline_robust_z,quantile_10,0.10118984775276123,0.3601678992155804,5.0,140,0.02943563878741644,0.1316745016631983,5.0,140
0:2,465,corner_horizontal_R,baseline_robust_z,quantile_90,-0.019796479964315054,-0.1074944464426864,5.0,140,-0.06792479431102144,-0.4663237510428163,5.0,140
0:2,466,corner_horizontal_R,baseline_robust_z,late_minus_early,0.07368142749212338,0.2845445445503526,5.0,140,-0.03368230670907367,-0.1946344875715635,5.0,140
0:2,467,corner_horizontal_R,baseline_robust_z,slope_per_second,0.10813153735201417,0.37741557945275866,5.0,140,-0.005845308361303005,-0.029926254550296346,5.0,140
0:2,468,corner_horizontal_L,value,mean,0.370643016009967,0.7464899435926602,5.0,140,0.056170409056051106,0.22932657514661997,5.0,140
0:2,469,corner_horizontal_L,value,std,0.12681080864835875,0.42067134798772143,5.0,140,-0.00596228649974114,-0.030539780174872515,5.0,140
0:2,470,corner_horizontal_L,value,quantile_10,0.5395850107171967,0.8542224766701819,5.0,140,0.0029213611437185903,0.014438090215611389,5.0,140
0:2,471,corner_horizontal_L,value,quantile_90,0.1161555832208483,0.3965376623479908,5.0,140,0.009832126913841275,0.047300381166401846,5.0,140
0:2,472,corner_horizontal_L,value,late_minus_early,0.15946914815477606,0.48681673843256806,5.0,140,-0.0009534903145086621,-0.0047857040624298365,5.0,140
0:2,473,corner_horizontal_L,value,slope_per_second,0.15738257152094132,0.48290778288993136,5.0,140,0.002766240387016455,0.013679835085873207,5.0,140
0:2,474,corner_horizontal_L,delta,mean,0.021542163890798514,0.09916583295081643,5.0,140,-0.03135829485472838,-0.1792790105728746,5.0,140
0:2,475,corner_horizontal_L,delta,std,0.12681081210057507,0.4206713555857569,5.0,140,-0.00596228909521552,-0.030539793794112677,5.0,140
0:2,476,corner_horizontal_L,delta,quantile_10,0.07316528466446298,0.2830025691823197,5.0,140,0.0069646157024812905,0.03387925455923988,5.0,140
0:2,477,corner_horizontal_L,delta,quantile_90,0.03974440928814057,0.17146322765030542,5.0,140,-0.061998946828721334,-0.41222473081199373,5.0,140
0:2,478,corner_horizontal_L,delta,late_minus_early,0.15946914813623841,0.4868167383980169,5.0,140,-0.0009534931983418218,-0.004785718592216535,5.0,140
0:2,479,corner_horizontal_L,delta,slope_per_second,0.15738257068627837,0.4829077813182797,5.0,140,0.002766233915328819,0.01367980343181166,5.0,140
0:2,480,corner_horizontal_L,velocity,mean,0.21866301708769467,0.5832096013423521,5.0,140,0.047086320738806524,0.1981171693706324,5.0,140
0:2,481,corner_horizontal_L,velocity,std,0.06085502634699198,0.24470822887331467,5.0,140,-0.03252079935543239,-0.18691902064109367,5.0,140
0:2,482,corner_horizontal_L,velocity,quantile_10,0.19209392770030453,0.5431366381221961,5.0,140,0.07093206287818761,0.27627366926996033,5.0,140
0:2,483,corner_horizontal_L,velocity,quantile_90,0.09468550222167356,0.3433764315998834,5.0,140,0.012656042198353227,0.060231063468147855,5.0,140
0:2,484,corner_horizontal_L,velocity,late_minus_early,0.08628882927818587,0.32073927887895204,5.0,140,-0.01190931161723433,-0.06252508076926745,5.0,140
0:2,485,corner_horizontal_L,velocity,slope_per_second,0.03652214847790591,0.15933387991086742,5.0,140,-0.01750595301380737,-0.09412043684954552,5.0,140
0:2,486,corner_horizontal_L,acceleration,mean,0.07392334094286167,0.28526556903744915,5.0,140,0.004860425932693908,0.023838665393551024,5.0,140
0:2,487,corner_horizontal_L,acceleration,std,0.04688921310571232,0.1974188141395046,5.0,140,-0.025097179955041862,-0.13948902435963748,5.0,140
0:2,488,corner_horizontal_L,acceleration,quantile_10,0.07086128915282736,0.27605889035384645,5.0,140,0.016214245667650316,0.07613344294830045,5.0,140
0:2,489,corner_horizontal_L,acceleration,quantile_90,0.06755840624985132,0.2659290579316972,5.0,140,0.011130336388355203,0.053279602354406624,5.0,140
0:2,490,corner_horizontal_L,acceleration,late_minus_early,0.03319540691109188,0.14652165122117186,5.0,140,-0.01881855099425376,-0.10175206031446107,5.0,140
0:2,491,corner_horizontal_L,acceleration,slope_per_second,0.0351500799634213,0.15408587632138449,5.0,140,-0.0003548711500365031,-0.0017768780011414742,5.0,140
0:2,492,corner_horizontal_L,abs_velocity,mean,0.12579424628140043,0.4184279280689272,5.0,140,0.0059599013172634135,0.029105639626517563,5.0,140
0:2,493,corner_horizontal_L,abs_velocity,std,0.05113412572647095,0.21225643890040874,5.0,140,-0.04413977906730961,-0.2680203275025988,5.0,140
0:2,494,corner_horizontal_L,abs_velocity,quantile_10,0.059503022064033795,0.2403168055808316,5.0,140,-0.029792181158581232,-0.16911400623356088,5.0,140
0:2,495,corner_horizontal_L,abs_velocity,quantile_90,0.1541261949254031,0.4767266910087732,5.0,140,0.03306474495535345,0.14601228846323042,5.0,140
0:2,496,corner_horizontal_L,abs_velocity,late_minus_early,0.08256607369025236,0.31033710374480844,5.0,140,-0.011616324453500065,-0.06091191241844361,5.0,140
0:2,497,corner_horizontal_L,abs_velocity,slope_per_second,0.08482481868150725,0.31667611669116774,5.0,140,0.013165826329444366,0.06253579023289824,5.0,140
0:2,498,corner_horizontal_L,baseline_robust_z,mean,0.036935594300348616,0.1609054219571938,5.0,140,-0.018410540841214212,-0.09937056779315302,5.0,140
0:2,499,corner_horizontal_L,baseline_robust_z,std,0.12107945727461746,0.4078623017960967,5.0,140,0.01967029721910761,0.09117752966284909,5.0,140
0:2,500,corner_horizontal_L,baseline_robust_z,quantile_10,0.09771219868651558,0.35126822935614516,5.0,140,0.034760777931970986,0.15258763067905412,5.0,140
0:2,501,corner_horizontal_L,baseline_robust_z,quantile_90,0.0035704903482379623,0.017601073883511016,5.0,140,-0.06269103914237142,-0.4183665243198254,5.0,140
0:2,502,corner_horizontal_L,baseline_robust_z,late_minus_early,0.14716072954587867,0.4631649059127306,5.0,140,0.003237213911447434,0.015979157750188676,5.0,140
0:2,503,corner_horizontal_L,baseline_robust_z,slope_per_second,0.1707254930063459,0.5072354059959792,5.0,140,0.017629808419341246,0.08234232447548229,5.0,140
0:2,504,corner_vertical_R,value,mean,0.41053713233570016,0.7769001775948906,5.0,140,0.04199912446485368,0.17979131162561449,5.0,140
0:2,505,corner_vertical_R,value,std,0.1657827474454817,0.49840556295334104,5.0,140,0.03129983722985686,0.1390857418283938,5.0,140
0:2,506,corner_vertical_R,value,quantile_10,0.3078320003121168,0.6897954942972961,5.0,140,0.05440401495843992,0.22340381649478105,5.0,140
0:2,507,corner_vertical_R,value,quantile_90,0.35116063711033285,0.7301722190226405,5.0,140,0.006645700508845878,0.03236806858477266,5.0,140
0:2,508,corner_vertical_R,value,late_minus_early,0.10253500085755657,0.36356319446344254,5.0,140,-0.03911612732323271,-0.2318582190919125,5.0,140
0:2,509,corner_vertical_R,value,slope_per_second,0.10159873913056748,0.3612027285059405,5.0,140,-0.033742778014882825,-0.19503844602935966,5.0,140
0:2,510,corner_vertical_R,delta,mean,0.03637985905358765,0.15879197638851855,5.0,140,-0.03703040214500605,-0.21734558898295891,5.0,140
0:2,511,corner_vertical_R,delta,std,0.16578274161787693,0.49840555241900447,5.0,140,0.03129983484331073,0.13908573240340386,5.0,140
0:2,512,corner_vertical_R,delta,quantile_10,0.11858771514273102,0.40216924720622266,5.0,140,-0.005114419639235249,-0.026106169826846787,5.0,140
0:2,513,corner_vertical_R,delta,quantile_90,0.08271433691451047,0.3107558336739317,5.0,140,0.013867524413921375,0.06569359210044255,5.0,140
0:2,514,corner_vertical_R,delta,late_minus_early,0.10253500144921858,0.36356319595115577,5.0,140,-0.039116127047542484,-0.231858217154667,5.0,140
0:2,515,corner_vertical_R,delta,slope_per_second,0.10159873971916565,0.3612027299938424,5.0,140,-0.03374277794963295,-0.19503844559335767,5.0,140
0:2,516,corner_vertical_R,velocity,mean,0.17805289948674566,0.5199500450184982,5.0,140,0.048469773726012674,0.20299280694712254,5.0,140
0:2,517,corner_vertical_R,velocity,std,0.07779325591941857,0.2966551878150236,5.0,140,-0.009407502463778078,-0.04887674470377943,5.0,140
0:2,518,corner_vertical_R,velocity,quantile_10,0.10075669470570316,0.3590690364094172,5.0,140,0.007707511830722958,0.03738497849737541,5.0,140
0:2,519,corner_vertical_R,velocity,quantile_90,0.19341077538163617,0.5452358910740577,5.0,140,0.056387865117636465,0.2300509890298142,5.0,140
0:2,520,corner_vertical_R,velocity,late_minus_early,0.10046165078198048,0.3583189863920265,5.0,140,0.0070988944512612884,0.034514415485978674,5.0,140
0:2,521,corner_vertical_R,velocity,slope_per_second,0.08971162462501488,0.33010212972562236,5.0,140,0.031860921688322004,0.14129717547167367,5.0,140
0:2,522,corner_vertical_R,acceleration,mean,0.08220280490172466,0.30930956816440286,5.0,140,0.02880206946642005,0.1291331405894078,5.0,140
0:2,523,corner_vertical_R,acceleration,std,0.07083499397712982,0.2759790675381376,5.0,140,-0.016099090998657774,-0.08603585096886794,5.0,140
0:2,524,corner_vertical_R,acceleration,quantile_10,0.1430274276662143,0.45489009671509156,5.0,140,0.006163187589056656,0.03007451835226123,5.0,140
0:2,525,corner_vertical_R,acceleration,quantile_90,0.0930852785521572,0.3391477439114529,5.0,140,0.009692139470972848,0.046652064107124185,5.0,140
0:2,526,corner_vertical_R,acceleration,late_minus_early,0.04303982089762092,0.18359203181748507,5.0,140,-0.012671732289399107,-0.06674158756791601,5.0,140
0:2,527,corner_vertical_R,acceleration,slope_per_second,-0.0075663063114017135,-0.039012245968584804,5.0,140,-0.03979604899389343,-0.2366514092826051,5.0,140
0:2,528,corner_vertical_R,abs_velocity,mean,0.15255121510084227,0.47370126265370666,5.0,140,0.03574678952359756,0.15637441449121478,5.0,140
0:2,529,corner_vertical_R,abs_velocity,std,0.03647771103805664,0.1591646995235644,5.0,140,-0.03383558505776239,-0.19565885223756518,5.0,140
0:2,530,corner_vertical_R,abs_velocity,quantile_10,0.12204378296250235,0.4100450960055518,5.0,140,0.012477671765589324,0.059422539075689194,5.0,140
0:2,531,corner_vertical_R,abs_velocity,quantile_90,0.12664379881273014,0.4203036105066019,5.0,140,0.02543526245189936,0.11543212652529035,5.0,140
0:2,532,corner_vertical_R,abs_velocity,late_minus_early,0.03562676865821955,0.15591487111652022,5.0,140,-0.034703343383615526,-0.20148561483150396,5.0,140
0:2,533,corner_vertical_R,abs_velocity,slope_per_second,0.08336455897663889,0.3125878138956607,5.0,140,-0.01678044627101349,-0.0899391046050177,5.0,140
0:2,534,corner_vertical_R,baseline_robust_z,mean,0.02323921453788611,0.10631350343136722,5.0,140,-0.046776217033381355,-0.28771372345396684,5.0,140
0:2,535,corner_vertical_R,baseline_robust_z,std,0.13839260916151358,0.4454017851301428,5.0,140,0.03407925124690996,0.1499548589756459,5.0,140
0:2,536,corner_vertical_R,baseline_robust_z,quantile_10,0.11247238523369725,0.38786535821612583,5.0,140,0.00028247341743183675,0.0014107730636051946,5.0,140
0:2,537,corner_vertical_R,baseline_robust_z,quantile_90,0.049459101502496765,0.20645182119337085,5.0,140,-0.004029157476179379,-0.02047578807937968,5.0,140
0:2,538,corner_vertical_R,baseline_robust_z,late_minus_early,0.07985865519470747,0.302624525448517,5.0,140,-0.03805704721420669,-0.2244533653630738,5.0,140
0:2,539,corner_vertical_R,baseline_robust_z,slope_per_second,0.07684837170823806,0.2938991683918994,5.0,140,-0.031375609356878865,-0.17939220587752203,5.0,140
0:2,540,corner_vertical_L,value,mean,0.5626643706109157,0.8654624082201611,5.0,140,0.08588362252194935,0.3196182277253523,5.0,140
0:2,541,corner_vertical_L,value,std,0.059317253307188574,0.23971041330937146,5.0,140,-0.039007723568089736,-0.2310968689692653,5.0,140
0:2,542,corner_vertical_L,value,quantile_10,0.3925325367470382,0.7636433065598518,5.0,140,0.025080915184709483,0.11397062555152325,5.0,140
0:2,543,corner_vertical_L,value,quantile_90,0.5441479311317489,0.8564964879343666,5.0,140,0.07916989766235723,0.30064222998743406,5.0,140
0:2,544,corner_vertical_L,value,late_minus_early,0.18290366638030126,0.5281303918884529,5.0,140,-0.04271079067524069,-0.25755555978028405,5.0,140
0:2,545,corner_vertical_L,value,slope_per_second,0.16573763288653237,0.49832400225530965,5.0,140,-0.033361393507295924,-0.19249450760072317,5.0,140
0:2,546,corner_vertical_L,delta,mean,0.0630275746010952,0.251685393377141,5.0,140,-0.04287781528663113,-0.2587712619121936,5.0,140
0:2,547,corner_vertical_L,delta,std,0.05931725456899362,0.2397104174306692,5.0,140,-0.03900772735574678,-0.23109689555738114,5.0,140
0:2,548,corner_vertical_L,delta,quantile_10,0.05533071437237556,0.22651960549608868,5.0,140,-0.016970297064498662,-0.09103076158705266,5.0,140
0:2,549,corner_vertical_L,delta,quantile_90,0.04571308653819633,0.19323242958801096,5.0,140,-0.03307576598420767,-0.1905951525787093,5.0,140
0:2,550,corner_vertical_L,delta,late_minus_early,0.1829036676001575,0.5281303939225709,5.0,140,-0.04271079106766089,-0.25755556263424473,5.0,140
0:2,551,corner_vertical_L,delta,slope_per_second,0.1657376315500447,0.4983239998388681,5.0,140,-0.033361392294768366,-0.19249449952707295,5.0,140
0:2,552,corner_vertical_L,velocity,mean,0.21218761491788993,0.5738676461386416,5.0,140,-0.00787632379051262,-0.040662709621269964,5.0,140
0:2,553,corner_vertical_L,velocity,std,0.0254406127818586,0.1154541650780765,5.0,140,-0.056591051436405505,-0.3657473701236081,5.0,140
0:2,554,corner_vertical_L,velocity,quantile_10,0.053901023945911244,0.22170468219409745,5.0,140,-0.06043729469215853,-0.3985310203423917,5.0,140
0:2,555,corner_vertical_L,velocity,quantile_90,0.12401744314431358,0.4144774709627039,5.0,140,-0.0070272055654768024,-0.03615222427387085,5.0,140
0:2,556,corner_vertical_L,velocity,late_minus_early,0.1086561612905904,0.37869195143477197,5.0,140,0.0007182500802064965,0.0035809622952094797,5.0,140
0:2,557,corner_vertical_L,velocity,slope_per_second,0.12203348352446271,0.4100218425515674,5.0,140,0.02742640822950871,0.12357515099472548,5.0,140
0:2,558,corner_vertical_L,acceleration,mean,0.15509221983378726,0.47857071871629286,5.0,140,0.06271145147273535,0.2506761871742768,5.0,140
0:2,559,corner_vertical_L,acceleration,std,0.041859191255676644,0.1792781952299681,5.0,140,-0.026392763230787843,-0.14753974207254833,5.0,140
0:2,560,corner_vertical_L,acceleration,quantile_10,0.11249595907286064,0.38792142456079515,5.0,140,0.005504236845400366,0.026928305149450667,5.0,140
0:2,561,corner_vertical_L,acceleration,quantile_90,0.06189756478321551,0.2480684837433623,5.0,140,-0.008859009260026378,-0.04592235248371354,5.0,140
0:2,562,corner_vertical_L,acceleration,late_minus_early,0.09249754792481812,0.33758470858133827,5.0,140,0.02110365430151516,0.09730436111183959,5.0,140
0:2,563,corner_vertical_L,acceleration,slope_per_second,0.08980611330004858,0.33035792244837364,5.0,140,0.051457863211220506,0.2133708782011678,5.0,140
0:2,564,corner_vertical_L,abs_velocity,mean,0.08777816587921529,0.3248365893142258,5.0,140,-0.018847465628812166,-0.1019211495997847,5.0,140
0:2,565,corner_vertical_L,abs_velocity,std,0.0038091207004905267,0.01875977058063208,5.0,140,-0.07333477306596141,-0.5188823399110565,5.0,140
0:2,566,corner_vertical_L,abs_velocity,quantile_10,0.055911577077351365,0.228462982716791,5.0,140,-0.03415255173909554,-0.1977817667886779,5.0,140
0:2,567,corner_vertical_L,abs_velocity,quantile_90,0.052035828906330385,0.21535453713700026,5.0,140,-0.034873628585541654,-0.20263455124217888,5.0,140
0:2,568,corner_vertical_L,abs_velocity,late_minus_early,0.06869135966996594,0.2694274475353761,5.0,140,0.007168310197125413,0.03484250349328975,5.0,140
0:2,569,corner_vertical_L,abs_velocity,slope_per_second,0.09562195778596654,0.3458329094544334,5.0,140,-0.004451500789705387,-0.02266100589100423,5.0,140
0:2,570,corner_vertical_L,baseline_robust_z,mean,0.06713782110395727,0.26462399245795726,5.0,140,-0.03540287225087524,-0.2062170671982563,5.0,140
0:2,571,corner_vertical_L,baseline_robust_z,std,0.03686697767002543,0.16064491794012112,5.0,140,-0.035014377232467656,-0.2035855745940352,5.0,140
0:2,572,corner_vertical_L,baseline_robust_z,quantile_10,0.0561564875840396,0.22928016333732235,5.0,140,-0.017493708854987727,-0.09404965328484942,5.0,140
0:2,573,corner_vertical_L,baseline_robust_z,quantile_90,0.04431476812219171,0.1882116229034818,5.0,140,-0.025135821670103035,-0.13972780067055862,5.0,140
0:2,574,corner_vertical_L,baseline_robust_z,late_minus_early,0.14463010442072177,0.45811920707691756,5.0,140,-0.055223818251362924,-0.35440561671594983,5.0,140
0:2,575,corner_vertical_L,baseline_robust_z,slope_per_second,0.13020972766394562,0.42808520597293065,5.0,140,-0.033822227502452736,-0.195569525440205,5.0,140
0:2,576,inner_lip_aperture,value,mean,0.4656702136330518,0.813346365341077,5.0,140,0.011826205739193152,0.0564601894308343,5.0,140
0:2,577,inner_lip_aperture,value,std,0.2090652890744746,0.569268941831708,5.0,140,-0.040890258133101556,-0.24443061432743313,5.0,140
0:2,578,inner_lip_aperture,value,quantile_10,0.3856706503880347,0.7583932224820519,5.0,140,0.024883388548660373,0.11315429371724052,5.0,140
0:2,579,inner_lip_aperture,value,quantile_90,0.2852474137367139,0.6661578515282327,5.0,140,-0.0337985335598824,-0.19541110264187175,5.0,140
0:2,580,inner_lip_aperture,value,late_minus_early,0.3118292462013719,0.6937811806472012,5.0,140,-0.0010274872681121307,-0.005158638080354103,5.0,140
0:2,581,inner_lip_aperture,value,slope_per_second,0.28206280254540916,0.6626633199972112,5.0,140,-0.012659775861088025,-0.06667525441072324,5.0,140
0:2,582,inner_lip_aperture,delta,mean,0.13628602529133227,0.44101396493876194,5.0,140,-0.003171243848035353,-0.016059939173390513,5.0,140
0:2,583,inner_lip_aperture,delta,std,0.20906528951369824,0.5692689424830165,5.0,140,-0.0408902587867523,-0.2444306189988352,5.0,140
0:2,584,inner_lip_aperture,delta,quantile_10,0.10824741185105574,0.3776978153580509,5.0,140,-0.006152848028239219,-0.031540495647001454,5.0,140
0:2,585,inner_lip_aperture,delta,quantile_90,0.19046189064419622,0.5405175075579092,5.0,140,-0.013992086151068313,-0.07410814071273382,5.0,140
0:2,586,inner_lip_aperture,delta,late_minus_early,0.3118292462556058,0.6937811807008936,5.0,140,-0.0010274856280314216,-0.005158629812126285,5.0,140
0:2,587,inner_lip_aperture,delta,slope_per_second,0.2820628014462496,0.6626633187838644,5.0,140,-0.012659775167130856,-0.06667525056090708,5.0,140
0:2,588,inner_lip_aperture,velocity,mean,0.12425229321190645,0.4150017764271694,5.0,140,-0.0479883338769011,-0.29694036239260235,5.0,140
0:2,589,inner_lip_aperture,velocity,std,0.14949516726341364,0.4677627525743058,5.0,140,-0.04060970598699371,-0.24242829746726013,5.0,140
0:2,590,inner_lip_aperture,velocity,quantile_10,0.133168392844745,0.43443168634052476,5.0,140,-0.038655803987330296,-0.2286306219701732,5.0,140
0:2,591,inner_lip_aperture,velocity,quantile_90,0.2512522180264073,0.6265613622012209,5.0,140,-0.020561482966083528,-0.11202065825680464,5.0,140
0:2,592,inner_lip_aperture,velocity,late_minus_early,0.027080043892959104,0.12216706187355648,5.0,140,-0.05723607132517515,-0.3711539272327188,5.0,140
0:2,593,inner_lip_aperture,velocity,slope_per_second,-0.018197632223678963,-0.09813118173818046,5.0,140,-0.0758232429649092,-0.5441544286362024,5.0,140
0:2,594,inner_lip_aperture,acceleration,mean,0.06115486654845172,0.24567696476526482,5.0,140,-0.025439461782073913,-0.14160692470701397,5.0,140
0:2,595,inner_lip_aperture,acceleration,std,0.1425998757770878,0.45402420051341863,5.0,140,-0.03186369181813513,-0.1825904871345953,5.0,140
0:2,596,inner_lip_aperture,acceleration,quantile_10,0.2298005886249981,0.5986877519355372,5.0,140,0.0006881055129609023,0.003431083774162783,5.0,140
0:2,597,inner_lip_aperture,acceleration,quantile_90,0.17127053237329629,0.5081963940381012,5.0,140,-0.055361856439778756,-0.3555434679138942,5.0,140
0:2,598,inner_lip_aperture,acceleration,late_minus_early,0.03559448530529024,0.15579119668242639,5.0,140,-0.04052908597122462,-0.24185389985490466,5.0,140
0:2,599,inner_lip_aperture,acceleration,slope_per_second,-0.01496089453964808,-0.0795659860002094,5.0,140,-0.06652611140193695,-0.4532396401898635,5.0,140
0:2,600,inner_lip_aperture,abs_velocity,mean,0.23665048555849064,0.6078553617564602,5.0,140,-0.031961818404981995,-0.18323521464893916,5.0,140
0:2,601,inner_lip_aperture,abs_velocity,std,0.09891245056738024,0.35435984874764004,5.0,140,-0.04618009311353639,-0.28321628281419947,5.0,140
0:2,602,inner_lip_aperture,abs_velocity,quantile_10,0.2063641943087664,0.5652398810048426,5.0,140,-0.03488181479043027,-0.2026898304555711,5.0,140
0:2,603,inner_lip_aperture,abs_velocity,quantile_90,0.18520340692739545,0.5319449594701035,5.0,140,-0.0332274198467606,-0.1916029913888999,5.0,140
0:2,604,inner_lip_aperture,abs_velocity,late_minus_early,0.045566981462182216,0.19271004679193382,5.0,140,-0.05347468924811672,-0.34012596802117173,5.0,140
0:2,605,inner_lip_aperture,abs_velocity,slope_per_second,0.04082715021602811,0.17547858833718527,5.0,140,-0.040977124931841025,-0.2450516774687881,5.0,140
0:2,606,inner_lip_aperture,baseline_robust_z,mean,0.09829344144689826,0.35276806045558406,5.0,140,-0.014147800991179698,-0.07498234620366315,5.0,140
0:2,607,inner_lip_aperture,baseline_robust_z,std,0.09537496927470492,0.3451863111091782,5.0,140,0.009475363585339524,0.04564674009129554,5.0,140
0:2,608,inner_lip_aperture,baseline_robust_z,quantile_10,0.012452312179275575,0.05930749893131856,5.0,140,-0.04607271126140925,-0.28240893817102564,5.0,140
0:2,609,inner_lip_aperture,baseline_robust_z,quantile_90,0.11817699888995395,0.4012234578961178,5.0,140,0.0022407991058673725,0.011104464036995916,5.0,140
0:2,610,inner_lip_aperture,baseline_robust_z,late_minus_early,0.2960605162913527,0.6777191068081831,5.0,140,-0.005378703652254317,-0.027484849707280427,5.0,140
0:2,611,inner_lip_aperture,baseline_robust_z,slope_per_second,0.23773704814211088,0.6092859078670039,5.0,140,-0.03491389383782747,-0.20290649208358666,5.0,140
0:2,612,outer_mouth_open,value,mean,0.3236337685482219,0.705227329466867,5.0,140,0.09984750284203583,0.3567536642069419,5.0,140
0:2,613,outer_mouth_open,value,std,0.2966405884373896,0.6783263873740091,5.0,140,-0.03451736581447434,-0.2002328745941754,5.0,140
0:2,614,outer_mouth_open,value,quantile_10,0.25223717173462346,0.6277840080599977,5.0,140,0.04082608763950265,0.1754746624128041,5.0,140
0:2,615,outer_mouth_open,value,quantile_90,0.40075338980114544,0.7697873650792776,5.0,140,0.10245071787931866,0.36335121721329006,5.0,140
0:2,616,outer_mouth_open,value,late_minus_early,0.18736188384052718,0.5354887187335576,5.0,140,-0.06278434319936389,-0.4191980005324973,5.0,140
0:2,617,outer_mouth_open,value,slope_per_second,0.16253804141697203,0.49249410084307543,5.0,140,-0.058390331375806674,-0.3809197873146503,5.0,140
0:2,618,outer_mouth_open,delta,mean,0.010429631104402648,0.05005973715516627,5.0,140,-0.06682322460086931,-0.456002299249357,5.0,140
0:2,619,outer_mouth_open,delta,std,0.2966405893637091,0.6783263883427487,5.0,140,-0.03451736320693387,-0.20023285704500773,5.0,140
0:2,620,outer_mouth_open,delta,quantile_10,0.09950334187887262,0.35587407170400354,5.0,140,-0.010448579940867606,-0.05452159257858089,5.0,140
0:2,621,outer_mouth_open,delta,quantile_90,0.15813263795560722,0.48431754547895095,5.0,140,-0.04481912215332429,-0.273046412899744,5.0,140
0:2,622,outer_mouth_open,delta,late_minus_early,0.18736188702418524,0.5354887239346501,5.0,140,-0.06278434363282233,-0.4191980043971737,5.0,140
0:2,623,outer_mouth_open,delta,slope_per_second,0.16253804691643386,0.49249411094123435,5.0,140,-0.05839032864894745,-0.3809197641045031,5.0,140
0:2,624,outer_mouth_open,velocity,mean,0.09311185968209641,0.33921830831047123,5.0,140,-0.05939230926930571,-0.38949313273788544,5.0,140
0:2,625,outer_mouth_open,velocity,std,0.14858739988743916,0.46598123751967624,5.0,140,-0.02171997779918088,-0.11893275630178503,5.0,140
0:2,626,outer_mouth_open,velocity,quantile_10,0.15828804335758312,0.4846089847987317,5.0,140,-0.034469663240967896,-0.1999118996384357,5.0,140
0:2,627,outer_mouth_open,velocity,quantile_90,0.20531299314048893,0.5636589451477027,5.0,140,-0.0089802185246432,-0.0465740740742964,5.0,140
0:2,628,outer_mouth_open,velocity,late_minus_early,0.060438979457145624,0.24336094795035593,5.0,140,-0.041944417569577515,-0.2520024762109212,5.0,140
0:2,629,outer_mouth_open,velocity,slope_per_second,0.0014270213915808674,0.007094610315165651,5.0,140,-0.0721751642273193,-0.507347328015975,5.0,140
0:2,630,outer_mouth_open,acceleration,mean,0.04457790844870211,0.18916009640478912,5.0,140,-0.02988121762875545,-0.16968802768020294,5.0,140
0:2,631,outer_mouth_open,acceleration,std,0.16762692786143954,0.5017244958311659,5.0,140,0.005231266387055793,0.025620227005821786,5.0,140
0:2,632,outer_mouth_open,acceleration,quantile_10,0.17047824460907915,0.5067986477147399,5.0,140,0.031635214410391965,0.14040864206479298,5.0,140
0:2,633,outer_mouth_open,acceleration,quantile_90,0.17952012442671167,0.5224438688010266,5.0,140,-0.03379827147178078,-0.1954093504586004,5.0,140
0:2,634,outer_mouth_open,acceleration,late_minus_early,-0.005410704509134184,-0.027651989523271303,5.0,140,-0.06565338996801383,-0.4451762766116383,5.0,140
0:2,635,outer_mouth_open,acceleration,slope_per_second,-0.035296454463604236,-0.2054952933789635,5.0,140,-0.0988665109803537,-0.817708500790167,5.0,140
0:2,636,outer_mouth_open,abs_velocity,mean,0.24788678476909695,0.6223472693798713,5.0,140,0.022091806020569964,0.10149058852446588,5.0,140
0:2,637,outer_mouth_open,abs_velocity,std,0.08790194074958606,0.3251754804758906,5.0,140,-0.04025388540510845,-0.2398964903524895,5.0,140
0:2,638,outer_mouth_open,abs_velocity,quantile_10,0.15443463960292358,0.477316432868326,5.0,140,0.014390036730401009,0.06803412918068162,5.0,140
0:2,639,outer_mouth_open,abs_velocity,quantile_90,0.2299023986264767,0.5988259260749628,5.0,140,0.02286440420904125,0.10474251980264182,5.0,140
0:2,640,outer_mouth_open,abs_velocity,late_minus_early,0.07396162702458489,0.2853795822358772,5.0,140,-0.02030418084321,-0.1104949412975079,5.0,140
0:2,641,outer_mouth_open,abs_velocity,slope_per_second,0.03656234632982409,0.1594868743141763,5.0,140,-0.03142846970921488,-0.17973789671625345,5.0,140
0:2,642,outer_mouth_open,baseline_robust_z,mean,0.005100134415454565,0.024990845394599615,5.0,140,-0.03661427616179182,-0.21448410127446738,5.0,140
0:2,643,outer_mouth_open,baseline_robust_z,std,0.06958346672636727,0.2721646845468143,5.0,140,-0.020183498512315077,-0.10978051174339108,5.0,140
0:2,644,outer_mouth_open,baseline_robust_z,quantile_10,0.012983226437805341,0.061711285799799044,5.0,140,-0.04774891862358204,-0.29510916764095396,5.0,140
0:2,645,outer_mouth_open,baseline_robust_z,quantile_90,0.0759023718938904,0.2911238857084908,5.0,140,0.0076885819967789145,0.03729589965337997,5.0,140
0:2,646,outer_mouth_open,baseline_robust_z,late_minus_early,0.09027634711873406,0.3316287918743936,5.0,140,-0.06463990555545014,-0.4359076433708002,5.0,140
0:2,647,outer_mouth_open,baseline_robust_z,slope_per_second,0.06888405656204029,0.2700199929431036,5.0,140,-0.05911942546608572,-0.38714930533424846,5.0,140
0:2,648,lowerlip_chin_gap,value,mean,0.27603919814563904,0.6559378063429384,5.0,140,-0.005565481530394277,-0.028461004429936508,5.0,140
0:2,649,lowerlip_chin_gap,value,std,0.1635934821169979,0.4944271645663904,5.0,140,-0.006137247914335477,-0.031458514378712776,5.0,140
0:2,650,lowerlip_chin_gap,value,quantile_10,0.43122473877826845,0.7912673935470281,5.0,140,-0.0053074370229893655,-0.02711278266090994,5.0,140
0:2,651,lowerlip_chin_gap,value,quantile_90,0.07199812728897681,0.2794974612708003,5.0,140,-0.0265838299320624,-0.14873492552026696,5.0,140
0:2,652,lowerlip_chin_gap,value,late_minus_early,0.16313871865795052,0.49359546591243664,5.0,140,-0.00795017951307745,-0.041056524526047834,5.0,140
0:2,653,lowerlip_chin_gap,value,slope_per_second,0.15707125427381533,0.4823211312047159,5.0,140,-0.002411080064024427,-0.012172798689092752,5.0,140
0:2,654,lowerlip_chin_gap,delta,mean,0.03736476825164617,0.16253196450880564,5.0,140,-0.03720880894374584,-0.21857582989601532,5.0,140
0:2,655,lowerlip_chin_gap,delta,std,0.16359348365891097,0.4944271673832327,5.0,140,-0.006137243699506495,-0.031458492230482485,5.0,140
0:2,656,lowerlip_chin_gap,delta,quantile_10,0.10027963654665362,0.3578556461891891,5.0,140,-0.013127952042006492,-0.0692776551474669,5.0,140
0:2,657,lowerlip_chin_gap,delta,quantile_90,0.05699091964146942,0.23205458205420357,5.0,140,-0.009496680022843446,-0.04935836241130403,5.0,140
0:2,658,lowerlip_chin_gap,delta,late_minus_early,0.16313871952319178,0.4935954674965835,5.0,140,-0.007950179588241962,-0.04105652492696379,5.0,140
0:2,659,lowerlip_chin_gap,delta,slope_per_second,0.15707125790177126,0.48232113804652815,5.0,140,-0.002411080079017167,-0.01217279876552359,5.0,140
0:2,660,lowerlip_chin_gap,velocity,mean,0.23516204547492478,0.6058853110735528,5.0,140,0.050010357512140384,0.2083692956755528,5.0,140
0:2,661,lowerlip_chin_gap,velocity,std,0.12696433526655113,0.42100910944524356,5.0,140,-0.03419600094131388,-0.19807325797061898,5.0,140
0:2,662,lowerlip_chin_gap,velocity,quantile_10,0.18281189852664542,0.5279773359655883,5.0,140,0.04378181885255739,0.18628543379385623,5.0,140
0:2,663,lowerlip_chin_gap,velocity,quantile_90,0.08200150190687264,0.30873919784960147,5.0,140,-0.02881155714251967,-0.1628224601741737,5.0,140
0:2,664,lowerlip_chin_gap,velocity,late_minus_early,0.13300871168363457,0.434091665627373,5.0,140,0.02834131703234621,0.12727771309034877,5.0,140
0:2,665,lowerlip_chin_gap,velocity,slope_per_second,0.14917037461510013,0.4671262702014698,5.0,140,0.09106590289079358,0.3337547894664221,5.0,140
0:2,666,lowerlip_chin_gap,acceleration,mean,0.056059075026256684,0.22895528837630202,5.0,140,-0.06023672557214575,-0.3967886156697238,5.0,140
0:2,667,lowerlip_chin_gap,acceleration,std,0.1240159602072224,0.41447415819672423,5.0,140,-0.012325661244695365,-0.06482431648513563,5.0,140
0:2,668,lowerlip_chin_gap,acceleration,quantile_10,0.1386536317331592,0.4459421590724889,5.0,140,0.024822572062388294,0.1129027169971379,5.0,140
0:2,669,lowerlip_chin_gap,acceleration,quantile_90,0.08510250884268518,0.31744953632470707,5.0,140,-0.025120883999408313,-0.13963548753534666,5.0,140
0:2,670,lowerlip_chin_gap,acceleration,late_minus_early,0.06237583470824581,0.24960251313335374,5.0,140,-0.05429951943311133,-0.34682796431963947,5.0,140
0:2,671,lowerlip_chin_gap,acceleration,slope_per_second,0.037360538495868845,0.16251595770345287,5.0,140,-0.02983528997872931,-0.1693918724295486,5.0,140
0:2,672,lowerlip_chin_gap,abs_velocity,mean,0.15392670615846035,0.4763447916776112,5.0,140,-0.011929232819828809,-0.06263490978504305,5.0,140
0:2,673,lowerlip_chin_gap,abs_velocity,std,0.14628339587514932,0.46142292800363915,5.0,140,-0.028443035557592634,-0.1604724750425655,5.0,140
0:2,674,lowerlip_chin_gap,abs_velocity,quantile_10,0.06523089216974627,0.2586631489412394,5.0,140,-0.03205636146528906,-0.18385694623167212,5.0,140
0:2,675,lowerlip_chin_gap,abs_velocity,quantile_90,0.1692344660318938,0.5045937289988315,5.0,140,0.03360021385466846,0.14809674064582581,5.0,140
0:2,676,lowerlip_chin_gap,abs_velocity,late_minus_early,0.14027278239662358,0.44927800734406637,5.0,140,0.03703956756952134,0.16129992061351575,5.0,140
0:2,677,lowerlip_chin_gap,abs_velocity,slope_per_second,0.18462544070185882,0.5309900877055044,5.0,140,0.10989134258229939,0.3816823634663066,5.0,140
0:2,678,lowerlip_chin_gap,baseline_robust_z,mean,0.08236693810271453,0.3097741105542058,5.0,140,-0.0012669397364224629,-0.0063669649255707695,5.0,140
0:2,679,lowerlip_chin_gap,baseline_robust_z,std,0.054921585164341286,0.2251463484240572,5.0,140,-0.03242713645820734,-0.18630044166777804,5.0,140
0:2,680,lowerlip_chin_gap,baseline_robust_z,quantile_10,0.10499848103180894,0.3697145433081471,5.0,140,0.021491934344654035,0.0989529136313605,5.0,140
0:2,681,lowerlip_chin_gap,baseline_robust_z,quantile_90,0.0028659861189100667,0.014167514989354571,5.0,140,-0.053549612450268395,-0.34073241797952847,5.0,140
0:2,682,lowerlip_chin_gap,baseline_robust_z,late_minus_early,0.15859402872644646,0.4851821660878489,5.0,140,0.028500792840551337,0.1279206090845348,5.0,140
0:2,683,lowerlip_chin_gap,baseline_robust_z,slope_per_second,0.1332332672336235,0.43456974715220553,5.0,140,-0.0019474012453918501,-0.009813449119103779,5.0,140
0:2,684,jaw_open,value,mean,0.3593047495807996,0.7371203610098241,5.0,140,0.11133782757174576,0.38515835831511086,5.0,140
0:2,685,jaw_open,value,std,0.3173963839944013,0.6992386472398041,5.0,140,-0.01386987509249204,-0.07342283782048596,5.0,140
0:2,686,jaw_open,value,quantile_10,0.27379338647244916,0.6533907107827962,5.0,140,0.0814764553911446,0.3072482753526257,5.0,140
0:2,687,jaw_open,value,quantile_90,0.4505493391262102,0.8039214976781238,5.0,140,0.09584802287792554,0.34642392227783947,5.0,140
0:2,688,jaw_open,value,late_minus_early,0.17656061240407536,0.517396025529022,5.0,140,-0.02405901664611482,-0.1331045406690994,5.0,140
0:2,689,jaw_open,value,slope_per_second,0.16258528972802627,0.492580848662835,5.0,140,-0.03818088085555668,-0.2253153599269788,5.0,140
0:2,690,jaw_open,delta,mean,-0.010450792786428936,-0.05453364314994105,5.0,140,-0.06984668259508903,-0.48463361375482084,5.0,140
0:2,691,jaw_open,delta,std,0.31739637510776675,0.6992386386137094,5.0,140,-0.013869883760223115,-0.07342288639994478,5.0,140
0:2,692,jaw_open,delta,quantile_10,0.12430698163362455,0.41512377451223137,5.0,140,-0.064834596245106,-0.43768027754072547,5.0,140
0:2,693,jaw_open,delta,quantile_90,0.10371446130388895,0.3665190169267072,5.0,140,-0.035143283769932074,-0.20445767525077477,5.0,140
0:2,694,jaw_open,delta,late_minus_early,0.17656061063040795,0.5173960224828059,5.0,140,-0.024059018655980917,-0.13310455297255544,5.0,140
0:2,695,jaw_open,delta,slope_per_second,0.1625852874655826,0.4925808445094678,5.0,140,-0.03818088630101573,-0.22531539785447857,5.0,140
0:2,696,jaw_open,velocity,mean,0.1365730545444161,0.4416146344750092,5.0,140,-0.0307456200859248,-0.17528509634547476,5.0,140
0:2,697,jaw_open,velocity,std,0.10523914033982905,0.3703108990156431,5.0,140,-0.06387388384506285,-0.42896911221134226,5.0,140
0:2,698,jaw_open,velocity,quantile_10,0.12189765501590873,0.40971505658826446,5.0,140,-0.04524231187571353,-0.27619421943421585,5.0,140
0:2,699,jaw_open,velocity,quantile_90,0.2267624403608371,0.5945372924857824,5.0,140,-0.03569541023828689,-0.20820488654709218,5.0,140
0:2,700,jaw_open,velocity,late_minus_early,0.10696105197215951,0.3745543504719029,5.0,140,-0.014392803694481204,-0.07636016598903898,5.0,140
0:2,701,jaw_open,velocity,slope_per_second,0.0901379156795997,0.331255027462548,5.0,140,0.0073146532081238246,0.035533602133258194,5.0,140
0:2,702,jaw_open,acceleration,mean,0.09005932691972737,0.3310427026641527,5.0,140,0.0017533550983625647,0.008705718627252808,5.0,140
0:2,703,jaw_open,acceleration,std,0.17488476286763074,0.5145064560779349,5.0,140,-0.028443099050734454,-0.16047287925172582,5.0,140
0:2,704,jaw_open,acceleration,quantile_10,0.19875691974896917,0.5536319079496091,5.0,140,0.0067054354706698,0.03265140967104657,5.0,140
0:2,705,jaw_open,acceleration,quantile_90,0.1687171860194606,0.5036728597868537,5.0,140,-0.020447282599955287,-0.11134306550334538,5.0,140
0:2,706,jaw_open,acceleration,late_minus_early,0.030274408754443868,0.13502128542963102,5.0,140,-0.05207802585669537,-0.3289050273606083,5.0,140
0:2,707,jaw_open,acceleration,slope_per_second,-0.0010587795906217585,-0.005316413593943076,5.0,140,-0.06644685552498064,-0.45250420331278846,5.0,140
0:2,708,jaw_open,abs_velocity,mean,0.2198933284383124,0.5849554439544996,5.0,140,-0.02937174041214176,-0.1664096683886351,5.0,140
0:2,709,jaw_open,abs_velocity,std,0.04815943772015085,0.2019030409048831,5.0,140,-0.07768518708801198,-0.5635411269582108,5.0,140
0:2,710,jaw_open,abs_velocity,quantile_10,0.16057985140466827,0.4888813066913032,5.0,140,-0.033657370304107384,-0.19446797396922363,5.0,140
0:2,711,jaw_open,abs_velocity,quantile_90,0.19884726773284692,0.5537720791340554,5.0,140,-0.029183371937903876,-0.16520139467088266,5.0,140
0:2,712,jaw_open,abs_velocity,late_minus_early,0.049668211563363054,0.20718001462452837,5.0,140,-0.04981070600052512,-0.31102253900160975,5.0,140
0:2,713,jaw_open,abs_velocity,slope_per_second,0.05617167233882325,0.22933078650668393,5.0,140,-0.013481875469140849,-0.0712518094325887,5.0,140
0:2,714,jaw_open,baseline_robust_z,mean,-0.00627978551663069,-0.03220796400671149,5.0,140,-0.04688414171209427,-0.28853078058064857,5.0,140
0:2,715,jaw_open,baseline_robust_z,std,0.012735682676028651,0.06059170639819712,5.0,140,-0.05447965308397674,-0.34829912809135893,5.0,140
0:2,716,jaw_open,baseline_robust_z,quantile_10,-0.0026362991264920915,-0.013321978513736092,5.0,140,-0.057433367040397816,-0.3728148937181561,5.0,140
0:2,717,jaw_open,baseline_robust_z,quantile_90,0.032038882142391895,0.14199674305108997,5.0,140,-0.022274820829719225,-0.12226810464524487,5.0,140
0:2,718,jaw_open,baseline_robust_z,late_minus_early,0.06174171997629439,0.24756760171925893,5.0,140,-0.07659654970110945,-0.5521556056776997,5.0,140
0:2,719,jaw_open,baseline_robust_z,slope_per_second,0.04733549500091788,0.19899867236155136,5.0,140,-0.08815504879706426,-0.680860355403731,5.0,140
2:4,0,inner_brow_R,value,mean,0.5658379210476818,0.8669582316072117,5.0,140,0.06560356444724633,0.259833743331391,5.0,140
2:4,1,inner_brow_R,value,std,0.31753494016926087,0.6993731083643936,5.0,140,-0.01853474392856526,-0.10009463322459218,5.0,140
2:4,2,inner_brow_R,value,quantile_10,0.49154243668155767,0.8285810972620066,5.0,140,0.07525262186044362,0.28920835991266935,5.0,140
2:4,3,inner_brow_R,value,quantile_90,0.6059029215188584,0.8848884994510273,5.0,140,0.043163332232971016,0.18404131540003604,5.0,140
2:4,4,inner_brow_R,value,late_minus_early,0.12187766104838356,0.40966987874718874,5.0,140,0.045664408946516036,0.19305844550762474,5.0,140
2:4,5,inner_brow_R,value,slope_per_second,0.12131611956409001,0.4083990472407655,5.0,140,0.046501812126215535,0.1960435409852594,5.0,140
2:4,6,inner_brow_R,delta,mean,0.2496461517973349,0.6245573765036113,5.0,140,0.07932378154588547,0.30108583858387816,5.0,140
2:4,7,inner_brow_R,delta,std,0.3175349405743166,0.6993731087573818,5.0,140,-0.018534745087967083,-0.10009463998717168,5.0,140
2:4,8,inner_brow_R,delta,quantile_10,0.24599776355996447,0.6199568365851719,5.0,140,0.05817663718822643,0.23597115326061213,5.0,140
2:4,9,inner_brow_R,delta,quantile_90,0.2586061124770017,0.6355756108040665,5.0,140,0.08600547880236044,0.31995564145603245,5.0,140
2:4,10,inner_brow_R,delta,late_minus_early,0.12187765853268571,0.4096698730624787,5.0,140,0.04566440518757398,0.19305843207015314,5.0,140
2:4,11,inner_brow_R,delta,slope_per_second,0.12131611809797739,0.40839904391777,5.0,140,0.04650180997623806,0.19604353334286878,5.0,140
2:4,12,inner_brow_R,velocity,mean,0.12246900443861994,0.4110040130158062,5.0,140,0.037377495262810465,0.16258012491822063,5.0,140
2:4,13,inner_brow_R,velocity,std,0.47335954477406533,0.8179880050554852,5.0,140,0.04736372244469091,0.19909843934266594,5.0,140
2:4,14,inner_brow_R,velocity,quantile_10,0.44558798938545596,0.8007397988914527,5.0,140,0.033702561110295494,0.14849425829289964,5.0,140
2:4,15,inner_brow_R,velocity,quantile_90,0.34655775784787335,0.7261613676312465,5.0,140,0.0015216256117810342,0.007562101310771759,5.0,140
2:4,16,inner_brow_R,velocity,late_minus_early,0.09562918226933674,0.345851808726962,5.0,140,0.04443198900778376,0.1886343479419331,5.0,140
2:4,17,inner_brow_R,velocity,slope_per_second,0.06559529771760028,0.2598078068335797,5.0,140,0.009829146807804032,0.047286586823314825,5.0,140
2:4,18,inner_brow_R,acceleration,mean,-0.01060826314649231,-0.055391757073176895,5.0,140,-0.07569538302689313,-0.5428383391486126,5.0,140
2:4,19,inner_brow_R,acceleration,std,0.539256607920734,0.854057797091786,5.0,140,0.1524420213861525,0.47349063121281526,5.0,140
2:4,20,inner_brow_R,acceleration,quantile_10,0.5009868715381676,0.833880874828159,5.0,140,0.13085752021217284,0.4294831835645293,5.0,140
2:4,21,inner_brow_R,acceleration,quantile_90,0.4451288897651998,0.8004430838638341,5.0,140,0.09318700266400622,0.33941772976772666,5.0,140
2:4,22,inner_brow_R,acceleration,late_minus_early,-0.01299097286749294,-0.06851517969941048,5.0,140,-0.06510603680752487,-0.44015794028216393,5.0,140
2:4,23,inner_brow_R,acceleration,slope_per_second,-0.006820478072835243,-0.035058863194893417,5.0,140,-0.05285180403040118,-0.3351020013806718,5.0,140
2:4,24,inner_brow_R,abs_velocity,mean,0.4791159936997739,0.82139878606383,5.0,140,0.05647528036771557,0.23034190677611638,5.0,140
2:4,25,inner_brow_R,abs_velocity,std,0.4173885427065306,0.7817570200820558,5.0,140,0.02885329374002604,0.12933903950461254,5.0,140
2:4,26,inner_brow_R,abs_velocity,quantile_10,0.2854669092685529,0.6663971767613528,5.0,140,0.021521228924320637,0.09907710075553204,5.0,140
2:4,27,inner_brow_R,abs_velocity,quantile_90,0.44835954312416937,0.8025227612670611,5.0,140,-0.008528202253174815,-0.04414698907259316,5.0,140
2:4,28,inner_brow_R,abs_velocity,late_minus_early,0.04064911252693224,0.17482038811990866,5.0,140,-0.036198518048801955,-0.21163626719542902,5.0,140
2:4,29,inner_brow_R,abs_velocity,slope_per_second,0.04968695151973171,0.2072452240069429,5.0,140,-0.020289643288110157,-0.1104088403900204,5.0,140
2:4,30,inner_brow_R,baseline_robust_z,mean,0.17935117122175742,0.5221575695001528,5.0,140,0.030498833683208673,0.13591337120163222,5.0,140
2:4,31,inner_brow_R,baseline_robust_z,std,0.028557547554210104,0.12814922717473898,5.0,140,-0.040401906549945424,-0.24094867637460676,5.0,140
2:4,32,inner_brow_R,baseline_robust_z,quantile_10,0.16487012149336203,0.49675221518694007,5.0,140,0.016392554408901226,0.0769191656147949,5.0,140
2:4,33,inner_brow_R,baseline_robust_z,quantile_90,0.17001868605681902,0.505985482613205,5.0,140,0.030687271942547778,0.1366613087323611,5.0,140
2:4,34,inner_brow_R,baseline_robust_z,late_minus_early,0.01612096591061704,0.07572198349467722,5.0,140,-0.034374429260681454,-0.19927152623191527,5.0,140
2:4,35,inner_brow_R,baseline_robust_z,slope_per_second,0.03241848582852902,0.14348602984248335,5.0,140,-0.015674910167233866,-0.08361732720566108,5.0,140
2:4,36,inner_brow_L,value,mean,0.6088938834971784,0.8861599424511135,5.0,140,0.07269569342353167,0.2815953811324963,5.0,140
2:4,37,inner_brow_L,value,std,0.2587849650204539,0.635791598642391,5.0,140,0.0024088586571710782,0.01192934882508848,5.0,140
2:4,38,inner_brow_L,value,quantile_10,0.5188178568193106,0.8435318135132175,5.0,140,0.08537446832412876,0.31820575352212355,5.0,140
2:4,39,inner_brow_L,value,quantile_90,0.6555578141961235,0.9049088361879901,5.0,140,0.048134214438344834,0.201814367939222,5.0,140
2:4,40,inner_brow_L,value,late_minus_early,0.13436433668413253,0.436969314853969,5.0,140,0.044398394225199665,0.1885132319677208,5.0,140
2:4,41,inner_brow_L,value,slope_per_second,0.12755265095899954,0.4223008719280955,5.0,140,0.03925968320863895,0.16965587276607041,5.0,140
2:4,42,inner_brow_L,delta,mean,0.25365336190667065,0.6295335767898483,5.0,140,0.08148497494642643,0.30727250518517385,5.0,140
2:4,43,inner_brow_L,delta,std,0.25878496248905447,0.6357915955864697,5.0,140,0.0024088550030139924,0.01192933090137244,5.0,140
2:4,44,inner_brow_L,delta,quantile_10,0.23962165015333145,0.6117520795860711,5.0,140,0.06407838055373381,0.25502543521445525,5.0,140
2:4,45,inner_brow_L,delta,quantile_90,0.2672309955330411,0.6458212042610713,5.0,140,0.08699016109331197,0.32267322290317757,5.0,140
2:4,46,inner_brow_L,delta,late_minus_early,0.1343643407662136,0.43696932348863365,5.0,140,0.04439839441170776,0.18851323264019684,5.0,140
2:4,47,inner_brow_L,delta,slope_per_second,0.12755265141993363,0.4223008729385897,5.0,140,0.03925968247791828,0.16965587003693175,5.0,140
2:4,48,inner_brow_L,velocity,mean,0.13280647652126337,0.43366062444964437,5.0,140,0.04083111425393701,0.17549323410031376,5.0,140
2:4,49,inner_brow_L,velocity,std,0.38043031318670756,0.7543068306465613,5.0,140,0.004150887142131948,0.02041546652073359,5.0,140
2:4,50,inner_brow_L,velocity,quantile_10,0.35728107274437104,0.7354112633746717,5.0,140,-0.018577439577200743,-0.10034371510312427,5.0,140
2:4,51,inner_brow_L,velocity,quantile_90,0.2574233856204162,0.634143480856893,5.0,140,-0.03733112244041957,-0.2194204605112062,5.0,140
2:4,52,inner_brow_L,velocity,late_minus_early,0.10570222274622143,0.37145615063261606,5.0,140,0.0441426036148407,0.18759014790935546,5.0,140
2:4,53,inner_brow_L,velocity,slope_per_second,0.08913235333869356,0.3285308540353142,5.0,140,0.024890372248352027,0.11318317573643781,5.0,140
2:4,54,inner_brow_L,acceleration,mean,-0.00807080009700833,-0.041700216944898255,5.0,140,-0.07955291535491918,-0.5834135819965102,5.0,140
2:4,55,inner_brow_L,acceleration,std,0.46339442688049814,0.8119534044210477,5.0,140,0.059688350113412385,0.24092103437033408,5.0,140
2:4,56,inner_brow_L,acceleration,quantile_10,0.421974913577363,0.7849528774275849,5.0,140,-0.007569771907605527,-0.039030672696891124,5.0,140
2:4,57,inner_brow_L,acceleration,quantile_90,0.39561729704101,0.7659671194804593,5.0,140,0.03081780733356461,0.13717883325396724,5.0,140
2:4,58,inner_brow_L,acceleration,late_minus_early,-0.0038105008204432082,-0.01934739719373674,5.0,140,-0.05058210992740098,-0.31706100885047434,5.0,140
2:4,59,inner_brow_L,acceleration,slope_per_second,0.0005559270781563176,0.0027734680069198005,5.0,140,-0.04628760325701621,-0.28402544467762264,5.0,140
2:4,60,inner_brow_L,abs_velocity,mean,0.3869178314767044,0.7593558626307201,5.0,140,-0.010356267570404679,-0.054019082125625985,5.0,140
2:4,61,inner_brow_L,abs_velocity,std,0.3296936902658133,0.7109221986585605,5.0,140,0.017438135900706236,0.08150546593689907,5.0,140
2:4,62,inner_brow_L,abs_velocity,quantile_10,0.1928278476060256,0.5443081567940946,5.0,140,-0.046640044079203684,-0.2866840466945766,5.0,140
2:4,63,inner_brow_L,abs_velocity,quantile_90,0.34901483639773395,0.7283100834709438,5.0,140,-0.043883280386421294,-0.2661312511952713,5.0,140
2:4,64,inner_brow_L,abs_velocity,late_minus_early,0.06465652438593555,0.2568535822994425,5.0,140,-0.0014067414020484698,-0.007073509404390087,5.0,140
2:4,65,inner_brow_L,abs_velocity,slope_per_second,0.055064998338028616,0.22562813924089384,5.0,140,-0.010473215041880488,-0.05465576137816746,5.0,140
2:4,66,inner_brow_L,baseline_robust_z,mean,0.1887898494889021,0.537813972077985,5.0,140,0.039553382047911916,0.1707516838871143,5.0,140
2:4,67,inner_brow_L,baseline_robust_z,std,0.030925626808972553,0.13760593488860381,5.0,140,-0.03412606372364137,-0.19760412206475034,5.0,140
2:4,68,inner_brow_L,baseline_robust_z,quantile_10,0.17189928437804503,0.5093018960421304,5.0,140,0.026436086535685653,0.11953977710989339,5.0,140
2:4,69,inner_brow_L,baseline_robust_z,quantile_90,0.1829817263657177,0.5282605339421481,5.0,140,0.03899650227830779,0.16867203396441802,5.0,140
2:4,70,inner_brow_L,baseline_robust_z,late_minus_early,0.03157745003054866,0.14018101426056484,5.0,140,-0.02285109775250543,-0.12574954977994768,5.0,140
2:4,71,inner_brow_L,baseline_robust_z,slope_per_second,0.03768733980905674,0.16375129608618902,5.0,140,-0.017810328526846032,-0.09588243317331023,5.0,140
2:4,72,outer_brow_R,value,mean,0.6333931377921512,0.8962503650628013,5.0,140,0.0887933430663704,0.3276087948729839,5.0,140
2:4,73,outer_brow_R,value,std,0.2709526872748649,0.6501374642393987,5.0,140,-0.020796238103747915,-0.1134156674158408,5.0,140
2:4,74,outer_brow_R,value,quantile_10,0.5447259612982505,0.8567826958999736,5.0,140,0.08560874016676907,0.31885619294445666,5.0,140
2:4,75,outer_brow_R,value,quantile_90,0.6687586958208965,0.9098671648807785,5.0,140,0.08075244739080668,0.3051846177852773,5.0,140
2:4,76,outer_brow_R,value,late_minus_early,0.11600077129266205,0.39617666269856494,5.0,140,0.007501221919397211,0.03641352584408918,5.0,140
2:4,77,outer_brow_R,value,slope_per_second,0.11431935678782386,0.3922360789300662,5.0,140,0.007733670108467833,0.0375080509718283,5.0,140
2:4,78,outer_brow_R,delta,mean,0.2996363897243245,0.6814423028709263,5.0,140,0.08313247527661173,0.31193474610807564,5.0,140
2:4,79,outer_brow_R,delta,std,0.2709527004007316,0.6501374793534689,5.0,140,-0.020796233633880997,-0.11341564082689472,5.0,140
2:4,80,outer_brow_R,delta,quantile_10,0.2885837538339437,0.6697745517285876,5.0,140,0.05730725025582732,0.23310241707655835,5.0,140
2:4,81,outer_brow_R,delta,quantile_90,0.3022461351003335,0.684129131672014,5.0,140,0.09188627642964436,0.3359533665303225,5.0,140
2:4,82,outer_brow_R,delta,late_minus_early,0.11600077303957647,0.3961766667738467,5.0,140,0.007501225380131531,0.03641354215430423,5.0,140
2:4,83,outer_brow_R,delta,slope_per_second,0.1143193604341237,0.3922360875150188,5.0,140,0.007733673020415916,0.03750806467090598,5.0,140
2:4,84,outer_brow_R,velocity,mean,0.10686340939219939,0.37431481688682516,5.0,140,-0.004480960348691103,-0.022813711082524665,5.0,140
2:4,85,outer_brow_R,velocity,std,0.4620885436748565,0.8111500805963126,5.0,140,0.040269903751738376,0.17341577283439435,5.0,140
2:4,86,outer_brow_R,velocity,quantile_10,0.4635292345512565,0.8120361649280797,5.0,140,0.027877459719065988,0.1254035670401716,5.0,140
2:4,87,outer_brow_R,velocity,quantile_90,0.35081191565102243,0.7298705021331275,5.0,140,0.02316980353735327,0.10602289874887759,5.0,140
2:4,88,outer_brow_R,velocity,late_minus_early,0.11430619391565029,0.3922050867673286,5.0,140,0.047286915043790324,0.19882692716573555,5.0,140
2:4,89,outer_brow_R,velocity,slope_per_second,0.08903424834148393,0.3282642121593508,5.0,140,0.0252512768892397,0.11467374999408604,5.0,140
2:4,90,outer_brow_R,acceleration,mean,-0.016790587592550758,-0.0899973730649391,5.0,140,-0.08151600821764053,-0.6047756181113892,5.0,140
2:4,91,outer_brow_R,acceleration,std,0.5389220610799904,0.8538898955719341,5.0,140,0.1500025769647901,0.46875503310193034,5.0,140
2:4,92,outer_brow_R,acceleration,quantile_10,0.4950794911611102,0.8305816644972887,5.0,140,0.11262908983049408,0.38823791647252076,5.0,140
2:4,93,outer_brow_R,acceleration,quantile_90,0.5040439011683446,0.8355678966227291,5.0,140,0.14966072921547188,0.4680867992373609,5.0,140
2:4,94,outer_brow_R,acceleration,late_minus_early,-0.0045072590065857645,-0.022950062537219172,5.0,140,-0.051927344499580405,-0.3277038946162763,5.0,140
2:4,95,outer_brow_R,acceleration,slope_per_second,-0.015362809220038767,-0.08184342584913226,5.0,140,-0.058271832047698265,-0.37991178259077696,5.0,140
2:4,96,outer_brow_R,abs_velocity,mean,0.4758362877212476,0.8194621427910567,5.0,140,0.06140834992466593,0.24649447397413027,5.0,140
2:4,97,outer_brow_R,abs_velocity,std,0.3978293118773499,0.7676198509845075,5.0,140,0.00425750528412495,0.020931069858524522,5.0,140
2:4,98,outer_brow_R,abs_velocity,quantile_10,0.34917683285150886,0.7284511301733767,5.0,140,0.1221245391339332,0.4102273778361965,5.0,140
2:4,99,outer_brow_R,abs_velocity,quantile_90,0.43799163429082294,0.7957793606427745,5.0,140,-0.0025039471388885104,-0.0126463993563852,5.0,140
2:4,100,outer_brow_R,abs_velocity,late_minus_early,0.03153502838285494,0.14001378693440486,5.0,140,-0.04083199675769119,-0.24401435762613824,5.0,140
2:4,101,outer_brow_R,abs_velocity,slope_per_second,0.04131880390147905,0.17729203946037,5.0,140,-0.0254338998403329,-0.14157245807720606,5.0,140
2:4,102,outer_brow_R,baseline_robust_z,mean,0.20202906514544028,0.5586727732884761,5.0,140,0.03850026932543404,0.16681210305043495,5.0,140
2:4,103,outer_brow_R,baseline_robust_z,std,0.037005002197068204,0.16116880330390201,5.0,140,-0.04035911451792167,-0.24064434297438053,5.0,140
2:4,104,outer_brow_R,baseline_robust_z,quantile_10,0.17061215866075308,0.5070352673707456,5.0,140,0.017566556084054587,0.08206629194035066,5.0,140
2:4,105,outer_brow_R,baseline_robust_z,quantile_90,0.1973543764161994,0.5514486579890674,5.0,140,0.04370439095052231,0.18600501174446515,5.0,140
2:4,106,outer_brow_R,baseline_robust_z,late_minus_early,0.041286088088526594,0.17717155820697433,5.0,140,-0.03811639399845663,-0.22486634712892192,5.0,140
2:4,107,outer_brow_R,baseline_robust_z,slope_per_second,0.04090460383116514,0.17576468063953923,5.0,140,-0.035724923978557435,-0.20840573622630773,5.0,140
2:4,108,outer_brow_L,value,mean,0.6554622116244255,0.904872399987443,5.0,140,0.08888314708603624,0.32785322850338744,5.0,140
2:4,109,outer_brow_L,value,std,0.199682922120726,0.5550658928156863,5.0,140,-0.00021554117362734324,-0.0010786358298674609,5.0,140
2:4,110,outer_brow_L,value,quantile_10,0.5572689358233595,0.8628923260483555,5.0,140,0.0974231825110299,0.3505205877702797,5.0,140
2:4,111,outer_brow_L,value,quantile_90,0.6840739970679516,0.9154440644093144,5.0,140,0.05994764049900504,0.24176519138237107,5.0,140
2:4,112,outer_brow_L,value,late_minus_early,0.12268639759943734,0.41149341104776666,5.0,140,0.022383282538150636,0.1027196049330578,5.0,140
2:4,113,outer_brow_L,value,slope_per_second,0.12355315299920426,0.41343899792845357,5.0,140,0.02869892770035112,0.1287183266955702,5.0,140
2:4,114,outer_brow_L,delta,mean,0.28109767021847754,0.6615959878501314,5.0,140,0.08280200942648654,0.3110032657599416,5.0,140
2:4,115,outer_brow_L,delta,std,0.19968291827167448,0.5550658868674123,5.0,140,-0.0002155501451893202,-0.0010786807651287469,5.0,140
2:4,116,outer_brow_L,delta,quantile_10,0.2718854550499962,0.6512096007349684,5.0,140,0.06441734283075715,0.2560980822924555,5.0,140
2:4,117,outer_brow_L,delta,quantile_90,0.27690202654674534,0.6569106128741073,5.0,140,0.08791554437050932,0.32521271156038417,5.0,140
2:4,118,outer_brow_L,delta,late_minus_early,0.12268639691683271,0.4114934095119755,5.0,140,0.022383282642404204,0.1027196053721746,5.0,140
2:4,119,outer_brow_L,delta,slope_per_second,0.12355315311824323,0.41343899819503777,5.0,140,0.028698926684903342,0.12871832261014732,5.0,140
2:4,120,outer_brow_L,velocity,mean,0.10024192982643938,0.3577595987583274,5.0,140,0.012608086965657263,0.060013798086624104,5.0,140
2:4,121,outer_brow_L,velocity,std,0.35603345069453957,0.7343518956884938,5.0,140,0.013181594606369185,0.06260693603063504,5.0,140
2:4,122,outer_brow_L,velocity,quantile_10,0.37499788642739024,0.7499983091361941,5.0,140,-0.013782281776997083,-0.07293209142331264,5.0,140
2:4,123,outer_brow_L,velocity,quantile_90,0.24883103254963626,0.6235353664691968,5.0,140,-0.015721059856924333,-0.08388003125314732,5.0,140
2:4,124,outer_brow_L,velocity,late_minus_early,0.08409644010523303,0.31464133559289237,5.0,140,0.01008359498845412,0.048463240198318554,5.0,140
2:4,125,outer_brow_L,velocity,slope_per_second,0.08368589168585337,0.3134905227152927,5.0,140,0.010569217331875921,0.05070254192005323,5.0,140
2:4,126,outer_brow_L,acceleration,mean,-0.04027252642128047,-0.24002891546636418,5.0,140,-0.09778697145809766,-0.8030437045602351,5.0,140
2:4,127,outer_brow_L,acceleration,std,0.440615725040429,0.7975052353004182,5.0,140,0.05861163417515503,0.2374004561259084,5.0,140
2:4,128,outer_brow_L,acceleration,quantile_10,0.4436356482255324,0.7994752889367184,5.0,140,0.014043830977069297,0.0664843736601487,5.0,140
2:4,129,outer_brow_L,acceleration,quantile_90,0.4529524143659216,0.8054464376057634,5.0,140,0.06944127453351016,0.2717294228607331,5.0,140
2:4,130,outer_brow_L,acceleration,late_minus_early,-0.04307906127797697,-0.26023865409682667,5.0,140,-0.07252679326702469,-0.5108291738943156,5.0,140
2:4,131,outer_brow_L,acceleration,slope_per_second,-0.02765383693861899,-0.1554661240712801,5.0,140,-0.06569396842165247,-0.44554950168387664,5.0,140
2:4,132,outer_brow_L,abs_velocity,mean,0.3942186801383979,0.764916270461351,5.0,140,0.007511010178800283,0.03645965551912268,5.0,140
2:4,133,outer_brow_L,abs_velocity,std,0.27507943226956116,0.6548519504005801,5.0,140,0.007507704560470266,0.03644407733976771,5.0,140
2:4,134,outer_brow_L,abs_velocity,quantile_10,0.23358112230837866,0.6037795716501948,5.0,140,-0.006019850794325811,-0.030841908726614804,5.0,140
2:4,135,outer_brow_L,abs_velocity,quantile_90,0.3297852762347902,0.7110073542580791,5.0,140,-0.033416370704837856,-0.19286066780293054,5.0,140
2:4,136,outer_brow_L,abs_velocity,late_minus_early,0.07310458441348307,0.2828209035867847,5.0,140,0.018676941267242043,0.08689311585109591,5.0,140
2:4,137,outer_brow_L,abs_velocity,slope_per_second,0.05896075711671155,0.23854468471556897,5.0,140,0.004373854270388882,0.021493238185456634,5.0,140
2:4,138,outer_brow_L,baseline_robust_z,mean,0.18900885653675809,0.5381692582121417,5.0,140,0.041237661905341914,0.17699317129675085,5.0,140
2:4,139,outer_brow_L,baseline_robust_z,std,0.037709868015595144,0.16383635133758737,5.0,140,-0.06134541098451315,-0.4064664640855704,5.0,140
2:4,140,outer_brow_L,baseline_robust_z,quantile_10,0.17133391047355695,0.5083079779912171,5.0,140,0.01995607494800788,0.09240426869376489,5.0,140
2:4,141,outer_brow_L,baseline_robust_z,quantile_90,0.18163879959659415,0.5260150378231526,5.0,140,0.04318673624752826,0.1841264069457557,5.0,140
2:4,142,outer_brow_L,baseline_robust_z,late_minus_early,0.059160231482915195,0.2391972893762393,5.0,140,-0.00413056075108185,-0.020999767008965636,5.0,140
2:4,143,outer_brow_L,baseline_robust_z,slope_per_second,0.07055511025980242,0.2751286284385669,5.0,140,0.008821733223382285,0.04260525726296175,5.0,140
2:4,144,eye_open_R,value,mean,0.7047612836993943,0.9226930539232147,5.0,140,0.03581514348898026,0.15663595992404583,5.0,140
2:4,145,eye_open_R,value,std,0.25571956914488136,0.6320686027072184,5.0,140,0.01981998075880072,0.09182039031663823,5.0,140
2:4,146,eye_open_R,value,quantile_10,0.680044567226219,0.9139945965901339,5.0,140,0.054665757816512485,0.2242857804577902,5.0,140
2:4,147,eye_open_R,value,quantile_90,0.6582916317524553,0.9059475073032839,5.0,140,0.006743296665009739,0.03283092856075699,5.0,140
2:4,148,eye_open_R,value,late_minus_early,0.05017344060953881,0.20893520970599327,5.0,140,-0.03481778798684343,-0.20225758707645067,5.0,140
2:4,149,eye_open_R,value,slope_per_second,0.05639741250419218,0.23008277078474243,5.0,140,-0.024110111971495738,-0.1334173929935576,5.0,140
2:4,150,eye_open_R,delta,mean,0.15349696162680673,0.47552081002029845,5.0,140,-0.03256459049767731,-0.1872084138239766,5.0,140
2:4,151,eye_open_R,delta,std,0.2557195658459848,0.6320685986763446,5.0,140,0.01981998394948168,0.09182040401236816,5.0,140
2:4,152,eye_open_R,delta,quantile_10,0.2037782654258256,0.5613376646482837,5.0,140,-0.015528344651583733,-0.08278369846298256,5.0,140
2:4,153,eye_open_R,delta,quantile_90,0.13513562231504916,0.43859751761843435,5.0,140,-0.025609171808748936,-0.1426594171382638,5.0,140
2:4,154,eye_open_R,delta,late_minus_early,0.050173439067757626,0.20893520435877097,5.0,140,-0.03481778811426179,-0.20225758793639295,5.0,140
2:4,155,eye_open_R,delta,slope_per_second,0.05639740987166896,0.23008276202175781,5.0,140,-0.024110112625081587,-0.13341739699631328,5.0,140
2:4,156,eye_open_R,velocity,mean,0.050306838499614544,0.2093976562062169,5.0,140,-0.03199857402400293,-0.1834768619101035,5.0,140
2:4,157,eye_open_R,velocity,std,0.40362287714465644,0.7718955594621283,5.0,140,0.06894496257683776,0.27020713080014575,5.0,140
2:4,158,eye_open_R,velocity,quantile_10,0.32914850681635976,0.7104147359062611,5.0,140,0.05981370057952863,0.24132930720802065,5.0,140
2:4,159,eye_open_R,velocity,quantile_90,0.33066081958510063,0.7118200686877918,5.0,140,0.06240276849254773,0.24968876233741,5.0,140
2:4,160,eye_open_R,velocity,late_minus_early,0.020723343560086194,0.09568506028870906,5.0,140,-0.016722827256961025,-0.08960814221727163,5.0,140
2:4,161,eye_open_R,velocity,slope_per_second,0.022845114528272793,0.1046615520666833,5.0,140,-0.014153411739764376,-0.07501386729912832,5.0,140
2:4,162,eye_open_R,acceleration,mean,-0.013209300259150642,-0.06973088614548252,5.0,140,-0.04826773922859203,-0.29908292211183823,5.0,140
2:4,163,eye_open_R,acceleration,std,0.4718088616015903,0.8170599010012051,5.0,140,0.11745227918605229,0.3995494307662963,5.0,140
2:4,164,eye_open_R,acceleration,quantile_10,0.47952626331066206,0.8216398220101848,5.0,140,0.1596422910432427,0.4871393119490882,5.0,140
2:4,165,eye_open_R,acceleration,quantile_90,0.3779736201466417,0.7523676314189339,5.0,140,0.0838300904364157,0.31389505034890924,5.0,140
2:4,166,eye_open_R,acceleration,late_minus_early,-0.03586622403595508,-0.2093680917132461,5.0,140,-0.0839634673303302,-0.6321159113321146,5.0,140
2:4,167,eye_open_R,acceleration,slope_per_second,-0.011631546016485231,-0.0609956236978072,5.0,140,-0.05911117304991105,-0.3870785288638623,5.0,140
2:4,168,eye_open_R,abs_velocity,mean,0.41877321598680295,0.782726502004281,5.0,140,0.09305518054589125,0.33906783012945585,5.0,140
2:4,169,eye_open_R,abs_velocity,std,0.34752353457487667,0.7270080475201097,5.0,140,0.032867005990576244,0.14524054279271092,5.0,140
2:4,170,eye_open_R,abs_velocity,quantile_10,0.269935203063192,0.6489635666927148,5.0,140,0.06170701084870596,0.2474559790967328,5.0,140
2:4,171,eye_open_R,abs_velocity,quantile_90,0.3802569836037896,0.7541705080154213,5.0,140,0.06664357198830954,0.2630859185370184,5.0,140
2:4,172,eye_open_R,abs_velocity,late_minus_early,0.029759902216791735,0.13297072767119683,5.0,140,-0.03133234929406198,-0.1791094224094754,5.0,140
2:4,173,eye_open_R,abs_velocity,slope_per_second,0.01552564523570863,0.07308919832360461,5.0,140,-0.039564011193348965,-0.23501214916772414,5.0,140
2:4,174,eye_open_R,baseline_robust_z,mean,0.11175975217158017,0.38616703316464185,5.0,140,-0.044443268281520024,-0.2702615715255878,5.0,140
2:4,175,eye_open_R,baseline_robust_z,std,0.12814918726299046,0.42360658035034615,5.0,140,0.01652392799988066,0.07749739452984528,5.0,140
2:4,176,eye_open_R,baseline_robust_z,quantile_10,0.1449728091248057,0.4588062955714642,5.0,140,-0.030092735318338844,-0.17105355388043478,5.0,140
2:4,177,eye_open_R,baseline_robust_z,quantile_90,0.09272503833716039,0.3381903419832026,5.0,140,-0.03666147811125671,-0.21480812388383255,5.0,140
2:4,178,eye_open_R,baseline_robust_z,late_minus_early,-0.000230211528267074,-0.0011521185652379631,5.0,140,-0.07874970099433137,-0.574814332088587,5.0,140
2:4,179,eye_open_R,baseline_robust_z,slope_per_second,0.005125025932168558,0.025110364582242,5.0,140,-0.07298491212315047,-0.515386237682791,5.0,140
2:4,180,eye_open_L,value,mean,0.7389350656679361,0.9340035196962759,5.0,140,0.029364199329928155,0.13138852168763906,5.0,140
2:4,181,eye_open_L,value,std,0.23028746984506684,0.5993480058915391,5.0,140,0.004558008922438676,0.02238197563363375,5.0,140
2:4,182,eye_open_L,value,quantile_10,0.7181084914125844,0.9272055996079266,5.0,140,0.047510368647398174,0.19961644052692779,5.0,140
2:4,183,eye_open_L,value,quantile_90,0.6893344277818296,0.9173176338932384,5.0,140,-0.006834811872333215,-0.035134613248714676,5.0,140
2:4,184,eye_open_L,value,late_minus_early,0.04214083116445373,0.1803104302318988,5.0,140,-0.05262626548511826,-0.3332907087059139,5.0,140
2:4,185,eye_open_L,value,slope_per_second,0.05140575575572402,0.21319166428504646,5.0,140,-0.04317558759172813,-0.26094349241096493,5.0,140
2:4,186,eye_open_L,delta,mean,0.1689489657187538,0.5040857584792665,5.0,140,-0.01646609917290511,-0.08813548651067352,5.0,140
2:4,187,eye_open_L,delta,std,0.2302874724790456,0.5993480094598261,5.0,140,0.004558009804293137,0.02238197988641854,5.0,140
2:4,188,eye_open_L,delta,quantile_10,0.21588034047506585,0.5792269004497194,5.0,140,-0.0012832191912364604,-0.006449198899365368,5.0,140
2:4,189,eye_open_L,delta,quantile_90,0.14749739307682666,0.4638313220595102,5.0,140,-0.018781399588959632,-0.10153486546698498,5.0,140
2:4,190,eye_open_L,delta,late_minus_early,0.04214083046570289,0.18031042767338454,5.0,140,-0.05262626677304214,-0.33329071903736923,5.0,140
2:4,191,eye_open_L,delta,slope_per_second,0.05140575317679732,0.21319165541377352,5.0,140,-0.043175587410004164,-0.2609434910833912,5.0,140
2:4,192,eye_open_L,velocity,mean,0.04466885322990018,0.18948750750325147,5.0,140,-0.04754656304977148,-0.29356480535732027,5.0,140
2:4,193,eye_open_L,velocity,std,0.37001559236307235,0.7459804175102028,5.0,140,0.058257605413365866,0.23623750229634985,5.0,140
2:4,194,eye_open_L,velocity,quantile_10,0.30673811821947333,0.6886948014276104,5.0,140,0.03905103791388431,0.168876049519318,5.0,140
2:4,195,eye_open_L,velocity,quantile_90,0.29382450451600123,0.675366092544649,5.0,140,0.05672506552929466,0.23117227732679776,5.0,140
2:4,196,eye_open_L,velocity,late_minus_early,0.014212161487635745,0.0672383956874598,5.0,140,-0.02624338684538596,-0.1466067665855533,5.0,140
2:4,197,eye_open_L,velocity,slope_per_second,0.024016064941317965,0.10955591666888734,5.0,140,-0.014316925410760298,-0.07593314367033227,5.0,140
2:4,198,eye_open_L,acceleration,mean,-0.025502027514011726,-0.1419947540706821,5.0,140,-0.06365352504215703,-0.42698369432905375,5.0,140
2:4,199,eye_open_L,acceleration,std,0.4212072375632808,0.784420991742453,5.0,140,0.07764201911342522,0.29621513185152015,5.0,140
2:4,200,eye_open_L,acceleration,quantile_10,0.4483811567599241,0.8025366098796031,5.0,140,0.1247485710620118,0.4161075608256587,5.0,140
2:4,201,eye_open_L,acceleration,quantile_90,0.33489654897366844,0.7157174836330441,5.0,140,0.07580249136714569,0.2908299252449704,5.0,140
2:4,202,eye_open_L,acceleration,late_minus_early,-0.016501492813245765,-0.08833832072450747,5.0,140,-0.06644572030799839,-0.45249367393865897,5.0,140
2:4,203,eye_open_L,acceleration,slope_per_second,-0.009771045189871265,-0.05084235785395888,5.0,140,-0.05589704330632888,-0.359970323600894,5.0,140
2:4,204,eye_open_L,abs_velocity,mean,0.38988119058774195,0.7616280887816638,5.0,140,0.07922329141910726,0.30079619776298944,5.0,140
2:4,205,eye_open_L,abs_velocity,std,0.31326997613354113,0.6952038751557532,5.0,140,0.023959709829574967,0.10932132066280767,5.0,140
2:4,206,eye_open_L,abs_velocity,quantile_10,0.23605334569394612,0.607066456247022,5.0,140,0.019321553888847442,0.08967697539361118,5.0,140
2:4,207,eye_open_L,abs_velocity,quantile_90,0.3419620366829169,0.7220945252653256,5.0,140,0.05197877659355677,0.2151590634112539,5.0,140
2:4,208,eye_open_L,abs_velocity,late_minus_early,0.06865047098596921,0.26930162214083164,5.0,140,-0.00012329206824167232,-0.0006167645098965344,5.0,140
2:4,209,eye_open_L,abs_velocity,slope_per_second,0.05634238927291285,0.22989957987302406,5.0,140,-0.0036665758803585045,-0.018605757082409205,5.0,140
2:4,210,eye_open_L,baseline_robust_z,mean,0.1340300763603682,0.4362616517911619,5.0,140,-0.02441110608154145,-0.13526323070211238,5.0,140
2:4,211,eye_open_L,baseline_robust_z,std,0.14148327792162857,0.45175389953039147,5.0,140,0.028160282952062715,0.12654701568643686,5.0,140
2:4,212,eye_open_L,baseline_robust_z,quantile_10,0.1697359239689528,0.5054842648562168,5.0,140,-0.01289928096757264,-0.06800528178600997,5.0,140
2:4,213,eye_open_L,baseline_robust_z,quantile_90,0.1104979586431442,0.3831434963565417,5.0,140,-0.017109172862173984,-0.09183043549010565,5.0,140
2:4,214,eye_open_L,baseline_robust_z,late_minus_early,0.02073631480606563,0.09574036466496703,5.0,140,-0.06991398162099735,-0.4852818548207534,5.0,140
2:4,215,eye_open_L,baseline_robust_z,slope_per_second,0.03175237425775888,0.1408700385462878,5.0,140,-0.06214134764816432,-0.4134847322056091,5.0,140
2:4,216,lid_cheek_gap_R,value,mean,0.5252291726221897,0.8468933948357773,5.0,140,0.056330215033377574,0.22985903882857206,5.0,140
2:4,217,lid_cheek_gap_R,value,std,0.28767646423124243,0.668795463835663,5.0,140,0.0064028137900154075,0.031214623268814242,5.0,140
2:4,218,lid_cheek_gap_R,value,quantile_10,0.43910594797664876,0.7965138547743468,5.0,140,0.08484381913015114,0.316729077419423,5.0,140
2:4,219,lid_cheek_gap_R,value,quantile_90,0.5489175830705135,0.858845760035778,5.0,140,0.001969038379730697,0.009768255617795648,5.0,140
2:4,220,lid_cheek_gap_R,value,late_minus_early,0.09752883468227057,0.3507940383257574,5.0,140,-0.024589922950460603,-0.13636215421425216,5.0,140
2:4,221,lid_cheek_gap_R,value,slope_per_second,0.09800142484972041,0.3520151709581396,5.0,140,-0.016879968519571117,-0.09051114361759728,5.0,140
2:4,222,lid_cheek_gap_R,delta,mean,0.12564360563398724,0.41809445092887315,5.0,140,-0.04311179990256965,-0.26047763890271963,5.0,140
2:4,223,lid_cheek_gap_R,delta,std,0.2876764577216343,0.6687954567990637,5.0,140,0.006402810989809386,0.03121460995831215,5.0,140
2:4,224,lid_cheek_gap_R,delta,quantile_10,0.11651540404068896,0.39737553577609636,5.0,140,-0.038972291009409826,-0.23084818574197058,5.0,140
2:4,225,lid_cheek_gap_R,delta,quantile_90,0.15426230085011894,0.47698703454948177,5.0,140,-0.04061475937711258,-0.24246431634991436,5.0,140
2:4,226,lid_cheek_gap_R,delta,late_minus_early,0.09752882640110892,0.3507940168988444,5.0,140,-0.024589926955652236,-0.1363621788477835,5.0,140
2:4,227,lid_cheek_gap_R,delta,slope_per_second,0.09800142200619712,0.3520151636206961,5.0,140,-0.016879970909618233,-0.09051115736109587,5.0,140
2:4,228,lid_cheek_gap_R,velocity,mean,0.09200241656511311,0.3362637663833472,5.0,140,-0.031650943449645155,-0.18119464282151554,5.0,140
2:4,229,lid_cheek_gap_R,velocity,std,0.3669963018679786,0.7435139820872589,5.0,140,0.04000725027865804,0.17244073312053598,5.0,140
2:4,230,lid_cheek_gap_R,velocity,quantile_10,0.30940527412006513,0.6913710158675977,5.0,140,0.03345178814642271,0.14751974385650427,5.0,140
2:4,231,lid_cheek_gap_R,velocity,quantile_90,0.3216812888426777,0.7033667515467739,5.0,140,-0.006753044788434499,-0.03470261725661168,5.0,140
2:4,232,lid_cheek_gap_R,velocity,late_minus_early,0.002608099080697166,0.012905856394691414,5.0,140,-0.031330071296797976,-0.17909453464061978,5.0,140
2:4,233,lid_cheek_gap_R,velocity,slope_per_second,-0.0017446767349052967,-0.008784689447737828,5.0,140,-0.033012188774182806,-0.19017305965072925,5.0,140
2:4,234,lid_cheek_gap_R,acceleration,mean,0.0431645851872063,0.18404587119400295,5.0,140,-0.006507752889480441,-0.03340841939890705,5.0,140
2:4,235,lid_cheek_gap_R,acceleration,std,0.4550817178904811,0.8067889620866046,5.0,140,0.11214957495817432,0.3870968748587058,5.0,140
2:4,236,lid_cheek_gap_R,acceleration,quantile_10,0.43557596580215824,0.7941788866761696,5.0,140,0.09002848733905669,0.33095935594833525,5.0,140
2:4,237,lid_cheek_gap_R,acceleration,quantile_90,0.4162212118507316,0.7809365801609806,5.0,140,0.09432982711993221,0.34243993582015675,5.0,140
2:4,238,lid_cheek_gap_R,acceleration,late_minus_early,-0.005939829107989121,-0.03042195028320143,5.0,140,-0.05021317113082492,-0.31416717642899294,5.0,140
2:4,239,lid_cheek_gap_R,acceleration,slope_per_second,-0.028734715918068286,-0.16233181380720002,5.0,140,-0.0608724854114751,-0.40232436263909205,5.0,140
2:4,240,lid_cheek_gap_R,abs_velocity,mean,0.4144368245165794,0.7796768805260547,5.0,140,0.0551293344491836,0.22584412667460554,5.0,140
2:4,241,lid_cheek_gap_R,abs_velocity,std,0.2916521097525609,0.6730614182546854,5.0,140,0.008168012509713362,0.039547949948902206,5.0,140
2:4,242,lid_cheek_gap_R,abs_velocity,quantile_10,0.3408566669092178,0.7211069240621533,5.0,140,0.09780942754960577,0.35151946656066363,5.0,140
2:4,243,lid_cheek_gap_R,abs_velocity,quantile_90,0.3474638637157634,0.7269558144378949,5.0,140,0.030395267745504974,0.13550187557503918,5.0,140
2:4,244,lid_cheek_gap_R,abs_velocity,late_minus_early,-0.005789855378054819,-0.02963562072235948,5.0,140,-0.04024539785707812,-0.23983620291234328,5.0,140
2:4,245,lid_cheek_gap_R,abs_velocity,slope_per_second,-0.005065740953089606,-0.02585255413432898,5.0,140,-0.04077741183742794,-0.24362457822755912,5.0,140
2:4,246,lid_cheek_gap_R,baseline_robust_z,mean,0.04922013098973325,0.2056183971768851,5.0,140,-0.055981901159376964,-0.3606744776254323,5.0,140
2:4,247,lid_cheek_gap_R,baseline_robust_z,std,0.11978675695229833,0.40491835733773507,5.0,140,0.002219768645795541,0.011001163081475534,5.0,140
2:4,248,lid_cheek_gap_R,baseline_robust_z,quantile_10,0.07614518461168023,0.29183776200138184,5.0,140,-0.023415217889023413,-0.12917470488792093,5.0,140
2:4,249,lid_cheek_gap_R,baseline_robust_z,quantile_90,0.03102642270550406,0.1380049178597059,5.0,140,-0.08134022437963798,-0.6028424981627474,5.0,140
2:4,250,lid_cheek_gap_R,baseline_robust_z,late_minus_early,0.027468471798082494,0.12374591435595458,5.0,140,-0.06369486540881297,-0.4273558103254901,5.0,140
2:4,251,lid_cheek_gap_R,baseline_robust_z,slope_per_second,0.036682158280238825,0.1599426281892171,5.0,140,-0.04873976095130558,-0.3027160331176562,5.0,140
2:4,252,lid_cheek_gap_L,value,mean,0.5758050302924931,0.8715813799422908,5.0,140,0.06416068839185045,0.2552861113857094,5.0,140
2:4,253,lid_cheek_gap_L,value,std,0.2632652837724375,0.641153054998844,5.0,140,0.015240883473160906,0.07182567065826738,5.0,140
2:4,254,lid_cheek_gap_L,value,quantile_10,0.4889220216438029,0.8270866331675787,5.0,140,0.09870693662070947,0.3538319942000235,5.0,140
2:4,255,lid_cheek_gap_L,value,quantile_90,0.5890335616519655,0.8775476759419235,5.0,140,0.004116763022828528,0.020250351520782493,5.0,140
2:4,256,lid_cheek_gap_L,value,late_minus_early,0.12134991015663438,0.408475627829859,5.0,140,-0.014177168737124199,-0.07514735034985154,5.0,140
2:4,257,lid_cheek_gap_L,value,slope_per_second,0.11597659979643693,0.3961202706024965,5.0,140,-0.013733768316869285,-0.07266044865484828,5.0,140
2:4,258,lid_cheek_gap_L,delta,mean,0.12737431985057182,0.4219097364024663,5.0,140,-0.055378243320449216,-0.35567865243626623,5.0,140
2:4,259,lid_cheek_gap_L,delta,std,0.26326528934236004,0.6411530616060126,5.0,140,0.015240886157142156,0.07182568258025218,5.0,140
2:4,260,lid_cheek_gap_L,delta,quantile_10,0.09672494052499264,0.34870919719005805,5.0,140,-0.05740669156878723,-0.37259012291495824,5.0,140
2:4,261,lid_cheek_gap_L,delta,quantile_90,0.16434651681786844,0.49580034508323484,5.0,140,-0.04320445838407382,-0.2611544357198709,5.0,140
2:4,262,lid_cheek_gap_L,delta,late_minus_early,0.12134991361526926,0.40847563566754913,5.0,140,-0.01417716640956608,-0.07514733727072162,5.0,140
2:4,263,lid_cheek_gap_L,delta,slope_per_second,0.11597660443415682,0.3961202814230106,5.0,140,-0.013733763056030433,-0.07266041920373599,5.0,140
2:4,264,lid_cheek_gap_L,velocity,mean,0.11768860402975115,0.4000960416637923,5.0,140,-0.00960581829633826,-0.04994826740534181,5.0,140
2:4,265,lid_cheek_gap_L,velocity,std,0.35053542578487906,0.7296310316055489,5.0,140,0.04025544943495589,0.17336216044057787,5.0,140
2:4,266,lid_cheek_gap_L,velocity,quantile_10,0.27213595057791146,0.6514968713529146,5.0,140,0.03228871583588825,0.14297735804049844,5.0,140
2:4,267,lid_cheek_gap_L,velocity,quantile_90,0.30261674294061697,0.6845086282816795,5.0,140,-0.0056017410579922156,-0.028650680053133218,5.0,140
2:4,268,lid_cheek_gap_L,velocity,late_minus_early,0.021976027122985436,0.10100167354569843,5.0,140,-0.016844502859264525,-0.090307236296347,5.0,140
2:4,269,lid_cheek_gap_L,velocity,slope_per_second,0.007948029006336378,0.03851565098672036,5.0,140,-0.02457186553649563,-0.1362511027903312,5.0,140
2:4,270,lid_cheek_gap_L,acceleration,mean,0.06214732213030191,0.24887015570951823,5.0,140,0.009193718606690857,0.04433806621603411,5.0,140
2:4,271,lid_cheek_gap_L,acceleration,std,0.4508048128896341,0.8040841126483332,5.0,140,0.10094463099251136,0.3595461437429191,5.0,140
2:4,272,lid_cheek_gap_L,acceleration,quantile_10,0.41718109165643574,0.7816114261809421,5.0,140,0.06605154540653307,0.26123723474272137,5.0,140
2:4,273,lid_cheek_gap_L,acceleration,quantile_90,0.40210768539232944,0.7707846694645383,5.0,140,0.07490617594705576,0.2881838723468198,5.0,140
2:4,274,lid_cheek_gap_L,acceleration,late_minus_early,0.00811209994947519,0.039285740338515285,5.0,140,-0.032516908525824166,-0.18689331378254098,5.0,140
2:4,275,lid_cheek_gap_L,acceleration,slope_per_second,-0.016061953607035783,-0.08582375683803509,5.0,140,-0.04983499941526713,-0.3112119955392203,5.0,140
2:4,276,lid_cheek_gap_L,abs_velocity,mean,0.387869588699026,0.7600879466014945,5.0,140,0.04433744651297163,0.1882934325815457,5.0,140
2:4,277,lid_cheek_gap_L,abs_velocity,std,0.2940342824389388,0.6755876695875792,5.0,140,0.024420396353537415,0.11123624864456355,5.0,140
2:4,278,lid_cheek_gap_L,abs_velocity,quantile_10,0.2763778792294801,0.656320036743485,5.0,140,0.010866479406094025,0.05206916307737858,5.0,140
2:4,279,lid_cheek_gap_L,abs_velocity,quantile_90,0.34092206759281796,0.7211654596468177,5.0,140,0.04059686887166826,0.17462709177364028,5.0,140
2:4,280,lid_cheek_gap_L,abs_velocity,late_minus_early,0.0194010773893319,0.09001948682490758,5.0,140,-0.01819071961069251,-0.09809098011597331,5.0,140
2:4,281,lid_cheek_gap_L,abs_velocity,slope_per_second,0.015320309533084706,0.07217836791332358,5.0,140,-0.022143151749738674,-0.1214751274746538,5.0,140
2:4,282,lid_cheek_gap_L,baseline_robust_z,mean,0.061545541683082364,0.2469363762621628,5.0,140,-0.0594236799712385,-0.3897630091337579,5.0,140
2:4,283,lid_cheek_gap_L,baseline_robust_z,std,0.08903578023151727,0.32826837690522453,5.0,140,-0.042215348582343125,-0.25396094161863947,5.0,140
2:4,284,lid_cheek_gap_L,baseline_robust_z,quantile_10,0.06212215029681039,0.24878941721108133,5.0,140,-0.035342426529648245,-0.2058070090322815,5.0,140
2:4,285,lid_cheek_gap_L,baseline_robust_z,quantile_90,0.05900751227337159,0.2386977254988588,5.0,140,-0.08422851209062938,-0.6351251439019943,5.0,140
2:4,286,lid_cheek_gap_L,baseline_robust_z,late_minus_early,0.04327435895583226,0.18444486209903144,5.0,140,-0.07095129325223122,-0.49533514190765987,5.0,140
2:4,287,lid_cheek_gap_L,baseline_robust_z,slope_per_second,0.046004661149178096,0.19427338141642062,5.0,140,-0.06458802536074029,-0.43543590891583267,5.0,140
2:4,288,alar_extent_R,value,mean,0.7799647475410458,0.9465915573847867,5.0,140,0.09456594773229364,0.34306185925606,5.0,140
2:4,289,alar_extent_R,value,std,0.2964017314792638,0.6780764829313878,5.0,140,0.06039700792160018,0.24322483134589043,5.0,140
2:4,290,alar_extent_R,value,quantile_10,0.7572930113287798,0.9397625651271394,5.0,140,0.10403475216713438,0.3673182912493474,5.0,140
2:4,291,alar_extent_R,value,quantile_90,0.7110006699690221,0.9248181247261009,5.0,140,0.07674107695792343,0.2935852054186543,5.0,140
2:4,292,alar_extent_R,value,late_minus_early,-0.000550125571461628,-0.002756693968687616,5.0,140,-0.0741352375498496,-0.5269335689892933,5.0,140
2:4,293,alar_extent_R,value,slope_per_second,0.0008267234569391398,0.004119992905585816,5.0,140,-0.07266536981555798,-0.5122051579828222,5.0,140
2:4,294,alar_extent_R,delta,mean,0.20160439984697373,0.5580226851069415,5.0,140,0.025917520287246563,0.11741516205760003,5.0,140
2:4,295,alar_extent_R,delta,std,0.29640175144569336,0.6780765038304252,5.0,140,0.06039701753629018,0.24322486253121314,5.0,140
2:4,296,alar_extent_R,delta,quantile_10,0.2175507025526381,0.581623290706492,5.0,140,0.045131429943515954,0.1911497106227956,5.0,140
2:4,297,alar_extent_R,delta,quantile_90,0.19021177539587636,0.5401144006905015,5.0,140,0.006661255700692173,0.032441864289697545,5.0,140
2:4,298,alar_extent_R,delta,late_minus_early,-0.0005501212308390819,-0.002756672169743566,5.0,140,-0.07413523426578385,-0.5269335358071681,5.0,140
2:4,299,alar_extent_R,delta,slope_per_second,0.0008267236773696611,0.0041199940004850175,5.0,140,-0.07266537152439446,-0.5122051749638287,5.0,140
2:4,300,alar_extent_R,velocity,mean,0.017961150565255386,0.08378616885025553,5.0,140,-0.057758323862940095,-0.37555802820404655,5.0,140
2:4,301,alar_extent_R,velocity,std,0.34927082707107104,0.7285329338867703,5.0,140,0.06124848516954354,0.24597904924814418,5.0,140
2:4,302,alar_extent_R,velocity,quantile_10,0.28034103136182525,0.6607565103956725,5.0,140,0.06716789209722646,0.26471741690610834,5.0,140
2:4,303,alar_extent_R,velocity,quantile_90,0.30562920993530096,0.6875745651737993,5.0,140,0.007214856449722422,0.03506240147491589,5.0,140
2:4,304,alar_extent_R,velocity,late_minus_early,0.053947343893098076,0.221861388892709,5.0,140,0.028805890100109793,0.1291485004574624,5.0,140
2:4,305,alar_extent_R,velocity,slope_per_second,0.05816903653633974,0.2359461433493188,5.0,140,0.02486652836085602,0.11308456011880347,5.0,140
2:4,306,alar_extent_R,acceleration,mean,-0.00886410564874974,-0.0459497417037271,5.0,140,-0.041693093901189825,-0.2501903002282888,5.0,140
2:4,307,alar_extent_R,acceleration,std,0.41424415024190986,0.7795404560413649,5.0,140,0.11264105491673028,0.38826634970561646,5.0,140
2:4,308,alar_extent_R,acceleration,quantile_10,0.4203232482061653,0.7838070090269535,5.0,140,0.12541604268744289,0.41759018138131193,5.0,140
2:4,309,alar_extent_R,acceleration,quantile_90,0.3955717524384727,0.765932971324077,5.0,140,0.11164495697465959,0.38589283087418574,5.0,140
2:4,310,alar_extent_R,acceleration,late_minus_early,-0.02397502382539865,-0.13259056715306464,5.0,140,-0.06946445454194143,-0.4809610647981729,5.0,140
2:4,311,alar_extent_R,acceleration,slope_per_second,-0.02167241160284818,-0.11864757427577752,5.0,140,-0.06585362013374636,-0.4470195136443637,5.0,140
2:4,312,alar_extent_R,abs_velocity,mean,0.35935385821317023,0.7371616946574282,5.0,140,0.06549836505145272,0.2595035834843827,5.0,140
2:4,313,alar_extent_R,abs_velocity,std,0.29890214178719626,0.680681762358375,5.0,140,0.03902873607327167,0.1687926285614101,5.0,140
2:4,314,alar_extent_R,abs_velocity,quantile_10,0.09487703214866382,0.34387993148441176,5.0,140,-0.03732174496840963,-0.21935567039320736,5.0,140
2:4,315,alar_extent_R,abs_velocity,quantile_90,0.3118034451031356,0.6937556360256364,5.0,140,0.03585069401509894,0.15677193883778567,5.0,140
2:4,316,alar_extent_R,abs_velocity,late_minus_early,0.07425494896674897,0.2862521805887823,5.0,140,0.01162019908576164,0.05552036466588168,5.0,140
2:4,317,alar_extent_R,abs_velocity,slope_per_second,0.08550831821991936,0.3185774896491176,5.0,140,0.029408384324483297,0.13156541631518595,5.0,140
2:4,318,alar_extent_R,baseline_robust_z,mean,0.1766330190671479,0.5175203605119567,5.0,140,0.007209454300657013,0.03503688424021607,5.0,140
2:4,319,alar_extent_R,baseline_robust_z,std,0.21028447390657803,0.5710720375864192,5.0,140,0.02786966190865192,0.12537200767627302,5.0,140
2:4,320,alar_extent_R,baseline_robust_z,quantile_10,0.19520618996291275,0.5480780432858934,5.0,140,0.021295149739717897,0.09811799879277507,5.0,140
2:4,321,alar_extent_R,baseline_robust_z,quantile_90,0.16225739419995977,0.4919784231973625,5.0,140,-0.005907166224038322,-0.030250612710839345,5.0,140
2:4,322,alar_extent_R,baseline_robust_z,late_minus_early,-0.0167248921693493,-0.08962000020535285,5.0,140,-0.09112260169358512,-0.7169254615896011,5.0,140
2:4,323,alar_extent_R,baseline_robust_z,slope_per_second,-0.018743030942929343,-0.10131062762860917,5.0,140,-0.09204968792485663,-0.7284702916657173,5.0,140
2:4,324,alar_extent_L,value,mean,0.8470906034278514,0.9651557045301491,5.0,140,0.07849338369027078,0.2986870801189427,5.0,140
2:4,325,alar_extent_L,value,std,0.20924178756584788,0.5695305643757592,5.0,140,0.007235118022500583,0.03515809815413559,5.0,140
2:4,326,alar_extent_L,value,quantile_10,0.7937121468604177,0.9505879437735502,5.0,140,0.04076894926069181,0.17526350975727809,5.0,140
2:4,327,alar_extent_L,value,quantile_90,0.8460352106000407,0.9648814226242629,5.0,140,0.10362099873973488,0.3662855115682764,5.0,140
2:4,328,alar_extent_L,value,late_minus_early,0.05020113477393704,0.2090312500473242,5.0,140,-0.059103135601864275,-0.38700960194007167,5.0,140
2:4,329,alar_extent_L,value,slope_per_second,0.038364200987716736,0.16630098698239118,5.0,140,-0.061126630589828375,-0.40454770556537,5.0,140
2:4,330,alar_extent_L,delta,mean,0.2169785205964425,0.5808043384932068,5.0,140,0.022886222901515835,0.10483408917722933,5.0,140
2:4,331,alar_extent_L,delta,std,0.20924179349341573,0.5695305731587768,5.0,140,0.0072351103003323565,0.035158061684722366,5.0,140
2:4,332,alar_extent_L,delta,quantile_10,0.21383922544735887,0.5762751771400894,5.0,140,0.03383253348773411,0.1489986589627339,5.0,140
2:4,333,alar_extent_L,delta,quantile_90,0.21383463172326117,0.5762685047061177,5.0,140,0.01667897907939951,0.07817910478441574,5.0,140
2:4,334,alar_extent_L,delta,late_minus_early,0.05020113546091775,0.20903125242947856,5.0,140,-0.05910313727749994,-0.3870096163092532,5.0,140
2:4,335,alar_extent_L,delta,slope_per_second,0.038364197455465106,0.16630097370786667,5.0,140,-0.061126635131352004,-0.4045477453495264,5.0,140
2:4,336,alar_extent_L,velocity,mean,0.08258081420679392,0.31037875111553476,5.0,140,-0.03398451418612178,-0.19665554334032379,5.0,140
2:4,337,alar_extent_L,velocity,std,0.2644622891445538,0.6425696662439069,5.0,140,0.02369567711236962,0.10822091420282565,5.0,140
2:4,338,alar_extent_L,velocity,quantile_10,0.24154786602925407,0.6142531651609249,5.0,140,0.026482319564549207,0.11972881125933303,5.0,140
2:4,339,alar_extent_L,velocity,quantile_90,0.1926038271967209,0.5439509764765197,5.0,140,-0.03816516409665465,-0.22520590117947129,5.0,140
2:4,340,alar_extent_L,velocity,late_minus_early,0.005120544174816493,0.025088846683137645,5.0,140,-0.035543121883944186,-0.20716939808704582,5.0,140
2:4,341,alar_extent_L,velocity,slope_per_second,0.016602597492835578,0.07784337835118871,5.0,140,-0.02633122688357066,-0.14715524722501222,5.0,140
2:4,342,alar_extent_L,acceleration,mean,-0.011951683169113554,-0.06275870445244647,5.0,140,-0.055779663157927865,-0.35899731243955935,5.0,140
2:4,343,alar_extent_L,acceleration,std,0.3180681196523508,0.6998899177949903,5.0,140,0.03933652966443787,0.169942807213364,5.0,140
2:4,344,alar_extent_L,acceleration,quantile_10,0.3531184622929891,0.7318596684772177,5.0,140,0.05606335706013425,0.22896957348409044,5.0,140
2:4,345,alar_extent_L,acceleration,quantile_90,0.2603022688941377,0.6376178511273126,5.0,140,0.032031858168846544,0.1419691483473728,5.0,140
2:4,346,alar_extent_L,acceleration,late_minus_early,-0.01648413387320677,-0.08823883226127503,5.0,140,-0.03906004706912665,-0.23146425396429599,5.0,140
2:4,347,alar_extent_L,acceleration,slope_per_second,-0.03309954278353273,-0.190753071756433,5.0,140,-0.04693631696418609,-0.2889260912050189,5.0,140
2:4,348,alar_extent_L,abs_velocity,mean,0.2838944518208427,0.6646783152845637,5.0,140,0.012533046800500935,0.059673662769514156,5.0,140
2:4,349,alar_extent_L,abs_velocity,std,0.23455768954282083,0.6050819505210141,5.0,140,0.034488670081558606,0.15153797720516965,5.0,140
2:4,350,alar_extent_L,abs_velocity,quantile_10,0.15992116788869382,0.4876582999859784,5.0,140,-0.01439362465708032,-0.07636478764703804,5.0,140
2:4,351,alar_extent_L,abs_velocity,quantile_90,0.27502847023863136,0.6547941821936528,5.0,140,0.01638515971766228,0.07688660159892481,5.0,140
2:4,352,alar_extent_L,abs_velocity,late_minus_early,0.09560981002954679,0.3458011291019667,5.0,140,0.040030618568298836,0.1725275540126813,5.0,140
2:4,353,alar_extent_L,abs_velocity,slope_per_second,0.08295846070689498,0.31144448368562305,5.0,140,0.025937699942604572,0.11749798934686911,5.0,140
2:4,354,alar_extent_L,baseline_robust_z,mean,0.2004780224315916,0.5562924616983831,5.0,140,0.01423015029529539,0.06731891818265352,5.0,140
2:4,355,alar_extent_L,baseline_robust_z,std,0.18665225000282742,0.5343275169245629,5.0,140,-0.0028944827621156526,-0.014641937149308885,5.0,140
2:4,356,alar_extent_L,baseline_robust_z,quantile_10,0.18546826085884974,0.532381684066541,5.0,140,0.012514427681551948,0.05958923759008024,5.0,140
2:4,357,alar_extent_L,baseline_robust_z,quantile_90,0.2052772006895497,0.5636049871886918,5.0,140,0.016399028151083708,0.07694767256143703,5.0,140
2:4,358,alar_extent_L,baseline_robust_z,late_minus_early,0.03945832733743989,0.17039727143279257,5.0,140,-0.07053472691009587,-0.49128395215185383,5.0,140
2:4,359,alar_extent_L,baseline_robust_z,slope_per_second,0.026210506509930405,0.11861653472705642,5.0,140,-0.0748687840149557,-0.5343763502829022,5.0,140
2:4,360,nose_upperlip_R,value,mean,0.7440753989399246,0.9356375277637412,5.0,140,0.10713387872325676,0.3749780023189667,5.0,140
2:4,361,nose_upperlip_R,value,std,0.26009862527754274,0.6373733734726889,5.0,140,0.03779433375880057,0.16415513322126363,5.0,140
2:4,362,nose_upperlip_R,value,quantile_10,0.6401660564636078,0.8989419050177232,5.0,140,0.12367076182292358,0.4137022964400715,5.0,140
2:4,363,nose_upperlip_R,value,quantile_90,0.7505036031747078,0.93765729677694,5.0,140,0.05764369351836686,0.23421450988936585,5.0,140
2:4,364,nose_upperlip_R,value,late_minus_early,0.07755212953948955,0.2959533862919822,5.0,140,-0.035736664481784135,-0.20848564918580023,5.0,140
2:4,365,nose_upperlip_R,value,slope_per_second,0.06313255647271591,0.25202009168207024,5.0,140,-0.03853683764208464,-0.2277987641699651,5.0,140
2:4,366,nose_upperlip_R,delta,mean,0.14743712312049437,0.4637121023159763,5.0,140,-0.016725067973721693,-0.08962100979112933,5.0,140
2:4,367,nose_upperlip_R,delta,std,0.2600986390262707,0.6373733899848616,5.0,140,0.037794333104582974,0.1641551307529078,5.0,140
2:4,368,nose_upperlip_R,delta,quantile_10,0.12399782311604898,0.41443363922192306,5.0,140,-0.03144518076369559,-0.1798472167850977,5.0,140
2:4,369,nose_upperlip_R,delta,quantile_90,0.1706144021405724,0.5070392302079085,5.0,140,-0.0030454160981285565,-0.0154148591312374,5.0,140
2:4,370,nose_upperlip_R,delta,late_minus_early,0.07755213890274112,0.29595341356391053,5.0,140,-0.035736657777935055,-0.20848560355285356,5.0,140
2:4,371,nose_upperlip_R,delta,slope_per_second,0.06313256168121285,0.2520201082819897,5.0,140,-0.038536837183139216,-0.22779876096265006,5.0,140
2:4,372,nose_upperlip_R,velocity,mean,0.08671499088222097,0.32191539295228794,5.0,140,-0.029978854593875802,-0.17031803090186848,5.0,140
2:4,373,nose_upperlip_R,velocity,std,0.3311357641225869,0.712259906733119,5.0,140,0.025844882512203522,0.11711692037217751,5.0,140
2:4,374,nose_upperlip_R,velocity,quantile_10,0.26240837475865214,0.6401348701664182,5.0,140,0.01162425675470264,0.05553889048216903,5.0,140
2:4,375,nose_upperlip_R,velocity,quantile_90,0.21905850239462504,0.5837718037203605,5.0,140,-0.04378547367894563,-0.26541215633602017,5.0,140
2:4,376,nose_upperlip_R,velocity,late_minus_early,0.041729792076932185,0.1788032676567003,5.0,140,-0.009373892944362246,-0.04869532372787591,5.0,140
2:4,377,nose_upperlip_R,velocity,slope_per_second,0.02852797753920842,0.12803012551581347,5.0,140,-0.020148314323832586,-0.1095723654612385,5.0,140
2:4,378,nose_upperlip_R,acceleration,mean,0.14206922291065743,0.45294687330963807,5.0,140,0.051970175412557176,0.21512958747314437,5.0,140
2:4,379,nose_upperlip_R,acceleration,std,0.4357582374784013,0.7943000420248798,5.0,140,0.0910679321845279,0.3337602409629991,5.0,140
2:4,380,nose_upperlip_R,acceleration,quantile_10,0.41959674686994386,0.7833011973836589,5.0,140,0.08502889779756213,0.31724464052403917,5.0,140
2:4,381,nose_upperlip_R,acceleration,quantile_90,0.41467183734456897,0.7798431760724674,5.0,140,0.1098617397110956,0.3816109341024099,5.0,140
2:4,382,nose_upperlip_R,acceleration,late_minus_early,0.021439389937638446,0.09873009745639726,5.0,140,-0.024278566959892365,-0.13444983177327688,5.0,140
2:4,383,nose_upperlip_R,acceleration,slope_per_second,0.02683721265346242,0.12117776904082861,5.0,140,-0.009958701933065384,-0.05185931552853271,5.0,140
2:4,384,nose_upperlip_R,abs_velocity,mean,0.3343448889344103,0.7152130857688113,5.0,140,0.0012897985244821261,0.006415891791347761,5.0,140
2:4,385,nose_upperlip_R,abs_velocity,std,0.3037126207013919,0.6856278179028068,5.0,140,0.044912044127369904,0.1903620292122284,5.0,140
2:4,386,nose_upperlip_R,abs_velocity,quantile_10,0.21611048603658609,0.5795580997174323,5.0,140,0.01758050811813608,0.08212718969039372,5.0,140
2:4,387,nose_upperlip_R,abs_velocity,quantile_90,0.2648037995546148,0.6429726232200288,5.0,140,-0.015349430661575797,-0.08176749104451414,5.0,140
2:4,388,nose_upperlip_R,abs_velocity,late_minus_early,0.06628974177889295,0.2619818675040755,5.0,140,-0.018138971378111875,-0.09779010451823468,5.0,140
2:4,389,nose_upperlip_R,abs_velocity,slope_per_second,0.03449983151677198,0.15158107182718195,5.0,140,-0.03960822825044002,-0.23532424724282772,5.0,140
2:4,390,nose_upperlip_R,baseline_robust_z,mean,0.07771149693473818,0.29641734292821426,5.0,140,-0.01757966079399974,-0.09454669960283911,5.0,140
2:4,391,nose_upperlip_R,baseline_robust_z,std,0.1118312082824243,0.38633762691890094,5.0,140,-0.01989075692556542,-0.10805061902234873,5.0,140
2:4,392,nose_upperlip_R,baseline_robust_z,quantile_10,0.0780144241637936,0.2972979936883705,5.0,140,-0.025004524561177965,-0.13891681884052423,5.0,140
2:4,393,nose_upperlip_R,baseline_robust_z,quantile_90,0.07589367276664988,0.2910982902888089,5.0,140,-0.015208138260191035,-0.08096606366325183,5.0,140
2:4,394,nose_upperlip_R,baseline_robust_z,late_minus_early,0.026439681614375075,0.11955447866588137,5.0,140,-0.05032480877252478,-0.31504169636172674,5.0,140
2:4,395,nose_upperlip_R,baseline_robust_z,slope_per_second,0.023019015600656178,0.1053910821468476,5.0,140,-0.04647428015989788,-0.285432476276278,5.0,140
2:4,396,nose_upperlip_L,value,mean,0.6959442647161039,0.9196422699980243,5.0,140,0.11661741176937526,0.39761277023966995,5.0,140
2:4,397,nose_upperlip_L,value,std,0.27929971538536114,0.6595972642409571,5.0,140,0.010423010683364778,0.05002923251681085,5.0,140
2:4,398,nose_upperlip_L,value,quantile_10,0.5818488979436692,0.8743308120350942,5.0,140,0.1108022238363614,0.3838745180746681,5.0,140
2:4,399,nose_upperlip_L,value,quantile_90,0.7129988733071865,0.9254928705920554,5.0,140,0.06506147760888875,0.2581300882238244,5.0,140
2:4,400,nose_upperlip_L,value,late_minus_early,0.06154524994376601,0.2469354369665199,5.0,140,-0.03968641462617955,-0.23587643277798245,5.0,140
2:4,401,nose_upperlip_L,value,slope_per_second,0.0498320314305602,0.20774978240650835,5.0,140,-0.041603870310628545,-0.24954800247875242,5.0,140
2:4,402,nose_upperlip_L,delta,mean,0.14416999445280432,0.45719485400247284,5.0,140,-0.006902397041867047,-0.03549190200702946,5.0,140
2:4,403,nose_upperlip_L,delta,std,0.2792997222580944,0.6595972719070872,5.0,140,0.010423023246371272,0.05002929040432155,5.0,140
2:4,404,nose_upperlip_L,delta,quantile_10,0.13240791305393804,0.4328097972545815,5.0,140,-0.018419307080102934,-0.09942164676954582,5.0,140
2:4,405,nose_upperlip_L,delta,quantile_90,0.16481828296101833,0.4966580841872717,5.0,140,0.0012445748761606779,0.006192048508779409,5.0,140
2:4,406,nose_upperlip_L,delta,late_minus_early,0.06154525774260773,0.24693546207600742,5.0,140,-0.03968640669276609,-0.23587637672800535,5.0,140
2:4,407,nose_upperlip_L,delta,slope_per_second,0.049832037397246176,0.2077498031473865,5.0,140,-0.04160386284685703,-0.24954794877198117,5.0,140
2:4,408,nose_upperlip_L,velocity,mean,0.06300710363915953,0.25162010265346607,5.0,140,-0.04742899830212619,-0.29266897720178486,5.0,140
2:4,409,nose_upperlip_L,velocity,std,0.37023191573935965,0.7461562085571197,5.0,140,0.03786449518022392,0.16441978697528334,5.0,140
2:4,410,nose_upperlip_L,velocity,quantile_10,0.33276349072645356,0.7137618777208437,5.0,140,0.02980489446797188,0.13315034447772822,5.0,140
2:4,411,nose_upperlip_L,velocity,quantile_90,0.2539254202818754,0.6298685531180385,5.0,140,-0.05678623246756251,-0.36737956870768157,5.0,140
2:4,412,nose_upperlip_L,velocity,late_minus_early,0.015493906059147036,0.07294850138526007,5.0,140,-0.028171726819961,-0.15874738607540134,5.0,140
2:4,413,nose_upperlip_L,velocity,slope_per_second,0.015578487358689302,0.07332336813885576,5.0,140,-0.032109762003135235,-0.18420835588098528,5.0,140
2:4,414,nose_upperlip_L,acceleration,mean,0.11308681232420346,0.38932428996907237,5.0,140,0.027741420112441958,0.1248527321798591,5.0,140
2:4,415,nose_upperlip_L,acceleration,std,0.46338476009187085,0.8119474686286321,5.0,140,0.13235994236276608,0.4327072729718274,5.0,140
2:4,416,nose_upperlip_L,acceleration,quantile_10,0.4483358739444127,0.8025075946121667,5.0,140,0.1330940159173766,0.4342733454040741,5.0,140
2:4,417,nose_upperlip_L,acceleration,quantile_90,0.4481047523592468,0.8023594432727962,5.0,140,0.1399709514121169,0.44865826193358305,5.0,140
2:4,418,nose_upperlip_L,acceleration,late_minus_early,0.008846333807588369,0.04272000726000349,5.0,140,-0.03960892176342543,-0.23532914332331575,5.0,140
2:4,419,nose_upperlip_L,acceleration,slope_per_second,-0.002728294728716463,-0.013791988077058956,5.0,140,-0.036475294283419515,-0.21353087784976604,5.0,140
2:4,420,nose_upperlip_L,abs_velocity,mean,0.38636186987248355,0.7589272082524054,5.0,140,0.0185054706498686,0.08615034269636797,5.0,140
2:4,421,nose_upperlip_L,abs_velocity,std,0.3238466836234605,0.7054294571735256,5.0,140,0.04297048675294893,0.18333965662036264,5.0,140
2:4,422,nose_upperlip_L,abs_velocity,quantile_10,0.19362007421213354,0.5455683970005234,5.0,140,-0.03388504025953826,-0.19598967315955196,5.0,140
2:4,423,nose_upperlip_L,abs_velocity,quantile_90,0.33346752530003165,0.714408923462697,5.0,140,0.004029811158155988,0.01982942051064567,5.0,140
2:4,424,nose_upperlip_L,abs_velocity,late_minus_early,0.053865357910801125,0.22158398657693137,5.0,140,-0.02237842425997247,-0.12289270133563394,5.0,140
2:4,425,nose_upperlip_L,abs_velocity,slope_per_second,0.03553007613402721,0.15554436775580457,5.0,140,-0.033431406248514844,-0.1929608401973427,5.0,140
2:4,426,nose_upperlip_L,baseline_robust_z,mean,0.06849351721109555,0.2688183334580185,5.0,140,-0.013672848078246999,-0.07231949422158455,5.0,140
2:4,427,nose_upperlip_L,baseline_robust_z,std,0.1617249598861898,0.4909981651673919,5.0,140,0.0012669534078349992,0.006302825494219434,5.0,140
2:4,428,nose_upperlip_L,baseline_robust_z,quantile_10,0.08740041485090222,0.3238007831493205,5.0,140,-0.013446013044591702,-0.07105150296582376,5.0,140
2:4,429,nose_upperlip_L,baseline_robust_z,quantile_90,0.05880521447758811,0.23803522301699978,5.0,140,-0.018182908516120283,-0.09804555608761435,5.0,140
2:4,430,nose_upperlip_L,baseline_robust_z,late_minus_early,0.021242371358787662,0.09789386542179086,5.0,140,-0.046804161805882365,-0.28792519953810075,5.0,140
2:4,431,nose_upperlip_L,baseline_robust_z,slope_per_second,0.020194179080166835,0.09342438070332747,5.0,140,-0.03995153705604172,-0.2377519007762327,5.0,140
2:4,432,corner_horizontal_R,value,mean,0.6881413467193519,0.9168945451633681,5.0,140,0.11889142977181297,0.40286728077877904,5.0,140
2:4,433,corner_horizontal_R,value,std,0.3192769576357734,0.7010580556468979,5.0,140,0.05399060370623766,0.22200769961302674,5.0,140
2:4,434,corner_horizontal_R,value,quantile_10,0.6558129861882236,0.905006050073272,5.0,140,0.1301610000741891,0.42797985606357547,5.0,140
2:4,435,corner_horizontal_R,value,quantile_90,0.6301706974521664,0.8949552332239701,5.0,140,0.09796786793184609,0.35192857214848616,5.0,140
2:4,436,corner_horizontal_R,value,late_minus_early,0.07795175542395152,0.29711594058698254,5.0,140,0.04053501626484061,0.17439815338769027,5.0,140
2:4,437,corner_horizontal_R,value,slope_per_second,0.0838259199528147,0.3138833555999158,5.0,140,0.0509280878702366,0.21154592211161982,5.0,140
2:4,438,corner_horizontal_R,delta,mean,0.1497750444948396,0.4683103865453167,5.0,140,0.029331941569437647,0.13125934240027726,5.0,140
2:4,439,corner_horizontal_R,delta,std,0.31927696407193773,0.7010580618531573,5.0,140,0.05399060547224925,0.2220077055850742,5.0,140
2:4,440,corner_horizontal_R,delta,quantile_10,0.14290590421911753,0.4546441739757527,5.0,140,0.035613463525070436,0.1558639038121901,5.0,140
2:4,441,corner_horizontal_R,delta,quantile_90,0.15840363268706087,0.4848256112612666,5.0,140,0.01322646487647655,0.0628093421508894,5.0,140
2:4,442,corner_horizontal_R,delta,late_minus_early,0.07795174721258724,0.2971159167283564,5.0,140,0.04053500950611297,0.17439812836592117,5.0,140
2:4,443,corner_horizontal_R,delta,slope_per_second,0.08382591120112465,0.3138833310583735,5.0,140,0.050928080873466036,0.21154589796689757,5.0,140
2:4,444,corner_horizontal_R,velocity,mean,0.05246873717823403,0.2168353730856657,5.0,140,0.011341330173419274,0.05424577393620378,5.0,140
2:4,445,corner_horizontal_R,velocity,std,0.400175934531554,0.7693608631098389,5.0,140,0.06458019911137676,0.2566126193487476,5.0,140
2:4,446,corner_horizontal_R,velocity,quantile_10,0.288434573473961,0.6696137926586679,5.0,140,0.05196414851059381,0.21510893249621466,5.0,140
2:4,447,corner_horizontal_R,velocity,quantile_90,0.3901334100097109,0.7618205125471277,5.0,140,0.05590089092094119,0.22842729696147135,5.0,140
2:4,448,corner_horizontal_R,velocity,late_minus_early,0.03269738600498429,0.1445776810455182,5.0,140,0.0022270032697471256,0.011036701269478227,5.0,140
2:4,449,corner_horizontal_R,velocity,slope_per_second,0.010614785186162138,0.05091223613128758,5.0,140,-0.023219574341683726,-0.1279848904192243,5.0,140
2:4,450,corner_horizontal_R,acceleration,mean,0.02515885903590548,0.11429242694591245,5.0,140,-0.021729940728529244,-0.11899250386735376,5.0,140
2:4,451,corner_horizontal_R,acceleration,std,0.5178231506878669,0.8430052386151137,5.0,140,0.17495959385843604,0.5146359688867242,5.0,140
2:4,452,corner_horizontal_R,acceleration,quantile_10,0.5332639136083651,0.8510284725612277,5.0,140,0.2065154264707771,0.5654667249344223,5.0,140
2:4,453,corner_horizontal_R,acceleration,quantile_90,0.44637524331195366,0.8012476886545347,5.0,140,0.11667707932169832,0.39775147500879626,5.0,140
2:4,454,corner_horizontal_R,acceleration,late_minus_early,-0.032268193895758426,-0.18525195326945978,5.0,140,-0.07682076734909486,-0.5544888825090118,5.0,140
2:4,455,corner_horizontal_R,acceleration,slope_per_second,-0.008457443330329174,-0.043767873904594266,5.0,140,-0.05049581729657157,-0.31638319941664944,5.0,140
2:4,456,corner_horizontal_R,abs_velocity,mean,0.4312969055065995,0.7913159850364637,5.0,140,0.09340741353724862,0.34000217327543564,5.0,140
2:4,457,corner_horizontal_R,abs_velocity,std,0.3210590593975608,0.70277113661471,5.0,140,0.027743016096134384,0.12485919756903886,5.0,140
2:4,458,corner_horizontal_R,abs_velocity,quantile_10,0.2693872267893166,0.6483294469296565,5.0,140,0.07279924387741406,0.28190603470349296,5.0,140
2:4,459,corner_horizontal_R,abs_velocity,quantile_90,0.3442696458005732,0.7241444355970527,5.0,140,0.022127096127924586,0.1016395300338028,5.0,140
2:4,460,corner_horizontal_R,abs_velocity,late_minus_early,0.06730066504012977,0.2651297036819088,5.0,140,-0.00823463421925731,-0.04257554733214615,5.0,140
2:4,461,corner_horizontal_R,abs_velocity,slope_per_second,0.05194827524141172,0.21505452879254885,5.0,140,-0.01227311640028421,-0.06453370047195454,5.0,140
2:4,462,corner_horizontal_R,baseline_robust_z,mean,0.15525007495529833,0.4788712098709155,5.0,140,0.03292022613061818,0.14544835915787274,5.0,140
2:4,463,corner_horizontal_R,baseline_robust_z,std,0.09660499179564715,0.3483972897186516,5.0,140,-0.032200690893800094,-0.18480712258652585,5.0,140
2:4,464,corner_horizontal_R,baseline_robust_z,quantile_10,0.13211710100775653,0.43218787074474163,5.0,140,0.02862744046271679,0.12843064028068799,5.0,140
2:4,465,corner_horizontal_R,baseline_robust_z,quantile_90,0.15323089641423251,0.4750097827846657,5.0,140,0.01810823049662304,0.08442593529803594,5.0,140
2:4,466,corner_horizontal_R,baseline_robust_z,late_minus_early,0.0011448823706543868,0.005698316246021997,5.0,140,-0.029064670989060577,-0.16444105566532924,5.0,140
2:4,467,corner_horizontal_R,baseline_robust_z,slope_per_second,0.0012165037177757935,0.006053064288037633,5.0,140,-0.025708817474691503,-0.14327813283403695,5.0,140
2:4,468,corner_horizontal_L,value,mean,0.7356113985665218,0.932937920102688,5.0,140,0.10438942744220701,0.3682016849219867,5.0,140
2:4,469,corner_horizontal_L,value,std,0.28013785520184903,0.6605306819091118,5.0,140,0.08112328163540033,0.3062427430152931,5.0,140
2:4,470,corner_horizontal_L,value,quantile_10,0.7055539381140227,0.9229645627155476,5.0,140,0.05893470093951944,0.2384593765296099,5.0,140
2:4,471,corner_horizontal_L,value,quantile_90,0.6698050644001785,0.91025409937943,5.0,140,0.13969002507285125,0.4480805771418471,5.0,140
2:4,472,corner_horizontal_L,value,late_minus_early,0.16984415700051056,0.5056761960614353,5.0,140,0.03464845704714946,0.15215459714142351,5.0,140
2:4,473,corner_horizontal_L,value,slope_per_second,0.16505984931364537,0.4970965319416976,5.0,140,0.03629324744985203,0.15846185586427977,5.0,140
2:4,474,corner_horizontal_L,delta,mean,0.1556593288691782,0.4796491717049143,5.0,140,0.04015175435064572,0.1729773891963216,5.0,140
2:4,475,corner_horizontal_L,delta,std,0.2801378418733982,0.6605306670889797,5.0,140,0.08112327093482467,0.3062427125168448,5.0,140
2:4,476,corner_horizontal_L,delta,quantile_10,0.16622741250230005,0.4992085081054744,5.0,140,0.05320737193385132,0.21935223570957244,5.0,140
2:4,477,corner_horizontal_L,delta,quantile_90,0.15355264999968574,0.47562768451590304,5.0,140,0.03292428055541675,0.1454641878508189,5.0,140
2:4,478,corner_horizontal_L,delta,late_minus_early,0.1698441570891698,0.5056761962186155,5.0,140,0.034648458215079565,0.15215460164595063,5.0,140
2:4,479,corner_horizontal_L,delta,slope_per_second,0.16505984810407828,0.4970965297475869,5.0,140,0.03629324830083312,0.15846185910877936,5.0,140
2:4,480,corner_horizontal_L,velocity,mean,0.12405607057472519,0.4145637523811504,5.0,140,0.0034111185177994434,0.016826010524671635,5.0,140
2:4,481,corner_horizontal_L,velocity,std,0.3022705099060901,0.68415410673813,5.0,140,0.0772614446315681,0.29510596916843224,5.0,140
2:4,482,corner_horizontal_L,velocity,quantile_10,0.28805929835672883,0.6692089961935477,5.0,140,0.06707335984921123,0.26442366476763024,5.0,140
2:4,483,corner_horizontal_L,velocity,quantile_90,0.23366798368539432,0.6038956256338271,5.0,140,0.009258004924489378,0.04463702541791252,5.0,140
2:4,484,corner_horizontal_L,velocity,late_minus_early,0.004163365244514554,0.020475832741026833,5.0,140,-0.042617336027125835,-0.25687619694612124,5.0,140
2:4,485,corner_horizontal_L,velocity,slope_per_second,0.020943575189596726,0.09662332450096461,5.0,140,-0.022723951847204365,-0.12497990896915398,5.0,140
2:4,486,corner_horizontal_L,acceleration,mean,-0.011502228544456696,-0.06028477999112429,5.0,140,-0.05883569159293561,-0.38471938147870127,5.0,140
2:4,487,corner_horizontal_L,acceleration,std,0.3267288090086742,0.7081508759079522,5.0,140,0.11944268265274786,0.4041313046015051,5.0,140
2:4,488,corner_horizontal_L,acceleration,quantile_10,0.3380378394061514,0.7185716138342593,5.0,140,0.14362260533487464,0.45609234387303427,5.0,140
2:4,489,corner_horizontal_L,acceleration,quantile_90,0.2821499913200171,0.6627595506957867,5.0,140,0.08739922612671855,0.3237975199663529,5.0,140
2:4,490,corner_horizontal_L,acceleration,late_minus_early,-0.007999037770428206,-0.041317179571996904,5.0,140,-0.050359326036698,-0.3153122873019545,5.0,140
2:4,491,corner_horizontal_L,acceleration,slope_per_second,-0.014302373827525566,-0.07585128274191676,5.0,140,-0.05425481964290486,-0.34646331741047576,5.0,140
2:4,492,corner_horizontal_L,abs_velocity,mean,0.3364657530019722,0.7171470611874772,5.0,140,0.08827615386630136,0.3261985542631214,5.0,140
2:4,493,corner_horizontal_L,abs_velocity,std,0.26000299272612143,0.6372584975833333,5.0,140,0.07038531705691753,0.2746119801286545,5.0,140
2:4,494,corner_horizontal_L,abs_velocity,quantile_10,0.1648687538051046,0.49674973197233113,5.0,140,0.020362863915093208,0.09414599152145445,5.0,140
2:4,495,corner_horizontal_L,abs_velocity,quantile_90,0.32481806645788763,0.7063497248343804,5.0,140,0.07917108300122119,0.30064564860686543,5.0,140
2:4,496,corner_horizontal_L,abs_velocity,late_minus_early,0.06493379122335105,0.25772794565453605,5.0,140,-0.009708582369184513,-0.050504208935693296,5.0,140
2:4,497,corner_horizontal_L,abs_velocity,slope_per_second,0.06718328155031962,0.26476522194810775,5.0,140,-0.012182785483014505,-0.06403439668864036,5.0,140
2:4,498,corner_horizontal_L,baseline_robust_z,mean,0.17591510733976853,0.5162857113666387,5.0,140,0.0634950004096952,0.25317389562319936,5.0,140
2:4,499,corner_horizontal_L,baseline_robust_z,std,0.1708625488487451,0.5074772907334404,5.0,140,0.011302792495299932,0.054069420706168096,5.0,140
2:4,500,corner_horizontal_L,baseline_robust_z,quantile_10,0.17548514975916343,0.515544284737355,5.0,140,0.06805814331100452,0.26747524290101143,5.0,140
2:4,501,corner_horizontal_L,baseline_robust_z,quantile_90,0.16495480808962157,0.49690594274905586,5.0,140,0.04649034210849953,0.19600276765291128,5.0,140
2:4,502,corner_horizontal_L,baseline_robust_z,late_minus_early,0.13978698080111335,0.44828004681497713,5.0,140,0.011711003125804819,0.05593480492762911,5.0,140
2:4,503,corner_horizontal_L,baseline_robust_z,slope_per_second,0.14640172733737086,0.4616583292937154,5.0,140,0.014910363027538917,0.0703556990803192,5.0,140
2:4,504,corner_vertical_R,value,mean,0.5439123283214057,0.856379711144266,5.0,140,0.06914298460169967,0.2708150732499739,5.0,140
2:4,505,corner_vertical_R,value,std,0.29482709530135043,0.6764235338237858,5.0,140,0.0943939437899093,0.3426088985158391,5.0,140
2:4,506,corner_vertical_R,value,quantile_10,0.5179077863503657,0.8430500959168309,5.0,140,0.09376787275658213,0.34095635524592066,5.0,140
2:4,507,corner_vertical_R,value,quantile_90,0.5288289963077508,0.8487565929344045,5.0,140,0.06433461612489244,0.2558365068012856,5.0,140
2:4,508,corner_vertical_R,value,late_minus_early,0.07858774422408121,0.29896026862496167,5.0,140,0.007623129851015727,0.03698779810368836,5.0,140
2:4,509,corner_vertical_R,value,slope_per_second,0.08542138247423861,0.3183360801424132,5.0,140,0.013618199246029469,0.06457349722524222,5.0,140
2:4,510,corner_vertical_R,delta,mean,0.20966057177680011,0.5701505215206009,5.0,140,-0.01823366702775223,-0.09834078786334968,5.0,140
2:4,511,corner_vertical_R,delta,std,0.2948270957282058,0.6764235342731655,5.0,140,0.09439394371703831,0.34260889832384245,5.0,140
2:4,512,corner_vertical_R,delta,quantile_10,0.21048004250498256,0.5713603823088194,5.0,140,-0.027931478283092344,-0.15722330920171632,5.0,140
2:4,513,corner_vertical_R,delta,quantile_90,0.21103163580750256,0.5721723289061228,5.0,140,0.006274120011748286,0.030602582946439652,5.0,140
2:4,514,corner_vertical_R,delta,late_minus_early,0.07858774445515537,0.2989602692937654,5.0,140,0.007623128359164294,0.03698779107934235,5.0,140
2:4,515,corner_vertical_R,delta,slope_per_second,0.08542138246999414,0.3183360801306238,5.0,140,0.013618199514021191,0.06457349843033539,5.0,140
2:4,516,corner_vertical_R,velocity,mean,0.043375098807540875,0.18481075500206173,5.0,140,-0.01899736466068057,-0.10279841955469125,5.0,140
2:4,517,corner_vertical_R,velocity,std,0.38188797881519937,0.7554503163900305,5.0,140,0.09534926318519682,0.345118961257436,5.0,140
2:4,518,corner_vertical_R,velocity,quantile_10,0.3254270642230889,0.706925091936854,5.0,140,0.0677339461140816,0.2664727319132667,5.0,140
2:4,519,corner_vertical_R,velocity,quantile_90,0.36898501114288795,0.7451412483752992,5.0,140,0.08985409509202581,0.3304877607392633,5.0,140
2:4,520,corner_vertical_R,velocity,late_minus_early,0.008772063798051169,0.042373506578056434,5.0,140,-0.041172944484953254,-0.2464536047748049,5.0,140
2:4,521,corner_vertical_R,velocity,slope_per_second,-0.014282507104407632,-0.07573953744882789,5.0,140,-0.05267170180458416,-0.33365527325699973,5.0,140
2:4,522,corner_vertical_R,acceleration,mean,0.010513827431308286,0.050447549823821485,5.0,140,-0.01844150797847886,-0.09955102389834239,5.0,140
2:4,523,corner_vertical_R,acceleration,std,0.3796060411836806,0.7536578756257016,5.0,140,0.11357418521890857,0.39047802978134083,5.0,140
2:4,524,corner_vertical_R,acceleration,quantile_10,0.3314502336664481,0.712550736235034,5.0,140,0.10512163378779601,0.37001981781054966,5.0,140
2:4,525,corner_vertical_R,acceleration,quantile_90,0.38484516588140255,0.7577539897998071,5.0,140,0.13022966283451956,0.4281282983805404,5.0,140
2:4,526,corner_vertical_R,acceleration,late_minus_early,-0.02349888035712829,-0.1296841291236186,5.0,140,-0.04702555674548549,-0.28960269573519054,5.0,140
2:4,527,corner_vertical_R,acceleration,slope_per_second,0.005292465187270761,0.025913735758850406,5.0,140,-0.020862655352663163,-0.11381086409535666,5.0,140
2:4,528,corner_vertical_R,abs_velocity,mean,0.4017029506822689,0.7704870567597657,5.0,140,0.10533916881892146,0.3705585327429862,5.0,140
2:4,529,corner_vertical_R,abs_velocity,std,0.32955825675421013,0.7107962247830923,5.0,140,0.08425549915291929,0.3150864359989671,5.0,140
2:4,530,corner_vertical_R,abs_velocity,quantile_10,0.21430527651952122,0.5769514351796059,5.0,140,0.014979029716232049,0.07066139220655122,5.0,140
2:4,531,corner_vertical_R,abs_velocity,quantile_90,0.3729018408586698,0.7483158187986425,5.0,140,0.09999653360094334,0.35713401420054025,5.0,140
2:4,532,corner_vertical_R,abs_velocity,late_minus_early,0.054224199122235854,0.22279703290651456,5.0,140,-0.026610298725451204,-0.14890065753717763,5.0,140
2:4,533,corner_vertical_R,abs_velocity,slope_per_second,0.05115135055283559,0.21231579427974923,5.0,140,-0.03536973663615521,-0.20599224965886942,5.0,140
2:4,534,corner_vertical_R,baseline_robust_z,mean,0.195180165461837,0.5480370100815082,5.0,140,-0.024330913860796617,-0.13477097304871966,5.0,140
2:4,535,corner_vertical_R,baseline_robust_z,std,0.19322315475927984,0.5449375576514662,5.0,140,0.04261574402391744,0.18204652728987375,5.0,140
2:4,536,corner_vertical_R,baseline_robust_z,quantile_10,0.1934427187485397,0.5452866587100116,5.0,140,-0.02323639458067666,-0.12808710274356377,5.0,140
2:4,537,corner_vertical_R,baseline_robust_z,quantile_90,0.18248504328125412,0.5274316595342358,5.0,140,-0.010774063778113026,-0.05629648664077053,5.0,140
2:4,538,corner_vertical_R,baseline_robust_z,late_minus_early,0.07714079598472755,0.2947538068147607,5.0,140,0.005722103197566568,0.027970319763216598,5.0,140
2:4,539,corner_vertical_R,baseline_robust_z,slope_per_second,0.08562807598348011,0.31890983692502084,5.0,140,0.01221096570905055,0.05821155150791751,5.0,140
2:4,540,corner_vertical_L,value,mean,0.6862729500679368,0.9162298104657143,5.0,140,0.09699583899258654,0.3494128318447171,5.0,140
2:4,541,corner_vertical_L,value,std,0.2247451014431967,0.5917520285095756,5.0,140,0.007017614378288611,0.03413002643449084,5.0,140
2:4,542,corner_vertical_L,value,quantile_10,0.6509531633461871,0.9031451215073615,5.0,140,0.08629987420571508,0.32076979812117523,5.0,140
2:4,543,corner_vertical_L,value,quantile_90,0.6585597916549771,0.9060490538209169,5.0,140,0.08576688685920417,0.3192947630329032,5.0,140
2:4,544,corner_vertical_L,value,late_minus_early,0.028653822383960602,0.12853682635150676,5.0,140,-0.03958470980814476,-0.23515823025534227,5.0,140
2:4,545,corner_vertical_L,value,slope_per_second,0.03612747194025753,0.15782944440494356,5.0,140,-0.029682600992034635,-0.1684081756915706,5.0,140
2:4,546,corner_vertical_L,delta,mean,0.19533090068923092,0.5482746099218601,5.0,140,-0.006612917626698782,-0.03396296530107157,5.0,140
2:4,547,corner_vertical_L,delta,std,0.22474509995369582,0.591752026444339,5.0,140,0.0070176151425554705,0.034130030049998386,5.0,140
2:4,548,corner_vertical_L,delta,quantile_10,0.20108086779607054,0.5572195645830886,5.0,140,0.0036196919331110927,0.017840156187801753,5.0,140
2:4,549,corner_vertical_L,delta,quantile_90,0.19314372171001046,0.5448111759450868,5.0,140,-0.007882861649794681,-0.04069756122753627,5.0,140
2:4,550,corner_vertical_L,delta,late_minus_early,0.028653824045301198,0.12853683303769634,5.0,140,-0.039584706991183945,-0.23515821037260237,5.0,140
2:4,551,corner_vertical_L,delta,slope_per_second,0.03612747518442022,0.15782945678816176,5.0,140,-0.029682597546429445,-0.1684081535086903,5.0,140
2:4,552,corner_vertical_L,velocity,mean,0.03028934620854629,0.13508070596629912,5.0,140,-0.03187208342116739,-0.18264560034919147,5.0,140
2:4,553,corner_vertical_L,velocity,std,0.3413106137643917,0.721512953216639,5.0,140,0.055489021466168235,0.22704998202494092,5.0,140
2:4,554,corner_vertical_L,velocity,quantile_10,0.2779040581464054,0.6580363748343581,5.0,140,0.04855261705225958,0.20328333382085534,5.0,140
2:4,555,corner_vertical_L,velocity,quantile_90,0.2888510344473318,0.6700623548574736,5.0,140,0.020441746725142904,0.09448313256310234,5.0,140
2:4,556,corner_vertical_L,velocity,late_minus_early,-0.026342603022184476,-0.14722631230925368,5.0,140,-0.07748057090988095,-0.5613901816633027,5.0,140
2:4,557,corner_vertical_L,velocity,slope_per_second,-0.01963751834437847,-0.10655770746196973,5.0,140,-0.06880635040542574,-0.47467413013219434,5.0,140
2:4,558,corner_vertical_L,acceleration,mean,0.06184998414527381,0.24791561363548642,5.0,140,0.006008601936983632,0.0293378908536765,5.0,140
2:4,559,corner_vertical_L,acceleration,std,0.3887191288395748,0.7607395631507856,5.0,140,0.07896140914841407,0.3000405478898813,5.0,140
2:4,560,corner_vertical_L,acceleration,quantile_10,0.32418206348902834,0.7057475409435681,5.0,140,0.06181795013769565,0.24781266645488764,5.0,140
2:4,561,corner_vertical_L,acceleration,quantile_90,0.4022084972397311,0.7708587417634718,5.0,140,0.08294114008056197,0.31139565712911244,5.0,140
2:4,562,corner_vertical_L,acceleration,late_minus_early,-0.02166412842396229,-0.11859792481592166,5.0,140,-0.05573411147582909,-0.358620032956111,5.0,140
2:4,563,corner_vertical_L,acceleration,slope_per_second,0.025587601073420008,0.11605929010301859,5.0,140,-0.004757670455132128,-0.024249843328238003,5.0,140
2:4,564,corner_vertical_L,abs_velocity,mean,0.36545769589431165,0.7422477985332343,5.0,140,0.05812812307053649,0.23581149657519995,5.0,140
2:4,565,corner_vertical_L,abs_velocity,std,0.25698514794921135,0.6336111348348502,5.0,140,0.02034056824606067,0.09405066532387278,5.0,140
2:4,566,corner_vertical_L,abs_velocity,quantile_10,0.21515284605612056,0.5781778180020058,5.0,140,0.0064609037544073105,0.031490685616327,5.0,140
2:4,567,corner_vertical_L,abs_velocity,quantile_90,0.3177772548195526,0.6996081036227547,5.0,140,0.041757935252973645,0.17890659604839335,5.0,140
2:4,568,corner_vertical_L,abs_velocity,late_minus_early,0.024654956841249995,0.11220877425990036,5.0,140,-0.03450291092466687,-0.20013559738042097,5.0,140
2:4,569,corner_vertical_L,abs_velocity,slope_per_second,0.01784683590853662,0.08328843911857378,5.0,140,-0.03944921830612898,-0.23420251630486652,5.0,140
2:4,570,corner_vertical_L,baseline_robust_z,mean,0.1622402590262828,0.49194691528156587,5.0,140,-0.012499367911555018,-0.06578597181848903,5.0,140
2:4,571,corner_vertical_L,baseline_robust_z,std,0.1766331268500758,0.5175205455627537,5.0,140,-0.017588384485592273,-0.09459716786671281,5.0,140
2:4,572,corner_vertical_L,baseline_robust_z,quantile_10,0.16924904404620617,0.5046196480639826,5.0,140,-0.0024900910871232364,-0.012575714130296428,5.0,140
2:4,573,corner_vertical_L,baseline_robust_z,quantile_90,0.15753185675580153,0.48318878065708093,5.0,140,-0.01379853038317238,-0.07302309764179668,5.0,140
2:4,574,corner_vertical_L,baseline_robust_z,late_minus_early,0.046276169673217536,0.19524085300320712,5.0,140,-0.02639978762381798,-0.14758364573578384,5.0,140
2:4,575,corner_vertical_L,baseline_robust_z,slope_per_second,0.04823803698469953,0.20217926204351946,5.0,140,-0.02217367859662453,-0.12165889382336316,5.0,140
2:4,576,inner_lip_aperture,value,mean,0.7880691284566256,0.9489603183126957,5.0,140,0.18095406908074904,0.5248647189558244,5.0,140
2:4,577,inner_lip_aperture,value,std,0.4364390834621722,0.7947520289435545,5.0,140,0.06363885078283155,0.2536310896433558,5.0,140
2:4,578,inner_lip_aperture,value,quantile_10,0.7281987484834341,0.9305352690498845,5.0,140,0.07768193861106633,0.29633132566115017,5.0,140
2:4,579,inner_lip_aperture,value,quantile_90,0.7602500652916232,0.9406706460743535,5.0,140,0.18266172324491334,0.5277267245729855,5.0,140
2:4,580,inner_lip_aperture,value,late_minus_early,0.08382752572071518,0.3138878584822214,5.0,140,-0.04939567544232322,-0.3077929373608868,5.0,140
2:4,581,inner_lip_aperture,value,slope_per_second,0.07335961032922601,0.2835836943833813,5.0,140,-0.05065335902413763,-0.31762109695060603,5.0,140
2:4,582,inner_lip_aperture,delta,mean,0.35090134221475117,0.7299479081737211,5.0,140,0.11451775570777324,0.3927029407847964,5.0,140
2:4,583,inner_lip_aperture,delta,std,0.43643908710373086,0.7947520313586445,5.0,140,0.06363885300479298,0.25363109670209,5.0,140
2:4,584,inner_lip_aperture,delta,quantile_10,0.25590324293980826,0.6322929495686572,5.0,140,0.09254908242051547,0.337721976098091,5.0,140
2:4,585,inner_lip_aperture,delta,quantile_90,0.41595623177214147,0.7807499425774236,5.0,140,0.10464579502317888,0.36883912234296845,5.0,140
2:4,586,inner_lip_aperture,delta,late_minus_early,0.0838275251531895,0.31388785689077786,5.0,140,-0.04939567694858479,-0.3077929490577615,5.0,140
2:4,587,inner_lip_aperture,delta,slope_per_second,0.07335961273064052,0.2835837015604253,5.0,140,-0.05065335773385534,-0.3176210868040908,5.0,140
2:4,588,inner_lip_aperture,velocity,mean,0.07482129359696846,0.2879325304093409,5.0,140,-0.04152395115140278,-0.248973151716573,5.0,140
2:4,589,inner_lip_aperture,velocity,std,0.4557361248884838,0.8071999377963267,5.0,140,0.1329062867033802,0.43387341537152846,5.0,140
2:4,590,inner_lip_aperture,velocity,quantile_10,0.445240094045953,0.800514990898461,5.0,140,0.09437966908651771,0.34257128671701187,5.0,140
2:4,591,inner_lip_aperture,velocity,quantile_90,0.4992561687334932,0.8329196834932503,5.0,140,0.1111066933427949,0.38460479752628973,5.0,140
2:4,592,inner_lip_aperture,velocity,late_minus_early,-0.01764266434783649,-0.09491127264348229,5.0,140,-0.05237253081394347,-0.3312579156483385,5.0,140
2:4,593,inner_lip_aperture,velocity,slope_per_second,-0.007407452954701459,-0.0381681807877134,5.0,140,-0.03765772948808181,-0.22168059965931383,5.0,140
2:4,594,inner_lip_aperture,acceleration,mean,-0.013349951969964505,-0.07051526125334938,5.0,140,-0.05160937309360294,-0.32517522310890745,5.0,140
2:4,595,inner_lip_aperture,acceleration,std,0.5101636008260473,0.8389042836825974,5.0,140,0.1812863633839954,0.5254234157833414,5.0,140
2:4,596,inner_lip_aperture,acceleration,quantile_10,0.4667110123720995,0.8139804682703028,5.0,140,0.11961728893113452,0.4045308908474148,5.0,140
2:4,597,inner_lip_aperture,acceleration,quantile_90,0.5308143859839617,0.8497768411935754,5.0,140,0.17161088493634627,0.5087952276251586,5.0,140
2:4,598,inner_lip_aperture,acceleration,late_minus_early,0.06497947151845322,0.25787185116064926,5.0,140,0.02952065254404938,0.13201463056203536,5.0,140
2:4,599,inner_lip_aperture,acceleration,slope_per_second,0.037340546899257095,0.16244029646270589,5.0,140,-0.009024615439614882,-0.04681295278394627,5.0,140
2:4,600,inner_lip_aperture,abs_velocity,mean,0.5129047562735258,0.8403813714225178,5.0,140,0.1429957042071188,0.4548259137323687,5.0,140
2:4,601,inner_lip_aperture,abs_velocity,std,0.3779997861652786,0.752388365594514,5.0,140,0.10803050521834434,0.3771693460605477,5.0,140
2:4,602,inner_lip_aperture,abs_velocity,quantile_10,0.3481650318577195,0.7275689260379036,5.0,140,0.08075105933960455,0.3051806527121806,5.0,140
2:4,603,inner_lip_aperture,abs_velocity,quantile_90,0.45777953905316754,0.8084783357568558,5.0,140,0.08979097906148607,0.33031696173001607,5.0,140
2:4,604,inner_lip_aperture,abs_velocity,late_minus_early,0.06569371293534844,0.2601164920443078,5.0,140,-0.010535015205341064,-0.05499246170778805,5.0,140
2:4,605,inner_lip_aperture,abs_velocity,slope_per_second,0.06266382887775546,0.25052397771223966,5.0,140,-0.008186908459160439,-0.04232043645255741,5.0,140
2:4,606,inner_lip_aperture,baseline_robust_z,mean,0.31800855524804106,0.6998322303199539,5.0,140,0.10224298460723256,0.36282832119864034,5.0,140
2:4,607,inner_lip_aperture,baseline_robust_z,std,0.19897633520251123,0.5539722241506414,5.0,140,-0.045858356920546794,-0.28079986663168494,5.0,140
2:4,608,inner_lip_aperture,baseline_robust_z,quantile_10,0.26065277345486504,0.6380381812366268,5.0,140,0.09448369468542317,0.3428453078588528,5.0,140
2:4,609,inner_lip_aperture,baseline_robust_z,quantile_90,0.33394696963749426,0.7148486656348342,5.0,140,0.06715506810207389,0.26467757753306875,5.0,140
2:4,610,inner_lip_aperture,baseline_robust_z,late_minus_early,0.0581990660492321,0.2360449481372508,5.0,140,-0.061638770514492965,-0.4090462955331501,5.0,140
2:4,611,inner_lip_aperture,baseline_robust_z,slope_per_second,0.0500803416492131,0.20861222270499416,5.0,140,-0.06404382277414805,-0.43050346410625023,5.0,140
2:4,612,outer_mouth_open,value,mean,0.6042222039565542,0.8841701274532853,5.0,140,0.10063773491791289,0.3587667729967547,5.0,140
2:4,613,outer_mouth_open,value,std,0.40639432348586063,0.7739142253083005,5.0,140,0.005015531217109593,0.024584439980831888,5.0,140
2:4,614,outer_mouth_open,value,quantile_10,0.5250753759439067,0.8468134071871016,5.0,140,0.07599182534860069,0.2913870051317181,5.0,140
2:4,615,outer_mouth_open,value,quantile_90,0.6385419070344494,0.8983002123749194,5.0,140,0.10609016225277611,0.3724132730233445,5.0,140
2:4,616,outer_mouth_open,value,late_minus_early,0.08706416647692447,0.3228768256017097,5.0,140,-0.02542715389265688,-0.1415306566076504,5.0,140
2:4,617,outer_mouth_open,value,slope_per_second,0.0797685371464327,0.3023656298319468,5.0,140,-0.01867128072512486,-0.10089149751732085,5.0,140
2:4,618,outer_mouth_open,delta,mean,0.2202129650715451,0.5854075212442268,5.0,140,-0.019981818793882233,-0.10858825750809159,5.0,140
2:4,619,outer_mouth_open,delta,std,0.4063943256020348,0.7739142268431711,5.0,140,0.0050155335180552645,0.02458445103747063,5.0,140
2:4,620,outer_mouth_open,delta,quantile_10,0.1702209062942995,0.5063435199934049,5.0,140,-0.04085714075005669,-0.24419397401723483,5.0,140
2:4,621,outer_mouth_open,delta,quantile_90,0.27338646840503983,0.6529268640583928,5.0,140,-0.016994147140811065,-0.09116802717763188,5.0,140
2:4,622,outer_mouth_open,delta,late_minus_early,0.08706417233602387,0.32287684171765224,5.0,140,-0.025427148282355153,-0.1415306218442906,5.0,140
2:4,623,outer_mouth_open,delta,slope_per_second,0.07976853574558225,0.3023656258064141,5.0,140,-0.01867128069058232,-0.1008914973156026,5.0,140
2:4,624,outer_mouth_open,velocity,mean,0.024668118602110035,0.11226329582613839,5.0,140,-0.08307464826583662,-0.6220943029532818,5.0,140
2:4,625,outer_mouth_open,velocity,std,0.438637861903805,0.7962056077833654,5.0,140,0.10023681528795421,0.35774656929463033,5.0,140
2:4,626,outer_mouth_open,velocity,quantile_10,0.3562197605504754,0.7345103701069796,5.0,140,0.02616025043233314,0.11841064378100606,5.0,140
2:4,627,outer_mouth_open,velocity,quantile_90,0.3847033262220967,0.7576439856396004,5.0,140,0.039107548339934226,0.16908737148377462,5.0,140
2:4,628,outer_mouth_open,velocity,late_minus_early,0.05983653787104052,0.2414036538516059,5.0,140,0.01950342888807701,0.09046002201411996,5.0,140
2:4,629,outer_mouth_open,velocity,slope_per_second,0.03702256428283169,0.16123542575536717,5.0,140,0.009150110097313811,0.04413518333967637,5.0,140
2:4,630,outer_mouth_open,acceleration,mean,0.04152902486336977,0.17806556689695424,5.0,140,-0.002278875867855464,-0.0114992003398942,5.0,140
2:4,631,outer_mouth_open,acceleration,std,0.5226671757064197,0.845556780687243,5.0,140,0.20168123601691895,0.5581403984019064,5.0,140
2:4,632,outer_mouth_open,acceleration,quantile_10,0.48640913583341194,0.8256435046852912,5.0,140,0.178014410894383,0.5198843963057295,5.0,140
2:4,633,outer_mouth_open,acceleration,quantile_90,0.514913082858348,0.8414568504538562,5.0,140,0.1936179998586235,0.5455651030851081,5.0,140
2:4,634,outer_mouth_open,acceleration,late_minus_early,0.0442568302424588,0.18800256142734437,5.0,140,0.009220160419496515,0.044461050042247444,5.0,140
2:4,635,outer_mouth_open,acceleration,slope_per_second,0.045570690118323036,0.19272331307647653,5.0,140,0.004546150889043924,0.02232478704336007,5.0,140
2:4,636,outer_mouth_open,abs_velocity,mean,0.44401174206660887,0.7997194340409196,5.0,140,0.07587581469928212,0.29104574226112884,5.0,140
2:4,637,outer_mouth_open,abs_velocity,std,0.4148205521867984,0.7799483462535992,5.0,140,0.1024255846279752,0.3632879858030771,5.0,140
2:4,638,outer_mouth_open,abs_velocity,quantile_10,0.38733724018237115,0.7596787378836053,5.0,140,0.14628160142156818,0.46141935714658755,5.0,140
2:4,639,outer_mouth_open,abs_velocity,quantile_90,0.44034013242970144,0.7973245936026725,5.0,140,0.06653275414701515,0.2627404007774251,5.0,140
2:4,640,outer_mouth_open,abs_velocity,late_minus_early,0.05738236765868724,0.23335092419160716,5.0,140,-0.030463525009539746,-0.17345366533547277,5.0,140
2:4,641,outer_mouth_open,abs_velocity,slope_per_second,0.04803456899900693,0.20146391558007062,5.0,140,-0.021963753887565093,-0.12039617748276576,5.0,140
2:4,642,outer_mouth_open,baseline_robust_z,mean,0.1526673736658925,0.4739252036861263,5.0,140,0.010192547755447928,0.04896637049837699,5.0,140
2:4,643,outer_mouth_open,baseline_robust_z,std,0.08067284720751665,0.30495718006780315,5.0,140,-0.03870298415808521,-0.22896078302308737,5.0,140
2:4,644,outer_mouth_open,baseline_robust_z,quantile_10,0.13000332920835458,0.42763878371534664,5.0,140,-0.007761964861268289,-0.04005339653217004,5.0,140
2:4,645,outer_mouth_open,baseline_robust_z,quantile_90,0.14418479248405022,0.45722461657968555,5.0,140,-0.0009102406626712444,-0.0045678346286335825,5.0,140
2:4,646,outer_mouth_open,baseline_robust_z,late_minus_early,0.054338084185424136,0.22318141817044806,5.0,140,-0.04382591497752741,-0.2657094062812893,5.0,140
2:4,647,outer_mouth_open,baseline_robust_z,slope_per_second,0.055444003332869134,0.22689921363608725,5.0,140,-0.03468373395439434,-0.20135342414776075,5.0,140
2:4,648,lowerlip_chin_gap,value,mean,0.6233298080806594,0.8921741281374677,5.0,140,0.1327817152463303,0.4336078173198585,5.0,140
2:4,649,lowerlip_chin_gap,value,std,0.19271204131998357,0.5441235592592993,5.0,140,0.05750908045767629,0.23376984661755174,5.0,140
2:4,650,lowerlip_chin_gap,value,quantile_10,0.606360367595881,0.8850835327920387,5.0,140,0.12745041488541733,0.4220766816619723,5.0,140
2:4,651,lowerlip_chin_gap,value,quantile_90,0.5613419585767705,0.8648356476618352,5.0,140,0.11112765011915864,0.38465501770111854,5.0,140
2:4,652,lowerlip_chin_gap,value,late_minus_early,0.08403403158648562,0.3144665798996896,5.0,140,0.01634063405331043,0.07669048562281952,5.0,140
2:4,653,lowerlip_chin_gap,value,slope_per_second,0.10860213231907505,0.3785606753672467,5.0,140,0.041394306956934544,0.17756998836567978,5.0,140
2:4,654,lowerlip_chin_gap,delta,mean,0.19097284144699017,0.5413395777967293,5.0,140,0.03816961263216556,0.16556921236212718,5.0,140
2:4,655,lowerlip_chin_gap,delta,std,0.19271204604074493,0.5441235667862556,5.0,140,0.05750908288830163,0.23376985465007794,5.0,140
2:4,656,lowerlip_chin_gap,delta,quantile_10,0.193037914352139,0.5446427610897061,5.0,140,0.04828851822792896,0.20235659134150205,5.0,140
2:4,657,lowerlip_chin_gap,delta,quantile_90,0.17992883948774357,0.5231355254689567,5.0,140,0.026142688242217268,0.11833867668481561,5.0,140
2:4,658,lowerlip_chin_gap,delta,late_minus_early,0.08403403316219273,0.31446658431279284,5.0,140,0.01634063490904143,0.07669048939256844,5.0,140
2:4,659,lowerlip_chin_gap,delta,slope_per_second,0.10860213740372512,0.3785606877234587,5.0,140,0.041394311774352925,0.17757000609541518,5.0,140
2:4,660,lowerlip_chin_gap,velocity,mean,0.05766011140063031,0.2342687159627682,5.0,140,-0.018675005707008408,-0.10091325066323692,5.0,140
2:4,661,lowerlip_chin_gap,velocity,std,0.2691866565268917,0.6480970117944204,5.0,140,0.07250168145340398,0.28101280405215207,5.0,140
2:4,662,lowerlip_chin_gap,velocity,quantile_10,0.15365854838952578,0.47583083834894746,5.0,140,-0.015210178769352128,-0.08097763081054883,5.0,140
2:4,663,lowerlip_chin_gap,velocity,quantile_90,0.23651582222155448,0.6076776217204081,5.0,140,0.06059342064925008,0.24386149472592017,5.0,140
2:4,664,lowerlip_chin_gap,velocity,late_minus_early,0.02229960895665823,0.10236706289306334,5.0,140,-0.04329029715293184,-0.2617819613489532,5.0,140
2:4,665,lowerlip_chin_gap,velocity,slope_per_second,0.03292858427678333,0.14548098931464787,5.0,140,-0.04520862973402157,-0.27594320548825874,5.0,140
2:4,666,lowerlip_chin_gap,acceleration,mean,0.0010579025404736137,0.005267223864338759,5.0,140,-0.05367209492900516,-0.34172482325931075,5.0,140
2:4,667,lowerlip_chin_gap,acceleration,std,0.32473842480194465,0.7062743910715771,5.0,140,0.07126334444769816,0.27727776012779715,5.0,140
2:4,668,lowerlip_chin_gap,acceleration,quantile_10,0.3673249450416315,0.7437836183196429,5.0,140,0.11144245657333812,0.38540870941764277,5.0,140
2:4,669,lowerlip_chin_gap,acceleration,quantile_90,0.31836603071269914,0.7001782599355164,5.0,140,0.04489390707699405,0.1902968576139175,5.0,140
2:4,670,lowerlip_chin_gap,acceleration,late_minus_early,0.02858176776806886,0.12824676214931083,5.0,140,-0.025494413713818522,-0.1419475464706272,5.0,140
2:4,671,lowerlip_chin_gap,acceleration,slope_per_second,0.04702206135186624,0.19788959925169372,5.0,140,-0.012972546627982064,-0.06841267985749666,5.0,140
2:4,672,lowerlip_chin_gap,abs_velocity,mean,0.2978276064980751,0.679565074316681,5.0,140,0.08192329719967267,0.30851742665712417,5.0,140
2:4,673,lowerlip_chin_gap,abs_velocity,std,0.21816115286771318,0.5824948084953513,5.0,140,0.0482475953907749,0.2022128431897294,5.0,140
2:4,674,lowerlip_chin_gap,abs_velocity,quantile_10,0.15766608816294025,0.48344126707174934,5.0,140,0.037443614640196014,0.1628302592800052,5.0,140
2:4,675,lowerlip_chin_gap,abs_velocity,quantile_90,0.20968318888862908,0.5701839711486344,5.0,140,0.015568662291170115,0.07327983541456312,5.0,140
2:4,676,lowerlip_chin_gap,abs_velocity,late_minus_early,0.07144828686053553,0.2778374072169744,5.0,140,-0.007935799163506195,-0.0409798265092623,5.0,140
2:4,677,lowerlip_chin_gap,abs_velocity,slope_per_second,0.05661000468174147,0.2307899441364534,5.0,140,-0.016687703687516393,-0.08940647337960032,5.0,140
2:4,678,lowerlip_chin_gap,baseline_robust_z,mean,0.1739885351344396,0.512951768493194,5.0,140,0.05228301895602418,0.2162006119984458,5.0,140
2:4,679,lowerlip_chin_gap,baseline_robust_z,std,0.08625473858184726,0.3206450671358053,5.0,140,-0.012998000286015263,-0.06855427539483484,5.0,140
2:4,680,lowerlip_chin_gap,baseline_robust_z,quantile_10,0.16906590435227312,0.5042939028098363,5.0,140,0.0644574041676759,0.25622470370146594,5.0,140
2:4,681,lowerlip_chin_gap,baseline_robust_z,quantile_90,0.15683994623206388,0.4818846689116703,5.0,140,0.027979374979990927,0.1258158765466183,5.0,140
2:4,682,lowerlip_chin_gap,baseline_robust_z,late_minus_early,0.017075485597338416,0.07991881751683215,5.0,140,-0.016076057637383324,-0.08590429796869115,5.0,140
2:4,683,lowerlip_chin_gap,baseline_robust_z,slope_per_second,0.04744517607576566,0.1993862226214099,5.0,140,0.005085240870181567,0.024919321345455443,5.0,140
2:4,684,jaw_open,value,mean,0.4622416479024192,0.8112444162450689,5.0,140,0.06524581034636624,0.2587100613433986,5.0,140
2:4,685,jaw_open,value,std,0.32697791338656795,0.7083848137864007,5.0,140,0.029966072338140543,0.13379332041860678,5.0,140
2:4,686,jaw_open,value,quantile_10,0.3954270240456116,0.7658244257558141,5.0,140,0.08323308929229974,0.3122179788217653,5.0,140
2:4,687,jaw_open,value,quantile_90,0.496472968407623,0.8313646130192425,5.0,140,0.031945702750888476,0.14163056237070015,5.0,140
2:4,688,jaw_open,value,late_minus_early,0.10025777428870465,0.3577999606586385,5.0,140,-0.012394227696048048,-0.06520373840178116,5.0,140
2:4,689,jaw_open,value,slope_per_second,0.0986544557859697,0.35369709948053557,5.0,140,-0.0056116962388191366,-0.02870276601035167,5.0,140
2:4,690,jaw_open,delta,mean,0.15417085803867026,0.47681214198253596,5.0,140,-0.057862604445886624,-0.37644028300044186,5.0,140
2:4,691,jaw_open,delta,std,0.326977923798176,0.7083848235598855,5.0,140,0.02996607944554094,0.13379334875535318,5.0,140
2:4,692,jaw_open,delta,quantile_10,0.12300383833825837,0.41220701268867505,5.0,140,-0.053060292786619064,-0.3367800578245574,5.0,140
2:4,693,jaw_open,delta,quantile_90,0.20316199777068072,0.5604011335078051,5.0,140,-0.045327932568499985,-0.2768326739533621,5.0,140
2:4,694,jaw_open,delta,late_minus_early,0.10025775942721686,0.3577999228024608,5.0,140,-0.012394241022716626,-0.0652038121680249,5.0,140
2:4,695,jaw_open,delta,slope_per_second,0.09865444765319599,0.35369707857321975,5.0,140,-0.005611703167802491,-0.02870280226458436,5.0,140
2:4,696,jaw_open,velocity,mean,0.08812990728049977,0.325798995382086,5.0,140,-0.027190850199050688,-0.15254563279460323,5.0,140
2:4,697,jaw_open,velocity,std,0.403699452714288,0.7719515655054645,5.0,140,0.05230564183592126,0.21627797581888397,5.0,140
2:4,698,jaw_open,velocity,quantile_10,0.3422936438061653,0.7223900834190462,5.0,140,0.04807142192787422,0.20159355439443258,5.0,140
2:4,699,jaw_open,velocity,quantile_90,0.35830687677578854,0.7362790280189745,5.0,140,0.02381424923900319,0.1087153485674541,5.0,140
2:4,700,jaw_open,velocity,late_minus_early,0.026496869151490982,0.11978828744428525,5.0,140,-0.02136828395424442,-0.11682698885687426,5.0,140
2:4,701,jaw_open,velocity,slope_per_second,-0.002345616332955319,-0.011839162193616007,5.0,140,-0.03602014112363866,-0.21041782456060082,5.0,140
2:4,702,jaw_open,acceleration,mean,0.05244631848249583,0.21675879022780686,5.0,140,-0.0002671684964084669,-0.0013372715894016552,5.0,140
2:4,703,jaw_open,acceleration,std,0.48551738023293717,0.8251290066034446,5.0,140,0.12891842847151985,0.42528423924758246,5.0,140
2:4,704,jaw_open,acceleration,quantile_10,0.48239279437244276,0.8233163919672798,5.0,140,0.13931824789571684,0.44731478889295073,5.0,140
2:4,705,jaw_open,acceleration,quantile_90,0.43957673690532434,0.7968234595580552,5.0,140,0.11571767905122822,0.39551574096524245,5.0,140
2:4,706,jaw_open,acceleration,late_minus_early,0.012195607750110573,0.058141743175832386,5.0,140,-0.02702427911049097,-0.15149787947026241,5.0,140
2:4,707,jaw_open,acceleration,slope_per_second,-0.02005645553278395,-0.10902923791171858,5.0,140,-0.05635673473032902,-0.3637922460913219,5.0,140
2:4,708,jaw_open,abs_velocity,mean,0.4371729343311425,0.7952382007679466,5.0,140,0.06766556925917797,0.2662610297087736,5.0,140
2:4,709,jaw_open,abs_velocity,std,0.3425677690307172,0.7226341587711281,5.0,140,0.019400686255774863,0.09001780268924144,5.0,140
2:4,710,jaw_open,abs_velocity,quantile_10,0.30169956134196074,0.6835685182713012,5.0,140,0.019531136398590537,0.09057922147493248,5.0,140
2:4,711,jaw_open,abs_velocity,quantile_90,0.37742575043071125,0.751933097604813,5.0,140,0.03245814386409668,0.143641387977265,5.0,140
2:4,712,jaw_open,abs_velocity,late_minus_early,0.005196085558350854,0.025451436426729417,5.0,140,-0.03856286891342586,-0.22798070468542775,5.0,140
2:4,713,jaw_open,abs_velocity,slope_per_second,0.01002060673197083,0.04817217593786744,5.0,140,-0.030333650456823142,-0.17261206893947167,5.0,140
2:4,714,jaw_open,baseline_robust_z,mean,0.04973408596393905,0.20740920157610362,5.0,140,-0.06189255491964669,-0.4112845911894146,5.0,140
2:4,715,jaw_open,baseline_robust_z,std,0.09891823907566523,0.35437470730146525,5.0,140,-0.00837439826034494,-0.04332321471757846,5.0,140
2:4,716,jaw_open,baseline_robust_z,quantile_10,0.06826221147500126,0.26810523294077554,5.0,140,-0.03959193646816411,-0.23520923939170724,5.0,140
2:4,717,jaw_open,baseline_robust_z,quantile_90,0.0475762739422953,0.1998490727772247,5.0,140,-0.06771572223024995,-0.4643552028921013,5.0,140
2:4,718,jaw_open,baseline_robust_z,late_minus_early,0.03748465422567908,0.16298545711353496,5.0,140,-0.05158343079532891,-0.3249692742527431,5.0,140
2:4,719,jaw_open,baseline_robust_z,slope_per_second,0.04859111528573239,0.20341829008891404,5.0,140,-0.03855051888025191,-0.22789438094210773,5.0,140
4:6,0,inner_brow_R,value,mean,0.5983193389489961,0.8816245714884161,5.0,140,0.051835248137455825,0.21466697667567491,5.0,140
4:6,1,inner_brow_R,value,std,0.388134286818574,0.7602911621345839,5.0,140,-0.059380131299301454,-0.3893883918295596,5.0,140
4:6,2,inner_brow_R,value,quantile_10,0.5801753763276944,0.8735735136082293,5.0,140,0.024386980358460607,0.11109756522795529,5.0,140
4:6,3,inner_brow_R,value,quantile_90,0.593563917961138,0.8795479295092414,5.0,140,0.05804800359050485,0.23554771867499816,5.0,140
4:6,4,inner_brow_R,value,late_minus_early,0.008244932740328708,0.03990849236052184,5.0,140,-0.032920610453683066,-0.18956550022140053,5.0,140
4:6,5,inner_brow_R,value,slope_per_second,0.012077626634732984,0.05760519693066935,5.0,140,-0.03638722414604192,-0.21292748058125852,5.0,140
4:6,6,inner_brow_R,delta,mean,0.2923257955372551,0.673778100596484,5.0,140,0.09884447578045354,0.35418532699748717,5.0,140
4:6,7,inner_brow_R,delta,std,0.3881342910495457,0.760291165381462,5.0,140,-0.05938013603017601,-0.3893884325165094,5.0,140
4:6,8,inner_brow_R,delta,quantile_10,0.3003260522602521,0.6821548131030201,5.0,140,0.09179204730240309,0.3357013717363843,5.0,140
4:6,9,inner_brow_R,delta,quantile_90,0.28551689880278996,0.666451655029692,5.0,140,0.10498717465080927,0.3696865061184328,5.0,140
4:6,10,inner_brow_R,delta,late_minus_early,0.00824493276943495,0.0399084924969087,5.0,140,-0.032920611519518084,-0.18956550728950278,5.0,140
4:6,11,inner_brow_R,delta,slope_per_second,0.012077624900873073,0.05760518904199306,5.0,140,-0.036387224792430034,-0.21292748500804878,5.0,140
4:6,12,inner_brow_R,velocity,mean,0.054153308555409105,0.22255761745866284,5.0,140,-0.0026455000933497883,-0.013368970922037909,5.0,140
4:6,13,inner_brow_R,velocity,std,0.43447547010433896,0.7934460201293062,5.0,140,-0.005564755440502483,-0.028457206787685523,5.0,140
4:6,14,inner_brow_R,velocity,quantile_10,0.4015474210065837,0.7703725931149955,5.0,140,0.005311418822985712,0.026004608643592737,5.0,140
4:6,15,inner_brow_R,velocity,quantile_90,0.3705302539677387,0.7463984463257985,5.0,140,0.001718196821707344,0.00853234312915182,5.0,140
4:6,16,inner_brow_R,velocity,late_minus_early,0.010448153371158092,0.05014507319364966,5.0,140,-0.017269793135281007,-0.092756508533718,5.0,140
4:6,17,inner_brow_R,velocity,slope_per_second,0.048229436211016,0.20214904346703494,5.0,140,0.004445837596595833,0.021840785639242622,5.0,140
4:6,18,inner_brow_R,acceleration,mean,-0.005255410400578565,-0.026841300195747965,5.0,140,-0.046223947263309584,-0.28354624256952027,5.0,140
4:6,19,inner_brow_R,acceleration,std,0.42277590808426097,0.7855065538986848,5.0,140,0.05982307626478656,0.2413598310123109,5.0,140
4:6,20,inner_brow_R,acceleration,quantile_10,0.3653245241201814,0.7421379081277046,5.0,140,0.06324949248949605,0.25239263752205815,5.0,140
4:6,21,inner_brow_R,acceleration,quantile_90,0.38733419690034987,0.7596763965909383,5.0,140,0.07649182111525545,0.2928550432518068,5.0,140
4:6,22,inner_brow_R,acceleration,late_minus_early,-0.023950614405768404,-0.13244127131117706,5.0,140,-0.048042279479752426,-0.2973535708117177,5.0,140
4:6,23,inner_brow_R,acceleration,slope_per_second,-0.0583997848755315,-0.38100025642973234,5.0,140,-0.09977619196605271,-0.8302295194739161,5.0,140
4:6,24,inner_brow_R,abs_velocity,mean,0.43942588140315286,0.7967242985366535,5.0,140,0.009201454566635958,0.04437404962686287,5.0,140
4:6,25,inner_brow_R,abs_velocity,std,0.4098942842318429,0.7764392987374197,5.0,140,-0.033077231566390336,-0.19060488558462335,5.0,140
4:6,26,inner_brow_R,abs_velocity,quantile_10,0.3260652285426323,0.7075267096217853,5.0,140,0.055164085055119834,0.2259607525782232,5.0,140
4:6,27,inner_brow_R,abs_velocity,quantile_90,0.4283157431774918,0.7893000927029501,5.0,140,-0.007564736252953419,-0.03900389807176708,5.0,140
4:6,28,inner_brow_R,abs_velocity,late_minus_early,0.05178847754988151,0.21450652279012863,5.0,140,-0.03300108199061555,-0.1900993464238631,5.0,140
4:6,29,inner_brow_R,abs_velocity,slope_per_second,0.05474101495906962,0.2245390851245524,5.0,140,-0.012324464729749707,-0.06481769734806796,5.0,140
4:6,30,inner_brow_R,baseline_robust_z,mean,0.21414457941944506,0.5767184109079181,5.0,140,0.04879046220480411,0.20411654811859833,5.0,140
4:6,31,inner_brow_R,baseline_robust_z,std,0.022367545992429794,0.10265331865682098,5.0,140,-0.04641574154777602,-0.284990978063934,5.0,140
4:6,32,inner_brow_R,baseline_robust_z,quantile_10,0.1942175806527531,0.5465159110974434,5.0,140,0.0367845811958452,0.16033193382668737,5.0,140
4:6,33,inner_brow_R,baseline_robust_z,quantile_90,0.1945300077280111,0.5470103377335881,5.0,140,0.04795601518471468,0.20118747709701737,5.0,140
4:6,34,inner_brow_R,baseline_robust_z,late_minus_early,0.0026271069843755586,0.01299893653404561,5.0,140,-0.037518109480998194,-0.22071357110338677,5.0,140
4:6,35,inner_brow_R,baseline_robust_z,slope_per_second,0.008340617968928203,0.040356690880155005,5.0,140,-0.03369056540083927,-0.19468964369995392,5.0,140
4:6,36,inner_brow_L,value,mean,0.6427408547343192,0.8999544091179736,5.0,140,0.048260756334079044,0.2022590774564666,5.0,140
4:6,37,inner_brow_L,value,std,0.3238336155458246,0.7054170555122442,5.0,140,-0.05674303056733852,-0.36701800932404455,5.0,140
4:6,38,inner_brow_L,value,quantile_10,0.6149204022989968,0.8886950762528424,5.0,140,0.030958015743806928,0.13773417205168903,5.0,140
4:6,39,inner_brow_L,value,quantile_90,0.6494520590741262,0.9025662520338439,5.0,140,0.0555540871617943,0.22726781237742777,5.0,140
4:6,40,inner_brow_L,value,late_minus_early,-0.006043646087093068,-0.03096684094386544,5.0,140,-0.0498294093541388,-0.31116839637482163,5.0,140
4:6,41,inner_brow_L,value,slope_per_second,-4.020014495879188e-05,-0.00020103305102513026,5.0,140,-0.051585394752048104,-0.3249848636872246,5.0,140
4:6,42,inner_brow_L,delta,mean,0.2906141480721588,0.6719537148363922,5.0,140,0.09447523474264784,0.3428230291113265,5.0,140
4:6,43,inner_brow_L,delta,std,0.3238336180306064,0.7054170578703663,5.0,140,-0.05674303488052701,-0.36701804541331806,5.0,140
4:6,44,inner_brow_L,delta,quantile_10,0.2927655363005464,0.6742449472197901,5.0,140,0.08884095363746566,0.32773840013934236,5.0,140
4:6,45,inner_brow_L,delta,quantile_90,0.28875914445707473,0.6699634415209481,5.0,140,0.09816791277160433,0.3524445718954068,5.0,140
4:6,46,inner_brow_L,delta,late_minus_early,-0.006043648550608739,-0.030966853879301915,5.0,140,-0.049829411815405546,-0.31116841557070796,5.0,140
4:6,47,inner_brow_L,delta,slope_per_second,-4.020443183922553e-05,-0.00020105449232265786,5.0,140,-0.0515853974485724,-0.32498488509182333,5.0,140
4:6,48,inner_brow_L,velocity,mean,0.03954924534083244,0.1707362649757491,5.0,140,-0.01954286121851251,-0.10600051988974435,5.0,140
4:6,49,inner_brow_L,velocity,std,0.4368378924448767,0.7950163663981596,5.0,140,0.007881367447312134,0.03820248592079059,5.0,140
4:6,50,inner_brow_L,velocity,quantile_10,0.3635617687399756,0.7406788266130774,5.0,140,-0.027915050592212252,-0.15711921646790222,5.0,140
4:6,51,inner_brow_L,velocity,quantile_90,0.3497305837821908,0.7289326933617024,5.0,140,-0.007905990488721629,-0.04082087008617883,5.0,140
4:6,52,inner_brow_L,velocity,late_minus_early,-0.00736991859287571,-0.03796890388721658,5.0,140,-0.04827396894967135,-0.2991307610272386,5.0,140
4:6,53,inner_brow_L,velocity,slope_per_second,0.012872046721406245,0.06120870820019205,5.0,140,-0.026495163883766343,-0.14818003686275685,5.0,140
4:6,54,inner_brow_L,acceleration,mean,-0.00718853533576808,-0.03700677470948826,5.0,140,-0.051575080067837155,-0.32490299155386804,5.0,140
4:6,55,inner_brow_L,acceleration,std,0.45227023715332987,0.805014603400072,5.0,140,0.08880959745998068,0.32765304659968586,5.0,140
4:6,56,inner_brow_L,acceleration,quantile_10,0.3982053342365607,0.7678996785516208,5.0,140,0.06594893013467099,0.26091610005832555,5.0,140
4:6,57,inner_brow_L,acceleration,quantile_90,0.3865659851313907,0.7590846710329672,5.0,140,0.058791524191384434,0.2379903575128017,5.0,140
4:6,58,inner_brow_L,acceleration,late_minus_early,-0.008115552991625434,-0.04193920429774706,5.0,140,-0.04880041500400557,-0.3031841181790777,5.0,140
4:6,59,inner_brow_L,acceleration,slope_per_second,-0.01634528129680351,-0.08744356516487878,5.0,140,-0.06928976862026366,-0.4792878085210715,5.0,140
4:6,60,inner_brow_L,abs_velocity,mean,0.4421020675316678,0.798477002655824,5.0,140,0.004425052381072582,0.02174045136111847,5.0,140
4:6,61,inner_brow_L,abs_velocity,std,0.4074569720776966,0.7746837233888676,5.0,140,0.0005352213110329679,0.002670389557564965,5.0,140
4:6,62,inner_brow_L,abs_velocity,quantile_10,0.3387046907906246,0.7191735858596343,5.0,140,0.007874508173873576,0.038170252992611314,5.0,140
4:6,63,inner_brow_L,abs_velocity,quantile_90,0.43180953184849197,0.7916608518910497,5.0,140,0.010686841144328194,0.05124367371889836,5.0,140
4:6,64,inner_brow_L,abs_velocity,late_minus_early,0.028571517348187556,0.1282054857051121,5.0,140,-0.030147810601101246,-0.17140954272236744,5.0,140
4:6,65,inner_brow_L,abs_velocity,slope_per_second,0.03599663567368484,0.15732980384931924,5.0,140,-0.020369101667128235,-0.11087957791726101,5.0,140
4:6,66,inner_brow_L,baseline_robust_z,mean,0.22910441292904304,0.5977413449617249,5.0,140,0.05885672631043994,0.23820400082238094,5.0,140
4:6,67,inner_brow_L,baseline_robust_z,std,0.03153207483551715,0.14000214209135634,5.0,140,-0.03643629399692505,-0.21326361275778075,5.0,140
4:6,68,inner_brow_L,baseline_robust_z,quantile_10,0.20342643445313524,0.5608033051118924,5.0,140,0.041517915484852105,0.17802471683343876,5.0,140
4:6,69,inner_brow_L,baseline_robust_z,quantile_90,0.21253938332581757,0.5743818553286916,5.0,140,0.05930864890598989,0.2396823088998715,5.0,140
4:6,70,inner_brow_L,baseline_robust_z,late_minus_early,-0.0006184549293226896,-0.0030999433475891987,5.0,140,-0.04355509641797119,-0.26372106832286735,5.0,140
4:6,71,inner_brow_L,baseline_robust_z,slope_per_second,0.007980978268465557,0.038670381446496725,5.0,140,-0.0355547528341429,-0.20724843114991032,5.0,140
4:6,72,outer_brow_R,value,mean,0.6579447592810999,0.9058160650132131,5.0,140,0.08622112335158943,0.3205521506653943,5.0,140
4:6,73,outer_brow_R,value,std,0.33362157359998085,0.7145502939989156,5.0,140,-0.06681452420168504,-0.4559212726234847,5.0,140
4:6,74,outer_brow_R,value,quantile_10,0.6452832499896535,0.9009484568111696,5.0,140,0.05731920390432252,0.23314197085682153,5.0,140
4:6,75,outer_brow_R,value,quantile_90,0.6356756823261179,0.8971620410992235,5.0,140,0.08453296817145757,0.31586187391900056,5.0,140
4:6,76,outer_brow_R,value,late_minus_early,0.02810065425882179,0.1263061315592464,5.0,140,-0.02725706621522281,-0.1529625752435745,5.0,140
4:6,77,outer_brow_R,value,slope_per_second,0.03486321487997911,0.15298226069074924,5.0,140,-0.027151180929939015,-0.15229596595597736,5.0,140
4:6,78,outer_brow_R,delta,mean,0.3461648224633531,0.7258161028207771,5.0,140,0.08902492212638087,0.32823885618796184,5.0,140
4:6,79,outer_brow_R,delta,std,0.3336215818834486,0.7145503015986694,5.0,140,-0.06681451609869464,-0.45592119716410107,5.0,140
4:6,80,outer_brow_R,delta,quantile_10,0.3515007603103886,0.7304661596125953,5.0,140,0.07829816095818407,0.2981213812227121,5.0,140
4:6,81,outer_brow_R,delta,quantile_90,0.3339400691388045,0.7148423416792148,5.0,140,0.0930432215165455,0.3390360735930541,5.0,140
4:6,82,outer_brow_R,delta,late_minus_early,0.028100642988111376,0.12630608601879725,5.0,140,-0.027257074299378514,-0.15296262616221926,5.0,140
4:6,83,outer_brow_R,delta,slope_per_second,0.03486320901932024,0.15298223812115605,5.0,140,-0.027151185886660757,-0.15229599714658942,5.0,140
4:6,84,outer_brow_R,velocity,mean,0.08354662974982445,0.3130995125497458,5.0,140,0.024528902550808793,0.11168633941133517,5.0,140
4:6,85,outer_brow_R,velocity,std,0.417077114982303,0.781538418900354,5.0,140,-0.021451674800210818,-0.11732570552342975,5.0,140
4:6,86,outer_brow_R,velocity,quantile_10,0.3676812468111014,0.7440756229635568,5.0,140,-0.02697811169864794,-0.15120775758899124,5.0,140
4:6,87,outer_brow_R,velocity,quantile_90,0.33743257271960964,0.7180240515890478,5.0,140,-0.010730166550404003,-0.056056829206722766,5.0,140
4:6,88,outer_brow_R,velocity,late_minus_early,0.015887612772041378,0.07469139219388256,5.0,140,-0.02650580308306768,-0.14824659570981655,5.0,140
4:6,89,outer_brow_R,velocity,slope_per_second,0.03128597295646112,0.1390309860976596,5.0,140,-0.02122367885417404,-0.11596304387990891,5.0,140
4:6,90,outer_brow_R,acceleration,mean,0.000738985566778079,0.0036840380301633854,5.0,140,-0.04642215362429077,-0.28503932556232847,5.0,140
4:6,91,outer_brow_R,acceleration,std,0.4227716714466576,0.7855036288492456,5.0,140,0.05586522262296476,0.22830816684506228,5.0,140
4:6,92,outer_brow_R,acceleration,quantile_10,0.36267179036253816,0.7399389772539007,5.0,140,0.04841305263668052,0.20279379625371008,5.0,140
4:6,93,outer_brow_R,acceleration,quantile_90,0.42153281371723694,0.78464671626369,5.0,140,0.08810607630787169,0.32573385426103785,5.0,140
4:6,94,outer_brow_R,acceleration,late_minus_early,0.0011290153380291925,0.005619697790145312,5.0,140,-0.026188755910671383,-0.1462658635473806,5.0,140
4:6,95,outer_brow_R,acceleration,slope_per_second,-0.0247871790371242,-0.13757642066706613,5.0,140,-0.07265351239075624,-0.5120873365620109,5.0,140
4:6,96,outer_brow_R,abs_velocity,mean,0.43332853640587027,0.7926797164894234,5.0,140,-0.003391933586504977,-0.017192937136216897,5.0,140
4:6,97,outer_brow_R,abs_velocity,std,0.3703091102505433,0.7462189095146756,5.0,140,-0.05182995122293107,-0.3269285112885366,5.0,140
4:6,98,outer_brow_R,abs_velocity,quantile_10,0.26647192187832575,0.6449332252884388,5.0,140,0.013784257034478452,0.06531974836862968,5.0,140
4:6,99,outer_brow_R,abs_velocity,quantile_90,0.4078663340068303,0.7749794922675654,5.0,140,-0.024300124635098785,-0.13458206720213878,5.0,140
4:6,100,outer_brow_R,abs_velocity,late_minus_early,0.04192432629580277,0.1795170979230138,5.0,140,-0.04122215608485252,-0.24680633797045912,5.0,140
4:6,101,outer_brow_R,abs_velocity,slope_per_second,0.04364739016871487,0.18579847646371594,5.0,140,-0.018379248820346854,-0.09918826749514374,5.0,140
4:6,102,outer_brow_R,baseline_robust_z,mean,0.23085488687433517,0.6001157864250476,5.0,140,0.040866501161634136,0.17562395892284566,5.0,140
4:6,103,outer_brow_R,baseline_robust_z,std,0.045962483978386585,0.1941229313955173,5.0,140,-0.03938707270080867,-0.2337645723240459,5.0,140
4:6,104,outer_brow_R,baseline_robust_z,quantile_10,0.19371534091113782,0.5457196400775698,5.0,140,0.007413130587995642,0.035998215063185623,5.0,140
4:6,105,outer_brow_R,baseline_robust_z,quantile_90,0.24135268348636235,0.6140006241897862,5.0,140,0.06951925350836763,0.2719681707167728,5.0,140
4:6,106,outer_brow_R,baseline_robust_z,late_minus_early,0.020787207162110938,0.09595729881390942,5.0,140,-0.037205401401331085,-0.218552313159864,5.0,140
4:6,107,outer_brow_R,baseline_robust_z,slope_per_second,0.03413173427506554,0.15015805240018917,5.0,140,-0.02905010200859212,-0.16434779034001748,5.0,140
4:6,108,outer_brow_L,value,mean,0.6878767855545934,0.9168005810430526,5.0,140,0.06633011510937653,0.2621079686265476,5.0,140
4:6,109,outer_brow_L,value,std,0.25226821340973715,0.6278224628659295,5.0,140,-0.07742155627954021,-0.5607707617654917,5.0,140
4:6,110,outer_brow_L,value,quantile_10,0.6686070114355088,0.9098110006675698,5.0,140,0.047596428478509846,0.19992019360687194,5.0,140
4:6,111,outer_brow_L,value,quantile_90,0.6752886551215196,0.9122675548108187,5.0,140,0.0676369644853826,0.2661724391671644,5.0,140
4:6,112,outer_brow_L,value,late_minus_early,0.04358727364877859,0.18558056479707324,5.0,140,-0.020353680885931563,-0.11078819467067973,5.0,140
4:6,113,outer_brow_L,value,slope_per_second,0.04009943771617684,0.17278315856048268,5.0,140,-0.027921331471557374,-0.15715901293318815,5.0,140
4:6,114,outer_brow_L,delta,mean,0.3149354882128947,0.6968394949155061,5.0,140,0.07933822544436074,0.3011274554347334,5.0,140
4:6,115,outer_brow_L,delta,std,0.25226822813497946,0.6278224811066113,5.0,140,-0.07742153468475678,-0.5607705351833259,5.0,140
4:6,116,outer_brow_L,delta,quantile_10,0.3220955831177041,0.7037626067710688,5.0,140,0.06987025028965671,0.27304137469171524,5.0,140
4:6,117,outer_brow_L,delta,quantile_90,0.3007653782330991,0.6826077630323717,5.0,140,0.08045684454657538,0.30433945413118685,5.0,140
4:6,118,outer_brow_L,delta,late_minus_early,0.04358727724629364,0.18558057784009396,5.0,140,-0.02035367574767732,-0.11078816422353134,5.0,140
4:6,119,outer_brow_L,delta,slope_per_second,0.040099441265973756,0.17278317174182836,5.0,140,-0.027921329142771168,-0.15715899817727985,5.0,140
4:6,120,outer_brow_L,velocity,mean,0.0821367893655999,0.3091225964552355,5.0,140,0.0166113954754174,0.07788205866911752,5.0,140
4:6,121,outer_brow_L,velocity,std,0.3715281607186134,0.7472070136955883,5.0,140,-0.0392725734348076,-0.232958365190885,5.0,140
4:6,122,outer_brow_L,velocity,quantile_10,0.3135450150444174,0.695474644158871,5.0,140,-0.05154057033677172,-0.3246291346815345,5.0,140
4:6,123,outer_brow_L,velocity,quantile_90,0.28545789092859586,0.6663873475502252,5.0,140,-0.05724004383873911,-0.3711873369516949,5.0,140
4:6,124,outer_brow_L,velocity,late_minus_early,-0.001562842485650094,-0.007863369258480503,5.0,140,-0.054852297887796705,-0.3513511643622795,5.0,140
4:6,125,outer_brow_L,velocity,slope_per_second,-0.00476008305668312,-0.024262379040966515,5.0,140,-0.054799794214186,-0.35092044340821416,5.0,140
4:6,126,outer_brow_L,acceleration,mean,-0.0197254330994094,-0.10707561719096004,5.0,140,-0.06853120959053939,-0.4720591997934443,5.0,140
4:6,127,outer_brow_L,acceleration,std,0.4193333372461434,0.7831175326097944,5.0,140,0.05653591148840369,0.2305435895499574,5.0,140
4:6,128,outer_brow_L,acceleration,quantile_10,0.35021949885635567,0.7293571341893587,5.0,140,0.013914812365796937,0.06590579475750695,5.0,140
4:6,129,outer_brow_L,acceleration,quantile_90,0.42456911622665217,0.7867413175568486,5.0,140,0.08886936757191144,0.3278157310613672,5.0,140
4:6,130,outer_brow_L,acceleration,late_minus_early,0.022590857308116965,0.10359324562095408,5.0,140,-0.01734723431619098,-0.09320346066596438,5.0,140
4:6,131,outer_brow_L,acceleration,slope_per_second,-0.0016538409179682135,-0.008324272680929251,5.0,140,-0.045603344405848255,-0.27888998644135027,5.0,140
4:6,132,outer_brow_L,abs_velocity,mean,0.39189053277040176,0.7631568639106594,5.0,140,-0.039890238646415874,-0.23731785704191066,5.0,140
4:6,133,outer_brow_L,abs_velocity,std,0.31553388018834494,0.6974247946101386,5.0,140,-0.04778681171372415,-0.29539870840466487,5.0,140
4:6,134,outer_brow_L,abs_velocity,quantile_10,0.26561642822234655,0.6439293185878819,5.0,140,0.006928306073683722,0.033707389911413525,5.0,140
4:6,135,outer_brow_L,abs_velocity,quantile_90,0.3342931852881464,0.7151657628936927,5.0,140,-0.046821839345163006,-0.28805900689730657,5.0,140
4:6,136,outer_brow_L,abs_velocity,late_minus_early,0.008687205010811836,0.04197736128101482,5.0,140,-0.05308538283544001,-0.3369822387986881,5.0,140
4:6,137,outer_brow_L,abs_velocity,slope_per_second,0.03294446109839681,0.1455429670301093,5.0,140,-0.0209594051320523,-0.11438695585894035,5.0,140
4:6,138,outer_brow_L,baseline_robust_z,mean,0.21771626069285493,0.5818598768897284,5.0,140,0.04300058418339318,0.18344922546501866,5.0,140
4:6,139,outer_brow_L,baseline_robust_z,std,0.054372788244191346,0.2232984942488079,5.0,140,-0.042266865161920936,-0.25433391497020036,5.0,140
4:6,140,outer_brow_L,baseline_robust_z,quantile_10,0.1934222772025368,0.5452541717761666,5.0,140,0.017220775761978363,0.08055500041526256,5.0,140
4:6,141,outer_brow_L,baseline_robust_z,quantile_90,0.22194292058735995,0.5878436536115939,5.0,140,0.061907702853378044,0.24810104995418986,5.0,140
4:6,142,outer_brow_L,baseline_robust_z,late_minus_early,0.024807516605384588,0.11284042059613422,5.0,140,-0.036863526464858576,-0.21619672746192717,5.0,140
4:6,143,outer_brow_L,baseline_robust_z,slope_per_second,0.029360275232130837,0.13137280885647706,5.0,140,-0.03294569144850413,-0.18973184446536684,5.0,140
4:6,144,eye_open_R,value,mean,0.7226288878653844,0.9287058209983465,5.0,140,0.04825997891630943,0.20225634650874075,5.0,140
4:6,145,eye_open_R,value,std,0.286032317715722,0.6670127627160525,5.0,140,0.018806215921471255,0.08745247880988957,5.0,140
4:6,146,eye_open_R,value,quantile_10,0.6915146434581573,0.9180880088575191,5.0,140,0.028035431509443362,0.12604253061039788,5.0,140
4:6,147,eye_open_R,value,quantile_90,0.696286475854958,0.9197617392051808,5.0,140,0.06016815424888825,0.24248199494639092,5.0,140
4:6,148,eye_open_R,value,late_minus_early,-0.020932505496656453,-0.11422673447209089,5.0,140,-0.0654976145594722,-0.44374503887230626,5.0,140
4:6,149,eye_open_R,value,slope_per_second,-0.03702589376725191,-0.21731452723405423,5.0,140,-0.07913831442952138,-0.5789647498010727,5.0,140
4:6,150,eye_open_R,delta,mean,0.20147971789733415,0.5578315866426982,5.0,140,-0.006336228289050211,-0.03250497727133738,5.0,140
4:6,151,eye_open_R,delta,std,0.2860323277628723,0.6670127736433046,5.0,140,0.018806224117919056,0.087452514258325,5.0,140
4:6,152,eye_open_R,delta,quantile_10,0.232975360289919,0.6029690628266969,5.0,140,-0.009093439396714212,-0.04718343584096534,5.0,140
4:6,153,eye_open_R,delta,quantile_90,0.1899972460746675,0.5397682819883632,5.0,140,0.0133085740331605,0.06317955122629451,5.0,140
4:6,154,eye_open_R,delta,late_minus_early,-0.020932509305434683,-0.11422675715552394,5.0,140,-0.06549761931100831,-0.44374508249174727,5.0,140
4:6,155,eye_open_R,delta,slope_per_second,-0.03702589473651313,-0.2173145339119133,5.0,140,-0.0791383155509185,-0.5789647618049099,5.0,140
4:6,156,eye_open_R,velocity,mean,0.009143402158590691,0.04410396947418281,5.0,140,-0.05863074640669724,-0.38296869341468964,5.0,140
4:6,157,eye_open_R,velocity,std,0.41703949540856944,0.7815119986881884,5.0,140,0.08953653983394182,0.32962777687245287,5.0,140
4:6,158,eye_open_R,velocity,quantile_10,0.3113760416450945,0.6933321395686415,5.0,140,0.03047844515613621,0.1358323860643263,5.0,140
4:6,159,eye_open_R,velocity,quantile_90,0.2997008378344022,0.6815089617997984,5.0,140,0.025080200653949516,0.11396767467417789,5.0,140
4:6,160,eye_open_R,velocity,late_minus_early,-0.03676391224220852,-0.21551178689303022,5.0,140,-0.07222578048522019,-0.507847683724576,5.0,140
4:6,161,eye_open_R,velocity,slope_per_second,-0.031802396592077835,-0.18218804936082986,5.0,140,-0.06939008485366471,-0.4802483075018534,5.0,140
4:6,162,eye_open_R,acceleration,mean,0.02708075425541073,0.12216995334168858,5.0,140,-0.026229433703495002,-0.14651968161855985,5.0,140
4:6,163,eye_open_R,acceleration,std,0.39206189951233766,0.7632868026628714,5.0,140,0.06719931202617334,0.2648150132992268,5.0,140
4:6,164,eye_open_R,acceleration,quantile_10,0.34301823816179083,0.7230347569601361,5.0,140,0.02629935075436529,0.11898033185095072,5.0,140
4:6,165,eye_open_R,acceleration,quantile_90,0.2986899157490779,0.6804615575568372,5.0,140,0.05447647357671819,0.2236481235182851,5.0,140
4:6,166,eye_open_R,acceleration,late_minus_early,-0.010253898303828137,-0.05346227859015834,5.0,140,-0.05081002811186842,-0.31885407953923117,5.0,140
4:6,167,eye_open_R,acceleration,slope_per_second,-0.06152581931141031,-0.40805204117764277,5.0,140,-0.08953464842343874,-0.6974609124630866,5.0,140
4:6,168,eye_open_R,abs_velocity,mean,0.40697576903842597,0.7743355771592816,5.0,140,0.07877894021206351,0.29951333014688697,5.0,140
4:6,169,eye_open_R,abs_velocity,std,0.3930352453684854,0.7640235278691065,5.0,140,0.07368100442781485,0.2845432826605936,5.0,140
4:6,170,eye_open_R,abs_velocity,quantile_10,0.1834372041052906,0.5290189742824027,5.0,140,-0.02052587089340423,-0.11180928637422516,5.0,140
4:6,171,eye_open_R,abs_velocity,quantile_90,0.3906233472207509,0.7621938634367061,5.0,140,0.05950293407952608,0.24031651855131095,5.0,140
4:6,172,eye_open_R,abs_velocity,late_minus_early,0.03905756411452279,0.16890045860834327,5.0,140,0.009112842832726167,0.04396174815719713,5.0,140
4:6,173,eye_open_R,abs_velocity,slope_per_second,0.010014565808131991,0.04814425384692614,5.0,140,-0.012936208048955492,-0.06821058554793406,5.0,140
4:6,174,eye_open_R,baseline_robust_z,mean,0.17754285085343266,0.5190791124767768,5.0,140,-0.0095942578260158,-0.04988575636367461,5.0,140
4:6,175,eye_open_R,baseline_robust_z,std,0.12682769433879457,0.42070851029584744,5.0,140,-0.012463922670206799,-0.06558962963814327,5.0,140
4:6,176,eye_open_R,baseline_robust_z,quantile_10,0.2122747645945525,0.5739951130058235,5.0,140,0.02148442329828119,0.09892106809142856,5.0,140
4:6,177,eye_open_R,baseline_robust_z,quantile_90,0.13877887835562783,0.4462011894222639,5.0,140,-0.020949532324944946,-0.11432814642112646,5.0,140
4:6,178,eye_open_R,baseline_robust_z,late_minus_early,-0.05230816015889096,-0.3307430405380707,5.0,140,-0.08664706388949868,-0.6630357093098531,5.0,140
4:6,179,eye_open_R,baseline_robust_z,slope_per_second,-0.05616018762123313,-0.3621559145412746,5.0,140,-0.09478301488710705,-0.763310590801074,5.0,140
4:6,180,eye_open_L,value,mean,0.7463036733271434,0.9363406124395685,5.0,140,0.03753680173292854,0.1631825974392735,5.0,140
4:6,181,eye_open_L,value,std,0.25647391177590645,0.6329889502022994,5.0,140,0.012977168215129932,0.061683911112931145,5.0,140
4:6,182,eye_open_L,value,quantile_10,0.7169981978664689,0.9268349716788691,5.0,140,0.016752407888528695,0.0785016713678984,5.0,140
4:6,183,eye_open_L,value,quantile_90,0.7304838184965038,0.9312797987026501,5.0,140,0.04993924157522664,0.20812232384530102,5.0,140
4:6,184,eye_open_L,value,late_minus_early,-0.0418156727477181,-0.2510736116619687,5.0,140,-0.08568051509417567,-0.6517829819701643,5.0,140
4:6,185,eye_open_L,value,slope_per_second,-0.055232295304888455,-0.35447544673376963,5.0,140,-0.0969616392286919,-0.7919716888302429,5.0,140
4:6,186,eye_open_L,delta,mean,0.19500725196975094,0.5477642530166184,5.0,140,-0.012459307391664553,-0.06556406849103455,5.0,140
4:6,187,eye_open_L,delta,std,0.25647391082648047,0.6329889490456627,5.0,140,0.012977166856023598,0.06168390497153133,5.0,140
4:6,188,eye_open_L,delta,quantile_10,0.21916482564133932,0.583922785936012,5.0,140,-0.016880202862203902,-0.09051249116042517,5.0,140
4:6,189,eye_open_L,delta,quantile_90,0.19497435228615365,0.5477123324199192,5.0,140,0.0042163953636723366,0.020732314283076245,5.0,140
4:6,190,eye_open_L,delta,late_minus_early,-0.04181567232075264,-0.2510736085834152,5.0,140,-0.0856805136902289,-0.651782965721318,5.0,140
4:6,191,eye_open_L,delta,slope_per_second,-0.05523229506900308,-0.35447544479057114,5.0,140,-0.09696163991750391,-0.7919716980209753,5.0,140
4:6,192,eye_open_L,velocity,mean,-0.00044349278997265996,-0.002221404657660436,5.0,140,-0.06920675237575355,-0.4784937579609591,5.0,140
4:6,193,eye_open_L,velocity,std,0.3856014457326159,0.7583396960499329,5.0,140,0.0845182578030941,0.3158207953960307,5.0,140
4:6,194,eye_open_L,velocity,quantile_10,0.2743616937995902,0.6540373206219813,5.0,140,0.011407877022566256,0.05455017821431918,5.0,140
4:6,195,eye_open_L,velocity,quantile_90,0.27031939350029954,0.6494073565128029,5.0,140,0.02506920979324373,0.11392228255975581,5.0,140
4:6,196,eye_open_L,velocity,late_minus_early,-0.04325990458741464,-0.26155971644664566,5.0,140,-0.08327550362640986,-0.6243496414573744,5.0,140
4:6,197,eye_open_L,velocity,slope_per_second,-0.044050604297616924,-0.2673630344203239,5.0,140,-0.07908098674355583,-0.5783512995194394,5.0,140
4:6,198,eye_open_L,acceleration,mean,0.03846171967828886,0.16666734723581283,5.0,140,-0.02200926707676113,-0.12066974606031097,5.0,140
4:6,199,eye_open_L,acceleration,std,0.3843832527300487,0.7573955709657121,5.0,140,0.07416237306082951,0.28597694868380374,5.0,140
4:6,200,eye_open_L,acceleration,quantile_10,0.3501956958799772,0.7293364861741836,5.0,140,0.03426144974322763,0.1506599372434069,5.0,140
4:6,201,eye_open_L,acceleration,quantile_90,0.27236043867785603,0.6517540823134171,5.0,140,0.03774753513249111,0.16397853380008343,5.0,140
4:6,202,eye_open_L,acceleration,late_minus_early,-0.007109930535800708,-0.036590269784828905,5.0,140,-0.05024658914512433,-0.31442885587088515,5.0,140
4:6,203,eye_open_L,acceleration,slope_per_second,-0.056361417043353824,-0.36383126868866705,5.0,140,-0.0864934021773988,-0.6612378592761824,5.0,140
4:6,204,eye_open_L,abs_velocity,mean,0.3777446809352748,0.7521861443184078,5.0,140,0.07389003768803047,0.28516637241865805,5.0,140
4:6,205,eye_open_L,abs_velocity,std,0.362444779430507,0.7397499162445571,5.0,140,0.06808128127141967,0.2675467140006178,5.0,140
4:6,206,eye_open_L,abs_velocity,quantile_10,0.18549882679591673,0.5324320508527027,5.0,140,-0.024435861837604697,-0.13541526390606945,5.0,140
4:6,207,eye_open_L,abs_velocity,quantile_90,0.3672512912029034,0.7437232137805692,5.0,140,0.07277140224294189,0.2818225287976748,5.0,140
4:6,208,eye_open_L,abs_velocity,late_minus_early,0.03526478113633942,0.15452652880888307,5.0,140,0.006353322314342661,0.03097932502388326,5.0,140
4:6,209,eye_open_L,abs_velocity,slope_per_second,0.006006503733769644,0.02932788643143234,5.0,140,-0.015771066672809406,-0.0841648085955027,5.0,140
4:6,210,eye_open_L,baseline_robust_z,mean,0.1875385209095786,0.5357771714582793,5.0,140,-0.005242611943428824,-0.026774533677289297,5.0,140
4:6,211,eye_open_L,baseline_robust_z,std,0.14387891514048665,0.45660896537571916,5.0,140,-0.0056720125719225785,-0.029018434562230834,5.0,140
4:6,212,eye_open_L,baseline_robust_z,quantile_10,0.2159354318219372,0.579306211424965,5.0,140,0.014722274695982376,0.06951754774362123,5.0,140
4:6,213,eye_open_L,baseline_robust_z,quantile_90,0.16517024123473006,0.49729672562605975,5.0,140,-0.004076958251350268,-0.020722734144596747,5.0,140
4:6,214,eye_open_L,baseline_robust_z,late_minus_early,-0.07185214380770648,-0.5041608789425241,5.0,140,-0.10072209485505608,-0.8434109418039649,5.0,140
4:6,215,eye_open_L,baseline_robust_z,slope_per_second,-0.07179801101530514,-0.5036280138087545,5.0,140,-0.10521927077443619,-0.9084364277730282,5.0,140
4:6,216,lid_cheek_gap_R,value,mean,0.5784950397762368,0.8728100531725559,5.0,140,0.029000430948405577,0.12993004549233345,5.0,140
4:6,217,lid_cheek_gap_R,value,std,0.2114126089201117,0.5727319887695012,5.0,140,-0.0654311452993381,-0.44313506608046,5.0,140
4:6,218,lid_cheek_gap_R,value,quantile_10,0.5045600602963523,0.8358513901765936,5.0,140,0.0003596070636232661,0.0017954526882399606,5.0,140
4:6,219,lid_cheek_gap_R,value,quantile_90,0.5950230920212953,0.8801876209648898,5.0,140,0.03156007953473548,0.1401125453708095,5.0,140
4:6,220,lid_cheek_gap_R,value,late_minus_early,-0.03480020717610729,-0.20213894446326094,5.0,140,-0.07938674267794163,-0.5816278869824806,5.0,140
4:6,221,lid_cheek_gap_R,value,slope_per_second,-0.04357238410132719,-0.263847837846434,5.0,140,-0.08450612330931,-0.6382873871162386,5.0,140
4:6,222,lid_cheek_gap_R,delta,mean,0.19863298746130878,0.5534395402612904,5.0,140,0.015334251401578482,0.07224025601942725,5.0,140
4:6,223,lid_cheek_gap_R,delta,std,0.21141260015998076,0.5727319759112557,5.0,140,-0.0654311459907867,-0.4431350724234363,5.0,140
4:6,224,lid_cheek_gap_R,delta,quantile_10,0.1823775650169789,0.5272520470905364,5.0,140,0.015390085279529116,0.07248803804840288,5.0,140
4:6,225,lid_cheek_gap_R,delta,quantile_90,0.21048230955547123,0.571363723393254,5.0,140,0.015718994741655504,0.07394557339106604,5.0,140
4:6,226,lid_cheek_gap_R,delta,late_minus_early,-0.0348002087917384,-0.20213895536532014,5.0,140,-0.07938674629147975,-0.581627925775816,5.0,140
4:6,227,lid_cheek_gap_R,delta,slope_per_second,-0.043572382909612184,-0.263847829106929,5.0,140,-0.08450612466448122,-0.6382874025787608,5.0,140
4:6,228,lid_cheek_gap_R,velocity,mean,0.005080942573328321,0.02489867785726338,5.0,140,-0.054067866593361706,-0.34494001604849733,5.0,140
4:6,229,lid_cheek_gap_R,velocity,std,0.40123659124556077,0.7701436709778395,5.0,140,0.04201764759169517,0.17985919660258456,5.0,140
4:6,230,lid_cheek_gap_R,velocity,quantile_10,0.3195249006762115,0.7012970378837505,5.0,140,-0.012823104589759786,-0.06758196539116887,5.0,140
4:6,231,lid_cheek_gap_R,velocity,quantile_90,0.31066672295075726,0.6926278799723833,5.0,140,0.025103284588562737,0.11406299922094057,5.0,140
4:6,232,lid_cheek_gap_R,velocity,late_minus_early,-0.06344943766475747,-0.4251490646188393,5.0,140,-0.08456282621342667,-0.6389345897745389,5.0,140
4:6,233,lid_cheek_gap_R,velocity,slope_per_second,-0.04002354561468383,-0.23826210498129735,5.0,140,-0.06728694706812534,-0.46033210263591257,5.0,140
4:6,234,lid_cheek_gap_R,acceleration,mean,0.00031173050272430514,0.0015567114158924343,5.0,140,-0.03790317645619765,-0.22338368759427618,5.0,140
4:6,235,lid_cheek_gap_R,acceleration,std,0.40113984877083636,0.7700723767867846,5.0,140,0.09644458262131471,0.3479798337860524,5.0,140
4:6,236,lid_cheek_gap_R,acceleration,quantile_10,0.35861209764439983,0.736536660691573,5.0,140,0.06846577045661675,0.2687328466982904,5.0,140
4:6,237,lid_cheek_gap_R,acceleration,quantile_90,0.34782818167095697,0.7272745588430638,5.0,140,0.0508597291572289,0.2113099736698629,5.0,140
4:6,238,lid_cheek_gap_R,acceleration,late_minus_early,0.012483786178192026,0.0594502729099864,5.0,140,-0.024024595153154416,-0.13289386055883515,5.0,140
4:6,239,lid_cheek_gap_R,acceleration,slope_per_second,-0.053147335642184164,-0.33748168849761623,5.0,140,-0.08346979547938096,-0.6265364571524779,5.0,140
4:6,240,lid_cheek_gap_R,abs_velocity,mean,0.4088524937007841,0.7756904952356135,5.0,140,0.05445968240513035,0.22359151947031602,5.0,140
4:6,241,lid_cheek_gap_R,abs_velocity,std,0.34486321215881205,0.7246691447502537,5.0,140,0.003511593866065783,0.017314759714308244,5.0,140
4:6,242,lid_cheek_gap_R,abs_velocity,quantile_10,0.2604429401750352,0.6377866154974324,5.0,140,0.0355745508949827,0.15571481590136904,5.0,140
4:6,243,lid_cheek_gap_R,abs_velocity,quantile_90,0.3690117322121961,0.7451630417678811,5.0,140,0.026584203108986366,0.12014516198938077,5.0,140
4:6,244,lid_cheek_gap_R,abs_velocity,late_minus_early,0.017774728420126666,0.08297426219511884,5.0,140,-0.010024548118314734,-0.052216529022607705,5.0,140
4:6,245,lid_cheek_gap_R,abs_velocity,slope_per_second,0.003718069784807897,0.018317919708879006,5.0,140,-0.01993593184707192,-0.10831728313295384,5.0,140
4:6,246,lid_cheek_gap_R,baseline_robust_z,mean,0.12597617882817994,0.4188303206496185,5.0,140,-0.009089276412359099,-0.04716102025784518,5.0,140
4:6,247,lid_cheek_gap_R,baseline_robust_z,std,0.07124452756411609,0.27722078296686564,5.0,140,-0.0251518725214844,-0.13982700680867177,5.0,140
4:6,248,lid_cheek_gap_R,baseline_robust_z,quantile_10,0.12779359549748479,0.4228287516666478,5.0,140,0.005146894553220386,0.02521534978033414,5.0,140
4:6,249,lid_cheek_gap_R,baseline_robust_z,quantile_90,0.09768371178314546,0.3511945932200872,5.0,140,-0.03406091264543842,-0.1971673647804672,5.0,140
4:6,250,lid_cheek_gap_R,baseline_robust_z,late_minus_early,-0.04149633634605449,-0.24877462354166444,5.0,140,-0.07512016287242898,-0.5369412799832269,5.0,140
4:6,251,lid_cheek_gap_R,baseline_robust_z,slope_per_second,-0.05039452733360971,-0.3155883369605576,5.0,140,-0.0839011653924756,-0.631409949313657,5.0,140
4:6,252,lid_cheek_gap_L,value,mean,0.6129433774684474,0.8878673176486296,5.0,140,0.016132045711010946,0.07577087188012162,5.0,140
4:6,253,lid_cheek_gap_L,value,std,0.18503790451403734,0.5316717882339915,5.0,140,-0.0603755998831048,-0.39799466633701847,5.0,140
4:6,254,lid_cheek_gap_L,value,quantile_10,0.5437072124934986,0.8562779888086759,5.0,140,-0.011300717973244487,-0.059178634081405626,5.0,140
4:6,255,lid_cheek_gap_L,value,quantile_90,0.6265086483503503,0.8934718578212016,5.0,140,0.022413878407745808,0.10284846048756087,5.0,140
4:6,256,lid_cheek_gap_L,value,late_minus_early,-0.04631053983792124,-0.2841981845861787,5.0,140,-0.0927520874114886,-0.7373077795172678,5.0,140
4:6,257,lid_cheek_gap_L,value,slope_per_second,-0.054033015328556484,-0.34465636787714365,5.0,140,-0.09699964887200292,-0.7924789727349622,5.0,140
4:6,258,lid_cheek_gap_L,delta,mean,0.19364366133153937,0.5456058493835538,5.0,140,-0.0038683705470989307,-0.019645842326814652,5.0,140
4:6,259,lid_cheek_gap_L,delta,std,0.18503789862827885,0.5316717785155133,5.0,140,-0.06037560773219781,-0.3979947345522057,5.0,140
4:6,260,lid_cheek_gap_L,delta,quantile_10,0.16709114447706835,0.500763282467194,5.0,140,-0.008244408124112966,-0.042627804698026885,5.0,140
4:6,261,lid_cheek_gap_L,delta,quantile_90,0.216591973670006,0.5802499450601062,5.0,140,0.0005815960710070502,0.002901230976886287,5.0,140
4:6,262,lid_cheek_gap_L,delta,late_minus_early,-0.04631053367243249,-0.28419813814744127,5.0,140,-0.09275208183112088,-0.7373077089922757,5.0,140
4:6,263,lid_cheek_gap_L,delta,slope_per_second,-0.05403301197877216,-0.344656340618701,5.0,140,-0.09699964472176388,-0.7924789173313265,5.0,140
4:6,264,lid_cheek_gap_L,velocity,mean,-0.004651839863791318,-0.023700197411347917,5.0,140,-0.0639373534213075,-0.4295418411284001,5.0,140
4:6,265,lid_cheek_gap_L,velocity,std,0.4096103891983916,0.7762354791291665,5.0,140,0.06132529412256034,0.24622675735118005,5.0,140
4:6,266,lid_cheek_gap_L,velocity,quantile_10,0.3045938250014994,0.6865245592138443,5.0,140,-0.0007147576445312127,-0.0035840350885673502,5.0,140
4:6,267,lid_cheek_gap_L,velocity,quantile_90,0.3206584824368196,0.702387006208046,5.0,140,0.0432121624419603,0.18421883527134514,5.0,140
4:6,268,lid_cheek_gap_L,velocity,late_minus_early,-0.051082685414651816,-0.321004518392076,5.0,140,-0.0746907408400731,-0.5325641469109172,5.0,140
4:6,269,lid_cheek_gap_L,velocity,slope_per_second,-0.03478254530318269,-0.20201977432651672,5.0,140,-0.06313736658326757,-0.4223514716988758,5.0,140
4:6,270,lid_cheek_gap_L,acceleration,mean,-0.005220316480155165,-0.02665824020343963,5.0,140,-0.03868873946510673,-0.22886108487057039,5.0,140
4:6,271,lid_cheek_gap_L,acceleration,std,0.4314047441950536,0.7913885760816685,5.0,140,0.13484916517083498,0.437993561422224,5.0,140
4:6,272,lid_cheek_gap_L,acceleration,quantile_10,0.39515652239720345,0.7656214203045704,5.0,140,0.11240215126130557,0.38769827548657193,5.0,140
4:6,273,lid_cheek_gap_L,acceleration,quantile_90,0.37969531310606264,0.7537282420627385,5.0,140,0.08291810094913092,0.31133070232865095,5.0,140
4:6,274,lid_cheek_gap_L,acceleration,late_minus_early,0.013106971651603131,0.06227016510303134,5.0,140,-0.023906263066176936,-0.1321700867877989,5.0,140
4:6,275,lid_cheek_gap_L,acceleration,slope_per_second,-0.04780409042841924,-0.2955307709346599,5.0,140,-0.08277697363178538,-0.6187617775311313,5.0,140
4:6,276,lid_cheek_gap_L,abs_velocity,mean,0.4174563362585262,0.7818045795298897,5.0,140,0.07492981197577499,0.2882538367292124,5.0,140
4:6,277,lid_cheek_gap_L,abs_velocity,std,0.3444680014086553,0.7243198973544448,5.0,140,0.014660918265180458,0.06924387609474493,5.0,140
4:6,278,lid_cheek_gap_L,abs_velocity,quantile_10,0.24019498240488332,0.6124985746143637,5.0,140,0.04003570833704701,0.17254646232439938,5.0,140
4:6,279,lid_cheek_gap_L,abs_velocity,quantile_90,0.359579412220793,0.737351452927989,5.0,140,0.03410919246155788,0.1500707886553737,5.0,140
4:6,280,lid_cheek_gap_L,abs_velocity,late_minus_early,-0.0019670463741027033,-0.009913231010976653,5.0,140,-0.023418171358218467,-0.12919268227838468,5.0,140
4:6,281,lid_cheek_gap_L,abs_velocity,slope_per_second,-0.01292566402259436,-0.06815195732440141,5.0,140,-0.03187149763685396,-0.1826417529779846,5.0,140
4:6,282,lid_cheek_gap_L,baseline_robust_z,mean,0.11776804769040299,0.40027963423546004,5.0,140,-0.032432436737781165,-0.1863354321497171,5.0,140
4:6,283,lid_cheek_gap_L,baseline_robust_z,std,0.055707447563097534,0.22778087354086954,5.0,140,-0.03410147286026589,-0.1974392398135415,5.0,140
4:6,284,lid_cheek_gap_L,baseline_robust_z,quantile_10,0.11152095030152252,0.3855964301948121,5.0,140,-0.01607899828975097,-0.08592109180125876,5.0,140
4:6,285,lid_cheek_gap_L,baseline_robust_z,quantile_90,0.10826970395434392,0.37775209136906696,5.0,140,-0.04952845689886638,-0.30882473475225564,5.0,140
4:6,286,lid_cheek_gap_L,baseline_robust_z,late_minus_early,-0.0554828653201899,-0.3565422746145146,5.0,140,-0.08352908921043303,-0.6272048432835565,5.0,140
4:6,287,lid_cheek_gap_L,baseline_robust_z,slope_per_second,-0.06351424483875152,-0.42573120922716534,5.0,140,-0.09299187730652143,-0.7403428856995046,5.0,140
4:6,288,alar_extent_R,value,mean,0.7560306110657868,0.93937326900129,5.0,140,0.07684756323836876,0.2938968034401564,5.0,140
4:6,289,alar_extent_R,value,std,0.17635350905985775,0.5170401594932653,5.0,140,-0.054253469759296166,-0.34645230807272964,5.0,140
4:6,290,alar_extent_R,value,quantile_10,0.7434498759368927,0.9354395902910646,5.0,140,0.10404060965240473,0.36733289492747484,5.0,140
4:6,291,alar_extent_R,value,quantile_90,0.7129400163562923,0.925473036023073,5.0,140,0.03534128773225031,0.15482025057224091,5.0,140
4:6,292,alar_extent_R,value,late_minus_early,0.037963364100344545,0.16479250849734708,5.0,140,-0.014183752899823937,-0.07518434943648411,5.0,140
4:6,293,alar_extent_R,value,slope_per_second,0.041413800918473125,0.17764172796529284,5.0,140,-0.009991155937858764,-0.05203535299345017,5.0,140
4:6,294,alar_extent_R,delta,mean,0.2289045488844183,0.5974691340310893,5.0,140,0.03289375662414173,0.14534500962778857,5.0,140
4:6,295,alar_extent_R,delta,std,0.1763534903763507,0.5170401273737667,5.0,140,-0.05425348110627015,-0.34645240061538585,5.0,140
4:6,296,alar_extent_R,delta,quantile_10,0.22937791300560514,0.5981134789029254,5.0,140,0.03993463382278487,0.1721708497543359,5.0,140
4:6,297,alar_extent_R,delta,quantile_90,0.2289955767151378,0.597593140331135,5.0,140,0.02800077592355275,0.1259024180352138,5.0,140
4:6,298,alar_extent_R,delta,late_minus_early,0.037963352667593986,0.16479246541232798,5.0,140,-0.014183774935329064,-0.07518447326641363,5.0,140
4:6,299,alar_extent_R,delta,slope_per_second,0.04141378342486784,0.17764166359149378,5.0,140,-0.0099911779656306,-0.05203547249296454,5.0,140
4:6,300,alar_extent_R,velocity,mean,0.013671874030651418,0.06481481045766606,5.0,140,-0.021217512177249487,-0.11592622527170751,5.0,140
4:6,301,alar_extent_R,velocity,std,0.2684409723980051,0.6472312825613347,5.0,140,0.021171715218956017,0.09759367418658063,5.0,140
4:6,302,alar_extent_R,velocity,quantile_10,0.19308314560541373,0.5447147660671889,5.0,140,-0.002757489881714795,-0.013941220506515866,5.0,140
4:6,303,alar_extent_R,velocity,quantile_90,0.27622389196116154,0.6561463100138669,5.0,140,0.04386024230277879,0.1865693108017799,5.0,140
4:6,304,alar_extent_R,velocity,late_minus_early,0.019766927419854044,0.09159261852866799,5.0,140,-0.03459706488676734,-0.2007694606655453,5.0,140
4:6,305,alar_extent_R,velocity,slope_per_second,0.012675546835613333,0.060319408241043364,5.0,140,-0.043949363705426535,-0.2666174956783183,5.0,140
4:6,306,alar_extent_R,acceleration,mean,0.01090291348963901,0.0522364494890548,5.0,140,-0.037202803919613836,-0.21853438746415696,5.0,140
4:6,307,alar_extent_R,acceleration,std,0.315602663002282,0.6974919931578555,5.0,140,0.06278451265924492,0.2509096123616417,5.0,140
4:6,308,alar_extent_R,acceleration,quantile_10,0.28184142375431603,0.6624188413267349,5.0,140,0.05505971180784256,0.22561038739574996,5.0,140
4:6,309,alar_extent_R,acceleration,quantile_90,0.2818654105307938,0.6624453408464189,5.0,140,0.03817310411151101,0.16558235122776935,5.0,140
4:6,310,alar_extent_R,acceleration,late_minus_early,0.010014784108686526,0.04814526288868796,5.0,140,-0.01763158535803027,-0.09484714921989715,5.0,140
4:6,311,alar_extent_R,acceleration,slope_per_second,-0.009123541812124334,-0.04734554530962233,5.0,140,-0.04382434742963152,-0.2656978823837729,5.0,140
4:6,312,alar_extent_R,abs_velocity,mean,0.2914375255248927,0.6728327641364549,5.0,140,0.037895961467523505,0.16453843809736113,5.0,140
4:6,313,alar_extent_R,abs_velocity,std,0.22235193325734434,0.5884170191810237,5.0,140,-0.018784036305919315,-0.1015502779620586,5.0,140
4:6,314,alar_extent_R,abs_velocity,quantile_10,0.22606152115213407,0.5935722356982198,5.0,140,0.026805587108629177,0.12104879903539317,5.0,140
4:6,315,alar_extent_R,abs_velocity,quantile_90,0.234752247453018,0.6053407918334874,5.0,140,3.873826567216068e-05,0.0001936613199461534,5.0,140
4:6,316,alar_extent_R,abs_velocity,late_minus_early,0.07565326720433956,0.29039040454670517,5.0,140,0.02090340778107678,0.09645231095602025,5.0,140
4:6,317,alar_extent_R,abs_velocity,slope_per_second,0.05554775710902054,0.2272466243681217,5.0,140,0.006062012527377904,0.029592502161608993,5.0,140
4:6,318,alar_extent_R,baseline_robust_z,mean,0.19978243922774258,0.5552196512239356,5.0,140,0.012267743818449061,0.058469560723702754,5.0,140
4:6,319,alar_extent_R,baseline_robust_z,std,0.12066916759865869,0.40693014872399974,5.0,140,-0.038756588411033,-0.2293360779840838,5.0,140
4:6,320,alar_extent_R,baseline_robust_z,quantile_10,0.20076026347022757,0.556726822825543,5.0,140,0.014030406533069483,0.06642419862403325,5.0,140
4:6,321,alar_extent_R,baseline_robust_z,quantile_90,0.19611125221307474,0.5495020895578272,5.0,140,0.013254747261384208,0.06293688622556748,5.0,140
4:6,322,alar_extent_R,baseline_robust_z,late_minus_early,0.03075425143481605,0.13692691774765697,5.0,140,-0.014770709771931729,-0.07849102123725046,5.0,140
4:6,323,alar_extent_R,baseline_robust_z,slope_per_second,0.031597099044471895,0.14025845415173224,5.0,140,-0.011637165709161897,-0.06102653200835635,5.0,140
4:6,324,alar_extent_L,value,mean,0.8702008009608992,0.9710321580452896,5.0,140,0.11240519451494449,0.38770551656065333,5.0,140
4:6,325,alar_extent_L,value,std,0.15531147243220242,0.4789880221629484,5.0,140,-0.04873528778526889,-0.3026815235578454,5.0,140
4:6,326,alar_extent_L,value,quantile_10,0.8350717573277336,0.9620006138860244,5.0,140,0.06739714455164462,0.2654290756413777,5.0,140
4:6,327,alar_extent_L,value,quantile_90,0.8701478757852296,0.9710189772658937,5.0,140,0.1089207239599229,0.379334197947027,5.0,140
4:6,328,alar_extent_L,value,late_minus_early,0.03208227289967631,0.14216717949822436,5.0,140,-0.014184086916194374,-0.07518622646531041,5.0,140
4:6,329,alar_extent_L,value,slope_per_second,0.03530894692663682,0.15469610796903968,5.0,140,-0.00893622859837432,-0.04633747196030374,5.0,140
4:6,330,alar_extent_L,delta,mean,0.22644614832775606,0.5941021590859299,5.0,140,-0.0021304711272785225,-0.010743914030940134,5.0,140
4:6,331,alar_extent_L,delta,std,0.15531144998820973,0.47898797946840527,5.0,140,-0.04873531072864004,-0.30268170055734095,5.0,140
4:6,332,alar_extent_L,delta,quantile_10,0.21250527934038346,0.5743320369322448,5.0,140,-0.0021117936480242296,-0.010648921539583552,5.0,140
4:6,333,alar_extent_L,delta,quantile_90,0.23635207918693202,0.6074613672415514,5.0,140,-0.0029728591028384036,-0.015043180538996002,5.0,140
4:6,334,alar_extent_L,delta,late_minus_early,0.0320822628886896,0.14216714018168053,5.0,140,-0.014184090890978615,-0.07518624880192608,5.0,140
4:6,335,alar_extent_L,delta,slope_per_second,0.0353089460197748,0.15469610448758736,5.0,140,-0.008936222419582134,-0.04633743873341282,5.0,140
4:6,336,alar_extent_L,velocity,mean,0.01728673641695812,0.08084359445165007,5.0,140,-0.009139058893887763,-0.04742912472606712,5.0,140
4:6,337,alar_extent_L,velocity,std,0.28515395156134293,0.666055886183288,5.0,140,0.021036042433706985,0.09701681298923655,5.0,140
4:6,338,alar_extent_L,velocity,quantile_10,0.18991968935666648,0.5396430699498892,5.0,140,-0.015419520335802284,-0.08216540629187981,5.0,140
4:6,339,alar_extent_L,velocity,quantile_90,0.2691492666725277,0.6480536619015957,5.0,140,0.05218684756987142,0.21587160389982232,5.0,140
4:6,340,alar_extent_L,velocity,late_minus_early,-0.00039371980108765607,-0.001971704201382168,5.0,140,-0.05636390900080876,-0.36385203753831835,5.0,140
4:6,341,alar_extent_L,velocity,slope_per_second,-0.014152541601012512,-0.07500897877533197,5.0,140,-0.0585159654898109,-0.38198984604312536,5.0,140
4:6,342,alar_extent_L,acceleration,mean,-0.043340235523343984,-0.2621472764249644,5.0,140,-0.08693576927932753,-0.6664227410198231,5.0,140
4:6,343,alar_extent_L,acceleration,std,0.31471974767851135,0.696628170371859,5.0,140,0.025442735489781192,0.1154629084904887,5.0,140
4:6,344,alar_extent_L,acceleration,quantile_10,0.28550547840795965,0.666439210054298,5.0,140,0.020740673327340788,0.09575894652455923,5.0,140
4:6,345,alar_extent_L,acceleration,quantile_90,0.315422297271158,0.6973157469944359,5.0,140,0.029908717052768107,0.13356460173733062,5.0,140
4:6,346,alar_extent_L,acceleration,late_minus_early,0.03546507777381708,0.15529516802190585,5.0,140,-0.0014857784992344221,-0.007473307212872348,5.0,140
4:6,347,alar_extent_L,acceleration,slope_per_second,-0.020403099017804675,-0.11108108891345013,5.0,140,-0.06196823579172057,-0.41195324133559325,5.0,140
4:6,348,alar_extent_L,abs_velocity,mean,0.30532166868488164,0.6872630898051113,5.0,140,0.038337263721271594,0.1661997448165912,5.0,140
4:6,349,alar_extent_L,abs_velocity,std,0.22754387882642996,0.5956098719808268,5.0,140,-0.015137554387351886,-0.08056606468024809,5.0,140
4:6,350,alar_extent_L,abs_velocity,quantile_10,0.17173208743041773,0.5090082440630987,5.0,140,0.006290550369978573,0.030680756473939415,5.0,140
4:6,351,alar_extent_L,abs_velocity,quantile_90,0.2275895682352226,0.5956724753123431,5.0,140,-0.0033232955649498347,-0.016840339527403856,5.0,140
4:6,352,alar_extent_L,abs_velocity,late_minus_early,0.03497486105014592,0.15341204536981742,5.0,140,-0.010726940320553758,-0.05603921903558962,5.0,140
4:6,353,alar_extent_L,abs_velocity,slope_per_second,0.01805239161888078,0.08418313072052266,5.0,140,-0.02430961303708302,-0.1346402773519399,5.0,140
4:6,354,alar_extent_L,baseline_robust_z,mean,0.20964693696843567,0.5701303546999169,5.0,140,-0.01109770229511477,-0.05806611322771634,5.0,140
4:6,355,alar_extent_L,baseline_robust_z,std,0.15640581924215688,0.4810641599996458,5.0,140,-0.04545417302657048,-0.2777749960677209,5.0,140
4:6,356,alar_extent_L,baseline_robust_z,quantile_10,0.19167118761231328,0.5424600726405006,5.0,140,-0.01765893222750747,-0.09500543961517291,5.0,140
4:6,357,alar_extent_L,baseline_robust_z,quantile_90,0.22453039550836387,0.5914541977543523,5.0,140,-0.0053403420963965215,-0.027284545714217366,5.0,140
4:6,358,alar_extent_L,baseline_robust_z,late_minus_early,0.033031812494042224,0.14588383282328704,5.0,140,-0.013851163158422244,-0.0733179725955754,5.0,140
4:6,359,alar_extent_L,baseline_robust_z,slope_per_second,0.03626078390162044,0.1583380694318324,5.0,140,-0.007352066650698401,-0.037874146243576295,5.0,140
4:6,360,nose_upperlip_R,value,mean,0.7896512713708318,0.9494184409663124,5.0,140,0.08141015111853465,0.30705966173550037,5.0,140
4:6,361,nose_upperlip_R,value,std,0.14309157316860296,0.45501984440667725,5.0,140,-0.05603887051444452,-0.36114755739382437,5.0,140
4:6,362,nose_upperlip_R,value,quantile_10,0.7416205715057627,0.9348593010475036,5.0,140,0.06151356666970914,0.2468334177517965,5.0,140
4:6,363,nose_upperlip_R,value,quantile_90,0.7874239564675592,0.9487731023061525,5.0,140,0.07402538078766738,0.2855693765705962,5.0,140
4:6,364,nose_upperlip_R,value,late_minus_early,-0.02845377233960517,-0.16054083068851419,5.0,140,-0.07448522967677265,-0.5304769332204985,5.0,140
4:6,365,nose_upperlip_R,value,slope_per_second,-0.032216486280146055,-0.18491118616988017,5.0,140,-0.07569330541295519,-0.5428169697690216,5.0,140
4:6,366,nose_upperlip_R,delta,mean,0.17885831838568242,0.5213211179479528,5.0,140,0.010046600304417005,0.048292307478045304,5.0,140
4:6,367,nose_upperlip_R,delta,std,0.14309157457277447,0.45501984724644423,5.0,140,-0.05603886727703619,-0.36114753050213505,5.0,140
4:6,368,nose_upperlip_R,delta,quantile_10,0.17164059780160143,0.5088474600658744,5.0,140,0.016532513042043753,0.0775351609703797,5.0,140
4:6,369,nose_upperlip_R,delta,quantile_90,0.1847597969221746,0.5312122873082951,5.0,140,0.0060242625937374,0.029412557098625346,5.0,140
4:6,370,nose_upperlip_R,delta,late_minus_early,-0.028453766620066958,-0.16054079427335127,5.0,140,-0.07448522517528075,-0.5304768875559527,5.0,140
4:6,371,nose_upperlip_R,delta,slope_per_second,-0.0322164833109382,-0.18491116660664775,5.0,140,-0.0756933003733595,-0.5428169179346821,5.0,140
4:6,372,nose_upperlip_R,velocity,mean,-0.005110603586335081,-0.02608628456957716,5.0,140,-0.06136932383761825,-0.4066764555887292,5.0,140
4:6,373,nose_upperlip_R,velocity,std,0.31693132559548187,0.6987868532017303,5.0,140,0.012666188460979921,0.06027702183136873,5.0,140
4:6,374,nose_upperlip_R,velocity,quantile_10,0.23087977472094176,0.6001494210661154,5.0,140,0.0006218092158693176,0.003101332331246418,5.0,140
4:6,375,nose_upperlip_R,velocity,quantile_90,0.25326266618484994,0.629051892783921,5.0,140,0.004203303364342902,0.020669004438144623,5.0,140
4:6,376,nose_upperlip_R,velocity,late_minus_early,-0.028668187342900983,-0.16190729090600453,5.0,140,-0.06371721553236115,-0.427557058710853,5.0,140
4:6,377,nose_upperlip_R,velocity,slope_per_second,-0.004299186445811415,-0.02187206049311291,5.0,140,-0.04505142586958716,-0.2747727451919234,5.0,140
4:6,378,nose_upperlip_R,acceleration,mean,-0.009276439516782035,-0.04816956584017428,5.0,140,-0.05487237844133051,-0.3515159591643968,5.0,140
4:6,379,nose_upperlip_R,acceleration,std,0.3298479309723632,0.7110655944292842,5.0,140,0.06252321131669492,0.2500742706968776,5.0,140
4:6,380,nose_upperlip_R,acceleration,quantile_10,0.3265088033310593,0.7079440969602204,5.0,140,0.06927960091551923,0.27123405596874667,5.0,140
4:6,381,nose_upperlip_R,acceleration,quantile_90,0.27348430107910576,0.6530384495660799,5.0,140,0.031053076896817383,0.1381103759816596,5.0,140
4:6,382,nose_upperlip_R,acceleration,late_minus_early,0.029322068808379252,0.13121980002095182,5.0,140,-0.018323263463997333,-0.0988622322312338,5.0,140
4:6,383,nose_upperlip_R,acceleration,slope_per_second,-0.011757742161371317,-0.06169005379251045,5.0,140,-0.05063359179968741,-0.31746566696440104,5.0,140
4:6,384,nose_upperlip_R,abs_velocity,mean,0.33150240473765274,0.7125989549587749,5.0,140,0.028496902047361848,0.127904932864009,5.0,140
4:6,385,nose_upperlip_R,abs_velocity,std,0.2548495416317865,0.6310036966856893,5.0,140,-0.018196474541595477,-0.0981244488495749,5.0,140
4:6,386,nose_upperlip_R,abs_velocity,quantile_10,0.15019819323432732,0.46913690445618167,5.0,140,-0.03155508534053669,-0.18056660525680085,5.0,140
4:6,387,nose_upperlip_R,abs_velocity,quantile_90,0.27252405276887637,0.6519414066318102,5.0,140,-0.004675836222031219,-0.023824784267190532,5.0,140
4:6,388,nose_upperlip_R,abs_velocity,late_minus_early,-0.030117402278868142,-0.17121297109801759,5.0,140,-0.058975146944416156,-0.38591278831697196,5.0,140
4:6,389,nose_upperlip_R,abs_velocity,slope_per_second,-0.004391035442656842,-0.02234769530181202,5.0,140,-0.03902996875880085,-0.2312530394078722,5.0,140
4:6,390,nose_upperlip_R,baseline_robust_z,mean,0.09607667765345529,0.3470209199912552,5.0,140,-0.006552058220460318,-0.033641988162677175,5.0,140
4:6,391,nose_upperlip_R,baseline_robust_z,std,0.0978654866408662,0.35166425816590785,5.0,140,-0.00128587402459071,-0.006462610535025692,5.0,140
4:6,392,nose_upperlip_R,baseline_robust_z,quantile_10,0.1092516034046241,0.3801361022791815,5.0,140,0.004496675121789851,0.02208611919801093,5.0,140
4:6,393,nose_upperlip_R,baseline_robust_z,quantile_90,0.07603924271516208,0.2915264205695336,5.0,140,-0.020706358106842397,-0.11288122697101866,5.0,140
4:6,394,nose_upperlip_R,baseline_robust_z,late_minus_early,-0.03489464132759487,-0.2027764530307314,5.0,140,-0.07110972032397543,-0.49688082866182814,5.0,140
4:6,395,nose_upperlip_R,baseline_robust_z,slope_per_second,-0.034366362548451226,-0.1992173099394864,5.0,140,-0.0696666240206112,-0.48290162346717885,5.0,140
4:6,396,nose_upperlip_L,value,mean,0.7515173222273199,0.937973444827677,5.0,140,0.10923215521757756,0.3800890094019371,5.0,140
4:6,397,nose_upperlip_L,value,std,0.19934161693388647,0.5545380436106379,5.0,140,-0.05486985168083333,-0.35149522096839747,5.0,140
4:6,398,nose_upperlip_L,value,quantile_10,0.6844672066849012,0.9155848404690206,5.0,140,0.07506380731740564,0.28865028045136326,5.0,140
4:6,399,nose_upperlip_L,value,quantile_90,0.7564529387629756,0.9395036141639254,5.0,140,0.10377550854197679,0.36667146974669473,5.0,140
4:6,400,nose_upperlip_L,value,late_minus_early,-0.01433153752923361,-0.07601535531621766,5.0,140,-0.05493337413987307,-0.3520167397783309,5.0,140
4:6,401,nose_upperlip_L,value,slope_per_second,-0.01943999222881599,-0.10539551295529175,5.0,140,-0.05747265112948095,-0.3731460196866186,5.0,140
4:6,402,nose_upperlip_L,delta,mean,0.17259934203490312,0.5105289007426089,5.0,140,0.015885788799027634,0.07468332959229282,5.0,140
4:6,403,nose_upperlip_L,delta,std,0.1993416287953056,0.5545380619689765,5.0,140,-0.054869832244234314,-0.3514950614460602,5.0,140
4:6,404,nose_upperlip_L,delta,quantile_10,0.1718253302771978,0.5091720374055201,5.0,140,0.024803093106490336,0.11282211576526344,5.0,140
4:6,405,nose_upperlip_L,delta,quantile_90,0.17253237450079328,0.5104117013064208,5.0,140,0.00919434701602564,0.04434098930915903,5.0,140
4:6,406,nose_upperlip_L,delta,late_minus_early,-0.014331543493412504,-0.07601538887434806,5.0,140,-0.054933378884218786,-0.35201677874205123,5.0,140
4:6,407,nose_upperlip_L,delta,slope_per_second,-0.01943999185352472,-0.10539551074906306,5.0,140,-0.05747265165655494,-0.37314602413023695,5.0,140
4:6,408,nose_upperlip_L,velocity,mean,0.013557500276509194,0.06430048595792878,5.0,140,-0.04172402914828718,-0.25041312361708795,5.0,140
4:6,409,nose_upperlip_L,velocity,std,0.3404087769542898,0.720705700528239,5.0,140,0.03101051975148647,0.1379419878075687,5.0,140
4:6,410,nose_upperlip_L,velocity,quantile_10,0.28829933951313963,0.6694679854472085,5.0,140,0.025201264293770724,0.11446742604200474,5.0,140
4:6,411,nose_upperlip_L,velocity,quantile_90,0.2706761404851001,0.6498188591686723,5.0,140,0.010494005215990582,0.050356270230141185,5.0,140
4:6,412,nose_upperlip_L,velocity,late_minus_early,-0.02532695310118873,-0.14091005491524056,5.0,140,-0.05462849856132065,-0.34951680618108677,5.0,140
4:6,413,nose_upperlip_L,velocity,slope_per_second,0.003112267061438567,0.015369993212750524,5.0,140,-0.027599974118611908,-0.1551257357616705,5.0,140
4:6,414,nose_upperlip_L,acceleration,mean,-0.03126158720982337,-0.1786471041543286,5.0,140,-0.07875414134282381,-0.5748616489208421,5.0,140
4:6,415,nose_upperlip_L,acceleration,std,0.33626262918918,0.7169624423576213,5.0,140,0.06482233682639392,0.25737665837120877,5.0,140
4:6,416,nose_upperlip_L,acceleration,quantile_10,0.32865438791595564,0.7099539785302936,5.0,140,0.06457532192089223,0.2565972178243979,5.0,140
4:6,417,nose_upperlip_L,acceleration,quantile_90,0.27719327723624554,0.6572382682149366,5.0,140,0.02383410632370726,0.10879810884264117,5.0,140
4:6,418,nose_upperlip_L,acceleration,late_minus_early,0.02719914832143695,0.12265165895232626,5.0,140,-0.026677666366394518,-0.14932265132382214,5.0,140
4:6,419,nose_upperlip_L,acceleration,slope_per_second,-0.0178444289303918,-0.09608012446232353,5.0,140,-0.05760860124961227,-0.37429298830268115,5.0,140
4:6,420,nose_upperlip_L,abs_velocity,mean,0.3509744948262218,0.7300112106415386,5.0,140,0.0456239560515956,0.19291381465222324,5.0,140
4:6,421,nose_upperlip_L,abs_velocity,std,0.28984645481565297,0.671131699185257,5.0,140,-8.472775879674715e-06,-4.236531520565681e-05,5.0,140
4:6,422,nose_upperlip_L,abs_velocity,quantile_10,0.23471930781320743,0.6052969832998157,5.0,140,0.024581535548393246,0.11190453638524478,5.0,140
4:6,423,nose_upperlip_L,abs_velocity,quantile_90,0.3141119456431769,0.6960319402672805,5.0,140,0.009866650036658042,0.047460159062668324,5.0,140
4:6,424,nose_upperlip_L,abs_velocity,late_minus_early,-0.003056743788362241,-0.015472905776289556,5.0,140,-0.025906517925783485,-0.1445073150164382,5.0,140
4:6,425,nose_upperlip_L,abs_velocity,slope_per_second,0.010343125036982918,0.049661024443768347,5.0,140,-0.01983060740352136,-0.10769572346162994,5.0,140
4:6,426,nose_upperlip_L,baseline_robust_z,mean,0.08775732024718916,0.3247794902822668,5.0,140,-0.0011025536683786146,-0.0055371885320069465,5.0,140
4:6,427,nose_upperlip_L,baseline_robust_z,std,0.10861517202987103,0.37859236202652863,5.0,140,-0.018248782055839487,-0.0984287278925782,5.0,140
4:6,428,nose_upperlip_L,baseline_robust_z,quantile_10,0.10563281271702658,0.37128468233145556,5.0,140,0.00978440935032666,0.04707946761891755,5.0,140
4:6,429,nose_upperlip_L,baseline_robust_z,quantile_90,0.061409053226267815,0.2464967403406236,5.0,140,-0.017319159087251013,-0.09304138997495595,5.0,140
4:6,430,nose_upperlip_L,baseline_robust_z,late_minus_early,-0.02426495613474791,-0.1343663555692331,5.0,140,-0.055744248633583314,-0.3587039781413937,5.0,140
4:6,431,nose_upperlip_L,baseline_robust_z,slope_per_second,-0.019902644823343765,-0.10812078222315721,5.0,140,-0.050529200526930745,-0.31664534771762887,5.0,140
4:6,432,corner_horizontal_R,value,mean,0.7040811947604578,0.9224597427177467,5.0,140,0.1741602792948457,0.5132502022124225,5.0,140
4:6,433,corner_horizontal_R,value,std,0.2560726476675133,0.6324997232308223,5.0,140,-0.055926351684045195,-0.3602134561372563,5.0,140
4:6,434,corner_horizontal_R,value,quantile_10,0.6648666990465456,0.9084201826061865,5.0,140,0.18537921414212766,0.5322349118899697,5.0,140
4:6,435,corner_horizontal_R,value,quantile_90,0.6747878773287429,0.9120846708083385,5.0,140,0.11229854777792994,0.387451690279625,5.0,140
4:6,436,corner_horizontal_R,value,late_minus_early,0.051101995738144765,0.21214570337232974,5.0,140,-0.009604395420362424,-0.04994057315002148,5.0,140
4:6,437,corner_horizontal_R,value,slope_per_second,0.03527991452912147,0.15458464096286775,5.0,140,-0.02226787770278483,-0.12222626675455794,5.0,140
4:6,438,corner_horizontal_R,delta,mean,0.18175248491128534,0.5262056712558095,5.0,140,0.05349422685868953,0.2203263774256119,5.0,140
4:6,439,corner_horizontal_R,delta,std,0.2560726493762331,0.6324997253157699,5.0,140,-0.05592634470754286,-0.36021339825377946,5.0,140
4:6,440,corner_horizontal_R,delta,quantile_10,0.16857974924454586,0.5034278101986513,5.0,140,0.056563404248711646,0.2306350149136782,5.0,140
4:6,441,corner_horizontal_R,delta,quantile_90,0.19961264768860884,0.554957274652936,5.0,140,0.05447112412373727,0.22363009086865068,5.0,140
4:6,442,corner_horizontal_R,delta,late_minus_early,0.05110200432626688,0.2121457329743228,5.0,140,-0.009604387076196133,-0.04994052802889727,5.0,140
4:6,443,corner_horizontal_R,delta,slope_per_second,0.03527991977188891,0.15458466109400062,5.0,140,-0.02226787197551625,-0.12222623224423897,5.0,140
4:6,444,corner_horizontal_R,velocity,mean,0.0579834406576352,0.23533505784362752,5.0,140,0.006860088676097543,0.03338436457496986,5.0,140
4:6,445,corner_horizontal_R,velocity,std,0.34483455244330297,0.724643833791437,5.0,140,0.015429122726107351,0.0726612182173226,5.0,140
4:6,446,corner_horizontal_R,velocity,quantile_10,0.25545560088257074,0.6317458952787406,5.0,140,-0.02421703398186071,-0.13407252553717408,5.0,140
4:6,447,corner_horizontal_R,velocity,quantile_90,0.3330311885178944,0.7140080905544752,5.0,140,0.03640887549683707,0.15890252804525581,5.0,140
4:6,448,corner_horizontal_R,velocity,late_minus_early,0.01798542901166142,0.08389182332595582,5.0,140,-0.028143565465021364,-0.15856856667247213,5.0,140
4:6,449,corner_horizontal_R,velocity,slope_per_second,0.028990079627292286,0.1298884877287601,5.0,140,-0.027419342938601023,-0.15398543218333985,5.0,140
4:6,450,corner_horizontal_R,acceleration,mean,-0.033766597669733465,-0.19519762734297447,5.0,140,-0.05652799588843784,-0.36522077281942295,5.0,140
4:6,451,corner_horizontal_R,acceleration,std,0.36590593847255043,0.7426173292386149,5.0,140,0.0702607537696214,0.27423260945424516,5.0,140
4:6,452,corner_horizontal_R,acceleration,quantile_10,0.34746577015239744,0.7269574834047987,5.0,140,0.07699315991271427,0.29432251707217055,5.0,140
4:6,453,corner_horizontal_R,acceleration,quantile_90,0.3311835594202615,0.7123041293326966,5.0,140,0.04380576103871488,0.18637211572981452,5.0,140
4:6,454,corner_horizontal_R,acceleration,late_minus_early,-0.006454370802771566,-0.0331271126895521,5.0,140,-0.0421277988475339,-0.2533275169429389,5.0,140
4:6,455,corner_horizontal_R,acceleration,slope_per_second,-0.06182351963542443,-0.4106751247263123,5.0,140,-0.10051325557740012,-0.8404863585533761,5.0,140
4:6,456,corner_horizontal_R,abs_velocity,mean,0.35478238931678757,0.7332852187494647,5.0,140,0.03228210791913857,0.14295144384596445,5.0,140
4:6,457,corner_horizontal_R,abs_velocity,std,0.31507923964971096,0.6969802143258408,5.0,140,-0.012381144194507551,-0.0651313221363332,5.0,140
4:6,458,corner_horizontal_R,abs_velocity,quantile_10,0.17461712100987342,0.5140428646476232,5.0,140,-0.016160776360328512,-0.08638828908164187,5.0,140
4:6,459,corner_horizontal_R,abs_velocity,quantile_90,0.3274965180246803,0.7088711961954293,5.0,140,-0.004630002262820801,-0.023586839800704217,5.0,140
4:6,460,corner_horizontal_R,abs_velocity,late_minus_early,0.056718501978328464,0.23115047516083645,5.0,140,-0.012619199477530893,-0.06645019020997252,5.0,140
4:6,461,corner_horizontal_R,abs_velocity,slope_per_second,0.038604030968899264,0.16720154098029272,5.0,140,-0.007375597279587483,-0.037999049131543505,5.0,140
4:6,462,corner_horizontal_R,baseline_robust_z,mean,0.17723778297390363,0.5185572005716358,5.0,140,0.0529068878001659,0.21832983142277412,5.0,140
4:6,463,corner_horizontal_R,baseline_robust_z,std,0.11204484324505616,0.38684725571832246,5.0,140,-0.015107110149713169,-0.08039361131440566,5.0,140
4:6,464,corner_horizontal_R,baseline_robust_z,quantile_10,0.1513503580311459,0.47137854433968357,5.0,140,0.04374025380056665,0.18613491526370718,5.0,140
4:6,465,corner_horizontal_R,baseline_robust_z,quantile_90,0.18745128035695907,0.5356347345811838,5.0,140,0.056911834850462424,0.23179227871007219,5.0,140
4:6,466,corner_horizontal_R,baseline_robust_z,late_minus_early,0.006299608405480911,0.030723849153890256,5.0,140,-0.03549273779606294,-0.20682713391259902,5.0,140
4:6,467,corner_horizontal_R,baseline_robust_z,slope_per_second,-0.007579788184112986,-0.039083932643937676,5.0,140,-0.04648007370985331,-0.28547618504188466,5.0,140
4:6,468,corner_horizontal_L,value,mean,0.7630025447009556,0.9415111401894337,5.0,140,0.09745650454157087,0.35060685030977323,5.0,140
4:6,469,corner_horizontal_L,value,std,0.17029967716714295,0.5064828930959984,5.0,140,-0.02978206545319553,-0.16904881926672585,5.0,140
4:6,470,corner_horizontal_L,value,quantile_10,0.7352851741584948,0.9328329419785518,5.0,140,0.07318161263070926,0.2830514243795016,5.0,140
4:6,471,corner_horizontal_L,value,quantile_90,0.7448170862427866,0.9358719011549688,5.0,140,0.08363034476481238,0.3133346009929279,5.0,140
4:6,472,corner_horizontal_L,value,late_minus_early,0.03855770014577812,0.16702768686426897,5.0,140,-0.022382899603593378,-0.12291969476706953,5.0,140
4:6,473,corner_horizontal_L,value,slope_per_second,0.03461221124682361,0.15201478485056522,5.0,140,-0.02695455943182969,-0.1510597984157821,5.0,140
4:6,474,corner_horizontal_L,delta,mean,0.18464383063368936,0.5310205092652751,5.0,140,0.0413314415606359,0.17733857243157122,5.0,140
4:6,475,corner_horizontal_L,delta,std,0.17029969327898672,0.5064829215981164,5.0,140,-0.029782049150513634,-0.16904871421488332,5.0,140
4:6,476,corner_horizontal_L,delta,quantile_10,0.1844882355979143,0.530763034769036,5.0,140,0.04644167924739683,0.19582974704038963,5.0,140
4:6,477,corner_horizontal_L,delta,quantile_90,0.1749725124946669,0.5146583230393715,5.0,140,0.027871707975574103,0.12538028870693863,5.0,140
4:6,478,corner_horizontal_L,delta,late_minus_early,0.03855769620499779,0.16702767207431177,5.0,140,-0.022382901938359838,-0.12291970884969726,5.0,140
4:6,479,corner_horizontal_L,delta,slope_per_second,0.03461221099247057,0.15201478386931472,5.0,140,-0.026954557355546284,-0.15105978537360928,5.0,140
4:6,480,corner_horizontal_L,velocity,mean,0.042795524680481485,0.1827022660574427,5.0,140,-0.0026582018730971204,-0.013433848894664403,5.0,140
4:6,481,corner_horizontal_L,velocity,std,0.25255398413551233,0.6281762559547529,5.0,140,0.00791269703990675,0.03834968736864097,5.0,140
4:6,482,corner_horizontal_L,velocity,quantile_10,0.1931487094699434,0.5448191130381813,5.0,140,-0.006004472163520513,-0.030761179399282784,5.0,140
4:6,483,corner_horizontal_L,velocity,quantile_90,0.23352706610059004,0.6037073270372224,5.0,140,0.02430489045461153,0.11075673137986394,5.0,140
4:6,484,corner_horizontal_L,velocity,late_minus_early,0.009828462372773638,0.047283418659273116,5.0,140,-0.02098662423468196,-0.11454911838963965,5.0,140
4:6,485,corner_horizontal_L,velocity,slope_per_second,-0.001015046581700833,-0.005095923306636208,5.0,140,-0.030905931180175858,-0.17632797721689977,5.0,140
4:6,486,corner_horizontal_L,acceleration,mean,-0.0524274543990749,-0.3316974926830967,5.0,140,-0.0986632054614142,-0.8149307457105086,5.0,140
4:6,487,corner_horizontal_L,acceleration,std,0.27917137941145975,0.6594540782845058,5.0,140,0.030223005534908583,0.134816757269879,5.0,140
4:6,488,corner_horizontal_L,acceleration,quantile_10,0.26442086370179224,0.6425207509057117,5.0,140,0.017493395411257794,0.08174685670445511,5.0,140
4:6,489,corner_horizontal_L,acceleration,quantile_90,0.2562925950931237,0.6327679823314005,5.0,140,0.03145654250685909,0.13970426049916967,5.0,140
4:6,490,corner_horizontal_L,acceleration,late_minus_early,0.009320535408544897,0.04492767702459872,5.0,140,-0.02846523202346395,-0.1606137959938576,5.0,140
4:6,491,corner_horizontal_L,acceleration,slope_per_second,-0.047395604850940215,-0.29241471301788885,5.0,140,-0.07652103340142703,-0.5513711179356923,5.0,140
4:6,492,corner_horizontal_L,abs_velocity,mean,0.2679116755660534,0.6466152632908845,5.0,140,0.006462163244063386,0.03149666973444363,5.0,140
4:6,493,corner_horizontal_L,abs_velocity,std,0.22141303727698,0.5870993687296141,5.0,140,0.013750582411540568,0.0651684931167516,5.0,140
4:6,494,corner_horizontal_L,abs_velocity,quantile_10,0.16305450377834618,0.4934412477252781,5.0,140,-0.010421820352744396,-0.05437588456557807,5.0,140
4:6,495,corner_horizontal_L,abs_velocity,quantile_90,0.24378210549075316,0.6171297592094453,5.0,140,0.021809362186105238,0.10029714397389197,5.0,140
4:6,496,corner_horizontal_L,abs_velocity,late_minus_early,-0.026886982840733188,-0.15063544466760206,5.0,140,-0.05519952197918952,-0.3542055090163368,5.0,140
4:6,497,corner_horizontal_L,abs_velocity,slope_per_second,-0.017553852934769718,-0.09439741826438869,5.0,140,-0.04755156801231404,-0.29360296561352467,5.0,140
4:6,498,corner_horizontal_L,baseline_robust_z,mean,0.19930516812042393,0.5544816259130076,5.0,140,0.05878460396452567,0.23796767718412165,5.0,140
4:6,499,corner_horizontal_L,baseline_robust_z,std,0.11953676169057746,0.40434665127670244,5.0,140,-0.04064813469691644,-0.24270224818673805,5.0,140
4:6,500,corner_horizontal_L,baseline_robust_z,quantile_10,0.1939630772953442,0.5461126364296486,5.0,140,0.055852735970977584,0.2282664555609757,5.0,140
4:6,501,corner_horizontal_L,baseline_robust_z,quantile_90,0.1896350187403668,0.5391831026214232,5.0,140,0.04681223736450601,0.19714583611918826,5.0,140
4:6,502,corner_horizontal_L,baseline_robust_z,late_minus_early,0.0196950537044536,0.09128390303199861,5.0,140,-0.04388343150350059,-0.2661323627668843,5.0,140
4:6,503,corner_horizontal_L,baseline_robust_z,slope_per_second,0.007392577288086313,0.03590127465006586,5.0,140,-0.051093916939425936,-0.32109322747476005,5.0,140
4:6,504,corner_vertical_R,value,mean,0.5562553473066855,0.8624056714241791,5.0,140,0.0811117366641208,0.30620983675066926,5.0,140
4:6,505,corner_vertical_R,value,std,0.20893132056897465,0.5690702268640802,5.0,140,-0.015975089649666867,-0.08532793381777341,5.0,140
4:6,506,corner_vertical_R,value,quantile_10,0.539321610397808,0.8540904038564153,5.0,140,0.06750344258077229,0.26575870340208807,5.0,140
4:6,507,corner_vertical_R,value,quantile_90,0.5317714589784699,0.8502668089107019,5.0,140,0.07243279854668307,0.28080579454526233,5.0,140
4:6,508,corner_vertical_R,value,late_minus_early,-0.01865910348759872,-0.10082038978459694,5.0,140,-0.05697606119999723,-0.3689701751127851,5.0,140
4:6,509,corner_vertical_R,value,slope_per_second,-0.029208344088353076,-0.16536145788521797,5.0,140,-0.06692063639654194,-0.45691001896238514,5.0,140
4:6,510,corner_vertical_R,delta,mean,0.24015132094017339,0.6124417875675928,5.0,140,0.0009484263204902184,0.0047242093445077436,5.0,140
4:6,511,corner_vertical_R,delta,std,0.20893132111696197,0.569070227677145,5.0,140,-0.015975087713244476,-0.08532792276869798,5.0,140
4:6,512,corner_vertical_R,delta,quantile_10,0.24091291424581013,0.6134308837034895,5.0,140,0.0019708899354304306,0.00977736920292403,5.0,140
4:6,513,corner_vertical_R,delta,quantile_90,0.2316576052980602,0.6011988670735965,5.0,140,-0.0004191707081152147,-0.002099373524122893,5.0,140
4:6,514,corner_vertical_R,delta,late_minus_early,-0.018659103580584233,-0.10082039032754776,5.0,140,-0.05697606167161682,-0.3689701790684501,5.0,140
4:6,515,corner_vertical_R,delta,slope_per_second,-0.029208343491756727,-0.16536145406080047,5.0,140,-0.06692063462505546,-0.4569100024462255,5.0,140
4:6,516,corner_vertical_R,velocity,mean,0.010743446340908337,0.05150391357709259,5.0,140,-0.026494240678745954,-0.14817426158952288,5.0,140
4:6,517,corner_vertical_R,velocity,std,0.30604408001757194,0.6879941964490937,5.0,140,0.026188638051090972,0.11852695242954947,5.0,140
4:6,518,corner_vertical_R,velocity,quantile_10,0.3000041384648194,0.6818224570595866,5.0,140,0.04166959004700273,0.17858216741196625,5.0,140
4:6,519,corner_vertical_R,velocity,quantile_90,0.23820954513867257,0.6099060012002909,5.0,140,-0.006648558330688238,-0.034151011624799145,5.0,140
4:6,520,corner_vertical_R,velocity,late_minus_early,-0.007435781439650494,-0.038318622815551866,5.0,140,-0.05348017814204156,-0.3401703810105745,5.0,140
4:6,521,corner_vertical_R,velocity,slope_per_second,-0.021958201870509775,-0.12036281314775205,5.0,140,-0.06511090970051997,-0.44020248568381243,5.0,140
4:6,522,corner_vertical_R,acceleration,mean,-0.03172581117430577,-0.18168554047199345,5.0,140,-0.06610490252760358,-0.449338396157667,5.0,140
4:6,523,corner_vertical_R,acceleration,std,0.32321366479549923,0.7048280698934697,5.0,140,0.042546794437073106,0.18179482413635253,5.0,140
4:6,524,corner_vertical_R,acceleration,quantile_10,0.3025636681466897,0.6844543117571743,5.0,140,0.03873687751406923,0.16769973170547683,5.0,140
4:6,525,corner_vertical_R,acceleration,quantile_90,0.32711759001060037,0.7085158979571909,5.0,140,0.05585500025713619,0.22827401959334562,5.0,140
4:6,526,corner_vertical_R,acceleration,late_minus_early,-0.020340493964650607,-0.11071005896833953,5.0,140,-0.04688104699206777,-0.2885073395282626,5.0,140
4:6,527,corner_vertical_R,acceleration,slope_per_second,-0.03041590806823683,-0.173144988559148,5.0,140,-0.06384992900610843,-0.42875305301524463,5.0,140
4:6,528,corner_vertical_R,abs_velocity,mean,0.3260656930992326,0.7075271470884675,5.0,140,0.049373029963472946,0.20615179484227855,5.0,140
4:6,529,corner_vertical_R,abs_velocity,std,0.2611885285387172,0.6386795525452967,5.0,140,-0.0028837187741605074,-0.014586851379518564,5.0,140
4:6,530,corner_vertical_R,abs_velocity,quantile_10,0.18938822654665086,0.538783856463161,5.0,140,0.020182855581942463,0.09337590804230962,5.0,140
4:6,531,corner_vertical_R,abs_velocity,quantile_90,0.2757738823252637,0.6556380309003716,5.0,140,0.01010004050179147,0.04853921053946311,5.0,140
4:6,532,corner_vertical_R,abs_velocity,late_minus_early,0.026246080866090166,0.11876223177448855,5.0,140,-0.02299815862693697,-0.12664081537746738,5.0,140
4:6,533,corner_vertical_R,abs_velocity,slope_per_second,0.03831420217751561,0.16611305430041512,5.0,140,0.0016747464621242722,0.008318010078815719,5.0,140
4:6,534,corner_vertical_R,baseline_robust_z,mean,0.22035354086314934,0.585606149734668,5.0,140,-0.00798421986449134,-0.04123811606427504,5.0,140
4:6,535,corner_vertical_R,baseline_robust_z,std,0.13825705783213446,0.44512087753183494,5.0,140,-0.0130107833711753,-0.0686253975827144,5.0,140
4:6,536,corner_vertical_R,baseline_robust_z,quantile_10,0.21600498702204407,0.5794063181662531,5.0,140,0.000450246581643986,0.002247185757397581,5.0,140
4:6,537,corner_vertical_R,baseline_robust_z,quantile_90,0.2013565880432697,0.557642763441747,5.0,140,-0.019137024147837512,-0.10361678868817552,5.0,140
4:6,538,corner_vertical_R,baseline_robust_z,late_minus_early,-0.016677699504420218,-0.08934904351725358,5.0,140,-0.04799429049254924,-0.2969859775843305,5.0,140
4:6,539,corner_vertical_R,baseline_robust_z,slope_per_second,-0.02953555050444416,-0.16746209293621026,5.0,140,-0.05975993559174127,-0.39266134461229557,5.0,140
4:6,540,corner_vertical_L,value,mean,0.7071284038827009,0.9235025324373324,5.0,140,0.08008203638208373,0.30326565654645865,5.0,140
4:6,541,corner_vertical_L,value,std,0.20085597801822652,0.5568740013748543,5.0,140,-0.028018046129200024,-0.15777209386076577,5.0,140
4:6,542,corner_vertical_L,value,quantile_10,0.7002870414063604,0.9211519926258058,5.0,140,0.08229742969406148,0.3095774385383857,5.0,140
4:6,543,corner_vertical_L,value,quantile_90,0.6737824858037573,0.9117169032728495,5.0,140,0.07018380981292474,0.27399812100872367,5.0,140
4:6,544,corner_vertical_L,value,late_minus_early,0.01901814039934083,0.0883682991187396,5.0,140,-0.04494370972714401,-0.2739717815248446,5.0,140
4:6,545,corner_vertical_L,value,slope_per_second,0.028091890159288396,0.12627071821115327,5.0,140,-0.030655403212891983,-0.17469887372382814,5.0,140
4:6,546,corner_vertical_L,delta,mean,0.18454062718624054,0.5308497515559918,5.0,140,-0.05249211168059632,-0.3322152859770068,5.0,140
4:6,547,corner_vertical_L,delta,std,0.20085598216355888,0.5568740077477045,5.0,140,-0.028018039096450474,-0.15777204926025623,5.0,140
4:6,548,corner_vertical_L,delta,quantile_10,0.19543050396667894,0.5484315236224212,5.0,140,-0.04634272081893381,-0.28444061148516414,5.0,140
4:6,549,corner_vertical_L,delta,quantile_90,0.1745530988309995,0.5139318830542894,5.0,140,-0.0512899218408373,-0.32264293233126257,5.0,140
4:6,550,corner_vertical_L,delta,late_minus_early,0.019018142063715802,0.08836830630558103,5.0,140,-0.04494370844239481,-0.2739717719766297,5.0,140
4:6,551,corner_vertical_L,delta,slope_per_second,0.02809189173484755,0.1262707245777609,5.0,140,-0.030655401086046155,-0.17469885990942433,5.0,140
4:6,552,corner_vertical_L,velocity,mean,0.06920837679913402,0.27101566652605535,5.0,140,0.01029913258750878,0.04945815841340905,5.0,140
4:6,553,corner_vertical_L,velocity,std,0.28974090700554145,0.6710184999063049,5.0,140,0.027079079281311327,0.12216313548260814,5.0,140
4:6,554,corner_vertical_L,velocity,quantile_10,0.24934387127471674,0.6241787614169466,5.0,140,0.0181126640876137,0.08444520957845754,5.0,140
4:6,555,corner_vertical_L,velocity,quantile_90,0.2782863156434706,0.6584647079692677,5.0,140,0.04779735749313003,0.20062870056793852,5.0,140
4:6,556,corner_vertical_L,velocity,late_minus_early,0.023861662965750586,0.10891293941685601,5.0,140,-0.015004107260334878,-0.07981047607583529,5.0,140
4:6,557,corner_vertical_L,velocity,slope_per_second,-0.004201859097866276,-0.021368444256964884,5.0,140,-0.0420349402879052,-0.25265626558914533,5.0,140
4:6,558,corner_vertical_L,acceleration,mean,-0.01685835569332771,-0.09038687480877715,5.0,140,-0.0465763786469606,-0.2862031111306379,5.0,140
4:6,559,corner_vertical_L,acceleration,std,0.3368332000803929,0.7174807083900686,5.0,140,0.04360384711926216,0.1856406495822849,5.0,140
4:6,560,corner_vertical_L,acceleration,quantile_10,0.3145106809132653,0.6964232288848149,5.0,140,0.019054356629513023,0.08852466128132061,5.0,140
4:6,561,corner_vertical_L,acceleration,quantile_90,0.32962502443320524,0.710858336291497,5.0,140,0.047341990107723504,0.1990216303227643,5.0,140
4:6,562,corner_vertical_L,acceleration,late_minus_early,-0.014696840384290798,-0.07807396428661054,5.0,140,-0.06423538476977093,-0.432236413068766,5.0,140
4:6,563,corner_vertical_L,acceleration,slope_per_second,0.05257367631942555,0.2171936970812514,5.0,140,-0.016506647055913707,-0.08836786383736205,5.0,140
4:6,564,corner_vertical_L,abs_velocity,mean,0.2989009835322955,0.6806805610203219,5.0,140,0.03135871319184901,0.13931820715672383,5.0,140
4:6,565,corner_vertical_L,abs_velocity,std,0.26202871237173525,0.6396826633950099,5.0,140,0.01635320880396783,0.07674587851503771,5.0,140
4:6,566,corner_vertical_L,abs_velocity,quantile_10,0.1842121446768469,0.5303057127004785,5.0,140,0.00947005808908784,0.04562211416045324,5.0,140
4:6,567,corner_vertical_L,abs_velocity,quantile_90,0.2665185938090086,0.6449878983145529,5.0,140,0.02815876140800489,0.12654087033547298,5.0,140
4:6,568,corner_vertical_L,abs_velocity,late_minus_early,0.006597127596464028,0.03213757524421202,5.0,140,-0.027388802491576346,-0.15379281679294202,5.0,140
4:6,569,corner_vertical_L,abs_velocity,slope_per_second,-0.0013406032826865158,-0.006739154544250796,5.0,140,-0.03263975819491037,-0.18770543041732396,5.0,140
4:6,570,corner_vertical_L,baseline_robust_z,mean,0.15790304882375572,0.48388657941847574,5.0,140,-0.04465892722350425,-0.2718582223934409,5.0,140
4:6,571,corner_vertical_L,baseline_robust_z,std,0.16248754550230754,0.4924013684596162,5.0,140,-0.02215617260355284,-0.12155350474450866,5.0,140
4:6,572,corner_vertical_L,baseline_robust_z,quantile_10,0.1714862061151933,0.5085759736236946,5.0,140,-0.03639852990293215,-0.21300491217588186,5.0,140
4:6,573,corner_vertical_L,baseline_robust_z,quantile_90,0.1470472930770257,0.4629401070129543,5.0,140,-0.04095960285372552,-0.24492636000557544,5.0,140
4:6,574,corner_vertical_L,baseline_robust_z,late_minus_early,0.03335327644883573,0.1471364513004768,5.0,140,-0.03890711084326073,-0.23039093712893666,5.0,140
4:6,575,corner_vertical_L,baseline_robust_z,slope_per_second,0.038962811824561266,0.16854596089088125,5.0,140,-0.025521196703375108,-0.14211362235865294,5.0,140
4:6,576,inner_lip_aperture,value,mean,0.7643778775078587,0.9419294013314293,5.0,140,0.13817122852364386,0.4449429091162913,5.0,140
4:6,577,inner_lip_aperture,value,std,0.4198583998224961,0.7834834942984839,5.0,140,0.018112801660043323,0.08444580764092746,5.0,140
4:6,578,inner_lip_aperture,value,quantile_10,0.732845600556462,0.932045684670033,5.0,140,0.08608224758414817,0.32016808460924034,5.0,140
4:6,579,inner_lip_aperture,value,quantile_90,0.7393913897989883,0.9341492626457062,5.0,140,0.13213726568503006,0.43223102517938505,5.0,140
4:6,580,inner_lip_aperture,value,late_minus_early,0.09816120181096834,0.3524272711188834,5.0,140,0.04444113397947722,0.1886673126256147,5.0,140
4:6,581,inner_lip_aperture,value,slope_per_second,0.08717721668555373,0.3231876753955393,5.0,140,0.037924157641818425,0.1646447364491233,5.0,140
4:6,582,inner_lip_aperture,delta,mean,0.37075230700113226,0.7465785926600995,5.0,140,0.1058156320344001,0.3717361693378676,5.0,140
4:6,583,inner_lip_aperture,delta,std,0.419858401303062,0.7834834953296098,5.0,140,0.01811280397158008,0.08444581768976257,5.0,140
4:6,584,inner_lip_aperture,delta,quantile_10,0.2854707952941394,0.6664014120913155,5.0,140,0.09129299436923294,0.33436444592848225,5.0,140
4:6,585,inner_lip_aperture,delta,quantile_90,0.4342754751530839,0.7933125819245699,5.0,140,0.11771321502064927,0.40015292560956434,5.0,140
4:6,586,inner_lip_aperture,delta,late_minus_early,0.09816120233735282,0.3524272724759225,5.0,140,0.04444113350760717,0.18866731092472763,5.0,140
4:6,587,inner_lip_aperture,delta,slope_per_second,0.08717721782205909,0.3231876785194965,5.0,140,0.03792415754854827,0.16464473609753333,5.0,140
4:6,588,inner_lip_aperture,velocity,mean,0.11414980262070351,0.39183668987046427,5.0,140,0.06534334734510854,0.2590166714124361,5.0,140
4:6,589,inner_lip_aperture,velocity,std,0.47269272340295,0.8175893918946239,5.0,140,0.055801071354621416,0.22809383526452665,5.0,140
4:6,590,inner_lip_aperture,velocity,quantile_10,0.43855052029753355,0.7961480446417152,5.0,140,0.06568443195875065,0.26008738992604724,5.0,140
4:6,591,inner_lip_aperture,velocity,quantile_90,0.4476264768288775,0.8020525519322371,5.0,140,0.06137726099222099,0.24639428067354263,5.0,140
4:6,592,inner_lip_aperture,velocity,late_minus_early,0.017599098761145845,0.08220832414337877,5.0,140,-0.032621934773231755,-0.18758754901972652,5.0,140
4:6,593,inner_lip_aperture,velocity,slope_per_second,0.010978403002496697,0.052582909525236025,5.0,140,-0.022502288388835112,-0.12364019086978571,5.0,140
4:6,594,inner_lip_aperture,acceleration,mean,-0.006066296418183236,-0.031085784421691062,5.0,140,-0.03468253121226013,-0.20134531703074565,5.0,140
4:6,595,inner_lip_aperture,acceleration,std,0.4413840950720966,0.7980081155650348,5.0,140,0.011505360157104265,0.05499581418805433,5.0,140
4:6,596,inner_lip_aperture,acceleration,quantile_10,0.40112609110713787,0.7700622363809093,5.0,140,0.010684762629619534,0.05123411568937972,5.0,140
4:6,597,inner_lip_aperture,acceleration,quantile_90,0.4330134305170319,0.7924687333550062,5.0,140,0.0317821591282699,0.14098727553667778,5.0,140
4:6,598,inner_lip_aperture,acceleration,late_minus_early,0.03597548576053319,0.15724899314734414,5.0,140,-0.012266010041625698,-0.06449440635189249,5.0,140
4:6,599,inner_lip_aperture,acceleration,slope_per_second,0.046604223675707566,0.19640745122472666,5.0,140,0.0019230702407313795,0.009541951829251594,5.0,140
4:6,600,inner_lip_aperture,abs_velocity,mean,0.49118732027553563,0.8283791877553592,5.0,140,0.07168545565739318,0.27855415280937046,5.0,140
4:6,601,inner_lip_aperture,abs_velocity,std,0.43231057440135817,0.791997425037448,5.0,140,0.032745999587054264,0.14476774045821708,5.0,140
4:6,602,inner_lip_aperture,abs_velocity,quantile_10,0.36309978030839574,0.7402950383658445,5.0,140,0.043231664889292955,0.18428971895657437,5.0,140
4:6,603,inner_lip_aperture,abs_velocity,quantile_90,0.43135039569365136,0.7913519945462743,5.0,140,0.036857928548192566,0.16061055351830889,5.0,140
4:6,604,inner_lip_aperture,abs_velocity,late_minus_early,0.022110606576645618,0.10156994087263604,5.0,140,-0.029656600195249953,-0.1682408017526799,5.0,140
4:6,605,inner_lip_aperture,abs_velocity,slope_per_second,0.03336774461987633,0.1471927612325703,5.0,140,-0.01893586574028544,-0.10243836522353601,5.0,140
4:6,606,inner_lip_aperture,baseline_robust_z,mean,0.3233077570168249,0.7049175444161502,5.0,140,0.08409707870053276,0.3146431234434446,5.0,140
4:6,607,inner_lip_aperture,baseline_robust_z,std,0.17885163814903754,0.521309767292068,5.0,140,-0.05208625784504758,-0.3289707000504021,5.0,140
4:6,608,inner_lip_aperture,baseline_robust_z,quantile_10,0.27542939283773726,0.6552483468573178,5.0,140,0.08831345623618587,0.3263004124144704,5.0,140
4:6,609,inner_lip_aperture,baseline_robust_z,quantile_90,0.3445983994747819,0.724435181332415,5.0,140,0.06951546289869205,0.2719565677199054,5.0,140
4:6,610,inner_lip_aperture,baseline_robust_z,late_minus_early,0.08162557226316118,0.307672187740649,5.0,140,0.023934689232606825,0.109217133560452,5.0,140
4:6,611,inner_lip_aperture,baseline_robust_z,slope_per_second,0.07912061619691027,0.30050007619992514,5.0,140,0.024227344080417504,0.11043457464854783,5.0,140
4:6,612,outer_mouth_open,value,mean,0.5971659001864407,0.8811230186068321,5.0,140,0.05946229381940282,0.24018392146227052,5.0,140
4:6,613,outer_mouth_open,value,std,0.2723651134365925,0.6517594361459345,5.0,140,-0.007383004641028771,-0.03803837314707192,5.0,140
4:6,614,outer_mouth_open,value,quantile_10,0.543927187502933,0.8563870781615656,5.0,140,0.028068053715792088,0.1261743903188529,5.0,140
4:6,615,outer_mouth_open,value,quantile_90,0.6043819422620355,0.884238524315443,5.0,140,0.0759842201887382,0.29136464084344665,5.0,140
4:6,616,outer_mouth_open,value,late_minus_early,0.02500506531766423,0.11365729431556264,5.0,140,-0.01280555622513025,-0.06748448667965264,5.0,140
4:6,617,outer_mouth_open,value,slope_per_second,0.02840986552337613,0.12755414337585116,5.0,140,-0.0093499067369638,-0.04856587945897933,5.0,140
4:6,618,outer_mouth_open,delta,mean,0.2616741706601702,0.6392597713173453,5.0,140,0.001181927832179682,0.005881831559202354,5.0,140
4:6,619,outer_mouth_open,delta,std,0.2723651142411783,0.6517594370673893,5.0,140,-0.0073829977148278545,-0.03803833637630781,5.0,140
4:6,620,outer_mouth_open,delta,quantile_10,0.21670205901328568,0.5804079252174372,5.0,140,-0.010630696139760256,-0.05551409458273306,5.0,140
4:6,621,outer_mouth_open,delta,quantile_90,0.29971029145010797,0.6815187383964728,5.0,140,0.018811722978730825,0.08747629553817517,5.0,140
4:6,622,outer_mouth_open,delta,late_minus_early,0.025005060294878183,0.11365727356101259,5.0,140,-0.01280556118105744,-0.06748451420709899,5.0,140
4:6,623,outer_mouth_open,delta,slope_per_second,0.028409859918889325,0.12755412078062772,5.0,140,-0.009349912130535503,-0.04856590856309579,5.0,140
4:6,624,outer_mouth_open,velocity,mean,0.05494323019654063,0.22521909307975482,5.0,140,0.01827705325638018,0.08515941372235827,5.0,140
4:6,625,outer_mouth_open,velocity,std,0.3644143850419836,0.7413856061839331,5.0,140,0.02615179932473383,0.11837601361226907,5.0,140
4:6,626,outer_mouth_open,velocity,quantile_10,0.3347808429114635,0.7156117692841164,5.0,140,0.059722747103220584,0.24103310001362657,5.0,140
4:6,627,outer_mouth_open,velocity,quantile_90,0.31754645264089815,0.6993842776289413,5.0,140,0.026443683774969678,0.11957084447485211,5.0,140
4:6,628,outer_mouth_open,velocity,late_minus_early,0.042879636093422734,0.18300878078010602,5.0,140,0.0005144344003284562,0.0025668900155388693,5.0,140
4:6,629,outer_mouth_open,velocity,slope_per_second,0.05626325789202881,0.22963600938977172,5.0,140,0.028162755840461188,0.12655700327029848,5.0,140
4:6,630,outer_mouth_open,acceleration,mean,-0.029584476685454136,-0.16777673051658978,5.0,140,-0.059064879438671156,-0.3866816072458718,5.0,140
4:6,631,outer_mouth_open,acceleration,std,0.3248453534293091,0.7063755310263122,5.0,140,-0.03135327424320131,-0.17924619117139004,5.0,140
4:6,632,outer_mouth_open,acceleration,quantile_10,0.28877269605271266,0.6699780310147241,5.0,140,-0.016212954293934392,-0.08668655188405158,5.0,140
4:6,633,outer_mouth_open,acceleration,quantile_90,0.3011055316782687,0.6829579689604074,5.0,140,-0.025052741986942028,-0.13921453304338424,5.0,140
4:6,634,outer_mouth_open,acceleration,late_minus_early,0.02396115930561091,0.10932735577528348,5.0,140,-0.025181620911684254,-0.14001091132874038,5.0,140
4:6,635,outer_mouth_open,acceleration,slope_per_second,0.0012738640135427786,0.00633703000978507,5.0,140,-0.05320198059951418,-0.3379224849517391,5.0,140
4:6,636,outer_mouth_open,abs_velocity,mean,0.373419402280377,0.748732315906562,5.0,140,0.040081948543108474,0.17271821266548054,5.0,140
4:6,637,outer_mouth_open,abs_velocity,std,0.3168392108697685,0.6986972778038868,5.0,140,-0.011028433957496721,-0.05768695696800604,5.0,140
4:6,638,outer_mouth_open,abs_velocity,quantile_10,0.18737897796094924,0.5355166440397574,5.0,140,-0.03119001103388726,-0.17817977130101267,5.0,140
4:6,639,outer_mouth_open,abs_velocity,quantile_90,0.347834099008792,0.7272797327584283,5.0,140,0.008684444458531393,0.04196446986167524,5.0,140
4:6,640,outer_mouth_open,abs_velocity,late_minus_early,-0.010254291675290217,-0.05346441729314441,5.0,140,-0.06803203833709175,-0.46733527783808193,5.0,140
4:6,641,outer_mouth_open,abs_velocity,slope_per_second,0.015186517192408626,0.07158413139359335,5.0,140,-0.03987791142987313,-0.23723060067863913,5.0,140
4:6,642,outer_mouth_open,baseline_robust_z,mean,0.17031042728012272,0.506501909737944,5.0,140,0.0020567575910797322,0.010199873288144888,5.0,140
4:6,643,outer_mouth_open,baseline_robust_z,std,0.12143902567447752,0.40867752605546254,5.0,140,0.026808357642981714,0.12106009854278972,5.0,140
4:6,644,outer_mouth_open,baseline_robust_z,quantile_10,0.1648398689771839,0.4966972840134914,5.0,140,0.005813700517392661,0.028407882893069433,5.0,140
4:6,645,outer_mouth_open,baseline_robust_z,quantile_90,0.16832622253469443,0.5029753499397652,5.0,140,0.006049663421481502,0.02953364271525713,5.0,140
4:6,646,outer_mouth_open,baseline_robust_z,late_minus_early,-0.015978423014943774,-0.08534695401165988,5.0,140,-0.04775465176196097,-0.29515296753423115,5.0,140
4:6,647,outer_mouth_open,baseline_robust_z,slope_per_second,-0.010251197971870568,-0.05344759747051733,5.0,140,-0.04039642263778864,-0.24090966830196597,5.0,140
4:6,648,lowerlip_chin_gap,value,mean,0.6353702338298906,0.8970403136909142,5.0,140,0.08069680444297608,0.30502564342472765,5.0,140
4:6,649,lowerlip_chin_gap,value,std,0.18092174558771754,0.5248103264693841,5.0,140,0.037257199626971355,0.16212474254497838,5.0,140
4:6,650,lowerlip_chin_gap,value,quantile_10,0.6178541768755488,0.8899164648546563,5.0,140,0.07077375716237005,0.2757931235882929,5.0,140
4:6,651,lowerlip_chin_gap,value,quantile_90,0.6317197681712904,0.8955790022172996,5.0,140,0.09864479614500038,0.35367226628550585,5.0,140
4:6,652,lowerlip_chin_gap,value,late_minus_early,0.0035023719568430542,0.017269917090949882,5.0,140,-0.02889784167520512,-0.16337381040371132,5.0,140
4:6,653,lowerlip_chin_gap,value,slope_per_second,0.001435306664564544,0.007135566418678033,5.0,140,-0.03637311045428668,-0.21283082932370806,5.0,140
4:6,654,lowerlip_chin_gap,delta,mean,0.20279443368420602,0.5598413391319471,5.0,140,0.035222508608850615,0.1543641698399151,5.0,140
4:6,655,lowerlip_chin_gap,delta,std,0.18092175262295876,0.524810338308852,5.0,140,0.03725721106082406,0.16212478584626022,5.0,140
4:6,656,lowerlip_chin_gap,delta,quantile_10,0.1956313496628483,0.5487477199787932,5.0,140,0.03276649672367158,0.1448478563732218,5.0,140
4:6,657,lowerlip_chin_gap,delta,quantile_90,0.2072500105525902,0.5665664455155697,5.0,140,0.03948463985785163,0.1704954012294061,5.0,140
4:6,658,lowerlip_chin_gap,delta,late_minus_early,0.003502369279557169,0.017269904071857158,5.0,140,-0.028897843708263985,-0.16337382339984036,5.0,140
4:6,659,lowerlip_chin_gap,delta,slope_per_second,0.0014353097167774016,0.007135581506005302,5.0,140,-0.03637310569834981,-0.2128307967569702,5.0,140
4:6,660,lowerlip_chin_gap,velocity,mean,0.007282406640721188,0.035381386623972576,5.0,140,-0.029899354805007303,-0.16980501566975595,5.0,140
4:6,661,lowerlip_chin_gap,velocity,std,0.27271470917205426,0.6521595441708931,5.0,140,0.02244062752801174,0.10296109161299943,5.0,140
4:6,662,lowerlip_chin_gap,velocity,quantile_10,0.21792074781183055,0.5821518623370199,5.0,140,0.011156963336880299,0.05340161714589406,5.0,140
4:6,663,lowerlip_chin_gap,velocity,quantile_90,0.23298989357561473,0.6029885321480822,5.0,140,0.03212743881312891,0.14234453297189295,5.0,140
4:6,664,lowerlip_chin_gap,velocity,late_minus_early,0.033814566864919925,0.14892896107502207,5.0,140,-0.0027373145814114986,-0.013838089726203158,5.0,140
4:6,665,lowerlip_chin_gap,velocity,slope_per_second,0.014814682939763322,0.069929482267101,5.0,140,-0.029609914047805393,-0.16794036991203495,5.0,140
4:6,666,lowerlip_chin_gap,acceleration,mean,0.005646062000046795,0.02760683049386148,5.0,140,-0.04121071234590417,-0.2467242980287532,5.0,140
4:6,667,lowerlip_chin_gap,acceleration,std,0.2749706334255933,0.6547286074635408,5.0,140,0.0026008570745968216,0.01287038920175135,5.0,140
4:6,668,lowerlip_chin_gap,acceleration,quantile_10,0.27171051720817885,0.6510088167816201,5.0,140,0.0121833189966615,0.05808587977338404,5.0,140
4:6,669,lowerlip_chin_gap,acceleration,quantile_90,0.293323820244886,0.6748365553729073,5.0,140,0.027548754684572536,0.12407169109748407,5.0,140
4:6,670,lowerlip_chin_gap,acceleration,late_minus_early,-0.03417108469702344,-0.19790608599092663,5.0,140,-0.0722066053991004,-0.5076580991745056,5.0,140
4:6,671,lowerlip_chin_gap,acceleration,slope_per_second,-0.04180552569563049,-0.2510004518330358,5.0,140,-0.06759361269041951,-0.4632075505098644,5.0,140
4:6,672,lowerlip_chin_gap,abs_velocity,mean,0.2889049291885812,0.6701203531937902,5.0,140,0.03731458050911304,0.16234200698670034,5.0,140
4:6,673,lowerlip_chin_gap,abs_velocity,std,0.223612102776359,0.5901773346413755,5.0,140,0.00644354570985207,0.03140820766231377,5.0,140
4:6,674,lowerlip_chin_gap,abs_velocity,quantile_10,0.1602169301488177,0.488207940645863,5.0,140,0.0011239250840466004,0.005594474340061601,5.0,140
4:6,675,lowerlip_chin_gap,abs_velocity,quantile_90,0.25440368696156396,0.6304565508185652,5.0,140,0.01648699316364558,0.07733488681716434,5.0,140
4:6,676,lowerlip_chin_gap,abs_velocity,late_minus_early,-0.02075764542061765,-0.11318613797777533,5.0,140,-0.05068405287254836,-0.3178625042489618,5.0,140
4:6,677,lowerlip_chin_gap,abs_velocity,slope_per_second,-0.01332588718102595,-0.07038099257193887,5.0,140,-0.040103546531548136,-0.23882934816699888,5.0,140
4:6,678,lowerlip_chin_gap,baseline_robust_z,mean,0.1790581577107515,0.5216605094578551,5.0,140,0.04315484860290248,0.18401046754201295,5.0,140
4:6,679,lowerlip_chin_gap,baseline_robust_z,std,0.07873872403678883,0.29939705258140376,5.0,140,-0.024188259881944948,-0.1338961598569856,5.0,140
4:6,680,lowerlip_chin_gap,baseline_robust_z,quantile_10,0.16099399652052204,0.4896482609341569,5.0,140,0.04098554485666954,0.17606349173142669,5.0,140
4:6,681,lowerlip_chin_gap,baseline_robust_z,quantile_90,0.18101176268093033,0.5249617828148748,5.0,140,0.03850146649788696,0.16681659787234113,5.0,140
4:6,682,lowerlip_chin_gap,baseline_robust_z,late_minus_early,-0.03231287288029024,-0.18554653017287087,5.0,140,-0.05918304428751718,-0.3876951347597511,5.0,140
4:6,683,lowerlip_chin_gap,baseline_robust_z,slope_per_second,-0.027565375238513393,-0.15490717366996787,5.0,140,-0.05809419925020112,-0.37840309557618995,5.0,140
4:6,684,jaw_open,value,mean,0.4905799856335544,0.8280334250693243,5.0,140,0.02757304042671523,0.12417020212196658,5.0,140
4:6,685,jaw_open,value,std,0.22919598281695744,0.5978659855139723,5.0,140,-0.05660731498094363,-0.3658832479584589,5.0,140
4:6,686,jaw_open,value,quantile_10,0.42169306024500314,0.7847577360915204,5.0,140,-0.00047253291260523266,-0.002367138766930477,5.0,140
4:6,687,jaw_open,value,quantile_90,0.521990989598694,0.8452025292905976,5.0,140,0.04202636439364764,0.1798911396275366,5.0,140
4:6,688,jaw_open,value,late_minus_early,-0.02737307681542029,-0.15369365721731076,5.0,140,-0.060575102162982154,-0.39973033412364095,5.0,140
4:6,689,jaw_open,value,slope_per_second,-0.03232228254483724,-0.1856085852672023,5.0,140,-0.06756810939709362,-0.46296805052691514,5.0,140
4:6,690,jaw_open,delta,mean,0.2427033688518803,0.6157441378405801,5.0,140,0.006128953601664845,0.029911464105677972,5.0,140
4:6,691,jaw_open,delta,std,0.22919598349659953,0.5978659864388918,5.0,140,-0.056607311245562224,-0.3658832167476604,5.0,140
4:6,692,jaw_open,delta,quantile_10,0.20665307444800354,0.565673062361956,5.0,140,-0.0015741709339941077,-0.007920728995413033,5.0,140
4:6,693,jaw_open,delta,quantile_90,0.2671973059777227,0.6457818488453991,5.0,140,0.009030233536464812,0.04357712135171273,5.0,140
4:6,694,jaw_open,delta,late_minus_early,-0.027373076268180706,-0.1536936537668892,5.0,140,-0.06057510532790161,-0.3997303616874078,5.0,140
4:6,695,jaw_open,delta,slope_per_second,-0.03232227808380943,-0.18560855584623187,5.0,140,-0.0675681084839547,-0.4629680419528781,5.0,140
4:6,696,jaw_open,velocity,mean,0.010996340277944102,0.05266520340014019,5.0,140,-0.037957072750631475,-0.2237581868622814,5.0,140
4:6,697,jaw_open,velocity,std,0.4028185749660919,0.7713065130442535,5.0,140,0.03947717259942546,0.17046755468199484,5.0,140
4:6,698,jaw_open,velocity,quantile_10,0.3278420363118941,0.7091947619551063,5.0,140,0.0035545174025495415,0.017523437557741776,5.0,140
4:6,699,jaw_open,velocity,quantile_90,0.3430737543463363,0.7230840848885215,5.0,140,0.03592074760722309,0.15703979121763653,5.0,140
4:6,700,jaw_open,velocity,late_minus_early,-0.030703661918970847,-0.17501239525729087,5.0,140,-0.05333246751212958,-0.3389760554110457,5.0,140
4:6,701,jaw_open,velocity,slope_per_second,-0.022415028247184207,-0.12311351269455513,5.0,140,-0.04691281585908424,-0.2887480077677681,5.0,140
4:6,702,jaw_open,acceleration,mean,-0.00880250763351498,-0.045618776687674376,5.0,140,-0.04660312452137942,-0.2864051156864868,5.0,140
4:6,703,jaw_open,acceleration,std,0.399109320763117,0.7685710788552328,5.0,140,0.08496976181318946,0.31707997071604543,5.0,140
4:6,704,jaw_open,acceleration,quantile_10,0.3658583586233019,0.7425781299801358,5.0,140,0.06637786180768154,0.26225705801766497,5.0,140
4:6,705,jaw_open,acceleration,quantile_90,0.36288902506337073,0.7401197652092261,5.0,140,0.04568278273666587,0.19312412407755414,5.0,140
4:6,706,jaw_open,acceleration,late_minus_early,0.006743671245010987,0.03283270436769349,5.0,140,-0.02734004342189875,-0.15348540798527477,5.0,140
4:6,707,jaw_open,acceleration,slope_per_second,-0.05164277188480464,-0.32544044635729924,5.0,140,-0.08322440683817653,-0.6237753772926423,5.0,140
4:6,708,jaw_open,abs_velocity,mean,0.4082795342803189,0.7752776613484593,5.0,140,0.05805144733290161,0.23555905935318988,5.0,140
4:6,709,jaw_open,abs_velocity,std,0.35088264155909743,0.7299317231245641,5.0,140,-0.005322293035961496,-0.027190324682622898,5.0,140
4:6,710,jaw_open,abs_velocity,quantile_10,0.2796129528848893,0.6599464556186535,5.0,140,0.07564903489304252,0.2903779329404776,5.0,140
4:6,711,jaw_open,abs_velocity,quantile_90,0.37440055672256206,0.7495199849912175,5.0,140,0.02949469413311125,0.13191079630595867,5.0,140
4:6,712,jaw_open,abs_velocity,late_minus_early,0.00515065669317875,0.02523340895891004,5.0,140,-0.027748750476314532,-0.15606633559869665,5.0,140
4:6,713,jaw_open,abs_velocity,slope_per_second,0.0023027287297501292,0.011408560369835806,5.0,140,-0.02392954696298147,-0.1323124419927129,5.0,140
4:6,714,jaw_open,baseline_robust_z,mean,0.14674780940983978,0.46234599766324597,5.0,140,-0.004307987670138425,-0.02191762172733255,5.0,140
4:6,715,jaw_open,baseline_robust_z,std,0.025857998900074494,0.11717078625224664,5.0,140,-0.05590756033572195,-0.3600575609257716,5.0,140
4:6,716,jaw_open,baseline_robust_z,quantile_10,0.1277141447870755,0.42265475939175623,5.0,140,-0.01639995311158555,-0.08775658079929372,5.0,140
4:6,717,jaw_open,baseline_robust_z,quantile_90,0.12578219072616337,0.41840125021325936,5.0,140,-0.005759384432232263,-0.029475976072017428,5.0,140
4:6,718,jaw_open,baseline_robust_z,late_minus_early,-0.029962480401326902,-0.1702123372867019,5.0,140,-0.06544418861624028,-0.4432547268869092,5.0,140
4:6,719,jaw_open,baseline_robust_z,slope_per_second,-0.03378986461206774,-0.19535314886742422,5.0,140,-0.07049245307167823,-0.49087388161336054,5.0,140
6:8,0,inner_brow_R,value,mean,0.6021789525222347,0.88329298491229,5.0,140,0.039347952277477914,0.1699854447204803,5.0,140
6:8,1,inner_brow_R,value,std,0.2923852838863447,0.6738413001163146,5.0,140,-0.01378793744264137,-0.07296376661169288,5.0,140
6:8,2,inner_brow_R,value,quantile_10,0.5779599917933156,0.8725663038099918,5.0,140,0.02393106235003231,0.1092020294482564,5.0,140
6:8,3,inner_brow_R,value,quantile_90,0.6090436505255916,0.8862233749020763,5.0,140,0.050785790924722685,0.21105464610125477,5.0,140
6:8,4,inner_brow_R,value,late_minus_early,-0.01765209930176145,-0.09496588547128237,5.0,140,-0.055142549420471774,-0.35373647027911664,5.0,140
6:8,5,inner_brow_R,value,slope_per_second,-0.012750985349529387,-0.06718144524390805,5.0,140,-0.04602485707354023,-0.28204942286848783,5.0,140
6:8,6,inner_brow_R,delta,mean,0.2652352371611185,0.6434809239332391,5.0,140,0.07349852245741097,0.28399867910945076,5.0,140
6:8,7,inner_brow_R,delta,std,0.2923852842540392,0.6738413005069048,5.0,140,-0.013787935295819155,-0.07296375458788702,5.0,140
6:8,8,inner_brow_R,delta,quantile_10,0.2628302186952123,0.6406365330906397,5.0,140,0.0698049083955615,0.27284176447512865,5.0,140
6:8,9,inner_brow_R,delta,quantile_90,0.2586321172007228,0.6356070243462874,5.0,140,0.06495243957820161,0.2577866981487301,5.0,140
6:8,10,inner_brow_R,delta,late_minus_early,-0.017652102590263244,-0.09496590450705922,5.0,140,-0.055142552017318124,-0.3537364916519573,5.0,140
6:8,11,inner_brow_R,delta,slope_per_second,-0.01275098692788542,-0.06718145400677394,5.0,140,-0.04602486023201949,-0.2820494465917039,5.0,140
6:8,12,inner_brow_R,velocity,mean,-0.0077602615331084,-0.040044325418190224,5.0,140,-0.028455400272295407,-0.16055119548879374,5.0,140
6:8,13,inner_brow_R,velocity,std,0.3046251188314265,0.6865563524089473,5.0,140,-0.06965203077747086,-0.4827614020117415,5.0,140
6:8,14,inner_brow_R,velocity,quantile_10,0.29428254047942715,0.6758496704216587,5.0,140,-0.05901213574883434,-0.38622961712915593,5.0,140
6:8,15,inner_brow_R,velocity,quantile_90,0.24372901643537703,0.6170617087563814,5.0,140,-0.07172773540267585,-0.5029367268984062,5.0,140
6:8,16,inner_brow_R,velocity,late_minus_early,0.01864371666323703,0.08674926820737902,5.0,140,-0.017759767167018974,-0.09558941914572988,5.0,140
6:8,17,inner_brow_R,velocity,slope_per_second,-0.027183136285051465,-0.15249707670144685,5.0,140,-0.05140572326542595,-0.3235599491503154,5.0,140
6:8,18,inner_brow_R,acceleration,mean,0.035131050256734374,0.15401273478064773,5.0,140,-0.003350601916314682,-0.016980590376191904,5.0,140
6:8,19,inner_brow_R,acceleration,std,0.31358669163984554,0.6955156506788134,5.0,140,-0.0370311771197247,-0.21735092852383447,5.0,140
6:8,20,inner_brow_R,acceleration,quantile_10,0.3106027836301958,0.692564309123834,5.0,140,-0.01553371483339844,-0.08281422434765437,5.0,140
6:8,21,inner_brow_R,acceleration,quantile_90,0.3042073566772777,0.6861316279278968,5.0,140,-0.014451802243334411,-0.07669238387818152,5.0,140
6:8,22,inner_brow_R,acceleration,late_minus_early,0.007148028735589819,0.03474666309293254,5.0,140,-0.037296207666024594,-0.219179258963706,5.0,140
6:8,23,inner_brow_R,acceleration,slope_per_second,0.04948925997693596,0.20655690616729958,5.0,140,-0.0023480638649073507,-0.011851632888236818,5.0,140
6:8,24,inner_brow_R,abs_velocity,mean,0.3235879974101887,0.7051838577324299,5.0,140,-0.045652254832850604,-0.279255924719824,5.0,140
6:8,25,inner_brow_R,abs_velocity,std,0.2850557745774668,0.6659487387146115,5.0,140,-0.07026469908159509,-0.48866790999430193,5.0,140
6:8,26,inner_brow_R,abs_velocity,quantile_10,0.3224611587456542,0.7041114358138585,5.0,140,0.09890577994865528,0.35434272528822175,5.0,140
6:8,27,inner_brow_R,abs_velocity,quantile_90,0.3083646583042155,0.6903299074316775,5.0,140,-0.06914016818029389,-0.47785740678738514,5.0,140
6:8,28,inner_brow_R,abs_velocity,late_minus_early,-0.0568926392753482,-0.3682707838133003,5.0,140,-0.09790603299853196,-0.8046508593400267,5.0,140
6:8,29,inner_brow_R,abs_velocity,slope_per_second,-0.05230299547787428,-0.33070174485130266,5.0,140,-0.09419332473289395,-0.7556907026882376,5.0,140
6:8,30,inner_brow_R,baseline_robust_z,mean,0.1974456224612604,0.5515911111588625,5.0,140,0.03679836323037702,0.16038429759455222,5.0,140
6:8,31,inner_brow_R,baseline_robust_z,std,0.02119456888963042,0.0976907879110961,5.0,140,-0.031074213222917573,-0.17742435507699222,5.0,140
6:8,32,inner_brow_R,baseline_robust_z,quantile_10,0.18789596525192956,0.5363601750241909,5.0,140,0.03931211211102672,0.1698516518379477,5.0,140
6:8,33,inner_brow_R,baseline_robust_z,quantile_90,0.1718909879392436,0.5092873302972686,5.0,140,0.01901672888314054,0.08836220410014589,5.0,140
6:8,34,inner_brow_R,baseline_robust_z,late_minus_early,-0.03132688885370635,-0.17907373641808016,5.0,140,-0.06545175142242932,-0.443324116639599,5.0,140
6:8,35,inner_brow_R,baseline_robust_z,slope_per_second,-0.023271286540238887,-0.12829918068785418,5.0,140,-0.05893170125647518,-0.38554080951689224,5.0,140
6:8,36,inner_brow_L,value,mean,0.6533256133523686,0.904056084117588,5.0,140,0.04822915544956687,0.20214805699020108,5.0,140
6:8,37,inner_brow_L,value,std,0.2468227424324148,0.621003029229261,5.0,140,-0.0033372869028560135,-0.01691219794102848,5.0,140
6:8,38,inner_brow_L,value,quantile_10,0.6231374869192894,0.8920953118132623,5.0,140,0.03684157953250047,0.16054846194433148,5.0,140
6:8,39,inner_brow_L,value,quantile_90,0.6699268720533728,0.9102990851843827,5.0,140,0.06301449837055456,0.2516436886253923,5.0,140
6:8,40,inner_brow_L,value,late_minus_early,-0.022324822786957504,-0.1225694817735197,5.0,140,-0.051110973525254635,-0.32122796334709186,5.0,140
6:8,41,inner_brow_L,value,slope_per_second,-0.014944388666168122,-0.07947262235820296,5.0,140,-0.04271549205467408,-0.2575897523534469,5.0,140
6:8,42,inner_brow_L,delta,mean,0.2693875206988017,0.6483297874012224,5.0,140,0.07243578692452178,0.2808147771663064,5.0,140
6:8,43,inner_brow_L,delta,std,0.24682273179049136,0.6210030157561706,5.0,140,-0.0033372993089281866,-0.016912261661259063,5.0,140
6:8,44,inner_brow_L,delta,quantile_10,0.26143724958804093,0.638976848573864,5.0,140,0.07104643956651499,0.2766205710863967,5.0,140
6:8,45,inner_brow_L,delta,quantile_90,0.2709434409369362,0.6501268171493683,5.0,140,0.06782122764149731,0.26674283269555443,5.0,140
6:8,46,inner_brow_L,delta,late_minus_early,-0.022324819303009027,-0.1225694607700825,5.0,140,-0.05111096889075134,-0.32122792673440825,5.0,140
6:8,47,inner_brow_L,delta,slope_per_second,-0.014944386134797889,-0.07947260804079369,5.0,140,-0.042715488011852626,-0.25758972294982124,5.0,140
6:8,48,inner_brow_L,velocity,mean,-0.015388690560340116,-0.0819903492562555,5.0,140,-0.039917892312233604,-0.23751363664178263,5.0,140
6:8,49,inner_brow_L,velocity,std,0.2754129148768927,0.6552296943001095,5.0,140,-0.0711982267103008,-0.4977455298705538,5.0,140
6:8,50,inner_brow_L,velocity,quantile_10,0.2649411759961371,0.6431345664959132,5.0,140,-0.034938268737040146,-0.2030711631717528,5.0,140
6:8,51,inner_brow_L,velocity,quantile_90,0.21546121313805294,0.5786228987949756,5.0,140,-0.08815263952009293,-0.6808316124117209,5.0,140
6:8,52,inner_brow_L,velocity,late_minus_early,0.008059072961738075,0.03903695803660514,5.0,140,-0.02815906121924298,-0.1586669562322775,5.0,140
6:8,53,inner_brow_L,velocity,slope_per_second,-0.021271288921141697,-0.11624737019682697,5.0,140,-0.05212033490556934,-0.32924261621764456,5.0,140
6:8,54,inner_brow_L,acceleration,mean,0.01967770951739989,0.09120938078555886,5.0,140,-0.011734379632226885,-0.06156143936184735,5.0,140
6:8,55,inner_brow_L,acceleration,std,0.30488039670388717,0.6868155698843942,5.0,140,-0.05750992456050873,-0.37346032275432045,5.0,140
6:8,56,inner_brow_L,acceleration,quantile_10,0.30964743305230097,0.6916127341179178,5.0,140,-0.047873908662237154,-0.29606462694515184,5.0,140
6:8,57,inner_brow_L,acceleration,quantile_90,0.30869890415090945,0.6906647342991905,5.0,140,-0.031589810160644674,-0.18079404962675708,5.0,140
6:8,58,inner_brow_L,acceleration,late_minus_early,-0.01764803191834575,-0.0949423414833299,5.0,140,-0.0644090913570586,-0.4338109274049581,5.0,140
6:8,59,inner_brow_L,acceleration,slope_per_second,0.04935317346204091,0.20608255497706907,5.0,140,-0.012668521840395748,-0.06672377563774025,5.0,140
6:8,60,inner_brow_L,abs_velocity,mean,0.29649430581714126,0.6781733648940095,5.0,140,-0.06837709134803462,-0.470597926326726,5.0,140
6:8,61,inner_brow_L,abs_velocity,std,0.2537684612787377,0.6296753389309695,5.0,140,-0.0510528270539466,-0.32076873912019666,5.0,140
6:8,62,inner_brow_L,abs_velocity,quantile_10,0.22247302563462823,0.5885865794555184,5.0,140,-0.02898004307317566,-0.1638994701888528,5.0,140
6:8,63,inner_brow_L,abs_velocity,quantile_90,0.2824686536812985,0.6631109919063096,5.0,140,-0.06194308411560854,-0.4117309633648905,5.0,140
6:8,64,inner_brow_L,abs_velocity,late_minus_early,-0.05560378385159257,-0.3575415776685123,5.0,140,-0.08689706263315863,-0.665967946654104,5.0,140
6:8,65,inner_brow_L,abs_velocity,slope_per_second,-0.049811248072474765,-0.3110267659450469,5.0,140,-0.08742340676021737,-0.6721709212413917,5.0,140
6:8,66,inner_brow_L,baseline_robust_z,mean,0.19887495697997606,0.5538150265666517,5.0,140,0.0381220703423483,0.16539027319675406,5.0,140
6:8,67,inner_brow_L,baseline_robust_z,std,0.02466690068395666,0.11225825091471177,5.0,140,-0.03911535076664629,-0.23185276233266347,5.0,140
6:8,68,inner_brow_L,baseline_robust_z,quantile_10,0.1862751815043955,0.5337089679903061,5.0,140,0.034818078557003924,0.15280841165967007,5.0,140
6:8,69,inner_brow_L,baseline_robust_z,quantile_90,0.184692125019182,0.5311003880362221,5.0,140,0.029295897202698745,0.13111496398673048,5.0,140
6:8,70,inner_brow_L,baseline_robust_z,late_minus_early,-0.03898972470850204,-0.23097053363064954,5.0,140,-0.0678383695698755,-0.46550945861714876,5.0,140
6:8,71,inner_brow_L,baseline_robust_z,slope_per_second,-0.03219166389707186,-0.18474765746488275,5.0,140,-0.06315189287671852,-0.42248148676086933,5.0,140
6:8,72,outer_brow_R,value,mean,0.6580127930688053,0.9058418533467512,5.0,140,0.05829309505443334,0.23635420314936384,5.0,140
6:8,73,outer_brow_R,value,std,0.2901279271454524,0.6714333599605818,5.0,140,0.02117615498963018,0.09761254170024627,5.0,140
6:8,74,outer_brow_R,value,quantile_10,0.6303362014772305,0.8950219819705066,5.0,140,0.053493144891738155,0.22032270659202283,5.0,140
6:8,75,outer_brow_R,value,quantile_90,0.6517732638398112,0.9034605620604075,5.0,140,0.057934652038425676,0.23517429613278912,5.0,140
6:8,76,outer_brow_R,value,late_minus_early,-0.030878201266220803,-0.17614747508380088,5.0,140,-0.06507526400607551,-0.43987668588731615,5.0,140
6:8,77,outer_brow_R,value,slope_per_second,-0.020039473766194974,-0.10892887843836119,5.0,140,-0.05358673804553672,-0.34103309466165493,5.0,140
6:8,78,outer_brow_R,delta,mean,0.32362110732035865,0.7052153049949162,5.0,140,0.06707766335548082,0.26443704140820773,5.0,140
6:8,79,outer_brow_R,delta,std,0.2901279154121578,0.6714333473922761,5.0,140,0.021176144406435886,0.09761249672600861,5.0,140
6:8,80,outer_brow_R,delta,quantile_10,0.3247921605570229,0.7063252224992758,5.0,140,0.06919368097860497,0.27097059364735243,5.0,140
6:8,81,outer_brow_R,delta,quantile_90,0.310713937867101,0.6926748134909606,5.0,140,0.054966290158709304,0.22529658167343666,5.0,140
6:8,82,outer_brow_R,delta,late_minus_early,-0.03087820586547463,-0.17614750501790333,5.0,140,-0.06507526725016842,-0.439876715532442,5.0,140
6:8,83,outer_brow_R,delta,slope_per_second,-0.020039477089590692,-0.10892889807763823,5.0,140,-0.05358674286278302,-0.34103313368345206,5.0,140
6:8,84,outer_brow_R,velocity,mean,-0.02328855911100598,-0.1284041898133015,5.0,140,-0.05280917345984534,-0.33475931909725287,5.0,140
6:8,85,outer_brow_R,velocity,std,0.3242101223224356,0.7057741358928497,5.0,140,-0.04404123513371583,-0.2672940088414602,5.0,140
6:8,86,outer_brow_R,velocity,quantile_10,0.316348360295588,0.6982194671899459,5.0,140,-0.018379385761542175,-0.0991890651765361,5.0,140
6:8,87,outer_brow_R,velocity,quantile_90,0.25343612260069076,0.6292658373704644,5.0,140,-0.0682732372159859,-0.4696146302975337,5.0,140
6:8,88,outer_brow_R,velocity,late_minus_early,0.03060041552272622,0.13631668838462505,5.0,140,-0.005911728651661021,-0.03027454278632861,5.0,140
6:8,89,outer_brow_R,velocity,slope_per_second,0.008084917496622884,0.03915822345918702,5.0,140,-0.019898888311531106,-0.10809861024526454,5.0,140
6:8,90,outer_brow_R,acceleration,mean,0.024133309142664067,0.11004367372456299,5.0,140,-0.005408158905886312,-0.02763869228882704,5.0,140
6:8,91,outer_brow_R,acceleration,std,0.3240595174056041,0.7056313578558757,5.0,140,-0.02432314934370487,-0.134723329358828,5.0,140
6:8,92,outer_brow_R,acceleration,quantile_10,0.3252259134023564,0.7067351840051511,5.0,140,-0.0024973564127022626,-0.012612776456170505,5.0,140
6:8,93,outer_brow_R,acceleration,quantile_90,0.3142077771450473,0.6961260325384312,5.0,140,-0.011016321036338655,-0.057620676671887604,5.0,140
6:8,94,outer_brow_R,acceleration,late_minus_early,0.02235547918514312,0.10260248505018235,5.0,140,-0.03146303714488867,-0.179964047808176,5.0,140
6:8,95,outer_brow_R,acceleration,slope_per_second,0.02878216786430697,0.1290531245452375,5.0,140,-0.02634018883140449,-0.14721123060609426,5.0,140
6:8,96,outer_brow_R,abs_velocity,mean,0.3425550397267602,0.722622829865559,5.0,140,-0.03320889482755576,-0.19147980495521305,5.0,140
6:8,97,outer_brow_R,abs_velocity,std,0.2981957788459878,0.6799481826404304,5.0,140,-0.03440493250261407,-0.19947657489329634,5.0,140
6:8,98,outer_brow_R,abs_velocity,quantile_10,0.30303990483685384,0.6849413174946442,5.0,140,0.044693811015264616,0.18957732290545778,5.0,140
6:8,99,outer_brow_R,abs_velocity,quantile_90,0.32756413178972127,0.7089345445818395,5.0,140,-0.037496137325923905,-0.22056150447152648,5.0,140
6:8,100,outer_brow_R,abs_velocity,late_minus_early,-0.036440695023078444,-0.21329376766688085,5.0,140,-0.07475481171464318,-0.533215864912349,5.0,140
6:8,101,outer_brow_R,abs_velocity,slope_per_second,-0.04667470341398869,-0.2869459936717971,5.0,140,-0.08997797221965752,-0.7028561432114805,5.0,140
6:8,102,outer_brow_R,baseline_robust_z,mean,0.21258819599373152,0.5744531470832545,5.0,140,0.02685208537138561,0.12123841028398184,5.0,140
6:8,103,outer_brow_R,baseline_robust_z,std,0.019041371211645626,0.08846860208660265,5.0,140,-0.04971139504917791,-0.31024852275909437,5.0,140
6:8,104,outer_brow_R,baseline_robust_z,quantile_10,0.18797824038092117,0.5364942337587124,5.0,140,0.016859733981076663,0.07897282651806982,5.0,140
6:8,105,outer_brow_R,baseline_robust_z,quantile_90,0.21814862840123375,0.5824769506060216,5.0,140,0.02956527739107218,0.13219308593585885,5.0,140
6:8,106,outer_brow_R,baseline_robust_z,late_minus_early,-0.015457214340694636,-0.0823795021942587,5.0,140,-0.05502175330878198,-0.35274289723662416,5.0,140
6:8,107,outer_brow_R,baseline_robust_z,slope_per_second,-0.0014751455681658353,-0.007419507253802862,5.0,140,-0.044228273494232424,-0.26867316908205535,5.0,140
6:8,108,outer_brow_L,value,mean,0.7063689718710348,0.9232432678272415,5.0,140,0.07168551636326666,0.2785543361327273,5.0,140
6:8,109,outer_brow_L,value,std,0.2171687178633504,0.5810767864996301,5.0,140,0.022577792178931532,0.10353829634491334,5.0,140
6:8,110,outer_brow_L,value,quantile_10,0.6735680984463126,0.9116383778026675,5.0,140,0.07175623657364792,0.2787678544236367,5.0,140
6:8,111,outer_brow_L,value,quantile_90,0.698265681195999,0.9204510073528552,5.0,140,0.05808532485113082,0.235670608780206,5.0,140
6:8,112,outer_brow_L,value,late_minus_early,-0.051551740134323204,-0.3247177637713786,5.0,140,-0.08159011128851433,-0.6055917493382161,5.0,140
6:8,113,outer_brow_L,value,slope_per_second,-0.042793834221566754,-0.2581597539629108,5.0,140,-0.07367176134206016,-0.5222629249772099,5.0,140
6:8,114,outer_brow_L,delta,mean,0.30646049569207634,0.6884147618397599,5.0,140,0.06632297428525215,0.2620856674855513,5.0,140
6:8,115,outer_brow_L,delta,std,0.21716872080350447,0.581076790709538,5.0,140,0.0225777899492228,0.10353828696676234,5.0,140
6:8,116,outer_brow_L,delta,quantile_10,0.3056086835811826,0.6875537869822742,5.0,140,0.07026219037205746,0.27423698646112393,5.0,140
6:8,117,outer_brow_L,delta,quantile_90,0.2971536327218155,0.6788624230721655,5.0,140,0.05999261323936842,0.24191146287509943,5.0,140
6:8,118,outer_brow_L,delta,late_minus_early,-0.051551748326984,-0.3247178287814172,5.0,140,-0.08159011930793117,-0.605591837698612,5.0,140
6:8,119,outer_brow_L,delta,slope_per_second,-0.042793837645201206,-0.2581597788819945,5.0,140,-0.07367176412067838,-0.5222629529049099,5.0,140
6:8,120,outer_brow_L,velocity,mean,-0.02729314312976561,-0.1531898451249114,5.0,140,-0.0655882215173785,-0.44457722587632453,5.0,140
6:8,121,outer_brow_L,velocity,std,0.2811799811195351,0.6616871661063674,5.0,140,-0.0478929273811659,-0.296210115018402,5.0,140
6:8,122,outer_brow_L,velocity,quantile_10,0.22893744278607708,0.5975139505023379,5.0,140,-0.044683200633258424,-0.2720381428302188,5.0,140
6:8,123,outer_brow_L,velocity,quantile_90,0.2109102144813955,0.5719937632503608,5.0,140,-0.0749727367021072,-0.5354361321306352,5.0,140
6:8,124,outer_brow_L,velocity,late_minus_early,0.025988409744525667,0.11770607400045519,5.0,140,-0.011997649926281663,-0.06301224506063458,5.0,140
6:8,125,outer_brow_L,velocity,slope_per_second,0.01639508917519427,0.07693032755388027,5.0,140,-0.01550317307530823,-0.08264063355688309,5.0,140
6:8,126,outer_brow_L,acceleration,mean,-0.005392615829482955,-0.027557507348816044,5.0,140,-0.02534919039884551,-0.1410477356160574,5.0,140
6:8,127,outer_brow_L,acceleration,std,0.2903906293417446,0.6717146208092848,5.0,140,-0.05118309637960813,-0.3217979422749047,5.0,140
6:8,128,outer_brow_L,acceleration,quantile_10,0.3126959941614308,0.6946379515004198,5.0,140,-0.015016872483840522,-0.0798827167006269,5.0,140
6:8,129,outer_brow_L,acceleration,quantile_90,0.2703065589821348,0.6493925415598499,5.0,140,-0.06915846635416953,-0.47803223739528977,5.0,140
6:8,130,outer_brow_L,acceleration,late_minus_early,0.002092123706723776,0.010373805396820372,5.0,140,-0.04723061457588405,-0.29115967430867146,5.0,140
6:8,131,outer_brow_L,acceleration,slope_per_second,0.022960464127915418,0.10514555744030585,5.0,140,-0.03572653444190418,-0.20841669749478187,5.0,140
6:8,132,outer_brow_L,abs_velocity,mean,0.3084221589648208,0.6903875365918516,5.0,140,-0.04099791725940114,-0.24520041093493167,5.0,140
6:8,133,outer_brow_L,abs_velocity,std,0.2410579351111029,0.6136188774155615,5.0,140,-0.03557747144730802,-0.2074028303336912,5.0,140
6:8,134,outer_brow_L,abs_velocity,quantile_10,0.26669282432082636,0.645191910375822,5.0,140,-0.006895378613266334,-0.03545478986543558,5.0,140
6:8,135,outer_brow_L,abs_velocity,quantile_90,0.2775995184161422,0.6576946830085679,5.0,140,-0.03847161989198422,-0.22734313400605458,5.0,140
6:8,136,outer_brow_L,abs_velocity,late_minus_early,-0.03843805142256625,-0.22710872442461896,5.0,140,-0.0650317034815769,-0.43947871544502526,5.0,140
6:8,137,outer_brow_L,abs_velocity,slope_per_second,-0.04061585023129736,-0.24247209182359244,5.0,140,-0.07446659446889517,-0.530287911890506,5.0,140
6:8,138,outer_brow_L,baseline_robust_z,mean,0.20431162930845814,0.5621461573068695,5.0,140,0.028817054635836805,0.12919338216897627,5.0,140
6:8,139,outer_brow_L,baseline_robust_z,std,0.02960713391677293,0.1323604189833802,5.0,140,-0.04780747663593617,-0.2955566546212925,5.0,140
6:8,140,outer_brow_L,baseline_robust_z,quantile_10,0.18613338206304542,0.5334760812809637,5.0,140,0.023637083100583295,0.10797642461664632,5.0,140
6:8,141,outer_brow_L,baseline_robust_z,quantile_90,0.20449049841981282,0.5624168688091169,5.0,140,0.030421560204303776,0.13560637144902418,5.0,140
6:8,142,outer_brow_L,baseline_robust_z,late_minus_early,-0.03872362998994485,-0.22910530640566842,5.0,140,-0.06951286350215777,-0.48142533071178745,5.0,140
6:8,143,outer_brow_L,baseline_robust_z,slope_per_second,-0.03713496909288317,-0.21806640183355747,5.0,140,-0.0683460876582551,-0.4703042641443076,5.0,140
6:8,144,eye_open_R,value,mean,0.7245580554539027,0.9293418326890208,5.0,140,0.03408549284380368,0.14997902789137063,5.0,140
6:8,145,eye_open_R,value,std,0.24943065427551384,0.6242875065341753,5.0,140,-0.032164215781560625,-0.18456687394681726,5.0,140
6:8,146,eye_open_R,value,quantile_10,0.7129319834168897,0.9254703287649477,5.0,140,0.018452677316405864,0.08592146249419326,5.0,140
6:8,147,eye_open_R,value,quantile_90,0.686868636323566,0.916442030521692,5.0,140,0.029590697095808378,0.1322947142160654,5.0,140
6:8,148,eye_open_R,value,late_minus_early,-0.004599910950309301,-0.02343067074732129,5.0,140,-0.03157059923149302,-0.18066821087509966,5.0,140
6:8,149,eye_open_R,value,slope_per_second,-0.003619537795737867,-0.01836355936746865,5.0,140,-0.03082240081664856,-0.17578439203807675,5.0,140
6:8,150,eye_open_R,delta,mean,0.20901256447218491,0.569190749474709,5.0,140,-0.013663427638536181,-0.07226678620881578,5.0,140
6:8,151,eye_open_R,delta,std,0.24943065488253702,0.6242875072946853,5.0,140,-0.032164213726020366,-0.1845668604099691,5.0,140
6:8,152,eye_open_R,delta,quantile_10,0.24819893600578463,0.622740531111107,5.0,140,-0.016360061548593027,-0.08752817292833923,5.0,140
6:8,153,eye_open_R,delta,quantile_90,0.19134114845461236,0.5419309674743877,5.0,140,-0.010384160917693501,-0.05417088117725916,5.0,140
6:8,154,eye_open_R,delta,late_minus_early,-0.0045999075045421904,-0.02343065286653942,5.0,140,-0.031570596795669294,-0.18066819492094915,5.0,140
6:8,155,eye_open_R,delta,slope_per_second,-0.0036195342927515055,-0.018363541334138624,5.0,140,-0.03082239775454086,-0.1757843721185899,5.0,140
6:8,156,eye_open_R,velocity,mean,-0.014030485946805346,-0.07432361550548884,5.0,140,-0.041034142791857235,-0.24545961323591206,5.0,140
6:8,157,eye_open_R,velocity,std,0.3506881551692664,0.7297633392455667,5.0,140,-0.0011920687941030029,-0.00598890069704272,5.0,140
6:8,158,eye_open_R,velocity,quantile_10,0.2942827770393293,0.6758499199628007,5.0,140,-0.009977988601165642,-0.051963924803263374,5.0,140
6:8,159,eye_open_R,velocity,quantile_90,0.2848052817988349,0.6656751800414235,5.0,140,0.006452494327155196,0.03145072903309229,5.0,140
6:8,160,eye_open_R,velocity,late_minus_early,-0.01314544364624613,-0.06937508321885925,5.0,140,-0.05727050823335953,-0.37144359503826907,5.0,140
6:8,161,eye_open_R,velocity,slope_per_second,-0.021227142254636216,-0.11598372324320451,5.0,140,-0.0575325676999735,-0.37365131734527207,5.0,140
6:8,162,eye_open_R,acceleration,mean,0.014812693824105104,0.06992061827832943,5.0,140,-0.03942791737148313,-0.2340523781649651,5.0,140
6:8,163,eye_open_R,acceleration,std,0.3638493355332409,0.7409174256439712,5.0,140,0.0026847669922603888,0.013281207174741473,5.0,140
6:8,164,eye_open_R,acceleration,quantile_10,0.33272327300018323,0.7137248682533712,5.0,140,0.00030383426130062687,0.0015173272424956344,5.0,140
6:8,165,eye_open_R,acceleration,quantile_90,0.31443410093945096,0.6963481219864796,5.0,140,0.010179629105723252,0.048906735803607,5.0,140
6:8,166,eye_open_R,acceleration,late_minus_early,0.01013323944011925,0.048692544356926784,5.0,140,-0.02775069783165816,-0.15607865559594933,5.0,140
6:8,167,eye_open_R,acceleration,slope_per_second,0.07219965211823573,0.2801044773154389,5.0,140,0.021020829667161307,0.09695209448004806,5.0,140
6:8,168,eye_open_R,abs_velocity,mean,0.34597965176780215,0.7256532390442213,5.0,140,0.008946238716307016,0.04318579196523984,5.0,140
6:8,169,eye_open_R,abs_velocity,std,0.34021026375968244,0.720527676002528,5.0,140,-0.005091060819362809,-0.02598445791931568,5.0,140
6:8,170,eye_open_R,abs_velocity,quantile_10,0.1803443748174107,0.523837377024878,5.0,140,-0.03034279439847711,-0.1726712897682125,5.0,140
6:8,171,eye_open_R,abs_velocity,quantile_90,0.3437032756317675,0.7236427895442136,5.0,140,0.0055464458369723565,0.027130321744480212,5.0,140
6:8,172,eye_open_R,abs_velocity,late_minus_early,-0.022125466253666876,-0.12136868636611589,5.0,140,-0.0767122730696886,-0.5533591041659492,5.0,140
6:8,173,eye_open_R,abs_velocity,slope_per_second,-0.023161690584799798,-0.1276332613553665,5.0,140,-0.06746837745334984,-0.46203211607968603,5.0,140
6:8,174,eye_open_R,baseline_robust_z,mean,0.17182257155014538,0.5091671923775879,5.0,140,-0.0311398164479039,-0.17785222477716905,5.0,140
6:8,175,eye_open_R,baseline_robust_z,std,0.10337916566510442,0.3656807464530758,5.0,140,-0.048982161938483024,-0.30458840376328405,5.0,140
6:8,176,eye_open_R,baseline_robust_z,quantile_10,0.1912930939937515,0.5418538625387488,5.0,140,-0.019952739457822173,-0.10841652390685584,5.0,140
6:8,177,eye_open_R,baseline_robust_z,quantile_90,0.1406457497918349,0.4500424933164555,5.0,140,-0.037124400659316596,-0.21799351812923837,5.0,140
6:8,178,eye_open_R,baseline_robust_z,late_minus_early,-0.012079014931219052,-0.06346127332844932,5.0,140,-0.04010634638858534,-0.23884920826879774,5.0,140
6:8,179,eye_open_R,baseline_robust_z,slope_per_second,-0.009014503802113296,-0.04675853912547802,5.0,140,-0.040943221809415876,-0.24480922218706105,5.0,140
6:8,180,eye_open_L,value,mean,0.7522880343570348,0.9382133785020511,5.0,140,0.038277080987866065,0.16597348311864754,5.0,140
6:8,181,eye_open_L,value,std,0.24367661538738314,0.6169945258501167,5.0,140,-0.018831444840325624,-0.10182745674102517,5.0,140
6:8,182,eye_open_L,value,quantile_10,0.7417995769245463,0.9349161793665756,5.0,140,0.03510075415348079,0.15389627018745403,5.0,140
6:8,183,eye_open_L,value,quantile_90,0.7203100085253216,0.9279379814138597,5.0,140,0.03229922081840735,0.1430185528176867,5.0,140
6:8,184,eye_open_L,value,late_minus_early,-0.018950551716149684,-0.1025243289743135,5.0,140,-0.04692008888190709,-0.2888031158743134,5.0,140
6:8,185,eye_open_L,value,slope_per_second,-0.016533267973595257,-0.08852047050822089,5.0,140,-0.04574718219769309,-0.27996665290788714,5.0,140
6:8,186,eye_open_L,delta,mean,0.2084799645115137,0.5683998774451304,5.0,140,-0.010879337971746554,-0.05687159089195051,5.0,140
6:8,187,eye_open_L,delta,std,0.2436766158563427,0.6169945264514294,5.0,140,-0.018831442925392638,-0.1018274455428803,5.0,140
6:8,188,eye_open_L,delta,quantile_10,0.24577721733640737,0.6196765622290494,5.0,140,-0.013679991163756067,-0.07235946308103088,5.0,140
6:8,189,eye_open_L,delta,quantile_90,0.19618523622432132,0.549618242314747,5.0,140,-0.008799457398248181,-0.045602392221692864,5.0,140
6:8,190,eye_open_L,delta,late_minus_early,-0.018950553676829775,-0.1025243404518027,5.0,140,-0.046920092698831795,-0.2888031447964048,5.0,140
6:8,191,eye_open_L,delta,slope_per_second,-0.016533270756529918,-0.08852048646344939,5.0,140,-0.04574718538104439,-0.2799666767529506,5.0,140
6:8,192,eye_open_L,velocity,mean,-0.035962084262700963,-0.21002169252829533,5.0,140,-0.06317815607075364,-0.422716602231754,5.0,140
6:8,193,eye_open_L,velocity,std,0.341034067112702,0.7212656725074859,5.0,140,0.012904380705848973,0.061354914813529976,5.0,140
6:8,194,eye_open_L,velocity,quantile_10,0.28598920776225967,0.6669658726811329,5.0,140,0.00839605077437093,0.04061619144917914,5.0,140
6:8,195,eye_open_L,velocity,quantile_90,0.2594360243344903,0.6365765570696749,5.0,140,0.0076237394431173285,0.036990668346388124,5.0,140
6:8,196,eye_open_L,velocity,late_minus_early,-0.022745926435523187,-0.1251128641983929,5.0,140,-0.06425409972889043,-0.432405907984422,5.0,140
6:8,197,eye_open_L,velocity,slope_per_second,-0.017467745202354466,-0.09389958189647317,5.0,140,-0.056702797791412345,-0.3666814440634284,5.0,140
6:8,198,eye_open_L,acceleration,mean,0.013279941955243107,0.06305048277044906,5.0,140,-0.03715388000334156,-0.21819683631022294,5.0,140
6:8,199,eye_open_L,acceleration,std,0.3629805348332349,0.7401958834875279,5.0,140,0.00757974592828661,0.03678349155991531,5.0,140
6:8,200,eye_open_L,acceleration,quantile_10,0.3242602297387308,0.705821622642792,5.0,140,-0.008026388353405231,-0.04146313878395066,5.0,140
6:8,201,eye_open_L,acceleration,quantile_90,0.3216723849179774,0.7033582376121998,5.0,140,0.03454353335029284,0.1517497733280383,5.0,140
6:8,202,eye_open_L,acceleration,late_minus_early,0.004736370236777343,0.023241529234591083,5.0,140,-0.039910237612632946,-0.23745943852231702,5.0,140
6:8,203,eye_open_L,acceleration,slope_per_second,0.07295835618487205,0.2823829867987232,5.0,140,0.011325732860669166,0.05417440494995042,5.0,140
6:8,204,eye_open_L,abs_velocity,mean,0.33618635164910704,0.7168930808080918,5.0,140,0.021855060134118698,0.10049040527025957,5.0,140
6:8,205,eye_open_L,abs_velocity,std,0.33289028539055365,0.713878524256729,5.0,140,0.010129050543706145,0.04867319952603818,5.0,140
6:8,206,eye_open_L,abs_velocity,quantile_10,0.19160499579595885,0.5423540200519179,5.0,140,-0.019847732934825918,-0.10779674901706202,5.0,140
6:8,207,eye_open_L,abs_velocity,quantile_90,0.346546711714548,0.7261516678185402,5.0,140,0.028674693201672808,0.12862081622945104,5.0,140
6:8,208,eye_open_L,abs_velocity,late_minus_early,-0.022736585472202236,-0.12505634441559665,5.0,140,-0.0748994375057046,-0.5346887271431864,5.0,140
6:8,209,eye_open_L,abs_velocity,slope_per_second,-0.02149644836144727,-0.11759362276483552,5.0,140,-0.0677251879901453,-0.4644442315107403,5.0,140
6:8,210,eye_open_L,baseline_robust_z,mean,0.18555008408891738,0.5325164971470806,5.0,140,-0.016861850134929437,-0.09040696548746037,5.0,140
6:8,211,eye_open_L,baseline_robust_z,std,0.11098458270000014,0.38431205936097756,5.0,140,-0.03582064668793836,-0.20905753830848536,5.0,140
6:8,212,eye_open_L,baseline_robust_z,quantile_10,0.20654075328115162,0.5655046997358568,5.0,140,-0.014929789221905142,-0.0793900531488377,5.0,140
6:8,213,eye_open_L,baseline_robust_z,quantile_90,0.15704660699046646,0.48227464709632345,5.0,140,-0.01454930560313549,-0.07724178537891606,5.0,140
6:8,214,eye_open_L,baseline_robust_z,late_minus_early,-0.013406124662857987,-0.0708287811960184,5.0,140,-0.04495120554986658,-0.27402749227573747,5.0,140
6:8,215,eye_open_L,baseline_robust_z,slope_per_second,-0.0110849552736895,-0.057996322952306584,5.0,140,-0.04608609282306071,-0.28250950033946853,5.0,140
6:8,216,lid_cheek_gap_R,value,mean,0.5939658302967238,0.8797243457236528,5.0,140,0.04472576771628835,0.1896923030468729,5.0,140
6:8,217,lid_cheek_gap_R,value,std,0.1737680281821064,0.512568246734959,5.0,140,-0.042389547531098935,-0.25522286466675287,5.0,140
6:8,218,lid_cheek_gap_R,value,quantile_10,0.5217843914578275,0.8450941694872617,5.0,140,0.004793077170429698,0.0235145574972963,5.0,140
6:8,219,lid_cheek_gap_R,value,quantile_90,0.6178768410925543,0.8899258682757343,5.0,140,0.05841426795095561,0.23675245449508805,5.0,140
6:8,220,lid_cheek_gap_R,value,late_minus_early,-0.004819940226364616,-0.024573471792601463,5.0,140,-0.031854499434575224,-0.18253011953036838,5.0,140
6:8,221,lid_cheek_gap_R,value,slope_per_second,-0.006409661996094831,-0.03289160629593647,5.0,140,-0.037929900026350785,-0.22356935295843078,5.0,140
6:8,222,lid_cheek_gap_R,delta,mean,0.18386261474602536,0.5297259100488957,5.0,140,0.01283275837137213,0.06103100718347272,5.0,140
6:8,223,lid_cheek_gap_R,delta,std,0.17376800139536816,0.5125682001212665,5.0,140,-0.04238956992753868,-0.25522302704603783,5.0,140
6:8,224,lid_cheek_gap_R,delta,quantile_10,0.1752255884704664,0.5150959667689322,5.0,140,0.013055835609222537,0.06203927950783698,5.0,140
6:8,225,lid_cheek_gap_R,delta,quantile_90,0.18584937090485157,0.5330091750477242,5.0,140,0.004550835117461596,0.022347378645220458,5.0,140
6:8,226,lid_cheek_gap_R,delta,late_minus_early,-0.004819928839288093,-0.024573412596657893,5.0,140,-0.03185448870765007,-0.18253004908819756,5.0,140
6:8,227,lid_cheek_gap_R,delta,slope_per_second,-0.006409652784458682,-0.032891557781983306,5.0,140,-0.03792989012844033,-0.22356928418279093,5.0,140
6:8,228,lid_cheek_gap_R,velocity,mean,-0.019903340508609264,-0.1081248884306052,5.0,140,-0.047398183460816215,-0.29243434406503255,5.0,140
6:8,229,lid_cheek_gap_R,velocity,std,0.29062731846467105,0.6719677968041468,5.0,140,-0.03188671321113851,-0.18274169401017254,5.0,140
6:8,230,lid_cheek_gap_R,velocity,quantile_10,0.25086479722853666,0.626079130078269,5.0,140,-0.04833576106761576,-0.29960543155486163,5.0,140
6:8,231,lid_cheek_gap_R,velocity,quantile_90,0.22665797198728643,0.5943936357612517,5.0,140,-0.036848438763051834,-0.21609294431867646,5.0,140
6:8,232,lid_cheek_gap_R,velocity,late_minus_early,-0.028567080416707687,-0.16126260985983468,5.0,140,-0.07233140865099927,-0.5088927656106933,5.0,140
6:8,233,lid_cheek_gap_R,velocity,slope_per_second,-0.03564811344746003,-0.20788313331873973,5.0,140,-0.07784450286260783,-0.5652194103369412,5.0,140
6:8,234,lid_cheek_gap_R,acceleration,mean,0.015480630054653896,0.07288964006275588,5.0,140,-0.028894022478589267,-0.16334939698651593,5.0,140
6:8,235,lid_cheek_gap_R,acceleration,std,0.29960033308144784,0.6814050025262828,5.0,140,-0.020972919908081946,-0.11446746766618517,5.0,140
6:8,236,lid_cheek_gap_R,acceleration,quantile_10,0.2924107490143649,0.6738683496448852,5.0,140,-0.013907036794436103,-0.07363114832825078,5.0,140
6:8,237,lid_cheek_gap_R,acceleration,quantile_90,0.26468504523749664,0.6428325625707665,5.0,140,-0.04324112431171194,-0.2614224187943855,5.0,140
6:8,238,lid_cheek_gap_R,acceleration,late_minus_early,-0.008653049885065468,-0.04481644516817336,5.0,140,-0.04222269521074053,-0.25401411894796083,5.0,140
6:8,239,lid_cheek_gap_R,acceleration,slope_per_second,0.042418659290053964,0.18132674652602424,5.0,140,0.013902203977839714,0.06584922259216479,5.0,140
6:8,240,lid_cheek_gap_R,abs_velocity,mean,0.3010075567949672,0.6828571429805583,5.0,140,-0.029405135724871467,-0.1666240951568405,5.0,140
6:8,241,lid_cheek_gap_R,abs_velocity,std,0.2570186189937695,0.6336518260016005,5.0,140,-0.036848589208657585,-0.2160939791100497,5.0,140
6:8,242,lid_cheek_gap_R,abs_velocity,quantile_10,0.23832732445683646,0.6100603850141053,5.0,140,0.01961998230480385,0.09096127694749072,5.0,140
6:8,243,lid_cheek_gap_R,abs_velocity,quantile_90,0.2611807336841955,0.6386702306878007,5.0,140,-0.04152654149362448,-0.24899177688580035,5.0,140
6:8,244,lid_cheek_gap_R,abs_velocity,late_minus_early,-0.06371140318727002,-0.4275047176620604,5.0,140,-0.09930685035097385,-0.8237505369542822,5.0,140
6:8,245,lid_cheek_gap_R,abs_velocity,slope_per_second,-0.061410307194984096,-0.4070364761296672,5.0,140,-0.09095401362146417,-0.7148405289287683,5.0,140
6:8,246,lid_cheek_gap_R,baseline_robust_z,mean,0.11235133849992397,0.3875773543608269,5.0,140,-0.015273240174397039,-0.08133520963771203,5.0,140
6:8,247,lid_cheek_gap_R,baseline_robust_z,std,0.10672430922369958,0.37397335443704455,5.0,140,-0.005043552564177989,-0.025736986191695302,5.0,140
6:8,248,lid_cheek_gap_R,baseline_robust_z,quantile_10,0.12049193906909901,0.40652685781723086,5.0,140,-0.005159532689884013,-0.026341298614604255,5.0,140
6:8,249,lid_cheek_gap_R,baseline_robust_z,quantile_90,0.09315396969339104,0.33933007454578024,5.0,140,-0.033620530313097974,-0.19422204404226984,5.0,140
6:8,250,lid_cheek_gap_R,baseline_robust_z,late_minus_early,-0.022927150917715185,-0.12621032749167996,5.0,140,-0.06160146053796294,-0.4087177421456062,5.0,140
6:8,251,lid_cheek_gap_R,baseline_robust_z,slope_per_second,-0.009460383883723092,-0.0491622961971363,5.0,140,-0.05660304710931197,-0.3658475887499194,5.0,140
6:8,252,lid_cheek_gap_L,value,mean,0.6426640952675644,0.89992430897948,5.0,140,0.045361027115866634,0.19197280172170464,5.0,140
6:8,253,lid_cheek_gap_L,value,std,0.1722838867777415,0.5099764997320949,5.0,140,-0.02983370295074796,-0.16938164100608258,5.0,140
6:8,254,lid_cheek_gap_L,value,quantile_10,0.5740709800175333,0.8707850930591549,5.0,140,0.011609365195230153,0.05547089831133568,5.0,140
6:8,255,lid_cheek_gap_L,value,quantile_90,0.6625666273786941,0.9075592503337078,5.0,140,0.05481091346493673,0.2247742413561981,5.0,140
6:8,256,lid_cheek_gap_L,value,late_minus_early,-0.01620343757160912,-0.0866321418678474,5.0,140,-0.04437593433644497,-0.2697637445381363,5.0,140
6:8,257,lid_cheek_gap_L,value,slope_per_second,-0.016371758717653315,-0.08759513954622655,5.0,140,-0.05008259909863557,-0.31314557207644844,5.0,140
6:8,258,lid_cheek_gap_L,delta,mean,0.18256636933067635,0.5275675083489705,5.0,140,-0.004760782519289583,-0.02426601344697269,5.0,140
6:8,259,lid_cheek_gap_L,delta,std,0.17228389362536642,0.5099765117320869,5.0,140,-0.029833698495884423,-0.1693816122861946,5.0,140
6:8,260,lid_cheek_gap_L,delta,quantile_10,0.15905962296645154,0.4860526865648892,5.0,140,-0.009645035146126026,-0.05016036985126256,5.0,140
6:8,261,lid_cheek_gap_L,delta,quantile_90,0.19455770851572415,0.5470541416470641,5.0,140,-0.010494849946149656,-0.05477361313415386,5.0,140
6:8,262,lid_cheek_gap_L,delta,late_minus_early,-0.01620343359583472,-0.08663211913805316,5.0,140,-0.04437592990656546,-0.2697637117969778,5.0,140
6:8,263,lid_cheek_gap_L,delta,slope_per_second,-0.016371752268197214,-0.08759510262106354,5.0,140,-0.05008259137936403,-0.31314551171979815,5.0,140
6:8,264,lid_cheek_gap_L,velocity,mean,-0.04070920435155653,-0.2431378087210407,5.0,140,-0.07356556600665283,-0.5211962054515019,5.0,140
6:8,265,lid_cheek_gap_L,velocity,std,0.28351562801848973,0.6642627064915709,5.0,140,-0.019960092356793097,-0.10845994376197163,5.0,140
6:8,266,lid_cheek_gap_L,velocity,quantile_10,0.22730345904445157,0.5952802528906528,5.0,140,-0.04950154827951801,-0.3086155270448727,5.0,140
6:8,267,lid_cheek_gap_L,velocity,quantile_90,0.22002485279776302,0.5851415395592731,5.0,140,-0.035306869605848425,-0.2055659020215803,5.0,140
6:8,268,lid_cheek_gap_L,velocity,late_minus_early,-0.036602175593813305,-0.2144010587717135,5.0,140,-0.07783177229148865,-0.565085188244353,5.0,140
6:8,269,lid_cheek_gap_L,velocity,slope_per_second,-0.028485999274771752,-0.16074604303514503,5.0,140,-0.07137059844398262,-0.4994320491355473,5.0,140
6:8,270,lid_cheek_gap_L,acceleration,mean,0.006197348350723682,0.030237180393450865,5.0,140,-0.03481662876833786,-0.20224976359148455,5.0,140
6:8,271,lid_cheek_gap_L,acceleration,std,0.29438209339368554,0.6759546671495555,5.0,140,-0.01011871083620535,-0.052727699560678,5.0,140
6:8,272,lid_cheek_gap_L,acceleration,quantile_10,0.27436856253599723,0.6540451271741767,5.0,140,-0.015552583930647158,-0.08292149360928809,5.0,140
6:8,273,lid_cheek_gap_L,acceleration,quantile_90,0.2715982921643487,0.6508799401867378,5.0,140,-0.03037935829291418,-0.1729081454774637,5.0,140
6:8,274,lid_cheek_gap_L,acceleration,late_minus_early,-0.03174237758281673,-0.18179420970086171,5.0,140,-0.06572199806981503,-0.4458074036335213,5.0,140
6:8,275,lid_cheek_gap_L,acceleration,slope_per_second,0.011784573365584625,0.05627037727089134,5.0,140,-0.011104791625401846,-0.05810493071918926,5.0,140
6:8,276,lid_cheek_gap_L,abs_velocity,mean,0.29430278573424745,0.6758710258510854,5.0,140,-0.017276219369126867,-0.09279358625434668,5.0,140
6:8,277,lid_cheek_gap_L,abs_velocity,std,0.24645814664753682,0.6205410977536822,5.0,140,-0.027545426049181202,-0.1547811849851594,5.0,140
6:8,278,lid_cheek_gap_L,abs_velocity,quantile_10,0.21934217055179617,0.584174468847323,5.0,140,0.014514853428565991,0.06859186374804953,5.0,140
6:8,279,lid_cheek_gap_L,abs_velocity,quantile_90,0.24441854409122168,0.6179444192887256,5.0,140,-0.03429714182761209,-0.19875224486016144,5.0,140
6:8,280,lid_cheek_gap_L,abs_velocity,late_minus_early,-0.08902779104951254,-0.6913288917226706,5.0,140,-0.11964329994550431,-1.1472684171151866,5.0,140
6:8,281,lid_cheek_gap_L,abs_velocity,slope_per_second,-0.08580909231098079,-0.6532722603122524,5.0,140,-0.1151766815513916,-1.0678483039572857,5.0,140
6:8,282,lid_cheek_gap_L,baseline_robust_z,mean,0.11236576136400386,0.38761168046423866,5.0,140,-0.02841781118158866,-0.16031191029571715,5.0,140
6:8,283,lid_cheek_gap_L,baseline_robust_z,std,0.0978849873252419,0.35171461435373763,5.0,140,-0.025370161501924945,-0.1411776017355679,5.0,140
6:8,284,lid_cheek_gap_L,baseline_robust_z,quantile_10,0.10925952120622007,0.3801552734057657,5.0,140,-0.022389397858816676,-0.12295889145867249,5.0,140
6:8,285,lid_cheek_gap_L,baseline_robust_z,quantile_90,0.10137588463894573,0.3606390231614569,5.0,140,-0.04357671250341954,-0.26387958107767645,5.0,140
6:8,286,lid_cheek_gap_L,baseline_robust_z,late_minus_early,-0.04426449454804166,-0.2689405412230726,5.0,140,-0.08621287724846935,-0.6579644037344174,5.0,140
6:8,287,lid_cheek_gap_L,baseline_robust_z,slope_per_second,-0.025242670121522478,-0.14038846995096202,5.0,140,-0.07805228239513834,-0.5674128994147484,5.0,140
6:8,288,alar_extent_R,value,mean,0.7323966634330146,0.9319003854227687,5.0,140,0.06713338568031972,0.26461021100121673,5.0,140
6:8,289,alar_extent_R,value,std,0.2359277340079924,0.6069002587638678,5.0,140,0.02157907685068208,0.09932225404162189,5.0,140
6:8,290,alar_extent_R,value,quantile_10,0.701568797351808,0.9215949483950298,5.0,140,0.05063056730129889,0.2105182107553112,5.0,140
6:8,291,alar_extent_R,value,quantile_90,0.7138028857624935,0.9257635771625939,5.0,140,0.07385202035126216,0.2850531095620442,5.0,140
6:8,292,alar_extent_R,value,late_minus_early,-0.02208898548760062,-0.12114917709691736,5.0,140,-0.052689429009788,-0.3337975554563785,5.0,140
6:8,293,alar_extent_R,value,slope_per_second,-0.020065012357289504,-0.10907981296689372,5.0,140,-0.0551391384053478,-0.35370839707185364,5.0,140
6:8,294,alar_extent_R,delta,mean,0.22096040125375185,0.5864622605890255,5.0,140,0.03699070504712757,0.16111456049183379,5.0,140
6:8,295,alar_extent_R,delta,std,0.2359277093881914,0.6069002261808573,5.0,140,0.021579048161292268,0.09932213248496048,5.0,140
6:8,296,alar_extent_R,delta,quantile_10,0.20425179659434387,0.5620555552165072,5.0,140,0.028488825446587877,0.12787239039530074,5.0,140
6:8,297,alar_extent_R,delta,quantile_90,0.23650149363902528,0.6076587038561716,5.0,140,0.047544483898320875,0.19973687327105738,5.0,140
6:8,298,alar_extent_R,delta,late_minus_early,-0.022088991495800497,-0.12114921324321136,5.0,140,-0.05268943756558774,-0.3337976241331617,5.0,140
6:8,299,alar_extent_R,delta,slope_per_second,-0.020065018861161313,-0.10907985140941709,5.0,140,-0.05513914584137253,-0.35370845827047326,5.0,140
6:8,300,alar_extent_R,velocity,mean,0.00800543710230821,0.038785215111250604,5.0,140,-0.02469129225086696,-0.13698589647031723,5.0,140
6:8,301,alar_extent_R,velocity,std,0.2740187645681253,0.6536473097341282,5.0,140,0.015440330366316365,0.07271092878486193,5.0,140
6:8,302,alar_extent_R,velocity,quantile_10,0.20462428088388077,0.5626192041647284,5.0,140,-0.02457881316022253,-0.136293827927166,5.0,140
6:8,303,alar_extent_R,velocity,quantile_90,0.25732905334202244,0.6340289690854268,5.0,140,0.028164970347926324,0.12656594714594105,5.0,140
6:8,304,alar_extent_R,velocity,late_minus_early,0.011812026838670563,0.0563955511388194,5.0,140,-0.02092884272510402,-0.11420492094072565,5.0,140
6:8,305,alar_extent_R,velocity,slope_per_second,0.006788802879428233,0.033046626270810495,5.0,140,-0.020849123593907164,-0.11373032868614863,5.0,140
6:8,306,alar_extent_R,acceleration,mean,-0.014970913405279564,-0.07962266299774587,5.0,140,-0.051616681800846324,-0.3252332546746018,5.0,140
6:8,307,alar_extent_R,acceleration,std,0.2708567647644662,0.6500269917943488,5.0,140,0.006036108003113229,0.029469027094411987,5.0,140
6:8,308,alar_extent_R,acceleration,quantile_10,0.2588498236991411,0.6358698864662151,5.0,140,0.006119345800689293,0.029865694943693042,5.0,140
6:8,309,alar_extent_R,acceleration,quantile_90,0.2759825106473189,0.6558737815913102,5.0,140,0.04735236934538173,0.19905831526425827,5.0,140
6:8,310,alar_extent_R,acceleration,late_minus_early,-0.005202064108325834,-0.026563051325256097,5.0,140,-0.052766847778006096,-0.334419234187712,5.0,140
6:8,311,alar_extent_R,acceleration,slope_per_second,-0.01890887893864541,-0.10228042758523548,5.0,140,-0.06869995922406925,-0.47366205028171876,5.0,140
6:8,312,alar_extent_R,abs_velocity,mean,0.2854392579958686,0.666367038215171,5.0,140,0.028569596575150676,0.12819775078829967,5.0,140
6:8,313,alar_extent_R,abs_velocity,std,0.24143894667451918,0.6141122623377075,5.0,140,-0.006158151279897963,-0.031568367531154905,5.0,140
6:8,314,alar_extent_R,abs_velocity,quantile_10,0.20470505868332897,0.5627413165252799,5.0,140,0.038953066815582554,0.16850948860340104,5.0,140
6:8,315,alar_extent_R,abs_velocity,quantile_90,0.2591144722089758,0.6361891243356202,5.0,140,0.007447701286035592,0.03616123414984813,5.0,140
6:8,316,alar_extent_R,abs_velocity,late_minus_early,0.012921594360314094,0.061432736210543196,5.0,140,-0.02831400729074325,-0.15965153540326144,5.0,140
6:8,317,alar_extent_R,abs_velocity,slope_per_second,-0.005728165279814076,-0.029312452694227442,5.0,140,-0.04383960802760856,-0.26581007879461804,5.0,140
6:8,318,alar_extent_R,baseline_robust_z,mean,0.19454636671996692,0.5470362072560743,5.0,140,0.019847427511124276,0.09193819121319065,5.0,140
6:8,319,alar_extent_R,baseline_robust_z,std,0.19213508260988071,0.5432024345244384,5.0,140,0.026474239643665607,0.11969577924234003,5.0,140
6:8,320,alar_extent_R,baseline_robust_z,quantile_10,0.18011899931150877,0.5234568793747345,5.0,140,0.008801068076816042,0.04250884734662181,5.0,140
6:8,321,alar_extent_R,baseline_robust_z,quantile_90,0.20652994746222114,0.5654884980993278,5.0,140,0.03515448639763826,0.1541028112591946,5.0,140
6:8,322,alar_extent_R,baseline_robust_z,late_minus_early,-0.026425849251856377,-0.14774655949395235,5.0,140,-0.06129123214609741,-0.4059908877256619,5.0,140
6:8,323,alar_extent_R,baseline_robust_z,slope_per_second,-0.02110899541659017,-0.11527864242092721,5.0,140,-0.06057589798694256,-0.39973726510504276,5.0,140
6:8,324,alar_extent_L,value,mean,0.8617548398432705,0.9689128494875231,5.0,140,0.11282622691614697,0.38870614410621945,5.0,140
6:8,325,alar_extent_L,value,std,0.1495405519554716,0.4678516086276323,5.0,140,-0.04308228711026978,-0.2602621986090494,5.0,140
6:8,326,alar_extent_L,value,quantile_10,0.8365515389902529,0.9623928421376031,5.0,140,0.0594989292573889,0.24030345355374294,5.0,140
6:8,327,alar_extent_L,value,quantile_90,0.8559251904029755,0.9674311583533678,5.0,140,0.12075992666278294,0.40713652547938944,5.0,140
6:8,328,alar_extent_L,value,late_minus_early,0.0051599471200733426,0.02527800296594537,5.0,140,-0.027899682614308745,-0.15702185246013842,5.0,140
6:8,329,alar_extent_L,value,slope_per_second,0.018363819250916794,0.08553602392349159,5.0,140,-0.01668299217513265,-0.089379425929245,5.0,140
6:8,330,alar_extent_L,delta,mean,0.2258030236040138,0.593215607095264,5.0,140,-0.0003756948504364232,-0.0018813014332244402,5.0,140
6:8,331,alar_extent_L,delta,std,0.14954053598267592,0.46785157735897415,5.0,140,-0.043082298341994195,-0.26026228058777173,5.0,140
6:8,332,alar_extent_L,delta,quantile_10,0.22376333673008184,0.5903879621481954,5.0,140,-0.007431688408226832,-0.03829688407906041,5.0,140
6:8,333,alar_extent_L,delta,quantile_90,0.23247089331894275,0.602292533441145,5.0,140,0.010837765998390687,0.05193729307615655,5.0,140
6:8,334,alar_extent_L,delta,late_minus_early,0.0051599450687174675,0.025277993119804894,5.0,140,-0.027899682633098142,-0.15702185257917065,5.0,140
6:8,335,alar_extent_L,delta,slope_per_second,0.018363818599526387,0.08553602109702761,5.0,140,-0.016682988789620226,-0.08937940649437542,5.0,140
6:8,336,alar_extent_L,velocity,mean,0.021300222043663816,0.09813953469708044,5.0,140,-0.007422156425382281,-0.03824626105588247,5.0,140
6:8,337,alar_extent_L,velocity,std,0.28045593570207816,0.6608841489606585,5.0,140,0.024320265032238348,0.11082058150798763,5.0,140
6:8,338,alar_extent_L,velocity,quantile_10,0.24197859180573283,0.6148097596014979,5.0,140,0.02010917103912263,0.09306038629566754,5.0,140
6:8,339,alar_extent_L,velocity,quantile_90,0.20692067925493446,0.5660738522284222,5.0,140,0.012096128051456516,0.057689368312042175,5.0,140
6:8,340,alar_extent_L,velocity,late_minus_early,-0.01924848842763331,-0.10427065188258114,5.0,140,-0.05360024377220699,-0.3411425044619142,5.0,140
6:8,341,alar_extent_L,velocity,slope_per_second,-0.02740392683603856,-0.1538881978381374,5.0,140,-0.05838057376904773,-0.3808367379378047,5.0,140
6:8,342,alar_extent_L,acceleration,mean,0.02432154256510894,0.11082588673899142,5.0,140,-0.009799494148949114,-0.05099642751702723,5.0,140
6:8,343,alar_extent_L,acceleration,std,0.3340248282714409,0.7149200087521667,5.0,140,0.06544038711252827,0.25932153025629956,5.0,140
6:8,344,alar_extent_L,acceleration,quantile_10,0.33600401579791705,0.7167272039518492,5.0,140,0.07081516730153943,0.2759188721389967,5.0,140
6:8,345,alar_extent_L,acceleration,quantile_90,0.3283418002141992,0.7096620892969174,5.0,140,0.09748177859493141,0.35067226758301645,5.0,140
6:8,346,alar_extent_L,acceleration,late_minus_early,-0.028067131411522575,-0.1580834532872106,5.0,140,-0.08645656495286567,-0.6608073638659687,5.0,140
6:8,347,alar_extent_L,acceleration,slope_per_second,0.0023397684788962966,0.011590367290302758,5.0,140,-0.06485118962533536,-0.43783153058142366,5.0,140
6:8,348,alar_extent_L,abs_velocity,mean,0.2835233037907673,0.6642711334638277,5.0,140,0.02589384472746167,0.11731797040017594,5.0,140
6:8,349,alar_extent_L,abs_velocity,std,0.256741526535656,0.6333147992894728,5.0,140,0.01640761235875365,0.07698547074857322,5.0,140
6:8,350,alar_extent_L,abs_velocity,quantile_10,0.1313854763371896,0.4306190340512253,5.0,140,-0.04689083603564239,-0.28858148938488426,5.0,140
6:8,351,alar_extent_L,abs_velocity,quantile_90,0.28635601995504956,0.6673646078845359,5.0,140,0.028458311212369396,0.1277494245389274,5.0,140
6:8,352,alar_extent_L,abs_velocity,late_minus_early,-0.014570175003458391,-0.07735943716812654,5.0,140,-0.06940621415176329,-0.48040284045327913,5.0,140
6:8,353,alar_extent_L,abs_velocity,slope_per_second,-0.025996195483641748,-0.14506559129525481,5.0,140,-0.0752437433804222,-0.53820493208591,5.0,140
6:8,354,alar_extent_L,baseline_robust_z,mean,0.20642118455421896,0.5653253823982448,5.0,140,-0.013092991664589384,-0.06908296928711187,5.0,140
6:8,355,alar_extent_L,baseline_robust_z,std,0.14103107878441587,0.4508307856975015,5.0,140,-0.03882197525370498,-0.2297941233489192,5.0,140
6:8,356,alar_extent_L,baseline_robust_z,quantile_10,0.20044401610256818,0.5562400901584131,5.0,140,-0.02733676538539725,-0.1534647459464579,5.0,140
6:8,357,alar_extent_L,baseline_robust_z,quantile_90,0.21634036436881862,0.5798885880853101,5.0,140,0.004414764750258808,0.02169078490094941,5.0,140
6:8,358,alar_extent_L,baseline_robust_z,late_minus_early,0.004370337242865896,0.021476252352358685,5.0,140,-0.02963812153165192,-0.16812187376541304,5.0,140
6:8,359,alar_extent_L,baseline_robust_z,slope_per_second,0.016430991744769745,0.07708840306625243,5.0,140,-0.019614226719761374,-0.1064205616979594,5.0,140
6:8,360,nose_upperlip_R,value,mean,0.7987611376612356,0.9520293861222937,5.0,140,0.11120485606899218,0.38483998138632247,5.0,140
6:8,361,nose_upperlip_R,value,std,0.1292369168493438,0.425976846884492,5.0,140,-0.013435356849560034,-0.07099199541526588,5.0,140
6:8,362,nose_upperlip_R,value,quantile_10,0.7139953684527169,0.9258283180327045,5.0,140,0.062410169226808684,0.24971245886965318,5.0,140
6:8,363,nose_upperlip_R,value,quantile_90,0.8138611816775729,0.9562586685349046,5.0,140,0.12933658714840812,0.42619335812250453,5.0,140
6:8,364,nose_upperlip_R,value,late_minus_early,0.04225510422533347,0.18072868366720676,5.0,140,0.005228479946739238,0.025606859919347115,5.0,140
6:8,365,nose_upperlip_R,value,slope_per_second,0.03706013794640922,0.16137793552394897,5.0,140,-0.007321670909093798,-0.03771283851612032,5.0,140
6:8,366,nose_upperlip_R,delta,mean,0.1689426213979053,0.5040744626143152,5.0,140,0.012588891478686281,0.05992680901215928,5.0,140
6:8,367,nose_upperlip_R,delta,std,0.12923690826123055,0.42597682822385,5.0,140,-0.013435358216243108,-0.07099200304691103,5.0,140
6:8,368,nose_upperlip_R,delta,quantile_10,0.14043965892469198,0.44962024129245787,5.0,140,0.0050155194684325475,0.02458438352539854,5.0,140
6:8,369,nose_upperlip_R,delta,quantile_90,0.18680279109057646,0.5345741685400557,5.0,140,0.01444576987456603,0.06828323384326614,5.0,140
6:8,370,nose_upperlip_R,delta,late_minus_early,0.042255103963097715,0.180728682707767,5.0,140,0.005228480681436959,0.0256068634438709,5.0,140
6:8,371,nose_upperlip_R,delta,slope_per_second,0.03706014000184293,0.16137794331879812,5.0,140,-0.007321665447613734,-0.037712809536120884,5.0,140
6:8,372,nose_upperlip_R,velocity,mean,-0.01110851893089229,-0.05812534043270657,5.0,140,-0.045747818380311354,-0.27997141828264777,5.0,140
6:8,373,nose_upperlip_R,velocity,std,0.2314941679559068,0.6009786394160076,5.0,140,-0.007953775066942875,-0.041075702942395896,5.0,140
6:8,374,nose_upperlip_R,velocity,quantile_10,0.17905931049433885,0.5216624663383846,5.0,140,-0.03928807265478933,-0.23306744633410947,5.0,140
6:8,375,nose_upperlip_R,velocity,quantile_90,0.17233734067620685,0.5100701621607637,5.0,140,-0.007276609805298023,-0.03747377724629798,5.0,140
6:8,376,nose_upperlip_R,velocity,late_minus_early,-0.04146305143036804,-0.24853540172836106,5.0,140,-0.08875289147535056,-0.6880192479682753,5.0,140
6:8,377,nose_upperlip_R,velocity,slope_per_second,-0.004728865405659493,-0.024100193309949978,5.0,140,-0.05046597158355791,-0.31614890442541294,5.0,140
6:8,378,nose_upperlip_R,acceleration,mean,-0.019067043114676156,-0.10320659387382516,5.0,140,-0.05637729575747209,-0.3639636166250874,5.0,140
6:8,379,nose_upperlip_R,acceleration,std,0.24871036113357697,0.6233837827437908,5.0,140,-0.010686467298889831,-0.055818339952784124,5.0,140
6:8,380,nose_upperlip_R,acceleration,quantile_10,0.2411197478965725,0.6136989729319314,5.0,140,-0.020787727068949834,-0.11336504151330411,5.0,140
6:8,381,nose_upperlip_R,acceleration,quantile_90,0.23770610760083624,0.6092452603530525,5.0,140,-0.015235694018391909,-0.08112228749323536,5.0,140
6:8,382,nose_upperlip_R,acceleration,late_minus_early,0.01296383979548133,0.06162368087169268,5.0,140,-0.03122851198250015,-0.1784311124446101,5.0,140
6:8,383,nose_upperlip_R,acceleration,slope_per_second,0.00817101609671215,0.03956203246713046,5.0,140,-0.04525252314000082,-0.276270334523727,5.0,140
6:8,384,nose_upperlip_R,abs_velocity,mean,0.2463409091700755,0.6203924173356439,5.0,140,-0.0008714636429915701,-0.004372560324355704,5.0,140
6:8,385,nose_upperlip_R,abs_velocity,std,0.19459272096041919,0.5471094998475673,5.0,140,-0.016723868528511012,-0.08961412180823031,5.0,140
6:8,386,nose_upperlip_R,abs_velocity,quantile_10,0.18987226290929715,0.5395664802023711,5.0,140,0.021073579086462447,0.09717647122545994,5.0,140
6:8,387,nose_upperlip_R,abs_velocity,quantile_90,0.21398853936640105,0.5764919852832271,5.0,140,-0.011291255491617736,-0.05912673787292511,5.0,140
6:8,388,nose_upperlip_R,abs_velocity,late_minus_early,-0.045920249596007316,-0.281264122880298,5.0,140,-0.07025107387338089,-0.48853611664899804,5.0,140
6:8,389,nose_upperlip_R,abs_velocity,slope_per_second,-0.07231218245406362,-0.5087024497006475,5.0,140,-0.09842503582403814,-0.8116861214443162,5.0,140
6:8,390,nose_upperlip_R,baseline_robust_z,mean,0.09462797470499032,0.3432250921663937,5.0,140,-0.007152923120578349,-0.03681804210129486,5.0,140
6:8,391,nose_upperlip_R,baseline_robust_z,std,0.09949830562925718,0.3558611874030212,5.0,140,0.013090463575185363,0.06219563889401678,5.0,140
6:8,392,nose_upperlip_R,baseline_robust_z,quantile_10,0.09495731015177977,0.3440908025329241,5.0,140,-0.005019250707997895,-0.025610434301999246,5.0,140
6:8,393,nose_upperlip_R,baseline_robust_z,quantile_90,0.08564918710675588,0.31896839913809505,5.0,140,-0.013012558189852988,-0.06863527287807447,5.0,140
6:8,394,nose_upperlip_R,baseline_robust_z,late_minus_early,0.007639458122196611,0.03706467449646857,5.0,140,-0.032793400454848534,-0.18872239910942287,5.0,140
6:8,395,nose_upperlip_R,baseline_robust_z,slope_per_second,0.015249095654353992,0.0718621472428368,5.0,140,-0.03138963678686019,-0.17948392476398783,5.0,140
6:8,396,nose_upperlip_L,value,mean,0.7413196998268896,0.9347636538902933,5.0,140,0.10827137190600597,0.3777561521661694,5.0,140
6:8,397,nose_upperlip_L,value,std,0.12893115299423538,0.4253119332345999,5.0,140,-0.028481568846811925,-0.16071782773639656,5.0,140
6:8,398,nose_upperlip_L,value,quantile_10,0.637750037399603,0.8979864975107466,5.0,140,0.05094926110044535,0.21161898235829377,5.0,140
6:8,399,nose_upperlip_L,value,quantile_90,0.7629806385664024,0.9415044689874247,5.0,140,0.130408341378262,0.4285143331300845,5.0,140
6:8,400,nose_upperlip_L,value,late_minus_early,0.06074202541392376,0.2443426558292702,5.0,140,0.02147222367797216,0.0988693400519085,5.0,140
6:8,401,nose_upperlip_L,value,slope_per_second,0.051627258767136704,0.21395305491518157,5.0,140,0.0052090761945824135,0.025513768320149732,5.0,140
6:8,402,nose_upperlip_L,delta,mean,0.1605094022545337,0.48875068808719657,5.0,140,0.021483999332171072,0.09891927049577505,5.0,140
6:8,403,nose_upperlip_L,delta,std,0.128931140849176,0.425311906802659,5.0,140,-0.028481575408648298,-0.16071786952479214,5.0,140
6:8,404,nose_upperlip_L,delta,quantile_10,0.14522605830534713,0.4593132691201093,5.0,140,0.02060062978212514,0.0951615938528663,5.0,140
6:8,405,nose_upperlip_L,delta,quantile_90,0.16820667460563435,0.5027618066003249,5.0,140,0.01789613393685081,0.08350313642949647,5.0,140
6:8,406,nose_upperlip_L,delta,late_minus_early,0.060742023568174375,0.24434264985585402,5.0,140,0.021472221086680655,0.09886932906398832,5.0,140
6:8,407,nose_upperlip_L,delta,slope_per_second,0.05162725604404896,0.21395304556176048,5.0,140,0.005209071854576079,0.025513747496916598,5.0,140
6:8,408,nose_upperlip_L,velocity,mean,0.030689007953869977,0.1366681945330826,5.0,140,-0.006030338686896786,-0.030896970213632594,5.0,140
6:8,409,nose_upperlip_L,velocity,std,0.21615721968465249,0.5796253135124647,5.0,140,-0.04116104182620261,-0.24636831524477865,5.0,140
6:8,410,nose_upperlip_L,velocity,quantile_10,0.17018822826329225,0.5062856858422369,5.0,140,-0.06547451921048451,-0.4435330484599169,5.0,140
6:8,411,nose_upperlip_L,velocity,quantile_90,0.1636228903345249,0.4944808851191479,5.0,140,-0.03771304513784135,-0.2220640757361247,5.0,140
6:8,412,nose_upperlip_L,velocity,late_minus_early,-0.024573390116299144,-0.13626047812732006,5.0,140,-0.08341203216710989,-0.62588578013917,5.0,140
6:8,413,nose_upperlip_L,velocity,slope_per_second,-0.005938758021845955,-0.03041633102879939,5.0,140,-0.054261804240124376,-0.34652028459158496,5.0,140
6:8,414,nose_upperlip_L,acceleration,mean,-0.0017151188961316327,-0.008634833545372644,5.0,140,-0.05181404259838079,-0.3268019293452061,5.0,140
6:8,415,nose_upperlip_L,acceleration,std,0.24975386371804537,0.6246921781152883,5.0,140,-0.029039993889234117,-0.16428308905524597,5.0,140
6:8,416,nose_upperlip_L,acceleration,quantile_10,0.2581547828311709,0.635029895302934,5.0,140,-0.029708500078216037,-0.16857493417111105,5.0,140
6:8,417,nose_upperlip_L,acceleration,quantile_90,0.22622480258592823,0.5937973026539002,5.0,140,-0.034538968453923055,-0.20037827841816025,5.0,140
6:8,418,nose_upperlip_L,acceleration,late_minus_early,0.02920604348033747,0.13075488587335254,5.0,140,-0.01883178444216534,-0.10182944266755133,5.0,140
6:8,419,nose_upperlip_L,acceleration,slope_per_second,0.04457249869308134,0.18914061432599127,5.0,140,-0.021261848201136472,-0.1161909810077981,5.0,140
6:8,420,nose_upperlip_L,abs_velocity,mean,0.23018939330373087,0.5992151131244656,5.0,140,-0.03636887555622821,-0.212801831023694,5.0,140
6:8,421,nose_upperlip_L,abs_velocity,std,0.19753884199797977,0.551736585354505,5.0,140,-0.03574860761979778,-0.2085669503862528,5.0,140
6:8,422,nose_upperlip_L,abs_velocity,quantile_10,0.17876301177978124,0.5211591452284497,5.0,140,-0.01930039896711211,-0.10457538114879911,5.0,140
6:8,423,nose_upperlip_L,abs_velocity,quantile_90,0.21033599609964337,0.5711480252516319,5.0,140,-0.0352850487366964,-0.2054179770033024,5.0,140
6:8,424,nose_upperlip_L,abs_velocity,late_minus_early,-0.02978161430145603,-0.1690459121237041,5.0,140,-0.045372577097579934,-0.2771657902324301,5.0,140
6:8,425,nose_upperlip_L,abs_velocity,slope_per_second,-0.0457693174246646,-0.2801324759795916,5.0,140,-0.064103252645276,-0.431040709139975,5.0,140
6:8,426,nose_upperlip_L,baseline_robust_z,mean,0.08217853811701474,0.3092408474929307,5.0,140,-0.004569233160817541,-0.023271497394474556,5.0,140
6:8,427,nose_upperlip_L,baseline_robust_z,std,0.10784425932997217,0.3767150670933629,5.0,140,0.005211021654668557,0.025523102513768495,5.0,140
6:8,428,nose_upperlip_L,baseline_robust_z,quantile_10,0.09417751572693767,0.3420383066279956,5.0,140,0.003443308228490061,0.01698263535027807,5.0,140
6:8,429,nose_upperlip_L,baseline_robust_z,quantile_90,0.06039497595320209,0.24321824059705374,5.0,140,-0.019377465925146733,-0.10502803858087749,5.0,140
6:8,430,nose_upperlip_L,baseline_robust_z,late_minus_early,0.023272408721173074,0.10645242612527393,5.0,140,-0.014899902892489127,-0.07922105879477491,5.0,140
6:8,431,nose_upperlip_L,baseline_robust_z,slope_per_second,0.02532979179767828,0.11499750731793071,5.0,140,-0.019119325069453737,-0.10351302179797656,5.0,140
6:8,432,corner_horizontal_R,value,mean,0.6917415091101752,0.9181679664993504,5.0,140,0.15122494093968994,0.47113515857686084,5.0,140
6:8,433,corner_horizontal_R,value,std,0.20461848682725095,0.5626104435811343,5.0,140,-0.03293137417422646,-0.1896368835486287,5.0,140
6:8,434,corner_horizontal_R,value,quantile_10,0.6383620269445272,0.898228998401894,5.0,140,0.11479902148937438,0.39336393029743283,5.0,140
6:8,435,corner_horizontal_R,value,quantile_90,0.6684476938221603,0.9097519901220313,5.0,140,0.13139965099788253,0.4306494862216459,5.0,140
6:8,436,corner_horizontal_R,value,late_minus_early,-0.024824820095160738,-0.13780837271703242,5.0,140,-0.06232030648301502,-0.41507092026830705,5.0,140
6:8,437,corner_horizontal_R,value,slope_per_second,-0.033845886169357346,-0.1957277470316601,5.0,140,-0.07558908987390843,-0.5417457100251123,5.0,140
6:8,438,corner_horizontal_R,delta,mean,0.18611438231350183,0.5334448652157529,5.0,140,0.06212073790979122,0.24878488660270184,5.0,140
6:8,439,corner_horizontal_R,delta,std,0.2046184809443914,0.5626104346861676,5.0,140,-0.032931382690158086,-0.18963694002777073,5.0,140
6:8,440,corner_horizontal_R,delta,quantile_10,0.16269383824636852,0.49278006832405175,5.0,140,0.05213443877993624,0.2156922221050952,5.0,140
6:8,441,corner_horizontal_R,delta,quantile_90,0.2050912034833007,0.5633244553880572,5.0,140,0.06969595525949562,0.27250874664227354,5.0,140
6:8,442,corner_horizontal_R,delta,late_minus_early,-0.024824825019237013,-0.13780840306529035,5.0,140,-0.062320308842419035,-0.4150709412006465,5.0,140
6:8,443,corner_horizontal_R,delta,slope_per_second,-0.033845890212247626,-0.195727774072176,5.0,140,-0.0755890930302231,-0.5417457424503395,5.0,140
6:8,444,corner_horizontal_R,velocity,mean,-0.00900128705996429,-0.04668742288161075,5.0,140,-0.035421796034752935,-0.2063454918776945,5.0,140
6:8,445,corner_horizontal_R,velocity,std,0.2737208053439195,0.6533080282254855,5.0,140,-0.023307321445883766,-0.12851827413737926,5.0,140
6:8,446,corner_horizontal_R,velocity,quantile_10,0.2501888081584031,0.6252359211103431,5.0,140,-0.006466562173758804,-0.03319134649167065,5.0,140
6:8,447,corner_horizontal_R,velocity,quantile_90,0.2311592011951413,0.600526812697777,5.0,140,-0.02440557868375256,-0.13522928969916673,5.0,140
6:8,448,corner_horizontal_R,velocity,late_minus_early,0.014872721561841091,0.07018805803284979,5.0,140,-0.030093218372849527,-0.17105667541367736,5.0,140
6:8,449,corner_horizontal_R,velocity,slope_per_second,-0.02600840026425949,-0.1451416051703698,5.0,140,-0.06278282332999334,-0.41918444962355,5.0,140
6:8,450,corner_horizontal_R,acceleration,mean,0.011402778740809012,0.054526862700813666,5.0,140,-0.04358117749399981,-0.2639123274037485,5.0,140
6:8,451,corner_horizontal_R,acceleration,std,0.30365221424641164,0.6855662418412781,5.0,140,0.017887319941917623,0.08346475649629426,5.0,140
6:8,452,corner_horizontal_R,acceleration,quantile_10,0.2885164634158689,0.6697020495570771,5.0,140,0.034549009740717763,0.15177091009822422,5.0,140
6:8,453,corner_horizontal_R,acceleration,quantile_90,0.3001425255072729,0.6819653807677357,5.0,140,0.026978490180673834,0.12175354376379413,5.0,140
6:8,454,corner_horizontal_R,acceleration,late_minus_early,0.03763069828285565,0.1635373871230952,5.0,140,-0.0013681949139901133,-0.006878619740125413,5.0,140
6:8,455,corner_horizontal_R,acceleration,slope_per_second,0.04574500646705157,0.193346487120434,5.0,140,0.004506539355134366,0.022133711016586163,5.0,140
6:8,456,corner_horizontal_R,abs_velocity,mean,0.28125281360427706,0.6617678212754333,5.0,140,-0.003167189105735228,-0.016039141505644228,5.0,140
6:8,457,corner_horizontal_R,abs_velocity,std,0.2481823947018981,0.6227197040212683,5.0,140,-0.05185908737368001,-0.32716039488196624,5.0,140
6:8,458,corner_horizontal_R,abs_velocity,quantile_10,0.2724399686203276,0.6518451520367828,5.0,140,0.07797917318231996,0.29719559791595446,5.0,140
6:8,459,corner_horizontal_R,abs_velocity,quantile_90,0.2607893756880648,0.6382018403788386,5.0,140,-0.03244641800922298,-0.18642773950395422,5.0,140
6:8,460,corner_horizontal_R,abs_velocity,late_minus_early,-0.002868326117029473,-0.014508086276244439,5.0,140,-0.044765981733728255,-0.2726520566125679,5.0,140
6:8,461,corner_horizontal_R,abs_velocity,slope_per_second,0.0024417306140689012,0.012090565455092097,5.0,140,-0.035130728706780995,-0.20437268958552143,5.0,140
6:8,462,corner_horizontal_R,baseline_robust_z,mean,0.195309709317669,0.5482412162563628,5.0,140,0.0704534380849114,0.274819325180103,5.0,140
6:8,463,corner_horizontal_R,baseline_robust_z,std,0.11193155097965811,0.3865770705699994,5.0,140,0.00014721821177956758,0.000735657849965224,5.0,140
6:8,464,corner_horizontal_R,baseline_robust_z,quantile_10,0.15440780265244872,0.4772651567295179,5.0,140,0.042716775590927604,0.1824151327878813,5.0,140
6:8,465,corner_horizontal_R,baseline_robust_z,quantile_90,0.21389410521844818,0.576354880381928,5.0,140,0.08541627114144233,0.31832188272637113,5.0,140
6:8,466,corner_horizontal_R,baseline_robust_z,late_minus_early,-0.03678172197367207,-0.21563419840306977,5.0,140,-0.0775638938907423,-0.5622654648788928,5.0,140
6:8,467,corner_horizontal_R,baseline_robust_z,slope_per_second,-0.052057807893731906,-0.3287437568248709,5.0,140,-0.09376280564686894,-0.7501639257146412,5.0,140
6:8,468,corner_horizontal_L,value,mean,0.7442006151994985,0.9356771206711705,5.0,140,0.07931509707827815,0.30106081448273597,5.0,140
6:8,469,corner_horizontal_L,value,std,0.0817695182540991,0.3080810387750594,5.0,140,-0.08648423550542403,-0.6611307155363972,5.0,140
6:8,470,corner_horizontal_L,value,quantile_10,0.7317377709895306,0.9316868931455908,5.0,140,0.06259155958840604,0.25029290486450306,5.0,140
6:8,471,corner_horizontal_L,value,quantile_90,0.7077945640582903,0.9237296162175946,5.0,140,0.07297102979887599,0.2824209567817789,5.0,140
6:8,472,corner_horizontal_L,value,late_minus_early,0.019694586827588012,0.09128189714175876,5.0,140,-0.022297618405978697,-0.12240549621113492,5.0,140
6:8,473,corner_horizontal_L,value,slope_per_second,0.01597000750380643,0.07505549053109811,5.0,140,-0.02769330099958121,-0.15571562352878668,5.0,140
6:8,474,corner_horizontal_L,delta,mean,0.18055388568325506,0.52419073339894,5.0,140,0.0397592727658582,0.17151855222069948,5.0,140
6:8,475,corner_horizontal_L,delta,std,0.08176952280198564,0.3080810516868559,5.0,140,-0.0864842384539069,-0.6611307499975165,5.0,140
6:8,476,corner_horizontal_L,delta,quantile_10,0.1801387909722887,0.5234903092705895,5.0,140,0.03661691240781617,0.1596944860135965,5.0,140
6:8,477,corner_horizontal_L,delta,quantile_90,0.17688167125384188,0.5179470189429279,5.0,140,0.03897776037237409,0.16860190349141274,5.0,140
6:8,478,corner_horizontal_L,delta,late_minus_early,0.019694578332320852,0.09128186064261996,5.0,140,-0.022297627814799346,-0.12240555291988611,5.0,140
6:8,479,corner_horizontal_L,delta,slope_per_second,0.01597000075655265,0.07505546072454565,5.0,140,-0.02769331103166671,-0.15571568696484156,5.0,140
6:8,480,corner_horizontal_L,velocity,mean,0.040948745932692474,0.17592766125105364,5.0,140,0.0009154743937536923,0.0045606712577492695,5.0,140
6:8,481,corner_horizontal_L,velocity,std,0.20522111224135367,0.5635204154716013,5.0,140,-0.04392277811162849,-0.2664218400094498,5.0,140
6:8,482,corner_horizontal_L,velocity,quantile_10,0.18268128389200353,0.5277593770892123,5.0,140,-0.05118677497885879,-0.3218270249213536,5.0,140
6:8,483,corner_horizontal_L,velocity,quantile_90,0.15682766217183416,0.481861475859998,5.0,140,-0.034882181009983325,-0.20269230353484896,5.0,140
6:8,484,corner_horizontal_L,velocity,late_minus_early,-0.02345954564034334,-0.12944457153720357,5.0,140,-0.059468065259448845,-0.3901449994486947,5.0,140
6:8,485,corner_horizontal_L,velocity,slope_per_second,-0.026603010654513967,-0.14885502000528364,5.0,140,-0.053702683923918366,-0.34197286160998813,5.0,140
6:8,486,corner_horizontal_L,acceleration,mean,-0.01172524831617432,-0.061511176873100495,5.0,140,-0.03983434080142235,-0.2369222745126523,5.0,140
6:8,487,corner_horizontal_L,acceleration,std,0.25326794413896725,0.6290584048927436,5.0,140,0.013534810218154978,0.06419839852916782,5.0,140
6:8,488,corner_horizontal_L,acceleration,quantile_10,0.2617334922213786,0.6393305700131684,5.0,140,0.03321458456174581,0.14659637238113546,5.0,140
6:8,489,corner_horizontal_L,acceleration,quantile_90,0.2560175373225599,0.6324324713062317,5.0,140,0.014500612001508498,0.06852825354438971,5.0,140
6:8,490,corner_horizontal_L,acceleration,late_minus_early,-0.014358815621305376,-0.07616885636505283,5.0,140,-0.07549822086290806,-0.5408126870987029,5.0,140
6:8,491,corner_horizontal_L,acceleration,slope_per_second,0.010196192704429717,0.0489831951346618,5.0,140,-0.04232370640217259,-0.25474565289174245,5.0,140
6:8,492,corner_horizontal_L,abs_velocity,mean,0.21795885483224478,0.5822062468247857,5.0,140,-0.04038647950708051,-0.2408389461955337,5.0,140
6:8,493,corner_horizontal_L,abs_velocity,std,0.16746540761660056,0.5014349828788702,5.0,140,-0.05070371963847892,-0.3180172225649607,5.0,140
6:8,494,corner_horizontal_L,abs_velocity,quantile_10,0.14669708886368643,0.46224529049321644,5.0,140,-0.04769256707633624,-0.2946787865570662,5.0,140
6:8,495,corner_horizontal_L,abs_velocity,quantile_90,0.1851210538032724,0.5318090568853788,5.0,140,-0.04729113065906242,-0.2916197673837541,5.0,140
6:8,496,corner_horizontal_L,abs_velocity,late_minus_early,-0.02581438706689451,-0.14393423115535314,5.0,140,-0.05913572206629968,-0.38728909035849945,5.0,140
6:8,497,corner_horizontal_L,abs_velocity,slope_per_second,-0.03784786593326831,-0.22299955937140964,5.0,140,-0.06171046529608814,-0.4096780086126984,5.0,140
6:8,498,corner_horizontal_L,baseline_robust_z,mean,0.18498586337045014,0.5315858483799429,5.0,140,0.04566147559282356,0.19304795924658794,5.0,140
6:8,499,corner_horizontal_L,baseline_robust_z,std,0.056986760493537465,0.23204079062693453,5.0,140,-0.06874746470194387,-0.47411381438674677,5.0,140
6:8,500,corner_horizontal_L,baseline_robust_z,quantile_10,0.18564135502239015,0.532666816643386,5.0,140,0.0378997714068012,0.16455280261949645,5.0,140
6:8,501,corner_horizontal_L,baseline_robust_z,quantile_90,0.1790135655600328,0.5215848050350959,5.0,140,0.04885055162104339,0.20432684227980025,5.0,140
6:8,502,corner_horizontal_L,baseline_robust_z,late_minus_early,0.020456963023910667,0.09454814360844399,5.0,140,-0.023464734069527274,-0.1294761655163714,5.0,140
6:8,503,corner_horizontal_L,baseline_robust_z,slope_per_second,0.020084734701993186,0.09295571038175451,5.0,140,-0.023822864838664498,-0.13166043962440818,5.0,140
6:8,504,corner_vertical_R,value,mean,0.5567951147624534,0.8626649823703877,5.0,140,0.08480765554892258,0.3166282720218832,5.0,140
6:8,505,corner_vertical_R,value,std,0.23391222012081367,0.6042217224396995,5.0,140,0.008922135928700088,0.04307345090782907,5.0,140
6:8,506,corner_vertical_R,value,quantile_10,0.5520095644625668,0.8603537740109012,5.0,140,0.10103621752183412,0.3597784661476909,5.0,140
6:8,507,corner_vertical_R,value,quantile_90,0.5200954040228557,0.8442061225563096,5.0,140,0.06593609292403932,0.26087591130294013,5.0,140
6:8,508,corner_vertical_R,value,late_minus_early,0.01881222824637586,0.08747848065310943,5.0,140,-0.014957129922733558,-0.07954469070800069,5.0,140
6:8,509,corner_vertical_R,value,slope_per_second,0.010249580925102818,0.04922957459080665,5.0,140,-0.027386970242693504,-0.15378126267221912,5.0,140
6:8,510,corner_vertical_R,delta,mean,0.23432421926524585,0.6047710653948204,5.0,140,0.0007564980365967943,0.003771078927765148,5.0,140
6:8,511,corner_vertical_R,delta,std,0.23391222212970347,0.6042217251205524,5.0,140,0.008922134601359162,0.043073444720629184,5.0,140
6:8,512,corner_vertical_R,delta,quantile_10,0.24680378724498317,0.6209790303069883,5.0,140,0.004759222743993115,0.023351572382404217,5.0,140
6:8,513,corner_vertical_R,delta,quantile_90,0.2247895999896927,0.5918137212635153,5.0,140,0.005858524837324025,0.028621895836033313,5.0,140
6:8,514,corner_vertical_R,delta,late_minus_early,0.018812228858553902,0.08747848330057137,5.0,140,-0.014957129718890964,-0.07954468955494363,5.0,140
6:8,515,corner_vertical_R,delta,slope_per_second,0.010249583667129282,0.049229587242293885,5.0,140,-0.027386967908353495,-0.1537812479520442,5.0,140
6:8,516,corner_vertical_R,velocity,mean,0.03844211778658834,0.1665937263322566,5.0,140,0.006867928048690532,0.033421494563680425,5.0,140
6:8,517,corner_vertical_R,velocity,std,0.30781771325577717,0.6897811461094482,5.0,140,0.00026447327905225926,0.0013209689513009892,5.0,140
6:8,518,corner_vertical_R,velocity,quantile_10,0.2561017894017887,0.6325352793765571,5.0,140,-0.029670230799866595,-0.1683285405983659,5.0,140
6:8,519,corner_vertical_R,velocity,quantile_90,0.28255501654559684,0.6632061659525386,5.0,140,0.016477998032268813,0.0772953027733336,5.0,140
6:8,520,corner_vertical_R,velocity,late_minus_early,-0.04110458059797822,-0.24596386983761445,5.0,140,-0.0840174935831819,-0.6327285281211785,5.0,140
6:8,521,corner_vertical_R,velocity,slope_per_second,-0.0429068686465434,-0.25898292935964173,5.0,140,-0.06841179630153806,-0.47092676525907434,5.0,140
6:8,522,corner_vertical_R,acceleration,mean,0.023957747825667067,0.10931315146137321,5.0,140,-0.01643821044218391,-0.08797570480869893,5.0,140
6:8,523,corner_vertical_R,acceleration,std,0.33269696751994393,0.7137006584570837,5.0,140,0.028854959354552803,0.1293457332682081,5.0,140
6:8,524,corner_vertical_R,acceleration,quantile_10,0.30253652064909164,0.6844265250867201,5.0,140,0.011997165054086004,0.05723900224077492,5.0,140
6:8,525,corner_vertical_R,acceleration,quantile_90,0.3092435004153219,0.6912094199254493,5.0,140,0.013272216382471594,0.06301565241501897,5.0,140
6:8,526,corner_vertical_R,acceleration,late_minus_early,0.028980698076809055,0.12985082066873888,5.0,140,-0.007631056622007783,-0.03935661328783876,5.0,140
6:8,527,corner_vertical_R,acceleration,slope_per_second,0.0032259128359887514,0.015924085334811953,5.0,140,-0.03467589262353073,-0.201300571067177,5.0,140
6:8,528,corner_vertical_R,abs_velocity,mean,0.31152904828775135,0.693483821624377,5.0,140,0.0034867349776394763,0.017193872974985494,5.0,140
6:8,529,corner_vertical_R,abs_velocity,std,0.2814061814956343,0.6619375895845365,5.0,140,-0.011878101072338393,-0.06235304861621949,5.0,140
6:8,530,corner_vertical_R,abs_velocity,quantile_10,0.17297868658507742,0.5111920886062327,5.0,140,-0.015646577806247494,-0.08345609837794278,5.0,140
6:8,531,corner_vertical_R,abs_velocity,quantile_90,0.3085243020060997,0.6904898786363155,5.0,140,0.0068809880004371505,0.03348334599418389,5.0,140
6:8,532,corner_vertical_R,abs_velocity,late_minus_early,0.004102144196937155,0.020179602428688402,5.0,140,-0.03687485065183602,-0.21627463232645525,5.0,140
6:8,533,corner_vertical_R,abs_velocity,slope_per_second,0.009264230168901504,0.04466596762531696,5.0,140,-0.022341492991054517,-0.12266998763073153,5.0,140
6:8,534,corner_vertical_R,baseline_robust_z,mean,0.21431704935312926,0.5769685004344243,5.0,140,-0.00827315799934218,-0.04278154388476883,5.0,140
6:8,535,corner_vertical_R,baseline_robust_z,std,0.14825481398945495,0.46532649694907535,5.0,140,-0.009381168758095275,-0.048734593577299715,5.0,140
6:8,536,corner_vertical_R,baseline_robust_z,quantile_10,0.2268986993665876,0.5947245706162345,5.0,140,0.0011518175722138692,0.005732675873840164,5.0,140
6:8,537,corner_vertical_R,baseline_robust_z,quantile_90,0.19627736759163716,0.549762832055712,5.0,140,-0.008546531137963689,-0.04424522858505233,5.0,140
6:8,538,corner_vertical_R,baseline_robust_z,late_minus_early,0.011172210081755899,0.05347147232021074,5.0,140,-0.02325530512159898,-0.1282020354107423,5.0,140
6:8,539,corner_vertical_R,baseline_robust_z,slope_per_second,0.011202780337889505,0.05361150981718922,5.0,140,-0.029472577374191886,-0.16705732683527233,5.0,140
6:8,540,corner_vertical_L,value,mean,0.7057474488247966,0.923030777760113,5.0,140,0.08020349314538551,0.30361388814136747,5.0,140
6:8,541,corner_vertical_L,value,std,0.2282321886529626,0.5965517223334146,5.0,140,-0.026347720798358374,-0.14725828467079724,5.0,140
6:8,542,corner_vertical_L,value,quantile_10,0.6931297946201489,0.918656422708116,5.0,140,0.07732018447251025,0.29527733141906165,5.0,140
6:8,543,corner_vertical_L,value,quantile_90,0.6820771374800739,0.9147273198387181,5.0,140,0.07424173130755023,0.2862128935723358,5.0,140
6:8,544,corner_vertical_L,value,late_minus_early,0.05393393982461141,0.2218160460120652,5.0,140,0.01802498928462606,0.08406393995544865,5.0,140
6:8,545,corner_vertical_L,value,slope_per_second,0.03619369348248762,0.15808215863386213,5.0,140,0.0006816032790348454,0.0033987499985995663,5.0,140
6:8,546,corner_vertical_L,delta,mean,0.2026948311502015,0.5596894894823433,5.0,140,-0.044436411274725154,-0.2702108599964178,5.0,140
6:8,547,corner_vertical_L,delta,std,0.22823219244179394,0.5965517275104087,5.0,140,-0.026347715753992345,-0.14725825315633162,5.0,140
6:8,548,corner_vertical_L,delta,quantile_10,0.19032300462201018,0.5402937236534763,5.0,140,-0.04662706206452262,-0.28658595471116494,5.0,140
6:8,549,corner_vertical_L,delta,quantile_90,0.20852323560043382,0.5684642004220727,5.0,140,-0.03481238172857608,-0.2022211013360093,5.0,140
6:8,550,corner_vertical_L,delta,late_minus_early,0.053933941988936425,0.22181605333380175,5.0,140,0.018024992301979334,0.08406395308124323,5.0,140
6:8,551,corner_vertical_L,delta,slope_per_second,0.03619369466751686,0.15808216315511678,5.0,140,0.0006816059094866501,0.003398763079433702,5.0,140
6:8,552,corner_vertical_L,velocity,mean,0.04788136759060133,0.20092464987776593,5.0,140,4.2731950007601585e-05,0.00021362323588826218,5.0,140
6:8,553,corner_vertical_L,velocity,std,0.29955183542931035,0.6813548243253982,5.0,140,-0.049723766091754364,-0.3103448991514812,5.0,140
6:8,554,corner_vertical_L,velocity,quantile_10,0.2424018815927065,0.615355796388921,5.0,140,-0.03526783670926595,-0.20530131681714744,5.0,140
6:8,555,corner_vertical_L,velocity,quantile_90,0.29398868173046677,0.6755395185688142,5.0,140,-0.03149279449977079,-0.18015878714202033,5.0,140
6:8,556,corner_vertical_L,velocity,late_minus_early,0.0002371743939968091,0.0011847480024259882,5.0,140,-0.02044009848644966,-0.11130046205632266,5.0,140
6:8,557,corner_vertical_L,velocity,slope_per_second,0.018261235917647153,0.08509073187177296,5.0,140,-0.008950602511939252,-0.046414773305866575,5.0,140
6:8,558,corner_vertical_L,acceleration,mean,0.022085909876271747,0.10146570014556747,5.0,140,-0.009444116942509604,-0.04907444385933266,5.0,140
6:8,559,corner_vertical_L,acceleration,std,0.31699831349883495,0.6988519761696925,5.0,140,-0.004995075288853195,-0.025484565742618405,5.0,140
6:8,560,corner_vertical_L,acceleration,quantile_10,0.2818788828784511,0.6624602234463691,5.0,140,-0.006495675396697628,-0.03334476403694195,5.0,140
6:8,561,corner_vertical_L,acceleration,quantile_90,0.30382103840895835,0.68573830113467,5.0,140,-0.004116885203151613,-0.02092907643614037,5.0,140
6:8,562,corner_vertical_L,acceleration,late_minus_early,0.006931759212580033,0.0337237367707277,5.0,140,-0.05566245963939075,-0.35802693818255915,5.0,140
6:8,563,corner_vertical_L,acceleration,slope_per_second,0.0009634616180666416,0.004798814197168388,5.0,140,-0.055997597604614376,-0.3608047948968743,5.0,140
6:8,564,corner_vertical_L,abs_velocity,mean,0.3117296721117724,0.6936825834298832,5.0,140,-0.04023996262103699,-0.23979759874576023,5.0,140
6:8,565,corner_vertical_L,abs_velocity,std,0.2624255531910786,0.6401553151400478,5.0,140,-0.061589773618589035,-0.4086148533540112,5.0,140
6:8,566,corner_vertical_L,abs_velocity,quantile_10,0.2143134678787109,0.5769633090168471,5.0,140,-0.03779260411551565,-0.22261596937983347,5.0,140
6:8,567,corner_vertical_L,abs_velocity,quantile_90,0.28641880687731613,0.6674328043806421,5.0,140,-0.052179687071511625,-0.3297164374771163,5.0,140
6:8,568,corner_vertical_L,abs_velocity,late_minus_early,-0.029090424049532763,-0.16460594750346785,5.0,140,-0.05203165508407278,-0.3285351952743346,5.0,140
6:8,569,corner_vertical_L,abs_velocity,slope_per_second,-0.01638488134320025,-0.08767027492381078,5.0,140,-0.033325080332148795,-0.19225275578291443,5.0,140
6:8,570,corner_vertical_L,baseline_robust_z,mean,0.1821117059579096,0.5268073725120526,5.0,140,-0.037423844711006245,-0.22006139787955725,5.0,140
6:8,571,corner_vertical_L,baseline_robust_z,std,0.1783481902143463,0.5204533201281314,5.0,140,-0.008975934758577386,-0.04655102981929734,5.0,140
6:8,572,corner_vertical_L,baseline_robust_z,quantile_10,0.16279964848604647,0.49297416156699275,5.0,140,-0.04587370432037691,-0.2809149610517099,5.0,140
6:8,573,corner_vertical_L,baseline_robust_z,quantile_90,0.19075566438036892,0.5409903938742923,5.0,140,-0.02067021341986685,-0.1126664231460628,5.0,140
6:8,574,corner_vertical_L,baseline_robust_z,late_minus_early,0.05023423034899292,0.20914599865328706,5.0,140,0.01658206624043163,0.0777531027981651,5.0,140
6:8,575,corner_vertical_L,baseline_robust_z,slope_per_second,0.03282866399526265,0.1450907747977258,5.0,140,-0.0001805231343227226,-0.0009032679146339445,5.0,140
6:8,576,inner_lip_aperture,value,mean,0.7585010407562021,0.9401341819482122,5.0,140,0.12410311581228084,0.4146688124436588,5.0,140
6:8,577,inner_lip_aperture,value,std,0.3574431223873133,0.7355485419411069,5.0,140,0.004269573394920098,0.020989403774870796,5.0,140
6:8,578,inner_lip_aperture,value,quantile_10,0.7102694178560203,0.9245704963741174,5.0,140,0.0751601266433141,0.28893505262778324,5.0,140
6:8,579,inner_lip_aperture,value,quantile_90,0.7463721376721939,0.9363621651142433,5.0,140,0.14157654597539884,0.45194403058135896,5.0,140
6:8,580,inner_lip_aperture,value,late_minus_early,0.03326635372392609,0.14679802810408862,5.0,140,-0.012800936902665387,-0.06745882938738951,5.0,140
6:8,581,inner_lip_aperture,value,slope_per_second,0.029891362751601647,0.13349537860752814,5.0,140,-0.012018991617551425,-0.06312999354047322,5.0,140
6:8,582,inner_lip_aperture,delta,mean,0.3461609283958566,0.725812678900525,5.0,140,0.07875355520662235,0.29943993745225644,5.0,140
6:8,583,inner_lip_aperture,delta,std,0.3574431221293109,0.7355485417226013,5.0,140,0.0042695736379272905,0.020989404949444734,5.0,140
6:8,584,inner_lip_aperture,delta,quantile_10,0.2587108386658217,0.6357020998027426,5.0,140,0.06358896601052438,0.2534725903286018,5.0,140
6:8,585,inner_lip_aperture,delta,quantile_90,0.42187753850531073,0.7848854782447383,5.0,140,0.09551791030962625,0.34556063325353575,5.0,140
6:8,586,inner_lip_aperture,delta,late_minus_early,0.03326635080162047,0.146798016722951,5.0,140,-0.012800939335506573,-0.06745884289995609,5.0,140
6:8,587,inner_lip_aperture,delta,slope_per_second,0.029891359346037122,0.13349536502251236,5.0,140,-0.012018994069331768,-0.0631300070688903,5.0,140
6:8,588,inner_lip_aperture,velocity,mean,0.019350341795544936,0.08980098960777051,5.0,140,-0.014739019533032407,-0.07831207019422136,5.0,140
6:8,589,inner_lip_aperture,velocity,std,0.4579701227037718,0.808597192199937,5.0,140,0.02029076174090421,0.09383765842668054,5.0,140
6:8,590,inner_lip_aperture,velocity,quantile_10,0.3977440080024324,0.7675563245058588,5.0,140,0.001770168581906444,0.008788613598847438,5.0,140
6:8,591,inner_lip_aperture,velocity,quantile_90,0.45820450218426423,0.8087432739608704,5.0,140,0.06495623534488668,0.25779865603294705,5.0,140
6:8,592,inner_lip_aperture,velocity,late_minus_early,0.03563805681233594,0.1559581083576957,5.0,140,0.004059360709051443,0.019972501198746516,5.0,140
6:8,593,inner_lip_aperture,velocity,slope_per_second,0.012157504355770048,0.057968512028895046,5.0,140,-0.03241834539475173,-0.1862424100825926,5.0,140
6:8,594,inner_lip_aperture,acceleration,mean,0.006150482401990967,0.030014009461919917,5.0,140,-0.0446183167539914,-0.2715573027789622,5.0,140
6:8,595,inner_lip_aperture,acceleration,std,0.4577984013118559,0.808490101954451,5.0,140,0.048993610413358424,0.20482716313579744,5.0,140
6:8,596,inner_lip_aperture,acceleration,quantile_10,0.4565249605713168,0.8076943244194751,5.0,140,0.07603066318015979,0.2915011982252815,5.0,140
6:8,597,inner_lip_aperture,acceleration,quantile_90,0.4776065069391024,0.8205096133422087,5.0,140,0.04697799241071146,0.19773347525421317,5.0,140
6:8,598,inner_lip_aperture,acceleration,late_minus_early,0.12507984879585488,0.41684407066057894,5.0,140,0.08498212060518087,0.31711438976075657,5.0,140
6:8,599,inner_lip_aperture,acceleration,slope_per_second,0.1381953811888997,0.44499299800289377,5.0,140,0.09171533972683012,0.335496131810135,5.0,140
6:8,600,inner_lip_aperture,abs_velocity,mean,0.496517801159394,0.8313897545180224,5.0,140,0.056352927077875974,0.2299346688776327,5.0,140
6:8,601,inner_lip_aperture,abs_velocity,std,0.37932997262888085,0.7534401449296888,5.0,140,-0.022710362965603997,-0.12489770355306175,5.0,140
6:8,602,inner_lip_aperture,abs_velocity,quantile_10,0.36706901111816315,0.7435736613418121,5.0,140,0.03391529439595531,0.1493195993021082,5.0,140
6:8,603,inner_lip_aperture,abs_velocity,quantile_90,0.4342469673591518,0.793293554948307,5.0,140,0.012189099340722624,0.05811215727204262,5.0,140
6:8,604,inner_lip_aperture,abs_velocity,late_minus_early,0.018240821006301422,0.08500207452519369,5.0,140,-0.014852045118082236,-0.07895053310978381,5.0,140
6:8,605,inner_lip_aperture,abs_velocity,slope_per_second,-0.0013968634541856276,-0.0070235610941708874,5.0,140,-0.022584546177326942,-0.12413704630500406,5.0,140
6:8,606,inner_lip_aperture,baseline_robust_z,mean,0.30065087453066713,0.6824897780896995,5.0,140,0.057658254784586346,0.2342625863596486,5.0,140
6:8,607,inner_lip_aperture,baseline_robust_z,std,0.143310642834713,0.45546263953674226,5.0,140,-0.0490979862634886,-0.3054846573606399,5.0,140
6:8,608,inner_lip_aperture,baseline_robust_z,quantile_10,0.2454465578957035,0.6192558863921214,5.0,140,0.0602406443640086,0.24271740928522414,5.0,140
6:8,609,inner_lip_aperture,baseline_robust_z,quantile_90,0.3321867683077904,0.713230672678587,5.0,140,0.04040323748910018,0.17391006828314307,5.0,140
6:8,610,inner_lip_aperture,baseline_robust_z,late_minus_early,0.015424728455604986,0.07264172664579428,5.0,140,-0.029123690877122358,-0.1648190054468466,5.0,140
6:8,611,inner_lip_aperture,baseline_robust_z,slope_per_second,0.008087817439865115,0.03917182879888155,5.0,140,-0.033342485500375545,-0.1923686190701762,5.0,140
6:8,612,outer_mouth_open,value,mean,0.591515177385597,0.8786460323022707,5.0,140,0.049655295386546366,0.20713506548621358,5.0,140
6:8,613,outer_mouth_open,value,std,0.20849881994717767,0.5684279077621133,5.0,140,0.002787558598340446,0.013784097078377468,5.0,140
6:8,614,outer_mouth_open,value,quantile_10,0.5379799844133735,0.8534163225190974,5.0,140,0.03256360969924497,0.14405433228780334,5.0,140
6:8,615,outer_mouth_open,value,quantile_90,0.6170955833365814,0.8896014395581386,5.0,140,0.08789978853568801,0.32516958991232203,5.0,140
6:8,616,outer_mouth_open,value,late_minus_early,-0.015423901064738987,-0.0821902845960647,5.0,140,-0.05157026320582847,-0.32486476094130995,5.0,140
6:8,617,outer_mouth_open,value,slope_per_second,0.008845865334516022,0.04271782226019037,5.0,140,-0.026221276106350222,-0.14646877309263218,5.0,140
6:8,618,outer_mouth_open,delta,mean,0.2524203984493291,0.6280109227959287,5.0,140,0.006331387275212534,0.030875009799398764,5.0,140
6:8,619,outer_mouth_open,delta,std,0.20849881752787777,0.5684279041657523,5.0,140,0.002787559855433581,0.013784103225984279,5.0,140
6:8,620,outer_mouth_open,delta,quantile_10,0.21202504757290902,0.5736297433621572,5.0,140,-0.0009665569802136334,-0.004851542068472495,5.0,140
6:8,621,outer_mouth_open,delta,quantile_90,0.29762787404939667,0.67935702361306,5.0,140,0.015666006069072317,0.07371100230734454,5.0,140
6:8,622,outer_mouth_open,delta,late_minus_early,-0.015423896833620715,-0.08219026056695612,5.0,140,-0.05157026146308548,-0.32486474710979185,5.0,140
6:8,623,outer_mouth_open,delta,slope_per_second,0.008845870360869533,0.042717845703589344,5.0,140,-0.026221272712363963,-0.1464687519128003,5.0,140
6:8,624,outer_mouth_open,velocity,mean,-0.008758559037259946,-0.045382744991420816,5.0,140,-0.045276872325131494,-0.27645186476584893,5.0,140
6:8,625,outer_mouth_open,velocity,std,0.3606574444811484,0.7382564638747359,5.0,140,0.018008922966296952,0.08399404564116712,5.0,140
6:8,626,outer_mouth_open,velocity,quantile_10,0.27912364781938337,0.6594008058648098,5.0,140,-0.005475022182300219,-0.02798805172769508,5.0,140
6:8,627,outer_mouth_open,velocity,quantile_90,0.3078180147557769,0.6897814489070987,5.0,140,0.02285903414800076,0.10471998031592501,5.0,140
6:8,628,outer_mouth_open,velocity,late_minus_early,0.004657991546207828,0.022863957252656223,5.0,140,-0.031123108668175938,-0.17774323090252794,5.0,140
6:8,629,outer_mouth_open,velocity,slope_per_second,0.00815567980670445,0.039490123812165705,5.0,140,-0.034850611554044716,-0.2024791460353085,5.0,140
6:8,630,outer_mouth_open,acceleration,mean,0.043939060994615885,0.18685446587949706,5.0,140,-0.028943462375622262,-0.16366549643062006,5.0,140
6:8,631,outer_mouth_open,acceleration,std,0.3602969969665514,0.7379542230204891,5.0,140,0.023168336720635112,0.10601675599910852,5.0,140
6:8,632,outer_mouth_open,acceleration,quantile_10,0.3352301140841565,0.716022010010472,5.0,140,0.03467788941317515,0.15226810152282513,5.0,140
6:8,633,outer_mouth_open,acceleration,quantile_90,0.34762607165995146,0.727097779332137,5.0,140,0.031036401874708443,0.138044403090107,5.0,140
6:8,634,outer_mouth_open,acceleration,late_minus_early,0.0388374596159445,0.1680766220021509,5.0,140,0.008626381985270996,0.041693261912479004,5.0,140
6:8,635,outer_mouth_open,acceleration,slope_per_second,0.08003185241248185,0.30312169805528383,5.0,140,0.05244773652756033,0.2167636346436216,5.0,140
6:8,636,outer_mouth_open,abs_velocity,mean,0.3779073860706187,0.7523151392507205,5.0,140,0.050704366046749244,0.21077331996098475,5.0,140
6:8,637,outer_mouth_open,abs_velocity,std,0.30383991747419264,0.6857575354532628,5.0,140,-0.020129266223903222,-0.1094597053158903,5.0,140
6:8,638,outer_mouth_open,abs_velocity,quantile_10,0.2491102961025768,0.6238858876680532,5.0,140,0.051630494333265275,0.2139641685076933,5.0,140
6:8,639,outer_mouth_open,abs_velocity,quantile_90,0.316441163137462,0.698309868108643,5.0,140,-0.002954354621005426,-0.014948424897720462,5.0,140
6:8,640,outer_mouth_open,abs_velocity,late_minus_early,-0.05006996240949938,-0.3130467725918538,5.0,140,-0.08267135664788691,-0.6175822246547464,5.0,140
6:8,641,outer_mouth_open,abs_velocity,slope_per_second,-0.03729049965571852,-0.21913983387767058,5.0,140,-0.07217934356387022,-0.5073886311247804,5.0,140
6:8,642,outer_mouth_open,baseline_robust_z,mean,0.15941143899283378,0.48670916286862737,5.0,140,0.0011728213209545309,0.005836724863315686,5.0,140
6:8,643,outer_mouth_open,baseline_robust_z,std,0.10684038334837326,0.3742583110473934,5.0,140,0.023352196586501454,0.10678621243085439,5.0,140
6:8,644,outer_mouth_open,baseline_robust_z,quantile_10,0.15468903288162555,0.4778021527422798,5.0,140,-0.00508145761556434,-0.025934426840926183,5.0,140
6:8,645,outer_mouth_open,baseline_robust_z,quantile_90,0.16343897555718587,0.49414479892988283,5.0,140,0.0035141637491740447,0.017327255493360446,5.0,140
6:8,646,outer_mouth_open,baseline_robust_z,late_minus_early,0.004157899728279191,0.020449392546544938,5.0,140,-0.037690922055369655,-0.22191068335523167,5.0,140
6:8,647,outer_mouth_open,baseline_robust_z,slope_per_second,0.02082683454866549,0.0961261583595175,5.0,140,-0.02148142992284722,-0.11750374332595062,5.0,140
6:8,648,lowerlip_chin_gap,value,mean,0.6523388896468514,0.9036777882616771,5.0,140,0.13391803024504986,0.4360241630211133,5.0,140
6:8,649,lowerlip_chin_gap,value,std,0.06081779583092507,0.2445878125653076,5.0,140,-0.0623469964340102,-0.41530774387582164,5.0,140
6:8,650,lowerlip_chin_gap,value,quantile_10,0.6415963954780792,0.8995050881935928,5.0,140,0.11535930455065575,0.3946775924200584,5.0,140
6:8,651,lowerlip_chin_gap,value,quantile_90,0.6304496726493349,0.8950677310610321,5.0,140,0.11746788706711872,0.3995855529195636,5.0,140
6:8,652,lowerlip_chin_gap,value,late_minus_early,0.031589722704935645,0.14022938409064825,5.0,140,-0.003137882023828742,-0.01588883933242661,5.0,140
6:8,653,lowerlip_chin_gap,value,slope_per_second,0.020425588935743914,0.09441409102652105,5.0,140,-0.01837740740145473,-0.09917754133610662,5.0,140
6:8,654,lowerlip_chin_gap,delta,mean,0.2111692655096321,0.5723746173660113,5.0,140,0.043140774843604415,0.18395928912747103,5.0,140
6:8,655,lowerlip_chin_gap,delta,std,0.060817795644812794,0.24458781196328427,5.0,140,-0.062346999674887,-0.415307772636658,5.0,140
6:8,656,lowerlip_chin_gap,delta,quantile_10,0.2094294619078048,0.5698085322993274,5.0,140,0.0403632594268505,0.17376190907608172,5.0,140
6:8,657,lowerlip_chin_gap,delta,quantile_90,0.20849536014219094,0.568422764620593,5.0,140,0.04072534154396128,0.17510230329286197,5.0,140
6:8,658,lowerlip_chin_gap,delta,late_minus_early,0.03158972043560863,0.14022937514702477,5.0,140,-0.0031378834432057136,-0.01588884661087618,5.0,140
6:8,659,lowerlip_chin_gap,delta,slope_per_second,0.020425585451723585,0.09441407613856292,5.0,140,-0.018377408636893716,-0.09917754853241043,5.0,140
6:8,660,lowerlip_chin_gap,velocity,mean,0.004250930118887717,0.020899284994257365,5.0,140,-0.032834967906149155,-0.18899778425169686,5.0,140
6:8,661,lowerlip_chin_gap,velocity,std,0.20648072496642733,0.565414686955329,5.0,140,0.009032586772908129,0.04358808135608691,5.0,140
6:8,662,lowerlip_chin_gap,velocity,quantile_10,0.19330579712017215,0.5450689974503381,5.0,140,-0.01591605154448646,-0.08499115194303478,5.0,140
6:8,663,lowerlip_chin_gap,velocity,quantile_90,0.15483073705892558,0.4780724475856345,5.0,140,0.016188433942370267,0.07601961560938378,5.0,140
6:8,664,lowerlip_chin_gap,velocity,late_minus_early,-0.017510278752500233,-0.09414544575639246,5.0,140,-0.05060736102523442,-0.3172594615669282,5.0,140
6:8,665,lowerlip_chin_gap,velocity,slope_per_second,-0.02331292220139931,-0.12855233317551293,5.0,140,-0.05489834456704801,-0.35172910530424867,5.0,140
6:8,666,lowerlip_chin_gap,acceleration,mean,-0.04831383220677884,-0.2994369466149547,5.0,140,-0.07443379591293602,-0.5299553258270026,5.0,140
6:8,667,lowerlip_chin_gap,acceleration,std,0.27200523983941377,0.6513470054512567,5.0,140,0.05769008859089849,0.2343676751788495,5.0,140
6:8,668,lowerlip_chin_gap,acceleration,quantile_10,0.2951136532508726,0.6767250542407878,5.0,140,0.09019622887383298,0.3314125099667244,5.0,140
6:8,669,lowerlip_chin_gap,acceleration,quantile_90,0.2926022841841879,0.6740717204686131,5.0,140,0.06303848855636478,0.2517201991961056,5.0,140
6:8,670,lowerlip_chin_gap,acceleration,late_minus_early,-0.04654388765010423,-0.2859577866236571,5.0,140,-0.07613419656724953,-0.5473632182413135,5.0,140
6:8,671,lowerlip_chin_gap,acceleration,slope_per_second,0.016456969770146275,0.07720275521570401,5.0,140,-0.014516922021160549,-0.07705926337552502,5.0,140
6:8,672,lowerlip_chin_gap,abs_velocity,mean,0.2377604238856811,0.6093166138603279,5.0,140,0.030952082531995766,0.13771068296170594,5.0,140
6:8,673,lowerlip_chin_gap,abs_velocity,std,0.14524993502667613,0.4593610338508751,5.0,140,-0.022861203514598336,-0.12581075903994474,5.0,140
6:8,674,lowerlip_chin_gap,abs_velocity,quantile_10,0.16214575795913413,0.49177310098388644,5.0,140,0.034484029085718106,0.15152005719153966,5.0,140
6:8,675,lowerlip_chin_gap,abs_velocity,quantile_90,0.17658430806792555,0.5174367198002036,5.0,140,-0.015203835666494078,-0.08094167397097285,5.0,140
6:8,676,lowerlip_chin_gap,abs_velocity,late_minus_early,-0.025518316960132577,-0.14209576375325345,5.0,140,-0.0621601742307689,-0.4136514579390583,5.0,140
6:8,677,lowerlip_chin_gap,abs_velocity,slope_per_second,-0.021501104870678148,-0.11762149253779391,5.0,140,-0.05184778084747958,-0.32707040242362645,5.0,140
6:8,678,lowerlip_chin_gap,baseline_robust_z,mean,0.18281404488611303,0.5279809165337309,5.0,140,0.057023126442014786,0.23216136477582386,5.0,140
6:8,679,lowerlip_chin_gap,baseline_robust_z,std,0.03462151546292129,0.15205067775099193,5.0,140,-0.04755392633488241,-0.2936209472599182,5.0,140
6:8,680,lowerlip_chin_gap,baseline_robust_z,quantile_10,0.17824597339232942,0.520279186691362,5.0,140,0.05894777494191726,0.23850218274350557,5.0,140
6:8,681,lowerlip_chin_gap,baseline_robust_z,quantile_90,0.18195058539692255,0.5265376166515865,5.0,140,0.05020332407188183,0.209038841538031,5.0,140
6:8,682,lowerlip_chin_gap,baseline_robust_z,late_minus_early,0.029605733528018267,0.13235482135173912,5.0,140,-0.010542956621665028,-0.05503574082078404,5.0,140
6:8,683,lowerlip_chin_gap,baseline_robust_z,slope_per_second,0.01627752313400558,0.07641239740414472,5.0,140,-0.023642508296229697,-0.13055956375838773,5.0,140
6:8,684,jaw_open,value,mean,0.5151006930028973,0.8415570292146937,5.0,140,0.06016579581414294,0.2424743339937594,5.0,140
6:8,685,jaw_open,value,std,0.20188601064116368,0.5584539183751103,5.0,140,-0.0324173081114074,-0.18623556307505962,5.0,140
6:8,686,jaw_open,value,quantile_10,0.4537440952918036,0.8059465406662863,5.0,140,0.030150355975464945,0.13452756409358915,5.0,140
6:8,687,jaw_open,value,quantile_90,0.5482533421645687,0.858520273585557,5.0,140,0.07417243434708647,0.28600686890788796,5.0,140
6:8,688,jaw_open,value,late_minus_early,-0.010296079864767322,-0.05369165353532093,5.0,140,-0.04106354017882236,-0.24567002459723522,5.0,140
6:8,689,jaw_open,value,slope_per_second,-0.008675230908215432,-0.04493545638137505,5.0,140,-0.043551082623937,-0.2636916384538679,5.0,140
6:8,690,jaw_open,delta,mean,0.22703906506110233,0.5949173812212362,5.0,140,0.005787034024684354,0.02828052859847992,5.0,140
6:8,691,jaw_open,delta,std,0.2018859903453946,0.558453887315374,5.0,140,-0.032417318055575996,-0.1862356287152496,5.0,140
6:8,692,jaw_open,delta,quantile_10,0.1967012207439766,0.5504272531883073,5.0,140,-0.002970838919446929,-0.01503283512385698,5.0,140
6:8,693,jaw_open,delta,quantile_90,0.24517619141659036,0.6189114997512176,5.0,140,0.005320486407893156,0.026048078254251844,5.0,140
6:8,694,jaw_open,delta,late_minus_early,-0.010296083772370321,-0.05369167478782901,5.0,140,-0.04106354360645213,-0.2456700491338967,5.0,140
6:8,695,jaw_open,delta,slope_per_second,-0.008675230741559082,-0.04493545548710622,5.0,140,-0.043551082730197956,-0.2636916392329774,5.0,140
6:8,696,jaw_open,velocity,mean,-0.020356140882449168,-0.11080277173898433,5.0,140,-0.052514535685082395,-0.3323949427572856,5.0,140
6:8,697,jaw_open,velocity,std,0.29962458572992223,0.6814300922601776,5.0,140,-0.036249621975623696,-0.2119857185205174,5.0,140
6:8,698,jaw_open,velocity,quantile_10,0.26206979554872917,0.6397316289371686,5.0,140,-0.05940550935089924,-0.3896066797929471,5.0,140
6:8,699,jaw_open,velocity,quantile_90,0.22444957111640826,0.5913420118292682,5.0,140,-0.049239646303128666,-0.3065822347167444,5.0,140
6:8,700,jaw_open,velocity,late_minus_early,-0.0398597747532614,-0.23710224152979026,5.0,140,-0.07774582457847147,-0.5641795357660943,5.0,140
6:8,701,jaw_open,velocity,slope_per_second,-0.03730490520843118,-0.2192393367427457,5.0,140,-0.07372731646510197,-0.5228214816570375,5.0,140
6:8,702,jaw_open,acceleration,mean,0.013464332654475898,0.06388119275396326,5.0,140,-0.0311449199343119,-0.17788552089448834,5.0,140
6:8,703,jaw_open,acceleration,std,0.3142202957607238,0.6961383215953544,5.0,140,-0.008571290591456684,-0.044377958468851925,5.0,140
6:8,704,jaw_open,acceleration,quantile_10,0.2983502571093191,0.680108774549731,5.0,140,-0.010206157458430308,-0.0532027707126227,5.0,140
6:8,705,jaw_open,acceleration,quantile_90,0.2883210453825801,0.6694913933229028,5.0,140,-0.0202247643991158,-0.11002471799357591,5.0,140
6:8,706,jaw_open,acceleration,late_minus_early,-0.02544251452741288,-0.14162584289869273,5.0,140,-0.06082529274693529,-0.4019121638283248,5.0,140
6:8,707,jaw_open,acceleration,slope_per_second,0.031935075918089695,0.14158878517552637,5.0,140,0.005716413808967009,0.02794313104416841,5.0,140
6:8,708,jaw_open,abs_velocity,mean,0.3135777737165717,0.6955068766477668,5.0,140,-0.024765147629320576,-0.13744069450541466,5.0,140
6:8,709,jaw_open,abs_velocity,std,0.2647455859106103,0.6429039732372409,5.0,140,-0.047186963648289164,-0.29082797448027015,5.0,140
6:8,710,jaw_open,abs_velocity,quantile_10,0.24676178608251462,0.6209258466429376,5.0,140,0.018987319179650956,0.08823519653992372,5.0,140
6:8,711,jaw_open,abs_velocity,quantile_90,0.2635818026638419,0.6415282855055854,5.0,140,-0.05787033106363939,-0.3765056913386439,5.0,140
6:8,712,jaw_open,abs_velocity,late_minus_early,-0.0786986208712775,-0.5742701932082835,5.0,140,-0.11565002452881629,-1.0760145668357572,5.0,140
6:8,713,jaw_open,abs_velocity,slope_per_second,-0.07225309379567288,-0.5081178017285367,5.0,140,-0.10515045207428092,-0.907410944494314,5.0,140
6:8,714,jaw_open,baseline_robust_z,mean,0.1254442370441591,0.4176526920208279,5.0,140,-0.011091069105319814,-0.05802979541087753,5.0,140
6:8,715,jaw_open,baseline_robust_z,std,0.06292986749457197,0.2513736863726484,5.0,140,-0.042855629263840414,-0.2586096662410981,5.0,140
6:8,716,jaw_open,baseline_robust_z,quantile_10,0.12418474968505758,0.4148510521526496,5.0,140,-0.014266145798809976,-0.07564752338581349,5.0,140
6:8,717,jaw_open,baseline_robust_z,quantile_90,0.11209085697043614,0.3869569433079751,5.0,140,-0.01267878724925646,-0.06678073096742558,5.0,140
6:8,718,jaw_open,baseline_robust_z,late_minus_early,0.007008301828333669,0.034085970076050305,5.0,140,-0.038825646523663625,-0.22981984959654633,5.0,140
6:8,719,jaw_open,baseline_robust_z,slope_per_second,0.02428353234906159,0.11066801997320434,5.0,140,-0.02458052239670112,-0.13630433945884873,5.0,140
8:10,0,inner_brow_R,value,mean,0.5674481803627048,0.8677127706598569,5.0,140,0.03493081809384571,0.1532425411523087,5.0,140
8:10,1,inner_brow_R,value,std,0.24232478571702523,0.6152564139242496,5.0,140,-0.006399354942098582,-0.03283732551579205,5.0,140
8:10,2,inner_brow_R,value,quantile_10,0.5355461432040808,0.8521875955938413,5.0,140,0.02637781508813364,0.11930143108502607,5.0,140
8:10,3,inner_brow_R,value,quantile_90,0.5565324310631158,0.862538829234574,5.0,140,0.028721020313842712,0.12880720424989184,5.0,140
8:10,4,inner_brow_R,value,late_minus_early,0.056180740864067276,0.2293610169010002,5.0,140,-0.020494430665907965,-0.11162273057998297,5.0,140
8:10,5,inner_brow_R,value,slope_per_second,0.03814755435126316,0.1654861969813901,5.0,140,-0.024887577211184127,-0.1381952676292983,5.0,140
8:10,6,inner_brow_R,delta,mean,0.2671232459498121,0.6456953154832092,5.0,140,0.07387780389853245,0.285129927897427,5.0,140
8:10,7,inner_brow_R,delta,std,0.24232478755897832,0.6152564162990395,5.0,140,-0.006399350567745669,-0.03283730247979766,5.0,140
8:10,8,inner_brow_R,delta,quantile_10,0.2650392215998803,0.6432500926254261,5.0,140,0.06609986568952503,0.26138838095255895,5.0,140
8:10,9,inner_brow_R,delta,quantile_90,0.26856421296187794,0.6473745349392761,5.0,140,0.07786911696278273,0.29687576892009415,5.0,140
8:10,10,inner_brow_R,delta,late_minus_early,0.05618074808964056,0.22936104098710558,5.0,140,-0.020494421616909626,-0.11162267689361109,5.0,140
8:10,11,inner_brow_R,delta,slope_per_second,0.03814754945709611,0.16548617856099496,5.0,140,-0.024887578582416567,-0.13819527608524385,5.0,140
8:10,12,inner_brow_R,velocity,mean,0.07005013557602849,0.2735904776682556,5.0,140,-0.01918726476937969,-0.10391142818770605,5.0,140
8:10,13,inner_brow_R,velocity,std,0.3212565393582058,0.7029603103518308,5.0,140,-0.000739114211940375,-0.003706529253494798,5.0,140
8:10,14,inner_brow_R,velocity,quantile_10,0.2783313927036485,0.6585151775652911,5.0,140,0.00549066623519562,0.026863340626605847,5.0,140
8:10,15,inner_brow_R,velocity,quantile_90,0.25100790938320783,0.62625735213498,5.0,140,-0.04498563652044858,-0.2742834438337753,5.0,140
8:10,16,inner_brow_R,velocity,late_minus_early,-0.06961363500582855,-0.48239257861921736,5.0,140,-0.11690548565283884,-1.097955522681281,5.0,140
8:10,17,inner_brow_R,velocity,slope_per_second,-0.011150588243743605,-0.0583557447439031,5.0,140,-0.04717233239661655,-0.29071682474342597,5.0,140
8:10,18,inner_brow_R,acceleration,mean,-0.009718091644736731,-0.050555677033996,5.0,140,-0.0521717626290106,-0.32965315848194826,5.0,140
8:10,19,inner_brow_R,acceleration,std,0.3252399188426812,0.7067484109435325,5.0,140,-0.008415483342871127,-0.04354316379273015,5.0,140
8:10,20,inner_brow_R,acceleration,quantile_10,0.29700659653457245,0.6787089004414794,5.0,140,0.0027706076991208307,0.013701195939772565,5.0,140
8:10,21,inner_brow_R,acceleration,quantile_90,0.25818172362487435,0.6350624973859178,5.0,140,-0.05079330029664478,-0.318722339486339,5.0,140
8:10,22,inner_brow_R,acceleration,late_minus_early,-0.017028622268594855,-0.09136649335646775,5.0,140,-0.06466537283550096,-0.4361393080238141,5.0,140
8:10,23,inner_brow_R,acceleration,slope_per_second,-0.06553032360568238,-0.4440453634884038,5.0,140,-0.09895298937519545,-0.8188923184070089,5.0,140
8:10,24,inner_brow_R,abs_velocity,mean,0.33653621591758875,0.7172110749186751,5.0,140,-0.00643794216638825,-0.03304056378716785,5.0,140
8:10,25,inner_brow_R,abs_velocity,std,0.2803849854994753,0.6608053422633905,5.0,140,-0.00207774741420377,-0.010475801347666153,5.0,140
8:10,26,inner_brow_R,abs_velocity,quantile_10,0.22664377558420143,0.594374109119578,5.0,140,-0.02658456122924046,-0.14873950394559654,5.0,140
8:10,27,inner_brow_R,abs_velocity,quantile_90,0.3329086415878228,0.713895407093707,5.0,140,0.014585634760026826,0.06890791129522048,5.0,140
8:10,28,inner_brow_R,abs_velocity,late_minus_early,0.004556667439486798,0.02237550623462853,5.0,140,-0.054433326292106045,-0.3479205151628352,5.0,140
8:10,29,inner_brow_R,abs_velocity,slope_per_second,0.009141082619275978,0.04409317565012377,5.0,140,-0.033052870250457854,-0.1904431179189616,5.0,140
8:10,30,inner_brow_R,baseline_robust_z,mean,0.19527570345036285,0.5481876226829969,5.0,140,0.051182157790085565,0.2124219366347637,5.0,140
8:10,31,inner_brow_R,baseline_robust_z,std,0.06480418598338666,0.257319426125764,5.0,140,-0.008576986163504108,-0.04440849500636714,5.0,140
8:10,32,inner_brow_R,baseline_robust_z,quantile_10,0.18870209145355168,0.5376715062729842,5.0,140,0.0546950362937829,0.22438434245219652,5.0,140
8:10,33,inner_brow_R,baseline_robust_z,quantile_90,0.17119189686644612,0.5080579011018125,5.0,140,0.035765781048379075,0.1564470950526616,5.0,140
8:10,34,inner_brow_R,baseline_robust_z,late_minus_early,0.11710892931992166,0.3987540208326887,5.0,140,0.022977974627998624,0.10521899550372109,5.0,140
8:10,35,inner_brow_R,baseline_robust_z,slope_per_second,0.09182620348365632,0.335792730881319,5.0,140,0.004670525011500107,0.02292435005625995,5.0,140
8:10,36,inner_brow_L,value,mean,0.6272044918713573,0.8937546741999262,5.0,140,0.05571478898214198,0.22780542105781357,5.0,140
8:10,37,inner_brow_L,value,std,0.18546294056837567,0.532372916528515,5.0,140,0.006012634007390855,0.02935711566883685,5.0,140
8:10,38,inner_brow_L,value,quantile_10,0.5813219451893405,0.8740926853809622,5.0,140,0.048552780450833645,0.2032839066911212,5.0,140
8:10,39,inner_brow_L,value,quantile_90,0.6264585853535649,0.8934514930629187,5.0,140,0.05489772055268476,0.2250661322310489,5.0,140
8:10,40,inner_brow_L,value,late_minus_early,0.046370463617713686,0.1955764377279792,5.0,140,-0.026607153262317957,-0.1488809604407414,5.0,140
8:10,41,inner_brow_L,value,slope_per_second,0.049407222535906514,0.20627100324033323,5.0,140,-0.013734912907532997,-0.07266685630829983,5.0,140
8:10,42,inner_brow_L,delta,mean,0.26789335536320263,0.6465939188757475,5.0,140,0.06940342555220022,0.27161349879158386,5.0,140
8:10,43,inner_brow_L,delta,std,0.18546293891818907,0.5323729138090676,5.0,140,0.0060126283460619516,0.029357088676180722,5.0,140
8:10,44,inner_brow_L,delta,quantile_10,0.26430957871428823,0.6423893061038991,5.0,140,0.0693752356468428,0.27152714074063417,5.0,140
8:10,45,inner_brow_L,delta,quantile_90,0.26665320642063617,0.6451455326001087,5.0,140,0.06621843917073013,0.2617590839436232,5.0,140
8:10,46,inner_brow_L,delta,late_minus_early,0.04637046218527894,0.19557643263167868,5.0,140,-0.026607160367920622,-0.1488810049358662,5.0,140
8:10,47,inner_brow_L,delta,slope_per_second,0.04940721759341112,0.2062709860108696,5.0,140,-0.013734920274934665,-0.07266689755272755,5.0,140
8:10,48,inner_brow_L,velocity,mean,0.06776132973657178,0.2665574890466801,5.0,140,-0.02271151372257873,-0.12490466463211956,5.0,140
8:10,49,inner_brow_L,velocity,std,0.27951325272240163,0.659835356540493,5.0,140,-0.0018339624939881951,-0.00923757795596712,5.0,140
8:10,50,inner_brow_L,velocity,quantile_10,0.27255293932390806,0.6519744671146234,5.0,140,0.010047684657140548,0.048297318385990926,5.0,140
8:10,51,inner_brow_L,velocity,quantile_90,0.18697121311749343,0.5348499154657711,5.0,140,-0.055563442295593034,-0.3572080461076641,5.0,140
8:10,52,inner_brow_L,velocity,late_minus_early,-0.08771501907206501,-0.6756248989471809,5.0,140,-0.1278622487575518,-1.3085864879702538,5.0,140
8:10,53,inner_brow_L,velocity,slope_per_second,-0.0340775706512618,-0.19727901099741024,5.0,140,-0.06355273811649131,-0.4260771750847616,5.0,140
8:10,54,inner_brow_L,acceleration,mean,-0.05156109820366883,-0.3247920250069518,5.0,140,-0.09313073689744476,-0.7421047235091506,5.0,140
8:10,55,inner_brow_L,acceleration,std,0.29301118603067716,0.6745054097608489,5.0,140,-0.04503595269577606,-0.2746576368399022,5.0,140
8:10,56,inner_brow_L,acceleration,quantile_10,0.2710519278313041,0.6502517152164246,5.0,140,-0.061259231689377774,-0.4057101192133521,5.0,140
8:10,57,inner_brow_L,acceleration,quantile_90,0.23721658140632582,0.6086014681643538,5.0,140,-0.06494042904865194,-0.43864543667485256,5.0,140
8:10,58,inner_brow_L,acceleration,late_minus_early,-0.027405922832630894,-0.1539007864752411,5.0,140,-0.06555115440691876,-0.44423668115232723,5.0,140
8:10,59,inner_brow_L,acceleration,slope_per_second,-0.028559992708642252,-0.16121743908195804,5.0,140,-0.059389805400941326,-0.38947159624558336,5.0,140
8:10,60,inner_brow_L,abs_velocity,mean,0.29397174417791994,0.6755216316938167,5.0,140,-0.02466348075263368,-0.13681471180864718,5.0,140
8:10,61,inner_brow_L,abs_velocity,std,0.2431046061281706,0.6162602293380866,5.0,140,0.011923913328368101,0.056905425209397356,5.0,140
8:10,62,inner_brow_L,abs_velocity,quantile_10,0.15300910100211187,0.4745832681620696,5.0,140,-0.06156061818432246,-0.40835823164434204,5.0,140
8:10,63,inner_brow_L,abs_velocity,quantile_90,0.2784737571473079,0.6586745164284608,5.0,140,0.00024248066937235035,0.0012112285488246244,5.0,140
8:10,64,inner_brow_L,abs_velocity,late_minus_early,0.024875705719008524,0.1131225186577497,5.0,140,-0.04638533544489463,-0.28476175541092413,5.0,140
8:10,65,inner_brow_L,abs_velocity,slope_per_second,0.038425960706449935,0.1665330359493825,5.0,140,-0.02919040041482619,-0.16524644121940932,5.0,140
8:10,66,inner_brow_L,baseline_robust_z,mean,0.19588664897675198,0.5491492328439432,5.0,140,0.0548874449407253,0.2250315889171668,5.0,140
8:10,67,inner_brow_L,baseline_robust_z,std,0.06865832360848903,0.26932578926152667,5.0,140,-0.003893852967754867,-0.019777304502092998,5.0,140
8:10,68,inner_brow_L,baseline_robust_z,quantile_10,0.19354668949686277,0.5454518489260186,5.0,140,0.0605648639896383,0.24376897957643312,5.0,140
8:10,69,inner_brow_L,baseline_robust_z,quantile_90,0.16933774031787183,0.5047773072771492,5.0,140,0.03895739750827521,0.16852569723171537,5.0,140
8:10,70,inner_brow_L,baseline_robust_z,late_minus_early,0.10651235381540897,0.37345253493851494,5.0,140,0.025581297097810124,0.11603335098939395,5.0,140
8:10,71,inner_brow_L,baseline_robust_z,slope_per_second,0.11395594022329326,0.3913795861986046,5.0,140,0.03337794703799466,0.1472324654532813,5.0,140
8:10,72,outer_brow_R,value,mean,0.6205869469706888,0.8910467661071866,5.0,140,0.06054227674125834,0.24369579150611811,5.0,140
8:10,73,outer_brow_R,value,std,0.21501962502098373,0.5779853511862029,5.0,140,-0.001074318546595588,-0.0053947755627450494,5.0,140
8:10,74,outer_brow_R,value,quantile_10,0.5850170629129796,0.8757561505272295,5.0,140,0.060944582532050526,0.2449977663052253,5.0,140
8:10,75,outer_brow_R,value,quantile_90,0.5952605461034371,0.880291510185123,5.0,140,0.04559440364845548,0.19280813119977058,5.0,140
8:10,76,outer_brow_R,value,late_minus_early,-0.012042587092097738,-0.06326020139977019,5.0,140,-0.08586932942821618,-0.6539707746964069,5.0,140
8:10,77,outer_brow_R,value,slope_per_second,-0.0153640935659289,-0.08185071607020834,5.0,140,-0.07613520024397741,-0.5473735939564452,5.0,140
8:10,78,outer_brow_R,delta,mean,0.32434603604121676,0.7059029219493489,5.0,140,0.05960752035515162,0.24065759242046056,5.0,140
8:10,79,outer_brow_R,delta,std,0.21501961715301715,0.577985339815954,5.0,140,-0.0010743212368608305,-0.0053947891304289754,5.0,140
8:10,80,outer_brow_R,delta,quantile_10,0.31576202428660194,0.6976476211105772,5.0,140,0.04887276250246512,0.20440455201258936,5.0,140
8:10,81,outer_brow_R,delta,quantile_90,0.3112285460694413,0.693185842579479,5.0,140,0.05315566671820238,0.21917645187716836,5.0,140
8:10,82,outer_brow_R,delta,late_minus_early,-0.012042587150274547,-0.06326020172084146,5.0,140,-0.08586932519540086,-0.6539707255943322,5.0,140
8:10,83,outer_brow_R,delta,slope_per_second,-0.015364095456501319,-0.08185072680155926,5.0,140,-0.07613520180778588,-0.5473736101227313,5.0,140
8:10,84,outer_brow_R,velocity,mean,0.03583064743413663,0.156695265867147,5.0,140,-0.05376387755319778,-0.34246929720961966,5.0,140
8:10,85,outer_brow_R,velocity,std,0.2920257907220299,0.6734591686426576,5.0,140,0.005922755735840453,0.028928434474354784,5.0,140
8:10,86,outer_brow_R,velocity,quantile_10,0.296943626262642,0.6786431270159136,5.0,140,0.025628943268975406,0.11622937238110155,5.0,140
8:10,87,outer_brow_R,velocity,quantile_90,0.21857650010379073,0.5830864865592266,5.0,140,-0.028474484792374816,-0.16067271509157227,5.0,140
8:10,88,outer_brow_R,velocity,late_minus_early,-0.07814305949901476,-0.5683728808916417,5.0,140,-0.12627694940125916,-1.2758025767041699,5.0,140
8:10,89,outer_brow_R,velocity,slope_per_second,0.004644243564930353,0.02279770543755755,5.0,140,-0.040284513484791944,-0.24011408357454928,5.0,140
8:10,90,outer_brow_R,acceleration,mean,-0.054352449978175815,-0.34725997062136016,5.0,140,-0.09456073903327618,-0.7604315863088122,5.0,140
8:10,91,outer_brow_R,acceleration,std,0.3129286157328527,0.6948674463045912,5.0,140,0.0023213764363198596,0.011500097955957973,5.0,140
8:10,92,outer_brow_R,acceleration,quantile_10,0.3050177170547438,0.6869549108120151,5.0,140,-0.0058625450903763655,-0.030016620619246027,5.0,140
8:10,93,outer_brow_R,acceleration,quantile_90,0.2949263191711056,0.6765279745060805,5.0,140,0.0016919389188375905,0.008402826318680718,5.0,140
8:10,94,outer_brow_R,acceleration,late_minus_early,-0.03921970959746332,-0.23258643824431866,5.0,140,-0.08050611761865405,-0.5937243610769571,5.0,140
8:10,95,outer_brow_R,acceleration,slope_per_second,-0.00605908151433338,-0.031047894465322128,5.0,140,-0.0422023029667158,-0.25386652239916313,5.0,140
8:10,96,outer_brow_R,abs_velocity,mean,0.3124634025202596,0.694408296433573,5.0,140,-0.004270749735440221,-0.02172487468851489,5.0,140
8:10,97,outer_brow_R,abs_velocity,std,0.24693208749330728,0.6211414338801199,5.0,140,0.004054743211303675,0.019950145193369028,5.0,140
8:10,98,outer_brow_R,abs_velocity,quantile_10,0.16221373733063005,0.4918981423965773,5.0,140,-0.04429734839324218,-0.26918313915275577,5.0,140
8:10,99,outer_brow_R,abs_velocity,quantile_90,0.29101428182946437,0.6723812374356052,5.0,140,0.003934239025212165,0.019366426522052966,5.0,140
8:10,100,outer_brow_R,abs_velocity,late_minus_early,-0.0018655857238140902,-0.009398060166583748,5.0,140,-0.06819821840933137,-0.4689050473861787,5.0,140
8:10,101,outer_brow_R,abs_velocity,slope_per_second,0.017851568815092023,0.08330905477828109,5.0,140,-0.04163716366601121,-0.24978760847298004,5.0,140
8:10,102,outer_brow_R,baseline_robust_z,mean,0.2188638162569069,0.5834951660488761,5.0,140,0.043124552993392656,0.18390029320729032,5.0,140
8:10,103,outer_brow_R,baseline_robust_z,std,0.058538750443353466,0.23716125753749107,5.0,140,-0.02069763431358518,-0.11282937624535064,5.0,140
8:10,104,outer_brow_R,baseline_robust_z,quantile_10,0.1747196627658866,0.5142205497034974,5.0,140,0.015526110261785573,0.07309125949270198,5.0,140
8:10,105,outer_brow_R,baseline_robust_z,quantile_90,0.2092506506620391,0.5695436967818961,5.0,140,0.0478495316438626,0.20081251840390704,5.0,140
8:10,106,outer_brow_R,baseline_robust_z,late_minus_early,0.017297519357199823,0.08089075891349973,5.0,140,-0.052783966549216785,-0.33455676514752947,5.0,140
8:10,107,outer_brow_R,baseline_robust_z,slope_per_second,0.014886003264885669,0.07024721522374892,5.0,140,-0.047558795404144344,-0.29365807407568373,5.0,140
8:10,108,outer_brow_L,value,mean,0.6710354405388931,0.910707952978272,5.0,140,0.07359647752750612,0.28429109492257343,5.0,140
8:10,109,outer_brow_L,value,std,0.1452924802794462,0.45944613016902636,5.0,140,-0.00974832388322837,-0.0507193333715303,5.0,140
8:10,110,outer_brow_L,value,quantile_10,0.6231799874538083,0.8921127322085683,5.0,140,0.07859539038028544,0.2989823985712585,5.0,140
8:10,111,outer_brow_L,value,quantile_90,0.6554739997476262,0.904876893111122,5.0,140,0.06534746826109818,0.2590296214420233,5.0,140
8:10,112,outer_brow_L,value,late_minus_early,0.013482696332256508,0.06396386043532903,5.0,140,-0.06975063531292436,-0.48370930068197393,5.0,140
8:10,113,outer_brow_L,value,slope_per_second,0.011889727473276638,0.05674968424682614,5.0,140,-0.0550936616559116,-0.3533342099337544,5.0,140
8:10,114,outer_brow_L,delta,mean,0.2993182100092719,0.6811129791333054,5.0,140,0.05882286301894651,0.23809305455850302,5.0,140
8:10,115,outer_brow_L,delta,std,0.14529247077647925,0.4594461111638395,5.0,140,-0.009748327554505816,-0.050719353247777155,5.0,140
8:10,116,outer_brow_L,delta,quantile_10,0.295196921460507,0.6768126108216903,5.0,140,0.053659147185297906,0.22088560349111677,5.0,140
8:10,117,outer_brow_L,delta,quantile_90,0.2834042816392108,0.664140435769183,5.0,140,0.045606719483642394,0.19285217688601153,5.0,140
8:10,118,outer_brow_L,delta,late_minus_early,0.013482691180869243,0.06396383724696915,5.0,140,-0.06975064550720086,-0.4837093987345415,5.0,140
8:10,119,outer_brow_L,delta,slope_per_second,0.011889722740718566,0.056749662683832545,5.0,140,-0.055093673041542536,-0.3533343035939853,5.0,140
8:10,120,outer_brow_L,velocity,mean,0.0509706739729195,0.21169285905869395,5.0,140,-0.04473000296535367,-0.2723851732567373,5.0,140
8:10,121,outer_brow_L,velocity,std,0.2259212625260461,0.5933787800499929,5.0,140,-0.022440391155288664,-0.12326655458110199,5.0,140
8:10,122,outer_brow_L,velocity,quantile_10,0.2580816842452179,0.634941418496053,5.0,140,-0.0033753303170426458,-0.017107627155576753,5.0,140
8:10,123,outer_brow_L,velocity,quantile_90,0.17285936941609195,0.5109836210286233,5.0,140,-0.06917850198268119,-0.4782237091635488,5.0,140
8:10,124,outer_brow_L,velocity,late_minus_early,-0.08670764625241839,-0.6637454560981131,5.0,140,-0.13088018761405337,-1.3734091016488852,5.0,140
8:10,125,outer_brow_L,velocity,slope_per_second,-0.03793780519182386,-0.2236242840581571,5.0,140,-0.09533216088200303,-0.7704588218342662,5.0,140
8:10,126,outer_brow_L,acceleration,mean,-0.0838402096672002,-0.6307197540036421,5.0,140,-0.13236045030071378,-1.4064195527679417,5.0,140
8:10,127,outer_brow_L,acceleration,std,0.27241836085579907,0.6518204117326993,5.0,140,-0.04089582939023478,-0.24447043111920677,5.0,140
8:10,128,outer_brow_L,acceleration,quantile_10,0.26866472581565287,0.6474913186768928,5.0,140,-0.06155498292846165,-0.40830864013436524,5.0,140
8:10,129,outer_brow_L,acceleration,quantile_90,0.28974949659984917,0.6710277138402294,5.0,140,-0.03252493562791623,-0.1869463501587271,5.0,140
8:10,130,outer_brow_L,acceleration,late_minus_early,-0.06208792546543475,-0.4130118142967847,5.0,140,-0.09970798235030728,-0.829285413070898,5.0,140
8:10,131,outer_brow_L,acceleration,slope_per_second,-0.0758468781207536,-0.5443979219429671,5.0,140,-0.09889025068876275,-0.8180333428146386,5.0,140
8:10,132,outer_brow_L,abs_velocity,mean,0.2696528073952159,0.6486369446045699,5.0,140,-0.02726149816145052,-0.15299049073479692,5.0,140
8:10,133,outer_brow_L,abs_velocity,std,0.17532525625750214,0.5152681791113646,5.0,140,-0.016013119860537793,-0.0855449665115495,5.0,140
8:10,134,outer_brow_L,abs_velocity,quantile_10,0.14325564690108794,0.45535152524179695,5.0,140,-0.028564242995598715,-0.16124452630199515,5.0,140
8:10,135,outer_brow_L,abs_velocity,quantile_90,0.22487648586768239,0.5919341464570353,5.0,140,-0.03686411267136485,-0.2162007600726334,5.0,140
8:10,136,outer_brow_L,abs_velocity,late_minus_early,0.016423919755400765,0.07705726915623456,5.0,140,-0.04690631255324933,-0.2886987351930112,5.0,140
8:10,137,outer_brow_L,abs_velocity,slope_per_second,0.029778325001936858,0.13304428158315476,5.0,140,-0.024207045051598014,-0.13401129508851256,5.0,140
8:10,138,outer_brow_L,baseline_robust_z,mean,0.2106556273429368,0.5716190545581716,5.0,140,0.05820677745367209,0.23607031752579402,5.0,140
8:10,139,outer_brow_L,baseline_robust_z,std,0.06561542000063633,0.2598709372331366,5.0,140,-0.025925416442005807,-0.1446249281731672,5.0,140
8:10,140,outer_brow_L,baseline_robust_z,quantile_10,0.1937817272440497,0.5458249950022248,5.0,140,0.04685098904620946,0.19728327837454324,5.0,140
8:10,141,outer_brow_L,baseline_robust_z,quantile_90,0.17829740611808725,0.5203668162915756,5.0,140,0.04095090415643734,0.17593562853485334,5.0,140
8:10,142,outer_brow_L,baseline_robust_z,late_minus_early,0.022353642949959,0.10259474918271129,5.0,140,-0.041219238427297494,-0.24678542048607266,5.0,140
8:10,143,outer_brow_L,baseline_robust_z,slope_per_second,0.025572486770143222,0.1159970969429243,5.0,140,-0.03689532788506304,-0.21641552669222877,5.0,140
8:10,144,eye_open_R,value,mean,0.6746276529682504,0.9120261150563593,5.0,140,0.01767603389459119,0.08254396946474427,5.0,140
8:10,145,eye_open_R,value,std,0.23029049804857954,0.5993521082143253,5.0,140,0.016619492674184604,0.07791765573613751,5.0,140
8:10,146,eye_open_R,value,quantile_10,0.6469900369196716,0.9016126298647111,5.0,140,-0.013689472205299195,-0.07241251761533969,5.0,140
8:10,147,eye_open_R,value,quantile_90,0.619061071128571,0.8904165249351411,5.0,140,0.03169850281553585,0.14065793081394598,5.0,140
8:10,148,eye_open_R,value,late_minus_early,0.022591878168626664,0.10359753893076015,5.0,140,-0.036969261313179534,-0.2169244538433053,5.0,140
8:10,149,eye_open_R,value,slope_per_second,0.01790911096752738,0.08355963941861845,5.0,140,-0.03142490110951137,-0.17971455388232488,5.0,140
8:10,150,eye_open_R,delta,mean,0.1583112214483747,0.48465243279014,5.0,140,-0.0057642962371234245,-0.02950170751201809,5.0,140
8:10,151,eye_open_R,delta,std,0.23029049780413405,0.5993521078831757,5.0,140,0.01661949420661346,0.07791766247282725,5.0,140
8:10,152,eye_open_R,delta,quantile_10,0.17942280340141153,0.5222789811702562,5.0,140,-0.021098774852509126,-0.11521768198769078,5.0,140
8:10,153,eye_open_R,delta,quantile_90,0.16693034441587185,0.5004743197863926,5.0,140,0.026495638776876967,0.11978325812879316,5.0,140
8:10,154,eye_open_R,delta,late_minus_early,0.022591879218919145,0.10359754334783189,5.0,140,-0.036969258291674294,-0.21692443303729442,5.0,140
8:10,155,eye_open_R,delta,slope_per_second,0.0179091121774374,0.08355964468640449,5.0,140,-0.03142489944929644,-0.17971454302274648,5.0,140
8:10,156,eye_open_R,velocity,mean,0.007215819606278546,0.035066950865054854,5.0,140,-0.03930176605835371,-0.23316383176969632,5.0,140
8:10,157,eye_open_R,velocity,std,0.32429425602425216,0.7058538645965435,5.0,140,0.01526929377829964,0.07195185296804951,5.0,140
8:10,158,eye_open_R,velocity,quantile_10,0.28336652733928064,0.6640989657545286,5.0,140,0.013685004957666879,0.0648738300451704,5.0,140
8:10,159,eye_open_R,velocity,quantile_90,0.24626694144765346,0.620298575423117,5.0,140,-0.0011483672576251473,-0.005768332946874823,5.0,140
8:10,160,eye_open_R,velocity,late_minus_early,-0.028476097513128944,-0.1606829849592451,5.0,140,-0.059499942868183824,-0.3904194555373083,5.0,140
8:10,161,eye_open_R,velocity,slope_per_second,-0.008351166187031418,-0.04319887486760569,5.0,140,-0.042196556088322165,-0.2538249324338488,5.0,140
8:10,162,eye_open_R,acceleration,mean,0.048084970156354656,0.20164120540500846,5.0,140,0.011166357709648368,0.05344465979258402,5.0,140
8:10,163,eye_open_R,acceleration,std,0.3328777222925605,0.7138669689229457,5.0,140,0.03062919515067853,0.13643090098943894,5.0,140
8:10,164,eye_open_R,acceleration,quantile_10,0.331900989360615,0.7129670584623498,5.0,140,0.0526691574456974,0.2175195099584391,5.0,140
8:10,165,eye_open_R,acceleration,quantile_90,0.2436349963101012,0.6169411562471805,5.0,140,0.003931280328881473,0.019352087717343442,5.0,140
8:10,166,eye_open_R,acceleration,late_minus_early,0.03616127784587952,0.15795846890121185,5.0,140,-0.004944006340796768,-0.02521875851194414,5.0,140
8:10,167,eye_open_R,acceleration,slope_per_second,0.010837438643896262,0.051935789491342366,5.0,140,-0.0263683473173249,-0.1473871598732302,5.0,140
8:10,168,eye_open_R,abs_velocity,mean,0.33775663866962374,0.7183173622550008,5.0,140,0.030477555581565556,0.13582885232283048,5.0,140
8:10,169,eye_open_R,abs_velocity,std,0.27788139173628124,0.6580109568322905,5.0,140,0.01134486000507386,0.05426192428681018,5.0,140
8:10,170,eye_open_R,abs_velocity,quantile_10,0.14093677609771055,0.4506380082238825,5.0,140,-0.01872205248283512,-0.10118805469685785,5.0,140
8:10,171,eye_open_R,abs_velocity,quantile_90,0.31887295126470155,0.7006682040247137,5.0,140,0.024800831199715462,0.11281275556664483,5.0,140
8:10,172,eye_open_R,abs_velocity,late_minus_early,-0.011380180793899408,-0.05961460384850789,5.0,140,-0.08236179801632318,-0.6141335704043677,5.0,140
8:10,173,eye_open_R,abs_velocity,slope_per_second,-0.014493143687779392,-0.07692527467525866,5.0,140,-0.06113646515743178,-0.40463386174833565,5.0,140
8:10,174,eye_open_R,baseline_robust_z,mean,0.13931137718752692,0.44730062281361926,5.0,140,-0.0018283841890796826,-0.009209273304207722,5.0,140
8:10,175,eye_open_R,baseline_robust_z,std,0.10624095855712187,0.37278475426937235,5.0,140,-0.02011295073657616,-0.10936322207481693,5.0,140
8:10,176,eye_open_R,baseline_robust_z,quantile_10,0.1794442584475607,0.5223153381309923,5.0,140,0.01910369496688427,0.08873760990737771,5.0,140
8:10,177,eye_open_R,baseline_robust_z,quantile_90,0.0933708110133288,0.3399051696392751,5.0,140,-0.03182411110773415,-0.18233059155455497,5.0,140
8:10,178,eye_open_R,baseline_robust_z,late_minus_early,-0.009111185007796587,-0.047278995747952635,5.0,140,-0.05069867066515037,-0.317977499412276,5.0,140
8:10,179,eye_open_R,baseline_robust_z,slope_per_second,0.0010700958179626094,0.005327674600574884,5.0,140,-0.04019301291361438,-0.2394642182308815,5.0,140
8:10,180,eye_open_L,value,mean,0.7133145057302723,0.9255991961699995,5.0,140,0.041931179997878314,0.1795422297739105,5.0,140
8:10,181,eye_open_L,value,std,0.24072567544504558,0.6131879976188538,5.0,140,0.018073691041313084,0.08427575907909467,5.0,140
8:10,182,eye_open_L,value,quantile_10,0.6875921681030174,0.9166994343262643,5.0,140,0.004534871146080028,0.02227038247088265,5.0,140
8:10,183,eye_open_L,value,quantile_90,0.6565084815270784,0.9052707378164059,5.0,140,0.04687112997461593,0.19735469890009036,5.0,140
8:10,184,eye_open_L,value,late_minus_early,0.03512707629166115,0.1539974594333558,5.0,140,-0.019714197741563334,-0.107009407159626,5.0,140
8:10,185,eye_open_L,value,slope_per_second,0.044416853048729006,0.18857978317471505,5.0,140,-0.00895527803067261,-0.04643991972479364,5.0,140
8:10,186,eye_open_L,delta,mean,0.15690182745547718,0.4820014831238539,5.0,140,-0.002121811509440199,-0.010699869976261578,5.0,140
8:10,187,eye_open_L,delta,std,0.24072567221296282,0.6131879934245977,5.0,140,0.018073684807586372,0.08427573197159864,5.0,140
8:10,188,eye_open_L,delta,quantile_10,0.17476240542988522,0.5142945891510076,5.0,140,-0.02096655831215306,-0.11442956843791774,5.0,140
8:10,189,eye_open_L,delta,quantile_90,0.16858486395069044,0.5034369325957934,5.0,140,0.028317642472194576,0.1271822108574363,5.0,140
8:10,190,eye_open_L,delta,late_minus_early,0.03512707619575828,0.1539974590647139,5.0,140,-0.019714197319615167,-0.10700940467320422,5.0,140
8:10,191,eye_open_L,delta,slope_per_second,0.04441685320814365,0.18857978374943055,5.0,140,-0.008955277933571227,-0.046439919202541535,5.0,140
8:10,192,eye_open_L,velocity,mean,0.02286822675769502,0.10475856345305566,5.0,140,-0.030712532524323134,-0.17507003978538888,5.0,140
8:10,193,eye_open_L,velocity,std,0.3293324908091006,0.7105860970035361,5.0,140,0.02053196786663689,0.0948684920147702,5.0,140
8:10,194,eye_open_L,velocity,quantile_10,0.2708609792029508,0.6500318463513928,5.0,140,-0.013112909803806637,-0.06919388152888752,5.0,140
8:10,195,eye_open_L,velocity,quantile_90,0.24543511960351477,0.6192413241715958,5.0,140,0.004123656587098051,0.020283710706428825,5.0,140
8:10,196,eye_open_L,velocity,late_minus_early,-0.04310484570591547,-0.26042686846018065,5.0,140,-0.07278486778938714,-0.5133934309210495,5.0,140
8:10,197,eye_open_L,velocity,slope_per_second,-0.002781053595974282,-0.014061693270412077,5.0,140,-0.039560203733957265,-0.23498528103938315,5.0,140
8:10,198,eye_open_L,acceleration,mean,0.0432757703082398,0.1844499899478396,5.0,140,0.007797651089802937,0.03780897079957612,5.0,140
8:10,199,eye_open_L,acceleration,std,0.35396951981572344,0.7325897835120114,5.0,140,0.03230975532930038,0.14305986031023196,5.0,140
8:10,200,eye_open_L,acceleration,quantile_10,0.3266587787212181,0.7080850729559844,5.0,140,0.009867763028790437,0.04746530944133113,5.0,140
8:10,201,eye_open_L,acceleration,quantile_90,0.24435733928833928,0.6178661665064691,5.0,140,-0.0026205499351532567,-0.013241550250365984,5.0,140
8:10,202,eye_open_L,acceleration,late_minus_early,0.029342497599390446,0.131301618316017,5.0,140,-0.005337464440371902,-0.02726952263126059,5.0,140
8:10,203,eye_open_L,acceleration,slope_per_second,0.020729812692548717,0.0957126428300413,5.0,140,-0.013659941854414761,-0.07224728407022865,5.0,140
8:10,204,eye_open_L,abs_velocity,mean,0.33894116981099653,0.7193867299168646,5.0,140,0.0232901172136724,0.10652652504930767,5.0,140
8:10,205,eye_open_L,abs_velocity,std,0.28972566956482537,0.6710021542018463,5.0,140,0.024076718679708453,0.10980829927698542,5.0,140
8:10,206,eye_open_L,abs_velocity,quantile_10,0.17253549428565676,0.5104171620461945,5.0,140,-0.014973199668115502,-0.07963559712643221,5.0,140
8:10,207,eye_open_L,abs_velocity,quantile_90,0.3203159111556587,0.7020580718732428,5.0,140,0.03074096430842933,0.13687423736038976,5.0,140
8:10,208,eye_open_L,abs_velocity,late_minus_early,0.007044151443235733,0.03425555203106482,5.0,140,-0.08211553011157742,-0.6113990931245166,5.0,140
8:10,209,eye_open_L,abs_velocity,slope_per_second,-0.005868515722364848,-0.03004792550482223,5.0,140,-0.05346775642163313,-0.3400698751011368,5.0,140
8:10,210,eye_open_L,baseline_robust_z,mean,0.15381633916488893,0.4761333440685817,5.0,140,0.01683848460705463,0.07887957312384551,5.0,140
8:10,211,eye_open_L,baseline_robust_z,std,0.12209213638526759,0.41015424825738683,5.0,140,-0.017675198483143882,-0.09509961037167546,5.0,140
8:10,212,eye_open_L,baseline_robust_z,quantile_10,0.18329244457084742,0.5287781002977925,5.0,140,0.01895172420722311,0.08808144037320384,5.0,140
8:10,213,eye_open_L,baseline_robust_z,quantile_90,0.1246314531107187,0.4158468678879356,5.0,140,0.0032327529695655335,0.015957419269704707,5.0,140
8:10,214,eye_open_L,baseline_robust_z,late_minus_early,0.01790937166983443,0.0835607744804162,5.0,140,-0.028320181126620075,-0.15969079453504587,5.0,140
8:10,215,eye_open_L,baseline_robust_z,slope_per_second,0.024208579864719068,0.11035659367707595,5.0,140,-0.022355320371977395,-0.12275336507153702,5.0,140
8:10,216,lid_cheek_gap_R,value,mean,0.5386322342279449,0.8537443228453232,5.0,140,-0.008792475855574723,-0.04556489213366198,5.0,140
8:10,217,lid_cheek_gap_R,value,std,0.24516786975957464,0.618900893848924,5.0,140,0.006897562611010563,0.03356183365903865,5.0,140
8:10,218,lid_cheek_gap_R,value,quantile_10,0.44438388224629805,0.7999607522728239,5.0,140,-0.04199056657866648,-0.25233571074161626,5.0,140
8:10,219,lid_cheek_gap_R,value,quantile_90,0.5635415614972227,0.8658770310088616,5.0,140,0.02185315619629335,0.10048235461957511,5.0,140
8:10,220,lid_cheek_gap_R,value,late_minus_early,-0.032637726209193266,-0.1876919901967693,5.0,140,-0.08187399888750597,-0.6087249915669174,5.0,140
8:10,221,lid_cheek_gap_R,value,slope_per_second,-0.04279239609165532,-0.258149286539841,5.0,140,-0.07294351447854842,-0.5149734720513163,5.0,140
8:10,222,lid_cheek_gap_R,delta,mean,0.16370137530081422,0.49462421771556303,5.0,140,0.014628598177203647,0.06909966589952551,5.0,140
8:10,223,lid_cheek_gap_R,delta,std,0.24516787920785793,0.6189009058909068,5.0,140,0.006897562101652652,0.03356183124717301,5.0,140
8:10,224,lid_cheek_gap_R,delta,quantile_10,0.15014841809492782,0.46903977157329374,5.0,140,0.00996335051604692,0.047907476651366986,5.0,140
8:10,225,lid_cheek_gap_R,delta,quantile_90,0.19549360017325268,0.5485308882586223,5.0,140,0.030964477634051805,0.13775975300684698,5.0,140
8:10,226,lid_cheek_gap_R,delta,late_minus_early,-0.0326377347666206,-0.18769204679787588,5.0,140,-0.08187400449643636,-0.6087250535767159,5.0,140
8:10,227,lid_cheek_gap_R,delta,slope_per_second,-0.04279239734005625,-0.25814929562625943,5.0,140,-0.07294351259624691,-0.5149734532877438,5.0,140
8:10,228,lid_cheek_gap_R,velocity,mean,-0.03292174589928496,-0.18957302998675005,5.0,140,-0.07050365763918806,-0.49098255089695764,5.0,140
8:10,229,lid_cheek_gap_R,velocity,std,0.296562446284574,0.6782446550722343,5.0,140,-0.038110572115063544,-0.22482582363523435,5.0,140
8:10,230,lid_cheek_gap_R,velocity,quantile_10,0.2498353101984945,0.6247940699189498,5.0,140,-0.031372530767250516,-0.17937207797669005,5.0,140
8:10,231,lid_cheek_gap_R,velocity,quantile_90,0.16146485273655342,0.4905183628160754,5.0,140,-0.07572312415865969,-0.5431237204670598,5.0,140
8:10,232,lid_cheek_gap_R,velocity,late_minus_early,-0.022625702292681925,-0.12438577337469284,5.0,140,-0.07321604408028608,-0.5176943497175799,5.0,140
8:10,233,lid_cheek_gap_R,velocity,slope_per_second,-0.005971410422094484,-0.030587657948312478,5.0,140,-0.04303407676235049,-0.25991040027961776,5.0,140
8:10,234,lid_cheek_gap_R,acceleration,mean,0.040692413773993165,0.17498054578417122,5.0,140,-0.0020941257874713608,-0.010559077079775426,5.0,140
8:10,235,lid_cheek_gap_R,acceleration,std,0.3191466945480493,0.7009324169085239,5.0,140,-0.056836506347575554,-0.3678005175362375,5.0,140
8:10,236,lid_cheek_gap_R,acceleration,quantile_10,0.24533159027441578,0.6191094892072728,5.0,140,-0.055778516040987595,-0.3589878093298295,5.0,140
8:10,237,lid_cheek_gap_R,acceleration,quantile_90,0.25357678121966126,0.6294392202850854,5.0,140,-0.046336564028913466,-0.28439422501133027,5.0,140
8:10,238,lid_cheek_gap_R,acceleration,late_minus_early,0.011493458548047014,0.05494142478680397,5.0,140,-0.029769158718902896,-0.168965655228701,5.0,140
8:10,239,lid_cheek_gap_R,acceleration,slope_per_second,-0.021740290912561168,-0.11905457931820752,5.0,140,-0.05032597940391126,-0.31505087175132146,5.0,140
8:10,240,lid_cheek_gap_R,abs_velocity,mean,0.30357061935538765,0.6854830457514262,5.0,140,-0.020870254449891348,-0.1138560949375253,5.0,140
8:10,241,lid_cheek_gap_R,abs_velocity,std,0.2390758392993186,0.6110397920132233,5.0,140,-0.038547155853115536,-0.22787087594302458,5.0,140
8:10,242,lid_cheek_gap_R,abs_velocity,quantile_10,0.1535500440507774,0.47562268395966495,5.0,140,-0.0316044621009926,-0.18089004018254856,5.0,140
8:10,243,lid_cheek_gap_R,abs_velocity,quantile_90,0.28173737995815035,0.6623038707103968,5.0,140,-0.03241796486122626,-0.18623989820982972,5.0,140
8:10,244,lid_cheek_gap_R,abs_velocity,late_minus_early,0.05220882487456998,0.21594680804009841,5.0,140,-0.03519013337703652,-0.20477488959342477,5.0,140
8:10,245,lid_cheek_gap_R,abs_velocity,slope_per_second,0.006991922136663966,0.03400847232148497,5.0,140,-0.03948361649726981,-0.2344450336852152,5.0,140
8:10,246,lid_cheek_gap_R,baseline_robust_z,mean,0.08672176426415369,0.32193406199057584,5.0,140,-0.008793288889810428,-0.04556925908766186,5.0,140
8:10,247,lid_cheek_gap_R,baseline_robust_z,std,0.059865172274916556,0.24149685746952615,5.0,140,-0.03603540682393899,-0.2105220207759282,5.0,140
8:10,248,lid_cheek_gap_R,baseline_robust_z,quantile_10,0.088751523362892,0.32749492342435815,5.0,140,0.0015982081902779107,0.007940280068833116,5.0,140
8:10,249,lid_cheek_gap_R,baseline_robust_z,quantile_90,0.07958969711754604,0.30185143002650083,5.0,140,-0.025206469019894467,-0.14016455961829516,5.0,140
8:10,250,lid_cheek_gap_R,baseline_robust_z,late_minus_early,0.0048093000342790985,0.023592643761590093,5.0,140,-0.04908833555709943,-0.3054099403163972,5.0,140
8:10,251,lid_cheek_gap_R,baseline_robust_z,slope_per_second,0.0011375112715451188,0.005661794935500358,5.0,140,-0.04969624615906313,-0.3101305218081896,5.0,140
8:10,252,lid_cheek_gap_L,value,mean,0.5907772929496244,0.8783201239846953,5.0,140,0.004409952939937388,0.021667553140985587,5.0,140
8:10,253,lid_cheek_gap_L,value,std,0.24839630063983834,0.6229889254819623,5.0,140,-0.014439274031244625,-0.07662182422315085,5.0,140
8:10,254,lid_cheek_gap_L,value,quantile_10,0.4963224308070644,0.8312801718125152,5.0,140,-0.01660162801588063,-0.08891250972934281,5.0,140
8:10,255,lid_cheek_gap_L,value,quantile_90,0.6171135114989929,0.8896088910438308,5.0,140,0.020886467781423747,0.09638017336416414,5.0,140
8:10,256,lid_cheek_gap_L,value,late_minus_early,-0.014113185706603037,-0.07478791125353557,5.0,140,-0.07997056690727854,-0.587917084800169,5.0,140
8:10,257,lid_cheek_gap_L,value,slope_per_second,-0.016812083751075322,-0.09012089917391275,5.0,140,-0.08412896813515304,-0.6339938263278394,5.0,140
8:10,258,lid_cheek_gap_L,delta,mean,0.15819297265527987,0.4844307204330361,5.0,140,-0.0067620683609914,-0.03475027679393279,5.0,140
8:10,259,lid_cheek_gap_L,delta,std,0.24839629943149427,0.6229889239617963,5.0,140,-0.014439281078212206,-0.07662186390999266,5.0,140
8:10,260,lid_cheek_gap_L,delta,quantile_10,0.13045777001038075,0.42862105959493624,5.0,140,-0.018353267205070967,-0.09903694185338807,5.0,140
8:10,261,lid_cheek_gap_L,delta,quantile_90,0.2117106952385882,0.5731692416427214,5.0,140,0.020423371621519467,0.09440461589477422,5.0,140
8:10,262,lid_cheek_gap_L,delta,late_minus_early,-0.014113192430788745,-0.07478794901791938,5.0,140,-0.07997057067757017,-0.5879171255547808,5.0,140
8:10,263,lid_cheek_gap_L,delta,slope_per_second,-0.016812081231015966,-0.09012088469124047,5.0,140,-0.0841289633164104,-0.6339937715956717,5.0,140
8:10,264,lid_cheek_gap_L,velocity,mean,0.007805072687776206,0.03784386691078036,5.0,140,-0.06888665767425983,-0.47543886600002805,5.0,140
8:10,265,lid_cheek_gap_L,velocity,std,0.2954829314899565,0.6771131469752435,5.0,140,-0.03594971036166729,-0.20993729103572606,5.0,140
8:10,266,lid_cheek_gap_L,velocity,quantile_10,0.25932551548298327,0.6364434619897994,5.0,140,-0.06156064962260051,-0.4083585083165291,5.0,140
8:10,267,lid_cheek_gap_L,velocity,quantile_90,0.15845117503415052,0.48491467499420965,5.0,140,-0.06618106892123705,-0.45004252644739645,5.0,140
8:10,268,lid_cheek_gap_L,velocity,late_minus_early,-0.004743601259456931,-0.024176745661971442,5.0,140,-0.06339321982454361,-0.4246444030928187,5.0,140
8:10,269,lid_cheek_gap_L,velocity,slope_per_second,0.0076180977494276275,0.03696410411370524,5.0,140,-0.035437156090452955,-0.20644974826927717,5.0,140
8:10,270,lid_cheek_gap_L,acceleration,mean,0.046913510258452425,0.19750494941109245,5.0,140,-0.005121560085817451,-0.026143379995051307,5.0,140
8:10,271,lid_cheek_gap_L,acceleration,std,0.32699074721408256,0.7083968607662053,5.0,140,-0.04717470230456997,-0.29073482721697547,5.0,140
8:10,272,lid_cheek_gap_L,acceleration,quantile_10,0.2778527228498217,0.657978804555852,5.0,140,-0.04607019242423945,-0.28239001063591596,5.0,140
8:10,273,lid_cheek_gap_L,acceleration,quantile_90,0.23212291338744478,0.6018250402073962,5.0,140,-0.05135872560108232,-0.3231876516882772,5.0,140
8:10,274,lid_cheek_gap_L,acceleration,late_minus_early,0.032269219935421846,0.14290089769088385,5.0,140,-0.02032751092597061,-0.11063314008528535,5.0,140
8:10,275,lid_cheek_gap_L,acceleration,slope_per_second,0.010049146730139579,0.0483040747128843,5.0,140,-0.03708033213201713,-0.21768968376261125,5.0,140
8:10,276,lid_cheek_gap_L,abs_velocity,mean,0.3215456568619653,0.7032370314634859,5.0,140,-0.028901713420624312,-0.1633985605890732,5.0,140
8:10,277,lid_cheek_gap_L,abs_velocity,std,0.2432244538708274,0.6164142206504588,5.0,140,-0.032515695453679064,-0.1868852991570347,5.0,140
8:10,278,lid_cheek_gap_L,abs_velocity,quantile_10,0.20425789683185477,0.5620647936348963,5.0,140,-0.037474170940976805,-0.22040950920469873,5.0,140
8:10,279,lid_cheek_gap_L,abs_velocity,quantile_90,0.2793978798591608,0.659706740640638,5.0,140,-0.03041878739782432,-0.17316365000756745,5.0,140
8:10,280,lid_cheek_gap_L,abs_velocity,late_minus_early,0.05271956418285502,0.2176914313630645,5.0,140,-0.04084812721560415,-0.24412958076708474,5.0,140
8:10,281,lid_cheek_gap_L,abs_velocity,slope_per_second,-8.61807830624638e-05,-0.0004310525090834144,5.0,140,-0.04291591483683393,-0.2590488472533967,5.0,140
8:10,282,lid_cheek_gap_L,baseline_robust_z,mean,0.0801740586171491,0.30352951922138416,5.0,140,-0.025264060068093796,-0.14052080452590643,5.0,140
8:10,283,lid_cheek_gap_L,baseline_robust_z,std,0.07831339896551343,0.29816556075792233,5.0,140,-0.03272383595069241,-0.18826176869121636,5.0,140
8:10,284,lid_cheek_gap_L,baseline_robust_z,quantile_10,0.0823390859254955,0.30969531350863455,5.0,140,-0.008066912975058115,-0.04167946328805815,5.0,140
8:10,285,lid_cheek_gap_L,baseline_robust_z,quantile_90,0.08946047662799479,0.32942154826330494,5.0,140,-0.03550006935665679,-0.20687692794458312,5.0,140
8:10,286,lid_cheek_gap_L,baseline_robust_z,late_minus_early,0.012218423570200487,0.05824544764934012,5.0,140,-0.051166915850932894,-0.3216700333718895,5.0,140
8:10,287,lid_cheek_gap_L,baseline_robust_z,slope_per_second,0.005812790335609818,0.028403536468914498,5.0,140,-0.059003669407609184,-0.38615708757731404,5.0,140
8:10,288,alar_extent_R,value,mean,0.7310740622432271,0.931471550388899,5.0,140,0.0761889598502973,0.2919663493717868,5.0,140
8:10,289,alar_extent_R,value,std,0.14365354397456145,0.45615473991466393,5.0,140,-0.0004767403083488716,-0.0023882558530715953,5.0,140
8:10,290,alar_extent_R,value,quantile_10,0.7001057929772226,0.9210892594173545,5.0,140,0.0540487006809164,0.22220412618058577,5.0,140
8:10,291,alar_extent_R,value,quantile_90,0.6899587203817628,0.9175385916170036,5.0,140,0.08611451094646463,0.3202573384290031,5.0,140
8:10,292,alar_extent_R,value,late_minus_early,0.04621096723882398,0.19500867772379687,5.0,140,-0.022457688369205538,-0.1233709469694417,5.0,140
8:10,293,alar_extent_R,value,slope_per_second,0.04426657054613439,0.18803771383196577,5.0,140,-0.025951642885342772,-0.1447881788754981,5.0,140
8:10,294,alar_extent_R,delta,mean,0.21651466970054523,0.5801389639031221,5.0,140,0.038997594000183156,0.1686761188060204,5.0,140
8:10,295,alar_extent_R,delta,std,0.14365354160007815,0.45615473512625965,5.0,140,-0.00047674288231867146,-0.002388268772146096,5.0,140
8:10,296,alar_extent_R,delta,quantile_10,0.20804069075949766,0.5677462039850001,5.0,140,0.040798412503548716,0.17537240038686097,5.0,140
8:10,297,alar_extent_R,delta,quantile_90,0.21622236899985206,0.5797189908103719,5.0,140,0.042473214173510625,0.18152608561750744,5.0,140
8:10,298,alar_extent_R,delta,late_minus_early,0.04621096681603121,0.19500867621796905,5.0,140,-0.022457691000335022,-0.1233709628500786,5.0,140
8:10,299,alar_extent_R,delta,slope_per_second,0.04426657764740279,0.18803773945933835,5.0,140,-0.025951632546935312,-0.14478811451489293,5.0,140
8:10,300,alar_extent_R,velocity,mean,0.01828289262439827,0.08518476730640213,5.0,140,-0.037884780804181034,-0.22325590867437262,5.0,140
8:10,301,alar_extent_R,velocity,std,0.2170169755754612,0.5808594412120982,5.0,140,0.03676735271954896,0.16026646849295673,5.0,140
8:10,302,alar_extent_R,velocity,quantile_10,0.16044585312541676,0.48863282423147836,5.0,140,0.010016671254487259,0.04815398569522682,5.0,140
8:10,303,alar_extent_R,velocity,quantile_90,0.189847671162878,0.5395267600853579,5.0,140,0.02521079566945619,0.11450675294245992,5.0,140
8:10,304,alar_extent_R,velocity,late_minus_early,-0.022615463046340527,-0.1243238840541162,5.0,140,-0.05402487834297278,-0.34459015694298695,5.0,140
8:10,305,alar_extent_R,velocity,slope_per_second,0.001032467870891194,0.005141107242262203,5.0,140,-0.03843976566327243,-0.22712069321407888,5.0,140
8:10,306,alar_extent_R,acceleration,mean,-0.0035688544124693558,-0.0181026956026634,5.0,140,-0.04980542789275601,-0.31098138281488535,5.0,140
8:10,307,alar_extent_R,acceleration,std,0.08379617778188299,0.3137999449945735,5.0,140,-0.014598612691487777,-0.07751978895708002,5.0,140
8:10,308,alar_extent_R,acceleration,quantile_10,0.1782361281168993,0.5202624101937187,5.0,140,0.013351046665965914,0.06337095881614419,5.0,140
8:10,309,alar_extent_R,acceleration,quantile_90,0.19645270180566632,0.5500378343862589,5.0,140,0.024994787436691753,0.1136148237102765,5.0,140
8:10,310,alar_extent_R,acceleration,late_minus_early,0.012987267312278299,0.06172954419527495,5.0,140,-0.03472548615368787,-0.20163491217125065,5.0,140
8:10,311,alar_extent_R,acceleration,slope_per_second,-3.390502238383851e-05,-0.00016954810604851543,5.0,140,-0.0426725677120429,-0.25727762627170675,5.0,140
8:10,312,alar_extent_R,abs_velocity,mean,0.23336391592892522,0.6034891834045166,5.0,140,0.041726127603782144,0.17878981198272167,5.0,140
8:10,313,alar_extent_R,abs_velocity,std,0.18291096475845017,0.5281425617751111,5.0,140,0.029050316967533563,0.13013028117664463,5.0,140
8:10,314,alar_extent_R,abs_velocity,quantile_10,0.14921260347588564,0.4672090828818823,5.0,140,0.02721836985060466,0.12272982606308193,5.0,140
8:10,315,alar_extent_R,abs_velocity,quantile_90,0.21135142597970852,0.5726421716668877,5.0,140,0.0397825510731691,0.17160518691446397,5.0,140
8:10,316,alar_extent_R,abs_velocity,late_minus_early,0.01468895499144206,0.06936894567397506,5.0,140,-0.03834145820852231,-0.22643462604910866,5.0,140
8:10,317,alar_extent_R,abs_velocity,slope_per_second,0.0038197776927807736,0.018811465991256247,5.0,140,-0.03979831177790148,-0.23666741282217188,5.0,140
8:10,318,alar_extent_R,baseline_robust_z,mean,0.19002605475328674,0.5398147811378757,5.0,140,0.020270960708943513,0.09375295377540317,5.0,140
8:10,319,alar_extent_R,baseline_robust_z,std,0.09446129646148031,0.34278632110430557,5.0,140,-0.01804304897491489,-0.09723274564082592,5.0,140
8:10,320,alar_extent_R,baseline_robust_z,quantile_10,0.1826758638983976,0.527750329809517,5.0,140,0.01831059452785675,0.08530502941971833,5.0,140
8:10,321,alar_extent_R,baseline_robust_z,quantile_90,0.184059705447965,0.5300529602776906,5.0,140,0.0253549557579651,0.11510123219033287,5.0,140
8:10,322,alar_extent_R,baseline_robust_z,late_minus_early,0.04622587902528323,0.19506178518816125,5.0,140,-0.021786765219366806,-0.11933337937383995,5.0,140
8:10,323,alar_extent_R,baseline_robust_z,slope_per_second,0.0452352286694602,0.19152198093585535,5.0,140,-0.025577248630716372,-0.14246131728323227,5.0,140
8:10,324,alar_extent_L,value,mean,0.8406607156825029,0.9634764317568303,5.0,140,0.09258801270485612,0.3378256435982695,5.0,140
8:10,325,alar_extent_L,value,std,0.14446095289633706,0.45777963520733095,5.0,140,-0.06281150268209497,-0.41944018717815007,5.0,140
8:10,326,alar_extent_L,value,quantile_10,0.7743362780781249,0.9449244045262976,5.0,140,0.03538222182515337,0.15497733880752732,5.0,140
8:10,327,alar_extent_L,value,quantile_90,0.838887434796006,0.9630098208374089,5.0,140,0.12174171073075925,0.4093625601343029,5.0,140
8:10,328,alar_extent_L,value,late_minus_early,0.08267776280343132,0.31065257453157075,5.0,140,0.0001559709555699423,0.0007793685424244991,5.0,140
8:10,329,alar_extent_L,value,slope_per_second,0.03651971538608315,0.15932461810207857,5.0,140,-0.03139282447823916,-0.1795047692471228,5.0,140
8:10,330,alar_extent_L,delta,mean,0.18556448128865202,0.5325402129314034,5.0,140,-0.0027476917276811124,-0.013891132841593424,5.0,140
8:10,331,alar_extent_L,delta,std,0.14446096039425624,0.45777965026586614,5.0,140,-0.06281149296876196,-0.4194401005498161,5.0,140
8:10,332,alar_extent_L,delta,quantile_10,0.14748615140206084,0.46380908769346424,5.0,140,-0.025749819151924407,-0.14353287840472984,5.0,140
8:10,333,alar_extent_L,delta,quantile_90,0.21579405768971516,0.5791026477453062,5.0,140,0.021090650072410153,0.09724906625688076,5.0,140
8:10,334,alar_extent_L,delta,late_minus_early,0.08267776484767779,0.31065258030369575,5.0,140,0.0001559782476691561,0.0007794049574678186,5.0,140
8:10,335,alar_extent_L,delta,slope_per_second,0.03651972020236061,0.1593246364358786,5.0,140,-0.031392821065887734,-0.17950474693325072,5.0,140
8:10,336,alar_extent_L,velocity,mean,0.00524175285497514,0.025670529979637736,5.0,140,-0.058658336875000654,-0.3832041589700752,5.0,140
8:10,337,alar_extent_L,velocity,std,0.21988728744517777,0.5849468939687804,5.0,140,-0.03468293382146421,-0.20134803081926833,5.0,140
8:10,338,alar_extent_L,velocity,quantile_10,0.1551147016926408,0.4786135292194537,5.0,140,-0.049448475317381634,-0.3082030627518042,5.0,140
8:10,339,alar_extent_L,velocity,quantile_90,0.18403741895422818,0.5300159931995287,5.0,140,0.010369800227184065,0.04978400057406792,5.0,140
8:10,340,alar_extent_L,velocity,late_minus_early,-0.0544154457194394,-0.34777443136806935,5.0,140,-0.09692257214562361,-0.7914505546649464,5.0,140
8:10,341,alar_extent_L,velocity,slope_per_second,-0.04501710169197411,-0.2745174235482277,5.0,140,-0.08087928997852356,-0.5977926207873416,5.0,140
8:10,342,alar_extent_L,acceleration,mean,-0.0013102655333194185,-0.006585844486752266,5.0,140,-0.049272363619724854,-0.30683594763191446,5.0,140
8:10,343,alar_extent_L,acceleration,std,0.12734284357022652,0.4218406607548627,5.0,140,-0.0368825865432239,-0.21632785623301687,5.0,140
8:10,344,alar_extent_L,acceleration,quantile_10,0.22562667631577552,0.5929720922706895,5.0,140,-0.008427090939306534,-0.043605318638964635,5.0,140
8:10,345,alar_extent_L,acceleration,quantile_90,0.2326245700796752,0.6024987757079789,5.0,140,-0.052019941311049325,-0.32844179898427683,5.0,140
8:10,346,alar_extent_L,acceleration,late_minus_early,0.016867935427015198,0.0790088147908479,5.0,140,-0.026699311658389333,-0.1494582924076352,5.0,140
8:10,347,alar_extent_L,acceleration,slope_per_second,0.0016039068777162712,0.007968412025174737,5.0,140,-0.040220191878787594,-0.23965719245693595,5.0,140
8:10,348,alar_extent_L,abs_velocity,mean,0.23611914757447036,0.6071534847799284,5.0,140,-0.01661317632806028,-0.08897876102579702,5.0,140
8:10,349,alar_extent_L,abs_velocity,std,0.17565505587493058,0.515837452916755,5.0,140,-0.03700595983992561,-0.2171772025411721,5.0,140
8:10,350,alar_extent_L,abs_velocity,quantile_10,0.14080160736787972,0.4503615284370383,5.0,140,0.005071129148024362,0.02485154417986607,5.0,140
8:10,351,alar_extent_L,abs_velocity,quantile_90,0.20964400901026892,0.5701260238920716,5.0,140,-0.03396690179995496,-0.1965376028196722,5.0,140
8:10,352,alar_extent_L,abs_velocity,late_minus_early,0.04983332200910969,0.20775426858491244,5.0,140,-0.03733248686596892,-0.21942988797283167,5.0,140
8:10,353,alar_extent_L,abs_velocity,slope_per_second,0.002256704351606297,0.011182578662313791,5.0,140,-0.04760740625118412,-0.2940288313505954,5.0,140
8:10,354,alar_extent_L,baseline_robust_z,mean,0.16172131639850554,0.4909914484545879,5.0,140,-0.016247800419477106,-0.08688581566630385,5.0,140
8:10,355,alar_extent_L,baseline_robust_z,std,0.1378143216708426,0.4442020123092969,5.0,140,-0.05771271053229511,-0.3751724222909966,5.0,140
8:10,356,alar_extent_L,baseline_robust_z,quantile_10,0.12077817510265433,0.4071780083510021,5.0,140,-0.0391386326910605,-0.23201637876200717,5.0,140
8:10,357,alar_extent_L,baseline_robust_z,quantile_90,0.1955501914660719,0.548619984941031,5.0,140,0.009429077782861187,0.045431866502033,5.0,140
8:10,358,alar_extent_L,baseline_robust_z,late_minus_early,0.08293541326615422,0.3113795122173375,5.0,140,0.0007291590514625898,0.0036351927226029616,5.0,140
8:10,359,alar_extent_L,baseline_robust_z,slope_per_second,0.03589325488999107,0.1569346874929003,5.0,140,-0.0314615289245034,-0.17995417906096414,5.0,140
8:10,360,nose_upperlip_R,value,mean,0.73925536539377,0.9341058325970156,5.0,140,0.029116914023676072,0.130397481130462,5.0,140
8:10,361,nose_upperlip_R,value,std,0.15059020249195873,0.4699010408741262,5.0,140,-0.012946401133233264,-0.06826726737710087,5.0,140
8:10,362,nose_upperlip_R,value,quantile_10,0.6295483612684107,0.8947040165598867,5.0,140,-0.006431076581834407,-0.03300439815752564,5.0,140
8:10,363,nose_upperlip_R,value,quantile_90,0.7687852661457684,0.9432621521096014,5.0,140,0.06027988990047452,0.24284481472441669,5.0,140
8:10,364,nose_upperlip_R,value,late_minus_early,0.006561141476685851,0.03196675380633427,5.0,140,-0.06508779800518297,-0.4399912316698233,5.0,140
8:10,365,nose_upperlip_R,value,slope_per_second,0.005143179664134949,0.025197516894755526,5.0,140,-0.03910016567202484,-0.23174606677985382,5.0,140
8:10,366,nose_upperlip_R,delta,mean,0.15286075951874883,0.47429774403119423,5.0,140,0.0101110975253451,0.04859028325559947,5.0,140
8:10,367,nose_upperlip_R,delta,std,0.1505902042080005,0.46990104421590145,5.0,140,-0.012946400488484588,-0.0682672637916203,5.0,140
8:10,368,nose_upperlip_R,delta,quantile_10,0.13402626794768271,0.43625358189671287,5.0,140,0.010701491828060733,0.051311040421273456,5.0,140
8:10,369,nose_upperlip_R,delta,quantile_90,0.18211084748013176,0.5268059357399756,5.0,140,0.016321429346920702,0.07660587709250656,5.0,140
8:10,370,nose_upperlip_R,delta,late_minus_early,0.00656114594403754,0.03196677501524671,5.0,140,-0.06508779335432739,-0.4399911891636779,5.0,140
8:10,371,nose_upperlip_R,delta,slope_per_second,0.005143184389349138,0.025197539577917094,5.0,140,-0.039100163474121624,-0.23174605133776296,5.0,140
8:10,372,nose_upperlip_R,velocity,mean,-0.004948195770285814,-0.025240559775920497,5.0,140,-0.05686165209764475,-0.3680111479362468,5.0,140
8:10,373,nose_upperlip_R,velocity,std,0.19740738289392695,0.5515314186845042,5.0,140,-0.04444294323949928,-0.2702591675755553,5.0,140
8:10,374,nose_upperlip_R,velocity,quantile_10,0.14843936913950703,0.4656899538444374,5.0,140,-0.04958502201261111,-0.3092646973703934,5.0,140
8:10,375,nose_upperlip_R,velocity,quantile_90,0.10111691597648789,0.35998306894183885,5.0,140,-0.04688824812899339,-0.28856188586500064,5.0,140
8:10,376,nose_upperlip_R,velocity,late_minus_early,0.013686200073376146,0.06487920144080198,5.0,140,-0.03729111836911366,-0.21914410721354438,5.0,140
8:10,377,nose_upperlip_R,velocity,slope_per_second,-0.007434744859872434,-0.038313117307224476,5.0,140,-0.04768844312060176,-0.2946472995424932,5.0,140
8:10,378,nose_upperlip_R,acceleration,mean,-0.022167361959309684,-0.12162086471644293,5.0,140,-0.07090397190658831,-0.49487398367655805,5.0,140
8:10,379,nose_upperlip_R,acceleration,std,0.12665236353557,0.4203224770273123,5.0,140,-0.058700774974903766,-0.3835664713696756,5.0,140
8:10,380,nose_upperlip_R,acceleration,quantile_10,0.16194626830759423,0.4914059210104051,5.0,140,-0.10588660326605706,-0.9184312984234663,5.0,140
8:10,381,nose_upperlip_R,acceleration,quantile_90,0.15987960210296645,0.4875809911089539,5.0,140,-0.05624849081565307,-0.3628906624550137,5.0,140
8:10,382,nose_upperlip_R,acceleration,late_minus_early,-0.04400468890620104,-0.2670248212965617,5.0,140,-0.09313981353986069,-0.7422199957311107,5.0,140
8:10,383,nose_upperlip_R,acceleration,slope_per_second,-0.02370495833916873,-0.13094055312255518,5.0,140,-0.06644515910951364,-0.4524884687538462,5.0,140
8:10,384,nose_upperlip_R,abs_velocity,mean,0.17344098030213922,0.5119986856798299,5.0,140,-0.03322654101664176,-0.1915971469274323,5.0,140
8:10,385,nose_upperlip_R,abs_velocity,std,0.16472889249205755,0.49649570922772235,5.0,140,-0.030697643833424493,-0.17497329013024537,5.0,140
8:10,386,nose_upperlip_R,abs_velocity,quantile_10,0.08616788540586946,0.32040495667007046,5.0,140,-0.05058041325185747,-0.31704767618775914,5.0,140
8:10,387,nose_upperlip_R,abs_velocity,quantile_90,0.18737509096995106,0.5355102943631748,5.0,140,-0.0067706126956526,-0.03479540841409865,5.0,140
8:10,388,nose_upperlip_R,abs_velocity,late_minus_early,0.09177513987545825,0.3356561418894482,5.0,140,-0.015548725335955079,-0.08289955641228386,5.0,140
8:10,389,nose_upperlip_R,abs_velocity,slope_per_second,0.0063092887501785076,0.03076989903947694,5.0,140,-0.0380572781497639,-0.22445497194671366,5.0,140
8:10,390,nose_upperlip_R,baseline_robust_z,mean,0.08025150001020614,0.30375145914449303,5.0,140,-0.006172264470266923,-0.03164254702637315,5.0,140
8:10,391,nose_upperlip_R,baseline_robust_z,std,0.06935887610643389,0.27147701729808194,5.0,140,-0.0290906063689417,-0.1646071149962394,5.0,140
8:10,392,nose_upperlip_R,baseline_robust_z,quantile_10,0.08061656996178644,0.30479631575598404,5.0,140,-0.0013734269015283674,-0.00690506893738388,5.0,140
8:10,393,nose_upperlip_R,baseline_robust_z,quantile_90,0.09008009276374022,0.3310988156925157,5.0,140,-0.005737681627725397,-0.02936229412072439,5.0,140
8:10,394,nose_upperlip_R,baseline_robust_z,late_minus_early,0.03390455959491319,0.14927798114307156,5.0,140,-0.03234315114590951,-0.18574622919166225,5.0,140
8:10,395,nose_upperlip_R,baseline_robust_z,slope_per_second,0.03935197353571732,0.17000045418240317,5.0,140,-0.01345588350887315,-0.07110662753145407,5.0,140
8:10,396,nose_upperlip_L,value,mean,0.6703140784593516,0.9104420085335003,5.0,140,0.0077849975320627715,0.037749469551144506,5.0,140
8:10,397,nose_upperlip_L,value,std,0.1726748006567174,0.5106609158756018,5.0,140,-0.005573225210549161,-0.028501507329495388,5.0,140
8:10,398,nose_upperlip_L,value,quantile_10,0.5459762151054929,0.8574003292189032,5.0,140,-0.022037677413024426,-0.1208405689750347,5.0,140
8:10,399,nose_upperlip_L,value,quantile_90,0.7068585008347582,0.9234104366242484,5.0,140,0.04626506169256852,0.19520130651018738,5.0,140
8:10,400,nose_upperlip_L,value,late_minus_early,0.006356042715886162,0.030992261039319575,5.0,140,-0.055801095010541014,-0.35917488189216273,5.0,140
8:10,401,nose_upperlip_L,value,slope_per_second,-0.016246713370563697,-0.08687959859746934,5.0,140,-0.037192437210655134,-0.21846284927072465,5.0,140
8:10,402,nose_upperlip_L,delta,mean,0.15264132917796608,0.473875003994247,5.0,140,0.02424833902041485,0.11052181349131993,5.0,140
8:10,403,nose_upperlip_L,delta,std,0.17267480646471386,0.5106609260348987,5.0,140,-0.005573215024027149,-0.028501454047758085,5.0,140
8:10,404,nose_upperlip_L,delta,quantile_10,0.14803943514844667,0.4649019107027554,5.0,140,0.034026412757049304,0.14975021348698844,5.0,140
8:10,405,nose_upperlip_L,delta,quantile_90,0.17104799037341667,0.5078043188785872,5.0,140,0.023922967950980787,0.10916831897089159,5.0,140
8:10,406,nose_upperlip_L,delta,late_minus_early,0.006356043619936864,0.03099226533820321,5.0,140,-0.05580108862295962,-0.3591748289632588,5.0,140
8:10,407,nose_upperlip_L,delta,slope_per_second,-0.01624671316447008,-0.08687959741878067,5.0,140,-0.03719243548655701,-0.21846283737371316,5.0,140
8:10,408,nose_upperlip_L,velocity,mean,-0.025154758374141113,-0.13984484501565791,5.0,140,-0.053085412263243134,-0.33698247596446357,5.0,140
8:10,409,nose_upperlip_L,velocity,std,0.20668459126869965,0.5657202892879425,5.0,140,-0.059278181022021294,-0.3885120573754708,5.0,140
8:10,410,nose_upperlip_L,velocity,quantile_10,0.14862144677017733,0.46604820179138556,5.0,140,-0.042513651613567204,-0.2561231855986236,5.0,140
8:10,411,nose_upperlip_L,velocity,quantile_90,0.11095017010166752,0.3842295256101992,5.0,140,-0.051741765464450806,-0.32622708954349333,5.0,140
8:10,412,nose_upperlip_L,velocity,late_minus_early,0.012034872430668602,0.05741064309032422,5.0,140,-0.033118874619199816,-0.19088149418863473,5.0,140
8:10,413,nose_upperlip_L,velocity,slope_per_second,-0.0179746659995781,-0.09683568648340692,5.0,140,-0.05383314884017449,-0.34303163685587684,5.0,140
8:10,414,nose_upperlip_L,acceleration,mean,-0.025593100063401267,-0.1425596765887771,5.0,140,-0.06905394159753035,-0.47703402748304813,5.0,140
8:10,415,nose_upperlip_L,acceleration,std,0.12881139053848398,0.42505120541444574,5.0,140,-0.06475788622098874,-0.4369813976146045,5.0,140
8:10,416,nose_upperlip_L,acceleration,quantile_10,0.17079158335239636,0.5073520660504904,5.0,140,-0.10112856696093542,-0.8491267002716263,5.0,140
8:10,417,nose_upperlip_L,acceleration,quantile_90,0.1892798417991749,0.53860837610922,5.0,140,-0.06142731893444848,-0.4071859626441273,5.0,140
8:10,418,nose_upperlip_L,acceleration,late_minus_early,-0.04826631533924698,-0.2990719882776047,5.0,140,-0.08859267621135376,-0.6860955417933889,5.0,140
8:10,419,nose_upperlip_L,acceleration,slope_per_second,-0.014144380510489165,-0.07496313073387575,5.0,140,-0.05202202767143824,-0.328458433150224,5.0,140
8:10,420,nose_upperlip_L,abs_velocity,mean,0.17714641820493432,0.5184007481245688,5.0,140,-0.029725391560571926,-0.16868371581253952,5.0,140
8:10,421,nose_upperlip_L,abs_velocity,std,0.17324395246077864,0.5116551324995982,5.0,140,-0.04315342916727185,-0.2607816326948501,5.0,140
8:10,422,nose_upperlip_L,abs_velocity,quantile_10,0.05868471517224896,0.23764018870962858,5.0,140,-0.024555381958825447,-0.13614974584545594,5.0,140
8:10,423,nose_upperlip_L,abs_velocity,quantile_90,0.19580987889045218,0.5490285437869584,5.0,140,-0.014236764521517944,-0.07548231858873371,5.0,140
8:10,424,nose_upperlip_L,abs_velocity,late_minus_early,0.09019489765783321,0.33140891544378376,5.0,140,-0.016562523554648385,-0.08868822075429329,5.0,140
8:10,425,nose_upperlip_L,abs_velocity,slope_per_second,0.012010559498827995,0.05729997829954692,5.0,140,-0.03616654365963595,-0.21141770959632222,5.0,140
8:10,426,nose_upperlip_L,baseline_robust_z,mean,0.08376362050066642,0.3137086224938765,5.0,140,0.005835120726313787,0.0285101626672089,5.0,140
8:10,427,nose_upperlip_L,baseline_robust_z,std,0.11525679544427184,0.39443754668575653,5.0,140,0.01094445495263362,0.05242712934166511,5.0,140
8:10,428,nose_upperlip_L,baseline_robust_z,quantile_10,0.0984865436508309,0.3532652316322662,5.0,140,0.01854006556898927,0.08630027669105039,5.0,140
8:10,429,nose_upperlip_L,baseline_robust_z,quantile_90,0.0773536753908932,0.29537500723997195,5.0,140,-0.0027771296198178435,-0.01404162980323757,5.0,140
8:10,430,nose_upperlip_L,baseline_robust_z,late_minus_early,0.025947447553158504,0.11753799402402511,5.0,140,-0.024662399767312142,-0.1368080590070481,5.0,140
8:10,431,nose_upperlip_L,baseline_robust_z,slope_per_second,0.02336240157654254,0.10682889015555133,5.0,140,-0.01007060838548078,-0.05246652107581638,5.0,140
8:10,432,corner_horizontal_R,value,mean,0.6575113219037473,0.9056516789846238,5.0,140,0.11087236419213076,0.38404286111079705,5.0,140
8:10,433,corner_horizontal_R,value,std,0.17937510769249276,0.522198144695886,5.0,140,-0.0023736057683492757,-0.011981789015838934,5.0,140
8:10,434,corner_horizontal_R,value,quantile_10,0.6335182870160774,0.8963004732415759,5.0,140,0.12694305695809738,0.4209623131890214,5.0,140
8:10,435,corner_horizontal_R,value,quantile_90,0.6183014133573814,0.8901019332771959,5.0,140,0.07669424166159439,0.29344809259386173,5.0,140
8:10,436,corner_horizontal_R,value,late_minus_early,0.05320936576266596,0.21935901299102287,5.0,140,-0.009009066728855528,-0.04672928254275452,5.0,140
8:10,437,corner_horizontal_R,value,slope_per_second,0.024437224284188146,0.11130607531434335,5.0,140,-0.030029042083659384,-0.1706420836647447,5.0,140
8:10,438,corner_horizontal_R,delta,mean,0.18129036807725188,0.5254301437494063,5.0,140,0.06059372032513704,0.24386246549715357,5.0,140
8:10,439,corner_horizontal_R,delta,std,0.1793751062992374,0.5221981423342823,5.0,140,-0.002373611749012467,-0.011981819495175515,5.0,140
8:10,440,corner_horizontal_R,delta,quantile_10,0.16527379000635298,0.4974844126444405,5.0,140,0.06230615163080761,0.24937930018931698,5.0,140
8:10,441,corner_horizontal_R,delta,quantile_90,0.19368288269162712,0.545668117498243,5.0,140,0.05351756919775084,0.22040556556251,5.0,140
8:10,442,corner_horizontal_R,delta,late_minus_early,0.05320935988070584,0.21935899299761244,5.0,140,-0.009009071256840365,-0.046729306907034786,5.0,140
8:10,443,corner_horizontal_R,delta,slope_per_second,0.02443721440467717,0.11130603432231115,5.0,140,-0.030029048173964155,-0.17064212299786205,5.0,140
8:10,444,corner_horizontal_R,velocity,mean,0.011170869400126312,0.05346533011981901,5.0,140,-0.04360946286439723,-0.2641198057674571,5.0,140
8:10,445,corner_horizontal_R,velocity,std,0.24180201765936055,0.6145817040619616,5.0,140,0.002460703537821503,0.012183596810012362,5.0,140
8:10,446,corner_horizontal_R,velocity,quantile_10,0.1130044773639192,0.3891290755713943,5.0,140,-0.0585700668910068,-0.3824510745248703,5.0,140
8:10,447,corner_horizontal_R,velocity,quantile_90,0.2814867135849157,0.6620266941535279,5.0,140,0.09401568342452664,0.3416111821147272,5.0,140
8:10,448,corner_horizontal_R,velocity,late_minus_early,0.025552594144916323,0.11591523128375049,5.0,140,-0.04676364726305604,-0.2876186188721851,5.0,140
8:10,449,corner_horizontal_R,velocity,slope_per_second,-0.0003291269762672789,-0.0016478042286293914,5.0,140,-0.041659348257043156,-0.2499473093016489,5.0,140
8:10,450,corner_horizontal_R,acceleration,mean,0.0009198676548346808,0.004582477184011046,5.0,140,-0.05231897454409102,-0.3308295170428503,5.0,140
8:10,451,corner_horizontal_R,acceleration,std,0.24654263509008145,0.6206482023576746,5.0,140,0.022748885805406214,0.10425746441745548,5.0,140
8:10,452,corner_horizontal_R,acceleration,quantile_10,0.22586763920424774,0.5933047884437641,5.0,140,0.010587541200654457,0.05078687353908243,5.0,140
8:10,453,corner_horizontal_R,acceleration,quantile_90,0.25976858320691293,0.6369767374951046,5.0,140,0.05274646000305365,0.2177831410585347,5.0,140
8:10,454,corner_horizontal_R,acceleration,late_minus_early,0.03588393952530204,0.15689907058475275,5.0,140,-0.05696007012238202,-0.3688360625603025,5.0,140
8:10,455,corner_horizontal_R,acceleration,slope_per_second,0.003892663676174868,0.01916490821264794,5.0,140,-0.04328784510883678,-0.2617640284120473,5.0,140
8:10,456,corner_horizontal_R,abs_velocity,mean,0.22931810201640096,0.5980321342228233,5.0,140,0.012079165906378333,0.057612200232530754,5.0,140
8:10,457,corner_horizontal_R,abs_velocity,std,0.1970804953238308,0.5510207260917321,5.0,140,-0.016933097913588276,-0.09081672344937984,5.0,140
8:10,458,corner_horizontal_R,abs_velocity,quantile_10,0.1829196957652494,0.5281571199997954,5.0,140,0.01662256033650865,0.07793114128981175,5.0,140
8:10,459,corner_horizontal_R,abs_velocity,quantile_90,0.21720367710731894,0.5811268397225879,5.0,140,0.006677154089237774,0.03251727891858053,5.0,140
8:10,460,corner_horizontal_R,abs_velocity,late_minus_early,0.044180368814803875,0.1877265340341968,5.0,140,-0.011776285824097111,-0.06179215755679122,5.0,140
8:10,461,corner_horizontal_R,abs_velocity,slope_per_second,0.0012369397173271962,0.006154248847317731,5.0,140,-0.03955938271596421,-0.2349794874827452,5.0,140
8:10,462,corner_horizontal_R,baseline_robust_z,mean,0.1879899407929073,0.5365132942681944,5.0,140,0.06738160172093922,0.2653808591754207,5.0,140
8:10,463,corner_horizontal_R,baseline_robust_z,std,0.10362067807059419,0.36628471020120934,5.0,140,-0.005962606798422906,-0.03054146088125181,5.0,140
8:10,464,corner_horizontal_R,baseline_robust_z,quantile_10,0.15903134766503643,0.4859998768213917,5.0,140,0.05732616941556312,0.23316501782365018,5.0,140
8:10,465,corner_horizontal_R,baseline_robust_z,quantile_90,0.19160103711580426,0.5423476764434073,5.0,140,0.05967724213089938,0.2408848391645536,5.0,140
8:10,466,corner_horizontal_R,baseline_robust_z,late_minus_early,0.04180219835084351,0.17906906882082213,5.0,140,-0.018464066236488767,-0.09968250897584109,5.0,140
8:10,467,corner_horizontal_R,baseline_robust_z,slope_per_second,0.019212158563920768,0.08920547397638758,5.0,140,-0.04011264288762635,-0.23889387288195527,5.0,140
8:10,468,corner_horizontal_L,value,mean,0.6950903264877979,0.9193437746195843,5.0,140,0.04461411810188398,0.18929047931120976,5.0,140
8:10,469,corner_horizontal_L,value,std,0.11665164501250805,0.3976923552617927,5.0,140,-0.04399256694116921,-0.26693555596490287,5.0,140
8:10,470,corner_horizontal_L,value,quantile_10,0.6588746467035063,0.9061682063269788,5.0,140,0.032880596396210306,0.14529361864642018,5.0,140
8:10,471,corner_horizontal_L,value,quantile_90,0.6407846308292049,0.8991856850863007,5.0,140,0.034703170487481165,0.1523655779283248,5.0,140
8:10,472,corner_horizontal_L,value,late_minus_early,0.039445288380761404,0.17034863739460693,5.0,140,-0.019323971534546795,-0.10471380393910767,5.0,140
8:10,473,corner_horizontal_L,value,slope_per_second,0.04981078028607064,0.20767590577689807,5.0,140,-0.006982630595394598,-0.03591631440019134,5.0,140
8:10,474,corner_horizontal_L,delta,mean,0.15339087696534195,0.47531713569999995,5.0,140,0.027456981563817467,0.12369927316778534,5.0,140
8:10,475,corner_horizontal_L,delta,std,0.11665163700890402,0.3976923366568495,5.0,140,-0.04399257659448626,-0.266935627047098,5.0,140
8:10,476,corner_horizontal_L,delta,quantile_10,0.1473379858779116,0.46351592068516556,5.0,140,0.01767046115787872,0.08251966373801815,5.0,140
8:10,477,corner_horizontal_L,delta,quantile_90,0.15193811874042928,0.47251713527620953,5.0,140,0.03158720225516936,0.14021945068079475,5.0,140
8:10,478,corner_horizontal_L,delta,late_minus_early,0.039445287832096936,0.1703486353480497,5.0,140,-0.019323973231550787,-0.10471381390527004,5.0,140
8:10,479,corner_horizontal_L,delta,slope_per_second,0.0498107784814724,0.20767589950302015,5.0,140,-0.006982633059515312,-0.03591632743898386,5.0,140
8:10,480,corner_horizontal_L,velocity,mean,0.025373558237505606,0.11517789870560706,5.0,140,-0.04869806411034643,-0.30239441001352907,5.0,140
8:10,481,corner_horizontal_L,velocity,std,0.15904834266299764,0.4860316192322061,5.0,140,-0.04007509117869595,-0.2386275371257239,5.0,140
8:10,482,corner_horizontal_L,velocity,quantile_10,0.12081630835296453,0.4072646807579339,5.0,140,-0.03850126894120161,-0.22755023604904004,5.0,140
8:10,483,corner_horizontal_L,velocity,quantile_90,0.17612169652787524,0.5166414253338601,5.0,140,-0.0029332953535397524,-0.01484060426989316,5.0,140
8:10,484,corner_horizontal_L,velocity,late_minus_early,0.011068782659878514,0.0529974445197215,5.0,140,-0.07723503241876681,-0.5588157823608778,5.0,140
8:10,485,corner_horizontal_L,velocity,slope_per_second,0.009984888273557077,0.04800706081352574,5.0,140,-0.0381410511162226,-0.22503799885004036,5.0,140
8:10,486,corner_horizontal_L,acceleration,mean,-0.013633660857474212,-0.07210026661861789,5.0,140,-0.07568062429229,-0.5426865486484093,5.0,140
8:10,487,corner_horizontal_L,acceleration,std,0.10367314332091351,0.3664158039660764,5.0,140,-0.04184399653515373,-0.251277862748626,5.0,140
8:10,488,corner_horizontal_L,acceleration,quantile_10,0.15690928188555475,0.4820155525774117,5.0,140,-0.02738251827303014,-0.15375318944298783,5.0,140
8:10,489,corner_horizontal_L,acceleration,quantile_90,0.2375924418354387,0.6090958899533804,5.0,140,-0.010774314147277808,-0.05629785378643949,5.0,140
8:10,490,corner_horizontal_L,acceleration,late_minus_early,0.01848240433116643,0.0860503520575637,5.0,140,-0.04890595683725929,-0.3039992885174677,5.0,140
8:10,491,corner_horizontal_L,acceleration,slope_per_second,0.002625632370205183,0.012991715971033685,5.0,140,-0.04130477046577148,-0.24739886578838283,5.0,140
8:10,492,corner_horizontal_L,abs_velocity,mean,0.19372286773542136,0.5457315867111577,5.0,140,-0.036255170734257394,-0.21202367127898109,5.0,140
8:10,493,corner_horizontal_L,abs_velocity,std,0.12234034573340162,0.4107141058418841,5.0,140,-0.03686920016666652,-0.21623575871892947,5.0,140
8:10,494,corner_horizontal_L,abs_velocity,quantile_10,0.0946332392393392,0.3432389438414658,5.0,140,-0.031507010055526315,-0.18025183590291205,5.0,140
8:10,495,corner_horizontal_L,abs_velocity,quantile_90,0.19867513107965634,0.5535049675072814,5.0,140,-0.013901797564778766,-0.07360177577269479,5.0,140
8:10,496,corner_horizontal_L,abs_velocity,late_minus_early,0.0156872476726483,0.0738050462059458,5.0,140,-0.0439485032243869,-0.2666111622101327,5.0,140
8:10,497,corner_horizontal_L,abs_velocity,slope_per_second,0.001715318818926133,0.008518148731345512,5.0,140,-0.04163955645679294,-0.24980483188594213,5.0,140
8:10,498,corner_horizontal_L,baseline_robust_z,mean,0.14750820986029814,0.46385271486637664,5.0,140,0.022121231025953255,0.10161477911219773,5.0,140
8:10,499,corner_horizontal_L,baseline_robust_z,std,0.09044870965249033,0.3320937452840362,5.0,140,-0.034497111263483614,-0.20009657101198622,5.0,140
8:10,500,corner_horizontal_L,baseline_robust_z,quantile_10,0.12980673632837128,0.4272131189115603,5.0,140,-3.973433678489431e-05,-0.00019870326529432538,5.0,140
8:10,501,corner_horizontal_L,baseline_robust_z,quantile_90,0.15002886030662227,0.46880636371968604,5.0,140,0.03068583891411272,0.13665562463369546,5.0,140
8:10,502,corner_horizontal_L,baseline_robust_z,late_minus_early,0.04863674929534075,0.20357821588478045,5.0,140,-0.017859142841121813,-0.09616544379399648,5.0,140
8:10,503,corner_horizontal_L,baseline_robust_z,slope_per_second,0.05617537126281591,0.22934311727589893,5.0,140,-0.006367226791127558,-0.0326681561929518,5.0,140
8:10,504,corner_vertical_R,value,mean,0.5186010661898437,0.8434171656186426,5.0,140,0.05460006949309284,0.22406458074663604,5.0,140
8:10,505,corner_vertical_R,value,std,0.18681625333461005,0.5345962172551791,5.0,140,-0.021070554960581928,-0.11504939303981794,5.0,140
8:10,506,corner_vertical_R,value,quantile_10,0.49624794741574035,0.8312383791711739,5.0,140,0.05133745870510762,0.21295667540683624,5.0,140
8:10,507,corner_vertical_R,value,quantile_90,0.47449555397132087,0.8186653999641104,5.0,140,0.03486293743104464,0.1529811922246104,5.0,140
8:10,508,corner_vertical_R,value,late_minus_early,0.009147412079723744,0.04412262892340618,5.0,140,-0.04660280262805674,-0.28640268419503034,5.0,140
8:10,509,corner_vertical_R,value,slope_per_second,-0.006201415476072285,-0.031795793073316855,5.0,140,-0.03855689380573807,-0.2279389388694126,5.0,140
8:10,510,corner_vertical_R,delta,mean,0.2076777005595276,0.5672050995319252,5.0,140,0.007296786406721655,0.03544926905532385,5.0,140
8:10,511,corner_vertical_R,delta,std,0.18681625636458257,0.5345962222175719,5.0,140,-0.02107055457737915,-0.11504939075487501,5.0,140
8:10,512,corner_vertical_R,delta,quantile_10,0.20651361618210123,0.5654640104418153,5.0,140,0.015275506710253529,0.07197944365317037,5.0,140
8:10,513,corner_vertical_R,delta,quantile_90,0.1984936337204051,0.553223108413585,5.0,140,-0.007551994077150092,-0.03893615276605551,5.0,140
8:10,514,corner_vertical_R,delta,late_minus_early,0.00914741193977182,0.04412262827217507,5.0,140,-0.0466028030999685,-0.28640268775971317,5.0,140
8:10,515,corner_vertical_R,delta,slope_per_second,-0.006201417908234188,-0.03179580586065495,5.0,140,-0.038556894729949845,-0.22793894532944148,5.0,140
8:10,516,corner_vertical_R,velocity,mean,-0.03975906847395371,-0.23638991338033077,5.0,140,-0.06386878260465269,-0.4289230972268466,5.0,140
8:10,517,corner_vertical_R,velocity,std,0.23452024893562237,0.6050321154038671,5.0,140,-0.0031940829932468003,-0.01617709895281503,5.0,140
8:10,518,corner_vertical_R,velocity,quantile_10,0.2465598569073988,0.620670029699407,5.0,140,0.013287452844536059,0.06308434327661415,5.0,140
8:10,519,corner_vertical_R,velocity,quantile_90,0.1892627441436121,0.5385806862376847,5.0,140,-0.05852521898237544,-0.3820687159905174,5.0,140
8:10,520,corner_vertical_R,velocity,late_minus_early,-0.043200016209947636,-0.2611219753153196,5.0,140,-0.08132819544236167,-0.6027103615187379,5.0,140
8:10,521,corner_vertical_R,velocity,slope_per_second,-0.05041530626841296,-0.31575133171418424,5.0,140,-0.078135013130989,-0.5682877483834198,5.0,140
8:10,522,corner_vertical_R,acceleration,mean,-0.03057494986588112,-0.17417650039952615,5.0,140,-0.07551208167802402,-0.5409549440744402,5.0,140
8:10,523,corner_vertical_R,acceleration,std,0.11865004289544251,0.40231259015848786,5.0,140,-0.010304595002734066,-0.053737966956707024,5.0,140
8:10,524,corner_vertical_R,acceleration,quantile_10,0.3021963767073626,0.6840781410711612,5.0,140,0.017258062570273857,0.08071815684576379,5.0,140
8:10,525,corner_vertical_R,acceleration,quantile_90,0.25980777457234466,0.6370238635294597,5.0,140,-0.008179029260005669,-0.04227832906187318,5.0,140
8:10,526,corner_vertical_R,acceleration,late_minus_early,0.004845800087193306,0.023768294815606918,5.0,140,-0.05010347797487859,-0.31330884016445004,5.0,140
8:10,527,corner_vertical_R,acceleration,slope_per_second,-0.0008144028576490117,-0.00408532268211198,5.0,140,-0.04146071300980427,-0.24851859815120542,5.0,140
8:10,528,corner_vertical_R,abs_velocity,mean,0.2868084961062132,0.667855711549378,5.0,140,0.0026629251933390145,0.013174297294019938,5.0,140
8:10,529,corner_vertical_R,abs_velocity,std,0.1658457935163395,0.4985195116258373,5.0,140,-0.011174298465987616,-0.05848563614705967,5.0,140
8:10,530,corner_vertical_R,abs_velocity,quantile_10,0.13203549610453227,0.4320131815330218,5.0,140,-0.010158074901030446,-0.05294150979253715,5.0,140
8:10,531,corner_vertical_R,abs_velocity,quantile_90,0.2904673442026682,0.6717967036268956,5.0,140,0.004537628810023869,0.02228368370934737,5.0,140
8:10,532,corner_vertical_R,abs_velocity,late_minus_early,0.07248811842552169,0.28097205092170996,5.0,140,0.019289215047100794,0.08953763263285051,5.0,140
8:10,533,corner_vertical_R,abs_velocity,slope_per_second,0.021650043801219997,0.09962286172619957,5.0,140,-0.02323807215023012,-0.12809729773964404,5.0,140
8:10,534,corner_vertical_R,baseline_robust_z,mean,0.18854223223189737,0.5374118453550611,5.0,140,-0.005715794297977392,-0.02924766606150085,5.0,140
8:10,535,corner_vertical_R,baseline_robust_z,std,0.11006596518351475,0.3821034748709776,5.0,140,-0.03841274384949348,-0.2269320500933766,5.0,140
8:10,536,corner_vertical_R,baseline_robust_z,quantile_10,0.17442860438902805,0.5137159777441276,5.0,140,0.001004642522536294,0.0050031072754266525,5.0,140
8:10,537,corner_vertical_R,baseline_robust_z,quantile_90,0.17792624696206777,0.519733973509457,5.0,140,-0.027501419354428003,-0.1545033415192671,5.0,140
8:10,538,corner_vertical_R,baseline_robust_z,late_minus_early,0.003368742618461286,0.016619762286217327,5.0,140,-0.04248106703960026,-0.2558866944908275,5.0,140
8:10,539,corner_vertical_R,baseline_robust_z,slope_per_second,0.007705715800312954,0.03737652741026048,5.0,140,-0.030714607649109233,-0.17508352539940894,5.0,140
8:10,540,corner_vertical_L,value,mean,0.6630708645024841,0.907748360889518,5.0,140,0.0851325114472152,0.3175330225333269,5.0,140
8:10,541,corner_vertical_L,value,std,0.17586367306159534,0.516197096001656,5.0,140,-0.05818728647679203,-0.3791933639851757,5.0,140
8:10,542,corner_vertical_L,value,quantile_10,0.6166236301777309,0.889405170689944,5.0,140,0.040536025432109775,0.1744018894551079,5.0,140
8:10,543,corner_vertical_L,value,quantile_90,0.6487756722715442,0.9023047856756126,5.0,140,0.10159556401366382,0.361194702138348,5.0,140
8:10,544,corner_vertical_L,value,late_minus_early,0.11722886211467738,0.39903202814594346,5.0,140,0.0020868574511750467,0.010347908813429691,5.0,140
8:10,545,corner_vertical_L,value,slope_per_second,0.05210448489734069,0.21558966972571805,5.0,140,-0.034253609525592366,-0.19845992237849058,5.0,140
8:10,546,corner_vertical_L,delta,mean,0.13010897552036965,0.427867348246152,5.0,140,-0.054395130188498494,-0.34760848644078646,5.0,140
8:10,547,corner_vertical_L,delta,std,0.1758636738766333,0.5161970974060426,5.0,140,-0.05818728042374534,-0.3791933125726129,5.0,140
8:10,548,corner_vertical_L,delta,quantile_10,0.09978739370916262,0.3566001644992556,5.0,140,-0.06883481265224876,-0.4749450878227957,5.0,140
8:10,549,corner_vertical_L,delta,quantile_90,0.16491436688794367,0.496832539581843,5.0,140,-0.0361429499599238,-0.2112564792296461,5.0,140
8:10,550,corner_vertical_L,delta,late_minus_early,0.11722886390046638,0.3990320322840965,5.0,140,0.0020868602312816603,0.010347922484768903,5.0,140
8:10,551,corner_vertical_L,delta,slope_per_second,0.052104480473479986,0.2155896545783518,5.0,140,-0.03425361081889059,-0.19845993106132717,5.0,140
8:10,552,corner_vertical_L,velocity,mean,0.1217621568161592,0.40940879330938745,5.0,140,0.012536205804650414,0.05968798554007077,5.0,140
8:10,553,corner_vertical_L,velocity,std,0.22272794134394866,0.5889432426787093,5.0,140,-0.03646471778332629,-0.21345838849669369,5.0,140
8:10,554,corner_vertical_L,velocity,quantile_10,0.2768693330893325,0.6568738103095961,5.0,140,-0.003928257049278406,-0.019954836149477555,5.0,140
8:10,555,corner_vertical_L,velocity,quantile_90,0.20522171499253988,0.5635213244273262,5.0,140,-8.604600922163756e-05,-0.0004303781754059869,5.0,140
8:10,556,corner_vertical_L,velocity,late_minus_early,0.06522549713620288,0.25864618237091797,5.0,140,-0.005501997253454941,-0.028129050092683672,5.0,140
8:10,557,corner_vertical_L,velocity,slope_per_second,0.01455236317847775,0.06875937056296552,5.0,140,-0.032984031463780504,-0.18998620059078478,5.0,140
8:10,558,corner_vertical_L,acceleration,mean,-0.010775841161776193,-0.05630619214060751,5.0,140,-0.06576631572343869,-0.44621533232159916,5.0,140
8:10,559,corner_vertical_L,acceleration,std,0.11725975533109727,0.3991036100095679,5.0,140,-0.03988481730956673,-0.2372794816565552,5.0,140
8:10,560,corner_vertical_L,acceleration,quantile_10,0.2976971696108477,0.6794292223163415,5.0,140,0.011670562656960905,0.05575026542181458,5.0,140
8:10,561,corner_vertical_L,acceleration,quantile_90,0.1613639152352707,0.49033200670682947,5.0,140,-0.06234892070145745,-0.41532482076924104,5.0,140
8:10,562,corner_vertical_L,acceleration,late_minus_early,0.004209997491158356,0.02070137648355462,5.0,140,-0.04348748809386487,-0.2632255044287037,5.0,140
8:10,563,corner_vertical_L,acceleration,slope_per_second,-0.0007059618556601972,-0.0035398051479446596,5.0,140,-0.04310088440321892,-0.2603979497380793,5.0,140
8:10,564,corner_vertical_L,abs_velocity,mean,0.26277461841359867,0.6405704596557453,5.0,140,-0.015739289449746174,-0.08398383051929748,5.0,140
8:10,565,corner_vertical_L,abs_velocity,std,0.1733423963290144,0.5118268269140462,5.0,140,-0.051578958794201345,-0.3249337776928645,5.0,140
8:10,566,corner_vertical_L,abs_velocity,quantile_10,0.08618117296819147,0.32044169891819646,5.0,140,-0.028080217502426123,-0.15816648467748198,5.0,140
8:10,567,corner_vertical_L,abs_velocity,quantile_90,0.26374993378718,0.6417274155222518,5.0,140,-0.0187065415253073,-0.10109744158282206,5.0,140
8:10,568,corner_vertical_L,abs_velocity,late_minus_early,0.000908597676084271,0.004526537175786839,5.0,140,-0.06633956101743045,-0.4515095996240001,5.0,140
8:10,569,corner_vertical_L,abs_velocity,slope_per_second,0.006006288785376866,0.029326861528840432,5.0,140,-0.04090418088794954,-0.2445301217741576,5.0,140
8:10,570,corner_vertical_L,baseline_robust_z,mean,0.11123144885859743,0.3849036719050261,5.0,140,-0.05309892511116343,-0.33709138676072,5.0,140
8:10,571,corner_vertical_L,baseline_robust_z,std,0.13985999903423674,0.44843020372921905,5.0,140,-0.025605305307072234,-0.14263542049262648,5.0,140
8:10,572,corner_vertical_L,baseline_robust_z,quantile_10,0.08031474007770391,0.30393262218184125,5.0,140,-0.0660466335288937,-0.4488001143707506,5.0,140
8:10,573,corner_vertical_L,baseline_robust_z,quantile_90,0.14760898845683296,0.4640519729877106,5.0,140,-0.02728328567496669,-0.15312773986031755,5.0,140
8:10,574,corner_vertical_L,baseline_robust_z,late_minus_early,0.10512867423070564,0.37003726345964494,5.0,140,0.0044561568785775225,0.021890592731383243,5.0,140
8:10,575,corner_vertical_L,baseline_robust_z,slope_per_second,0.04072956794613009,0.17511792932632225,5.0,140,-0.037097505136654614,-0.21780806960755786,5.0,140
8:10,576,inner_lip_aperture,value,mean,0.7529805294214557,0.9384286475827623,5.0,140,0.11226066806747272,0.3873614980972888,5.0,140
8:10,577,inner_lip_aperture,value,std,0.2915456228344761,0.6729479718359466,5.0,140,0.03060334969384361,0.13632833378162557,5.0,140
8:10,578,inner_lip_aperture,value,quantile_10,0.6515567422884597,0.9033773357328925,5.0,140,0.06468235989656687,0.25693511990085555,5.0,140
8:10,579,inner_lip_aperture,value,quantile_90,0.7714929366017623,0.9440752218614402,5.0,140,0.1589402416997329,0.48582966865497373,5.0,140
8:10,580,inner_lip_aperture,value,late_minus_early,0.046459796981694265,0.19589417121102534,5.0,140,0.01152531044349297,0.055086974296810996,5.0,140
8:10,581,inner_lip_aperture,value,slope_per_second,0.02384388893241319,0.10883887634561222,5.0,140,-0.011422980577967807,-0.05984954358576055,5.0,140
8:10,582,inner_lip_aperture,delta,mean,0.3459028070436485,0.7255856218393176,5.0,140,0.07278481092629438,0.2818627474966374,5.0,140
8:10,583,inner_lip_aperture,delta,std,0.2915456223531464,0.6729479713230584,5.0,140,0.03060335016069594,0.13632833563449087,5.0,140
8:10,584,inner_lip_aperture,delta,quantile_10,0.26032765120331713,0.6376483093495978,5.0,140,0.06234767163617833,0.2495123115116443,5.0,140
8:10,585,inner_lip_aperture,delta,quantile_90,0.4346999144874409,0.7935956783579647,5.0,140,0.10557639202961783,0.3711452531585105,5.0,140
8:10,586,inner_lip_aperture,delta,late_minus_early,0.046459797068025714,0.19589417151798935,5.0,140,0.011525309962766187,0.05508697210036318,5.0,140
8:10,587,inner_lip_aperture,delta,slope_per_second,0.023843888424252845,0.10883887422800854,5.0,140,-0.011422981170299702,-0.059849546837815876,5.0,140
8:10,588,inner_lip_aperture,velocity,mean,0.0007405214258096518,0.003691672079959167,5.0,140,-0.040291883178751035,-0.2401664500967733,5.0,140
8:10,589,inner_lip_aperture,velocity,std,0.29850684305477215,0.6802714652389583,5.0,140,-0.0005349461505809063,-0.0026804663735777593,5.0,140
8:10,590,inner_lip_aperture,velocity,quantile_10,0.16157973033506146,0.4907303446513316,5.0,140,-0.011865118515957052,-0.062281502199584914,5.0,140
8:10,591,inner_lip_aperture,velocity,quantile_90,0.39495184914339027,0.7654677044262217,5.0,140,0.05496128711878024,0.22527977090979587,5.0,140
8:10,592,inner_lip_aperture,velocity,late_minus_early,-0.002024166618894123,-0.010203447001744963,5.0,140,-0.038282281885361084,-0.22602195405672398,5.0,140
8:10,593,inner_lip_aperture,velocity,slope_per_second,-0.001268640187449655,-0.0063755540737089385,5.0,140,-0.0409414054748633,-0.2447962350451263,5.0,140
8:10,594,inner_lip_aperture,acceleration,mean,-0.005285769201170725,-0.026999702795768164,5.0,140,-0.046215538225628086,-0.28348296174806903,5.0,140
8:10,595,inner_lip_aperture,acceleration,std,0.38950290621632133,0.7613392027427437,5.0,140,0.007543310314332557,0.036611853289481286,5.0,140
8:10,596,inner_lip_aperture,acceleration,quantile_10,0.27235113685395607,0.6517434289850665,5.0,140,0.018214314610522944,0.08488694310076327,5.0,140
8:10,597,inner_lip_aperture,acceleration,quantile_90,0.3664028789930507,0.7430263782828258,5.0,140,0.004897500061966511,0.024017007134122102,5.0,140
8:10,598,inner_lip_aperture,acceleration,late_minus_early,-0.011033236961417182,-0.05771324022807615,5.0,140,-0.055522898186596864,-0.3568729793178297,5.0,140
8:10,599,inner_lip_aperture,acceleration,slope_per_second,-0.0022533393075229893,-0.011369170936677197,5.0,140,-0.04335086975409193,-0.2622250920104606,5.0,140
8:10,600,inner_lip_aperture,abs_velocity,mean,0.28862897674175847,0.6698232670467231,5.0,140,0.008555291056544338,0.041361032593766146,5.0,140
8:10,601,inner_lip_aperture,abs_velocity,std,0.2141825882525699,0.5767735414712211,5.0,140,-0.013490757577661631,-0.07130142906619992,5.0,140
8:10,602,inner_lip_aperture,abs_velocity,quantile_10,0.24054653502401901,0.6129554431880784,5.0,140,0.022006859226294324,0.10113191303746619,5.0,140
8:10,603,inner_lip_aperture,abs_velocity,quantile_90,0.2305989301735665,0.5997696720066734,5.0,140,-0.006426503526974186,-0.032980309947668505,5.0,140
8:10,604,inner_lip_aperture,abs_velocity,late_minus_early,0.01590825540782859,0.07478263218750858,5.0,140,-0.030279144927341052,-0.1722591655974584,5.0,140
8:10,605,inner_lip_aperture,abs_velocity,slope_per_second,0.0011158275048461094,0.005554346752718005,5.0,140,-0.03874384209913839,-0.229246821040124,5.0,140
8:10,606,inner_lip_aperture,baseline_robust_z,mean,0.3074099848877737,0.6893713631396157,5.0,140,0.05769124488122231,0.23437149188097955,5.0,140
8:10,607,inner_lip_aperture,baseline_robust_z,std,0.16949797992030885,0.5050619670221893,5.0,140,0.01726958593290845,0.08076857058309077,5.0,140
8:10,608,inner_lip_aperture,baseline_robust_z,quantile_10,0.2606389471180525,0.6380216114268417,5.0,140,0.06620280901555048,0.2617102344127764,5.0,140
8:10,609,inner_lip_aperture,baseline_robust_z,quantile_90,0.3450579425613539,0.7248410572340535,5.0,140,0.05967160000019246,0.24086645336606333,5.0,140
8:10,610,inner_lip_aperture,baseline_robust_z,late_minus_early,0.032311444630110445,0.14306648404054909,5.0,140,-0.008390111718414696,-0.0434073279144747,5.0,140
8:10,611,inner_lip_aperture,baseline_robust_z,slope_per_second,0.007377688494621477,0.0358310414248264,5.0,140,-0.030703103665184802,-0.1750087676703158,5.0,140
8:10,612,outer_mouth_open,value,mean,0.569375793741433,0.8686121162146335,5.0,140,0.04595961925866367,0.19411271110982095,5.0,140
8:10,613,outer_mouth_open,value,std,0.1545732473579349,0.4775811560927944,5.0,140,-0.01298653566873407,-0.06849049538902574,5.0,140
8:10,614,outer_mouth_open,value,quantile_10,0.4641018635360057,0.8123873624238995,5.0,140,0.03679480983820055,0.16037079723896885,5.0,140
8:10,615,outer_mouth_open,value,quantile_90,0.6153735661066615,0.8888842781436627,5.0,140,0.07612417127261521,0.2917760242040644,5.0,140
8:10,616,outer_mouth_open,value,late_minus_early,0.010375062150670716,0.04980825575697318,5.0,140,-0.03741165232427392,-0.21997708678123423,5.0,140
8:10,617,outer_mouth_open,value,slope_per_second,0.008674072008930412,0.04191602941476364,5.0,140,-0.03726859207530322,-0.21898853840435054,5.0,140
8:10,618,outer_mouth_open,delta,mean,0.2420337445982415,0.6148809590180355,5.0,140,0.010188754485092624,0.04894886072831975,5.0,140
8:10,619,outer_mouth_open,delta,std,0.15457325443999653,0.4775811696139992,5.0,140,-0.012986532663385003,-0.06849047867046446,5.0,140
8:10,620,outer_mouth_open,delta,quantile_10,0.19611752092870546,0.5495119327538337,5.0,140,0.007105627618737276,0.03454624702572746,5.0,140
8:10,621,outer_mouth_open,delta,quantile_90,0.31497797497717805,0.6968810929972566,5.0,140,0.05017011428801799,0.20892367319369012,5.0,140
8:10,622,outer_mouth_open,delta,late_minus_early,0.010375065779597294,0.049808272484410984,5.0,140,-0.03741164831046746,-0.21997705902711004,5.0,140
8:10,623,outer_mouth_open,delta,slope_per_second,0.008674071901051428,0.04191602891093707,5.0,140,-0.03726859227122669,-0.21898853975727414,5.0,140
8:10,624,outer_mouth_open,velocity,mean,0.03232881819054653,0.14313460098469072,5.0,140,-0.03627804070201464,-0.2121801195650267,5.0,140
8:10,625,outer_mouth_open,velocity,std,0.21913000743283037,0.5838733505663811,5.0,140,-0.04543758265206703,-0.2776510908085322,5.0,140
8:10,626,outer_mouth_open,velocity,quantile_10,0.17156561820398483,0.5087156387862987,5.0,140,-0.024265271344477906,-0.13436828866011258,5.0,140
8:10,627,outer_mouth_open,velocity,quantile_90,0.21418027917912788,0.5767701924936673,5.0,140,-0.004345479090557374,-0.02211173986575683,5.0,140
8:10,628,outer_mouth_open,velocity,late_minus_early,0.017811599201503794,0.08313493167683055,5.0,140,-0.03467808565724014,-0.20131535242877024,5.0,140
8:10,629,outer_mouth_open,velocity,slope_per_second,-0.0037812441425281278,-0.019196568359301638,5.0,140,-0.042888772541218693,-0.25885108371149446,5.0,140
8:10,630,outer_mouth_open,acceleration,mean,-0.016081888844272384,-0.08593759994050919,5.0,140,-0.05747851198120391,-0.3731954324469499,5.0,140
8:10,631,outer_mouth_open,acceleration,std,0.2946163037572096,0.676201533365566,5.0,140,-0.019939602580211085,-0.10833895579074551,5.0,140
8:10,632,outer_mouth_open,acceleration,quantile_10,0.2403151379260206,0.6126547992749299,5.0,140,-0.008210816474055025,-0.04244822056511665,5.0,140
8:10,633,outer_mouth_open,acceleration,quantile_90,0.27068352953047065,0.6498273763685234,5.0,140,0.0008057789761831061,0.004015951005357537,5.0,140
8:10,634,outer_mouth_open,acceleration,late_minus_early,-0.007630447364232871,-0.039353372160672674,5.0,140,-0.05902963229971062,-0.3863795271653889,5.0,140
8:10,635,outer_mouth_open,acceleration,slope_per_second,-0.007706572626196385,-0.039758469254238676,5.0,140,-0.04703534364653561,-0.2896769349624056,5.0,140
8:10,636,outer_mouth_open,abs_velocity,mean,0.2383714146450178,0.6101181587846481,5.0,140,-0.02756477488786122,-0.15490338183826705,5.0,140
8:10,637,outer_mouth_open,abs_velocity,std,0.15830388822488028,0.4846386869872635,5.0,140,-0.05166138871799562,-0.32558832332287124,5.0,140
8:10,638,outer_mouth_open,abs_velocity,quantile_10,0.19935026965969485,0.5545514354833597,5.0,140,0.008941184823451664,0.04316223793034237,5.0,140
8:10,639,outer_mouth_open,abs_velocity,quantile_90,0.20943174009525486,0.569811905169615,5.0,140,-0.02594461245653569,-0.14474441309463446,5.0,140
8:10,640,outer_mouth_open,abs_velocity,late_minus_early,0.006645616086152771,0.03236766804893484,5.0,140,-0.027927545199262216,-0.15719838613213633,5.0,140
8:10,641,outer_mouth_open,abs_velocity,slope_per_second,0.0029570617739887914,0.01461246897621135,5.0,140,-0.03736018610020983,-0.2196213012454502,5.0,140
8:10,642,outer_mouth_open,baseline_robust_z,mean,0.16815096056944415,0.5026622452943003,5.0,140,0.017047749920363186,0.07979729245728072,5.0,140
8:10,643,outer_mouth_open,baseline_robust_z,std,0.10874963391900548,0.3789189717457585,5.0,140,0.00396244252918168,0.01950309310365042,5.0,140
8:10,644,outer_mouth_open,baseline_robust_z,quantile_10,0.16468568865317287,0.49641720572767833,5.0,140,0.020278514390534477,0.09378526830120767,5.0,140
8:10,645,outer_mouth_open,baseline_robust_z,quantile_90,0.19096138860931783,0.5413211721653295,5.0,140,0.04037806154670676,0.17381677067661339,5.0,140
8:10,646,outer_mouth_open,baseline_robust_z,late_minus_early,0.024348049070534228,0.11093594957674732,5.0,140,-0.04164630364130101,-0.24985340054636757,5.0,140
8:10,647,outer_mouth_open,baseline_robust_z,slope_per_second,0.012992122414822393,0.06175148087862531,5.0,140,-0.047617495547368646,-0.2941058052186631,5.0,140
8:10,648,lowerlip_chin_gap,value,mean,0.5994025871620223,0.8820943628814365,5.0,140,0.11314521909804938,0.3894627174876152,5.0,140
8:10,649,lowerlip_chin_gap,value,std,0.06611582648538278,0.26143829629026805,5.0,140,-0.021984077373619782,-0.12051832345959786,5.0,140
8:10,650,lowerlip_chin_gap,value,quantile_10,0.603520702587698,0.8838694550084553,5.0,140,0.09916301374255301,0.35500256985863227,5.0,140
8:10,651,lowerlip_chin_gap,value,quantile_90,0.5453914378897531,0.8571116872604371,5.0,140,0.10103186782935522,0.3597674352691148,5.0,140
8:10,652,lowerlip_chin_gap,value,late_minus_early,0.018247407785776916,0.08503068089454449,5.0,140,-0.040016134763678934,-0.2382095805232689,5.0,140
8:10,653,lowerlip_chin_gap,value,slope_per_second,-0.004622897900247283,-0.023549965851988628,5.0,140,-0.05397690404145754,-0.3441999001285624,5.0,140
8:10,654,lowerlip_chin_gap,delta,mean,0.18898864308495586,0.5381364816093362,5.0,140,0.041763032487900545,0.17892530854483968,5.0,140
8:10,655,lowerlip_chin_gap,delta,std,0.06611582812294767,0.2614383014112832,5.0,140,-0.021984074892343764,-0.12051830854557706,5.0,140
8:10,656,lowerlip_chin_gap,delta,quantile_10,0.18469493359686245,0.531105032869296,5.0,140,0.03026138579074657,0.13496947548341903,5.0,140
8:10,657,lowerlip_chin_gap,delta,quantile_90,0.18235919198934084,0.527221334043699,5.0,140,0.04825427526683146,0.20223631003973477,5.0,140
8:10,658,lowerlip_chin_gap,delta,late_minus_early,0.018247407396985674,0.0850306792060664,5.0,140,-0.04001613443984173,-0.23820957822815148,5.0,140
8:10,659,lowerlip_chin_gap,delta,slope_per_second,-0.00462289618510744,-0.0235499569501137,5.0,140,-0.053976902907777215,-0.34419989090866393,5.0,140
8:10,660,lowerlip_chin_gap,velocity,mean,0.003698789400187956,0.01822431538268712,5.0,140,-0.051111707964817885,-0.3212337654582537,5.0,140
8:10,661,lowerlip_chin_gap,velocity,std,0.1277033528415318,0.4226311200337381,5.0,140,-0.05405614673889849,-0.3448446190020754,5.0,140
8:10,662,lowerlip_chin_gap,velocity,quantile_10,0.10717729907571587,0.375084374598636,5.0,140,-0.0712915925663665,-0.498658636086007,5.0,140
8:10,663,lowerlip_chin_gap,velocity,quantile_90,0.09529720296306035,0.344982532964708,5.0,140,-0.041885315011260776,-0.2515759220302446,5.0,140
8:10,664,lowerlip_chin_gap,velocity,late_minus_early,-0.012975768421256436,-0.068430600612166,5.0,140,-0.07778104757813904,-0.5645505799763081,5.0,140
8:10,665,lowerlip_chin_gap,velocity,slope_per_second,0.015757712629605205,0.07411691119745233,5.0,140,-0.04593128098410693,-0.2813468987653233,5.0,140
8:10,666,lowerlip_chin_gap,acceleration,mean,0.04087101392619565,0.17564062750064058,5.0,140,0.007110812015652406,0.03457075550375684,5.0,140
8:10,667,lowerlip_chin_gap,acceleration,std,0.14266455400210729,0.45415531064634135,5.0,140,-0.042074012322823116,-0.25293863451635173,5.0,140
8:10,668,lowerlip_chin_gap,acceleration,quantile_10,0.1565973154247436,0.48142630768834943,5.0,140,-0.03676216105026822,-0.21549975154113274,5.0,140
8:10,669,lowerlip_chin_gap,acceleration,quantile_90,0.19239349180213214,0.5436152864116481,5.0,140,0.01166606222753347,0.055729725361695785,5.0,140
8:10,670,lowerlip_chin_gap,acceleration,late_minus_early,-0.0011021123388666578,-0.005534962295296521,5.0,140,-0.035669886283315015,-0.20803123313358637,5.0,140
8:10,671,lowerlip_chin_gap,acceleration,slope_per_second,-0.008729924726824295,-0.04522900693828236,5.0,140,-0.04148410104065419,-0.24868667837615538,5.0,140
8:10,672,lowerlip_chin_gap,abs_velocity,mean,0.1705678503418438,0.506956993393586,5.0,140,-0.035041074251947614,-0.20376610397780315,5.0,140
8:10,673,lowerlip_chin_gap,abs_velocity,std,0.07441142025536274,0.2867170189199461,5.0,140,-0.06375183434000803,-0.42786887399733586,5.0,140
8:10,674,lowerlip_chin_gap,abs_velocity,quantile_10,0.07861336597588842,0.2990344205204079,5.0,140,-0.04990152280980381,-0.3117310255837915,5.0,140
8:10,675,lowerlip_chin_gap,abs_velocity,quantile_90,0.1294716271403425,0.42648652059979686,5.0,140,-0.045118773660410345,-0.2752739627887269,5.0,140
8:10,676,lowerlip_chin_gap,abs_velocity,late_minus_early,-0.030488170725468028,-0.17361348375978675,5.0,140,-0.06853937948015044,-0.4721367319518031,5.0,140
8:10,677,lowerlip_chin_gap,abs_velocity,slope_per_second,-0.011039569525914514,-0.05774789524782702,5.0,140,-0.05114074671626738,-0.32146320746827217,5.0,140
8:10,678,lowerlip_chin_gap,baseline_robust_z,mean,0.1556630104509735,0.47965616299944297,5.0,140,0.04977945220541812,0.20756697898738782,5.0,140
8:10,679,lowerlip_chin_gap,baseline_robust_z,std,0.0698496098882566,0.27297833000585586,5.0,140,-0.014393486426591835,-0.07636400946798974,5.0,140
8:10,680,lowerlip_chin_gap,baseline_robust_z,quantile_10,0.12941933376631728,0.4263730200621052,5.0,140,0.03157682540922612,0.1401785523512737,5.0,140
8:10,681,lowerlip_chin_gap,baseline_robust_z,quantile_90,0.1579412648332976,0.48395834905865437,5.0,140,0.04886106950718278,0.2043636428949826,5.0,140
8:10,682,lowerlip_chin_gap,baseline_robust_z,late_minus_early,0.0008086301571135907,0.004030115294512802,5.0,140,-0.0460121636923426,-0.2819540893050259,5.0,140
8:10,683,lowerlip_chin_gap,baseline_robust_z,slope_per_second,-0.021599952357320033,-0.11821337484521918,5.0,140,-0.06657169584613912,-0.4536629185530327,5.0,140
8:10,684,jaw_open,value,mean,0.4682775122084953,0.8149313883722281,5.0,140,0.026459700204772764,0.11963633481287758,5.0,140
8:10,685,jaw_open,value,std,0.2743145477777941,0.6539837320469728,5.0,140,-0.007513080594021881,-0.03872930863872331,5.0,140
8:10,686,jaw_open,value,quantile_10,0.38735965423799223,0.7596959810334788,5.0,140,0.007319490717060225,0.03555643364142054,5.0,140
8:10,687,jaw_open,value,quantile_90,0.503407730444789,0.8352179538753743,5.0,140,0.0380442985272652,0.16509742911845932,5.0,140
8:10,688,jaw_open,value,late_minus_early,-0.015489858141117707,-0.08256496935662813,5.0,140,-0.07226564942123678,-0.5082419998294884,5.0,140
8:10,689,jaw_open,value,slope_per_second,-0.035627284331114575,-0.20774148088266722,5.0,140,-0.07999465941722461,-0.588177547415601,5.0,140
8:10,690,jaw_open,delta,mean,0.20675467943101652,0.5658252907462621,5.0,140,0.004937934335202765,0.024211453407666315,5.0,140
8:10,691,jaw_open,delta,std,0.2743145594287627,0.6539837452912489,5.0,140,-0.007513078399468365,-0.03872929697547394,5.0,140
8:10,692,jaw_open,delta,quantile_10,0.17263369361203362,0.5105890047969848,5.0,140,-0.003557480088772489,-0.01804416751040947,5.0,140
8:10,693,jaw_open,delta,quantile_90,0.26833703978065315,0.6471104204086169,5.0,140,0.036916521787574555,0.16083302539347394,5.0,140
8:10,694,jaw_open,delta,late_minus_early,-0.015489859833578706,-0.082564978973757,5.0,140,-0.07226565363659158,-0.5082420415300037,5.0,140
8:10,695,jaw_open,delta,slope_per_second,-0.03562728746233331,-0.2077415021750574,5.0,140,-0.07999465934792964,-0.5881775466663511,5.0,140
8:10,696,jaw_open,velocity,mean,0.010033587839422823,0.048232172249315405,5.0,140,-0.05685266085855251,-0.3679358275867681,5.0,140
8:10,697,jaw_open,velocity,std,0.30696227098583534,0.6889207020309145,5.0,140,-0.06715239303468543,-0.4590735021721117,5.0,140
8:10,698,jaw_open,velocity,quantile_10,0.28330404891194527,0.6640303254071162,5.0,140,-0.04571000453560421,-0.2796882223215054,5.0,140
8:10,699,jaw_open,velocity,quantile_90,0.19637528919560232,0.5499164434860505,5.0,140,-0.0644268079349186,-0.43397167997414604,5.0,140
8:10,700,jaw_open,velocity,late_minus_early,0.00030550468976438494,0.0015256590648247827,5.0,140,-0.06495663637497553,-0.4387933394534277,5.0,140
8:10,701,jaw_open,velocity,slope_per_second,0.014593124165059694,0.06894134253823309,5.0,140,-0.03131266183914268,-0.1789807660018157,5.0,140
8:10,702,jaw_open,acceleration,mean,0.06408129671931836,0.25503467330221674,5.0,140,0.011564651640386092,0.05526669777366282,5.0,140
8:10,703,jaw_open,acceleration,std,0.33206044124216294,0.7131141753370143,5.0,140,-0.0640086325803659,-0.4301855071850559,5.0,140
8:10,704,jaw_open,acceleration,quantile_10,0.2795669659394512,0.6598952160929725,5.0,140,-0.05214885717440621,-0.32947028021702873,5.0,140
8:10,705,jaw_open,acceleration,quantile_90,0.2690533222054784,0.6479423950661274,5.0,140,-0.049044698100853074,-0.305072182951579,5.0,140
8:10,706,jaw_open,acceleration,late_minus_early,-0.004380637976738228,-0.0222938347604868,5.0,140,-0.0489552984780594,-0.304380680686061,5.0,140
8:10,707,jaw_open,acceleration,slope_per_second,-0.022867776313216376,-0.12585057253231902,5.0,140,-0.055069857529373566,-0.35313841686690345,5.0,140
8:10,708,jaw_open,abs_velocity,mean,0.34555606241891346,0.7252802973228943,5.0,140,-0.044598666575406815,-0.27141173959186987,5.0,140
8:10,709,jaw_open,abs_velocity,std,0.24557777145386042,0.6194228877876646,5.0,140,-0.06779863288492857,-0.46513531949865633,5.0,140
8:10,710,jaw_open,abs_velocity,quantile_10,0.17610958966284943,0.5166205887380771,5.0,140,-0.07799201540347454,-0.5667761266026279,5.0,140
8:10,711,jaw_open,abs_velocity,quantile_90,0.31790396525503906,0.6997309067745989,5.0,140,-0.046239866597691734,-0.28366605518947846,5.0,140
8:10,712,jaw_open,abs_velocity,late_minus_early,0.04955900330869915,0.2067998406044735,5.0,140,-0.028417457327828775,-0.16030965811390693,5.0,140
8:10,713,jaw_open,abs_velocity,slope_per_second,0.014947004796483702,0.0705188420980881,5.0,140,-0.04015617671652756,-0.239202756174777,5.0,140
8:10,714,jaw_open,baseline_robust_z,mean,0.09776563323258435,0.35140632041406694,5.0,140,-0.021237317687139084,-0.116044482607605,5.0,140
8:10,715,jaw_open,baseline_robust_z,std,0.057261065758046785,0.23294956691298263,5.0,140,-0.035309753486030666,-0.20558545427291428,5.0,140
8:10,716,jaw_open,baseline_robust_z,quantile_10,0.08672082345280845,0.3219314689375099,5.0,140,-0.01509936046874371,-0.08034971987983117,5.0,140
8:10,717,jaw_open,baseline_robust_z,quantile_90,0.1065601089021488,0.3735699333776013,5.0,140,-0.024435860073413255,-0.13541525307040314,5.0,140
8:10,718,jaw_open,baseline_robust_z,late_minus_early,0.012202571847012062,0.05817339891564796,5.0,140,-0.04057426458245102,-0.24217573177882623,5.0,140
8:10,719,jaw_open,baseline_robust_z,slope_per_second,-0.0024273928562474657,-0.012255964443382488,5.0,140,-0.05094423791486584,-0.31991185146575596,5.0,140
0:10,0,inner_brow_R,value,mean,0.5798762756080404,0.8734378434652382,5.0,140,0.07722197152629581,0.2949907793710385,5.0,140
0:10,1,inner_brow_R,value,std,0.34597577144056907,0.7256498250849404,5.0,140,0.03345229224997822,0.14752170455406147,5.0,140
0:10,2,inner_brow_R,value,quantile_10,0.40385394160724614,0.7720645160724426,5.0,140,0.09961332252865775,0.3561553440247277,5.0,140
0:10,3,inner_brow_R,value,quantile_90,0.6458039422421182,0.9011513454407892,5.0,140,0.06510168815345438,0.2582566620594789,5.0,140
0:10,4,inner_brow_R,value,late_minus_early,0.26153317013364824,0.6390914250617352,5.0,140,0.053219540566167414,0.21939359707324851,5.0,140
0:10,5,inner_brow_R,value,slope_per_second,0.2516508527004997,0.627056775010464,5.0,140,0.04606196060792042,0.19447770541569595,5.0,140
0:10,6,inner_brow_R,delta,mean,0.26688528972666836,0.6454171143751225,5.0,140,0.08357645653764492,0.3131832856443404,5.0,140
0:10,7,inner_brow_R,delta,std,0.3459757697142357,0.7256498235660813,5.0,140,0.0334522908800359,0.14752169922571623,5.0,140
0:10,8,inner_brow_R,delta,quantile_10,0.23148527517045905,0.600966652325211,5.0,140,0.023914237804608777,0.10913195858436683,5.0,140
0:10,9,inner_brow_R,delta,quantile_90,0.27106431467947556,0.6502659725561337,5.0,140,0.08174672048016268,0.3080163097085193,5.0,140
0:10,10,inner_brow_R,delta,late_minus_early,0.2615331716276054,0.639091426845923,5.0,140,0.05321954212646632,0.219393602376515,5.0,140
0:10,11,inner_brow_R,delta,slope_per_second,0.25165085298158524,0.6270567753595122,5.0,140,0.04606196063944319,0.19447770552808116,5.0,140
0:10,12,inner_brow_R,velocity,mean,0.21084837357981664,0.5719027820961234,5.0,140,0.01613366365086437,0.07577801051894459,5.0,140
0:10,13,inner_brow_R,velocity,std,0.4078482862225568,0.7749664602846164,5.0,140,0.0208436499549166,0.09619779695031683,5.0,140
0:10,14,inner_brow_R,velocity,quantile_10,0.6055606605496142,0.8847424391868962,5.0,140,0.0603911441629852,0.24320581183879575,5.0,140
0:10,15,inner_brow_R,velocity,quantile_90,0.5165488690544235,0.842328666030798,5.0,140,0.044835556920806735,0.1900871344566559,5.0,140
0:10,16,inner_brow_R,velocity,late_minus_early,0.1706405759863549,0.5070854600338481,5.0,140,0.02055121113985711,0.09495065210239204,5.0,140
0:10,17,inner_brow_R,velocity,slope_per_second,0.15788930207011567,0.48386075973553816,5.0,140,0.007316913939780793,0.03554427217662979,5.0,140
0:10,18,inner_brow_R,acceleration,mean,0.08987153502915726,0.33053494396584016,5.0,140,-0.023558741214479564,-0.1300488553898752,5.0,140
0:10,19,inner_brow_R,acceleration,std,0.510189744767588,0.8389184218138325,5.0,140,0.1261923048691421,0.4193078354999775,5.0,140
0:10,20,inner_brow_R,acceleration,quantile_10,0.522275869908009,0.845351852651794,5.0,140,0.1294373523553948,0.4264121321737952,5.0,140
0:10,21,inner_brow_R,acceleration,quantile_90,0.5578981726921426,0.8631938274366154,5.0,140,0.1756487217224948,0.5158265277165874,5.0,140
0:10,22,inner_brow_R,acceleration,late_minus_early,0.11575875444572459,0.3956117011510321,5.0,140,-0.010850205908094336,-0.05671239415705175,5.0,140
0:10,23,inner_brow_R,acceleration,slope_per_second,0.10993304053682061,0.3817829573691729,5.0,140,-0.01357309075891662,-0.0717615583738197,5.0,140
0:10,24,inner_brow_R,abs_velocity,mean,0.5919819573243417,0.878851904388705,5.0,140,0.06580772746985897,0.2604738648935519,5.0,140
0:10,25,inner_brow_R,abs_velocity,std,0.27560265822977514,0.6554444072781194,5.0,140,0.005934692790247834,0.02898538649423953,5.0,140
0:10,26,inner_brow_R,abs_velocity,quantile_10,0.46644708621898945,0.8138198465581014,5.0,140,0.056334101537448944,0.2298719815012261,5.0,140
0:10,27,inner_brow_R,abs_velocity,quantile_90,0.6077617326011464,0.885679713698174,5.0,140,0.03270062321705522,0.14459033926478093,5.0,140
0:10,28,inner_brow_R,abs_velocity,late_minus_early,0.128095051756232,0.42348825765253045,5.0,140,-0.015838263099108824,-0.08454766835909423,5.0,140
0:10,29,inner_brow_R,abs_velocity,slope_per_second,0.13295787422602307,0.4339833542225028,5.0,140,-0.0070795491722558885,-0.036429359632610896,5.0,140
0:10,30,inner_brow_R,baseline_robust_z,mean,0.20327657591345585,0.5605754486204342,5.0,140,0.045754121183326196,0.19337905166064043,5.0,140
0:10,31,inner_brow_R,baseline_robust_z,std,0.047375392402594765,0.19913968006831873,5.0,140,-0.04589549674399725,-0.2810784182357785,5.0,140
0:10,32,inner_brow_R,baseline_robust_z,quantile_10,0.11207426811054426,0.38691740197182095,5.0,140,-0.014173456808846697,-0.07512649242667181,5.0,140
0:10,33,inner_brow_R,baseline_robust_z,quantile_90,0.18748476570094633,0.5356894125231844,5.0,140,0.039504800383291565,0.17057057573392978,5.0,140
0:10,34,inner_brow_R,baseline_robust_z,late_minus_early,0.18229118618943285,0.5271076302650768,5.0,140,0.051322657389745056,0.21290573464644036,5.0,140
0:10,35,inner_brow_R,baseline_robust_z,slope_per_second,0.16988000538851644,0.5057397447138673,5.0,140,0.04311476451828502,0.18386469114384818,5.0,140
0:10,36,inner_brow_L,value,mean,0.6114185412693945,0.8872262900918095,5.0,140,0.08291272376905688,0.3113155410161412,5.0,140
0:10,37,inner_brow_L,value,std,0.35153827465682597,0.7304985598326567,5.0,140,0.05137219551793576,0.2130762072694195,5.0,140
0:10,38,inner_brow_L,value,quantile_10,0.39864828676610337,0.7682288978854813,5.0,140,0.10288293359119462,0.36443719643857064,5.0,140
0:10,39,inner_brow_L,value,quantile_90,0.6919245198682317,0.9182324396399443,5.0,140,0.0789512179625075,0.3000111173456197,5.0,140
0:10,40,inner_brow_L,value,late_minus_early,0.2744084344758812,0.6540904389489323,5.0,140,0.05431158085637229,0.22309198972781635,5.0,140
0:10,41,inner_brow_L,value,slope_per_second,0.2732562621242555,0.6527782893006412,5.0,140,0.05079394742036643,0.21108281872017162,5.0,140
0:10,42,inner_brow_L,delta,mean,0.2661088451346173,0.6445075676459483,5.0,140,0.0807195564685845,0.3050906534319666,5.0,140
0:10,43,inner_brow_L,delta,std,0.35153827020666994,0.7304985559894058,5.0,140,0.05137219224131332,0.21307619599562633,5.0,140
0:10,44,inner_brow_L,delta,quantile_10,0.2090424933808791,0.5692351372562128,5.0,140,0.03693771468112636,0.16091347002857054,5.0,140
0:10,45,inner_brow_L,delta,quantile_90,0.27574757492721474,0.65560829016993,5.0,140,0.07828199130487982,0.29807449608231135,5.0,140
0:10,46,inner_brow_L,delta,late_minus_early,0.27440843511551416,0.6540904396757767,5.0,140,0.05431157989595128,0.22309198648684855,5.0,140
0:10,47,inner_brow_L,delta,slope_per_second,0.273256261606741,0.6527782887099728,5.0,140,0.050793946203935146,0.2110828145187195,5.0,140
0:10,48,inner_brow_L,velocity,mean,0.21874500231668031,0.5833262254412741,5.0,140,0.009218651554323005,0.04445403281672762,5.0,140
0:10,49,inner_brow_L,velocity,std,0.3134647736621347,0.6953956758131228,5.0,140,-0.004546124678009516,-0.023151624068095452,5.0,140
0:10,50,inner_brow_L,velocity,quantile_10,0.5924926079183246,0.879076864220635,5.0,140,0.045647730290484745,0.19299881926048518,5.0,140
0:10,51,inner_brow_L,velocity,quantile_90,0.5006454013201774,0.8336915813373412,5.0,140,-0.008950931532852814,-0.04641654285252271,5.0,140
0:10,52,inner_brow_L,velocity,late_minus_early,0.18978819438222028,0.5394306759666996,5.0,140,0.0174252882363417,0.08144932904092919,5.0,140
0:10,53,inner_brow_L,velocity,slope_per_second,0.1748604425764235,0.51446435421253,5.0,140,0.005872641575884812,0.028689280435161075,5.0,140
0:10,54,inner_brow_L,acceleration,mean,0.0787971945296435,0.29956609971370723,5.0,140,-0.019929558625661446,-0.10827965614906418,5.0,140
0:10,55,inner_brow_L,acceleration,std,0.43910648394182444,0.796514207481493,5.0,140,0.05617023829571074,0.22932600588638619,5.0,140
0:10,56,inner_brow_L,acceleration,quantile_10,0.5521785403025554,0.8604358514974294,5.0,140,0.06673146700134669,0.263359793522911,5.0,140
0:10,57,inner_brow_L,acceleration,quantile_90,0.5700102816389764,0.8689072173883016,5.0,140,0.10806930074523545,0.37726391413727417,5.0,140
0:10,58,inner_brow_L,acceleration,late_minus_early,0.08593069712301471,0.3197486038747885,5.0,140,-0.024235166744957244,-0.13418369014528483,5.0,140
0:10,59,inner_brow_L,acceleration,slope_per_second,0.08473685490995225,0.31643085332188536,5.0,140,-0.020008193556763358,-0.10874405628935689,5.0,140
0:10,60,inner_brow_L,abs_velocity,mean,0.5493289273184888,0.8590470526966355,5.0,140,0.012608911037787452,0.06001753228764734,5.0,140
0:10,61,inner_brow_L,abs_velocity,std,0.2149236809413507,0.5778466707325641,5.0,140,-0.00312836626488463,-0.015840045176278014,5.0,140
0:10,62,inner_brow_L,abs_velocity,quantile_10,0.4933456136253294,0.8296033577491314,5.0,140,0.011412719892813089,0.05457232483509525,5.0,140
0:10,63,inner_brow_L,abs_velocity,quantile_90,0.5424066705048406,0.8556317903016807,5.0,140,0.018338547343928032,0.08542635564963957,5.0,140
0:10,64,inner_brow_L,abs_velocity,late_minus_early,0.15071623264694808,0.47014639153555626,5.0,140,-0.007206520854642799,-0.03710211287392294,5.0,140
0:10,65,inner_brow_L,abs_velocity,slope_per_second,0.14501994068463483,0.4589006963588069,5.0,140,-0.00449473051080939,-0.022885102019201714,5.0,140
0:10,66,inner_brow_L,baseline_robust_z,mean,0.20810796227236156,0.567846390510437,5.0,140,0.05088658890192875,0.21140269614390644,5.0,140
0:10,67,inner_brow_L,baseline_robust_z,std,0.06386982310127938,0.25436430328900195,5.0,140,-0.04581409480658235,-0.28046802963201833,5.0,140
0:10,68,inner_brow_L,baseline_robust_z,quantile_10,0.11445950828661318,0.39256592873892565,5.0,140,-0.005487615433694244,-0.028053872626061894,5.0,140
0:10,69,inner_brow_L,baseline_robust_z,quantile_90,0.19460724882599312,0.5471324673064344,5.0,140,0.03732825497610732,0.16239377058136578,5.0,140
0:10,70,inner_brow_L,baseline_robust_z,late_minus_early,0.1867008671360599,0.5344071914731588,5.0,140,0.056138853900770336,0.22922136959037706,5.0,140
0:10,71,inner_brow_L,baseline_robust_z,slope_per_second,0.18216377086513066,0.5268944991052368,5.0,140,0.05194647776072205,0.21504836778509767,5.0,140
0:10,72,outer_brow_R,value,mean,0.6666261499256332,0.9090758402153883,5.0,140,0.11355330128317315,0.3904286554488128,5.0,140
0:10,73,outer_brow_R,value,std,0.41650159409967874,0.7811339046050892,5.0,140,0.008244880388256784,0.03990824704763298,5.0,140
0:10,74,outer_brow_R,value,quantile_10,0.4603801516870838,0.8100946911905649,5.0,140,0.09671870848109357,0.3486929970724654,5.0,140
0:10,75,outer_brow_R,value,quantile_90,0.7153743157935913,0.9262913671023995,5.0,140,0.11010117808210353,0.38218834310853156,5.0,140
0:10,76,outer_brow_R,value,late_minus_early,0.31384130655193343,0.6957660402515814,5.0,140,0.014364139939151248,0.06791834523423565,5.0,140
0:10,77,outer_brow_R,value,slope_per_second,0.2987143083122663,0.680486875836742,5.0,140,0.0044609870639421385,0.021913904737493023,5.0,140
0:10,78,outer_brow_R,delta,mean,0.3237183994517481,0.7053076905000283,5.0,140,0.08221982649580041,0.30935776532003484,5.0,140
0:10,79,outer_brow_R,delta,std,0.41650159458578856,0.7811339049470546,5.0,140,0.008244887552195412,0.039908280616634616,5.0,140
0:10,80,outer_brow_R,delta,quantile_10,0.2755645682588661,0.6554013172248732,5.0,140,0.04585508897558609,0.19373964942753633,5.0,140
0:10,81,outer_brow_R,delta,quantile_90,0.3190713995749361,0.7008597686803103,5.0,140,0.07899854151842389,0.30014776491797907,5.0,140
0:10,82,outer_brow_R,delta,late_minus_early,0.31384130957497747,0.6957660432231155,5.0,140,0.014364144343849482,0.06791836492946697,5.0,140
0:10,83,outer_brow_R,delta,slope_per_second,0.29871430671529753,0.6804868741792407,5.0,140,0.004460988099987072,0.021913909737679448,5.0,140
0:10,84,outer_brow_R,velocity,mean,0.26633469126980086,0.6447724116086767,5.0,140,-0.017479550968693473,-0.09396781574219752,5.0,140
0:10,85,outer_brow_R,velocity,std,0.3742989260183809,0.7494385109821585,5.0,140,0.033156156147697645,0.14636868838904477,5.0,140
0:10,86,outer_brow_R,velocity,quantile_10,0.597729450359624,0.8813682391623516,5.0,140,0.04835791778867203,0.2026002784972348,5.0,140
0:10,87,outer_brow_R,velocity,quantile_90,0.5262896191550733,0.8474440565878876,5.0,140,0.060348062165564015,0.24306605035836193,5.0,140
0:10,88,outer_brow_R,velocity,late_minus_early,0.18413253408335337,0.530173736207478,5.0,140,-0.001958027310746437,-0.009867419259317502,5.0,140
0:10,89,outer_brow_R,velocity,slope_per_second,0.19328921855113707,0.5450426337428494,5.0,140,-0.009128328362698914,-0.04737132588407977,5.0,140
0:10,90,outer_brow_R,acceleration,mean,0.1353238055519517,0.4389937878290085,5.0,140,-0.03353123609714573,-0.19362629677250864,5.0,140
0:10,91,outer_brow_R,acceleration,std,0.44644289459790476,0.8012912796957694,5.0,140,0.10491548019500183,0.36950867900069456,5.0,140
0:10,92,outer_brow_R,acceleration,quantile_10,0.5370541965929451,0.8529498332481147,5.0,140,0.11111029443135341,0.3846134274789947,5.0,140
0:10,93,outer_brow_R,acceleration,quantile_90,0.6001574849588289,0.8824210448901316,5.0,140,0.20707940914841064,0.5663113591526208,5.0,140
0:10,94,outer_brow_R,acceleration,late_minus_early,0.16906552885281698,0.5042932346273812,5.0,140,-0.02440273644699511,-0.13521183758320277,5.0,140
0:10,95,outer_brow_R,acceleration,slope_per_second,0.16294197727972595,0.49323508581373116,5.0,140,-0.01985582746022355,-0.10784450482225337,5.0,140
0:10,96,outer_brow_R,abs_velocity,mean,0.6003896803126281,0.8825214107900323,5.0,140,0.06095039554237088,0.24501655415190504,5.0,140
0:10,97,outer_brow_R,abs_velocity,std,0.2843545656962381,0.6651823151490666,5.0,140,0.02045069241017605,0.09452135354103537,5.0,140
0:10,98,outer_brow_R,abs_velocity,quantile_10,0.48801605395941605,0.8265674766511454,5.0,140,0.03623413524069521,0.1582364347032972,5.0,140
0:10,99,outer_brow_R,abs_velocity,quantile_90,0.5907355547948738,0.87830167200881,5.0,140,0.056841278758841686,0.23155814868179544,5.0,140
0:10,100,outer_brow_R,abs_velocity,late_minus_early,0.17191112154763413,0.509322677122844,5.0,140,-0.03468262145445419,-0.20134592530763734,5.0,140
0:10,101,outer_brow_R,abs_velocity,slope_per_second,0.17341803139375933,0.5119586866167508,5.0,140,-0.02715740410933231,-0.15233512695804594,5.0,140
0:10,102,outer_brow_R,baseline_robust_z,mean,0.22319804283649572,0.5895999735612215,5.0,140,0.04322717732109248,0.18427340925563931,5.0,140
0:10,103,outer_brow_R,baseline_robust_z,std,0.08881848475677832,0.32767723999967446,5.0,140,-0.06084799911071084,-0.40211046423403446,5.0,140
0:10,104,outer_brow_R,baseline_robust_z,quantile_10,0.12723451614300016,0.42160284484270505,5.0,140,-0.02605119471526956,-0.14540820323950737,5.0,140
0:10,105,outer_brow_R,baseline_robust_z,quantile_90,0.23092087579251316,0.6002049594228388,5.0,140,0.06233151074915864,0.2494605435409408,5.0,140
0:10,106,outer_brow_R,baseline_robust_z,late_minus_early,0.20196565126748153,0.558575775341262,5.0,140,0.022828222734375396,0.10459063997111138,5.0,140
0:10,107,outer_brow_R,baseline_robust_z,slope_per_second,0.19051885442485975,0.5406092512022007,5.0,140,0.00893506474152324,0.04313371361292111,5.0,140
0:10,108,outer_brow_L,value,mean,0.6845844871668741,0.9156268060394183,5.0,140,0.11788920498424156,0.4005594734333511,5.0,140
0:10,109,outer_brow_L,value,std,0.3507698018041355,0.7298340411559467,5.0,140,0.017225670416191167,0.08057642062120665,5.0,140
0:10,110,outer_brow_L,value,quantile_10,0.42054394968362085,0.7839604508437588,5.0,140,0.1007479384821899,0.359046794822807,5.0,140
0:10,111,outer_brow_L,value,quantile_90,0.7348945173518014,0.9327071381814019,5.0,140,0.09822959494032585,0.35260355656000064,5.0,140
0:10,112,outer_brow_L,value,late_minus_early,0.29140524696526293,0.672798353448447,5.0,140,0.022133246191907076,0.10166548235849698,5.0,140
0:10,113,outer_brow_L,value,slope_per_second,0.2939971013911126,0.6755484097233733,5.0,140,0.016477553795849153,0.07729334779390441,5.0,140
0:10,114,outer_brow_L,delta,mean,0.2988418525614604,0.6806192238409777,5.0,140,0.07762370568514929,0.2961618174225872,5.0,140
0:10,115,outer_brow_L,delta,std,0.3507698023310932,0.7298340416122038,5.0,140,0.017225669063711542,0.08057641470253285,5.0,140
0:10,116,outer_brow_L,delta,quantile_10,0.25170944940480844,0.6271295311046517,5.0,140,0.05252983616682512,0.21704403122845378,5.0,140
0:10,117,outer_brow_L,delta,quantile_90,0.2861971960737724,0.6671920288128383,5.0,140,0.07158822214414765,0.2782604321873267,5.0,140
0:10,118,outer_brow_L,delta,late_minus_early,0.2914052420188559,0.6727983481749955,5.0,140,0.022133243055012127,0.10166546912158146,5.0,140
0:10,119,outer_brow_L,delta,slope_per_second,0.29399710001498586,0.675548408270207,5.0,140,0.01647755224002998,0.0772933409471007,5.0,140
0:10,120,outer_brow_L,velocity,mean,0.2791636091812622,0.6594454067173868,5.0,140,-0.02495580020983925,-0.13861610426478957,5.0,140
0:10,121,outer_brow_L,velocity,std,0.27986335029639126,0.6602252970974574,5.0,140,-0.006472817753666264,-0.033224308339832725,5.0,140
0:10,122,outer_brow_L,velocity,quantile_10,0.5948011578097441,0.8800904690871915,5.0,140,0.03817156081205272,0.16557654364160365,5.0,140
0:10,123,outer_brow_L,velocity,quantile_90,0.4879083517492278,0.8265056741000262,5.0,140,-0.0028537899145251013,-0.014433712707642397,5.0,140
0:10,124,outer_brow_L,velocity,late_minus_early,0.1974540960734291,0.5516043371995025,5.0,140,-0.02064050511263667,-0.1124899206961819,5.0,140
0:10,125,outer_brow_L,velocity,slope_per_second,0.2070059538334065,0.5662014687582902,5.0,140,-0.025614468658688723,-0.14269229228803712,5.0,140
0:10,126,outer_brow_L,acceleration,mean,0.13318464495132676,0.43446627724423903,5.0,140,-0.02005379536555161,-0.10901351577769929,5.0,140
0:10,127,outer_brow_L,acceleration,std,0.3365034796040879,0.7171813367399809,5.0,140,0.017006281444625373,0.0796155494573651,5.0,140
0:10,128,outer_brow_L,acceleration,quantile_10,0.5551646726015148,0.8618806368015356,5.0,140,0.039797859521632006,0.17166215266102272,5.0,140
0:10,129,outer_brow_L,acceleration,quantile_90,0.6025382699709403,0.8834475401196337,5.0,140,0.12501451912461145,0.4166989301388591,5.0,140
0:10,130,outer_brow_L,acceleration,late_minus_early,0.15778052611548304,0.4836563911551276,5.0,140,-0.019211918123081567,-0.10405605635502159,5.0,140
0:10,131,outer_brow_L,acceleration,slope_per_second,0.1560769957193512,0.4804415091369134,5.0,140,-0.010199688786898841,-0.05316761650193802,5.0,140
0:10,132,outer_brow_L,abs_velocity,mean,0.5579481658448343,0.863217761719611,5.0,140,0.014416210084023003,0.06815112658676444,5.0,140
0:10,133,outer_brow_L,abs_velocity,std,0.22063924504616533,0.5860094737332271,5.0,140,-0.009863466152508923,-0.05134301096586337,5.0,140
0:10,134,outer_brow_L,abs_velocity,quantile_10,0.508069704619238,0.8377687789186061,5.0,140,0.015465736318365099,0.0728235992564098,5.0,140
0:10,135,outer_brow_L,abs_velocity,quantile_90,0.48817654062264115,0.8266595349448375,5.0,140,0.0007515947721080527,0.0037467098304555585,5.0,140
0:10,136,outer_brow_L,abs_velocity,late_minus_early,0.18015093332211873,0.5235108172693788,5.0,140,-0.05050089105487485,-0.3164230364355022,5.0,140
0:10,137,outer_brow_L,abs_velocity,slope_per_second,0.16358305680111662,0.49440811860850803,5.0,140,-0.04726217977695788,-0.2913996246788239,5.0,140
0:10,138,outer_brow_L,baseline_robust_z,mean,0.2092389464834236,0.5695263546505853,5.0,140,0.04757908785505856,0.1998590030217145,5.0,140
0:10,139,outer_brow_L,baseline_robust_z,std,0.050042971885634134,0.20848251990013603,5.0,140,-0.07903986372138304,-0.5779115049996969,5.0,140
0:10,140,outer_brow_L,baseline_robust_z,quantile_10,0.13399573444658103,0.43618887668015766,5.0,140,-0.014166354122383085,-0.07508658311701707,5.0,140
0:10,141,outer_brow_L,baseline_robust_z,quantile_90,0.197902903990062,0.5523041440094487,5.0,140,0.048269574798413234,0.20229005435366829,5.0,140
0:10,142,outer_brow_L,baseline_robust_z,late_minus_early,0.20123639568569707,0.5574583455859623,5.0,140,0.04410783702879968,0.18746456008447232,5.0,140
0:10,143,outer_brow_L,baseline_robust_z,slope_per_second,0.19642043663116737,0.5499872444052387,5.0,140,0.027616288064034256,0.12434558620739299,5.0,140
0:10,144,eye_open_R,value,mean,0.7854755895340966,0.948206309102268,5.0,140,0.08520100029462327,0.3177235457969109,5.0,140
0:10,145,eye_open_R,value,std,0.3133309040243165,0.6952638799548075,5.0,140,-0.004668135325781393,-0.023784799275770336,5.0,140
0:10,146,eye_open_R,value,quantile_10,0.6750942944516047,0.9121965978233064,5.0,140,0.08480078873153654,0.31660912841940364,5.0,140
0:10,147,eye_open_R,value,quantile_90,0.7435324917868668,0.9354657471362923,5.0,140,0.014874156645801198,0.07019445023515182,5.0,140
0:10,148,eye_open_R,value,late_minus_early,0.18415253956494293,0.5302069053583077,5.0,140,0.017908730039404273,0.08355798090626909,5.0,140
0:10,149,eye_open_R,value,slope_per_second,0.18777255562598294,0.5361589974429811,5.0,140,0.019333908206420253,0.08973019928669058,5.0,140
0:10,150,eye_open_R,delta,mean,0.17993232636402706,0.5231414205513735,5.0,140,-0.017674770019812904,-0.09509712968604521,5.0,140
0:10,151,eye_open_R,delta,std,0.31333090408366004,0.6952638800132458,5.0,140,-0.004668133961936882,-0.023784792194568725,5.0,140
0:10,152,eye_open_R,delta,quantile_10,0.17251414959614872,0.5103797995908621,5.0,140,-0.03932380293120639,-0.2333189717106823,5.0,140
0:10,153,eye_open_R,delta,quantile_90,0.19167485608227983,0.5424659493367577,5.0,140,-0.0004605283414905004,-0.0023068912626813083,5.0,140
0:10,154,eye_open_R,delta,late_minus_early,0.18415253949648375,0.5302069052448074,5.0,140,0.01790873010966764,0.08355798121218724,5.0,140
0:10,155,eye_open_R,delta,slope_per_second,0.18777255636224166,0.5361589986435398,5.0,140,0.019333909518925056,0.08973020494086048,5.0,140
0:10,156,eye_open_R,velocity,mean,0.21202766630428274,0.5736335769681087,5.0,140,0.038175074204687486,0.16558976478987633,5.0,140
0:10,157,eye_open_R,velocity,std,0.4581440440685877,0.8087056014697871,5.0,140,0.06870675652776301,0.26947481940886414,5.0,140
0:10,158,eye_open_R,velocity,quantile_10,0.6014487220645891,0.8829784849024714,5.0,140,0.10380416428885095,0.3667430133895474,5.0,140
0:10,159,eye_open_R,velocity,quantile_90,0.5550680692443427,0.8618340647973775,5.0,140,0.09367664207413476,0.3407150450667218,5.0,140
0:10,160,eye_open_R,velocity,late_minus_early,0.16194140051118924,0.49139695691617724,5.0,140,-0.008223990061141275,-0.042518641857917316,5.0,140
0:10,161,eye_open_R,velocity,slope_per_second,0.16729311030204827,0.501125905784057,5.0,140,-0.013531344814925293,-0.07152821588729615,5.0,140
0:10,162,eye_open_R,acceleration,mean,0.09121792437038469,0.33416300059082477,5.0,140,-0.0010494025683841302,-0.005269130598654167,5.0,140
0:10,163,eye_open_R,acceleration,std,0.5237389871024445,0.8461170301495685,5.0,140,0.10813046908580813,0.3774129766235418,5.0,140
0:10,164,eye_open_R,acceleration,quantile_10,0.5650641613187259,0.8665946009766969,5.0,140,0.12525103315953323,0.41722414494420706,5.0,140
0:10,165,eye_open_R,acceleration,quantile_90,0.5788841562760418,0.8729871235517636,5.0,140,0.1617850500642708,0.49110892332971906,5.0,140
0:10,166,eye_open_R,acceleration,late_minus_early,0.15943754837003596,0.48675783707660114,5.0,140,0.04325576530046133,0.18437730139824673,5.0,140
0:10,167,eye_open_R,acceleration,slope_per_second,0.14146920195513918,0.45172519718214954,5.0,140,0.03430409527958579,0.15082483795146798,5.0,140
0:10,168,eye_open_R,abs_velocity,mean,0.6028624019108787,0.8835868490628396,5.0,140,0.12943270724932882,0.4264020496138903,5.0,140
0:10,169,eye_open_R,abs_velocity,std,0.3028729232379182,0.684770655488365,5.0,140,0.020993533959328445,0.09683595422280085,5.0,140
0:10,170,eye_open_R,abs_velocity,quantile_10,0.4092283474729327,0.7759609190079149,5.0,140,0.06794081285709848,0.2671126594544624,5.0,140
0:10,171,eye_open_R,abs_velocity,quantile_90,0.6168292560452273,0.8894907095940298,5.0,140,0.11691445392913348,0.3983028355695227,5.0,140
0:10,172,eye_open_R,abs_velocity,late_minus_early,0.18106709952217667,0.5250548572452045,5.0,140,0.029107575198933158,0.1303600196903775,5.0,140
0:10,173,eye_open_R,abs_velocity,slope_per_second,0.2137099080044227,0.5760872916327259,5.0,140,0.051092891481792774,0.21211432139075587,5.0,140
0:10,174,eye_open_R,baseline_robust_z,mean,0.15045973251638067,0.4696468842539186,5.0,140,-0.027853432930827367,-0.1567289183122639,5.0,140
0:10,175,eye_open_R,baseline_robust_z,std,0.019777196797041968,0.09163671462900132,5.0,140,-0.08470260065351612,-0.640531860969943,5.0,140
0:10,176,eye_open_R,baseline_robust_z,quantile_10,0.10783003818015206,0.3766803603484242,5.0,140,-0.03950066782383048,-0.23456527994333418,5.0,140
0:10,177,eye_open_R,baseline_robust_z,quantile_90,0.10569325609732455,0.37143400347603456,5.0,140,-0.04959701979279189,-0.3093580478538211,5.0,140
0:10,178,eye_open_R,baseline_robust_z,late_minus_early,0.15881743783186852,0.48560012102879113,5.0,140,0.013870058049296191,0.0657049636089489,5.0,140
0:10,179,eye_open_R,baseline_robust_z,slope_per_second,0.1534087807054153,0.4753515170057749,5.0,140,0.014263038283310079,0.0674661048701929,5.0,140
0:10,180,eye_open_L,value,mean,0.8110823570861532,0.9554894015407449,5.0,140,0.0784544362965452,0.2985742755568712,5.0,140
0:10,181,eye_open_L,value,std,0.32140816398601746,0.7031054687422229,5.0,140,0.012123700783491813,0.05781478719424208,5.0,140
0:10,182,eye_open_L,value,quantile_10,0.7343571626648541,0.9325339299060931,5.0,140,0.0827724171890071,0.3109197642047743,5.0,140
0:10,183,eye_open_L,value,quantile_90,0.7672589135392317,0.9428019053548966,5.0,140,0.01559285928730875,0.07338704120825476,5.0,140
0:10,184,eye_open_L,value,late_minus_early,0.1740053664037414,0.5129810262768351,5.0,140,0.010283341737408028,0.04938532403171703,5.0,140
0:10,185,eye_open_L,value,slope_per_second,0.17392809663006517,0.5128466891339389,5.0,140,0.005207707437355325,0.02550720102484384,5.0,140
0:10,186,eye_open_L,delta,mean,0.18420210360461547,0.5302890695238027,5.0,140,-0.01025276992630772,-0.05345614380589651,5.0,140
0:10,187,eye_open_L,delta,std,0.32140816123130406,0.7031054661056879,5.0,140,0.012123700271745754,0.05781478486672998,5.0,140
0:10,188,eye_open_L,delta,quantile_10,0.1822011760086456,0.5269570807605835,5.0,140,-0.025090452797924916,-0.13944746404752345,5.0,140
0:10,189,eye_open_L,delta,quantile_90,0.20344137797098882,0.5608260181319541,5.0,140,0.005111857141223253,0.025047136178354218,5.0,140
0:10,190,eye_open_L,delta,late_minus_early,0.1740053672330916,0.5129810277184367,5.0,140,0.01028334311006402,0.04938533036339739,5.0,140
0:10,191,eye_open_L,delta,slope_per_second,0.17392809807124476,0.5128466916399543,5.0,140,0.00520770723966565,0.025507200076323962,5.0,140
0:10,192,eye_open_L,velocity,mean,0.23476415777619206,0.605356630668482,5.0,140,0.04822866209011626,0.20214632352952264,5.0,140
0:10,193,eye_open_L,velocity,std,0.4224108602078942,0.7852543831558846,5.0,140,0.06083348504655033,0.2446385604073509,5.0,140
0:10,194,eye_open_L,velocity,quantile_10,0.5755706317559539,0.8714739381713159,5.0,140,0.07969586709301152,0.30215675660307967,5.0,140
0:10,195,eye_open_L,velocity,quantile_90,0.5300653755576118,0.8493925511991652,5.0,140,0.07376852723431081,0.2848042699843885,5.0,140
0:10,196,eye_open_L,velocity,late_minus_early,0.2012597571450455,0.5574941980710344,5.0,140,0.015061067476037554,0.07102640355415044,5.0,140
0:10,197,eye_open_L,velocity,slope_per_second,0.20621196418257504,0.5650113882700845,5.0,140,0.010546666034980234,0.050598738200531554,5.0,140
0:10,198,eye_open_L,acceleration,mean,0.11294005623284403,0.38897627271122764,5.0,140,0.02079431416084353,0.09598758667294408,5.0,140
0:10,199,eye_open_L,acceleration,std,0.49171347108650626,0.8286782737783752,5.0,140,0.07310743140021117,0.2828294256626752,5.0,140
0:10,200,eye_open_L,acceleration,quantile_10,0.576436488952953,0.8718705197831725,5.0,140,0.10058501639293572,0.35863275557176133,5.0,140
0:10,201,eye_open_L,acceleration,quantile_90,0.5659779117694215,0.8670239469811701,5.0,140,0.13563220958265504,0.43964237884019425,5.0,140
0:10,202,eye_open_L,acceleration,late_minus_early,0.14975182323161498,0.4682649788217765,5.0,140,0.034141095854842284,0.15019428882738847,5.0,140
0:10,203,eye_open_L,acceleration,slope_per_second,0.1287293888341693,0.42487258920687704,5.0,140,0.02467785744836754,0.11230363487256317,5.0,140
0:10,204,eye_open_L,abs_velocity,mean,0.5875820601890696,0.8769022286252662,5.0,140,0.11640420273000546,0.39711676975421095,5.0,140
0:10,205,eye_open_L,abs_velocity,std,0.26790985030177694,0.6466131367883585,5.0,140,0.01709019876080924,0.07998327362863214,5.0,140
0:10,206,eye_open_L,abs_velocity,quantile_10,0.44944773311496383,0.8032189394505674,5.0,140,0.04477604966954359,0.18987316693359008,5.0,140
0:10,207,eye_open_L,abs_velocity,quantile_90,0.5809745741261779,0.8739355454062918,5.0,140,0.10110303227005968,0.35994787490290653,5.0,140
0:10,208,eye_open_L,abs_velocity,late_minus_early,0.1665941931472817,0.49986952497074405,5.0,140,0.023158165196837954,0.10597415777481045,5.0,140
0:10,209,eye_open_L,abs_velocity,slope_per_second,0.19342669206126772,0.5452611883886722,5.0,140,0.04132041991221548,0.17729798997898386,5.0,140
0:10,210,eye_open_L,baseline_robust_z,mean,0.17128285033632423,0.5082180837636263,5.0,140,-0.005210975970633188,-0.026609526260908043,5.0,140
0:10,211,eye_open_L,baseline_robust_z,std,0.06259709798756775,0.2503106170472882,5.0,140,-0.06518053286320237,-0.440839200227199,5.0,140
0:10,212,eye_open_L,baseline_robust_z,quantile_10,0.1277464648540187,0.4227255472244681,5.0,140,-0.0378399265151543,-0.22294443703292474,5.0,140
0:10,213,eye_open_L,baseline_robust_z,quantile_90,0.14006953473600267,0.4488607871888826,5.0,140,-0.012851861177002797,-0.06774173540212336,5.0,140
0:10,214,eye_open_L,baseline_robust_z,late_minus_early,0.14729323459472815,0.46342733077552717,5.0,140,0.0039962518907157,0.019666884161518676,5.0,140
0:10,215,eye_open_L,baseline_robust_z,slope_per_second,0.1498413559751975,0.4684400254500321,5.0,140,0.00570318717838997,0.027879918321135216,5.0,140
0:10,216,lid_cheek_gap_R,value,mean,0.5852578173244699,0.8758640224391888,5.0,140,0.07621131052260594,0.2920319899412432,5.0,140
0:10,217,lid_cheek_gap_R,value,std,0.4384099755965252,0.7960553869382694,5.0,140,0.10537207001277045,0.37063995353160367,5.0,140
0:10,218,lid_cheek_gap_R,value,quantile_10,0.3590201608207832,0.7368806977114841,5.0,140,0.10042507389391386,0.35822591395213665,5.0,140
0:10,219,lid_cheek_gap_R,value,quantile_90,0.6570324920173157,0.9054698946837351,5.0,140,0.048505338812883145,0.20311755145562285,5.0,140
0:10,220,lid_cheek_gap_R,value,late_minus_early,0.24803406601756986,0.6225328821402841,5.0,140,0.06276940763028602,0.2508613618330744,5.0,140
0:10,221,lid_cheek_gap_R,value,slope_per_second,0.25454089274686426,0.6306250306121649,5.0,140,0.07615239195150691,0.291858935541815,5.0,140
0:10,222,lid_cheek_gap_R,delta,mean,0.1543307959864779,0.47711798581265874,5.0,140,-0.005993059523420917,-0.03070127591307264,5.0,140
0:10,223,lid_cheek_gap_R,delta,std,0.43840997602850584,0.796055387223122,5.0,140,0.10537206887690687,0.3706399507209353,5.0,140
0:10,224,lid_cheek_gap_R,delta,quantile_10,0.11037093246369677,0.38283794044215597,5.0,140,-0.006907597257765002,-0.03551940116105525,5.0,140
0:10,225,lid_cheek_gap_R,delta,quantile_90,0.20798474421532234,0.5676628611605509,5.0,140,0.013970889515765257,0.06615734002617582,5.0,140
0:10,226,lid_cheek_gap_R,delta,late_minus_early,0.2480340707469088,0.6225328880987213,5.0,140,0.06276940895643318,0.25086136606943776,5.0,140
0:10,227,lid_cheek_gap_R,delta,slope_per_second,0.25454089408397673,0.6306250322536058,5.0,140,0.07615239028527658,0.29185893064691387,5.0,140
0:10,228,lid_cheek_gap_R,velocity,mean,0.2261321943797546,0.5936696705479328,5.0,140,0.0077630324724907215,0.037646168643864865,5.0,140
0:10,229,lid_cheek_gap_R,velocity,std,0.28098984934228405,0.661476508661924,5.0,140,-0.06604158748718322,-0.4487535157068583,5.0,140
0:10,230,lid_cheek_gap_R,velocity,quantile_10,0.514744047720461,0.8413665481522924,5.0,140,0.0097625184079599,0.04697809400963959,5.0,140
0:10,231,lid_cheek_gap_R,velocity,quantile_90,0.4978958016564709,0.8321610452848351,5.0,140,0.02203187643996573,0.10123756785552626,5.0,140
0:10,232,lid_cheek_gap_R,velocity,late_minus_early,0.18826550596216934,0.5369619083666267,5.0,140,-0.017824686553223147,-0.09596566431097564,5.0,140
0:10,233,lid_cheek_gap_R,velocity,slope_per_second,0.21344141125188368,0.5756968574391078,5.0,140,-0.012272434956674728,-0.06452993237468121,5.0,140
0:10,234,lid_cheek_gap_R,acceleration,mean,0.07849645129176265,0.2986959637733042,5.0,140,-0.005450327579006475,-0.027859000612479395,5.0,140
0:10,235,lid_cheek_gap_R,acceleration,std,0.40268492089545455,0.7712084882070449,5.0,140,0.01954860825138908,0.09065437389106025,5.0,140
0:10,236,lid_cheek_gap_R,acceleration,quantile_10,0.5013855667094256,0.8341016731682185,5.0,140,0.08730223760630991,0.3235311979615695,5.0,140
0:10,237,lid_cheek_gap_R,acceleration,quantile_90,0.5301434321897751,0.8494326336596238,5.0,140,0.10454187549684267,0.3685808458815384,5.0,140
0:10,238,lid_cheek_gap_R,acceleration,late_minus_early,0.09735120078291984,0.3503341882923284,5.0,140,-0.005072869095071991,-0.025889685415460866,5.0,140
0:10,239,lid_cheek_gap_R,acceleration,slope_per_second,0.08775182866297351,0.32476444691042994,5.0,140,-0.013174807727838581,-0.06953867323739986,5.0,140
0:10,240,lid_cheek_gap_R,abs_velocity,mean,0.5331403114494653,0.8509655033315635,5.0,140,0.006878820286509794,0.0334730802194859,5.0,140
0:10,241,lid_cheek_gap_R,abs_velocity,std,0.1524289524022842,0.4734654138710865,5.0,140,-0.07113605333254015,-0.497138010887088,5.0,140
0:10,242,lid_cheek_gap_R,abs_velocity,quantile_10,0.4890903170409868,0.8271829331344492,5.0,140,0.08234422320131798,0.30970984845220945,5.0,140
0:10,243,lid_cheek_gap_R,abs_velocity,quantile_90,0.4944039067017985,0.8302010209960052,5.0,140,0.016344173219065696,0.07670607649084349,5.0,140
0:10,244,lid_cheek_gap_R,abs_velocity,late_minus_early,0.16624939256225868,0.4992481536696557,5.0,140,-0.025616225316845334,-0.14270319541273208,5.0,140
0:10,245,lid_cheek_gap_R,abs_velocity,slope_per_second,0.18264804221608524,0.5277038851272036,5.0,140,-0.006233247101456522,-0.0319631729272922,5.0,140
0:10,246,lid_cheek_gap_R,baseline_robust_z,mean,0.08501776229545545,0.3172136370954469,5.0,140,-0.02762217054496423,-0.15526598701776925,5.0,140
0:10,247,lid_cheek_gap_R,baseline_robust_z,std,0.07625209915471307,0.29215175684798167,5.0,140,-0.03955794119203905,-0.23496931540273563,5.0,140
0:10,248,lid_cheek_gap_R,baseline_robust_z,quantile_10,0.06164023533577095,0.24724116283219105,5.0,140,-0.010470140781699866,-0.05463901669644087,5.0,140
0:10,249,lid_cheek_gap_R,baseline_robust_z,quantile_90,0.08049797307605595,0.304457136025806,5.0,140,-0.05065647863202679,-0.317645629291099,5.0,140
0:10,250,lid_cheek_gap_R,baseline_robust_z,late_minus_early,0.1393644462167295,0.44741002796630513,5.0,140,0.03018965756769945,0.13468402897957174,5.0,140
0:10,251,lid_cheek_gap_R,baseline_robust_z,slope_per_second,0.14019259722870708,0.44911345776549527,5.0,140,0.03221373721823105,0.14268324398273674,5.0,140
0:10,252,lid_cheek_gap_L,value,mean,0.630273718585884,0.894996785202203,5.0,140,0.08360963132581589,0.313276444513676,5.0,140
0:10,253,lid_cheek_gap_L,value,std,0.4497856601751848,0.8034346903853838,5.0,140,0.11904007283773427,0.40320849143283893,5.0,140
0:10,254,lid_cheek_gap_L,value,quantile_10,0.4002777959664486,0.7694361518440597,5.0,140,0.12335969610275603,0.4130055325682669,5.0,140
0:10,255,lid_cheek_gap_L,value,quantile_90,0.6928808560595417,0.9185689416730866,5.0,140,0.05654075285398796,0.23055969038201404,5.0,140
0:10,256,lid_cheek_gap_L,value,late_minus_early,0.24468112966036856,0.6182799256673648,5.0,140,0.0405583806160723,0.17448464457502558,5.0,140
0:10,257,lid_cheek_gap_L,value,slope_per_second,0.24662996699734477,0.6207588732726014,5.0,140,0.05188834279381605,0.21484906602229584,5.0,140
0:10,258,lid_cheek_gap_L,delta,mean,0.15196295108035307,0.4725651663664627,5.0,140,-0.02207869193822859,-0.12108725225157979,5.0,140
0:10,259,lid_cheek_gap_L,delta,std,0.44978566171336254,0.8034346913669655,5.0,140,0.11904007755341436,0.40320850225333815,5.0,140
0:10,260,lid_cheek_gap_L,delta,quantile_10,0.07692273121356373,0.2941166362462022,5.0,140,-0.04136690318063533,-0.24784480393618316,5.0,140
0:10,261,lid_cheek_gap_L,delta,quantile_90,0.2239807210675253,0.5906904835788038,5.0,140,0.012097724943776192,0.05769663274629402,5.0,140
0:10,262,lid_cheek_gap_L,delta,late_minus_early,0.244681130643769,0.6182799269231916,5.0,140,0.04055837872361679,0.17448463757001348,5.0,140
0:10,263,lid_cheek_gap_L,delta,slope_per_second,0.24662996758638817,0.6207588740189324,5.0,140,0.05188834422986601,0.21484907094639605,5.0,140
0:10,264,lid_cheek_gap_L,velocity,mean,0.22413689416110222,0.590907649566248,5.0,140,0.00989754220065236,0.04760309638197261,5.0,140
0:10,265,lid_cheek_gap_L,velocity,std,0.23564034238444226,0.6065196860177259,5.0,140,-0.07372721135839021,-0.522820424571381,5.0,140
0:10,266,lid_cheek_gap_L,velocity,quantile_10,0.5056416399000324,0.8364441773730968,5.0,140,0.011353350729128445,0.05430077085990411,5.0,140
0:10,267,lid_cheek_gap_L,velocity,quantile_90,0.4823174015407765,0.8232724644498298,5.0,140,0.021847502275903142,0.10045844679919894,5.0,140
0:10,268,lid_cheek_gap_L,velocity,late_minus_early,0.1775005985534358,0.5190068714349676,5.0,140,-0.019515647695845826,-0.1058404155246751,5.0,140
0:10,269,lid_cheek_gap_L,velocity,slope_per_second,0.19012469021921663,0.5399739393298966,5.0,140,-0.014323352694892405,-0.07596930401609411,5.0,140
0:10,270,lid_cheek_gap_L,acceleration,mean,0.07203125628444369,0.2795973018098123,5.0,140,-0.00941457707466416,-0.0489149392354598,5.0,140
0:10,271,lid_cheek_gap_L,acceleration,std,0.3758619535001138,0.750688613116114,5.0,140,0.0047104913168699875,0.023116888965372208,5.0,140
0:10,272,lid_cheek_gap_L,acceleration,quantile_10,0.5117102767746537,0.8397390260727036,5.0,140,0.10241645719920348,0.36326502035811764,5.0,140
0:10,273,lid_cheek_gap_L,acceleration,quantile_90,0.5322451904034795,0.8505088892412193,5.0,140,0.09406585916108377,0.34174365407265056,5.0,140
0:10,274,lid_cheek_gap_L,acceleration,late_minus_early,0.09657302809494807,0.3483141367989356,5.0,140,-0.006591341108537125,-0.03384915073767074,5.0,140
0:10,275,lid_cheek_gap_L,acceleration,slope_per_second,0.08457447175863114,0.31597775270360773,5.0,140,-0.017193559965718412,-0.09231681887315166,5.0,140
0:10,276,lid_cheek_gap_L,abs_velocity,mean,0.5211547847773577,0.8447635855099793,5.0,140,0.0037282085545885992,0.018367136708148525,5.0,140
0:10,277,lid_cheek_gap_L,abs_velocity,std,0.11130586201066645,0.3850818437848252,5.0,140,-0.0819705657054619,-0.6097932041610046,5.0,140
0:10,278,lid_cheek_gap_L,abs_velocity,quantile_10,0.46585487765591843,0.8134590057927835,5.0,140,0.017359351354019444,0.0811611379315163,5.0,140
0:10,279,lid_cheek_gap_L,abs_velocity,quantile_90,0.4863445510293104,0.8256062843635263,5.0,140,0.025984921563784534,0.11769176290750273,5.0,140
0:10,280,lid_cheek_gap_L,abs_velocity,late_minus_early,0.1544079208854621,0.47726538264687596,5.0,140,-0.03144451785189354,-0.17984287984243302,5.0,140
0:10,281,lid_cheek_gap_L,abs_velocity,slope_per_second,0.17059410596148525,0.5070033779108252,5.0,140,-0.01376372035184806,-0.07282814674119706,5.0,140
0:10,282,lid_cheek_gap_L,baseline_robust_z,mean,0.08603419547642863,0.32003512080983865,5.0,140,-0.038752984099614286,-0.22931083744804467,5.0,140
0:10,283,lid_cheek_gap_L,baseline_robust_z,std,0.09433022666642929,0.3424409889151698,5.0,140,-0.04816770174432798,-0.2983151244908243,5.0,140
0:10,284,lid_cheek_gap_L,baseline_robust_z,quantile_10,0.04716054285641906,0.1983798993092007,5.0,140,-0.018944930570054853,-0.10249142453785716,5.0,140
0:10,285,lid_cheek_gap_L,baseline_robust_z,quantile_90,0.10201832193813606,0.3622621167005081,5.0,140,-0.0539118825910964,-0.3436712745746958,5.0,140
0:10,286,lid_cheek_gap_L,baseline_robust_z,late_minus_early,0.12497014602089039,0.41660031920890594,5.0,140,0.005880107902340135,0.028724917064402836,5.0,140
0:10,287,lid_cheek_gap_L,baseline_robust_z,slope_per_second,0.12537753620490413,0.41750479221692616,5.0,140,0.01231865764603026,0.058700826680487754,5.0,140
0:10,288,alar_extent_R,value,mean,0.8310080622282022,0.960917974694965,5.0,140,0.14284665736003313,0.4545242230135552,5.0,140
0:10,289,alar_extent_R,value,std,0.25436568373796287,0.6304098691171948,5.0,140,0.0574704817415158,0.23364227281267144,5.0,140
0:10,290,alar_extent_R,value,quantile_10,0.8235978803393126,0.9589226741941463,5.0,140,0.13725432568155216,0.44303677383070555,5.0,140
0:10,291,alar_extent_R,value,quantile_90,0.666298849826295,0.9089540627937693,5.0,140,0.10788788121012834,0.3768215091739291,5.0,140
0:10,292,alar_extent_R,value,late_minus_early,0.21595857031447965,0.5793395166246412,5.0,140,0.027754453328948124,0.12490552804961769,5.0,140
0:10,293,alar_extent_R,value,slope_per_second,0.19720679641254604,0.5512181332957196,5.0,140,0.018332975954456213,0.08540217564225057,5.0,140
0:10,294,alar_extent_R,delta,mean,0.2128034264767453,0.5747673156203342,5.0,140,0.03307248213892149,0.1460424636166628,5.0,140
0:10,295,alar_extent_R,delta,std,0.2543656804246208,0.6304098650469058,5.0,140,0.05747048197442452,0.23364227358256184,5.0,140
0:10,296,alar_extent_R,delta,quantile_10,0.21529261863213048,0.5783796314700005,5.0,140,0.049804573622644656,0.2076543272040449,5.0,140
0:10,297,alar_extent_R,delta,quantile_90,0.23056980557066067,0.5997302652443662,5.0,140,0.025611829522844704,0.11615897241777232,5.0,140
0:10,298,alar_extent_R,delta,late_minus_early,0.21595857737659474,0.5793395267892391,5.0,140,0.02775445916881114,0.12490555170503484,5.0,140
0:10,299,alar_extent_R,delta,slope_per_second,0.19720679823146653,0.5512181361378693,5.0,140,0.018332978491537734,0.08540218665349353,5.0,140
0:10,300,alar_extent_R,velocity,mean,0.18190120999660422,0.526454909671457,5.0,140,-0.012604337449351752,-0.06636777455160234,5.0,140
0:10,301,alar_extent_R,velocity,std,0.21249670079496133,0.5743195044140637,5.0,140,0.016553111198029293,0.0776257643534479,5.0,140
0:10,302,alar_extent_R,velocity,quantile_10,0.45057125754083766,0.8039354539080791,5.0,140,0.11681169441855085,0.3980642390767903,5.0,140
0:10,303,alar_extent_R,velocity,quantile_90,0.5035986385857231,0.835323030059518,5.0,140,0.12655089209119114,0.4200988988114776,5.0,140
0:10,304,alar_extent_R,velocity,late_minus_early,0.1503137487657249,0.4693623102790707,5.0,140,-0.025337010121785644,-0.14097231889151152,5.0,140
0:10,305,alar_extent_R,velocity,slope_per_second,0.15004218652413884,0.4688323868659199,5.0,140,-0.024917975668251373,-0.13838275036751013,5.0,140
0:10,306,alar_extent_R,acceleration,mean,0.008332997350344757,0.040321007361690975,5.0,140,-0.07823702764451047,-0.5693676769474729,5.0,140
0:10,307,alar_extent_R,acceleration,std,0.1702240435712161,0.5063490719277701,5.0,140,0.01803516908439461,0.08410822144162351,5.0,140
0:10,308,alar_extent_R,acceleration,quantile_10,0.49697031206262676,0.8316433465245944,5.0,140,0.15771791887802367,0.48353871505095625,5.0,140
0:10,309,alar_extent_R,acceleration,quantile_90,0.46699171043510074,0.8141511673679437,5.0,140,0.1403785251397928,0.4494949007809916,5.0,140
0:10,310,alar_extent_R,acceleration,late_minus_early,0.009832589939316606,0.04730252439471214,5.0,140,-0.0819494491930715,-0.6095595105131666,5.0,140
0:10,311,alar_extent_R,acceleration,slope_per_second,0.006231534388723157,0.03039991937169917,5.0,140,-0.07903071036959154,-0.5778136422953178,5.0,140
0:10,312,alar_extent_R,abs_velocity,mean,0.43801808662580666,0.7957968241320961,5.0,140,0.1000394969896883,0.35724360340054473,5.0,140
0:10,313,alar_extent_R,abs_velocity,std,0.13604654513592457,0.4405121184546006,5.0,140,-0.002483923912639617,-0.012544255467687886,5.0,140
0:10,314,alar_extent_R,abs_velocity,quantile_10,0.33409139159249485,0.7149809867117114,5.0,140,0.05130790285737073,0.21285494991504675,5.0,140
0:10,315,alar_extent_R,abs_velocity,quantile_90,0.45890433814160697,0.8091788860832494,5.0,140,0.10684718444704325,0.3742750016810752,5.0,140
0:10,316,alar_extent_R,abs_velocity,late_minus_early,0.13792549189368677,0.4444329348542982,5.0,140,0.03293113479073383,0.1454909461232099,5.0,140
0:10,317,alar_extent_R,abs_velocity,slope_per_second,0.1558897795612609,0.4800865512361727,5.0,140,0.041945372535818724,0.17959426866182154,5.0,140
0:10,318,alar_extent_R,baseline_robust_z,mean,0.1884621298935836,0.5372816631259696,5.0,140,0.015302947208450582,0.07210128727116505,5.0,140
0:10,319,alar_extent_R,baseline_robust_z,std,0.184224409451976,0.5303260406424443,5.0,140,0.014100357731922978,0.06673768758312157,5.0,140
0:10,320,alar_extent_R,baseline_robust_z,quantile_10,0.19090100863182705,0.5412241208752777,5.0,140,0.0246879701726092,0.11234551952300506,5.0,140
0:10,321,alar_extent_R,baseline_robust_z,quantile_90,0.1998331534985639,0.5552979808857116,5.0,140,0.023678809594384072,0.1081505434668021,5.0,140
0:10,322,alar_extent_R,baseline_robust_z,late_minus_early,0.19090818056155373,0.54123565001223,5.0,140,0.013387265595758176,0.06353413463952687,5.0,140
0:10,323,alar_extent_R,baseline_robust_z,slope_per_second,0.17591154398630302,0.516279572807142,5.0,140,0.006711896805978024,0.032682049845993565,5.0,140
0:10,324,alar_extent_L,value,mean,0.9094049860152725,0.9804651922586405,5.0,140,0.18646956338401288,0.5340279684632728,5.0,140
0:10,325,alar_extent_L,value,std,0.2346895527783422,0.6052574050571454,5.0,140,0.0022390680349863826,0.011095961722094417,5.0,140
0:10,326,alar_extent_L,value,quantile_10,0.8372112504773787,0.9625673599654292,5.0,140,0.08570400265210146,0.3191204229582819,5.0,140
0:10,327,alar_extent_L,value,quantile_90,0.889546736809346,0.9757681585970059,5.0,140,0.20007835974849247,0.5556764600399193,5.0,140
0:10,328,alar_extent_L,value,late_minus_early,0.17285219595735687,0.5109710840155729,5.0,140,-0.04578936021843633,-0.2802826548815935,5.0,140
0:10,329,alar_extent_L,value,slope_per_second,0.16626137089140336,0.4992697572902416,5.0,140,-0.04955485209207689,-0.309030005273815,5.0,140
0:10,330,alar_extent_L,delta,mean,0.2175345283720142,0.5816001684663903,5.0,140,0.014770275399340376,0.0697315596372321,5.0,140
0:10,331,alar_extent_L,delta,std,0.2346895536496643,0.6052574062161935,5.0,140,0.0022390657990281567,0.011095950739903111,5.0,140
0:10,332,alar_extent_L,delta,quantile_10,0.18019747002627148,0.5235894053934903,5.0,140,0.013730040659191494,0.06507620740167364,5.0,140
0:10,333,alar_extent_L,delta,quantile_90,0.252141525200284,0.6276654900720342,5.0,140,0.01791268847288619,0.0835752151894582,5.0,140
0:10,334,alar_extent_L,delta,late_minus_early,0.17285219492542025,0.5109710822120326,5.0,140,-0.045789361542474226,-0.2802826648034675,5.0,140
0:10,335,alar_extent_L,delta,slope_per_second,0.16626136641362252,0.499269749214533,5.0,140,-0.04955486093778013,-0.30903007407427,5.0,140
0:10,336,alar_extent_L,velocity,mean,0.21008324082885613,0.5707750853149525,5.0,140,-0.010594405846360185,-0.05531619824828095,5.0,140
0:10,337,alar_extent_L,velocity,std,0.1581139857206019,0.48428255111565816,5.0,140,-0.02574973938511877,-0.14353238271894578,5.0,140
0:10,338,alar_extent_L,velocity,quantile_10,0.40314743394377867,0.7715475346613714,5.0,140,0.01125845557905924,0.05386646507816245,5.0,140
0:10,339,alar_extent_L,velocity,quantile_90,0.4458624368483398,0.8009169866743245,5.0,140,0.0562695901155871,0.22965710574771225,5.0,140
0:10,340,alar_extent_L,velocity,late_minus_early,0.21969620547176635,0.5846763368332459,5.0,140,0.00466161448477166,0.02288141507998262,5.0,140
0:10,341,alar_extent_L,velocity,slope_per_second,0.20325821014262785,0.560547513520682,5.0,140,-0.009284124556175307,-0.048211010901636195,5.0,140
0:10,342,alar_extent_L,acceleration,mean,0.05155341691956772,0.2136993565111815,5.0,140,-0.02543476213670922,-0.14157780150390648,5.0,140
0:10,343,alar_extent_L,acceleration,std,0.08907605541110834,0.32837785944184866,5.0,140,-0.03955311853172755,-0.23493528542552128,5.0,140
0:10,344,alar_extent_L,acceleration,quantile_10,0.47674096717426173,0.8199980954492315,5.0,140,0.09760091866170699,0.3509805117801429,5.0,140
0:10,345,alar_extent_L,acceleration,quantile_90,0.5120236243219871,0.8399077272334596,5.0,140,0.13213581222077603,0.43222791477220796,5.0,140
0:10,346,alar_extent_L,acceleration,late_minus_early,0.025088678707187367,0.11400268644776049,5.0,140,-0.04967023822199937,-0.3099279768839491,5.0,140
0:10,347,alar_extent_L,acceleration,slope_per_second,0.013458792812859475,0.06385625181249667,5.0,140,-0.05294772868612852,-0.3358736258981735,5.0,140
0:10,348,alar_extent_L,abs_velocity,mean,0.3980163454151,0.7677590778210667,5.0,140,0.028339772673761098,0.1272714837046385,5.0,140
0:10,349,alar_extent_L,abs_velocity,std,0.09794378851210007,0.3518664211931103,5.0,140,-0.033556803564515625,-0.1937968258944441,5.0,140
0:10,350,alar_extent_L,abs_velocity,quantile_10,0.4036009828264432,0.7718795439250723,5.0,140,0.05388912893381016,0.22166443203677297,5.0,140
0:10,351,alar_extent_L,abs_velocity,quantile_90,0.3467560685380188,0.7263354468005869,5.0,140,0.00951734975409379,0.045841587099629245,5.0,140
0:10,352,alar_extent_L,abs_velocity,late_minus_early,0.1260677202362678,0.41903264177082483,5.0,140,0.014408117686847063,0.06811495526733119,5.0,140
0:10,353,alar_extent_L,abs_velocity,slope_per_second,0.1371506025339356,0.4428205769159099,5.0,140,0.0272867980558864,0.12300801123241188,5.0,140
0:10,354,alar_extent_L,baseline_robust_z,mean,0.19888016629842312,0.5538231058927101,5.0,140,0.0015278488290452804,0.007592841290526968,5.0,140
0:10,355,alar_extent_L,baseline_robust_z,std,0.23458480815435515,0.6051180417928843,5.0,140,0.008464605702100688,0.040936967361097615,5.0,140
0:10,356,alar_extent_L,baseline_robust_z,quantile_10,0.14259637084785756,0.4540170943885195,5.0,140,-0.017044928323559656,-0.0914603844042617,5.0,140
0:10,357,alar_extent_L,baseline_robust_z,quantile_90,0.24526783105783143,0.6190282703551768,5.0,140,0.018020390355672815,0.08404393380182335,5.0,140
0:10,358,alar_extent_L,baseline_robust_z,late_minus_early,0.1438580430966522,0.45656692055083176,5.0,140,-0.05552759499001433,-0.3569117877364344,5.0,140
0:10,359,alar_extent_L,baseline_robust_z,slope_per_second,0.13730559824522653,0.443143601807332,5.0,140,-0.05942789731218372,-0.3897992969197524,5.0,140
0:10,360,nose_upperlip_R,value,mean,0.7794249528091264,0.9464324605234792,5.0,140,0.12756763819428849,0.4223337267607825,5.0,140
0:10,361,nose_upperlip_R,value,std,0.39331861970037846,0.7642375948242492,5.0,140,0.08458232397575084,0.3159996730052938,5.0,140
0:10,362,nose_upperlip_R,value,quantile_10,0.41441688277313454,0.7796627642938699,5.0,140,0.09735786282111147,0.35035144314284083,5.0,140
0:10,363,nose_upperlip_R,value,quantile_90,0.8345056630858783,0.9618502829106442,5.0,140,0.135132355106458,0.43859063421555694,5.0,140
0:10,364,nose_upperlip_R,value,late_minus_early,0.24162570679840129,0.6143538251181291,5.0,140,0.04762674717431355,0.20002716332824916,5.0,140
0:10,365,nose_upperlip_R,value,slope_per_second,0.24046082970160101,0.6128441231685583,5.0,140,0.05503159720070806,0.22551596992629655,5.0,140
0:10,366,nose_upperlip_R,delta,mean,0.1453892872090865,0.4596396890117401,5.0,140,-0.0019056069504703591,-0.009601219353685289,5.0,140
0:10,367,nose_upperlip_R,delta,std,0.3933186254116095,0.7642375991367332,5.0,140,0.0845823332047994,0.31599969876856193,5.0,140
0:10,368,nose_upperlip_R,delta,quantile_10,0.09105408732703144,0.33372304683641385,5.0,140,-0.010518477958542608,-0.05490234626912949,5.0,140
0:10,369,nose_upperlip_R,delta,quantile_90,0.19224677898055761,0.5433809473517084,5.0,140,0.018634454552333934,0.08670916107628177,5.0,140
0:10,370,nose_upperlip_R,delta,late_minus_early,0.24162570937801783,0.6143538284534374,5.0,140,0.047626749967974925,0.20002717318377647,5.0,140
0:10,371,nose_upperlip_R,delta,slope_per_second,0.2404608312060751,0.6128441251230151,5.0,140,0.055031597824745225,0.22551597202219778,5.0,140
0:10,372,nose_upperlip_R,velocity,mean,0.22506860355869374,0.5922002682158066,5.0,140,0.0004856726534543681,0.002423654855732476,5.0,140
0:10,373,nose_upperlip_R,velocity,std,0.2504704027164174,0.625587450718694,5.0,140,-0.048818613085871244,-0.3033246131431926,5.0,140
0:10,374,nose_upperlip_R,velocity,quantile_10,0.4265356099288114,0.788087876803879,5.0,140,-0.0037844182756530276,-0.019212930438587707,5.0,140
0:10,375,nose_upperlip_R,velocity,quantile_90,0.45087407276034935,0.8041281777349275,5.0,140,-0.003232767537435378,-0.016375591611042805,5.0,140
0:10,376,nose_upperlip_R,velocity,late_minus_early,0.2220077925295488,0.587934659245193,5.0,140,0.009130898835401413,0.04404578379323896,5.0,140
0:10,377,nose_upperlip_R,velocity,slope_per_second,0.23320300956122864,0.6032738956163273,5.0,140,0.004419500068372326,0.021713646493216103,5.0,140
0:10,378,nose_upperlip_R,acceleration,mean,0.046279209814006475,0.19525167595736348,5.0,140,-0.026014095354096073,-0.14517707819171358,5.0,140
0:10,379,nose_upperlip_R,acceleration,std,0.2532668188769219,0.6290570165198504,5.0,140,-0.026305968273288585,-0.1469974861992897,5.0,140
0:10,380,nose_upperlip_R,acceleration,quantile_10,0.46919895759054137,0.8154888029218831,5.0,140,0.04852066384479522,0.2031712948271051,5.0,140
0:10,381,nose_upperlip_R,acceleration,quantile_90,0.4606799316514324,0.8102802526394229,5.0,140,0.04471360613637552,0.18964854864761818,5.0,140
0:10,382,nose_upperlip_R,acceleration,late_minus_early,0.08842669249964753,0.3266094787268429,5.0,140,-0.005221557072851953,-0.02666471059711544,5.0,140
0:10,383,nose_upperlip_R,acceleration,slope_per_second,0.07620441690491342,0.2920117453802233,5.0,140,-0.013092091151243665,-0.06907795530584074,5.0,140
0:10,384,nose_upperlip_R,abs_velocity,mean,0.4732010690284795,0.8178933378516704,5.0,140,-0.0011283230714393083,-0.005667193055897621,5.0,140
0:10,385,nose_upperlip_R,abs_velocity,std,0.16982756208438002,0.5056467744793005,5.0,140,-0.04682157057892018,-0.2880569723391022,5.0,140
0:10,386,nose_upperlip_R,abs_velocity,quantile_10,0.3901517750148906,0.7618345176927286,5.0,140,0.04033042649190068,0.17364019928611316,5.0,140
0:10,387,nose_upperlip_R,abs_velocity,quantile_90,0.4540917606317321,0.8061658046962292,5.0,140,-0.001473250316602591,-0.007409918240588743,5.0,140
0:10,388,nose_upperlip_R,abs_velocity,late_minus_early,0.16939771180886987,0.5048838698900338,5.0,140,-0.010585226901549727,-0.05526615361156594,5.0,140
0:10,389,nose_upperlip_R,abs_velocity,slope_per_second,0.18078281240464827,0.524576443160275,5.0,140,0.010485641458951018,0.05031775168211821,5.0,140
0:10,390,nose_upperlip_R,baseline_robust_z,mean,0.07808729110369396,0.29750958518160797,5.0,140,-0.013628819661353979,-0.07207318824691392,5.0,140
0:10,391,nose_upperlip_R,baseline_robust_z,std,0.12580482980584387,0.4184513470424255,5.0,140,0.015611842392170705,0.07347113296778446,5.0,140
0:10,392,nose_upperlip_R,baseline_robust_z,quantile_10,0.08740615803964036,0.32381654853114517,5.0,140,0.009514881085399952,0.04583013238780727,5.0,140
0:10,393,nose_upperlip_R,baseline_robust_z,quantile_90,0.08163901691270957,0.30771038972096315,5.0,140,-0.010608324729910544,-0.055392092884714396,5.0,140
0:10,394,nose_upperlip_R,baseline_robust_z,late_minus_early,0.12781270769850017,0.4228705953178807,5.0,140,0.013445794988617591,0.06379773014216515,5.0,140
0:10,395,nose_upperlip_R,baseline_robust_z,slope_per_second,0.13159312870168302,0.4310649183772325,5.0,140,0.019327416008128654,0.0897022307206618,5.0,140
0:10,396,nose_upperlip_L,value,mean,0.7430591415242536,0.9353158216535407,5.0,140,0.13782145227869874,0.44421682796590317,5.0,140
0:10,397,nose_upperlip_L,value,std,0.387033409208512,0.759444880782205,5.0,140,0.0678846006050678,0.26693885326567773,5.0,140
0:10,398,nose_upperlip_L,value,quantile_10,0.38918533316195764,0.7610964163490618,5.0,140,0.08704033634046254,0.32281127418432504,5.0,140
0:10,399,nose_upperlip_L,value,quantile_90,0.8035478610386658,0.9533831954327028,5.0,140,0.14344868437187744,0.45574140310345235,5.0,140
0:10,400,nose_upperlip_L,value,late_minus_early,0.2302320755868359,0.5992729538772894,5.0,140,0.051404820116431826,0.21318844576114562,5.0,140
0:10,401,nose_upperlip_L,value,slope_per_second,0.23000498874401576,0.5989650996801312,5.0,140,0.06036249336366085,0.2431128706527223,5.0,140
0:10,402,nose_upperlip_L,delta,mean,0.14201545748181518,0.452837556438712,5.0,140,0.007976049860808153,0.03864724004956883,5.0,140
0:10,403,nose_upperlip_L,delta,std,0.38703341054264395,0.7594448818095692,5.0,140,0.06788460036176265,0.26693885251325417,5.0,140
0:10,404,nose_upperlip_L,delta,quantile_10,0.1094890387744813,0.3807106301061908,5.0,140,0.011397467028135464,0.054502570155493806,5.0,140
0:10,405,nose_upperlip_L,delta,quantile_90,0.1771771797841316,0.5184534315294703,5.0,140,0.016723919361563973,0.07837654475081716,5.0,140
0:10,406,nose_upperlip_L,delta,late_minus_early,0.2302320761072663,0.5992729545824863,5.0,140,0.05140481989521341,0.2131884450001697,5.0,140
0:10,407,nose_upperlip_L,delta,slope_per_second,0.23000499447420464,0.5989651074520357,5.0,140,0.06036249795244097,0.2431128855397775,5.0,140
0:10,408,nose_upperlip_L,velocity,mean,0.2098691070233931,0.5704588105021297,5.0,140,0.011356684121460401,0.054316021032881856,5.0,140
0:10,409,nose_upperlip_L,velocity,std,0.28657389077076445,0.6676011815425686,5.0,140,-0.05148457945187409,-0.32418501362336694,5.0,140
0:10,410,nose_upperlip_L,velocity,quantile_10,0.46076891967391065,0.8103353053994398,5.0,140,0.002255427076494063,0.011176306009712363,5.0,140
0:10,411,nose_upperlip_L,velocity,quantile_90,0.448093401269744,0.8023521645791211,5.0,140,-0.015569720061484915,-0.0830189260617722,5.0,140
0:10,412,nose_upperlip_L,velocity,late_minus_early,0.20145680570153782,0.55779645792604,5.0,140,0.006973560237336855,0.033921584339728285,5.0,140
0:10,413,nose_upperlip_L,velocity,slope_per_second,0.2173895285111441,0.5813928084879013,5.0,140,0.0041602177406275835,0.020460606392348136,5.0,140
0:10,414,nose_upperlip_L,acceleration,mean,0.06417053726566592,0.2553172944866351,5.0,140,-0.002389410796515359,-0.012062341538994917,5.0,140
0:10,415,nose_upperlip_L,acceleration,std,0.3004799711994771,0.6823135875060574,5.0,140,-0.0031054030812271297,-0.01572231186902397,5.0,140
0:10,416,nose_upperlip_L,acceleration,quantile_10,0.47201855259040415,0.8171856368803324,5.0,140,0.04996799934710605,0.20822220810162945,5.0,140
0:10,417,nose_upperlip_L,acceleration,quantile_90,0.46873135500776203,0.8152061123775167,5.0,140,0.06325235258477065,0.252401745999871,5.0,140
0:10,418,nose_upperlip_L,acceleration,late_minus_early,0.10153039258065279,0.3610299234559012,5.0,140,0.013425510418655558,0.06370638893950861,5.0,140
0:10,419,nose_upperlip_L,acceleration,slope_per_second,0.08879627023483154,0.327616764247743,5.0,140,0.0040972573931792305,0.020155950497132428,5.0,140
0:10,420,nose_upperlip_L,abs_velocity,mean,0.48855866720084834,0.8268785691942645,5.0,140,-0.012059260333404398,-0.06335222559145359,5.0,140
0:10,421,nose_upperlip_L,abs_velocity,std,0.1943007853439888,0.5466476533277909,5.0,140,-0.04574441110719938,-0.27994589618798266,5.0,140
0:10,422,nose_upperlip_L,abs_velocity,quantile_10,0.39658908455596503,0.7666945940409673,5.0,140,0.006393747942308002,0.031171528136026742,5.0,140
0:10,423,nose_upperlip_L,abs_velocity,quantile_90,0.4793264442642834,0.8215224609533553,5.0,140,-0.0042911760348156745,-0.02183059589377889,5.0,140
0:10,424,nose_upperlip_L,abs_velocity,late_minus_early,0.16805308702058935,0.50248728043812,5.0,140,-0.001848304127382102,-0.0093103541005563,5.0,140
0:10,425,nose_upperlip_L,abs_velocity,slope_per_second,0.17670304779474097,0.517640572020654,5.0,140,0.016980885291824992,0.07950421840717144,5.0,140
0:10,426,nose_upperlip_L,baseline_robust_z,mean,0.07053912321558131,0.2750800062561303,5.0,140,-0.009259274258425905,-0.04807700395261218,5.0,140
0:10,427,nose_upperlip_L,baseline_robust_z,std,0.1331018634279313,0.4342900548595552,5.0,140,0.010248267349717613,0.04922351383009473,5.0,140
0:10,428,nose_upperlip_L,baseline_robust_z,quantile_10,0.09107310191590685,0.33377412864105505,5.0,140,0.012835046442330921,0.061041357574184274,5.0,140
0:10,429,nose_upperlip_L,baseline_robust_z,quantile_90,0.06201409427575189,0.24844268020848226,5.0,140,-0.01906335415661863,-0.1031849778918759,5.0,140
0:10,430,nose_upperlip_L,baseline_robust_z,late_minus_early,0.1338178524968057,0.4358117125945809,5.0,140,0.028703029438403103,0.12873482886174922,5.0,140
0:10,431,nose_upperlip_L,baseline_robust_z,slope_per_second,0.13893087680957503,0.4465153228165951,5.0,140,0.03608149666263359,0.15765392503339398,5.0,140
0:10,432,corner_horizontal_R,value,mean,0.7589513696392575,0.9402724854700064,5.0,140,0.21168015687834527,0.5731244719006948,5.0,140
0:10,433,corner_horizontal_R,value,std,0.17799603385514795,0.519853047036031,5.0,140,0.02072191575762014,0.0956789723674083,5.0,140
0:10,434,corner_horizontal_R,value,quantile_10,0.7289209284081648,0.9307709479578089,5.0,140,0.18177378899013372,0.5262413838716347,5.0,140
0:10,435,corner_horizontal_R,value,quantile_90,0.44095830968905486,0.7977295871285907,5.0,140,0.10000027619232932,0.35714356171456985,5.0,140
0:10,436,corner_horizontal_R,value,late_minus_early,0.2146425780498605,0.5774400264573561,5.0,140,0.07308673320351845,0.28276746494214505,5.0,140
0:10,437,corner_horizontal_R,value,slope_per_second,0.20966145082681908,0.5701518216550713,5.0,140,0.0788662833503674,0.29976576857813997,5.0,140
0:10,438,corner_horizontal_R,delta,mean,0.16588515094906267,0.49859062823747036,5.0,140,0.04654697812771712,0.19620406529513776,5.0,140
0:10,439,corner_horizontal_R,delta,std,0.1779960346980915,0.5198530484740645,5.0,140,0.020721916625651263,0.09567897606857365,5.0,140
0:10,440,corner_horizontal_R,delta,quantile_10,0.15481103573215196,0.47803487944738404,5.0,140,0.05013411242073668,0.2087987933809788,5.0,140
0:10,441,corner_horizontal_R,delta,quantile_90,0.12800898512459002,0.42330007407892317,5.0,140,-0.018250951486193445,-0.09844135069397134,5.0,140
0:10,442,corner_horizontal_R,delta,late_minus_early,0.21464258038299147,0.5774400298345123,5.0,140,0.0730867353361508,0.2827674713266578,5.0,140
0:10,443,corner_horizontal_R,delta,slope_per_second,0.209661449118203,0.570151819127995,5.0,140,0.07886627946863663,0.29976575736217265,5.0,140
0:10,444,corner_horizontal_R,velocity,mean,0.16670182230401473,0.5000632748085075,5.0,140,-0.01108656618932769,-0.0580051423464182,5.0,140
0:10,445,corner_horizontal_R,velocity,std,0.26378035549099665,0.641763432252372,5.0,140,-0.008441603455149993,-0.043683036772345474,5.0,140
0:10,446,corner_horizontal_R,velocity,quantile_10,0.5215824785507741,0.8449882109985785,5.0,140,0.10934352384841697,0.3803586143608285,5.0,140
0:10,447,corner_horizontal_R,velocity,quantile_90,0.5313930596632749,0.8500732331374106,5.0,140,0.12013084884446036,0.4057039869126891,5.0,140
0:10,448,corner_horizontal_R,velocity,late_minus_early,0.14217590789042972,0.4531636984510798,5.0,140,-0.006164117488991899,-0.031599725117946995,5.0,140
0:10,449,corner_horizontal_R,velocity,slope_per_second,0.1329628508657123,0.4339939584385965,5.0,140,-0.014925325339090575,-0.0793648090793918,5.0,140
0:10,450,corner_horizontal_R,acceleration,mean,0.03238047412230258,0.14333708015288524,5.0,140,-0.04668508079734216,-0.28702444083067974,5.0,140
0:10,451,corner_horizontal_R,acceleration,std,0.3390554757942139,0.7194896952130674,5.0,140,0.04853312396936667,0.20321498718491782,5.0,140
0:10,452,corner_horizontal_R,acceleration,quantile_10,0.5363072685795663,0.8525726678522009,5.0,140,0.1783856042154671,0.5205170366957046,5.0,140
0:10,453,corner_horizontal_R,acceleration,quantile_90,0.5006461175869044,0.833691978578946,5.0,140,0.13164200557810313,0.4311697993604459,5.0,140
0:10,454,corner_horizontal_R,acceleration,late_minus_early,0.0824491486870553,0.31000661684904496,5.0,140,-0.009973838112578957,-0.051941411480683534,5.0,140
0:10,455,corner_horizontal_R,acceleration,slope_per_second,0.08176099206162507,0.30805683164236297,5.0,140,-0.008627658414445804,-0.044680235304568536,5.0,140
0:10,456,corner_horizontal_R,abs_velocity,mean,0.4961632150005045,0.8311908256563026,5.0,140,0.0959882912877937,0.3467902444419371,5.0,140
0:10,457,corner_horizontal_R,abs_velocity,std,0.1616017789263007,0.49077101703694376,5.0,140,-0.03462377721825345,-0.20094939433808678,5.0,140
0:10,458,corner_horizontal_R,abs_velocity,quantile_10,0.4640633854145409,0.8123637811668751,5.0,140,0.09918806539030711,0.35506677927064545,5.0,140
0:10,459,corner_horizontal_R,abs_velocity,quantile_90,0.49006295492495483,0.8277386262609393,5.0,140,0.07418242568969623,0.28603657929587617,5.0,140
0:10,460,corner_horizontal_R,abs_velocity,late_minus_early,0.123686697413712,0.41373795973253935,5.0,140,0.0038340787012811975,0.018880831136317028,5.0,140
0:10,461,corner_horizontal_R,abs_velocity,slope_per_second,0.1295811358012502,0.42672410316084325,5.0,140,-0.006906117856812943,-0.03551157785176749,5.0,140
0:10,462,corner_horizontal_R,baseline_robust_z,mean,0.18111528959708248,0.525135891626436,5.0,140,0.05827779918307554,0.23630390891555234,5.0,140
0:10,463,corner_horizontal_R,baseline_robust_z,std,0.028520469900082876,0.12799988233501464,5.0,140,-0.062205186244206505,-0.4140502139019232,5.0,140
0:10,464,corner_horizontal_R,baseline_robust_z,quantile_10,0.1405529031518385,0.4498523183976774,5.0,140,0.039737591140316796,0.171437847363549,5.0,140
0:10,465,corner_horizontal_R,baseline_robust_z,quantile_90,0.13640181089657516,0.44125637823771957,5.0,140,0.013143643543069239,0.06243568800531369,5.0,140
0:10,466,corner_horizontal_R,baseline_robust_z,late_minus_early,0.1745850174562203,0.5139872177490992,5.0,140,0.04940593332840474,0.2062665090633559,5.0,140
0:10,467,corner_horizontal_R,baseline_robust_z,slope_per_second,0.16667728245608587,0.5000191079341246,5.0,140,0.05264632722768751,0.21744162447773782,5.0,140
0:10,468,corner_horizontal_L,value,mean,0.7941779986735634,0.9507215241108566,5.0,140,0.12542256553569464,0.4176046442384457,5.0,140
0:10,469,corner_horizontal_L,value,std,0.1943996931559879,0.5468041949337936,5.0,140,0.0312621915493914,0.13893705094691675,5.0,140
0:10,470,corner_horizontal_L,value,quantile_10,0.7641096359212958,0.9418479137454396,5.0,140,0.09118311994534871,0.3340695751593549,5.0,140
0:10,471,corner_horizontal_L,value,quantile_90,0.5687229265798818,0.8683079893640797,5.0,140,0.11799097197601932,0.4007943841068891,5.0,140
0:10,472,corner_horizontal_L,value,late_minus_early,0.17434872961170023,0.5135773876689752,5.0,140,0.029093063808750725,0.13030180422491092,5.0,140
0:10,473,corner_horizontal_L,value,slope_per_second,0.18343247305416374,0.5290111045488082,5.0,140,0.025882365778010397,0.11727084161858284,5.0,140
0:10,474,corner_horizontal_L,delta,mean,0.16388059532241672,0.4949513131763047,5.0,140,0.03631832850700517,0.15855747297241485,5.0,140
0:10,475,corner_horizontal_L,delta,std,0.19439969412232874,0.5468041964628829,5.0,140,0.03126219026853197,0.13893704588716999,5.0,140
0:10,476,corner_horizontal_L,delta,quantile_10,0.16237601907264082,0.49219647713085735,5.0,140,0.048522712801721664,0.20317847989823798,5.0,140
0:10,477,corner_horizontal_L,delta,quantile_90,0.14264463016334974,0.45411492735812437,5.0,140,-0.006544503909451824,-0.033602157347773186,5.0,140
0:10,478,corner_horizontal_L,delta,late_minus_early,0.1743487296842336,0.5135773877948508,5.0,140,0.029093063603421638,0.13030180340114766,5.0,140
0:10,479,corner_horizontal_L,delta,slope_per_second,0.18343247148014846,0.5290111019305282,5.0,140,0.025882364361842478,0.11727083580402235,5.0,140
0:10,480,corner_horizontal_L,velocity,mean,0.15038163098207677,0.4694946625461217,5.0,140,-0.030088716625650856,-0.17102758532875978,5.0,140
0:10,481,corner_horizontal_L,velocity,std,0.08779016292137286,0.32486944765546544,5.0,140,-0.03459432341031863,-0.20075099666602642,5.0,140
0:10,482,corner_horizontal_L,velocity,quantile_10,0.4032960781793389,0.7716563967888778,5.0,140,0.04125722720565678,0.17706525088442288,5.0,140
0:10,483,corner_horizontal_L,velocity,quantile_90,0.4389159512544642,0.7963887874406725,5.0,140,0.06405723055149534,0.2549584292288409,5.0,140
0:10,484,corner_horizontal_L,velocity,late_minus_early,0.18193234520323506,0.5265070653531148,5.0,140,0.006552784628661978,0.03192707807745377,5.0,140
0:10,485,corner_horizontal_L,velocity,slope_per_second,0.1795416290126958,0.5224802931946706,5.0,140,-0.00022418082080556635,-0.0011219101469783104,5.0,140
0:10,486,corner_horizontal_L,acceleration,mean,0.06063050928214337,0.24398162555836206,5.0,140,-0.01592759731794578,-0.08505700124963358,5.0,140
0:10,487,corner_horizontal_L,acceleration,std,0.10846950807902812,0.37823826585800907,5.0,140,-0.010994895634387788,-0.05750345616870496,5.0,140
0:10,488,corner_horizontal_L,acceleration,quantile_10,0.4455751270061307,0.8007314912983574,5.0,140,0.12232983080125351,0.4106904036469486,5.0,140
0:10,489,corner_horizontal_L,acceleration,quantile_90,0.42698973438450116,0.7883977272799924,5.0,140,0.10780954980715543,0.3766303535821652,5.0,140
0:10,490,corner_horizontal_L,acceleration,late_minus_early,0.051958581948825834,0.2150898544325504,5.0,140,-0.028883816924366996,-0.16328416424911363,5.0,140
0:10,491,corner_horizontal_L,acceleration,slope_per_second,0.03942216222880263,0.17026236832218403,5.0,140,-0.033116872707042125,-0.19086819431502533,5.0,140
0:10,492,corner_horizontal_L,abs_velocity,mean,0.3347746229810402,0.715606085286413,5.0,140,0.04228723707625189,0.1808462349367824,5.0,140
0:10,493,corner_horizontal_L,abs_velocity,std,0.04151079122615535,0.1779985187321552,5.0,140,-0.052211184405206064,-0.3299680030452916,5.0,140
0:10,494,corner_horizontal_L,abs_velocity,quantile_10,0.3203958375668545,0.7021348519424062,5.0,140,0.02658018357686746,0.12012874184043029,5.0,140
0:10,495,corner_horizontal_L,abs_velocity,quantile_90,0.34060227214085775,0.7208791097819055,5.0,140,0.04723524376443595,0.19864419157621285,5.0,140
0:10,496,corner_horizontal_L,abs_velocity,late_minus_early,0.09191207669188343,0.33602233935827996,5.0,140,-0.004651661701586646,-0.023699272500925312,5.0,140
0:10,497,corner_horizontal_L,abs_velocity,slope_per_second,0.09830301162744215,0.35279271333357975,5.0,140,-0.0015676770119749583,-0.007887847448349765,5.0,140
0:10,498,corner_horizontal_L,baseline_robust_z,mean,0.18081228155842435,0.524626064815145,5.0,140,0.05309436673024654,0.21896797069763932,5.0,140
0:10,499,corner_horizontal_L,baseline_robust_z,std,0.139223697557638,0.44711980035921733,5.0,140,0.0195334327133547,0.09058909926643614,5.0,140
0:10,500,corner_horizontal_L,baseline_robust_z,quantile_10,0.17265206569304273,0.5106211459357738,5.0,140,0.06433901547031928,0.2558504206598971,5.0,140
0:10,501,corner_horizontal_L,baseline_robust_z,quantile_90,0.14577218065823813,0.4604043303896246,5.0,140,-0.0013206685563594894,-0.0066384113463144765,5.0,140
0:10,502,corner_horizontal_L,baseline_robust_z,late_minus_early,0.1380484429515923,0.4446881744375835,5.0,140,-0.002627994627101456,-0.013279567665406958,5.0,140
0:10,503,corner_horizontal_L,baseline_robust_z,slope_per_second,0.13499026530308014,0.4382911643129803,5.0,140,-0.015560252798447078,-0.08296509542529487,5.0,140
0:10,504,corner_vertical_R,value,mean,0.5969489041218619,0.881028508946466,5.0,140,0.10053588271580885,0.3585078150091864,5.0,140
0:10,505,corner_vertical_R,value,std,0.3280169373884791,0.709358403212375,5.0,140,0.048420762796292406,0.20282085243740786,5.0,140
0:10,506,corner_vertical_R,value,quantile_10,0.5686529210093224,0.8682753496869995,5.0,140,0.09391054940797068,0.34133348616971126,5.0,140
0:10,507,corner_vertical_R,value,quantile_90,0.5505021568614347,0.85962003996937,5.0,140,0.07140326874105826,0.2777012389324244,5.0,140
0:10,508,corner_vertical_R,value,late_minus_early,0.18059419259715323,0.5242586747045087,5.0,140,-0.01834332420513679,-0.0989790394675491,5.0,140
0:10,509,corner_vertical_R,value,slope_per_second,0.15029705417225095,0.4693297533847731,5.0,140,-0.018555835121219538,-0.10021766551631475,5.0,140
0:10,510,corner_vertical_R,delta,mean,0.23587813863145485,0.6068346151975454,5.0,140,0.0028377307113510914,0.014029406842123724,5.0,140
0:10,511,corner_vertical_R,delta,std,0.3280169436387227,0.7093584090584695,5.0,140,0.048420769868174084,0.2028208772531304,5.0,140
0:10,512,corner_vertical_R,delta,quantile_10,0.25460827084343296,0.6307077329952034,5.0,140,0.005141044764643893,0.02518726832733966,5.0,140
0:10,513,corner_vertical_R,delta,quantile_90,0.18715030497380675,0.5351428983476875,5.0,140,-0.013499322025331256,-0.07134927762647444,5.0,140
0:10,514,corner_vertical_R,delta,late_minus_early,0.1805941936272455,0.524258676440669,5.0,140,-0.018343324985565092,-0.09897904401212533,5.0,140
0:10,515,corner_vertical_R,delta,slope_per_second,0.15029705291840167,0.469329750939482,5.0,140,-0.018555835101754,-0.10021766540275513,5.0,140
0:10,516,corner_vertical_R,velocity,mean,0.14332805981929003,0.4554978224956173,5.0,140,-0.00901427602132755,-0.0467573134234983,5.0,140
0:10,517,corner_vertical_R,velocity,std,0.23857167851440889,0.6103804441751246,5.0,140,0.025769968518159214,0.11680916823826615,5.0,140
0:10,518,corner_vertical_R,velocity,quantile_10,0.5251064364617477,0.8468295639157395,5.0,140,0.1254196365105973,0.41759814988745586,5.0,140
0:10,519,corner_vertical_R,velocity,quantile_90,0.530366989575049,0.849547387095176,5.0,140,0.13011745845574757,0.42788569546489125,5.0,140
0:10,520,corner_vertical_R,velocity,late_minus_early,0.19285108823197578,0.5443451911846603,5.0,140,0.05127193551612463,0.21273113038345243,5.0,140
0:10,521,corner_vertical_R,velocity,slope_per_second,0.1875655465103728,0.5358212843944925,5.0,140,0.03551164387466311,0.15547371112757655,5.0,140
0:10,522,corner_vertical_R,acceleration,mean,0.07950010173762123,0.3015936160504081,5.0,140,0.009909589373950388,0.04765882916161261,5.0,140
0:10,523,corner_vertical_R,acceleration,std,0.19461517148113,0.547144991793734,5.0,140,0.008183881240707257,0.03962234784652061,5.0,140
0:10,524,corner_vertical_R,acceleration,quantile_10,0.5347772318051297,0.8517978257585361,5.0,140,0.16813869755888758,0.5026403276606806,5.0,140
0:10,525,corner_vertical_R,acceleration,quantile_90,0.5250239008726709,0.8467866285825154,5.0,140,0.15489172203625526,0.47818871566848736,5.0,140
0:10,526,corner_vertical_R,acceleration,late_minus_early,0.04714883810326706,0.1983384757796091,5.0,140,-0.03239276051133157,-0.18607354578050683,5.0,140
0:10,527,corner_vertical_R,acceleration,slope_per_second,0.039023411563308644,0.16877271010777975,5.0,140,-0.03245511550030837,-0.18648516819269528,5.0,140
0:10,528,corner_vertical_R,abs_velocity,mean,0.5234666392327391,0.8459748175952453,5.0,140,0.13761137475346238,0.4437801097845399,5.0,140
0:10,529,corner_vertical_R,abs_velocity,std,0.10069510282079071,0.35891256397243976,5.0,140,-0.01668928256374804,-0.08941553750262293,5.0,140
0:10,530,corner_vertical_R,abs_velocity,quantile_10,0.4265498454965831,0.7880975960897204,5.0,140,0.07884949149628247,0.29971724730937377,5.0,140
0:10,531,corner_vertical_R,abs_velocity,quantile_90,0.4795729239681541,0.8216672182674907,5.0,140,0.09910093577448358,0.35484341926292484,5.0,140
0:10,532,corner_vertical_R,abs_velocity,late_minus_early,0.09556457358096479,0.34568276411649546,5.0,140,0.018340854891033168,0.08543637018336694,5.0,140
0:10,533,corner_vertical_R,abs_velocity,slope_per_second,0.08985280518239967,0.33048427073514774,5.0,140,0.005013965143401196,0.024576914545551012,5.0,140
0:10,534,corner_vertical_R,baseline_robust_z,mean,0.21526809889377588,0.5783442369184524,5.0,140,-0.009246634410102612,-0.04800885331055691,5.0,140
0:10,535,corner_vertical_R,baseline_robust_z,std,0.19322021110072357,0.5449328749609229,5.0,140,0.006734229123892892,0.03278793962765254,5.0,140
0:10,536,corner_vertical_R,baseline_robust_z,quantile_10,0.2268008640597775,0.5945901139121652,5.0,140,0.007689797425747379,0.037301619537164515,5.0,140
0:10,537,corner_vertical_R,baseline_robust_z,quantile_90,0.14823611916845525,0.4652896611876347,5.0,140,-0.03677094270440333,-0.21556010687973598,5.0,140
0:10,538,corner_vertical_R,baseline_robust_z,late_minus_early,0.1701500281149316,0.5062180671459674,5.0,140,-0.028794340180988077,-0.1627124968487882,5.0,140
0:10,539,corner_vertical_R,baseline_robust_z,slope_per_second,0.1375929225095308,0.4437417278502661,5.0,140,-0.028160676681145667,-0.15867721432253545,5.0,140
0:10,540,corner_vertical_L,value,mean,0.7434974737338972,0.9354546606691206,5.0,140,0.12766765944547356,0.4225529253448885,5.0,140
0:10,541,corner_vertical_L,value,std,0.3168092913404525,0.6986681768025258,5.0,140,0.0038633533521858217,0.01902279957490641,5.0,140
0:10,542,corner_vertical_L,value,quantile_10,0.6659295207935567,0.9088165432977293,5.0,140,0.11025655330724542,0.3825626220226344,5.0,140
0:10,543,corner_vertical_L,value,quantile_90,0.7310698684840998,0.9314701887819067,5.0,140,0.11535316450720697,0.39466321806325666,5.0,140
0:10,544,corner_vertical_L,value,late_minus_early,0.11835758907669737,0.40163957722903604,5.0,140,-0.04134653135494672,-0.2476985622587621,5.0,140
0:10,545,corner_vertical_L,value,slope_per_second,0.1366601173362458,0.44179665554116354,5.0,140,-0.04209591672452315,-0.25309698143798154,5.0,140
0:10,546,corner_vertical_L,delta,mean,0.18073031879243195,0.5244880349353974,5.0,140,-0.04039295613163597,-0.24088501146103702,5.0,140
0:10,547,corner_vertical_L,delta,std,0.31680928997360824,0.698668175473005,5.0,140,0.0038633537296220957,0.019022801405085686,5.0,140
0:10,548,corner_vertical_L,delta,quantile_10,0.178078937738713,0.5199944509048914,5.0,140,-0.006501515333817455,-0.03337554308977798,5.0,140
0:10,549,corner_vertical_L,delta,quantile_90,0.18709674587525463,0.5350553042342117,5.0,140,-0.04325525654875593,-0.26152573353670705,5.0,140
0:10,550,corner_vertical_L,delta,late_minus_early,0.11835758853990148,0.40163957599274713,5.0,140,-0.041346531273983675,-0.24769856167761561,5.0,140
0:10,551,corner_vertical_L,delta,slope_per_second,0.13666011564655178,0.44179665200933727,5.0,140,-0.04209591881115437,-0.2530969965238282,5.0,140
0:10,552,corner_vertical_L,velocity,mean,0.22115750018943123,0.5867398377944576,5.0,140,-0.0003911956509336942,-0.0019590437322206055,5.0,140
0:10,553,corner_vertical_L,velocity,std,0.1573217425674823,0.4827932262338608,5.0,140,-0.05918469055987735,-0.387709264088486,5.0,140
0:10,554,corner_vertical_L,velocity,quantile_10,0.4787190548571891,0.8211653237045623,5.0,140,0.07045655997572782,0.2748288253993941,5.0,140
0:10,555,corner_vertical_L,velocity,quantile_90,0.47799547107471513,0.8207390877876385,5.0,140,0.07196776809774735,0.27940595002314955,5.0,140
0:10,556,corner_vertical_L,velocity,late_minus_early,0.2780438671490345,0.6581931077294372,5.0,140,0.03782066728581742,0.16425448023968683,5.0,140
0:10,557,corner_vertical_L,velocity,slope_per_second,0.27187289957561495,0.6511951947416241,5.0,140,0.022146396889175215,0.10172097234394847,5.0,140
0:10,558,corner_vertical_L,acceleration,mean,0.12485858737685711,0.4163522978444297,5.0,140,0.036024871305982586,0.1574376694126891,5.0,140
0:10,559,corner_vertical_L,acceleration,std,0.19422604900707802,0.546529321730476,5.0,140,-0.014485412168993756,-0.0768817141137547,5.0,140
0:10,560,corner_vertical_L,acceleration,quantile_10,0.4957398795285327,0.8309530795140433,5.0,140,0.099760936787369,0.35653258516979874,5.0,140
0:10,561,corner_vertical_L,acceleration,quantile_90,0.5042048591917094,0.8356563423167148,5.0,140,0.09814214511120933,0.3523781395378716,5.0,140
0:10,562,corner_vertical_L,acceleration,late_minus_early,0.09471935176920529,0.3434654570561406,5.0,140,-0.00901408878821286,-0.04675630591268753,5.0,140
0:10,563,corner_vertical_L,acceleration,slope_per_second,0.0919724841077259,0.33618378810396243,5.0,140,-0.008928361955872112,-0.04629516991458461,5.0,140
0:10,564,corner_vertical_L,abs_velocity,mean,0.46079975711055093,0.8103543798743916,5.0,140,0.04168340979266196,0.17863293040171485,5.0,140
0:10,565,corner_vertical_L,abs_velocity,std,0.03307779737328343,0.14606319216932906,5.0,140,-0.07992163866269486,-0.587388351715357,5.0,140
0:10,566,corner_vertical_L,abs_velocity,quantile_10,0.4226603643174876,0.7854267672407352,5.0,140,0.027969465688744716,0.1257758006776157,5.0,140
0:10,567,corner_vertical_L,abs_velocity,quantile_90,0.43953431381013164,0.7967955782022921,5.0,140,0.06298792571497955,0.251558928236177,5.0,140
0:10,568,corner_vertical_L,abs_velocity,late_minus_early,0.07568943673090668,0.29049697424422194,5.0,140,-0.003372757086721446,-0.017094406557041468,5.0,140
0:10,569,corner_vertical_L,abs_velocity,slope_per_second,0.08287245428861857,0.3112019830002351,5.0,140,-0.003532802298725181,-0.017917203240809334,5.0,140
0:10,570,corner_vertical_L,baseline_robust_z,mean,0.1580196248040428,0.48410546698560747,5.0,140,-0.03520269388929295,-0.20485995917908184,5.0,140
0:10,571,corner_vertical_L,baseline_robust_z,std,0.2619558689742807,0.6395958246828903,5.0,140,0.03555995102850668,0.15565886821852004,5.0,140
0:10,572,corner_vertical_L,baseline_robust_z,quantile_10,0.1538577610230154,0.4762127160602196,5.0,140,0.0024772604079905942,0.012264769924167952,5.0,140
0:10,573,corner_vertical_L,baseline_robust_z,quantile_90,0.1706623203124559,0.5071238617999255,5.0,140,-0.02719192432927952,-0.15255239429396525,5.0,140
0:10,574,corner_vertical_L,baseline_robust_z,late_minus_early,0.10096759535138562,0.3596044075319039,5.0,140,-0.044263400845688805,-0.26893246648648894,5.0,140
0:10,575,corner_vertical_L,baseline_robust_z,slope_per_second,0.12097970121987683,0.4076358518473666,5.0,140,-0.045611046538371613,-0.27894760067680563,5.0,140
0:10,576,inner_lip_aperture,value,mean,0.8127172869733258,0.9559424892861051,5.0,140,0.15131870246780693,0.4713171275638015,5.0,140
0:10,577,inner_lip_aperture,value,std,0.4523300606845392,0.8050525066584563,5.0,140,0.05459335351222809,0.22404195988979617,5.0,140
0:10,578,inner_lip_aperture,value,quantile_10,0.6639571611587801,0.9080802544357874,5.0,140,0.033239648321574014,0.14669401211370853,5.0,140
0:10,579,inner_lip_aperture,value,quantile_90,0.7814311604334411,0.9470229211722891,5.0,140,0.1548565742660307,0.47812171059211533,5.0,140
0:10,580,inner_lip_aperture,value,late_minus_early,0.3483841684405613,0.7277602475439802,5.0,140,0.04631235255500844,0.19536965028487488,5.0,140
0:10,581,inner_lip_aperture,value,slope_per_second,0.34087548920672534,0.7211237719142081,5.0,140,0.02282402847417738,0.10457303102033065,5.0,140
0:10,582,inner_lip_aperture,delta,mean,0.3583267173428751,0.7362957830210445,5.0,140,0.09596985314575164,0.34674210871677114,5.0,140
0:10,583,inner_lip_aperture,delta,std,0.45233006250752134,0.805052507813371,5.0,140,0.05459335547192255,0.22404196649061084,5.0,140
0:10,584,inner_lip_aperture,delta,quantile_10,0.14710202790385968,0.4630485919461037,5.0,140,0.005222404496443608,0.0255777138117413,5.0,140
0:10,585,inner_lip_aperture,delta,quantile_90,0.5174526576520407,0.8428087591017426,5.0,140,0.15037813317607454,0.4694878438514231,5.0,140
0:10,586,inner_lip_aperture,delta,late_minus_early,0.34838416736651845,0.7277602466066093,5.0,140,0.046312351797083956,0.19536964758728176,5.0,140
0:10,587,inner_lip_aperture,delta,slope_per_second,0.34087548919616645,0.721123771904757,5.0,140,0.02282402905221665,0.10457303344717617,5.0,140
0:10,588,inner_lip_aperture,velocity,mean,0.13924219708059524,0.4471579588651465,5.0,140,-0.040937250622310524,-0.24476652789752812,5.0,140
0:10,589,inner_lip_aperture,velocity,std,0.365229322353229,0.7420593205722067,5.0,140,0.025237320640055263,0.11461618187064308,5.0,140
0:10,590,inner_lip_aperture,velocity,quantile_10,0.6017076495835044,0.8830900630599992,5.0,140,0.09682873419292784,0.3489789218958774,5.0,140
0:10,591,inner_lip_aperture,velocity,quantile_90,0.6622257309957229,0.9074312811162469,5.0,140,0.15383270679712774,0.47616470944491945,5.0,140
0:10,592,inner_lip_aperture,velocity,late_minus_early,0.14581859325954546,0.46049691620957267,5.0,140,-0.012122487220605011,-0.06370130933649493,5.0,140
0:10,593,inner_lip_aperture,velocity,slope_per_second,0.11355124234873189,0.39042378735639593,5.0,140,-0.030773062117267488,-0.1754635083538891,5.0,140
0:10,594,inner_lip_aperture,acceleration,mean,0.06841769277057462,0.2685846857914344,5.0,140,-0.028597252694555687,-0.1614549336141666,5.0,140
0:10,595,inner_lip_aperture,acceleration,std,0.41075803469155625,0.7770583427019908,5.0,140,0.043248662638481705,0.18435149136468038,5.0,140
0:10,596,inner_lip_aperture,acceleration,quantile_10,0.6112524233658839,0.8871563184940481,5.0,140,0.12353084385907447,0.41338903429913315,5.0,140
0:10,597,inner_lip_aperture,acceleration,quantile_90,0.6241231264875705,0.8924988762673544,5.0,140,0.12095881686485657,0.4075884281681695,5.0,140
0:10,598,inner_lip_aperture,acceleration,late_minus_early,0.07948864645127535,0.30156064293641033,5.0,140,-0.019485434370200398,-0.10566270680641879,5.0,140
0:10,599,inner_lip_aperture,acceleration,slope_per_second,0.07264710604242172,0.2814495492207749,5.0,140,-0.023700834339480725,-0.13091538732756158,5.0,140
0:10,600,inner_lip_aperture,abs_velocity,mean,0.6401451343841038,0.8989336537055607,5.0,140,0.13244829093759064,0.43289607404470026,5.0,140
0:10,601,inner_lip_aperture,abs_velocity,std,0.22898620540518824,0.5975803760660555,5.0,140,-0.01156884538547084,-0.06065086903268867,5.0,140
0:10,602,inner_lip_aperture,abs_velocity,quantile_10,0.6037466730458166,0.8839663627793375,5.0,140,0.1330715388112513,0.4342254818257945,5.0,140
0:10,603,inner_lip_aperture,abs_velocity,quantile_90,0.607662069220902,0.8856373783862516,5.0,140,0.10719872655621931,0.37513685865334184,5.0,140
0:10,604,inner_lip_aperture,abs_velocity,late_minus_early,0.1293161934241798,0.426149066616465,5.0,140,-0.028790265007742524,-0.16268647155577382,5.0,140
0:10,605,inner_lip_aperture,abs_velocity,slope_per_second,0.13269150690442724,0.4334153767147928,5.0,140,-0.028643807066414742,-0.16175178276471863,5.0,140
0:10,606,inner_lip_aperture,baseline_robust_z,mean,0.3169899220223937,0.6988438191540597,5.0,140,0.07785696063317865,0.29684042883677164,5.0,140
0:10,607,inner_lip_aperture,baseline_robust_z,std,0.22615540293652864,0.5937016611115591,5.0,140,0.009903195153263322,0.047629248783491625,5.0,140
0:10,608,inner_lip_aperture,baseline_robust_z,quantile_10,0.1395735748222383,0.4478408696159816,5.0,140,0.006175844017109353,0.030134789058686984,5.0,140
0:10,609,inner_lip_aperture,baseline_robust_z,quantile_90,0.38444414987137265,0.75744285361705,5.0,140,0.06896138513798794,0.2702575779986428,5.0,140
0:10,610,inner_lip_aperture,baseline_robust_z,late_minus_early,0.3188547843563045,0.7006506606011695,5.0,140,0.038170313044000675,0.16557184812342404,5.0,140
0:10,611,inner_lip_aperture,baseline_robust_z,slope_per_second,0.3028265968760163,0.684723289787584,5.0,140,0.010632676787589319,0.05099454967927308,5.0,140
0:10,612,outer_mouth_open,value,mean,0.6043341312912213,0.8842180552617106,5.0,140,0.1044630455787808,0.36838482488424695,5.0,140
0:10,613,outer_mouth_open,value,std,0.476240666632324,0.819701871076561,5.0,140,0.030762237671331915,0.13695857893175367,5.0,140
0:10,614,outer_mouth_open,value,quantile_10,0.34197693771323545,0.7221078135118487,5.0,140,0.07187963543325347,0.2791401952802276,5.0,140
0:10,615,outer_mouth_open,value,quantile_90,0.6556262985861886,0.9049349323359348,5.0,140,0.09814368576127395,0.3523821118091891,5.0,140
0:10,616,outer_mouth_open,value,late_minus_early,0.3128684428340049,0.6948081004033848,5.0,140,0.04067657053488595,0.17492195217194198,5.0,140
0:10,617,outer_mouth_open,value,slope_per_second,0.3052518189221771,0.6871922984302744,5.0,140,0.038581612692138105,0.16711742447922945,5.0,140
0:10,618,outer_mouth_open,delta,mean,0.23221654990064705,0.6019509024226033,5.0,140,-0.004443613554424075,-0.02262012820530397,5.0,140
0:10,619,outer_mouth_open,delta,std,0.4762406706656902,0.8197018734663335,5.0,140,0.030762239938631385,0.13695858792013552,5.0,140
0:10,620,outer_mouth_open,delta,quantile_10,0.04930020164713629,0.20589779665960342,5.0,140,-0.05767255130277336,-0.37483307565711105,5.0,140
0:10,621,outer_mouth_open,delta,quantile_90,0.3243366356356816,0.7058940164871742,5.0,140,0.025279113501555647,0.11478855578618387,5.0,140
0:10,622,outer_mouth_open,delta,late_minus_early,0.31286844031145333,0.6948080979152363,5.0,140,0.04067657078654395,0.1749219531027084,5.0,140
0:10,623,outer_mouth_open,delta,slope_per_second,0.30525181785117944,0.6871922973447024,5.0,140,0.038581612030856,0.16711742199781401,5.0,140
0:10,624,outer_mouth_open,velocity,mean,0.136587525926829,0.4416448952904183,5.0,140,-0.04604362459401458,-0.28219039796109846,5.0,140
0:10,625,outer_mouth_open,velocity,std,0.3122257639435522,0.6941734619059984,5.0,140,-0.01022685091199207,-0.053315242714262065,5.0,140
0:10,626,outer_mouth_open,velocity,quantile_10,0.5422673852703479,0.855562458066648,5.0,140,0.07596864156761622,0.2913188259546813,5.0,140
0:10,627,outer_mouth_open,velocity,quantile_90,0.5484598475882551,0.8586215218662465,5.0,140,0.07296030214655085,0.28238881706831026,5.0,140
0:10,628,outer_mouth_open,velocity,late_minus_early,0.1343571752335234,0.43695416623838285,5.0,140,-0.05619349177422542,-0.3624329510955,5.0,140
0:10,629,outer_mouth_open,velocity,slope_per_second,0.1266701782054522,0.42036171674427336,5.0,140,-0.05234302163961022,-0.3310218419418306,5.0,140
0:10,630,outer_mouth_open,acceleration,mean,0.046543557775817396,0.19619191074706996,5.0,140,-0.043325478174742686,-0.2620393033458561,5.0,140
0:10,631,outer_mouth_open,acceleration,std,0.40053901761915955,0.7696291205657634,5.0,140,0.05413042333535765,0.2224803044271128,5.0,140
0:10,632,outer_mouth_open,acceleration,quantile_10,0.5031855734731352,0.8350956112197145,5.0,140,0.0885363854679218,0.3269086768381914,5.0,140
0:10,633,outer_mouth_open,acceleration,quantile_90,0.5283852599379159,0.8485278549276164,5.0,140,0.11555632957381479,0.39513858817783487,5.0,140
0:10,634,outer_mouth_open,acceleration,late_minus_early,0.06656862116572944,0.2628522566473809,5.0,140,-0.023921800478185696,-0.13226507757483646,5.0,140
0:10,635,outer_mouth_open,acceleration,slope_per_second,0.04792047290555138,0.20106235247192727,5.0,140,-0.04019832556124266,-0.23950193479614507,5.0,140
0:10,636,outer_mouth_open,abs_velocity,mean,0.5496760874560718,0.8592167755145406,5.0,140,0.07374316697042455,0.2847286618452449,5.0,140
0:10,637,outer_mouth_open,abs_velocity,std,0.1985456065876343,0.5533038437777107,5.0,140,-0.029814950350950015,-0.16926075588733014,5.0,140
0:10,638,outer_mouth_open,abs_velocity,quantile_10,0.4423672619876043,0.7986499475684412,5.0,140,0.12257825165746408,0.41125002302254077,5.0,140
0:10,639,outer_mouth_open,abs_velocity,quantile_90,0.5354013154042346,0.8521142390891454,5.0,140,0.05191996187710283,0.2149574739705227,5.0,140
0:10,640,outer_mouth_open,abs_velocity,late_minus_early,0.1636234395780922,0.4944818883601979,5.0,140,0.008579099189519825,0.0414723155139463,5.0,140
0:10,641,outer_mouth_open,abs_velocity,slope_per_second,0.17054128050438164,0.5069100478668846,5.0,140,0.01099610905491328,0.052664142651067794,5.0,140
0:10,642,outer_mouth_open,baseline_robust_z,mean,0.15685294503009983,0.48190920990659025,5.0,140,0.006647746020262653,0.032377773248288166,5.0,140
0:10,643,outer_mouth_open,baseline_robust_z,std,0.13592860515569083,0.44026473854164905,5.0,140,0.019455141458758846,0.09025222785430007,5.0,140
0:10,644,outer_mouth_open,baseline_robust_z,quantile_10,0.03616678656297784,0.157979490725326,5.0,140,-0.04356310642446234,-0.2637798025702834,5.0,140
0:10,645,outer_mouth_open,baseline_robust_z,quantile_90,0.19557077621332183,0.5486523877176648,5.0,140,0.035797737016862174,0.15656936873659577,5.0,140
0:10,646,outer_mouth_open,baseline_robust_z,late_minus_early,0.20810309116623468,0.5678391370282171,5.0,140,0.025292880410197453,0.11484532569689981,5.0,140
0:10,647,outer_mouth_open,baseline_robust_z,slope_per_second,0.19180070271988042,0.5426674899425461,5.0,140,0.012885367409852912,0.06126894555224477,5.0,140
0:10,648,lowerlip_chin_gap,value,mean,0.6725751108786556,0.9112741918624093,5.0,140,0.12332225053459402,0.41292157900445825,5.0,140
0:10,649,lowerlip_chin_gap,value,std,0.2933786523634196,0.6748945948818846,5.0,140,0.048758258849182244,0.20400381163101236,5.0,140
0:10,650,lowerlip_chin_gap,value,quantile_10,0.6715594592134665,0.9109008817871471,5.0,140,0.1357809446594357,0.4399548064099628,5.0,140
0:10,651,lowerlip_chin_gap,value,quantile_90,0.3887047539531333,0.7607285517042973,5.0,140,0.07986344862463926,0.302638292290449,5.0,140
0:10,652,lowerlip_chin_gap,value,late_minus_early,0.2082966348248652,0.568127220987735,5.0,140,0.05785638011339543,0.2349162785423055,5.0,140
0:10,653,lowerlip_chin_gap,value,slope_per_second,0.2100958449294383,0.5707936923491975,5.0,140,0.06075675720233513,0.24439033019471937,5.0,140
0:10,654,lowerlip_chin_gap,delta,mean,0.19138884335775141,0.5420074788870124,5.0,140,0.034300686203366015,0.150811657638904,5.0,140
0:10,655,lowerlip_chin_gap,delta,std,0.2933786569622644,0.6748945997492465,5.0,140,0.0487582650325514,0.20400383327988814,5.0,140
0:10,656,lowerlip_chin_gap,delta,quantile_10,0.20874831263672058,0.5687985843394994,5.0,140,0.04844704637035877,0.20291307519859933,5.0,140
0:10,657,lowerlip_chin_gap,delta,quantile_90,0.11575794246044008,0.3956098044028132,5.0,140,-0.005414041983646885,-0.02766942360242171,5.0,140
0:10,658,lowerlip_chin_gap,delta,late_minus_early,0.20829663469473558,0.5681272207941228,5.0,140,0.05785637975133965,0.23491627734851206,5.0,140
0:10,659,lowerlip_chin_gap,delta,slope_per_second,0.2100958463645794,0.5707936944677927,5.0,140,0.06075675974399553,0.24439033841953892,5.0,140
0:10,660,lowerlip_chin_gap,velocity,mean,0.21166874333983268,0.5731077379436755,5.0,140,-0.021999714531559845,-0.12061231900631243,5.0,140
0:10,661,lowerlip_chin_gap,velocity,std,0.1499213427304197,0.46859634230461406,5.0,140,-0.044932453831657435,-0.27388813266173656,5.0,140
0:10,662,lowerlip_chin_gap,velocity,quantile_10,0.3900351482851165,0.7617455645407921,5.0,140,0.03759443837599797,0.1634004059166097,5.0,140
0:10,663,lowerlip_chin_gap,velocity,quantile_90,0.40550493175284347,0.7732682702106238,5.0,140,0.07639303853385032,0.292565364127426,5.0,140
0:10,664,lowerlip_chin_gap,velocity,late_minus_early,0.23652607024227887,0.6076911513819143,5.0,140,0.004554428139525263,0.022364706895949722,5.0,140
0:10,665,lowerlip_chin_gap,velocity,slope_per_second,0.23837446609389354,0.6101221568780387,5.0,140,0.005502012287425988,0.02691765633354641,5.0,140
0:10,666,lowerlip_chin_gap,acceleration,mean,0.07388461340415775,0.28515021378910493,5.0,140,-0.056393865134605585,-0.36410174433401665,5.0,140
0:10,667,lowerlip_chin_gap,acceleration,std,0.19862202575015092,0.5534225203779022,5.0,140,-0.023874614107296677,-0.13197663551265976,5.0,140
0:10,668,lowerlip_chin_gap,acceleration,quantile_10,0.47862673157208857,0.8211109866560227,5.0,140,0.1310615473608235,0.4299225029018822,5.0,140
0:10,669,lowerlip_chin_gap,acceleration,quantile_90,0.4820758599049187,0.823131669659771,5.0,140,0.10901890494311794,0.37957229912583096,5.0,140
0:10,670,lowerlip_chin_gap,acceleration,late_minus_early,0.08360436452510055,0.3132616559293026,5.0,140,-0.045762443958692,-0.2800809804872294,5.0,140
0:10,671,lowerlip_chin_gap,acceleration,slope_per_second,0.07155832724415101,0.2781700907010667,5.0,140,-0.0571958784105175,-0.3708159733502654,5.0,140
0:10,672,lowerlip_chin_gap,abs_velocity,mean,0.35168139895715744,0.7306221356657705,5.0,140,0.045274360097863404,0.1916622564301639,5.0,140
0:10,673,lowerlip_chin_gap,abs_velocity,std,0.1440814836535319,0.4570167897694392,5.0,140,-0.04909290719914283,-0.30544533367846693,5.0,140
0:10,674,lowerlip_chin_gap,abs_velocity,quantile_10,0.39727412144504404,0.7672060960782094,5.0,140,0.0930668032551243,0.33909869146503535,5.0,140
0:10,675,lowerlip_chin_gap,abs_velocity,quantile_90,0.2802417212478597,0.660646149713438,5.0,140,0.011754617483676127,0.056133763735845,5.0,140
0:10,676,lowerlip_chin_gap,abs_velocity,late_minus_early,0.11437080653232276,0.39235719657667306,5.0,140,-0.03214913026408057,-0.18446753450566894,5.0,140
0:10,677,lowerlip_chin_gap,abs_velocity,slope_per_second,0.1305097788946952,0.4287333274121102,5.0,140,-0.021034420945934808,-0.11483396889193545,5.0,140
0:10,678,lowerlip_chin_gap,baseline_robust_z,mean,0.18135677653970936,0.5255416931041716,5.0,140,0.054771842398315694,0.22464280971342446,5.0,140
0:10,679,lowerlip_chin_gap,baseline_robust_z,std,0.06734206858646218,0.2652581994818091,5.0,140,-0.0394934687380275,-0.23451450948615943,5.0,140
0:10,680,lowerlip_chin_gap,baseline_robust_z,quantile_10,0.172930983339014,0.5111087569588026,5.0,140,0.05607717901240792,0.22901568157313779,5.0,140
0:10,681,lowerlip_chin_gap,baseline_robust_z,quantile_90,0.13125439326760838,0.4303373140918762,5.0,140,0.02295291828531172,0.1051139076910305,5.0,140
0:10,682,lowerlip_chin_gap,baseline_robust_z,late_minus_early,0.12287553220671929,0.41191872888363074,5.0,140,0.032058168867669504,0.14207250669413304,5.0,140
0:10,683,lowerlip_chin_gap,baseline_robust_z,slope_per_second,0.11376155625199197,0.3909207635357736,5.0,140,0.029293415617086736,0.13110502243833874,5.0,140
0:10,684,jaw_open,value,mean,0.49580642659026103,0.8309904703708264,5.0,140,0.07403909901062126,0.2856102058234739,5.0,140
0:10,685,jaw_open,value,std,0.5118467657668652,0.8398125265578288,5.0,140,0.1245992208146672,0.4157750933907862,5.0,140
0:10,686,jaw_open,value,quantile_10,0.35997530381335013,0.7376841766439389,5.0,140,0.09406207798028228,0.3417336724975865,5.0,140
0:10,687,jaw_open,value,quantile_90,0.570555512722759,0.8691604405129573,5.0,140,0.06661580578699128,0.26299936930426104,5.0,140
0:10,688,jaw_open,value,late_minus_early,0.28521299067613587,0.6661203008073141,5.0,140,0.05415729147633383,0.22257107175313168,5.0,140
0:10,689,jaw_open,value,slope_per_second,0.2885382498947756,0.6697255254180013,5.0,140,0.07386584302748778,0.2850942937397789,5.0,140
0:10,690,jaw_open,delta,mean,0.19816424100412638,0.5527109898374897,5.0,140,-0.014944101743910523,-0.07947099953023289,5.0,140
0:10,691,jaw_open,delta,std,0.5118467601694952,0.8398125235441374,5.0,140,0.12459921515980828,0.4157750807975293,5.0,140
0:10,692,jaw_open,delta,quantile_10,0.10507180358523835,0.3698963228152206,5.0,140,-0.03315402531309091,-0.1911150608223188,5.0,140
0:10,693,jaw_open,delta,quantile_90,0.28644608819507306,0.6674624312175754,5.0,140,0.024848614883709482,0.11301046075047129,5.0,140
0:10,694,jaw_open,delta,late_minus_early,0.28521299315727855,0.6661203035140661,5.0,140,0.05415729261426204,0.2225710755969993,5.0,140
0:10,695,jaw_open,delta,slope_per_second,0.2885382514437384,0.6697255270870074,5.0,140,0.07386584071687005,0.2850942868556684,5.0,140
0:10,696,jaw_open,velocity,mean,0.20306731930435787,0.5602570265279467,5.0,140,-0.015057250130654632,-0.08011127252824443,5.0,140
0:10,697,jaw_open,velocity,std,0.29456218562592906,0.6761445097573069,5.0,140,-0.06801124596790616,-0.4671390708290163,5.0,140
0:10,698,jaw_open,velocity,quantile_10,0.5194425447115734,0.843861813142733,5.0,140,-0.014193907603731324,-0.07524141689625363,5.0,140
0:10,699,jaw_open,velocity,quantile_90,0.5057131008608002,0.836483283611142,5.0,140,0.028366889493386678,0.12738085312971734,5.0,140
0:10,700,jaw_open,velocity,late_minus_early,0.17258426609221061,0.5105025196754237,5.0,140,-0.03550562444380542,-0.20691465890269603,5.0,140
0:10,701,jaw_open,velocity,slope_per_second,0.18227194041082417,0.5270754453712514,5.0,140,-0.034284832153108534,-0.19866957256248052,5.0,140
0:10,702,jaw_open,acceleration,mean,0.08405826540479765,0.3145344469434823,5.0,140,-0.017233153710467474,-0.09254514756491358,5.0,140
0:10,703,jaw_open,acceleration,std,0.4675305599736641,0.814478480175855,5.0,140,0.058774319648750364,0.23793396952347648,5.0,140
0:10,704,jaw_open,acceleration,quantile_10,0.5046527486774732,0.8359022569683138,5.0,140,0.09725225528384192,0.35007783896302025,5.0,140
0:10,705,jaw_open,acceleration,quantile_90,0.5368410319292688,0.8528422676003868,5.0,140,0.10721352618891657,0.3751731049100008,5.0,140
0:10,706,jaw_open,acceleration,late_minus_early,0.09561261571236547,0.3458084693873654,5.0,140,-0.011905773881306468,-0.06250557854441241,5.0,140
0:10,707,jaw_open,acceleration,slope_per_second,0.08275508252454958,0.31087084341696036,5.0,140,-0.02598172264862975,-0.14497546224698052,5.0,140
0:10,708,jaw_open,abs_velocity,mean,0.5477389530065108,0.8582678439829807,5.0,140,0.01978557370813045,0.0916726821053802,5.0,140
0:10,709,jaw_open,abs_velocity,std,0.1547687294021417,0.4779541938390992,5.0,140,-0.08232621778103232,-0.6137380028316032,5.0,140
0:10,710,jaw_open,abs_velocity,quantile_10,0.5359885990592607,0.8524115357728762,5.0,140,0.08114435591102033,0.3063028044362325,5.0,140
0:10,711,jaw_open,abs_velocity,quantile_90,0.5235303068550056,0.846008072042384,5.0,140,0.019614843713467507,0.09093918681974134,5.0,140
0:10,712,jaw_open,abs_velocity,late_minus_early,0.13007661416380714,0.4277973483385186,5.0,140,-0.041110883023921574,-0.24600900479552934,5.0,140
0:10,713,jaw_open,abs_velocity,slope_per_second,0.15661341661320316,0.4814567418780721,5.0,140,-0.022149220184713846,-0.12151165448429535,5.0,140
0:10,714,jaw_open,baseline_robust_z,mean,0.10359739005125669,0.3662265084742263,5.0,140,-0.02796683837888546,-0.15744741784680505,5.0,140
0:10,715,jaw_open,baseline_robust_z,std,0.05947267814477423,0.24021780574177354,5.0,140,-0.04113120266197978,-0.2461545428648661,5.0,140
0:10,716,jaw_open,baseline_robust_z,quantile_10,0.05927372060064008,0.23956820711085905,5.0,140,-0.03347998947260187,-0.19328461484374765,5.0,140
0:10,717,jaw_open,baseline_robust_z,quantile_90,0.1063357337546903,0.3730180686421638,5.0,140,-0.026673813955410925,-0.1492985127933299,5.0,140
0:10,718,jaw_open,baseline_robust_z,late_minus_early,0.12187896259602944,0.40967281983770765,5.0,140,-0.004700104658451063,-0.023950808519031187,5.0,140
0:10,719,jaw_open,baseline_robust_z,slope_per_second,0.12352937142521914,0.41338573642109766,5.0,140,0.008114673853588307,0.039297813508809044,5.0,140
