filter,n_samples,n_subjects,majority_baseline,strategy,K,model,accuracy,balanced_acc,f1
strict,90,27,0.7888888888888889,robust,15,RForest,0.7888888888888889,0.5,0.4409937888198758
weak,119,28,0.7563025210084033,std+iforest,15,RForest,0.773109243697479,0.5578544061302682,0.5477832512315272
snr_q1,126,27,0.753968253968254,robust,15,RForest,0.753968253968254,0.5,0.4298642533936652
