subject,ma_mau,substance,intensity,repeat,feat_rel_delta_Fp1,feat_rel_delta_Fp2,feat_rel_delta_F3,feat_rel_delta_F4,feat_rel_delta_C3,feat_rel_delta_C4,feat_rel_delta_P3,feat_rel_delta_P4,feat_rel_delta_O1,feat_rel_delta_O2,feat_rel_delta_F7,feat_rel_delta_F8,feat_rel_delta_T7,feat_rel_delta_T8,feat_rel_delta_P7,feat_rel_delta_P8,feat_abs_delta_Frontal,feat_rel_delta_Frontal,feat_abs_delta_Gustatory,feat_rel_delta_Gustatory,feat_abs_delta_Central,feat_rel_delta_Central,feat_abs_delta_Temporal,feat_rel_delta_Temporal,feat_abs_delta_Parietal,feat_rel_delta_Parietal,feat_abs_delta_Occipital,feat_rel_delta_Occipital,feat_rel_theta_Fp1,feat_rel_theta_Fp2,feat_rel_theta_F3,feat_rel_theta_F4,feat_rel_theta_C3,feat_rel_theta_C4,feat_rel_theta_P3,feat_rel_theta_P4,feat_rel_theta_O1,feat_rel_theta_O2,feat_rel_theta_F7,feat_rel_theta_F8,feat_rel_theta_T7,feat_rel_theta_T8,feat_rel_theta_P7,feat_rel_theta_P8,feat_abs_theta_Frontal,feat_rel_theta_Frontal,feat_abs_theta_Gustatory,feat_rel_theta_Gustatory,feat_abs_theta_Central,feat_rel_theta_Central,feat_abs_theta_Temporal,feat_rel_theta_Temporal,feat_abs_theta_Parietal,feat_rel_theta_Parietal,feat_abs_theta_Occipital,feat_rel_theta_Occipital,feat_rel_alpha_Fp1,feat_rel_alpha_Fp2,feat_rel_alpha_F3,feat_rel_alpha_F4,feat_rel_alpha_C3,feat_rel_alpha_C4,feat_rel_alpha_P3,feat_rel_alpha_P4,feat_rel_alpha_O1,feat_rel_alpha_O2,feat_rel_alpha_F7,feat_rel_alpha_F8,feat_rel_alpha_T7,feat_rel_alpha_T8,feat_rel_alpha_P7,feat_rel_alpha_P8,feat_abs_alpha_Frontal,feat_rel_alpha_Frontal,feat_abs_alpha_Gustatory,feat_rel_alpha_Gustatory,feat_abs_alpha_Central,feat_rel_alpha_Central,feat_abs_alpha_Temporal,feat_rel_alpha_Temporal,feat_abs_alpha_Parietal,feat_rel_alpha_Parietal,feat_abs_alpha_Occipital,feat_rel_alpha_Occipital,feat_rel_beta_Fp1,feat_rel_beta_Fp2,feat_rel_beta_F3,feat_rel_beta_F4,feat_rel_beta_C3,feat_rel_beta_C4,feat_rel_beta_P3,feat_rel_beta_P4,feat_rel_beta_O1,feat_rel_beta_O2,feat_rel_beta_F7,feat_rel_beta_F8,feat_rel_beta_T7,feat_rel_beta_T8,feat_rel_beta_P7,feat_rel_beta_P8,feat_abs_beta_Frontal,feat_rel_beta_Frontal,feat_abs_beta_Gustatory,feat_rel_beta_Gustatory,feat_abs_beta_Central,feat_rel_beta_Central,feat_abs_beta_Temporal,feat_rel_beta_Temporal,feat_abs_beta_Parietal,feat_rel_beta_Parietal,feat_abs_beta_Occipital,feat_rel_beta_Occipital,feat_rel_gamma_Fp1,feat_rel_gamma_Fp2,feat_rel_gamma_F3,feat_rel_gamma_F4,feat_rel_gamma_C3,feat_rel_gamma_C4,feat_rel_gamma_P3,feat_rel_gamma_P4,feat_rel_gamma_O1,feat_rel_gamma_O2,feat_rel_gamma_F7,feat_rel_gamma_F8,feat_rel_gamma_T7,feat_rel_gamma_T8,feat_rel_gamma_P7,feat_rel_gamma_P8,feat_abs_gamma_Frontal,feat_rel_gamma_Frontal,feat_abs_gamma_Gustatory,feat_rel_gamma_Gustatory,feat_abs_gamma_Central,feat_rel_gamma_Central,feat_abs_gamma_Temporal,feat_rel_gamma_Temporal,feat_abs_gamma_Parietal,feat_rel_gamma_Parietal,feat_abs_gamma_Occipital,feat_rel_gamma_Occipital
P001,S1_5,Sucrose,5,1,0.21586434069175256,0.7611559311842891,0.19440488136642436,0.2864658522564251,0.14975779464373085,0.41034959208419225,0.30310597411433426,0.16452038904914212,0.157354120704544,0.25942885835977675,0.15475798033114035,0.5194063643227643,0.10539097888033164,0.4821351907305577,0.27377919199872747,0.45290748412332243,4.724973714098899e-10,0.3553425583587993,3.6151415925842426e-10,0.2869083890847031,3.0835280665980693e-10,0.2800536933639616,5.256218912706159e-10,0.3285532114332348,1.1654016327926661e-09,0.2338131815817382,1.1979111547343095e-09,0.20839148953216036,0.153320666231994,0.10500583970469596,0.10425804268460508,0.07436714200198136,0.09323834020679424,0.13765315738213388,0.10508682501392914,0.1273108845168278,0.1251039888781327,0.08655068285819961,0.09682567282747828,0.13619909896360904,0.0992835658673926,0.10979935584279302,0.10515050154856893,0.12220045605074825,1.5393764163806623e-10,0.11166274373572728,2.1557454452570737e-10,0.10999360482477843,1.4950794528055876e-10,0.11544574879446406,2.5372489792572513e-10,0.1091084698273757,4.466106565289159e-10,0.11619885476537847,8.672419425456633e-10,0.10582733586816616,0.10356277324470003,0.022749556891606394,0.08516477521112506,0.06546707791547172,0.18758384994339838,0.07542674595714347,0.07914671615700505,0.13228494318612688,0.10059773460426567,0.05652819741805206,0.12019477142419872,0.07104130635961563,0.10641204960962473,0.07354280884962437,0.09269714029708576,0.08417657538286734,1.186596154995466e-10,0.07803004350778626,2.5802414197347e-10,0.11074136358994774,2.2815617609510331e-10,0.13150529795027094,2.392282955858718e-10,0.08920714353480054,3.584160217590143e-10,0.10571582967156597,6.88064274195787e-10,0.07856296601115886,0.30809719304887795,0.05546211293174074,0.269144646440745,0.261262262717447,0.2885393622049279,0.17848370339972344,0.26280903830133007,0.26905726337975844,0.3455399917602423,0.3162567477472795,0.3152303023175474,0.15833584305039658,0.36175468876531175,0.177931594129162,0.29413280810195386,0.17907590246551425,3.284751595181698e-10,0.22792206008445912,6.646776779424028e-10,0.2516773371247813,3.7346187294416237e-10,0.23351153280232567,7.643966682475834e-10,0.25322374836548545,1.087035818641232e-09,0.26593315084054425,2.4502591792359075e-09,0.3308983697537609,0.21915502678267562,0.05562655928766765,0.3470276542971009,0.3124376651086746,0.28088065300114834,0.19808680117680727,0.24985144641340132,0.3068265198681447,0.27140416405281503,0.28123551361669197,0.3129912730996349,0.11501738730361455,0.3271587168773396,0.15659105044786345,0.23424035805366428,0.16163958197754855,3.177655409994091e-10,0.22704259431322807,6.177158238945792e-10,0.2406793053757897,3.723225450169902e-10,0.2394837270889778,6.631104889612371e-10,0.21990742683910397,1.0643539804025147e-09,0.278338983140773,1.947909507016228e-09,0.27631983883475353
P001,S1_7,Sucrose,7,1,0.21087487255856788,0.8374510514983594,0.3164085666641176,0.29832978834987217,0.1072312795465628,0.3884686120516166,0.2980782423083138,0.5401687599701449,0.2721096515703634,0.430414959780457,0.14865619368022165,0.4687517028871208,0.11452447666132824,0.5753602059701246,0.25791113383693476,0.4245756448995099,6.285983841260774e-10,0.38007869593970994,5.263848262814257e-10,0.29639614355740806,3.925172292292265e-10,0.2478499457990897,7.085049286088204e-10,0.34309286534197436,2.1516107847142888e-09,0.41912350113922936,1.945259460001968e-09,0.35126230567541017,0.0868718931775911,0.04666273224967534,0.07572243297973073,0.15329409494367643,0.08452856439363106,0.1797413211861895,0.0724647738911098,0.15426399175525266,0.08228767431481407,0.07696653225984826,0.11718098825792576,0.14801101968402897,0.11714696540657117,0.07521025985182482,0.08053301683067288,0.1396447789187953,1.7667698481291774e-10,0.10462386021543806,3.221873326204076e-10,0.11415677770955412,2.4576208644771855e-10,0.13213494278991028,3.191359309470848e-10,0.10313375525196604,5.592260005861437e-10,0.11336438282318123,5.48341083895063e-10,0.07962710328733116,0.09215992183427531,0.020632094451954762,0.08110373282086536,0.08943841141020462,0.07777762052213792,0.07295098004973978,0.07548713548145493,0.036577278847290055,0.08896618830964667,0.06587385021878854,0.08264390578663611,0.04406276060098843,0.11417438037738702,0.05187961732720261,0.09226556716445566,0.06709286526061199,1.2500115426505598e-10,0.06834013781748743,2.7828190861717055e-10,0.07919564956911683,1.7961573107746634e-10,0.07536430028593885,3.036821804916291e-10,0.08135310753241431,3.8697198449960434e-10,0.05603220716437249,5.798329589442807e-10,0.0774200192642176,0.3063316589694433,0.04822749654456237,0.26558337800811854,0.15814547914300547,0.42101535022834696,0.12794509313962843,0.2893606853813129,0.11753997672219058,0.3034955524534202,0.21889681830741203,0.3727424507154118,0.15719568921442365,0.3382003755766346,0.11488024558848625,0.2753577024861373,0.1249418541117899,4.422236783337516e-10,0.21803769209916088,9.6679401094564e-10,0.2505102661332741,8.379313976796784e-10,0.27448022168398767,8.737613402634277e-10,0.21334504444076202,1.447637581446167e-09,0.20345033105175173,1.9736487054605887e-09,0.2611961853804161,0.3037616534601229,0.04702662525544832,0.2611818895271674,0.30079222615324114,0.3094471853093218,0.23089399357282558,0.2646091629378088,0.15144999270512158,0.2531409333517554,0.2078478394334945,0.2787764615598047,0.18197882761343817,0.315953801978079,0.18266967126236225,0.2939325796817997,0.24374485680929275,4.1409725034290457e-10,0.22891961392820379,8.744808563278656e-10,0.25974116303064715,6.847537395411623e-10,0.2701705894410737,9.06256791308882e-10,0.2590752274328834,1.3930834540864476e-09,0.2080295778214652,1.6651524619100183e-09,0.23049438639262496
P001,H2O,Water,0,1,0.21348361936375226,0.8080235066652407,0.15080424344682636,0.29076297365030523,0.2046744121200666,0.4608405892084481,0.28461325324893955,0.5356270459459799,0.20810205003302054,0.47348605232131796,0.1076649018809865,0.3115835390651208,0.06843726813393602,0.5355655947365809,0.23163931406089933,0.410026776473053,5.623375316947351e-10,0.3137204640120386,5.594199062195224e-10,0.3173794660497579,6.216184395663085e-10,0.33275750066425736,5.170580071280565e-10,0.31141723835111734,2.165214366214379e-09,0.4101201495974597,1.1097794879867442e-09,0.34079405117716927,0.08340487736796266,0.07641561811743565,0.12817797238616707,0.15972195475898557,0.09379388927968228,0.09396131111734389,0.07838303765733783,0.2173566143186546,0.11792415442168329,0.11650607487214487,0.10020674821956843,0.1317813969028556,0.09504281627976023,0.1064076660290219,0.1024260711311533,0.09620901141007793,2.1263234025904027e-10,0.11328476129216249,3.2019297355220653e-10,0.09730142067645207,2.300715240797289e-10,0.09387760019851309,3.0717277919600765e-10,0.10002139121250334,7.136473182186655e-10,0.14786982598799622,5.760270685520839e-10,0.11721511464691409,0.08751371905513392,0.019145041486848056,0.08202093701521375,0.11899298722298225,0.08496672533916581,0.05521524605836607,0.07555683765486895,0.07926587053132753,0.11048915628454177,0.05734462437741447,0.08020337390268849,0.14559821641289705,0.09788936113801269,0.06700714937252593,0.10841178246915398,0.08373288430905874,1.6676403842721955e-10,0.08891237918262725,2.991613058496042e-10,0.07626962047701763,1.9444205034541458e-10,0.07009098569876594,3.063686939997322e-10,0.08926029432218784,4.690796666975494e-10,0.07741135409309824,5.216707104868747e-10,0.08391689033097813,0.3318160255635414,0.0483408358948055,0.3417562164278406,0.18046569947723465,0.36764491657222287,0.16120904510778508,0.2746900394772364,0.094327216128664,0.29773564977212535,0.2036434366794047,0.41865258947815454,0.1911351510309288,0.41070936418863435,0.1435358001150771,0.27286713898452014,0.15716499764669117,6.004248146559915e-10,0.2520277529787509,1.2195320422369596e-09,0.2707747814959298,8.050177903038847e-10,0.264426980840004,1.0693567358169488e-09,0.24606932523373065,1.3796805742259338e-09,0.18450862780295021,1.4228472771417394e-09,0.25068954322576503,0.2837817586496095,0.048074997835669535,0.29724063072395207,0.25005638489049237,0.24892005668886213,0.22877380850805698,0.2867568319616174,0.07342325307537378,0.26574898948862885,0.14901981174971785,0.2932723865186013,0.21990169658819764,0.3279211902596565,0.1474837897467945,0.28465569335427354,0.25286633016111904,4.94778042914793e-10,0.23205464253442043,9.600425096168952e-10,0.23827471130084252,6.009637813948073e-10,0.23884693259845957,9.402299924102256e-10,0.2532317508804609,1.3982062669492582e-09,0.18009004251849559,1.2585868193953459e-09,0.20738440061917335
P001,S1_12,Sucrose,12,1,0.5372691830080993,0.8449554439732863,0.34703543682994686,0.33610242449680255,0.20092871923244754,0.6039421853260453,0.2827446367125416,0.5594560766609895,0.19735869494891997,0.4908520927874119,0.15029779224111892,0.5069260230580822,0.14995775038865877,0.554481676306103,0.20498111942102412,0.44932454831208474,9.846456076097607e-10,0.45376438393455604,7.30305567122984e-10,0.3773275828133137,7.151529248754244e-10,0.4024354522792464,7.302651050370601e-10,0.3396862736069677,2.1155573705246816e-09,0.42110035668676554,1.6323960935967505e-09,0.3441053938681659,0.08941836968381779,0.054754995852461,0.12202004356729414,0.0993528497111368,0.09007111262518942,0.08880923948867028,0.11200386120409542,0.20169222614875823,0.09983584710915248,0.1135325645863777,0.10984415161770794,0.12570811981554467,0.10876992408784329,0.10682082222337051,0.08117187421175605,0.1452785645770639,2.1347621204759257e-10,0.10018308837466039,3.021968704578061e-10,0.09861777460626839,2.213368494895265e-10,0.08944017605692986,3.243883600970487e-10,0.11051029627500844,8.010947613216168e-10,0.15684804367642682,6.662082053568841e-10,0.10668420584776508,0.07767914398186457,0.02030763380776633,0.08880066481100361,0.09271611059558625,0.10880054177561578,0.053755217614033124,0.10214902217979925,0.08432404364917168,0.10533146331412228,0.04884296052157602,0.11020924746407884,0.08026797534400543,0.107056501685538,0.08454322100223498,0.08768826230940105,0.06859206506423601,1.6914407074161856e-10,0.07833012933405084,3.0209676093244897e-10,0.08853887051935547,2.381633645225973e-10,0.08127787969482445,3.029380932247225e-10,0.0869700125153525,5.459065388278437e-10,0.09323653291448547,6.188949646806874e-10,0.07708721191784915,0.176276073480444,0.04457548096739013,0.23016127388900226,0.23180277970142657,0.2736764137392868,0.1255644161776412,0.23587497777434444,0.064534274719464,0.3416977891561584,0.1643796230719008,0.30179326397261685,0.20113651773048538,0.29688540957119947,0.15773782331096883,0.27908214151455407,0.1420168259856456,4.29325406124073e-10,0.19762423162356088,7.839628239773383e-10,0.21346601569977408,5.938098809587354e-10,0.199620414958464,8.483516719158758e-10,0.21893055009559198,1.0192077113893782e-09,0.15020462624690423,2.014732915372999e-09,0.25303870611402957,0.11935722984577414,0.03540644539909642,0.21198258090275343,0.24002583549504802,0.32652321262746026,0.12792894139361008,0.26722750212921936,0.08999337882161612,0.25577620547164687,0.18239275903273328,0.3278555447044776,0.08596136405188329,0.3373304142667602,0.09641645715732251,0.34707660254326417,0.19478799606096914,3.7512170915207376e-10,0.17009816673317213,8.795785949034155e-10,0.22204975636128826,6.965366561954117e-10,0.22722607701053515,9.854825993515861e-10,0.243902867507079,1.1859792365136e-09,0.17861044047541774,1.5783802617124822e-09,0.21908448225219007
P001,S2_12,Sucralose,12,1,0.2827798167556424,0.6532418131813218,0.21976113143321152,0.330265296220914,0.10213682023852201,0.4934933303744774,0.1974359961323678,0.46985288969186584,0.22561993697321506,0.44144769724188165,0.11933992420621925,0.3297440561131146,0.1799408030830231,0.31717080965997985,0.20012717841871844,0.4136402994892162,4.340062396157765e-10,0.32252200631840394,5.985429584222989e-10,0.2731854408390006,4.6033693101655385e-10,0.2978150753064997,7.17300709028875e-10,0.2777197726627344,1.2966621091942072e-09,0.3336444429121168,1.5096808826603079e-09,0.33353381710754837,0.1543907781665963,0.06093393130477411,0.11458998448515686,0.09840887504398216,0.13439411035044663,0.07967293038583119,0.09098572822966844,0.15860053790812012,0.08656115999378255,0.08528292681128628,0.105744984010281,0.17307143966499558,0.11421691851738992,0.13782586659838897,0.13065167186433158,0.1512625917050806,2.162842904534185e-10,0.11785666544596435,3.965715149348972e-10,0.11652745646301417,3.4188597952894517e-10,0.1070335203681389,4.240179825687627e-10,0.13348926217129775,5.273554840426404e-10,0.12479313306889428,5.050352471103951e-10,0.08592204340253443,0.09192584332335188,0.02927020914993709,0.08897710223917002,0.08017494629970952,0.1150516200506928,0.0697557653250784,0.10176433696420778,0.06515235167242867,0.08900378738219533,0.02777818345348757,0.09267247236398692,0.061696608379029065,0.09473037029308129,0.07323565807036264,0.09305360323342807,0.06812759459191155,1.4495067881299296e-10,0.07411953029253075,3.285311496695039e-10,0.08819335343480378,2.9339819882881186e-10,0.0924036926878856,3.133256801269395e-10,0.08228680654719589,4.538190768310314e-10,0.08345834431831822,4.664399174258123e-10,0.05839098541784145,0.21577621662551424,0.13344869617804972,0.30386606406786054,0.23848416084467772,0.35866886352997174,0.1498283863425822,0.28351267311996325,0.17493776518285317,0.3129705060230894,0.2252706398934994,0.3431782531424741,0.18124411195665763,0.32723319733169787,0.22060814806994472,0.24490533039537213,0.12410007043757017,4.6159168469989393e-10,0.23599958380253896,1.0656024852115915e-09,0.26408464881854915,8.833344272947865e-10,0.254248624936277,9.563440079306006e-10,0.22921168655864624,1.2563600602113143e-09,0.2292252191514082,1.7527234459305729e-09,0.2691205729582944,0.25512734512889523,0.12310535018591778,0.2728057177746012,0.2526667215907164,0.28974858583036656,0.20724958757203035,0.3263012655537926,0.13145645554473193,0.2858446096277175,0.22022055259984466,0.33906436627703923,0.25424378388620256,0.28387871077480786,0.2511595176013239,0.3312622160881503,0.2428694437762214,4.838288808058802e-10,0.24950221414056206,9.257495744828165e-10,0.25800910044463216,7.535240921692792e-10,0.24849908670119847,1.0171772253630239e-09,0.27729247206012586,1.3612883683041064e-09,0.22887886054926226,1.613578575894723e-09,0.2530325811137811
P001,S2_5,Sucralose,5,1,0.39355499995336113,0.7492270649465601,0.2617340270387998,0.2457269133697402,0.08695819121671695,0.5020172564826706,0.3293855125682812,0.49565974567527543,0.16514139281409926,0.12737927325234336,0.24881051254536896,0.6296730778954397,0.1282350265750296,0.602007862780742,0.22774362535374962,0.5773143356074941,5.809346462351994e-10,0.4214544326248783,4.900758286387436e-10,0.3298045842637898,3.1282391877380147e-10,0.2944877238496938,6.944818225859347e-10,0.38382521257925384,2.0340609368200054e-09,0.4125226291217783,9.82276387829406e-10,0.1462603330332213,0.1164815711366902,0.07785837596678541,0.09569904172915941,0.16687839797488982,0.11650146524390158,0.0755137337191527,0.06747152891790298,0.21329431281845632,0.12795420550683761,0.12268382033778968,0.09257554420829918,0.08065054696380616,0.09684765538734813,0.08088900961158575,0.10548946624718486,0.08047035300690479,1.481979748177667e-10,0.10502391299660502,2.871955873621443e-10,0.09243796599049704,2.3151168615155677e-10,0.09600759948152714,3.1031336712993614e-10,0.09092412106325588,6.338876769573751e-10,0.14038292086817966,7.766696072858622e-10,0.12531901292231365,0.07805509573480744,0.028791072490958625,0.07552917008919123,0.06810517347816121,0.11573030914709845,0.0517223573247523,0.08061697702883024,0.07139404477620175,0.08488834543233437,0.07002334808421555,0.11223184771578593,0.04608616873776822,0.08641356778989721,0.051874254122834425,0.11341422071840351,0.04327442295003017,1.2086633724977124e-10,0.06813308804111211,2.599248529806826e-10,0.07643512209614559,2.226612292514194e-10,0.08372633323592538,2.913648017156956e-10,0.07374411639529133,4.0081106768609344e-10,0.07600551090251599,5.078775053157451e-10,0.07745584675827497,0.19533773866136672,0.07948893299898697,0.2595662289163903,0.2425403719398586,0.3386152636035165,0.19926325607368725,0.2743052471015876,0.14400705865912505,0.3401258247926656,0.3446966563134439,0.31262516419268344,0.12922948572471613,0.39012043880726305,0.16168235441082354,0.21509562091236084,0.14548126917833218,3.409863890202297e-10,0.20313132040566703,9.884843356951525e-10,0.2724203282238226,6.6654326106221e-10,0.2689392598386019,9.355681529667254e-10,0.22809492082719487,1.1715294119184867e-09,0.20915615288035633,2.0766031544878343e-09,0.3424112405530548,0.2165705945137743,0.06463455359670867,0.307471532226459,0.27674914323734984,0.3421947707887663,0.1714833963997379,0.2482207343833979,0.07564483807094169,0.28189023145406344,0.3352169020122076,0.2337569313378627,0.11436072067826958,0.298383311440462,0.10354651907401453,0.33825706676830075,0.15345961925723897,3.1061362443424175e-10,0.20225724593173733,8.289031107539906e-10,0.22890199942574516,6.641992674342203e-10,0.2568390835942521,9.263026831142747e-10,0.22341162913500404,9.538688471164426e-10,0.16193278622716978,1.7532386637151405e-09,0.3085535667331355
P001,S2_7,Sucralose,7,1,0.251592028585021,0.6830900646231866,0.19082828470414778,0.35040392224896194,0.15252333808714458,0.4935069177671948,0.2374644297303766,0.5752309410334979,0.19961043529381697,0.4826005531824809,0.10811825219456847,0.43280860058298243,0.14569026145611308,0.4274000544519585,0.28583674100376744,0.3307466401648301,4.933538702641059e-10,0.336140192156478,6.162167771090651e-10,0.30478014294060274,5.948017850565931e-10,0.3230151279271697,6.328423692209067e-10,0.29741842426916726,1.8327373693113673e-09,0.4063476853819373,1.5038476648553188e-09,0.34110549423814895,0.10303254938713245,0.12100085144467167,0.09678118650888405,0.0932383910248446,0.11639082360427326,0.1246841447462512,0.10423799957627522,0.1599439681921159,0.09181484176007598,0.15373318764375243,0.10437225886752417,0.12345807949011409,0.09563470457787941,0.13069965178125043,0.09276844497333003,0.1877766095998277,2.027038319895666e-10,0.10698055278719519,3.557362847689175e-10,0.11685233117741359,3.499384403056868e-10,0.12053748417526222,2.94500898200837e-10,0.1267198527330719,6.3128038677085e-10,0.13209098388419555,6.072481785535437e-10,0.12277401470191421,0.10808405647764847,0.03585248895496981,0.08239066078964409,0.08364165403868226,0.12395533275195307,0.06983279665234635,0.09819459904775601,0.07853932388673873,0.09839680698061336,0.03544207208556562,0.10048782359764154,0.055293678658726766,0.12683626844381166,0.08610185607739841,0.1051923986911962,0.09017449512358922,1.7184045405985023e-10,0.07762506041955215,3.964967250987879e-10,0.10168156348137738,3.467023245381794e-10,0.0968940647021497,3.3407787269367166e-10,0.10207625458399888,4.596902935269991e-10,0.08836696146724737,4.907205377897771e-10,0.06691943953308949,0.24876116810861226,0.07857993426982765,0.33018378879808885,0.19283308766129428,0.2894786008521012,0.15599011674009386,0.27474901758761167,0.11381290887942305,0.29916624597059605,0.1632424815805648,0.40140046541448193,0.24355275375816998,0.34364810326238493,0.19272186056929835,0.25935885797770375,0.17442558605561223,5.640921429206517e-10,0.2492185330017458,1.0002410923402686e-09,0.24545967035596958,8.067426044547817e-10,0.22273435879609754,8.633429433394881e-10,0.2425386019662498,1.0879538769037518e-09,0.19428096323351735,1.5606669319984722e-09,0.23120436377558043,0.2885301974415858,0.08147666070734386,0.29981607919923464,0.27988294502621763,0.31765190470452775,0.1559860240941143,0.28535395405798025,0.07247285800822435,0.31101166999489743,0.16498170550763647,0.28562119992578416,0.14488688751000692,0.2881906622598114,0.1630765771200943,0.2568435573540027,0.21687666905614122,4.978054435860937e-10,0.23003566163502884,9.403205992761075e-10,0.23122629204463693,8.789916139971782e-10,0.23681896439932104,7.711986713715193e-10,0.2312468664475124,1.0443604152886043e-09,0.1789134060331023,1.6166135278925809e-09,0.23799668775126695
P001,S2_5,Sucralose,5,2,0.23512948811718434,0.6869538767443651,0.25791456023965625,0.285321169084369,0.11853221023446237,0.33859354636505534,0.13841694145871147,0.21585326113624342,0.19731985117967876,0.4432464660533444,0.12132886756156076,0.3133417554666532,0.09692157137786925,0.5114383034943766,0.18811178045940496,0.3941519033848247,3.5312104948868e-10,0.31666495286896484,3.768785372774087e-10,0.2663714078679409,3.4702639233373504e-10,0.22856287829975885,4.430786247749909e-10,0.2976558896791189,6.800196934684005e-10,0.17713510129747745,1.0547053075416825e-09,0.3202831586165116,0.1309007371962244,0.11475264657384843,0.08380308078742495,0.1050450918515361,0.1936903575991453,0.11005596241798844,0.10164268617738523,0.42509249639126356,0.05489233930104525,0.09022945392436456,0.11651714679766717,0.1172050103135703,0.09805864332277336,0.07119775065293864,0.16295912867826903,0.11041759542563111,1.5569852537259886e-10,0.11137061892004524,3.65103391289252e-10,0.11825067849821144,4.489482340557865e-10,0.15187316000856688,3.0791300828694477e-10,0.11065827951990304,8.282963753667137e-10,0.2633675912843244,2.729306381911363e-10,0.0725608966127049,0.06055268609472874,0.019370734046897542,0.07777864089751024,0.08496507985499943,0.08615147884362939,0.07101689241440992,0.12166144250485837,0.0815624360166504,0.07265489569207419,0.05983455114786451,0.11009970507041233,0.07459435446623783,0.10148000057272429,0.05573297693960891,0.06692920618637957,0.05433768176988281,1.0732479460051071e-10,0.07122686673846436,2.4570048504730907e-10,0.07859533719259312,2.0556778639619402e-10,0.07858418562901966,2.1319276898853e-10,0.0696199663671489,4.642415342266253e-10,0.10161193926075439,3.243555434899632e-10,0.06624472341996934,0.29099238955525814,0.07841327686816704,0.31937599102753866,0.2376358039160834,0.33465609425428844,0.24315941052552995,0.2947437526848478,0.17454219949587374,0.372127030257767,0.19263064091297794,0.31556991818192365,0.2504750926267195,0.40289733618298534,0.21475275557831325,0.2715921903644709,0.16326667433811717,3.7095829878891355e-10,0.24874374536261504,9.61364939697431e-10,0.29886639913527924,7.898136467271251e-10,0.2889077523899092,8.416298981353788e-10,0.2631272391159717,1.0962489935017375e-09,0.23464297609036078,1.5908267206623784e-09,0.28237883558537247,0.2824246990366046,0.10050946576672162,0.2611277270478698,0.28703285529301165,0.26696985906847376,0.2371741882770162,0.3435351771741969,0.10294960695996903,0.30300588356943525,0.21405888796144815,0.3364843623884361,0.24438378712681905,0.30064244854364836,0.14687821333476267,0.31040769431147547,0.2778261450815439,3.741083976618361e-10,0.2519938161099105,7.415306176674038e-10,0.23791617730597525,6.415803052524957e-10,0.25207202367274495,7.511827610456529e-10,0.2589386253178576,1.1537301100459509e-09,0.22324239206708296,1.3307536997175713e-09,0.2585323857654417
P001,S2_7,Sucralose,7,2,0.3535974530882903,0.8205509073171564,0.3200586651847287,0.36525614800508893,0.09953144301418258,0.3111011164962592,0.1469345372098562,0.3313123893284951,0.15431301710106632,0.3296347989115488,0.14314824812111507,0.3615480039088726,0.09623085312787912,0.62621544574713,0.14443780123559463,0.34081168458565747,6.244329514150965e-10,0.39402657093754206,4.669289657278445e-10,0.28326971459636274,3.2517467331600334e-10,0.2053162797552209,5.173125340922727e-10,0.3019239461740653,8.105024505622662e-10,0.23912346326917566,8.316853754087792e-10,0.24197390800630755,0.14669991227800025,0.05832298146318811,0.08004504383189939,0.09749326404298281,0.13834667914384075,0.12680818406522035,0.09443852379917457,0.24974880388171664,0.08296385020818244,0.12534721664860046,0.11265939752731807,0.12551841674425038,0.07027153980092259,0.0845279411765685,0.12112339738950195,0.12841698657029066,1.8308450157152727e-10,0.10345650264793983,3.018430875574363e-10,0.10498858604663805,3.519153600590829e-10,0.13257743160453056,2.8028046470655265e-10,0.10108496623432092,5.635241230792713e-10,0.1720936638404456,4.203242173057201e-10,0.10415553342839146,0.07878918133897404,0.014222635543634714,0.059511984568495865,0.06923578984356793,0.0775723970474691,0.083400290704337,0.08318941689616151,0.15984301976464566,0.06538130050311003,0.07633669340179342,0.09906652643770054,0.07038808050517788,0.10213454709188473,0.04974071925107372,0.09399154069571647,0.08821853869619489,1.183897355530761e-10,0.06520236637292516,2.647400736128737e-10,0.07821198852369113,2.0134927647948907e-10,0.08048634387590305,2.8211781311083507e-10,0.08352133643371745,4.2678301875827954e-10,0.12151621833040357,3.1964122507946266e-10,0.07085899695245172,0.23560672738335112,0.04524117261461842,0.24874177120702026,0.21812056548955785,0.3433322166675439,0.23444489540620517,0.3773397008952934,0.16183765724633373,0.3591862678410803,0.23530455858972513,0.359480916230559,0.19386326860680073,0.37041479836187674,0.10142809022600936,0.36924464843458377,0.1772307495281956,4.015372550044568e-10,0.21684240358865123,9.981404231538476e-10,0.2624050001654088,8.470635454837924e-10,0.2888885560368745,1.012339070175193e-09,0.25457957163766637,1.2840898518975869e-09,0.2695886790708136,1.660861863883437e-09,0.2972454132154027,0.18530672591138414,0.061662303061402,0.2916425352078558,0.24989423261880223,0.3412172641269633,0.24424551332797784,0.2980978211995141,0.09725812977880946,0.3381555643465613,0.23337673244833235,0.28564491168330747,0.24868223023489872,0.3609482616174362,0.13808780359921827,0.27120261224460335,0.2653220406196613,3.7253928689775385e-10,0.22047215645294174,9.92833855576948e-10,0.2711247106678989,8.455275686793548e-10,0.29273138872747057,9.123547191936185e-10,0.25889017952022975,9.790248834470097e-10,0.19767797548916177,1.5697425399749963e-09,0.28576614839744685
P001,H2O,Water,0,2,0.2590783633653591,0.6872992365717878,0.3361316039998684,0.37949493049943206,0.14494140710934078,0.4565577834090523,0.12890035447766202,0.4348603653924125,0.1052133488161353,0.32311954079930816,0.1139198431354104,0.37928918139398343,0.11946431963321638,0.4162832546613868,0.2438927580035715,0.4581736237071481,4.658034684089628e-10,0.3592021931609735,5.4698122478988e-10,0.28431169120324906,5.610849130343533e-10,0.30074959525919653,7.078101367641905e-10,0.3094534890013307,1.7683382465990074e-09,0.28188035993503724,7.123063638364645e-10,0.21416644480772173,0.12483645260543019,0.08104772140666856,0.08074013072454327,0.1293830702205995,0.14276723582684991,0.14235012446358292,0.10942703634563526,0.2905766720553338,0.09434823607125645,0.1607615785226201,0.07378885343206955,0.18943546837868197,0.10476580388435303,0.11708353659173583,0.08898050134511921,0.10117260592314273,1.7203216279714017e-10,0.1132052827946655,4.0616684021297124e-10,0.12674167519163043,4.279819504650092e-10,0.14255868014521642,3.337586931363363e-10,0.1030006119360877,1.2421609488544585e-09,0.20000185420048452,5.388344178556931e-10,0.12755490729693827,0.06841207213134573,0.047313735471848604,0.07126648777791661,0.07569382527183774,0.10501931644711494,0.05110334787704514,0.13729809873187374,0.09077884528818903,0.09692363929863568,0.07137515519990124,0.0745374472188049,0.054064555980548566,0.10289091488998872,0.07451570718699499,0.08648630986262545,0.07343019678246744,1.1451400554321649e-10,0.06521468730871703,3.28504195349764e-10,0.08338232160028594,2.9307509594072113e-10,0.07806133216208004,3.122412718956401e-10,0.08433078218051915,6.560583597961657e-10,0.11403847201003138,4.809063952191581e-10,0.08414939724926845,0.3112057397444229,0.10704176940824967,0.2864380971902135,0.2128205354158565,0.3444647473581444,0.16903022237807733,0.32649312509842104,0.12198637591597597,0.39045155017434335,0.22908760414067603,0.3900859345045814,0.1855948374525055,0.36751915550248904,0.19434839393998488,0.26373832582128703,0.14418028855987608,5.01687573105706e-10,0.24886448561930496,1.1188902466276462e-09,0.2688406297946739,9.61862416613686e-10,0.2567474848681109,1.011729820768888e-09,0.24244654095590926,1.2506511992737085e-09,0.22423975050719852,1.892035676649496e-09,0.3097695771575097,0.23646737215344252,0.07729753714144508,0.22542368030745819,0.2026076385922744,0.26280729325854935,0.18095852187224237,0.29788138534640823,0.061797741348088485,0.31306322563962896,0.21565612133749412,0.34766792170913385,0.19161595679428062,0.30535980608995306,0.1977691076198977,0.3169021049673966,0.22304328502736523,4.2420351318233826e-10,0.2135133511163391,9.136007691832199e-10,0.2367236822101606,7.54941129248695e-10,0.22188290756539586,9.999199497504714e-10,0.2607685759261531,9.779031047985013e-10,0.17983956334724835,1.5417969039755765e-09,0.26435967348856154
P001,S2_12,Sucralose,12,2,0.49822944778492867,0.8330438269098286,0.3148251429372385,0.45398437866323826,0.20299243047223384,0.45691545036093856,0.2187258078244154,0.4774205993539063,0.13117517303730272,0.6622824423112221,0.1964262968558212,0.3615058509619462,0.1929026590179104,0.4350628449853398,0.24979265255955807,0.4742810076182739,9.891866007476244e-10,0.4430024906855003,7.865668453660616e-10,0.32196834620910564,7.630610126558478e-10,0.3299539404165862,8.81210331976147e-10,0.33800979104527057,2.629956447411807e-09,0.34807320358916083,1.5482588845056062e-09,0.39672880767426244,0.10132283805606548,0.06087631647673892,0.05996277137743167,0.11608868149668877,0.11339405605491654,0.19606626364402663,0.08127938263861934,0.29484726345238904,0.07404144810566303,0.11362114770289862,0.09920615639451193,0.2338503511898001,0.08668295841331597,0.12227318478437986,0.08566276366169115,0.13997935091552532,2.2718425872071107e-10,0.11188451916520614,3.6874138068032354e-10,0.12960411572415975,3.9978874305711897e-10,0.15473015984947158,3.2383724078416846e-10,0.10864956444372807,1.426223577297632e-09,0.1880633230455042,5.265280114652434e-10,0.09383129790428082,0.06651972138044036,0.01721250035928876,0.09468151896524313,0.05711548017071972,0.11247770896237655,0.044310913888726405,0.09117544150091754,0.09779014253047423,0.1007601993576595,0.04287471066033738,0.11246837968026638,0.060935140478429045,0.10143560858377992,0.058705484460597944,0.09252594791986668,0.06750779771869114,1.7188354298763752e-10,0.06815545683906456,3.471136040741204e-10,0.0792324289738702,3.293898410801665e-10,0.07839431142555148,3.1916005099152163e-10,0.08004370967073392,7.093527628501713e-10,0.09448279201569589,5.673431753221681e-10,0.07181745500899844,0.16643624552714173,0.04489963290222105,0.24678561644480224,0.13082562932280062,0.26377795647288294,0.1416008313118208,0.2859956869034362,0.09263292697485255,0.3817502961917768,0.08363226989696855,0.31520050790663773,0.14714884661945213,0.31195464834906667,0.20607485675405918,0.2519916879038861,0.10351942405072881,4.518052683948129e-10,0.1752160797871759,9.602617176337148e-10,0.2308520732219574,7.893266641297681e-10,0.20268939389235185,9.085707425210503e-10,0.2183851542644352,1.4065884223163863e-09,0.18931430693914436,2.0442824980054217e-09,0.23269128304437267,0.16749174725142352,0.0439677233519225,0.28374495027528407,0.24198583034655322,0.30735784803759036,0.16110654079448772,0.3228236811326116,0.0373090676883782,0.31227288330759784,0.09758942942857284,0.27669865916276304,0.19655981075037235,0.3070241256359268,0.17788362901562346,0.320026947954998,0.2147124196967814,4.736404479910728e-10,0.20174145352305314,1.0111754022107006e-09,0.23834303587090708,9.179953563736706e-10,0.23423219441603904,1.0182534547522287e-09,0.2549117805758324,1.3306314991981678e-09,0.18006637441049492,1.7111831712538885e-09,0.20493115636808534
P001,S1_12,Sucrose,12,2,0.24882378851221879,0.7114340586724341,0.22811324305638775,0.2447443270720582,0.18573380001935302,0.28626807600634885,0.19182714539185788,0.19179486623743514,0.1630910227669303,0.37502777155513817,0.10557638722762891,0.3371348226796322,0.11269116657121866,0.3141414187014462,0.2429064895394123,0.20258136349060635,5.338487389742847e-10,0.31263777120339337,5.209761489726729e-10,0.2247086153245917,5.104502512704415e-10,0.23600093801285094,7.581095573392804e-10,0.21808010957567087,1.1692709561351015e-09,0.1918110058146465,1.5852160339433132e-09,0.2690593971610342,0.09895662369833656,0.11789244906598521,0.11742842016936454,0.14449701216571287,0.11547677787665184,0.20953075025773,0.10317861601527988,0.377833054490991,0.09055620989372475,0.18265452524527698,0.07832464647659883,0.12938116104440722,0.08871926941112851,0.18207659698936582,0.1093845331392258,0.2124237808911528,1.9562627783942882e-10,0.1144133854367342,3.60378387066197e-10,0.14895084863371905,3.2914314353847516e-10,0.16250376406719091,4.5163368607890185e-10,0.14815104510771823,1.2323660062188474e-09,0.24050583525313546,8.40875800653689e-10,0.13660536756950087,0.09942854838841277,0.028501978246346007,0.1104534426014746,0.11784053535868168,0.1038902036317719,0.06545813917525536,0.08540357022281404,0.12739387507377095,0.09956060040708756,0.0719818311245263,0.118826923225337,0.06190562556616071,0.09423937330680716,0.08937854805655192,0.07670249186393727,0.08787415582785998,1.7961269187808096e-10,0.08949284223106879,3.1168945493308583e-10,0.08824156604259659,2.5017417709338564e-10,0.08467417140351363,3.48802131970357e-10,0.08704864226378908,6.128555767566594e-10,0.1063987226482925,7.264736497877783e-10,0.08577121576580693,0.24492414805755147,0.07211248101149074,0.24758514080927208,0.21211206491229379,0.31773251210911735,0.21234237801875908,0.3413032892422645,0.1934489615982789,0.3443858020543522,0.20021584776770537,0.37437430755842127,0.2133514632095438,0.37439533295492916,0.18714131192744887,0.2717660702910649,0.1601128618259569,4.896916770560775e-10,0.2274099342597622,1.091635716679953e-09,0.2729028837525636,7.696559698199029e-10,0.2650374450639382,1.238936796970587e-09,0.24835389424984994,1.755687918347792e-09,0.26737612542027167,2.4379510232731254e-09,0.2723008249110288,0.3078668913434803,0.07005903300374319,0.29641975336350057,0.28080606049125345,0.27716670636310525,0.22640065654190666,0.27828737912778384,0.1095292425995244,0.30240636487790495,0.17012002430735312,0.3228977355120139,0.2582269275002564,0.3299548577559165,0.22726212432518722,0.2992404151663603,0.3370078379644239,5.066623254268577e-10,0.2560460668690413,9.791074822644786e-10,0.2651960862465289,6.867632859668549e-10,0.25178368145250596,1.266880793974663e-09,0.298366308802972,1.3256297586574071e-09,0.19390831086365412,2.1320276126155956e-09,0.23626319459262904
P001,S1_5,Sucrose,5,2,0.3319956250740265,0.6831047988771821,0.29337922393924043,0.4118551700469107,0.19241508221832407,0.4532258858587067,0.21398970365579079,0.650283258610981,0.16411205358546288,0.41578563967808474,0.14413045997636775,0.5369595992258714,0.1089888022785776,0.5296332986065813,0.22798056051237192,0.42851094819288477,6.585871520343859e-10,0.40023747952326644,6.461205926029531e-10,0.3210657672405474,6.805156875541121e-10,0.3228204840385154,6.81472284078211e-10,0.3237784023976039,2.7383816998481118e-09,0.4321364811333859,1.2912470716620962e-09,0.2899488466317738,0.08265965695166819,0.13527382271126343,0.08142192041355743,0.12362435567402132,0.11877880765376962,0.1635049453023867,0.14347821384916146,0.12317331917806039,0.07285498380837586,0.12743317576701843,0.06809537392158153,0.08151837146026075,0.08550383312776354,0.10902012712116797,0.06297991892796267,0.18052950335142415,1.669908637003064e-10,0.09543225018872543,3.3791721504731624e-10,0.11920192830127196,3.678373882358863e-10,0.14114187647807816,2.735726159274022e-10,0.10950834563207959,8.986768681888649e-10,0.13332576651361092,5.150986275360656e-10,0.10014407978769715,0.07232975549264561,0.04267582888837699,0.10466847737381055,0.05671131162031398,0.09742195493643971,0.07346497998477672,0.08626672771512166,0.06835211392102597,0.09421553146254119,0.08430753829246801,0.10425103201118671,0.05308107141010592,0.1082986692382425,0.083001113982673,0.11222884712983124,0.08016568087030528,1.4796771304075767e-10,0.07228624613273996,3.1682984475132047e-10,0.090546679535533,2.74449369031877e-10,0.08544346746060821,3.312380970169035e-10,0.095923577805263,5.232340963304654e-10,0.07730942081807382,5.842506319412548e-10,0.0892615348775046,0.2667334918934125,0.07504621297933556,0.2791584132391607,0.21149851248185741,0.28359129659151683,0.15973070168942857,0.2843834178962681,0.09876782341290014,0.3467880540356248,0.17581780732171384,0.35284831867241745,0.18962162823693102,0.3589598297499544,0.15396781053767758,0.31998091258415995,0.1453762401925159,4.738089978055844e-10,0.22915109625051908,9.486276236208578e-10,0.23906240964214434,7.745903316258865e-10,0.22166099914047271,9.724974706108896e-10,0.24457119826607696,1.3456500234758639e-09,0.1915756206545841,2.0136946969401623e-09,0.26130293067866933,0.24628147058824687,0.06389933654384153,0.24137196503423092,0.1963106501768963,0.30779285859995,0.15007348716470073,0.2718819368836582,0.059423484877032674,0.3220293771079953,0.19665583894071503,0.3306748154184472,0.1388193296668313,0.3382488656054623,0.12437764975189977,0.27682976084567434,0.16541762739287005,4.2717140838067743e-10,0.20289292790474903,9.382521601629956e-10,0.2301232152805032,8.302286643012503e-10,0.22893317288232534,8.889408823411266e-10,0.22621847589897662,1.1816135116253391e-09,0.16565271088034544,1.903892614097471e-09,0.25934260802435516
P001,S1_7,Sucrose,7,2,0.3731669006424341,0.7732684178120619,0.2865635812440127,0.38436869593818157,0.24031969380968107,0.3379157829361696,0.152857220799209,0.41219025349312155,0.1044084400952361,0.3212018167371425,0.11996029273077202,0.29667141936075603,0.10959585321464581,0.6144361109588451,0.1347515071112371,0.2845250682027743,5.92625228928109e-10,0.372333217954703,6.9724919996844e-10,0.3255668602298354,7.680060666108636e-10,0.2891177383729253,4.80167883634372e-10,0.28582713487187555,1.1089838532996001e-09,0.2825237371461653,5.366830714221812e-10,0.2128051284161893,0.1499649531097331,0.0769340885835824,0.11127098226900545,0.15817734533580913,0.11461880276706612,0.18105367305863115,0.06684023725007103,0.2475185501746813,0.0938466238136342,0.2039363112046531,0.10439221919158789,0.16505781839236924,0.10430107619176705,0.08905871666745595,0.11816736924044705,0.14001114724054525,2.1469180207408432e-10,0.12763290114701453,3.603649718494885e-10,0.12225806717123008,3.723317039004003e-10,0.14783623791284864,3.010514429345695e-10,0.11288457733505382,5.995695350654828e-10,0.15717939371237616,4.2641688192443287e-10,0.14889146750914367,0.06017688021691537,0.019738427093800387,0.06897252223841024,0.09728857403016747,0.10621173094140379,0.061707058650250314,0.11216806175627253,0.09875519210037145,0.08598318782656103,0.0818946382985892,0.14497150575575643,0.0632147778689767,0.0899681815520721,0.04195843975424826,0.07986510081736795,0.11289692732832003,1.4095034471794958e-10,0.07572711453400444,2.9795923966246657e-10,0.07496135272449363,3.128262162019154e-10,0.08395939479582705,2.3053879055310202e-10,0.08117216236300209,4.666606977734665e-10,0.10546162692832199,3.2138588291386795e-10,0.08393891306257512,0.1863785633685654,0.06911629839352974,0.27736688196735865,0.11646555400633966,0.2671093207002948,0.21365690368492524,0.35510508504915006,0.13446424517430403,0.3815940757883326,0.20090015386491858,0.3397730496101947,0.26087021068859245,0.3696558675813773,0.1257056795963432,0.38266868057741676,0.24000251463984865,3.7397207447010675e-10,0.20832842633909676,9.721383003026592e-10,0.24403194289073515,8.044675908833986e-10,0.24038311219261002,9.42642942511892e-10,0.27950818559874646,1.1737590725165563e-09,0.24478466511172703,1.3189814326420648e-09,0.2912471148266256,0.23031270266235215,0.06094276811702495,0.2558260322812132,0.24369983068950268,0.27174045178155465,0.2056665816700235,0.3130293951452973,0.10707175905752181,0.33416767247623597,0.19206707989469726,0.29090293271168854,0.21418577368930564,0.3264790214601387,0.12884105302310728,0.28454734225353073,0.22256434258851188,3.908513402668315e-10,0.21597834002518115,9.152250393520093e-10,0.23318177698370604,8.148655900044775e-10,0.23870351672578907,7.92820010402281e-10,0.24060793983132214,1.0151550837655808e-09,0.21005057710140956,1.165706410144565e-09,0.2631173761854666
P002,S1_7,Sucrose,7,1,0.2111819862432938,0.23819353434394258,0.09570415271597703,0.12921109884362936,0.09841821601005211,0.11597884769732482,0.06581559429885549,0.32555486671271044,0.05674613771530487,0.08281478643225186,0.1088290778425146,0.1048204159729013,0.06360549866069043,0.08142972750708037,0.10010547030480814,0.16836548628572762,3.1217476363214953e-10,0.1479900443270431,2.7959517541367195e-10,0.08985807246878694,3.5166035786593415e-10,0.10719853185368847,2.348450243924038e-10,0.10337654568957665,6.67625539348945e-10,0.19568523050578296,2.2689998876371012e-10,0.06978046207377836,0.10210789724767627,0.12641842470793394,0.08760204763561227,0.11505008692571081,0.08693238511973564,0.08751171594928799,0.07706093149312974,0.1212794589523021,0.08020936093065943,0.11539036702964768,0.07294235974495526,0.10874346798082585,0.07860476213867414,0.10485710610730595,0.0873157785927357,0.10881008224994335,1.9987949719648939e-10,0.10214404737378573,2.819366864634485e-10,0.08947649232875093,3.0658335418648404e-10,0.08722205053451182,2.3755397178730696e-10,0.09489693227216478,4.0541968553626975e-10,0.09917019522271592,3.203120195001164e-10,0.09779986398015356,0.10101355577541131,0.06615840221123502,0.08579595192499488,0.08606217091071473,0.10512489797498399,0.08694992626625436,0.12422750415422967,0.06547473382803873,0.12230162111733071,0.10232465010443488,0.10179951686935097,0.11991060459202961,0.10433436284258629,0.11738611787445924,0.10572298057158404,0.06748665970274521,2.0296282569722367e-10,0.09345670038062275,3.5145682085774353e-10,0.10344882623957097,3.6563980826419573e-10,0.09603741212061917,2.9134341616306657e-10,0.09873253024784369,4.6530120661402534e-10,0.0948511189911342,4.704734018476362e-10,0.1123131356108828,0.3072323138140132,0.25462916192721363,0.4021327894892315,0.3147432746843622,0.3880266696825529,0.3731515293993296,0.40240454061512915,0.21649118521662608,0.40312190456117547,0.34763737820071045,0.3428245810472573,0.34131431073408913,0.41253093288346177,0.3569896878612226,0.39400580064161633,0.31634172850563796,7.10930403100801e-10,0.32714607194936113,1.3382334571978927e-09,0.3826747049566417,1.3637283516560411e-09,0.3805890995409412,1.1229121883027028e-09,0.36996703747298465,1.5136020495207796e-09,0.3094478629158776,1.553264904954841e-09,0.37537964138094293,0.2784642469196062,0.3146004768096747,0.32876505823418445,0.354933368635583,0.3214978312126756,0.33640798068780303,0.330491429438656,0.2711997552903233,0.3376209756755299,0.3518328182329558,0.3736044644959217,0.32521120072015397,0.3409244434745872,0.3393373606499318,0.31284996988925556,0.33899604325594596,6.925947439075422e-10,0.3292631359691873,1.115379844575836e-09,0.33454190400624945,1.1372740062880994e-09,0.3289529059502393,9.297084537739412e-10,0.3330269543174301,1.3783270066984776e-09,0.30084559236448966,1.3156642140525042e-09,0.34472689695424286
P002,S1_12,Sucrose,12,1,0.20896003633114177,0.18488312924710526,0.08872228692921467,0.06928403304180433,0.08673661505320511,0.05396777350358461,0.08259965482057735,0.2469414764437398,0.09147722089472186,0.09467452694563787,0.07157336407509511,0.07152225265651328,0.07567997317803603,0.08383822045610863,0.10706925576196952,0.15756538662524808,2.938124852069119e-10,0.11582418371347906,2.817516659973015e-10,0.0750556455477336,3.138679144694888e-10,0.07035219427839486,2.647232019439289e-10,0.10603820900534056,5.919158250623234e-10,0.16477056563215858,3.961375481195305e-10,0.09307587392017987,0.05147913793964325,0.12716831773592494,0.11043425649223795,0.14497411927506018,0.07546257707503316,0.1101933919539872,0.08568501303796396,0.11409193302125678,0.06970176711936249,0.12026729893104467,0.11338385449982841,0.11685398982714203,0.0862534891651122,0.1085555735640528,0.11790967814001359,0.09657849595419117,2.2385067122036633e-10,0.1107156126283061,2.8875482285992954e-10,0.09511625793954634,2.9018310508870075e-10,0.09282798451451019,2.8861124351713235e-10,0.10232430920584244,4.0343852113626567e-10,0.09988847302961038,3.1508867074087596e-10,0.09498453302520357,0.06317689725678335,0.09278025664954304,0.10928607791452166,0.10471502451266576,0.1293953964777377,0.12502277720988975,0.1003830191885829,0.058963811537931246,0.1079692400373071,0.09829555452831613,0.09726023616523943,0.10708120257939066,0.12673766273193035,0.08620759673516434,0.1235916076424151,0.07627871987680489,2.077347075105288e-10,0.09571661584635732,4.4330286917739956e-10,0.11684085828868054,4.802787226704488e-10,0.1272090868438137,3.521376673038904e-10,0.10320389674657868,3.619207133681578e-10,0.07967341536325707,4.638537212210475e-10,0.10313239728281162,0.3362496840654968,0.23901022120687734,0.36077671301788533,0.32447293020157164,0.38375854167345796,0.34070908836831887,0.3768235051484384,0.2289857915323156,0.38827150934527044,0.311277447469203,0.374443925728612,0.35377282607158983,0.40628271396145776,0.34952101008601744,0.3155318213108967,0.26225212963595973,7.982882669217787e-10,0.3314543833820055,1.367327584031411e-09,0.370067838522313,1.4162625283431315e-09,0.3622338150208884,1.047534859590896e-09,0.3333969187485829,1.369928976993017e-09,0.302904648340377,1.6564604731951521e-09,0.34977447840723674,0.34013424440693507,0.35615807516055015,0.33078066564614067,0.3565538929688976,0.3246468697205659,0.3701069689642194,0.354508807804438,0.3510169874647569,0.34258026260333835,0.3754851721257986,0.3433386195312249,0.3507697288653639,0.3050461609634636,0.37187759915865665,0.33589763714470516,0.4073252679077962,7.929320709697364e-10,0.34628920442985206,1.116912943085465e-09,0.34291939970172636,1.2202656098425082e-09,0.3473769193423927,9.353776340304757e-10,0.3550366662936554,1.489783510022408e-09,0.35276289763459745,1.4892884918357014e-09,0.3590327173645685
P002,S1_5,Sucrose,5,1,0.16750417116599398,0.5329173730120735,0.13356567421854176,0.19892391393988523,0.056909364238753445,0.2973635803577761,0.07174489633784605,0.3575273196705874,0.0809772483198892,0.18279136356346715,0.1698061822758367,0.26337902085015763,0.07354319112874678,0.14267174584851242,0.27757948552121914,0.4015486687699861,4.2574633139043094e-10,0.24434938924374816,2.5372467812117814e-10,0.14262197039344718,2.5877110895402604e-10,0.17713647229826476,2.915770895511474e-10,0.22383577281711609,7.060804937444501e-10,0.2146361080042167,2.922330886272702e-10,0.13188430594167816,0.11059801848069473,0.09732910629450896,0.08132008701365323,0.09669037586508789,0.10757465726078186,0.13077375434647487,0.08324090726656524,0.12009954151865405,0.09577525386362994,0.1301245957668906,0.08428423706979185,0.11326317778169144,0.09581843259521011,0.10091747236591335,0.10562128946806659,0.11490660083049276,1.7945012390449606e-10,0.09724750041757135,3.245401677675071e-10,0.10877107914209505,3.4758726217436194e-10,0.11917420580362836,2.0523623849519792e-10,0.1043159488149207,4.271764928594346e-10,0.10167022439260964,3.096764280485117e-10,0.11294992481526026,0.10050016726742031,0.06235655306942294,0.08665426156462595,0.10040228061865755,0.10873791447266613,0.07078122442230762,0.11326313823178277,0.057903428863568654,0.10908636043123227,0.13102178279190832,0.08303323119915351,0.09022049668202205,0.1261613512217487,0.10675927402893484,0.06887995537640458,0.056973244313947555,1.608870115679089e-10,0.08719449840021705,3.6062080128086916e-10,0.10310994103641433,3.3119205299705264e-10,0.08975956944748688,2.2622367377567734e-10,0.08969345623525893,4.408887368342024e-10,0.08558328354767572,3.4553503440041476e-10,0.12005407161157029,0.31110280035019083,0.13713021970868983,0.41203647108432784,0.2516943715076138,0.3597627099692592,0.2352283097862855,0.39026247752156057,0.2750199601479715,0.39959226979567614,0.24677883850025736,0.3707012988056068,0.21565252074968633,0.35902767983463135,0.2810266299301941,0.23910706682803792,0.17240454982601244,5.464617799694916e-10,0.2830529470343526,1.1000312565411958e-09,0.3087613323800925,1.0961024728704613e-09,0.29749550987777235,6.541582428723301e-10,0.262891481604719,1.6195793966535374e-09,0.33264121883476605,1.1683073024685105e-09,0.32318555414796674,0.3102948427357003,0.17026674791530524,0.2864235061188516,0.3522890580687555,0.3670153540585394,0.2658531310871557,0.34148858064224513,0.18944974979921864,0.31456886758957225,0.3092834193774764,0.2921750506496108,0.31748478393644286,0.34544934521966336,0.36862487782644554,0.3088122028062717,0.2541669362595614,5.150851034500383e-10,0.28815566490411104,1.107460628054762e-09,0.336735677047951,1.1266941612385207e-09,0.3164342425728476,6.836837971067919e-10,0.3192633405279855,1.3490620995666894e-09,0.2654691652207319,9.677725182521565e-10,0.3119261434835243
P002,S2_5,Sucralose,5,1,0.20783137240543115,0.10842458895109224,0.059675781695138874,0.05920001735885347,0.08540734519627567,0.08010705972673278,0.07158002269662067,0.2554846098732367,0.07402563555540555,0.055747936522220536,0.05880672351924986,0.0586761085099072,0.06556353246608303,0.05974920916428934,0.060588664529372234,0.10110033158107233,1.9995960306223912e-10,0.0921024320732788,2.8749929076913557e-10,0.0727067866383452,3.712276373790835e-10,0.08275720246150423,1.8075904085053693e-10,0.07175043443520424,3.655833135333937e-10,0.16353231628492867,2.9587005183735343e-10,0.06488678603881304,0.10759092611867209,0.12952346017655028,0.08066317817302839,0.11144427872937727,0.0796446841999804,0.09609806798683197,0.10158644102541761,0.08277684618291767,0.08071943187072263,0.09973977836244308,0.09013878273157476,0.12962147346693573,0.09410442146840263,0.10056736145490815,0.12070853174994066,0.08352835467248618,2.0465570597546547e-10,0.10816368323268975,3.233466246852233e-10,0.09260363377753078,3.513887153454931e-10,0.08787137609340619,2.9181811416451544e-10,0.09972716733643441,2.949444650324406e-10,0.09218164360416764,3.3233459373286826e-10,0.09022960511658284,0.08609599607647818,0.08588146950275925,0.0877622908916174,0.09636015180935667,0.09132605648697602,0.0967069506743581,0.11269133047325164,0.060685785947715724,0.14756986001586084,0.11899460044591764,0.10812742960911378,0.08961221843633954,0.0798883354972394,0.10843699313668172,0.1587898993414247,0.05587418177620105,1.9647764007421117e-10,0.09230659272094414,3.273712278510732e-10,0.0940895839488138,3.9964335289062945e-10,0.09401650358066706,3.1125505705608905e-10,0.10074735243788671,3.022692772297882e-10,0.08668855821048368,5.91775774901585e-10,0.13328223023088925,0.32142992183112473,0.25117360331205346,0.3941183730912569,0.3243379334578463,0.3761357627471728,0.3528248681393304,0.4089772499741697,0.2559607094369842,0.36012989362019754,0.37340072392503937,0.40624239893814695,0.3737969598792088,0.4342849571758811,0.3567833328657748,0.3649498937195902,0.3558381256796471,7.50999323462461e-10,0.3451831984182729,1.4886043513475537e-09,0.3800072302320398,1.6349021130741054e-09,0.3644803154432516,1.1183895622029877e-09,0.3779640773602233,1.1255726305513897e-09,0.33246897970557693,1.4648644992623803e-09,0.3667653087726185,0.27705178356829363,0.42499687805754416,0.3777803761489587,0.4086576186445663,0.36748615136959545,0.3742630534727469,0.3051649558305401,0.34509204855914544,0.3375551789378139,0.35211696074437987,0.33668466520191465,0.348293239707609,0.32615875339239414,0.3744631033783463,0.2949630106596722,0.4036590062905935,7.117236152490423e-10,0.3622440935548144,1.3164757640769318e-09,0.36059276540327073,1.6045002044868546e-09,0.3708746024211712,8.884645927613818e-10,0.3498109684302515,9.631717455439287e-10,0.3251285021948428,1.373568799764668e-09,0.3448360698410969
P002,H2O,Water,0,1,0.07952112172100106,0.14990112737421268,0.1058196274382235,0.07949372268470761,0.10167977021182419,0.08705893717711487,0.09994910270446195,0.25010988302064774,0.10241219319028122,0.07324776623256292,0.07109154487057137,0.06239478517756954,0.0971737522255029,0.0732744813872279,0.05944233074107411,0.21697352437429399,1.567844530576829e-10,0.09137032154438096,3.4474784715353245e-10,0.08979673525041747,3.7815760490633554e-10,0.09436935369446953,2.388884176230645e-10,0.11171602218202473,3.7402671703470275e-10,0.17502949286255484,4.132377732893905e-10,0.08782997971142206,0.11591853199955998,0.11276551659419409,0.07841588235718992,0.10232402268722655,0.09720308254384119,0.09923672765690889,0.06206722232386914,0.07071147721731025,0.12340942586641701,0.10653332260889369,0.09205567559955473,0.13062726046686438,0.1085180033697763,0.09995279500141863,0.09561708364231838,0.09290296925047986,1.838329213715188e-10,0.10535114828409826,3.5752652734024107e-10,0.10122765214298625,3.644739663432056e-10,0.09821990510037504,2.8419486050753493e-10,0.0992477128159983,1.8639948275069721e-10,0.06638934977058969,5.013573255030824e-10,0.11497137423765535,0.13132857864442618,0.07389528120733031,0.07062607786438188,0.08728479971565722,0.08595013237094333,0.09826889138203614,0.11779639254286384,0.07635095931288056,0.12792402419072593,0.103308640843329,0.09634696767279963,0.09534273151413555,0.09147678920360941,0.11458766658731079,0.09520857983447002,0.07643883794396171,1.795209710166453e-10,0.09247073943645513,3.1229927173579907e-10,0.09757086988597492,3.242284449873578e-10,0.09210951187648973,2.57059309683154e-10,0.09442796839233798,3.2240141333717004e-10,0.0970736759278722,5.183746262714264e-10,0.11561633251702746,0.3487705291714522,0.2785535951530386,0.4168660252141951,0.3646161735705542,0.38968929382887174,0.36493848312419974,0.3855562898528485,0.2731874297769496,0.37850642895178477,0.37637559844587654,0.40489752911360277,0.33452836582899637,0.3710105876889512,0.3749360559336985,0.363742367932158,0.27993786621884087,7.120744365849565e-10,0.3580387030086398,1.329491625604316e-09,0.3751436051439303,1.4550894760811557e-09,0.37731388847653574,1.0090790517651975e-09,0.34740671944341217,1.0678673067811195e-09,0.329371859814899,1.5469252558384295e-09,0.37744101369883065,0.3244612384635602,0.3848844796712244,0.32827238712600976,0.36628128134185484,0.3254777210445197,0.35049696065974034,0.3346309925759562,0.32964025067221125,0.26774792780079126,0.34053467186933717,0.3356082827434714,0.37710685701243357,0.33182086751216,0.3372490010903443,0.38598963784997947,0.3337468022124238,6.329788784134088e-10,0.35276908772642573,1.1504108174189031e-09,0.33626113757669107,1.2237885094417413e-09,0.33798734085213,9.741250595668205e-10,0.3472015771662269,9.769876750334063e-10,0.3321356216240837,1.1080705549499797e-09,0.3041412998350642
P002,S2_7,Sucralose,7,1,0.11565079802452917,0.10319263090271993,0.07265543752355022,0.08380655483871381,0.08849796559881355,0.07756796150923123,0.06456163580014414,0.054811239580147636,0.06754972847609336,0.06926433680296591,0.10051224778143869,0.05913686906263614,0.08619885091842136,0.051760245753233174,0.07219765308891318,0.07836100976702966,1.6957327225603863e-10,0.08915908968893133,2.671890737477283e-10,0.07600625594492483,2.920120825955737e-10,0.0830329635540224,1.9674731463110606e-10,0.07212943988189935,1.4680570207747404e-10,0.05968643769014589,2.782775621988159e-10,0.06840703263952963,0.1117094404180719,0.08187537611800502,0.086348720881824,0.10993943582240841,0.10443625856425909,0.08121747266580684,0.07709827956652192,0.07549689494577996,0.12029882747581523,0.10517869728138195,0.10222276820067493,0.09485459114317081,0.06785561493030368,0.08349968363064976,0.08011677576860339,0.11599275974624446,1.7662367530792963e-10,0.09782505543069252,2.698782877302757e-10,0.08425225744775483,3.431821331705589e-10,0.09282686561503296,1.8433487365247046e-10,0.08686620851895031,1.7889444244193174e-10,0.07629758725615093,4.930444429857658e-10,0.11273876237859859,0.1188704013837067,0.05957469348508299,0.10405017861695207,0.07799206005330844,0.08921687927654932,0.104045147068661,0.11779764068098947,0.08185947938581146,0.1197100228017685,0.08108894025229434,0.101109666630706,0.09721150410968242,0.1155804380427684,0.08529866722456589,0.0948818077122126,0.0705354457337507,1.793400080989278e-10,0.09313475071323978,3.1253569863876156e-10,0.09853528290313615,2.979423566939844e-10,0.09663101317260517,2.604180174202931e-10,0.0915740896783244,2.61385347182226e-10,0.09982856003340046,4.873388278358409e-10,0.10039948152703142,0.33925365855976714,0.2868883407098646,0.4306477992706905,0.3634614423040682,0.374142487010411,0.43157937008853375,0.4159157713096294,0.36056247304867967,0.3874542022113989,0.4109284178339861,0.38758815386422607,0.38828735511081885,0.41750262219504714,0.42835591287452246,0.3801214053862549,0.337317800414496,6.70264643437955e-10,0.3660211249699059,1.2233685485175075e-09,0.41289509804212854,1.2488061659251495e-09,0.40286092854947236,9.91123525700945e-10,0.39082443521758015,9.484052976220464e-10,0.38823912217915457,1.5980594628916419e-09,0.3991913100226925,0.3145157016139247,0.46846895878432737,0.30629786370698386,0.36480050698150146,0.34370640954996673,0.30559004866776696,0.3246266726427148,0.42726991303958145,0.3049872190349243,0.33353960782937153,0.3085671635229547,0.36050968057369176,0.3128624739134595,0.35108549051702886,0.3726823580440161,0.39779298433847876,5.694009866713206e-10,0.3538599791972306,1.0182333312681922e-09,0.3283111056620555,1.1347064916181278e-09,0.3246482291088668,8.40434080658065e-10,0.3586058267032458,7.922604650317807e-10,0.3759482928411481,1.2593303817699375e-09,0.3192634134321479
P002,S2_12,Sucralose,12,1,0.10728501289834531,0.24441224638945913,0.12198317721990797,0.06782668073451807,0.08729268490072663,0.06597895035481752,0.09203406197781394,0.17308908118112615,0.15216587432864354,0.08788452608279673,0.11857102848663066,0.08815325783077158,0.09123980140693645,0.08461446035754916,0.07561067265261,0.14420792753430423,2.2720847283965993e-10,0.12470523392660544,2.962853714023729e-10,0.08228147425500743,2.9955418459216537e-10,0.07663581762777208,2.509752283490787e-10,0.09891821548784996,2.706509747970424e-10,0.13256157157947004,6.052418770804436e-10,0.12002520020572013,0.11950224729230642,0.11851825127548121,0.08523689972550388,0.09803873008672281,0.09331891970040745,0.12871667225878103,0.09615101098678118,0.08190940282731551,0.11269733578649949,0.07843790678969635,0.0916294801761756,0.12937468217642234,0.09650475241472749,0.0805367320468293,0.12314224365995421,0.1095838431983056,1.8313671177176646e-10,0.10705004845543536,3.2010757378274453e-10,0.09976926910518633,3.31661614492278e-10,0.11101779597959424,3.127506241144972e-10,0.10244189282995415,2.3250901887432347e-10,0.08903020690704835,4.5028141301640607e-10,0.09556762128809793,0.07504368521297607,0.05937940749363953,0.11132410656485303,0.07925301910561192,0.0880488656936173,0.09521185827895724,0.06615477245542888,0.07994717456891749,0.09750345976092904,0.0873534890346865,0.09498682835856653,0.08040271803723548,0.09794088699284015,0.09594249886030155,0.10583870152348146,0.07987192289652409,1.6457889346955064e-10,0.08339829412881376,3.1154912107842704e-10,0.09428602745642906,3.077785078773303e-10,0.09163036198628727,2.9253275561445167e-10,0.0948985025682868,1.719565468344351e-10,0.07305097351217318,3.9253285470793864e-10,0.09242847439780777,0.3859947362535136,0.22592201974389273,0.36508591012204317,0.35154234636109943,0.4214201696011343,0.3831545202348949,0.4439876131499381,0.35455187782005465,0.32700647029153973,0.4074383556216549,0.38385852598465475,0.3409520666956641,0.361138996804679,0.4258770835631167,0.38449849252402585,0.3202115207234722,6.589822714739483e-10,0.34222593419347797,1.316281043434884e-09,0.39789769255095625,1.4588424320482944e-09,0.4022873449180146,1.07963351295111e-09,0.3729315234038234,1.0616100444888232e-09,0.3992697454849964,1.3338499002261672e-09,0.3672224129565973,0.31217431834285847,0.3517680750975275,0.316369906367692,0.40333922371204745,0.30991936010411436,0.326937998872549,0.3016725414300377,0.31050246360258643,0.310626859832388,0.33888572247116544,0.3109541369939727,0.3611172752599063,0.3531755623808167,0.3130292251722031,0.31090988963992894,0.34612478564739396,5.904580311437064e-10,0.3426204892956674,1.106865218872124e-09,0.3257655366324208,1.081726733872401e-09,0.31842867948833165,9.72583375003887e-10,0.3308098657100857,7.56676528668781e-10,0.30608750251631206,1.2597301597672126e-09,0.32475629115177673
P002,S2_7,Sucralose,7,2,0.2441733268576151,0.47585259378329087,0.17495989290721137,0.17211654111755023,0.08307184858215774,0.24169697784402913,0.09600159440274839,0.44583681906499095,0.10479531706028265,0.18669670213790956,0.1167442523944047,0.2411286992008895,0.13043815907135728,0.17678423412341032,0.12090611714505242,0.3961552808240909,6.092407379452306e-10,0.23749588437682692,3.980035951386732e-10,0.15799780490523863,3.5279779673432055e-10,0.16238441321309344,4.367992647095858e-10,0.20607094779097773,1.0292392788824568e-09,0.27091920673386966,5.057042258565184e-10,0.14574600959909612,0.07876653470152539,0.09666289995969898,0.08491418434048305,0.1037632913401275,0.07486826245211459,0.11379110059984454,0.11460145943084324,0.11734458892947039,0.07697728466205003,0.1528178987701328,0.12069992136264988,0.11235273548068862,0.07020447766946476,0.1114919427558977,0.10386290324041676,0.10198187424285479,2.5855503539565914e-10,0.09952659453086225,2.626864102049612e-10,0.09258894586933039,2.8222665524102917e-10,0.09432968152597956,2.5545209587346923e-10,0.09688529947715852,5.060493774775733e-10,0.11597302418015681,3.770951719780914e-10,0.11489759171609142,0.09709092456444682,0.042668038227726766,0.12519417032778948,0.07737235235591201,0.10669859686897215,0.06706598583171196,0.09666679036577006,0.04593407111911621,0.08161262914926755,0.09737460013988461,0.10266659028902274,0.09371379676425816,0.10389056007321157,0.08187691963456567,0.1130991609612091,0.05345419134421565,2.33257704739498e-10,0.08978431208819265,3.5298240567572526e-10,0.08988301560211534,3.6955270119454234e-10,0.08688229135034206,3.0167008825842725e-10,0.08808020800330049,3.3446101173337915e-10,0.07130043074244313,3.765885678429105e-10,0.08949361464457609,0.333464544919786,0.14298315721878072,0.28942461869512787,0.3137662492942492,0.3562097439589472,0.30424993864281785,0.36801906455514427,0.1809088671975682,0.40117136621652577,0.2951108095506756,0.34949501409358136,0.2906629162826216,0.38153395606808893,0.30105284595546933,0.35585839583031187,0.19698785737800084,7.431832097532444e-10,0.28663275008402445,1.248449289493664e-09,0.33576162115633085,1.261336220896641e-09,0.3302298413008825,1.0438763762339998e-09,0.3088582638079677,1.2838321121793895e-09,0.27446396587635624,1.785232968165256e-09,0.34814108788360065,0.24650466895662665,0.24183331081050266,0.32550713372938805,0.3329815658921609,0.37915154813780844,0.27319599708159686,0.3247110912454946,0.2099756536888544,0.3354434029118739,0.2679999894013973,0.310394221860341,0.2621418522715427,0.31393284711787767,0.3287940575306574,0.3062734228230094,0.2514207962108377,7.312623870586863e-10,0.2865604589200937,1.182325538355151e-09,0.32376861246698513,1.3251776862293036e-09,0.32617377260970265,9.039753485708276e-10,0.3001052809205955,1.2204597322690875e-09,0.2673433724671745,1.5003675182901771e-09,0.3017216961566356
P002,S2_12,Sucralose,12,2,0.1887508127785333,0.42561971048852487,0.1401819376762945,0.12670643136083304,0.09024338881402134,0.13525594040300354,0.10084896221740212,0.3272140854060602,0.08047364247428351,0.14484270379676104,0.15449556531863665,0.1425310675535016,0.08503162111887784,0.10163621742001609,0.10756232441867865,0.23394765910678034,3.484204634795164e-10,0.19638092086272066,3.288453203354319e-10,0.10304179193897971,3.9301505412372027e-10,0.11274966460851243,2.860857571330024e-10,0.13204445551608823,3.5017949808201954e-10,0.21403152381173116,3.90694623898061e-10,0.11265817313552227,0.09577166908698755,0.07956618326824413,0.12164245947476644,0.10059009189752308,0.10539525250762362,0.11493351162679298,0.09047115698972537,0.08398680825302954,0.07989538074897332,0.08518454376903019,0.07504729317934687,0.09488686890215957,0.09192304211452425,0.08900714340535519,0.10355759844437976,0.13558748206878632,1.8017025880569161e-10,0.0945840943015046,3.6638897076649934e-10,0.10031473741357401,4.506333135298834e-10,0.1101643820672083,2.7962933958917615e-10,0.10501881650826139,2.2687847598798132e-10,0.08722898262137746,3.74802611123755e-10,0.08253996225900176,0.0773054231994894,0.05726384456134909,0.06588855949202384,0.07873240996058332,0.08555633875855527,0.08459182946352631,0.09567637075583275,0.06142102710115069,0.09395841495637823,0.09442646343548411,0.11942812938111443,0.07943289144980259,0.10112870219106006,0.1120562548525103,0.12537638598823506,0.11105313542309721,1.7763707042409304e-10,0.07967520967406044,3.3860651472506033e-10,0.095833281316413,3.641156134900477e-10,0.08507408411104078,3.186913327919178e-10,0.11240361961372565,2.285223967658997e-10,0.07854869892849173,4.394906732816751e-10,0.09419243919593118,0.3636489393346428,0.17547345020203006,0.35173179582645475,0.2784587991967985,0.39145616114825266,0.32484717127495305,0.39084409352500377,0.25803467118745976,0.4395202369389469,0.30155314172799663,0.35200335169283664,0.2577172640460324,0.4002463330203617,0.36147132996694276,0.36019697348066537,0.22227999112762667,6.504299325413253e-10,0.2965056000497992,1.4387041180112315e-09,0.36950524885262753,1.6538857241761643e-09,0.3581516662116029,1.067366667306303e-09,0.3360486568988991,9.36496049872043e-10,0.32443938235623176,2.024570993001407e-09,0.3705366893334717,0.2745231556003469,0.26207681147985196,0.3205552475304603,0.4155122675842626,0.3273488587715472,0.34037154723172414,0.32215941651203583,0.26934340805229967,0.3061523248814184,0.3739931472707281,0.2990256604280657,0.42543190804850356,0.3216703015551761,0.3358290543551756,0.30330671766804107,0.29713173227370915,6.097986258580669e-10,0.3328541751119152,1.1941852110688257e-09,0.33130494047840575,1.3964005947139555e-09,0.33386020300163566,8.912422691676438e-10,0.3144844514630255,7.95514407608437e-10,0.2957514122821677,1.4468311329640767e-09,0.34007273607607325
P002,S2_5,Sucralose,5,2,0.12228608685615121,0.45262114444104823,0.15105298325604677,0.23629169518231727,0.13624883328513374,0.11477676599037774,0.08928412958649905,0.25890039899088085,0.1621265108974609,0.10925939595978078,0.08453808546846077,0.19181966809350276,0.09872308512699707,0.11720616447142386,0.10857269446129107,0.2802068889153299,3.382308324843123e-10,0.20643494388292116,4.4831759204064467e-10,0.1167387122184831,5.699798316051308e-10,0.12551279963775575,3.372150726007892e-10,0.15117720824376046,3.2864990408875017e-10,0.17409226428868996,7.495792147593413e-10,0.13569295342862084,0.09442293016938656,0.10884093342025437,0.08526991192326906,0.10582226858404656,0.11572219775629551,0.08177414402513901,0.06645630910040079,0.10237996544867996,0.10104784468926231,0.11176718100917263,0.09598045658964484,0.1085928697691633,0.08206274419764864,0.07316241096247185,0.08836611875401743,0.09309771028404658,2.0031165475003215e-10,0.09982156174262745,3.740044561371984e-10,0.08818037423538874,4.811598733369328e-10,0.09874817089071726,2.604183049023328e-10,0.08417224604954612,2.0639491684110575e-10,0.08441813727454037,4.765033940132531e-10,0.10640751284921747,0.09126020151619334,0.05395549330852199,0.09125038607479836,0.0773769707867051,0.10802235486310936,0.08682025101566024,0.11071674913284021,0.07764931197195933,0.11793356383581413,0.13066635769850718,0.11686084883985048,0.08773113064646265,0.12406606223730678,0.1117533519233209,0.1291814876496342,0.07580122485687651,1.9869881683643913e-10,0.08640583852875532,4.2738407056743624e-10,0.10766550500984931,4.511135184519382e-10,0.09742130293938481,3.8098589318679126e-10,0.1102005316667846,3.0453210793512643e-10,0.09418303055239977,5.561774578665533e-10,0.12429996076716066,0.3667659622735496,0.14675082802368167,0.35203168578683136,0.24394775718811326,0.2904543890191262,0.31082904857918153,0.4051240344919765,0.2500326154307989,0.32733774410621536,0.302689252611579,0.334536746713412,0.28105550192982126,0.359143068695103,0.3510529152162031,0.38027667998303544,0.2541025663053452,6.490457110610194e-10,0.2875147469859015,1.2006502501142658e-09,0.3278698553774035,1.2274972815406622e-09,0.30064171879915386,1.1176317212254348e-09,0.3361438075499217,1.0998853438687948e-09,0.3275783249613877,1.530934084734221e-09,0.31501349835889714,0.3252648191847194,0.23783160080649332,0.3203950329590544,0.3365613082588174,0.3495522250763352,0.405799790389642,0.3284187776882834,0.31103770815768095,0.2915543364712472,0.3456178127209608,0.3680838623886326,0.33080082956105017,0.33600503974294504,0.34682515742658004,0.2936030191520214,0.2967916096384021,6.879067570681585e-10,0.3198229088597946,1.2924678713335099e-09,0.35954555315887554,1.4832083688144306e-09,0.3776760077329886,9.71460623584289e-10,0.3183062064899872,9.374888875509211e-10,0.3197282429229822,1.3797955776712056e-09,0.318586074596104
P002,S1_5,Sucrose,5,2,0.10294532440418,0.3871334889599486,0.13751911179743379,0.17350621064853702,0.08756880514732651,0.08062034908106229,0.08146197278117374,0.14038451960554543,0.10560512959428273,0.12762916236891444,0.11143941605383087,0.11251772174386816,0.09957687989760566,0.1129946540861907,0.07118205523490027,0.12029164109326644,3.962003986800062e-10,0.17084354560129975,3.9451136186976534e-10,0.09519017205304629,3.9630642807554127e-10,0.08409457711419441,3.426053091068427e-10,0.10101130757799077,3.211644066420544e-10,0.11092324619335958,4.817096373039929e-10,0.11661714598159859,0.1102665541396339,0.13367745747237936,0.12566820213547233,0.12650457840293372,0.09248257153920546,0.09415181281265005,0.10834412330212202,0.09788722674356072,0.08306729288431798,0.07998753085904564,0.1080924976927474,0.12750367765334214,0.09278403728847928,0.08343234724554922,0.10966969676689,0.10187338448769796,3.094938527698245e-10,0.12195216124941814,3.893347026018999e-10,0.090712692221471,4.2303844799377113e-10,0.09331719217592775,3.784978843885181e-10,0.09693986644715412,3.823995449315927e-10,0.10311567502284137,3.693762814628556e-10,0.0815274118716818,0.09176078602869699,0.05093356939996425,0.10653384205528209,0.09113034439142524,0.1071781606422436,0.11404002692658105,0.09098977777706957,0.08972257758820532,0.08115933813652168,0.10806046177761118,0.0863528925498031,0.10595702272745913,0.10993546948565405,0.10375175965848892,0.14256508374349802,0.07697696703126349,2.345305782379886e-10,0.08877807619210513,4.581976903995953e-10,0.1087263541782419,4.927180814332428e-10,0.11060909378441233,4.563442307960415e-10,0.10830731997972612,3.249333493081901e-10,0.09035617768263744,3.74860658834483e-10,0.09460989995706642,0.3718541737900425,0.20982882161629565,0.3437519989157476,0.38044698328245835,0.3905053317746463,0.42189620973502695,0.36343241755688754,0.3400860556220189,0.406966576260512,0.3830267777341234,0.42607881368028183,0.37964489984876937,0.4002219427156123,0.3763363635867876,0.3635688510399271,0.27267292914000324,9.679525331470517e-10,0.3519342818555992,1.6700856264829758e-09,0.3972399619530183,1.7984139866499547e-09,0.4062007707548366,1.4169613552833906e-09,0.35320002162058256,1.2886408873136793e-09,0.3517592365894532,1.8055292329128606e-09,0.3949966769973177,0.32317316163744625,0.21842666255141244,0.2865268450960639,0.22841188327464565,0.3222651308965784,0.28929160144467975,0.3557717085827473,0.3319196204406698,0.3232016631243654,0.30129606726030533,0.26803638002333685,0.2743766780265614,0.29748167061264885,0.3234848754229836,0.31301431321478457,0.42818507824776925,7.283166656774665e-10,0.2664919351015777,1.3106789100987374e-09,0.3081308195942226,1.454768560746947e-09,0.30577836617062903,1.1966445181273055e-09,0.34054148437454657,1.2609752250681362e-09,0.34384566451170856,1.4325504639159799e-09,0.31224886519233536
P002,H2O,Water,0,2,0.06798208308104474,0.17569241819031178,0.06535913499488556,0.09146366179349866,0.06062269281702762,0.06951293078850315,0.06613332025633285,0.11509682800073855,0.08644085195585731,0.097223945336074,0.08260183576268311,0.12224361544146115,0.0579287316669006,0.05628904313333286,0.07033393967455298,0.07698721271778644,1.7322474534900323e-10,0.1008904582106475,1.5549165041090446e-10,0.06108834960144106,1.7268290484718912e-10,0.06506781180276539,1.8525548179034875e-10,0.06538473179814322,8.321010737435458e-11,0.0906150741285357,2.674601457915533e-10,0.09183239864596565,0.08955015802649478,0.0863220046573542,0.09755805158849369,0.13131339220435606,0.07453835008987175,0.12824989893200248,0.08127991287954013,0.08813000687315317,0.08368801720120939,0.1133800404987343,0.08985704760403429,0.07645058670407853,0.0864126344092535,0.1214761991454171,0.10984450816382477,0.0967211815356554,1.8169027008592296e-10,0.09517520679746859,2.156684558726852e-10,0.1026692706441362,2.1948891891683238e-10,0.10139412451093711,2.853132617056729e-10,0.10361363081353768,9.544880865111046e-11,0.08470495987634666,2.626032411667598e-10,0.09853402884997184,0.09500342291479418,0.08053330973000615,0.06898151984339647,0.10503887120748778,0.11094031830364838,0.10083386000440003,0.11512600633518354,0.09873528315964504,0.11846149557303895,0.10412331990178471,0.08932499874208556,0.08543762638286984,0.10948831395830193,0.12522338442954087,0.14334420032886677,0.10862797903028393,1.7221676919208105e-10,0.08738662480343999,2.878859472229708e-10,0.1116214691739728,3.115929842887552e-10,0.1058870891540242,3.6473723324399416e-10,0.12167096943674836,1.3185847449056673e-10,0.10693064474741429,3.610002865892808e-10,0.11129240773741184,0.3936103347410514,0.2877566195964473,0.4150955632203434,0.37172059372595373,0.427825290724967,0.32394145940018554,0.39250529648214416,0.3864775090410241,0.38049519851639113,0.30661638883969655,0.4189600699889392,0.35270896346327457,0.3920345126829024,0.338255547804548,0.35772609232619795,0.4001620770974606,7.942688790910659e-10,0.373308690789335,1.060190746796136e-09,0.3705142026531507,1.1907383046456273e-09,0.3758833750625763,1.0560546139525934e-09,0.3720445574777772,4.5592704051167386e-10,0.3894914027615841,1.15423259188368e-09,0.34355579367804384,0.3538540012366151,0.3696956478258807,0.35300573035288074,0.3004634810687039,0.3260733480644855,0.37746185087490847,0.3449554640467998,0.3115603729254391,0.3309144367535032,0.37865630542371037,0.31925604790225764,0.3631592080083161,0.3541358072826411,0.35875582548716106,0.3187512595065579,0.3175015496188134,6.67038378953792e-10,0.343239019399109,8.885251119973681e-10,0.35410670792729904,9.294136009074372e-10,0.351767599469697,9.474145116133889e-10,0.33728611047379337,3.9710117946740367e-10,0.3282579184861194,1.0251244712715463e-09,0.35478537108860675
P002,S1_7,Sucrose,7,2,0.06642161057476029,0.3471141918970978,0.10460375326389117,0.06716217997123265,0.06591023235857227,0.14201422221817633,0.06425659165298787,0.4764607442670667,0.08027173857582937,0.2453029563692985,0.08646448539649702,0.05554083833192167,0.060019227975543446,0.13769554486650806,0.08156337184831786,0.23726311089530266,2.76913008361704e-10,0.12121784323923342,2.2842098097669123e-10,0.10140980685470004,2.4829474699592087e-10,0.1039622272883743,2.190063409708406e-10,0.12913531389641802,5.478006261751398e-10,0.2703586679600273,4.1152520458264077e-10,0.16278734747256393,0.08118621827580448,0.09277167061753536,0.09147664229063698,0.10932199548152816,0.0881324240917912,0.11027676966058844,0.08067632959535184,0.08321785150713598,0.09711744452823268,0.1656693178834674,0.09084927349473973,0.11519609534488509,0.13042517338994675,0.12001338451301927,0.09080504338126766,0.09909382883586917,2.0171156132482564e-10,0.09680031591752164,3.6517928058907515e-10,0.11221193791383641,3.1401077275748086e-10,0.09920459687618982,3.097909605597939e-10,0.11008435753002571,2.4755294338401336e-10,0.08194709055124391,4.611550406431515e-10,0.13139338120585003,0.09478522768803699,0.044936017652612535,0.09904299503994259,0.08218806699635929,0.10201154982793399,0.09717911144839435,0.11062219468187874,0.04728631769914521,0.10566481883602309,0.10347074430895999,0.12109403322037479,0.07297228690360025,0.10748519551438322,0.11274455524955385,0.09913151813745773,0.06130136359925614,2.0651408705091282e-10,0.08583643791682107,3.5126872006550594e-10,0.10485510301006636,3.5657457884698133e-10,0.09959533063816417,2.764989154307404e-10,0.09516565812516274,2.823210216162504e-10,0.07895425619051197,4.802313023965861e-10,0.10456778157249154,0.43408695814478526,0.19197243792366347,0.3939039856559145,0.3658163834293128,0.40621192109015153,0.3529452811089683,0.40819203878213495,0.1882384856679709,0.37193800830288853,0.23794725483017073,0.36794325322841553,0.3775255374858951,0.372513099455781,0.3620003481042173,0.3553250959529634,0.24940192603323993,7.807129038265461e-10,0.3552080926446644,1.3026481915479267e-09,0.3734176624397795,1.412195288861062e-09,0.3795786010995599,9.722918966905136e-10,0.33481011738655037,1.053511631553416e-09,0.2982152622250529,1.6550295070342815e-09,0.3049426315665296,0.3235199853166128,0.3232056819090911,0.31097262374961476,0.37551137412156704,0.33773387263155064,0.2975846155638724,0.33625284528764643,0.2047966008586805,0.34500798975702623,0.24760972660810324,0.3336489546599731,0.37876524193369804,0.32955730366434527,0.26754616726670183,0.373174970679993,0.3529397706363325,7.263510186886238e-10,0.34093731028175944,1.1098761184107683e-09,0.30810548978161756,1.1750668328554427e-09,0.3176592440977115,9.31359547030781e-10,0.33080455306184314,9.103551253269354e-10,0.27052472307316344,1.5427314881820397e-09,0.29630885818256475
P002,S1_12,Sucrose,12,2,0.16787524535511214,0.46512761809234476,0.15385649245488076,0.24508190804094032,0.10883007686516684,0.3521866175112482,0.19849757521151312,0.42407763697329964,0.12783187498069062,0.32738877237675795,0.1723515167983958,0.20643143168055136,0.08482982290935033,0.27162988379810116,0.11983082465605377,0.3211484522447993,5.589656532246164e-10,0.23512070207037086,4.604861956721243e-10,0.2043691002709666,5.556445974482613e-10,0.2305083471882075,3.9401581250380256e-10,0.19935974590207614,9.977335564506598e-10,0.31128760609240635,7.125551163994767e-10,0.2276103236787243,0.10671240538659739,0.1428791996863272,0.12176334745453375,0.10935040252414974,0.10198528953560948,0.08275714612546219,0.09165618728759445,0.09548154864043498,0.09934698597745728,0.08527082185383775,0.09975802598495173,0.0999575995760256,0.11408731900893725,0.12147148071088398,0.14543995503864374,0.11763530407132437,2.8585767340130515e-10,0.11340349676876423,3.8358910958459205e-10,0.10507530884522323,3.769336271204196e-10,0.09237121783053584,3.973447086498399e-10,0.12465851470744735,3.8214880250582553e-10,0.09356886796401472,4.6029232787931333e-10,0.09230890391564751,0.08922115985830445,0.05752437542304683,0.07135017112013158,0.11129053709358568,0.1063486232054325,0.10142275849393155,0.10085474518079042,0.05980922329480743,0.09120212220433327,0.09388595638159679,0.10086835095599449,0.09932126927203273,0.0947216246267026,0.08720042895117383,0.10754881100365223,0.10801589105127918,2.2287212827457686e-10,0.08826264395384929,3.6009856613823076e-10,0.09742335881931012,4.0185373737810435e-10,0.10388569084968202,3.129049667472536e-10,0.09937168890820196,3.8507052165042223e-10,0.08033198423779893,4.311798211815048e-10,0.09254403929296504,0.33868597158819036,0.12932329039219195,0.3051013327551601,0.23604399941686036,0.34793530491167607,0.21729766404971798,0.3205900108091166,0.22942212793414862,0.35585613443454533,0.22412348500305854,0.300594481440949,0.22323562000106026,0.38792126151547185,0.2547361377015114,0.3204567973449686,0.2006099583697419,6.954941673087209e-10,0.2554974492657353,1.2547192763830253e-09,0.3019725920445943,1.2481428788979793e-09,0.28261648448069704,1.0645286008507755e-09,0.2909310387329234,1.2548073850356835e-09,0.27500606937163263,1.6038104893757801e-09,0.28998980971880195,0.29750521781179573,0.20514551640608908,0.3479286562152937,0.2982331529244643,0.3349007054821153,0.24633581381964026,0.2884014815109851,0.19120946315730955,0.3257628824029737,0.26933096438474907,0.32642762481970916,0.3710540794703303,0.3184399719395382,0.2649620688383299,0.3067236119566816,0.25259039426285507,7.869582041171937e-10,0.3077157079412804,1.1407675261517407e-09,0.29115964001990596,1.2229991837699469e-09,0.2906182596508778,9.566409637480584e-10,0.28567901174935123,1.116936824861648e-09,0.23980547233414734,1.5036391609732383e-09,0.29754692339386135
P003,S1_12,Sucrose,12,1,0.11905299784008129,0.09311393012319724,0.1221338152413919,0.08870586406729017,0.0719763535371536,0.07513420449997003,0.09497977373669056,0.09254783935544318,0.05942685084421787,0.09701997070754945,0.05684173125430036,0.0907660198631855,0.0924516127375289,0.083265505295717,0.07821271500767331,0.08934272485700186,1.5364328887597296e-10,0.09510239306490775,2.845622649657674e-10,0.08070691901759239,3.1030987562477055e-10,0.07355527901856182,2.4760203985549547e-10,0.08581813947448026,2.8720231366704634e-10,0.09376380654606686,2.0704854105621409e-10,0.07822341077588366,0.075403574328545,0.08439910872738178,0.09767364325525614,0.09129245492464505,0.06019180153009095,0.08881203263164873,0.10613941857361003,0.0868788481430709,0.062485591161773185,0.07240738730086482,0.09427159340640151,0.09495256318282082,0.09570612555845331,0.09636649644309095,0.08780469167847914,0.08963084298732404,1.7025012709968233e-10,0.08966548963750838,2.6700454940715476e-10,0.08526911404082098,2.64514539282451e-10,0.07450191708086984,2.666383739249875e-10,0.09237703916683686,3.1820398112732413e-10,0.09650913335834047,2.1323275874248316e-10,0.067446489231319,0.08838211390003511,0.13587668388539992,0.10441975677489056,0.11197789845856859,0.07491523236467502,0.10948293566961721,0.10142815281359778,0.11403618946250495,0.1484323598035961,0.11876079307582837,0.12289138654480151,0.11076412655918151,0.12531922472657672,0.11641982352258652,0.09487530608737406,0.13578133115602878,2.1109322482142516e-10,0.11238532768714621,3.4019411142772475e-10,0.10653430407086387,3.2901389873182437e-10,0.09219908401714612,3.211146139445262e-10,0.11809892137314151,3.092224097712132e-10,0.10773217113805136,4.984838396160487e-10,0.13359657643971223,0.4174908779614954,0.3957286219447195,0.35451544705656796,0.3981151691575529,0.42298216524832327,0.39786409852151977,0.39491249476940743,0.4238605872472116,0.38501078622920293,0.396281544748134,0.37870407024891345,0.3699448208244159,0.3920763932042816,0.40481412725406823,0.42393795974616033,0.3935747346146132,7.138079713411116e-10,0.38574983453227757,1.4603730417401559e-09,0.4044341960570482,1.8151680427967779e-09,0.4104231318849215,1.186650477690627e-09,0.40360080370478085,1.2006236060326212e-09,0.4093865410083095,1.3063204850160515e-09,0.3906461654886685,0.2996704359698432,0.2908816553193016,0.32125733767189335,0.30990861339194387,0.3699344473197571,0.3287067286772441,0.30254016010669404,0.2826765357917692,0.34464441196120965,0.31553030416762323,0.347291218545583,0.33357246957039616,0.29444664377315943,0.2991340474845372,0.31516932748031296,0.2916703663850324,6.189683638440316e-10,0.3170969550781602,1.2066675205250449e-09,0.3230554668136745,1.5838062952299418e-09,0.34932058799850063,8.859283430983658e-10,0.3001050962807605,9.128195388624771e-10,0.29260834794923163,1.163437043044512e-09,0.33008735806441647
P003,S2_5,Sucralose,5,1,0.12404566131781707,0.19447233153458265,0.0852089860253181,0.0986764189084418,0.0991547741898997,0.09441687105711627,0.08955352503072307,0.07640525331863618,0.04799662293704917,0.10094635407388207,0.08180390293384224,0.11104526968936851,0.10602610065209435,0.09363780721044905,0.09833028352823865,0.07526049190698518,2.06982196271119e-10,0.11587542840156173,3.75541492648652e-10,0.09830888827738984,4.0220394624901715e-10,0.09678582262350799,3.248533644391296e-10,0.09331367082444181,2.951263872304726e-10,0.08297938917467962,1.748216167831579e-10,0.07447148850546562,0.07417341758401481,0.05418338655975345,0.059753422398288916,0.07626158154536561,0.06963817537145015,0.08550950353798902,0.09760272443464918,0.09217758440303576,0.06617682698593863,0.08392136579347663,0.09527581620421571,0.050937475823687045,0.09353373385755319,0.09399871527474847,0.12875473368704046,0.05276387916973537,1.795431626547304e-10,0.06843085001922093,2.991468751743744e-10,0.08567003201043522,2.8823783032317826e-10,0.07757383945471957,3.4755722066594105e-10,0.09226276549726936,3.2360822910480116e-10,0.09489015441884247,2.2938955371188912e-10,0.07504909638970764,0.09641852545910921,0.12530770292149293,0.07835849704612036,0.16289974713613262,0.08900195358101647,0.13694723667797445,0.10051628053745665,0.09692054879617631,0.12612042436545406,0.1283030069167134,0.10617104769628137,0.11728378420363827,0.10797914358263963,0.13091979513441002,0.08955638563145146,0.15999416139608547,2.2406173576162368e-10,0.1144065507437958,3.695595713037159e-10,0.11621203224401014,3.7668875380496483e-10,0.11297459512949545,3.2704498235797583e-10,0.12211237143614664,3.337056031593233e-10,0.09871841466681648,4.305029452438903e-10,0.12721171564108374,0.354880517042373,0.34100821731214287,0.47958789443360356,0.3559233513097264,0.39081834209637534,0.36473849940274633,0.40166776219117395,0.39908245454102287,0.4118647035308905,0.35122457635078647,0.36803478358506214,0.40664524287032955,0.3721623358914246,0.3434819483268313,0.3657737904023316,0.37619131541093287,8.325871378151815e-10,0.38434666775887294,1.4053151330482305e-09,0.3678002814293444,1.5830632095466572e-09,0.3777784207495608,1.182599850094561e-09,0.36440234750788014,1.3360907654619743e-09,0.4003751083660984,1.391582469956857e-09,0.3815446399408385,0.35048187859668606,0.2850283616720277,0.29709120009666906,0.3062389011003336,0.35138675476125836,0.3183878893241732,0.3106597078059971,0.3354141589411288,0.34784142218066794,0.33560469686514166,0.3487144495805981,0.3140882274129766,0.3202986860162887,0.3379617340535611,0.31758480675093775,0.3357901521162612,7.318029973790022e-10,0.3169405030765485,1.242727537944756e-09,0.33200876603882035,1.4204735016338042e-09,0.33488732204271576,1.0272534280725216e-09,0.3279088447342622,1.039240389869388e-09,0.323036933373563,1.1834824348244666e-09,0.3417230595229048
P003,S1_7,Sucrose,7,1,0.03794379491473869,0.06317695435851499,0.06862778169158681,0.054016447019197486,0.06983283013691832,0.03187418592996917,0.05975559956238966,0.05968553043519772,0.05875911523873368,0.05968890392372919,0.08334824856150684,0.04796822977214365,0.06531631796085441,0.06517608916526697,0.07599513114284616,0.04014110540933055,1.762156562429425e-10,0.05918024271961475,2.9623077690233463e-10,0.05804985579825221,2.582786127467787e-10,0.050853508033443746,3.1477783178986336e-10,0.06165716091957452,3.0556702582987535e-10,0.05972056499879369,2.527717068070137e-10,0.05922400958123143,0.08549108078341354,0.09657510838113276,0.07875038760548032,0.13015556582256596,0.07957870066295364,0.1034389610656007,0.10067897190027056,0.08428960515848702,0.08247361379169792,0.08690116688837823,0.09173819229190977,0.105251690382336,0.09872619044953493,0.08488264943258157,0.11244921389747699,0.08352922017932789,2.48092594770047e-10,0.0979936708778064,4.1888959323397926e-10,0.09165662540266771,3.4285611920040553e-10,0.09150883086427716,4.748953908091322e-10,0.09489681848973035,5.026035369380661e-10,0.09248428852937879,3.570374793981717e-10,0.08468739034003808,0.11541088710337226,0.10563043825271867,0.10487951231479735,0.10682289598670078,0.14553072967608746,0.10965828374436054,0.1078895475876863,0.10542349542459876,0.12215983757741165,0.10519271272447414,0.11340373409605997,0.1064055080168814,0.10030045553868928,0.10573520762279766,0.10296469535330559,0.10265399873857164,2.957105583533823e-10,0.10875882929508841,5.434564382471863e-10,0.11530616914548374,5.695112118578216e-10,0.127594506710224,4.766073003076624e-10,0.10291358931334105,5.499469821172549e-10,0.10665652150614253,5.118916351180545e-10,0.11367627515094289,0.4317270704154157,0.3691737662729868,0.4419825945492594,0.4348893063952268,0.35225794970778285,0.4623277301926191,0.41558421136765544,0.3759629296529212,0.3703936067641138,0.3829670583351124,0.35061163065562145,0.45994818175886015,0.3687181327341285,0.40348114091442283,0.3845597563030775,0.4918118922655369,1.063252146416114e-09,0.41472209167456175,1.7169911233756535e-09,0.39669623838723833,1.5208836986677203e-09,0.40729283995020094,1.8104006764185946e-09,0.4121427305542914,2.0957231882895305e-09,0.39577357051028833,1.5982071071330428e-09,0.3766803325496131,0.32942716678305967,0.36544373273464703,0.30575972383887656,0.27411578477630877,0.35279978981625715,0.2927008390674501,0.31609166958199836,0.3746384393287951,0.36621382662804264,0.365250158128306,0.3608981943949015,0.2804263900697789,0.36693890331679324,0.34072491286493056,0.3240312033032936,0.2818637834072327,8.906439731359248e-10,0.3193451654329287,1.6292141781758664e-09,0.3382911112663578,1.4000510074747765e-09,0.32275031444185365,1.5997460763448927e-09,0.3283897007230625,1.6606538612964678e-09,0.3453650544553967,1.5705194061133034e-09,0.36573199237817433
P003,S2_7,Sucralose,7,1,0.0435815540362845,0.06619907021661875,0.04459805562080908,0.045798731483427946,0.05831720395500649,0.04493048361637783,0.05842862243521268,0.029392119275672996,0.0716870537528422,0.029507361374377154,0.07380616056627541,0.03925398883412444,0.04823853298821838,0.028912131903375736,0.06565586649660095,0.04787893563540185,1.75960906548053e-10,0.0522062601262567,2.3692686593991667e-10,0.04509958811574461,2.372845954450646e-10,0.05162384378569216,2.4128331901011293e-10,0.047671366755899225,3.1691938860361873e-10,0.04391037085544284,2.917923066970659e-10,0.05059720756360968,0.06746547231820625,0.06745769119496052,0.09018644268473834,0.05792741800598929,0.08289126255165287,0.04870144103100308,0.06970900425336979,0.05854046330096209,0.08390902658287522,0.06182055211495696,0.06548102240812019,0.045839116710496994,0.07296055121242986,0.05394892120740086,0.06604521165105012,0.05523440732996947,2.0945307586650983e-10,0.06572619388708527,3.4818812537044507e-10,0.06462554400062168,3.217541264141628e-10,0.06579635179132798,3.136920256356396e-10,0.06204727285021258,4.1540529297942916e-10,0.06412473377716593,3.76512042234695e-10,0.07286478934891609,0.12372844885986821,0.06914034735248359,0.07422939806549056,0.08989061809868165,0.09940841455675706,0.07843244394465956,0.14503308702368906,0.054938559768234294,0.09780929952772748,0.057578413684797866,0.1310612668785247,0.06767329005820624,0.12406947195472705,0.051535675681390315,0.10508750448034493,0.09162872024875925,3.252091564687368e-10,0.09262056155220916,4.886344147462644e-10,0.08836150153438349,4.0636563277134217e-10,0.08892042925070831,4.879460926022135e-10,0.09308034309130539,7.580324842689602e-10,0.09998582339596168,4.2031930695868837e-10,0.07769385660626267,0.4526043720985373,0.4048840215181155,0.4803257502566737,0.4457178714074227,0.3806570889585188,0.4179563463126102,0.4196377997983952,0.5470338082079241,0.3845259574937728,0.49737178567275203,0.39233786129044235,0.4927661785816124,0.44134119336700034,0.5324466968281382,0.4235732105750133,0.43160362009879405,1.3407919251820681e-09,0.4447726758588007,2.1408165251608587e-09,0.44310033136656685,1.6764536803537765e-09,0.39930671763556447,2.142141569949517e-09,0.4572411802172365,2.8099491958391243e-09,0.4833358040031597,1.99982806315135e-09,0.4409488715832624,0.31262015268710386,0.3923188697178216,0.3106603533722884,0.36066536100447855,0.3787260299780651,0.4099792850953491,0.3071914864893336,0.3100950494472069,0.3620686626427821,0.35372188715311603,0.33731368885663754,0.3544674258155598,0.31339025047762503,0.33315657437969476,0.3396382067969908,0.3736543166870757,1.0410932790454573e-09,0.3446743085756483,1.718972974874358e-09,0.35881303498268347,1.6619544962968084e-09,0.3943526575367071,1.5715277673490473e-09,0.3399598370853466,1.913416662367538e-09,0.30864326796827024,1.7361309128808414e-09,0.35789527489794903
P003,S1_5,Sucrose,5,1,0.03198568789102262,0.05261340040858446,0.038442975237405905,0.04604026607737389,0.059597852195343734,0.0477994888685952,0.056352342857468894,0.031029866866357846,0.05687624560793453,0.04311110420854282,0.06491640437596502,0.03352718163499107,0.053500881284355366,0.03158776442581601,0.05797544627932466,0.04382888583942334,1.413527706113096e-10,0.04458765260422382,2.456930941374052e-10,0.04812149669352758,2.432324709772678e-10,0.053698670531969465,2.2755590040275266e-10,0.04672324445722985,2.8374110447078763e-10,0.04369110486191337,2.4550358184823386e-10,0.049993674908238674,0.06382465796413381,0.07882954988668402,0.06700662211402475,0.07890201007379588,0.09977190078250577,0.07040300717722583,0.06740302876824672,0.039932325108823594,0.09084357316902254,0.051738526390806686,0.07458956511875874,0.057304661072726734,0.06685330899995688,0.04486952165948739,0.07961391389182468,0.06982832078505297,2.032475470592765e-10,0.07007617770502066,3.580593443280736e-10,0.07047443465479397,3.984595936435282e-10,0.08508745397986581,3.042800721485083e-10,0.06529126633408047,3.434117677106524e-10,0.05366767693853516,3.7459356605506205e-10,0.07129104977991461,0.08945028474694372,0.05664428956773751,0.09937212901252605,0.08087536088587122,0.11411837183245935,0.07226784489898774,0.13744039740698819,0.04893689342395486,0.105919216678349,0.05307492563779912,0.07608015693266831,0.06882636882145456,0.11561711262317717,0.045714500732824924,0.10571278028995149,0.07940863994150399,2.339443996948057e-10,0.07854143166120021,4.764474766744855e-10,0.08692945752186229,4.482565883133412e-10,0.09319310836572355,4.408265818910736e-10,0.08661325839686439,6.537862724626287e-10,0.09318864541547152,4.2933501476203437e-10,0.07949707115807406,0.4781157888272847,0.4526618375654293,0.4982833940747092,0.4591560336066164,0.3917353898429452,0.4634142440086421,0.4672231682132162,0.5587260050724877,0.40191104060363186,0.5131782975009908,0.4638251372520103,0.5520076930769874,0.4479397665310911,0.5324801473336722,0.3823562796162864,0.4748875279197335,1.3904190562643647e-09,0.4840083140671729,2.0939519476096486e-09,0.4588923869290877,1.7342578736967272e-09,0.4275748169257937,1.9738432750873983e-09,0.4594159303501958,2.7836110692456006e-09,0.5129745866428519,1.948351714288774e-09,0.4575446690523113,0.33662358057061553,0.3592509225715643,0.29689487956133404,0.3350263293563422,0.3347764853467456,0.3461154150465495,0.27158106275407956,0.32137490952837594,0.3444499239410618,0.33889714626186096,0.3205887363205975,0.28833409539384,0.3160889305614194,0.34534806584819905,0.3743415799226131,0.3320466255142867,9.288627906458076e-10,0.3227864239623823,1.5627731893767774e-09,0.3355822242007284,1.43677028182043e-09,0.3404459501966476,1.529582059182155e-09,0.34195630046162956,1.6131661994346398e-09,0.2964779861412278,1.56647213153241e-09,0.34167353510146137
P003,S2_12,Sucralose,12,1,0.04550896602701581,0.03405994646352372,0.04296080163596275,0.04341236075939542,0.05597160123208098,0.027983976954906224,0.08345619860420374,0.019579253878988994,0.046125595524769546,0.030156885582889592,0.0558164140943778,0.030719357671453805,0.05210059436091581,0.02300503972450162,0.03323635806780758,0.03031060117219301,1.2154913268079606e-10,0.04207964110862155,2.2387068182489974e-10,0.03976530306810116,2.0667469337402834e-10,0.0419777890934936,1.879585725159966e-10,0.034663148331354504,3.6261444830927666e-10,0.05151772624159637,2.1296132523981898e-10,0.03814124055382957,0.0706110690591983,0.0708872354849621,0.08987349739681723,0.061735767007058705,0.06501061309015808,0.07612435176409658,0.08088904047748677,0.05477806985179785,0.08494469195730203,0.06474778214826228,0.07771771110305989,0.06340845840673975,0.08187875295740453,0.052382200924121186,0.11422049696294123,0.06358288902162419,1.9946679386778653e-10,0.07237228974297265,3.409391410889938e-10,0.0688489796839451,2.782393135769848e-10,0.07056748242712733,4.1942129418328903e-10,0.07801608496652278,4.0795172166977e-10,0.06783355516464232,4.020619347770886e-10,0.07484623705278215,0.14289022421710687,0.06886736818447706,0.11836252157245225,0.10677554237649683,0.08202116812197964,0.07550810436573188,0.09591364609779719,0.040875142516231866,0.09290512442103414,0.056558494025160534,0.1258445743604786,0.08087471049239407,0.11876242959642974,0.040863191012366,0.09222215585599226,0.07628719255741397,3.093049772736392e-10,0.10726915686723427,4.324446667076929e-10,0.07928872327412681,3.330657006909718e-10,0.07876463624385577,4.502808617600277e-10,0.08203374225555049,4.457333838113409e-10,0.06839439430701452,4.244582730341258e-10,0.07473180922309734,0.4589192062117641,0.4618360327626408,0.4429978957660617,0.40859166718844103,0.42635847313788355,0.43009999334927196,0.4082521989706225,0.5365070707353655,0.4038373772854922,0.4730101998974673,0.40303994500314727,0.4755650345798413,0.3874855896343552,0.5211031293830439,0.4045912305427709,0.4426038962224301,1.152106971774848e-09,0.44182496358531603,2.045889537633187e-09,0.44126179637613866,1.7642406824770368e-09,0.42822923324357776,2.0101509606101548e-09,0.43894596144565,2.4692805401307747e-09,0.472379634852994,2.088520561929687e-09,0.43842378859147974,0.2820705344849152,0.36434941710439633,0.3058052836287063,0.3794846626686076,0.3706381444178975,0.39028357356599336,0.33148891584989026,0.3482604630176153,0.37218721081140144,0.3755266383462205,0.3375813554389361,0.34943243884957087,0.35977263345089455,0.3626464389559671,0.35572975857048794,0.38721542102633844,8.652334200829202e-10,0.3364539486958555,1.7619878169261779e-09,0.3708351975976881,1.5480251195678129e-09,0.3804608589919454,1.731468262916372e-09,0.36634106300092206,1.867124200705563e-09,0.33987468943375276,1.8600798537681801e-09,0.373856924578811
P003,H2O,Water,0,1,0.0463652773901691,0.03792744868863975,0.04712569835203835,0.02868392333484875,0.08025984565355077,0.042707559074823855,0.05237302890390638,0.04207270764019698,0.05558805477712929,0.041418552761395035,0.06734796241937499,0.02417024177852756,0.05025220871556327,0.04327429345246688,0.046888533080686995,0.030483803330959864,1.5694002260776512e-10,0.04193675866059976,3.0218346144000057e-10,0.05412347672410119,3.429951265441454e-10,0.061483702364187306,2.369215955477199e-10,0.042724709644919256,2.881265192106837e-10,0.04722286827205168,2.652253725552397e-10,0.048503303769262165,0.06670568019100778,0.13246411237736636,0.060981430102911495,0.07459690952488497,0.09992213438079628,0.06011559553989169,0.10430335076142637,0.11782841520118562,0.05640167994410398,0.14519976475492974,0.10304243639767124,0.06614657409354635,0.11024786250928291,0.14740004536129891,0.08281283466520795,0.05876283538256456,2.633508826075349e-10,0.08398952378123137,5.202578782534993e-10,0.10442140944781746,4.338310219025513e-10,0.08001886496034398,4.930202412775276e-10,0.09980589447958858,5.960292347224878e-10,0.11106588298130599,3.361258340779586e-10,0.10080072234951686,0.10549732642564959,0.07332094716739891,0.11630314237127379,0.056845391145999756,0.11026167062257095,0.07822201806536667,0.10446241885743954,0.11152314842114734,0.14387365248683895,0.09020168626634269,0.09890449385800112,0.05787946882371537,0.09848649010662151,0.10647138544926239,0.12737370843625698,0.062453273462466076,2.8711303292351753e-10,0.08479179496533977,5.081774186553832e-10,0.09836039106095537,4.903727639942873e-10,0.09424184434396882,5.431139527221039e-10,0.09869621436365175,5.927064864718753e-10,0.10799278363929343,6.754179771377744e-10,0.11703766937659082,0.3850099939866804,0.4688477455923341,0.37282896677725397,0.6128960163083134,0.37406211962543945,0.5927923332581463,0.37196986827467904,0.4936515771381873,0.45776569321241184,0.469564845683638,0.3924726293820074,0.5910395635791796,0.459880492386442,0.45662453216327764,0.36498075151437875,0.6061504688975331,1.309386629236064e-09,0.47051581927096153,2.2074437269137927e-09,0.47083986935832634,1.984531457924499e-09,0.48342722644179287,2.195570222024926e-09,0.4719090612404079,2.1735062800334254e-09,0.43281072270643317,2.2675802166830313e-09,0.4636652694480249,0.39642172200649306,0.2874397461742606,0.40276076239652264,0.22697775968595357,0.33549422971764253,0.22616249406177172,0.36689133320254835,0.2349241515992825,0.2863709195795161,0.2536151505336942,0.33823247794294564,0.26076415172503137,0.28113294628208985,0.246229743573694,0.377944172303469,0.24214961892647663,1.0385358613817477e-09,0.3187661033218679,1.4726510154062933e-09,0.2722548534087995,1.4804518846780715e-09,0.2808283618897071,1.5872530971032239e-09,0.2868641202714324,1.9793981885937905e-09,0.30090774240091545,1.3924905187712537e-09,0.26999303505660516
P003,S2_12,Sucralose,12,2,0.054015881786825044,0.04427545168768884,0.049226832232730104,0.03217296591496892,0.07512392633937079,0.04313423189984262,0.05043854587612134,0.04382609926840732,0.06195464854203347,0.04556932787338595,0.054214243085528545,0.03472601509038136,0.05758817982649888,0.058192427308349934,0.06079201072461699,0.03826236379015412,1.249952052065686e-10,0.044771898299687134,2.4897733789220617e-10,0.05850969134351555,2.160085243723178e-10,0.0591290791196067,2.1638147321353256e-10,0.05370874541240498,2.34032084074269e-10,0.04713232257226433,1.7368245866402391e-10,0.05376198820770971,0.06456040784625514,0.0720040257891761,0.06969439400335808,0.04399469129389666,0.06692146683868554,0.05249692250632211,0.07159128262373225,0.04725907564643293,0.07522323699712763,0.05035890694493352,0.05582117034130142,0.04776893316465356,0.08642074332029182,0.053609330436865076,0.06781465915871429,0.042863021391286324,1.5115179793534333e-10,0.05897393707310683,3.001107996643794e-10,0.06486211577554113,2.0580719665954266e-10,0.059709194672503824,2.81398152409728e-10,0.06267693857678938,3.192861115398577e-10,0.05942517913508259,2.0772018995986204e-10,0.06279107197103058,0.08825480182346142,0.046045352479981885,0.09068873040769417,0.07430015990099273,0.08483128188567833,0.07665064218290751,0.12376215862609646,0.06847405226911214,0.12131079740400859,0.06466049009192867,0.10797839857634582,0.08248195905240702,0.10228323441563619,0.06659400472598306,0.07121795062554546,0.08803212630527092,2.315954463846571e-10,0.08162490037348051,3.6999054523551944e-10,0.08258979080255127,2.7049603912056487e-10,0.08074096203429293,3.401714479458103e-10,0.0820318290181089,5.405525064622063e-10,0.0961181054476043,3.2446388782961595e-10,0.09298564374796864,0.45893828903213496,0.5147857879711945,0.495589376434039,0.5700708566639265,0.4262872890075554,0.45946811132188237,0.4706920367580578,0.5313699215645405,0.3987807100506566,0.5219383364518239,0.42092680429795815,0.519728346281772,0.4302297379933897,0.4904934496976318,0.4205064426015432,0.4977766035064249,1.1872511576936635e-09,0.4966732434468375,1.7918666709223335e-09,0.45161964700511487,1.4299290225068232e-09,0.4428777001647189,1.6907030959675062e-09,0.4597515584497474,2.2895589563524714e-09,0.5010309791612992,1.2632637504618555e-09,0.4603595232512402,0.3342306195113233,0.32288938207195894,0.29480066692217866,0.2794613262262151,0.3468360359287104,0.3682500920890452,0.2835159761159921,0.30907085125150674,0.3427306070061744,0.3174729386379279,0.36105938369886587,0.3152947464107857,0.3234781044441836,0.3311107878311702,0.37966893688958,0.3330658850068633,8.4344436739531e-10,0.3179560208068879,1.3727172183678163e-09,0.34241875507327735,1.1581100657018212e-09,0.3575430640088778,1.301831970222351e-09,0.3418309285429493,1.3696061058390018e-09,0.2962934136837494,1.0023677927929385e-09,0.33010177282205116
P003,S1_5,Sucrose,5,2,0.04850010916410302,0.053551845058344684,0.04666049979166649,0.04912232149802034,0.08052935424277903,0.04562794465798632,0.05190798141754809,0.05082919660645602,0.06009096639151072,0.05918099668106131,0.048790801105803965,0.04984805650796759,0.04867376677034953,0.05746611311476621,0.07020554054258724,0.04917685187692631,1.4105225449567386e-10,0.04941227218765102,2.7423262927775854e-10,0.05807429469647027,2.9318982402380067e-10,0.06307864945038268,2.640774659761305e-10,0.056380568076157316,2.7815876227120874e-10,0.05136858901200206,3.131607958970965e-10,0.05963598153628602,0.0643430645647784,0.07691775427647955,0.06293577602911941,0.06702554365009813,0.07735276607964338,0.049705135078957116,0.08186269489331491,0.06784352351986556,0.06202505321702664,0.07714306314675834,0.08219395918414024,0.062487890663345064,0.09070729797527541,0.0657923752005948,0.06646090456191418,0.0601581208167185,2.0917156715066507e-10,0.06931733139466013,3.611292694730722e-10,0.07088939358361768,2.867204925291833e-10,0.06352895057930025,3.520637353255131e-10,0.07077967463862572,4.2562347212054075e-10,0.07485310920659023,3.343422521646024e-10,0.06958405818189249,0.07409266801950867,0.07467285039283202,0.08911519215689696,0.07319335201275791,0.09361785229001972,0.06896361429129795,0.09520877646090976,0.07282007034506141,0.09387836060942333,0.08599745812818396,0.12696884227455718,0.07365791898855548,0.10275045936695891,0.08207274375011143,0.10343687359186222,0.06827531930360123,2.8427510275461025e-10,0.08528347064085136,4.2767604851167786e-10,0.086851167424597,3.546460422629738e-10,0.08129073329065883,4.4979902116106784e-10,0.08913384900313345,4.885656590139948e-10,0.0840144234029856,4.847759811994854e-10,0.08993790936880364,0.42699611624248224,0.4214021328744199,0.4507233453769039,0.45171554619161053,0.4402425365307501,0.41806760810425064,0.41549646128829365,0.44011820100768184,0.39760668234442736,0.39888315732855867,0.3666640851446185,0.43072427410447167,0.41926402192114903,0.41875780094762877,0.40696086618458055,0.449286223867634,1.1769449182359307e-09,0.42470424998908446,1.9368674659387366e-09,0.42408299187594467,1.7490412968517694e-09,0.4291550723175004,1.9152032464241503e-09,0.4235672282302481,2.2617590819582056e-09,0.42780733114798775,2.0771510864541146e-09,0.398244919836493,0.386068042009128,0.3734554173979235,0.35056518664541336,0.35894323664751265,0.3082574908568079,0.4176356978675081,0.35552408593993334,0.36838900852093537,0.38639893743761217,0.37879532471543753,0.3753823122908804,0.3832818597356606,0.33860445396626704,0.37591096698689935,0.3529358151190555,0.37310348413512007,1.07686297808389e-09,0.37128267578775304,1.5428088801757851e-09,0.3601021524193706,1.3329814595908417e-09,0.36294659436215804,1.609716260330206e-09,0.36013868005183547,1.9266061598491765e-09,0.36195654723043436,2.012485455701294e-09,0.3825971310765248
P003,S2_7,Sucralose,7,2,0.052079326181695536,0.03136578967485025,0.049712478445738395,0.029554280909787664,0.043198688318268945,0.020552028678907687,0.05710946435698275,0.032825046109973235,0.06208006644490647,0.02847947450684397,0.06386676092613779,0.021786129793529316,0.06090664225110718,0.03429357341071384,0.058815402846758645,0.023182412320650932,1.357567839947675e-10,0.04139412765528983,2.4004275120473126e-10,0.03973773316474941,1.7572636664839013e-10,0.031875358498588316,2.5580546566978327e-10,0.04429950770730765,2.8361829098308785e-10,0.04496725523347799,2.5184237618795493e-10,0.04527977047587522,0.08862697349689029,0.07325200638207184,0.07858549290594581,0.08490961398783281,0.08378970569968466,0.08103337073591271,0.06582738191972813,0.058191540053085904,0.08042968944583115,0.06722754106488248,0.06620358353573007,0.0885080214576496,0.08431731504015277,0.06768798467761325,0.09976741589290858,0.08794269966734101,2.02321993143353e-10,0.08001428196102008,4.0569299153123695e-10,0.07920709403834085,3.7624756195426275e-10,0.08241153821779869,4.109677725308509e-10,0.08492885381950391,3.4185045307850237e-10,0.062009460986407014,3.461225185952658e-10,0.0738286152553568,0.09067044624813846,0.08345570384717513,0.10150579832822035,0.07558998567649886,0.09753539360344457,0.07491259555331539,0.10854549811893045,0.07649498617737369,0.1259822680879039,0.07975733675172007,0.12211713111270482,0.07770295667598016,0.10304312932818606,0.08522824528508983,0.11378066091910191,0.0763263605935539,2.7515875547530645e-10,0.09184033698145296,4.773823352623197e-10,0.09017984094250897,4.2127635405464833e-10,0.08622399457837998,4.786208047826055e-10,0.09459459903148293,5.494119704980297e-10,0.09252024214815208,5.254435321555345e-10,0.10286980241981197,0.4554879313183219,0.47572518458815644,0.43102797455042025,0.554986256850664,0.4234475963220891,0.5479725873474598,0.43544423364270557,0.4673753470201379,0.3745291749503663,0.47335983725424596,0.41349709132308005,0.5432968764462631,0.4151096051309886,0.44947467698907,0.39684219391713293,0.5225742569499778,1.1973323385631152e-09,0.4790035525128176,2.1210402976808234e-09,0.45900111644740194,2.0204990351652944e-09,0.4857100918347744,1.942679664152096e-09,0.44600018324679236,2.3218165202585013e-09,0.4514097903314217,1.7166214845543202e-09,0.42394450610230616,0.3131353227549535,0.33620131550774646,0.33916825576967524,0.2549598625752166,0.35202861605651287,0.27552941768440425,0.33307342196165274,0.3651130806394292,0.35697880107099234,0.3511758104223072,0.334315433102347,0.26870601562657764,0.3366233082495653,0.36331551963751296,0.33079432642409773,0.2899742704684763,8.521152660094776e-10,0.30774770088941944,1.6628272449721221e-09,0.33187421540699885,1.5249175257459339e-09,0.31377901687045856,1.5410266765390998e-09,0.33017685619491305,1.7815570007783479e-09,0.349093251300541,1.570763794444533e-09,0.35407730574664975
P003,S1_7,Sucrose,7,2,0.055600284628646655,0.061630621242002095,0.04355842412671657,0.05673814358333203,0.06315191245737027,0.04543670460154153,0.053398472003597,0.07198240187342222,0.046659463647329515,0.06047194925784584,0.0670045910736286,0.04551495096314014,0.05734732262588359,0.07779272572935694,0.08565123686988324,0.06057180952584258,1.5894872940262485e-10,0.055007835936244344,2.9399260169798925e-10,0.060932166353538084,2.85739008666178e-10,0.0542943085294559,3.237439788673014e-10,0.07034077368774158,2.6813139785629244e-10,0.06269043693850962,2.124894937257925e-10,0.05356570645258768,0.07783415543982022,0.06897420219395811,0.10258893707493746,0.07683836986801933,0.10989581402850258,0.06488502395696043,0.09377445651552019,0.06995546148850798,0.07565422067096879,0.07433454014015026,0.09673887135511704,0.07859502242742059,0.07444656117698054,0.07746033209356823,0.060080845691808875,0.07497125631848102,2.449555406921258e-10,0.08359492639321213,4.3111248499087907e-10,0.08167193281400295,4.849770373628186e-10,0.0873904189927315,3.212552532088415e-10,0.07173974882020967,4.3224416132437465e-10,0.08186495900201408,3.29762550016151e-10,0.07499438040555953,0.10726425386040052,0.10862108148877503,0.1307108249943768,0.08413583846104823,0.12324970242248696,0.07921827839092395,0.0934595875690249,0.09726439234802702,0.1250635833673541,0.11579868198490957,0.11130283716213496,0.07844363162255828,0.09644378219982729,0.10394551883385415,0.11388077664711087,0.08269760520847294,2.979434840116591e-10,0.10341307793154897,5.202554831900141e-10,0.10071432046177309,5.494833501111627e-10,0.10123399040670546,4.757967446831699e-10,0.0992419207223163,4.496393090610663e-10,0.09536198995852596,5.407170225205793e-10,0.12043113267613184,0.4053482166806683,0.40502353694165955,0.3669063362024955,0.4971900427735091,0.3762537304157124,0.5103681724397208,0.40768845757614214,0.38937337389420357,0.4504750191936143,0.3944600451420498,0.40131713938555263,0.5109090420510627,0.39070538053242854,0.38487085421481404,0.3685386315153514,0.4716135193101636,1.1316112532785491e-09,0.4311157190058246,1.937760327978723e-09,0.415549534400669,1.909586724335795e-09,0.4433109514277166,1.8007045909781867e-09,0.4039320963931894,1.9375236627106844e-09,0.39853091573517285,1.9335427545416897e-09,0.42246753216783206,0.35395308939046444,0.35575055813360446,0.3562354776014736,0.2850976053140912,0.32744884067592767,0.3000918206108539,0.3516790263357156,0.37142437039583925,0.3021477131207331,0.35493478347504476,0.3236365610235667,0.28653735293581817,0.38105695346487967,0.35593056912840687,0.3718485092758456,0.31014580963703975,9.057976235666315e-10,0.3268684407331698,1.7211184845648392e-09,0.341132045970017,1.5373410637288898e-09,0.31377033064339077,1.7186364041497251e-09,0.354745460376543,1.6956616956045827e-09,0.36155169836577744,1.3531647670661619e-09,0.3285412482978889
P003,S2_5,Sucralose,5,2,0.09270874017674853,0.056370499213920726,0.07036642533993298,0.061344361570660505,0.0711758889200427,0.05768051932251951,0.06148668749152651,0.049080328988325386,0.09268787567694438,0.05511661659940115,0.07293714754379257,0.06019507333411652,0.07061033790779614,0.05643364641232867,0.07403738434930446,0.06882925202077414,2.011450469118578e-10,0.06898704119652863,3.146770861075931e-10,0.06397509814067176,2.7573855133027214e-10,0.06442820412128111,3.303117789637798e-10,0.06747765517255086,3.181358069274027e-10,0.05528350823992595,4.2918227971975445e-10,0.07390224613817276,0.08838401839444086,0.09404413877047452,0.08193039685353888,0.10000398386550184,0.09191860119810631,0.09141971626342078,0.08899834391130496,0.10759916579596777,0.09435271440273756,0.09797215547152156,0.10668052663224645,0.09167068479767951,0.0854473938687168,0.10644694565500246,0.07634655246648803,0.10557925667247726,2.64456946812224e-10,0.09378562488564701,4.1152526034004423e-10,0.09380816424631158,3.6914228376271764e-10,0.09166915873076355,3.9677884921243446e-10,0.09345503716567113,4.87687526421025e-10,0.09829875485363637,4.656201678178135e-10,0.09616243493712956,0.08886277194561248,0.07581569337208079,0.09588864605933754,0.07544301808002303,0.09780991375667338,0.05908201145046346,0.10885999987344343,0.06561241651620191,0.10360900999845889,0.07660876396758508,0.1131362138169204,0.07235946067367814,0.10256053500568961,0.06480543231908195,0.1648963301054036,0.0603141235889852,2.6630725051500977e-10,0.08691763399127539,4.326492876997312e-10,0.0810644731329771,3.6336758382756506e-10,0.07844596260356843,5.618594547614252e-10,0.09814410525479009,5.474107980456398e-10,0.08723620819482267,4.900434274318088e-10,0.09010888698302198,0.3876839276295117,0.4371845658078189,0.4250150028941493,0.5142900799623674,0.4058653712258868,0.48060664280258575,0.3855879294448242,0.39431264046983794,0.3639348958135559,0.4012741372498437,0.4090690844105137,0.48182996651698434,0.4236768402931629,0.3873629467275195,0.36965367493167406,0.47200248339525575,1.1631040472883945e-09,0.44251210453689094,1.9221037711483805e-09,0.4243779502622887,1.6892347723564385e-09,0.44323600701423627,1.8866796792836663e-09,0.41317398633690305,2.059443146121415e-09,0.3899502849573311,1.8120210600765325e-09,0.3826045165316998,0.3423605418536859,0.3365851028357052,0.32679952885304087,0.24891855652144743,0.333230224899291,0.31121111016101033,0.3550670392789013,0.38339544822966753,0.3454155041083036,0.3690283267116488,0.298177027596527,0.2939448146775416,0.31770489292463494,0.38495102888606725,0.31506605814712974,0.2932748843225077,8.538683319093059e-10,0.307797595389658,1.5014907609365625e-09,0.33677431421775084,1.3226684614266908e-09,0.32222066753015066,1.4935166001552347e-09,0.32774921607008495,1.9115315938245975e-09,0.3692312437542844,1.7116980667230647e-09,0.35722191540997617
P003,S1_12,Sucrose,12,2,0.04433146711959205,0.03872547245402031,0.056862976485219215,0.04099145748213249,0.04869092886303434,0.05039961726951018,0.04502360474629531,0.0347679644780194,0.03848137689075717,0.03581560692384422,0.07964878657404893,0.04308086637588943,0.054093853659088684,0.03502593027169438,0.05123972555187576,0.048051042925981544,1.7284742100728848e-10,0.050606837748483735,2.581691862314664e-10,0.047052582515831894,2.400378184623173e-10,0.04954527306627226,2.473344450976657e-10,0.04710263810216009,2.241567178201978e-10,0.039895784612157356,1.6864713567990905e-10,0.0371484919073007,0.07998164054382123,0.07391187248214141,0.0734758758429278,0.07503385891562644,0.07517072092599898,0.05968098612471739,0.09960799025448269,0.07468035831286482,0.07765473955940767,0.06521641748004357,0.07057542227092661,0.06681402041699898,0.08150866491827255,0.06601573861032438,0.07936652384926993,0.06877813545816804,2.0172784903542913e-10,0.07329878174540708,3.916809261797216e-10,0.07059402764482832,3.58438220128723e-10,0.06742585352535818,3.799463995485924e-10,0.07391726570900872,4.944155673179148e-10,0.08714417428367376,3.3575604831334375e-10,0.07143557851972562,0.08899955792128715,0.14025808346615556,0.14341908037060724,0.15258286551746547,0.11328609710285677,0.17151764360043434,0.12249507381109571,0.1334978404200432,0.11302532581861013,0.13778055922626814,0.11828195428811854,0.16480113111865863,0.11772591771334315,0.13413687774493,0.10264411389597372,0.15589022675196632,3.4604991486154526e-10,0.1347237787803821,6.168641284173549e-10,0.13416663404039106,5.948168690754769e-10,0.14240187035164556,5.554186360538427e-10,0.1275992840265533,6.358881990029928e-10,0.12799645711556945,5.164409677651963e-10,0.12540294252243914,0.42234649110358374,0.3849258892096458,0.41619917339190854,0.42648200353506993,0.403705327135125,0.4596015166805222,0.3982479965788621,0.39535420955163375,0.42794889729451707,0.3983706800414896,0.411068318038992,0.4342252022619267,0.40975194389220665,0.4051415431533711,0.465812725752514,0.41757355733982177,1.1494976390661262e-09,0.41587451292352123,2.1009205129744458e-09,0.41955008271530625,2.0181437502641107e-09,0.43165342190782363,2.078858945373748e-09,0.4245699425344784,2.0414904886866684e-09,0.39680110306524796,1.875557659148131e-09,0.41315978866800335,0.364340843311715,0.3621786823880368,0.3100428939093371,0.30490981454970567,0.35914692597298475,0.2588002363248159,0.3346253346092639,0.36169962723743887,0.34288966043670777,0.36281673632835426,0.32042551882791404,0.2910787798265256,0.33691961981708873,0.3596799102196804,0.30093691095036623,0.3097070375240624,9.021143043441612e-10,0.3254960888022057,1.7538369336099944e-09,0.3286366730836424,1.694887571514065e-09,0.30897358114890033,1.5555957950837726e-09,0.3268108696277994,1.7350892383777425e-09,0.3481624809233514,1.5310211735096955e-09,0.35285319838253104
P003,H2O,Water,0,2,0.04234097220260133,0.03263427341094334,0.04562858336915872,0.027558246166442823,0.06315274146213791,0.02149130448593681,0.05787410556677245,0.03359192544876081,0.051178098207515,0.028214407089548785,0.06361539553198177,0.02801497372864605,0.056984344343812623,0.03101648787539149,0.05230400490432796,0.029889849909964954,1.3440590821892314e-10,0.039965407401629,2.649005936373585e-10,0.04316121954181971,2.612966885771444e-10,0.04232202297403736,2.3523324039565407e-10,0.04254867175837426,2.88691105066215e-10,0.04573301550776663,2.1828944101067806e-10,0.039696252648531896,0.08243023220150017,0.05920079976482302,0.06805901635617234,0.08459427002113155,0.10443537508906278,0.0844853655510347,0.0839008538158588,0.06083367499805051,0.0848119193063039,0.06135198296946185,0.09462083710610716,0.0716174355062611,0.08519193158315334,0.06162896753936983,0.07442022453113027,0.06964025400004976,2.2855639339030472e-10,0.07675376515933256,4.4133128132398635e-10,0.08393540994065515,4.699421607542705e-10,0.09446037032004874,3.592806515964982e-10,0.0727203444134258,4.276819033898092e-10,0.07236726440695465,3.7250427683666105e-10,0.07308195113788288,0.13792189220857137,0.0976486884010482,0.13752900829260387,0.18780547079407336,0.1294426600086657,0.1842681123218814,0.12291676195265827,0.10745628612283215,0.10465211387852341,0.0874827983072965,0.09855685209559956,0.19696979111733362,0.14521291617117554,0.08958326609804954,0.1448481597041604,0.18330950341158983,3.564027768465054e-10,0.14273861715153832,6.680045225108442e-10,0.13712673864994304,6.439688859100812e-10,0.15685538616527356,6.599375084810958e-10,0.14073846134624382,6.404070312286252e-10,0.11518652403774521,4.683257603382005e-10,0.09606745609290995,0.32241611685099625,0.30050219327888283,0.38583726228389204,0.32469746224178814,0.37743823151034034,0.372561099499843,0.36800216881209574,0.31463607948926986,0.3695799999099,0.3113004731276958,0.35928170834222406,0.3344287389736299,0.3443084060053058,0.3235263232495734,0.3643459445199556,0.35115697821004105,9.682119698497972e-10,0.33786058032856886,1.7367837740364794e-09,0.35445851506626563,1.750377867807177e-09,0.3749996655050917,1.6137424488920977e-09,0.345834412996219,1.911978487588907e-09,0.3413191241506828,1.655632140364053e-09,0.3404402365187979,0.4148907865363308,0.5100140451443023,0.36294612969817336,0.3753445507765641,0.3255309919297936,0.3371941181413041,0.36730610985261497,0.48348203394108674,0.3897778686977579,0.5116503385059974,0.38392520692408755,0.36896906067412916,0.36830240189655244,0.4942449552376153,0.3640816663404255,0.36600341446835394,1.0962280847581914e-09,0.40268162995893125,1.7374859299021646e-09,0.38131811680131633,1.5219248611562424e-09,0.3313625550355489,1.7332725511637732e-09,0.3981581094857368,2.0362993515868545e-09,0.42539407189685086,1.8812344033900946e-09,0.45071410360187764
P004,S2_5,Sucralose,5,1,0.5241829709189051,0.7071555026324152,0.2390291950567754,0.33400099125287996,0.12773960298010612,0.35936301215812994,0.13591686982710188,0.5087080842365875,0.11927932868875524,0.31368986289490164,0.20286018126116845,0.6284471234545231,0.2091872877946881,0.6151991714907359,0.09212606127412404,0.31313059886075545,1.1965784760702302e-09,0.4392793274294446,1.2757651490916299e-09,0.327872268605915,5.058531024128646e-10,0.24355130756911803,1.1778505311173896e-09,0.30741077985507587,7.980543520844508e-10,0.32231247703184474,5.173556862181644e-10,0.21648459579182844,0.08615643214634702,0.08450866264566095,0.06660918058494875,0.1374171199355946,0.10848018898124244,0.11313944010391574,0.0970573544736401,0.08748619582355299,0.08222695698716123,0.08319733108131608,0.123543924055621,0.1016075869693156,0.11464038742643594,0.07336102342668344,0.1045628016387739,0.09858092069925059,2.999168030044416e-10,0.09997381772291465,4.4262967894272925e-10,0.1024052599845694,3.652919000650718e-10,0.1108098145425791,4.0133121403043315e-10,0.09778628329778596,3.418161590749745e-10,0.09227177514859655,2.4796258034106767e-10,0.08271214403423865,0.06641723450601601,0.021565945906777746,0.06449960344464054,0.06879733218989158,0.10229016974597754,0.0741093214418008,0.0870803938915498,0.03784554369143111,0.08442643557177361,0.0557270055971291,0.1085514146099047,0.0331785028733789,0.08548954541209475,0.03262038427527649,0.11988819309730474,0.06856851629539584,2.1178773625056543e-10,0.060501672255101585,3.354806346631752e-10,0.0736273552187874,3.3354242892523114e-10,0.08819974559388917,3.247853528579273e-10,0.07664165977001795,2.730638039977484e-10,0.06246296879149045,2.3033769982903298e-10,0.07007672058445136,0.13389955685761287,0.08595448555248478,0.2805357524862056,0.22097976084061494,0.34184870332379746,0.23334641938622616,0.3731853426485929,0.16778034924411964,0.323112047850055,0.3043578524867453,0.3089577365653767,0.10850947306452086,0.3304061092415757,0.14771113335152652,0.36452853867515417,0.2760706761571182,6.088565785577188e-10,0.18980612756113593,1.231637862502663e-09,0.2633280913257815,1.1098870967077294e-09,0.2875975613550118,1.1603568461254882e-09,0.2796791143563436,1.1748469957247464e-09,0.27048284594635624,9.559380747445678e-10,0.31373495016840014,0.1893438055711187,0.10081540326266099,0.34932626842742975,0.23880479578101899,0.3196413349688765,0.22004180690992783,0.3067600391591155,0.19817982700430867,0.3909552309022548,0.2430279479399079,0.25608674350792926,0.12825731363826193,0.2602766701252051,0.13110828745577738,0.3188944053146431,0.24364928798747973,6.325797241987727e-10,0.21043905503140328,1.0690731863250887e-09,0.2327670248649467,1.0384067374499935e-09,0.26984157093940214,9.732723175618763e-10,0.23848216272077633,1.0155675765453302e-09,0.25246993308171206,1.054353389060811e-09,0.31699158942108135
P004,S2_7,Sucralose,7,1,0.4294490051548068,0.5444715204025472,0.21247892454263972,0.2542323967900672,0.08916193065744928,0.357569980794326,0.06616030974206613,0.493022897173419,0.09098260337149189,0.33207024336704494,0.2511664915416828,0.5616586889849745,0.10915554198683873,0.3324240609811033,0.10375231335715186,0.2869423849903104,8.905887938225214e-10,0.3755761712361197,5.487183488646752e-10,0.22207787860492934,3.488129927202519e-10,0.22336595572588763,5.402514215644124e-10,0.2080685753288511,5.130711517046311e-10,0.2795916034577426,3.983178886746413e-10,0.2115264233692684,0.1390112451421621,0.05803870964870794,0.06520825119370212,0.10710752132193015,0.0808244773670674,0.08342647784423153,0.08916715065885433,0.052397545495839394,0.11376811751503844,0.08626179526665434,0.09686707298003316,0.04060649539574002,0.0834070266001205,0.07767966231441255,0.09239680010938273,0.10235805782650996,2.6171787333483926e-10,0.08447321594704592,2.9737810655689257e-10,0.08133441103145798,2.4014202122724203e-10,0.08212547760564946,3.0784705005224304e-10,0.08896038671260643,2.8516856476804183e-10,0.07078234807734686,2.8379436995058024e-10,0.1000149563908464,0.0715826509634159,0.03132169295210429,0.0622680281072176,0.07536215908464808,0.10400087041809243,0.05043792392702714,0.10950368462130654,0.0401013601474737,0.0944823113157702,0.05016880872437163,0.08802191250910371,0.03072852352378925,0.08894191550089821,0.047171925454801845,0.09653479688270565,0.08316197978769531,1.9164129684256906e-10,0.05988082785671314,3.125973895349541e-10,0.0726381588252049,2.910210826759247e-10,0.07721939717255978,3.007969674094824e-10,0.07895265440652526,3.3411157127585745e-10,0.07480252238439011,2.2170134226382774e-10,0.07232556002007091,0.19441586274207148,0.1833683326121123,0.3709192568933766,0.31801847331062605,0.36747318416288016,0.2849285649974913,0.36338923152265706,0.23662171405275526,0.392169191648067,0.28974782372982155,0.26939541078104545,0.18992786300886505,0.42072819262216427,0.2804601963079503,0.38247289803624107,0.32044302329994523,6.630841496867553e-10,0.25434086655801613,1.356721282466482e-09,0.3383975345226215,1.062001064921391e-09,0.32620087458018576,1.3544650217803743e-09,0.3510260775665752,1.1774907714908228e-09,0.3000054727877062,9.733121011759006e-10,0.3409585076889443,0.16554123599754372,0.18279974438452862,0.28912553926306417,0.24527944949272806,0.3585395373945114,0.2236370524369246,0.37177962345511667,0.1778564831305125,0.3085977761496323,0.2417513289121076,0.2945491121881351,0.17707842908663113,0.2977673232899782,0.26226415494173233,0.324843191614519,0.20709455409553978,6.371918622187849e-10,0.22572891840210516,1.1332159095689513e-09,0.28555201701578664,1.019005730804253e-09,0.29108829491571797,1.065465903931688e-09,0.27299230598544233,1.1620403416630807e-09,0.2748180532928146,7.748543101446876e-10,0.27517455253087
P004,S1_12,Sucrose,12,1,0.4631326854029561,0.6811132647823545,0.19279916236146216,0.17541012694670197,0.07857608177024755,0.26634679975718034,0.09131130372328392,0.5476503335340327,0.06667102411463287,0.21292036035016446,0.12370512573802853,0.5213120331015056,0.1338859716889402,0.325102848225589,0.09037206139335978,0.37024202500265124,8.492871407279235e-10,0.35957873305550153,5.959913783895591e-10,0.20097792536048928,2.5625858578742637e-10,0.17246144076371395,6.2408741733551e-10,0.22990072657763505,7.275455370283693e-10,0.3194808186286583,3.16194755733268e-10,0.13979569223239866,0.1148241058977779,0.08027354201576352,0.1018073869646114,0.11403644180765166,0.07418058022437864,0.08476130722395535,0.10616623208622182,0.061026456264318255,0.08221440330398884,0.1442674560879069,0.10975084799171755,0.08747091403618369,0.09829917568152591,0.11668920750881316,0.06650569409644629,0.07037492763137754,2.88423086603271e-10,0.10136053978561761,3.42608686138792e-10,0.09348256765966827,1.9681462771253416e-10,0.07947094372416699,3.3482729995006134e-10,0.08796725122954073,3.5573753935732575e-10,0.08359634417527004,2.999815046657898e-10,0.11324092969594787,0.06380568228736745,0.018781111019726213,0.07211047638271863,0.08339725777220366,0.09762840295453536,0.0691241332734626,0.08933610808837214,0.03599288035468637,0.10942357987352072,0.06501542843397942,0.08557047364923642,0.03660008727526041,0.0767469764915215,0.04816613252288394,0.09420165776930291,0.06416758033372746,1.8459635209306077e-10,0.06004418139775214,2.794816484909957e-10,0.07291641131060085,2.475436245359067e-10,0.08337626811399898,2.7979871975621937e-10,0.07082058677935896,2.8626688749091867e-10,0.06266449422152925,3.027137332069594e-10,0.08721950415375007,0.16812437457376186,0.10806805256776683,0.3576373661805884,0.3460271608852943,0.33286061294049807,0.2977131354434112,0.37556718756376006,0.1916598362175856,0.4205282895845707,0.32742949136658117,0.3470158791396179,0.17035467547318803,0.37346262790223544,0.2768244816189453,0.3609057183651059,0.26642331678853365,7.141328872293056e-10,0.24953791813670287,1.22264262910123e-09,0.3202152144762725,8.607798458957276e-10,0.31528687419195467,1.270141853835019e-09,0.31940403616870505,1.2378113381922063e-09,0.28361351189067285,1.2223351782738887e-09,0.373978890475576,0.19011315183813635,0.11176402961438925,0.27564560811061956,0.28112901258814904,0.41675432211034064,0.2820546243019909,0.3376191685383618,0.16367049362937752,0.32116270312328676,0.2503672637613679,0.33395767348139965,0.18426229011386158,0.31760524823577707,0.23321733012376894,0.3880148683757855,0.22879215024371022,6.89259758436481e-10,0.22947862762442592,1.1985578056311484e-09,0.31240788119296936,1.0531858230296614e-09,0.34940447320616574,1.1788071357190922e-09,0.29190739924476045,1.1053983168274061e-09,0.2506448310838697,9.337447104038552e-10,0.28576498344232737
P004,S2_12,Sucralose,12,1,0.4574700769529814,0.6780466086192461,0.2303364043538165,0.3518865676409081,0.104361379315022,0.3640525473474711,0.12108884304940987,0.4654499269301864,0.08789588000857833,0.3267839040691061,0.12719520300198742,0.6181100915644054,0.10406538905661404,0.5094195757716664,0.06601402940332154,0.4153125034389564,7.68610379158086e-10,0.4105074920222242,7.335140341337145e-10,0.27047472287269336,3.350640992709637e-10,0.23420696333124655,7.180992239305374e-10,0.27370287441763963,5.904068401787941e-10,0.29326938498979815,3.43179505649787e-10,0.20733989203884223,0.11118671162391876,0.07038724408201832,0.06696701925358547,0.06350123330049391,0.1059787872581888,0.09060818308944231,0.09499622923618542,0.08570452985998717,0.09243857115572014,0.09593104361994716,0.1082314358230079,0.07711481006995223,0.06333977979207432,0.04992194200554957,0.10302239670985702,0.13706837385553652,2.1354168136696123e-10,0.08289807569216277,2.583672365183263e-10,0.07746217303631375,2.551843749119302e-10,0.09829348517381556,2.8440948218576605e-10,0.08833812309075437,2.971369722743498e-10,0.0903503795480863,2.2295966739938913e-10,0.09418480738783365,0.046694923416333314,0.03577651172878273,0.06718147065823535,0.08385031196690221,0.1126481357984924,0.0767639790170414,0.09224425594390241,0.03637684536158744,0.14685069265557582,0.08045052768671886,0.15169138433159993,0.04285735763089377,0.1161131179736223,0.04400975445099522,0.11096573586231923,0.07225510815540287,2.1116497918177277e-10,0.07134199328879122,3.33348804854658e-10,0.08738374681003783,2.652851826314863e-10,0.0947060574077669,3.538317489811819e-10,0.0858359291105849,2.6069411998065e-10,0.06431055065274492,3.1413561488187656e-10,0.11365061017114733,0.19209376781344092,0.09822516384571581,0.3542088533295647,0.25389256051618253,0.3784615705599391,0.24404673361197574,0.34818715391955896,0.237706478879522,0.34658044155734563,0.27478863684456944,0.3096944708098465,0.11512430225881914,0.37268297459134453,0.20530218839985948,0.3827577576828157,0.20722458111561343,5.584143816632584e-10,0.22053985309559496,1.1403382741084927e-09,0.3001233667907797,8.87049510636495e-10,0.3112541520859574,1.2181097199916798e-09,0.2919918754474083,1.043677439910173e-09,0.29294681639954046,7.886746472700624e-10,0.3106845392009575,0.19255452019332508,0.11756447172423702,0.28130625240479834,0.24686932657551322,0.29855012706835743,0.22452855693406937,0.34348351785094383,0.17476221896871738,0.32623441462278036,0.22204588777965908,0.30318750603355876,0.14679343847593,0.3437987385863448,0.19134653937192952,0.3372400803416871,0.16813943343449067,5.44552598193457e-10,0.21471258590122708,9.991692889977897e-10,0.2645559904901753,7.095086990927623e-10,0.2615393420012134,1.1013514845599232e-09,0.26013119793361306,9.940853536598623e-10,0.2591228684098306,7.219882953570848e-10,0.2741401512012197
P004,S1_7,Sucrose,7,1,0.3085326534362702,0.7165647547671956,0.21206344905343386,0.37495261395358087,0.06552707606264095,0.36450593968357464,0.08727239764128354,0.4649832786341073,0.09217554645187213,0.14878624505021737,0.17023208541836135,0.6996197523630402,0.1390274020216389,0.3815372879474937,0.05754519751321081,0.34537636737106964,9.259762730907296e-10,0.4136608848319803,6.696968026802033e-10,0.23764942642883707,2.494736726836758e-10,0.2150165078731078,6.491823746736315e-10,0.23087156371335327,5.206905031026878e-10,0.2761278381376954,2.8134365677049214e-10,0.12048089575104476,0.1661144040444608,0.08593433161382405,0.05376233787261091,0.07779272330308593,0.08244303586056657,0.057063408429576155,0.08757251877938742,0.11086789384652036,0.09024199478512707,0.06646838640861569,0.09491813947114246,0.08116861288004484,0.11293822215399123,0.05970730898742711,0.087132521211029,0.052178774472487255,2.553949445645791e-10,0.09328175819752817,3.153050862195071e-10,0.07803799385789026,1.696455360960088e-10,0.06975322214507136,3.301009675113413e-10,0.07798920670623365,3.041948662378847e-10,0.09922020631295389,2.1642233296047642e-10,0.07835519059687138,0.05721165981222008,0.029614995050652165,0.05691564768345696,0.05655456779315192,0.11834595463008012,0.0451784927307566,0.1071428325859409,0.07551517143914088,0.09909223303443436,0.06327649323996733,0.08865248151949667,0.029587823646909282,0.08875606054762834,0.04093933709911311,0.10624277900328397,0.05719366978658908,1.4972358072522512e-10,0.05308952925098118,2.912218809423139e-10,0.07330496125189453,2.3032901245277092e-10,0.08176222368041836,2.967301087174228e-10,0.07328296160915362,3.352764679489954e-10,0.09132900201254089,2.3041075968869234e-10,0.08118436313720084,0.26883137850811745,0.09417870657710617,0.4044361880806934,0.3036385498993374,0.39137565337680236,0.2887426353580202,0.355043513960236,0.21474019516070458,0.4185138330881039,0.43533860712658146,0.35197465811224754,0.10627956416314348,0.37701098655298054,0.29396321573218576,0.40596583036053624,0.2898583954446771,6.53523342166344e-10,0.25488984089010763,1.2555433561829797e-09,0.3377731227549972,8.11757064025804e-10,0.34005914436741125,1.3195840845153224e-09,0.34169960702259494,1.0892358893572845e-09,0.2848918545604703,1.0984012816327161e-09,0.4269262201073427,0.1993099041989318,0.07370721199122268,0.27282237730980496,0.18706154505084424,0.34230828006991,0.2445095237980727,0.36296873703315213,0.13389346091952717,0.2999763926404626,0.2861302681746183,0.2942226354787518,0.08334424694686222,0.28226732872376115,0.22385285023378046,0.3431136719119399,0.25539279292517675,5.056021310442241e-10,0.18507798682940294,9.928839156880757e-10,0.2732344957063811,7.071004282752101e-10,0.29340890193399133,1.0377862659141175e-09,0.27615666094866453,1.0609960658277128e-09,0.24843109897633964,7.67990923729644e-10,0.29305333040754045
P004,H2O,Water,0,1,0.2139664030760035,0.5761437560303303,0.13367318692248328,0.12424374123346116,0.10951910136298675,0.4278919908448668,0.106430358307214,0.4295292313907487,0.06827222208639258,0.3320806522803942,0.13760071453756467,0.5277054141941956,0.10730396082692381,0.4284907189740968,0.07003767743016107,0.4418933340976764,6.744045947222211e-10,0.28555553599900635,7.552820300619681e-10,0.26830144300221853,5.145081363911282e-10,0.2687055461039268,6.676942709493301e-10,0.2619314228322145,6.512715265566675e-10,0.2679797948489814,4.955544508122758e-10,0.2001764371833934,0.07785525478594181,0.1708651110875612,0.09027646668537545,0.10280060800383684,0.07695861144558501,0.12184087432527062,0.0953584992532656,0.05860901130836965,0.10990519975132143,0.13334839253745187,0.13506968179319165,0.1804325462733354,0.10792620244262577,0.09153969522872193,0.10402415699371105,0.112265553901454,3.5924297085030904e-10,0.12621661143820706,4.0337815955645157e-10,0.09956634586055084,2.7681880648893175e-10,0.09939974288542781,4.276131112098246e-10,0.10393890214162818,3.210767913584907e-10,0.07698375528081763,4.2965874926022235e-10,0.12162679614438665,0.06888792013475506,0.027457717506858284,0.12102470959312302,0.10564672215040607,0.13184490706287372,0.06766374675913968,0.07773492970750867,0.04315562142057821,0.1023410852578954,0.07091540162960212,0.11572689966038835,0.0344804150860839,0.10026046380215166,0.0699971804884196,0.08563879556102912,0.0663652265705213,2.5068970428186037e-10,0.07887073068860244,4.393989540057303e-10,0.09244157452814616,4.074106001604944e-10,0.09975432691100669,3.6531232481765803e-10,0.08056541660553042,2.580194516358528e-10,0.060445275564043444,3.512322720724016e-10,0.08662824344374875,0.3659351903711948,0.09258274545811854,0.37236280644133896,0.40041605353633103,0.3420777106674559,0.2065953896997931,0.4046430932703942,0.23703106363416598,0.40153006925840273,0.2960621208473433,0.31686521673719487,0.10726064314945993,0.3969655939644362,0.25891615192298245,0.41111882901339486,0.21191278516883713,7.966243324159239e-10,0.2759037759489397,1.4563975035667537e-09,0.30113871156366695,1.0717501932094111e-09,0.2743365501836245,1.525250816441547e-09,0.3197283400174127,1.3530655647955925e-09,0.3208370784522801,1.3943981972954392e-09,0.348796095052873,0.2733552316321048,0.13295066991713195,0.2826628303576797,0.26689287507596504,0.3395996694610987,0.17600799837092987,0.3158331194616175,0.23167507224613768,0.3179514236459874,0.16759343270520813,0.2947374872716602,0.1501209812969251,0.287543778963863,0.15105625338577924,0.32918054100170396,0.1675631002615112,7.059231540505052e-10,0.23345334592524447,1.166521428545329e-09,0.2385519250454177,1.0502045991457608e-09,0.2578038339160143,1.125274535386729e-09,0.23383591840321438,1.0936399603941644e-09,0.2737540958538776,1.0428327650508495e-09,0.24277242817559774
P004,S1_5,Sucrose,5,1,0.18051961181948198,0.4092013938078721,0.18111580746138903,0.15217856690773987,0.07332633923798348,0.19286409798299708,0.07502965258114688,0.34889763102615595,0.090290790772794,0.12443903417079004,0.1274140523247525,0.40264148779858555,0.09494136644007665,0.21689759712505588,0.1296385215068081,0.13799284513239413,3.8139044044482476e-10,0.24217848668663686,3.4897124877905786e-10,0.14450735019652827,1.9460244778365533e-10,0.13309521861049028,3.869392465534334e-10,0.14486758255108367,3.610455741525069e-10,0.2119636418036514,2.5801684060970753e-10,0.10736491247179203,0.08206180239865828,0.1340407314835474,0.09490035757118377,0.1135612082488363,0.0875451914376628,0.11048418012965593,0.08177652673608564,0.0670918796001464,0.06567775647544404,0.12234576683834034,0.10470184716658869,0.10679357623915235,0.07673428281477304,0.13675258806320778,0.05572662239575248,0.08622659086149573,2.080763038564599e-10,0.10600992051799446,2.8338142287990284e-10,0.10287906061132489,2.0079922584202828e-10,0.09901468578365936,2.439285826550722e-10,0.08886002103380725,2.4053231103756955e-10,0.07443420316811603,2.0609640273529814e-10,0.09401176165689218,0.047024636117339376,0.0477611201314584,0.06763354365911968,0.08794744867984802,0.104352497333907,0.10118063307119488,0.08517936278388286,0.05488186087653222,0.11300058999019694,0.08824996331064565,0.0736100093052633,0.060201145879818924,0.12142621932058988,0.058669859949285495,0.12033005594119182,0.09420749902970804,1.336944330070615e-10,0.06402965062880794,3.216419239695019e-10,0.09640730241874432,2.3131466997493852e-10,0.10276656520255094,3.280163011976177e-10,0.09865840856019381,2.432132349869512e-10,0.07003061183020753,2.8386797268779206e-10,0.10062527665042129,0.40279228923705335,0.20057079693912366,0.39813892887947355,0.369048130130604,0.4035076415791111,0.3145968352141866,0.4432890887378454,0.30323295971657876,0.4220037694422275,0.3889087260363262,0.37157473826200443,0.21118952451203785,0.38908013808213165,0.29905957463745386,0.368209958651156,0.3873483753738936,7.217682279604637e-10,0.3255524013267161,1.1560027705361575e-09,0.3515610473782208,8.742601350272844e-10,0.35905223839664885,1.1025978476790346e-09,0.3609245116861588,1.2743321895495442e-09,0.3732610242272121,1.094441806025106e-09,0.40545624773927685,0.28760166042746743,0.20842595763799837,0.2582113624288338,0.27726464603297163,0.3312683304113356,0.2808742536019651,0.3147253691610389,0.22589566878058653,0.30902709331933764,0.2760565096438973,0.3226993529413908,0.2191742655704054,0.3178179933424285,0.28862038022499725,0.32609484150509166,0.2942246896025085,5.880813228143798e-10,0.26222954083984457,9.725440101544056e-10,0.30464523939518157,7.236933776959683e-10,0.30607129200665034,9.454533114531811e-10,0.30668947616875647,9.099286783412522e-10,0.2703105189708127,7.963895397039413e-10,0.29254180148161746
P004,S1_5,Sucrose,5,2,0.17342258435073887,0.6396349665679437,0.12968332440083663,0.12959739993987734,0.07866796031934586,0.15498283652638342,0.07927459092677802,0.37999812136657557,0.07889510911941335,0.13813801447757978,0.17081070410486698,0.4665170829260631,0.09727914858669544,0.10017517182995607,0.12054560953769083,0.27806645731846524,5.746622869623648e-10,0.28494434371505445,3.1895982429506557e-10,0.10777627931559519,2.321946596944492e-10,0.11682539842286464,3.7029722294552417e-10,0.1490165968182019,5.319968641551341e-10,0.2296363561466768,2.6753653217984667e-10,0.10851656179849656,0.07803654331323275,0.057176939980986115,0.08544210630798442,0.07775078709490457,0.08143449466965305,0.0767064132069481,0.08919507235407023,0.057510401689284514,0.07967647514871587,0.10992961980840418,0.08882103744434423,0.06623784998590039,0.08736645132143522,0.08205027743282527,0.06706407418200112,0.057180545801666934,1.8383038643128275e-10,0.0755775440212254,2.8698766911833654e-10,0.0818894091577154,2.1678147467476469e-10,0.07907045393830058,2.560823553185492e-10,0.07341533718448214,2.971972484698395e-10,0.07335273702167737,2.524054514557065e-10,0.09480304747856003,0.07452384734430062,0.018705977130055874,0.08762940926030534,0.10776584629727,0.08587327475559291,0.07995525781619367,0.10994307286006812,0.05742989916385953,0.10802627237311457,0.07519164361358058,0.13265807877077485,0.03483035104003484,0.09586580024538767,0.07225229816671686,0.11837444534935926,0.04628584610533101,2.1525630176705086e-10,0.07601891830712358,3.0206778332967474e-10,0.08348665774597278,2.2833513405103054e-10,0.0829142662858933,3.158917246831644e-10,0.08319459746669869,3.5536858397629506e-10,0.08368648601196382,2.9781590741434367e-10,0.09160895799334758,0.3730441197600579,0.14103636420713786,0.35281693863864394,0.3824834758031946,0.4349035607798605,0.33700398800130643,0.37927291343673086,0.2861752830541552,0.3812120242253678,0.36414861625447975,0.3020845237979981,0.21034913294792648,0.40330300731975727,0.40079896026471473,0.35388533374015485,0.30494509027704086,6.751313101866935e-10,0.29363575919249313,1.4030814323683962e-09,0.3940023790914097,1.1372693161127996e-09,0.3859537743905834,1.243839920911145e-09,0.36573309790041697,1.2976400193265401e-09,0.332724098245443,1.1103573843977628e-09,0.3726803202399238,0.30097290523167014,0.14344575211387636,0.3444282213922296,0.3024024908647536,0.31912070947554816,0.35135150444916835,0.3423143504223529,0.21888629472612506,0.3521901191333883,0.31259210584595576,0.30562565588201634,0.22206558310007554,0.31618559252672485,0.34472329230578713,0.34013053719079395,0.3135220604974957,6.442995149921059e-10,0.2698234347641036,1.0999464869557324e-09,0.33284527468930714,8.638050446134289e-10,0.3352361069623583,1.0648065385489119e-09,0.3286403706302004,1.1390997419849667e-09,0.280600322574239,1.0114969384869474e-09,0.332391112489672
P004,S1_7,Sucrose,7,2,0.09432298237972418,0.43652419005201415,0.12321306791800507,0.24525438183661247,0.11212433337324741,0.2155032625519478,0.07723291007189396,0.36376670844911213,0.0542650435771101,0.12760319819299243,0.16273015897413534,0.42630387518952406,0.10286880569641914,0.12080086237622284,0.09985508811087312,0.2619620526915536,4.2947650014133556e-10,0.2480581093916692,3.65942680382194e-10,0.1378243159994593,3.0146845443632753e-10,0.1638137979625976,3.5622014401559646e-10,0.14637170221876716,4.3641750185056036e-10,0.22049980926050305,1.8326167689659963e-10,0.09093412088505126,0.05919339165576477,0.05126380764102897,0.09663801840586522,0.0711976476205113,0.07501017913733055,0.09515219618830865,0.10702795308127643,0.06917175901482245,0.09519954847858828,0.11267761759775832,0.06558896835142605,0.04264708032174514,0.10029178761165779,0.06187842587448971,0.06781838585031176,0.08549940964767204,1.454284742479324e-10,0.06442148566605692,2.7566271052101463e-10,0.08308314720294667,1.862232287159927e-10,0.08508118766281961,2.6317412276196463e-10,0.07887200224603283,3.135512434800569e-10,0.08809985604804943,2.4100560897868187e-10,0.1039385830381733,0.06272628111548191,0.040073388265697646,0.05907670955269949,0.07432376507722618,0.06986468334236193,0.07547955768666292,0.11728851072573312,0.06059402285463619,0.13313924585613077,0.10349334371898744,0.08744889075749943,0.04101022379658629,0.08775880223444918,0.06756564087207362,0.09236319808362352,0.061371964966039784,1.5616400466908222e-10,0.06077654309419849,2.5093660622053383e-10,0.07516717103388691,1.6930372332932633e-10,0.07267212051451243,2.6706034769428245e-10,0.07726490153904653,3.334267915610155e-10,0.08894126679018466,2.9789116133065504e-10,0.1183162947875591,0.43641365717015923,0.24571031358313392,0.39515980473563084,0.35352433091869734,0.403895019494172,0.35760922681002927,0.3441348376563573,0.28642396475620113,0.385590865567601,0.38768120913311255,0.36944781600022075,0.2516682889032689,0.4054381237951773,0.41230217745788367,0.3863302737784022,0.34706132864313893,8.079070972765462e-10,0.3419873685518518,1.2940424622730981e-09,0.3948111368893156,9.539318820143303e-10,0.3807521231521006,1.2534039267898599e-09,0.3877829759186505,1.0510459631947155e-09,0.3152794012062792,9.26413851952691e-10,0.3866360373503568,0.3473436876788693,0.2264283004581248,0.3259123993877989,0.2556998745469527,0.33910578465288777,0.25625575676305107,0.35431578846473943,0.22004354492522796,0.3318052965205698,0.26854463135714957,0.3147841659167182,0.23837053178887566,0.3036424806622968,0.33745289341932966,0.35363305417678936,0.24410524405159575,6.767551020385025e-10,0.28475649329622327,1.0194334523817056e-09,0.30911422887439133,7.870398002632867e-10,0.2976807707079694,1.0132516656492291e-09,0.30970841807750293,1.0320181524338827e-09,0.2871796666949837,7.500851383605737e-10,0.3001749639388597
P004,S2_12,Sucralose,12,2,0.1571773887073506,0.6906957375341064,0.18599837035705713,0.26682084847673915,0.06771539936854602,0.3446157536128529,0.12322042969538152,0.4843724874568768,0.07734836835743114,0.226943198522597,0.15762660400210507,0.6552769053919328,0.13459607199467574,0.266837180256514,0.10021171344684628,0.3436505857781851,7.959386736749121e-10,0.35226597574488183,4.684461064882658e-10,0.2034411013081472,2.7249342731200663e-10,0.20616557649069947,4.881339909224518e-10,0.2113238878690553,8.099470987073716e-10,0.30379645857612914,2.9523881585818184e-10,0.15214578344001406,0.07965743501368062,0.06646591184288239,0.10672549739738348,0.09209030715285185,0.10109209496573826,0.0750507004722168,0.08547911296295012,0.10461368485315108,0.09409933413083517,0.0764506117078668,0.1380857708043301,0.0597510681590385,0.10252089552486182,0.07203937512400599,0.11387831295397999,0.08023640859036292,2.472516790446294e-10,0.09046266506169448,3.02370526967428e-10,0.08767576652170571,2.32821059659963e-10,0.08807139771897754,3.01032237292453e-10,0.09216874804830268,3.395120864006339e-10,0.0950463989080506,2.2907358281959953e-10,0.08527497291935099,0.08711594316920131,0.024959349861478002,0.09126033548228442,0.08066692928356019,0.1128022200956301,0.064897878618036,0.082670234972013,0.04119319320760792,0.12623732499213614,0.07107021260876195,0.08458432892840151,0.02969797937971071,0.10560911228645302,0.05552438011851216,0.06932474500030582,0.058774623320723966,1.7092207919541388e-10,0.06638081101743935,3.08173947022114e-10,0.0847083977796578,2.523282267900824e-10,0.08885004935683305,2.5404966288623106e-10,0.07230821518149874,2.7071720007814407e-10,0.061931714089810457,2.8678747046806036e-10,0.09865376880044904,0.36935255626998187,0.11339632790830266,0.3253345233746359,0.2900275440742984,0.3745364941978734,0.2665751215173116,0.3845428138151917,0.21047375313447497,0.34752206436270056,0.351023975752263,0.31507458559696344,0.1359015611822444,0.3445504050309609,0.3181317718739655,0.40022686915689554,0.2571506858041829,6.678766735973906e-10,0.2581811830677378,1.0928511990506032e-09,0.3259484481550278,8.58034117287276e-10,0.3205558078575925,1.0632830487543328e-09,0.3300149329665012,1.277373571909344e-09,0.2975082834748333,8.907597040772316e-10,0.3492730200574818,0.30669667683978574,0.10448267285323044,0.290681273388639,0.2703943710125501,0.3438537913722123,0.24886054577958258,0.3240874085544637,0.15934688134788935,0.35479290815689657,0.27451200140851123,0.3046287106682,0.11937248588707423,0.3127235151630485,0.28746729262700255,0.3163583594419725,0.26018769650654494,6.090186327045957e-10,0.23270936510824658,9.965485913535487e-10,0.2982262862354615,7.893751495324956e-10,0.29635716857589744,9.290024021561814e-10,0.29418421593464217,1.0592204191539336e-09,0.24171714495117652,8.547480095875077e-10,0.31465245478270387
P004,S1_12,Sucrose,12,2,0.11241898346208007,0.6205837967779985,0.14086599901720132,0.19787385097838825,0.06529027284562211,0.34158595068985,0.08026379887160415,0.35527347998277875,0.08010240196659527,0.12655184899216598,0.09054834026905015,0.5835734709090855,0.0916938676497187,0.1840358303171329,0.08096033557211424,0.25931383623012333,6.467985318939104e-10,0.2909774069023006,4.138989558388e-10,0.17065148037558092,3.0286836833888814e-10,0.20343811176773605,3.9187055133057376e-10,0.1540009674422723,5.483065352582735e-10,0.21776863942719143,2.9108610472159194e-10,0.10332712547938062,0.07513063687496584,0.07234672100435105,0.06565724111459034,0.11908609126758765,0.09052512559083385,0.10576072902889008,0.11712080219078184,0.11809621829808133,0.09030874167697242,0.1182456054883714,0.08192990395489588,0.06697374003573754,0.07734143846994282,0.08866232571584724,0.10333784917552753,0.07286644210383622,2.1135682914027934e-10,0.08018738904202138,3.060897260149998e-10,0.0905724047013785,2.4815383894750646e-10,0.09814292730986196,2.979325741999762e-10,0.08555201386628844,4.208052333124561e-10,0.11760851024443159,3.096976449832481e-10,0.10427717358267191,0.07177897895773906,0.02877582760812481,0.06028317675399797,0.06504989329343054,0.08707499482403011,0.05597251210771458,0.1145404859199718,0.05874277476052099,0.11584303737381525,0.09288582671277457,0.10206203011343992,0.030597127539494597,0.07940969051084767,0.07068789547023568,0.10200709909054843,0.05797848517693837,1.9232272773113488e-10,0.05975783904437115,2.8351177558676784e-10,0.07328627322820701,2.1732882488033013e-10,0.07152375346587235,2.8661254198102793e-10,0.07752079256214255,3.5776486053990994e-10,0.0866416303402464,3.527968467135321e-10,0.1043644320432949,0.4336971495399204,0.12554975905955795,0.45743570772876824,0.3402869455886344,0.4343948963979226,0.24698314909840266,0.3823067572940395,0.2560866797387488,0.3911842521432038,0.403041460842539,0.35849012977704603,0.14214164473984067,0.41923818631526416,0.3684385663512222,0.36514732237524405,0.29357728186969884,8.837291838667426e-10,0.30960022273896126,1.45485296414237e-09,0.3672636995407029,1.0691385093561163e-09,0.34068902274816265,1.3367783795504e-09,0.36160033922785734,1.250991907854378e-09,0.3191967185163942,1.2589406967791312e-09,0.3971128564928714,0.30697425116529475,0.15274389554996673,0.27575787538544244,0.2777032188719588,0.3227147103415915,0.24969765907514235,0.3057681557236025,0.2118008472198701,0.3225615668394132,0.25927525796414846,0.36696959588556827,0.17671401677584161,0.33231681705422583,0.28817538214556193,0.3485473937865659,0.3162639546194031,7.819000571783324e-10,0.2594771422723455,1.1397828298007245e-09,0.2982261421541304,8.251888124518833e-10,0.2862061847083669,1.131624546046871e-09,0.3213258869014392,1.0071570476173285e-09,0.2587845014717363,9.82834611516391e-10,0.29091841240178085
P004,S2_7,Sucralose,7,2,0.07520196234577121,0.415126212706917,0.13077013358325082,0.2108639529618639,0.057856613114248445,0.204456541442839,0.06828259638595896,0.35238197439378594,0.08882536574732465,0.10274067249510759,0.1287615999371372,0.3590612527477014,0.06904706864230627,0.11033627951765679,0.06112214745713631,0.15758091406344005,3.7283893432284885e-10,0.2199641857137736,2.6221507913380924e-10,0.11042412567926263,1.9131377716026333e-10,0.13115657727854374,2.4930334361098215e-10,0.09952160242013486,4.866957010274275e-10,0.21033228538987245,2.75958353738894e-10,0.09578301912121612,0.05980578820467359,0.07985917951996295,0.0983219416478494,0.11189714798456213,0.06503410570180838,0.08299863843397909,0.11956432245497958,0.08219200817722813,0.06684971127758334,0.13596169162201371,0.10736364702514878,0.0782789880478701,0.09452913166737409,0.05631438098203564,0.08808550325652449,0.055170225137433596,2.108081081272523e-10,0.0892544487383445,2.6788894839273127e-10,0.0747190641962993,1.711959075514104e-10,0.07401637206789374,2.753430541898054e-10,0.07352481026084196,3.859574128749743e-10,0.10087816531610386,2.486552010773479e-10,0.10140570144979852,0.07194716627723964,0.04869679929629644,0.08347756720874777,0.06178946355969422,0.09254412833619968,0.08328104836321798,0.10579242541199527,0.052115997738615354,0.14492213781183283,0.10884385756998116,0.09587625318765801,0.05971246936414063,0.09984057184578707,0.08367275239557283,0.10251825148319384,0.09346645750480449,1.865436986455394e-10,0.07024995314896279,3.2081900414624393e-10,0.08983462523519439,2.332115732968454e-10,0.08791258834970883,3.1696943245601053e-10,0.09487450830733955,3.2353504071605e-10,0.07895421157530531,4.0916792522386496e-10,0.126882997690907,0.4808650688861123,0.22214812967934616,0.42181987851647196,0.3183004055475605,0.41771127278587006,0.32436927430468454,0.39524182739253827,0.2919824944445572,0.36568745520676166,0.3881409353621804,0.3028042458879578,0.23841448235207627,0.3981845526579937,0.4136223117535285,0.4276347317856671,0.3856571778972952,8.149183319618086e-10,0.3307253684782541,1.3716455307986123e-09,0.3884718528755192,1.0372430015536807e-09,0.3710402735452773,1.322721474382269e-09,0.4062746935236211,1.2935342180771202e-09,0.34361216091854774,1.111761967988853e-09,0.376914195284471,0.3121800142862029,0.2341696787974776,0.2656104790436796,0.2971490299463193,0.366853880061873,0.3048944974552792,0.31111882835452775,0.22132752524581342,0.3337153299564978,0.2643128429507171,0.36519425396209837,0.264532807488212,0.3383986751865389,0.3360542753512063,0.3206393660174783,0.30812522539702664,7.373598200103033e-10,0.289806043920665,1.1759479268294973e-09,0.33655033201372436,9.169348787779123e-10,0.3358741887585761,1.0725472508486434e-09,0.3258043854880625,1.010800808866087e-09,0.2662231768001706,9.517546765893858e-10,0.29901408645360744
P004,H2O,Water,0,2,0.11271097554955523,0.5612877987874949,0.15975510095037115,0.2130533784076204,0.0680719001207927,0.2711052288240728,0.08205872648265694,0.3776859350374631,0.10676567485636665,0.17455738397487083,0.09070745728477865,0.4783486635348894,0.09635812367711814,0.18449690352635673,0.08916405433088541,0.2551438182968067,4.947638906853071e-10,0.26931056241911827,3.7996732293537576e-10,0.1550080390370851,2.5458338472605825e-10,0.16958856447243276,3.8655001507804045e-10,0.15629072495779175,6.00342766605115e-10,0.22987233076006003,3.5296147311516174e-10,0.14066152941561874,0.07740859038612387,0.07115101248827643,0.10055681445936293,0.08187704591401994,0.08378035069405367,0.08960543757761023,0.09592689610182774,0.08606747759912564,0.06028626555848448,0.12486757910160347,0.11725047167816578,0.07422596189373198,0.10505038748295217,0.10802414736650247,0.099727002403434,0.08288371673419401,2.409232918588634e-10,0.08707831613661349,3.3908776857337603e-10,0.09661508078027964,2.257619092459566e-10,0.08669289413583195,3.420125646837301e-10,0.09892131349677066,3.3804633932619213e-10,0.0909971868504767,2.162480177461569e-10,0.09257692233004397,0.07352701898639319,0.028378605180269086,0.05618934648373881,0.07284948356741976,0.11326324724725433,0.06480159050426579,0.11572932377763166,0.05685523570679661,0.10661089427408543,0.083038508184152,0.10793468894145357,0.0313876949803933,0.08512251307373815,0.055129441818294586,0.10000250662582803,0.05382040523825194,1.9112791796899157e-10,0.06171113968994462,3.086510660847758e-10,0.07957919816088821,2.849953470916166e-10,0.08903241887576005,2.7737089633852625e-10,0.07351871668902818,3.5975270594035074e-10,0.08629227974221414,2.936524149801126e-10,0.09482470122911871,0.46071657050835946,0.16309067342264785,0.4296584205730721,0.34419013514895025,0.3818698912656923,0.33584903045684933,0.3729439577017335,0.28005978239793144,0.39998035982280605,0.3608834245450634,0.3683959948331786,0.19484482049429344,0.3855690774258164,0.37303546720721825,0.34678857732152485,0.35200210472836346,9.000258732773745e-10,0.32681610249675025,1.3193381000615935e-09,0.3690808665888941,1.0029813200013784e-09,0.35885946086127085,1.2312354691484774e-09,0.3643488066707308,1.258426526235421e-09,0.32650187004983244,1.1335063980640672e-09,0.3804318921839347,0.2756368445695681,0.17609191012131173,0.25384031753345504,0.2880299569619897,0.3530146106722069,0.2386387126372017,0.3333410959361504,0.1993315692586831,0.32635680548825746,0.2566531041943099,0.31571138726242376,0.22119285909669148,0.32789989834037503,0.27931404008162775,0.36431785931832794,0.25614995500238413,6.876118202370986e-10,0.2550838792575733,1.1261675060562168e-09,0.2997168154328529,9.014191759877087e-10,0.2958266616547043,1.090699487720661e-09,0.3069204381856787,1.0726139764902169e-09,0.26633633259741674,9.005097452313617e-10,0.2915049548412837
P004,S2_5,Sucralose,5,2,0.05779627662303876,0.42472218987986715,0.10413637419602009,0.18538693621663072,0.06294654602482504,0.23515226829955468,0.07850290320652535,0.41547033667344524,0.0762222608897534,0.1262634699166577,0.12609956987802973,0.44371134051310684,0.11371489495961694,0.17013983349928713,0.07745271383842048,0.1978828821080291,3.4817234155096807e-10,0.22364211455111557,3.652588377399733e-10,0.14548838569582095,2.045005030485393e-10,0.14904940716218987,3.7719142512301836e-10,0.13979758110133841,6.192994423764655e-10,0.2469866199399853,2.778978713223672e-10,0.10124286540320555,0.08822854850208121,0.06645650897049848,0.06758132189538042,0.10491478420811762,0.08554473717167674,0.06877719864237693,0.07867358247688629,0.06987014813000875,0.09524372438227613,0.0794805648628021,0.0862403818530018,0.04983032035021574,0.07568377914892827,0.0698197789776224,0.06576366000756018,0.0878686143699379,1.7230715606790658e-10,0.07720864429654921,2.434970131045608e-10,0.07495637348515108,1.8863089245161973e-10,0.07716096790702684,2.3155104951117306e-10,0.07478395812601218,2.891555112357336e-10,0.07427186530344751,2.922880758716189e-10,0.0873621446225391,0.06111599542980866,0.04818856810436415,0.07545541898654119,0.07555127309887269,0.11093146844191755,0.08360660057569179,0.11125251114290553,0.046228908464529636,0.08798664090543973,0.09400532298666174,0.08904479207203578,0.0510140032939391,0.09318372923026678,0.07010729434775152,0.10165458983919103,0.08001105093207385,1.5724576524127742e-10,0.06672834183092692,2.955412068215141e-10,0.08945727314890692,2.426230313895536e-10,0.09726903450880467,2.913993410709012e-10,0.0862391660873208,3.585988155722137e-10,0.07874070980371758,2.844645947608112e-10,0.09099598194605074,0.4896282808199401,0.21080278789474874,0.4016546763556065,0.3420484191973053,0.3991268048712649,0.3045085965952834,0.36876871169337744,0.27889309213212676,0.4123040771205838,0.3963916968999803,0.32774015551138375,0.20566409851496856,0.36311209426511354,0.36183782825282335,0.37753398755513534,0.3308236105285187,7.489207254254709e-10,0.32958973638232547,1.1688692985805633e-09,0.3571463309961213,8.742632192735415e-10,0.3518177007332741,1.1730184593449827e-09,0.35832688015039776,1.3088612195306964e-09,0.3238309019127521,1.3020282053661299e-09,0.404347887010282,0.3032308986251311,0.24982994515052162,0.3511722085664517,0.2920985872790739,0.341450443490316,0.30795533588709306,0.3628022914803054,0.1895375145998896,0.32824329670194685,0.3038589453338977,0.3708751006855492,0.2497802373277697,0.35430550239607433,0.3280952649225161,0.3775950487596929,0.3034138420614398,6.991045740687151e-10,0.3028311629390829,1.0815268334309392e-09,0.33295163667399985,7.648194703423323e-10,0.32470288968870453,1.1354730716160227e-09,0.3408524145349308,1.2065175161134822e-09,0.2761699030400975,1.028345401307277e-09,0.31605112101792227
P005,S2_7,Sucralose,7,1,0.06248489160661495,0.2587899057535404,0.043487312171260194,0.1078416796087076,0.09063547157811119,0.16987165428473927,0.05744600728918391,0.09883026341625796,0.07900193148302215,0.07059169305341995,0.06721470561660785,0.15578389475445298,0.06613400817611792,0.06878892512839102,0.06438459919622454,0.11365846176438237,4.782233113521318e-10,0.11593373158519732,3.1110585193967355e-10,0.09885751479183985,3.6682530919244286e-10,0.13025356293142523,2.535607964799838e-10,0.07824149856627896,2.3143651242164822e-10,0.07813813535272093,2.904916365045681e-10,0.07479681226822105,0.05789068485429822,0.06260072134046338,0.0677261174784588,0.06310842161404105,0.09444073433803969,0.06173710643203265,0.08411928541391377,0.05473250589177519,0.08135437676368185,0.05500710786412136,0.10192091369908761,0.06087321599558264,0.10191420619216565,0.06162120360975551,0.0681612764732888,0.051509581214342126,3.1015146560304964e-10,0.06902001249698862,3.4091877239038865e-10,0.07992831264299838,3.173968013142981e-10,0.07808892038503618,2.961125121083605e-10,0.07080156687238802,2.807998300256822e-10,0.06942589565284447,2.880135634522991e-10,0.0681807423139016,0.061571284832252104,0.04078977104395885,0.0899035852321333,0.0681836764512572,0.12304271799030113,0.09128451419328101,0.07584861166353707,0.07106192562097835,0.12138517228005719,0.0921710762746298,0.08577084237870831,0.05434565894802999,0.12359537908577949,0.09086001071812372,0.09874927489493485,0.07780937218977445,2.766706850829724e-10,0.0667608031477233,4.360887512035511e-10,0.10719565549687135,4.196247948726682e-10,0.10716361609179106,3.921744401317921e-10,0.09775350922215313,2.6720826619829646e-10,0.07345526864225771,4.360850912178984e-10,0.10677812427734348,0.34234506485749916,0.3273357944769643,0.4547072159715396,0.3911657621963998,0.3787779889814441,0.3610522988758189,0.36834293507662064,0.3612496575925299,0.33695465873671765,0.389249693806196,0.3657666630630248,0.417176499657456,0.3854847393358721,0.4360716620293489,0.429336907043896,0.36732842989290587,1.4895985443918956e-09,0.38308283337048055,1.4242207692339106e-09,0.390346672305621,1.3368009009144098e-09,0.3699151439286315,1.4852705608965296e-09,0.4045554345755057,1.308069333735885e-09,0.3647962963345753,1.2944610874932467e-09,0.3631021762714568,0.4757080738493359,0.310483807385074,0.34417576914660813,0.3697004601295943,0.313103087112104,0.316054426214128,0.4142431605567445,0.41412564747845876,0.3813038607365214,0.39298042900163244,0.3793268752425714,0.3118207306444777,0.32287166721006466,0.342658198514381,0.33936794239165613,0.3896941549385955,1.554909648776712e-09,0.36520261939961024,1.183106709478731e-09,0.3236718447626694,1.1149188061714882e-09,0.31457875666311597,1.2301843791819002e-09,0.3486479907636743,1.4761458103837891e-09,0.4141844040176016,1.4349481373000439e-09,0.38714214486907694
P005,S2_12,Sucralose,12,1,0.07085704329091687,0.3182216287293909,0.04736334747674843,0.14490132352976745,0.08326285407264353,0.05416284725401488,0.06002853281417091,0.06308808606823528,0.07586827758005298,0.046603528497353566,0.061114494236452495,0.10111499532697797,0.08102842016638542,0.05334026312963421,0.07926522132953256,0.071977537869023,4.702872983308774e-10,0.12392880543170903,3.5851276927529566e-10,0.0679485961556695,3.317137886820537e-10,0.0687128506633292,3.691472472995398e-10,0.0714028606236438,2.93391713047236e-10,0.06155830944120309,3.154061275144888e-10,0.06123590303870327,0.06975596761207453,0.08713401574275394,0.1121499148693023,0.07482292493287952,0.09927481364568735,0.06850760048410086,0.09450090373634229,0.06020913261574676,0.09623915318319881,0.06958369555926343,0.05589408817523244,0.04720147831224901,0.07038795196049509,0.06151265057136804,0.10463138745769975,0.07395297474300247,2.9621424913354176e-10,0.07449306494074863,3.770369403982974e-10,0.07492075416541284,3.9994762366970877e-10,0.08389120706489411,4.0047219184529446e-10,0.07762124118314134,4.1035429792569046e-10,0.07735501817604452,4.136233822270809e-10,0.08291142437123111,0.08067458832730491,0.06967438340054434,0.07602818924063415,0.07511290283449756,0.11056924891382222,0.063312772682172,0.11415519327341488,0.08122263045408956,0.11986625288551679,0.08603701215538691,0.0929639283007896,0.07027111056987026,0.10598203363770708,0.09484820462830215,0.09839113086867399,0.06255713974237433,3.2568984059780663e-10,0.07745418377894013,4.834071790113662e-10,0.09367806496550087,4.307601704827185e-10,0.08694101079799711,4.749400361961703e-10,0.09044462721926438,5.068863086568573e-10,0.09768891186375223,5.143555538521756e-10,0.10295163252045185,0.37171488109468453,0.3245875949571319,0.4562058977031055,0.3822779755432376,0.3969409631256338,0.4045756336216488,0.38855778333597785,0.45909469977075784,0.3936982000340099,0.48096573097322975,0.4122856677325762,0.4799290371693803,0.40227454159282583,0.4887714180679579,0.3795411894388425,0.4138563129637996,1.6276405354347806e-09,0.4045001757000193,1.9731489843609234e-09,0.4231406391020166,1.7469110196239086e-09,0.4007582983736413,1.976204729004778e-09,0.42111086551585647,1.965927606074724e-09,0.42382624155336784,1.9458164699789846e-09,0.43733196550361986,0.40699751967501896,0.2003823771701785,0.30825265071021024,0.32288487315961784,0.3099521202422132,0.40944114595806336,0.3427575868400939,0.3363854510911708,0.314328116317221,0.3168100328147659,0.3777418215549493,0.30148337862152236,0.34032705264258656,0.30152746360273786,0.3381710709052511,0.37765603468180087,1.3372099865755808e-09,0.31962377014858284,1.59365869043116e-09,0.3403119456114002,1.469849865754452e-09,0.3596966331001383,1.643751001355255e-09,0.3394204054580941,1.6438305848299483e-09,0.3395715189656323,1.466683820456536e-09,0.3155690745659935
P005,S2_5,Sucralose,5,1,0.061901466662340136,0.39131175373004456,0.08158908417728641,0.08228581866863705,0.06211595934798103,0.04557756192671509,0.06335330875759537,0.06140484249233074,0.07934867389617613,0.05158317292356518,0.079752746351584,0.060617456396755025,0.10570381666000583,0.08840349290944408,0.07656379022365747,0.05300869026058435,5.192854873149533e-10,0.12624305433110786,3.6408007543481284e-10,0.07545020771103651,2.4456977465514333e-10,0.05384676063734806,4.0153291754682326e-10,0.08091994751342294,3.015574706055791e-10,0.06237907562496306,3.037469309451176e-10,0.06546592340987065,0.08620328903940512,0.06223280476477857,0.08672740675541948,0.06897459147692644,0.0843133013100369,0.03414827714340249,0.08781549500459832,0.07141933704648994,0.1041211666414415,0.07102991017212423,0.08539827443191678,0.07520029196512355,0.07725967463904744,0.08304590556769745,0.0969916329623738,0.050040273825907644,2.883822402531301e-10,0.07745610973892833,3.374429857275275e-10,0.06969178966504608,2.975470372276159e-10,0.0592307892267197,3.838533520879614e-10,0.07683437174875658,4.0116206403107484e-10,0.07961741602554412,4.024244741080176e-10,0.08757553840678287,0.09560755557102242,0.046592943161484796,0.11611839081046527,0.08447251842749343,0.1216410273265824,0.07881386589567217,0.10272168907378317,0.07881251982776631,0.09008274751419833,0.08385332528803793,0.12858947461723713,0.05512452560406265,0.13885529794335472,0.09866758329680173,0.08799308644936556,0.07903752509212056,3.394117681073549e-10,0.08775090136529429,5.393034433282911e-10,0.10949444361560276,4.659729835858517e-10,0.10022744661112729,4.974941696620743e-10,0.10113837319541064,4.63443358259559e-10,0.09076710445077474,3.7395632241204576e-10,0.08696803640111814,0.3943231274492849,0.29841005384386243,0.40360722169624474,0.39605890931275656,0.4129437749590812,0.45546222343391135,0.3951203509456558,0.44024762373237475,0.379160854724041,0.46457364204336965,0.3871193621716487,0.484732051336622,0.4334117848640808,0.39876220797448103,0.3517153731516099,0.445093831429802,1.406475785268465e-09,0.3940417876350699,1.922541029497218e-09,0.4251449978078886,1.8152300372247506e-09,0.4342029991964963,1.833226566922471e-09,0.40724579935499344,1.951151721730604e-09,0.41768398733901524,1.7025177043845007e-09,0.4218672483837053,0.36196456127794713,0.20145244449982896,0.31195789656058415,0.3682081621141863,0.3189859370563188,0.3859980716002988,0.35098915621836724,0.3481156769010382,0.34728655722414276,0.3289599495729028,0.31914014242761324,0.32432567469743717,0.24476942589351142,0.3311208102515758,0.38673611721299345,0.37281967939158556,1.1180527255040129e-09,0.3145081469295995,1.3641141026270402e-09,0.32021856120042624,1.4446398890372337e-09,0.3524920043283088,1.4926982526157263e-09,0.33386150818741656,1.680421324949619e-09,0.3495524165597027,1.4482244369117035e-09,0.3381232533985228
P005,H2O,Water,0,1,0.05958063796097321,0.2519490395195554,0.08240366444492696,0.09970771624266356,0.06541441869055993,0.055701984295277576,0.08176805333181744,0.08557671414517429,0.07337068929718807,0.09920359298565123,0.05200581579949327,0.07238684623154136,0.12986772106840447,0.12558271889878075,0.08580855362763194,0.07085599242493995,3.1065718687534456e-10,0.1030056200331923,4.589463605091664e-10,0.09414171073825567,2.937520944754208e-10,0.06055820149291875,5.239390050554672e-10,0.10302874650493928,3.852718184507752e-10,0.08367238373849586,3.6070689520752314e-10,0.08628714114141965,0.07322584813661376,0.057374340704363716,0.07444535059088031,0.06149824994960087,0.09162698009647866,0.06319108323795457,0.10215794702010353,0.09333396661522608,0.07041240156249791,0.08276007694806117,0.09621931178563022,0.04110474664735705,0.09736698182576325,0.0955188227858512,0.07859545469031734,0.05724679568037976,2.5502390810269294e-10,0.06731130796907431,4.3330697161423777e-10,0.08692596698651193,3.972321541586174e-10,0.0774090316672166,4.2560673613813205e-10,0.08218201374557789,4.669090872293786e-10,0.0977459568176648,3.341119183620858e-10,0.07658623925527955,0.10666357243685176,0.06030679540590486,0.09223214513197453,0.06401581355725135,0.12386886838845794,0.08950674702304065,0.12328618074008098,0.08187767827767709,0.11570449389960226,0.07482060794990518,0.0935474606089544,0.07743020358905206,0.12161123770378485,0.0749119803311471,0.1106424045283007,0.09826675548259764,2.9571599442265066e-10,0.08236599845499816,5.401869499114207e-10,0.10247470836160763,5.409256492738728e-10,0.10668780770574929,5.457453340844334e-10,0.10135809451145758,5.307841864947708e-10,0.10258192950887904,4.897805912531835e-10,0.09526255092475372,0.3700803345922397,0.3879218060704673,0.3793217911781983,0.4947800609232474,0.369899913409019,0.490659941054118,0.390689736920335,0.45252635925142193,0.37346334115414265,0.43362066553174716,0.3865693280181663,0.5259406366920559,0.3637585522312268,0.3977531070174292,0.40116387702283507,0.48565504104655705,1.3820866565402597e-09,0.4241023262457291,1.813183417487659e-09,0.40551787842794823,1.8296510337153111e-09,0.4302799272315685,1.952276304436067e-09,0.41208264432951197,1.8872165542896132e-09,0.4216080480858785,1.7669445781516492e-09,0.4035420033429449,0.39044960687332175,0.24244801829970877,0.37159704865401993,0.2799981593272371,0.34918981941548427,0.30094024438960904,0.30209808198766286,0.2866852817105004,0.36704907408656956,0.3095950565846349,0.3716580837877557,0.28313756683999375,0.2873955071708207,0.3062333709667918,0.3237897101309148,0.2879754153655259,1.1591174055632971e-09,0.32321474729700617,1.4913059502985866e-09,0.31093973548567644,1.5715339327508547e-09,0.32506503190254665,1.5134671489715945e-09,0.3013485009085133,1.3920797870322872e-09,0.2943916818490816,1.6236941385704394e-09,0.3383220653356022
P005,S1_12,Sucrose,12,1,0.08191956282120368,0.21046489063268164,0.08186442289041188,0.10486019969848286,0.08901900306200806,0.06676178322396852,0.08681286620810254,0.0828349730729439,0.0717342677099907,0.08671496499425049,0.05675529453252158,0.12571393818816456,0.07673615421432228,0.10835002359144162,0.0984410608804614,0.055783072378756134,3.464457362272512e-10,0.11026305146057769,3.5954880686643815e-10,0.08521674102293512,3.174379822386983e-10,0.07789039314298829,3.756274090457743e-10,0.08482757776624536,4.0207369394353274e-10,0.08482391964052322,3.037477858462101e-10,0.0792246163521206,0.07591330336681149,0.09622068099603183,0.08037443737916423,0.07000291147195421,0.07549214897640556,0.05779276694605686,0.0644469957931348,0.0602920362352773,0.06800179079464524,0.053954089544608445,0.07356384691478222,0.10309290285956793,0.05668750657910977,0.05131484077605711,0.07954673688215128,0.046481604079309936,2.846482663987072e-10,0.083194680498052,2.6336405735536705e-10,0.06032181581940733,2.705392427011893e-10,0.06664245796123121,2.699079824457775e-10,0.05850767207915702,2.9699060905816885e-10,0.06236951601420605,2.507016904582213e-10,0.06097794016962685,0.0809360594106626,0.06152699095050074,0.07356067451527853,0.058293920733227644,0.12486457972119273,0.06671562029268124,0.11588550228719444,0.08968326423695598,0.08997331771672949,0.07100510640229771,0.08624930123043247,0.06142946686501893,0.10009938421670628,0.06311989454884073,0.09049370932925783,0.0838879950281981,2.5920730333776755e-10,0.07033273561752015,4.141106660325824e-10,0.08869986969485524,4.1462889866259857e-10,0.095790100006937,3.8061096047202827e-10,0.08440024578075074,5.107265103469075e-10,0.1027843832620752,3.3120078896921887e-10,0.08048921205951359,0.4288214448125347,0.3728420629967182,0.46864755978427813,0.48413489317181285,0.36921951522399077,0.41636848052033504,0.4353326192860699,0.5162201951514575,0.42267330978716033,0.5291642223361827,0.47739525123749094,0.4249504946938178,0.4267224917421831,0.5201336302650819,0.42247229708861217,0.47251013334033315,1.5543890481899406e-09,0.4427986177827754,1.7963065620843348e-09,0.4331110294378977,1.4752653816768098e-09,0.3927939978721629,1.902695569891677e-09,0.46045963810905255,2.1417161151918216e-09,0.4757764072187637,1.8137675104856027e-09,0.4759187660616715,0.33240962958878784,0.2589453744240675,0.2955529054308675,0.28270807492452227,0.34140475301640316,0.3923613490169582,0.29752201642549825,0.2509695313033655,0.34761731399147383,0.25916161672266047,0.30603630608477284,0.28481319739343086,0.33975446324767783,0.2570816108185791,0.30904619581951737,0.34133719517340255,1.0392288939868777e-09,0.2934109146410748,1.418373978604969e-09,0.33265054402490457,1.3724995133223305e-09,0.3668830510166807,1.347805146405226e-09,0.3118048662647942,1.3370096143138443e-09,0.2742457738644319,1.2596138628041183e-09,0.3033894653570671
P005,S1_5,Sucrose,5,1,0.06636917404976612,0.16955744086228955,0.07293898102129481,0.09838168751047525,0.09801861043165075,0.14566170085174793,0.05261748010767901,0.05804743347567334,0.06175597440882465,0.0686545569098756,0.062597340842739,0.08200258371795419,0.08036351759916854,0.06960306771173862,0.0736772398170507,0.09411511892507764,3.268633220007598e-10,0.09197453466741982,3.529719071011908e-10,0.09841172414857646,3.844426240573401e-10,0.12184015564169934,3.0461089702510916e-10,0.07943973601325888,2.0523841835433193e-10,0.05533245679167618,2.2646536157098985e-10,0.06520526565935013,0.07272446375677317,0.09360224774276983,0.07252379737689452,0.07411408705627157,0.11440008956686555,0.0647505139221401,0.12196178356309649,0.06217353333632682,0.10101456821291786,0.0612944689568326,0.12225081141645547,0.057398741258314734,0.08309201122467316,0.0650830630846006,0.0847137336440507,0.0679665317862372,3.3275355673932935e-10,0.08210235810124654,3.459887548364774e-10,0.08183141944956986,3.660011207675351e-10,0.08957530174450282,3.1453930294092736e-10,0.07521383493489041,4.081987101380807e-10,0.09206765844971165,3.274441125032051e-10,0.08115451858487523,0.10152953600343548,0.07169657055195287,0.09430822255068065,0.07998299529408474,0.1133796957628844,0.08460049001174744,0.11976293119599761,0.08330679187409301,0.11062324717101443,0.07661240629457688,0.12583673256535158,0.07330577274777621,0.08626799250759576,0.08609720519844784,0.0811721231071897,0.07836770544912058,3.6518422681327014e-10,0.09110997161888025,3.6727792284413836e-10,0.09258634587016884,3.7878511618214237e-10,0.09899009288731592,3.276606622149812e-10,0.08297625656558846,4.216015552906774e-10,0.10153486153504532,3.6658725501409567e-10,0.09361782673279566,0.3607356665157042,0.3585730982813314,0.4168652717583307,0.4460012041547039,0.32504291986651057,0.365692802150357,0.4065587498479874,0.4394412832735308,0.39395224401276996,0.45992078367324213,0.355676476581354,0.47708126859468547,0.4297680654877986,0.45761010470482083,0.38484569359395343,0.4030432509582637,1.4183437679962763e-09,0.40248883098101834,1.4909473371751317e-09,0.3945284730523717,1.182676470068283e-09,0.34536786100843375,1.6205544757899057e-09,0.41881677868620915,1.5773480664439932e-09,0.42300001656075914,1.4631714760798869e-09,0.426936513843006,0.3986411596743213,0.3065706425616563,0.34336372729279974,0.3015200259844648,0.3491586843720889,0.33929449306400733,0.2990990552852392,0.3570309580403759,0.33265396619447374,0.33351778416547273,0.3336386385940994,0.31021163368126964,0.3205084131807636,0.32160655930039234,0.37559120983775535,0.3565073928813007,1.2663881606802004e-09,0.3323243046314352,1.2758854341976605e-09,0.33264203747931304,1.228367288088676e-09,0.3442265887180481,1.3526233776819709e-09,0.343553393800053,1.1919096068750543e-09,0.3280650066628076,1.1892851247423225e-09,0.33308587517997323
P005,S1_7,Sucrose,7,1,0.049270272415183336,0.15130266821042132,0.047816082628789155,0.05224154536606921,0.062269392363259624,0.038548436650547316,0.04576663666222099,0.05248821675721975,0.07061665622625102,0.043436419512336504,0.05553226202297183,0.04048106061309125,0.06357113023692956,0.05687843195967505,0.05213189050216675,0.03625868706551748,1.9682699061708143e-10,0.06610731520942102,2.6125410205405667e-10,0.05531684780260289,2.0396547214361716e-10,0.05040891450690347,2.3308559447214104e-10,0.05221003494107221,2.44023495050087e-10,0.04912742670972037,2.548038335486413e-10,0.057026537869293764,0.09354781529414813,0.08501754005279633,0.10226233088607446,0.05786402508890732,0.060182618924480895,0.03551780828959101,0.08347804664331328,0.05914379424865503,0.10132149151427432,0.04760152050188888,0.10520583820992095,0.038395758838645024,0.07563918496180971,0.04667127313726855,0.04838578096584012,0.07685069649828918,2.789682904539719e-10,0.08038221806174871,2.7081212558558295e-10,0.05450272132828754,1.9359935175614912e-10,0.04785021360703595,2.691192746109822e-10,0.06188673389080189,3.980921513449946e-10,0.07131092044598415,3.458660747713126e-10,0.0744615060080816,0.06948793095851258,0.0582764168120613,0.10234410379627108,0.05801810291672474,0.09179700765985886,0.03974740737883758,0.1277688903808626,0.1333929128359262,0.13338439693238646,0.108032180943747,0.12205611213877818,0.05222822803639807,0.08662717348451486,0.11348796866076177,0.06879524014601124,0.060050654158980865,2.7031203173761604e-10,0.07706848244312432,3.765777906198218e-10,0.08291488929599328,2.6600043913912833e-10,0.06577220751934822,3.4849862995477487e-10,0.08224025911256719,6.643725676157416e-10,0.1305809016083944,5.161135046003296e-10,0.12070828893806673,0.40021552673747735,0.47828864965651696,0.41622115268422405,0.48348591316977896,0.41603535892520976,0.41884786147910724,0.4102655101098508,0.4524072861779321,0.3762061364335448,0.5026932454714256,0.3913486798580165,0.4910999969974685,0.427738223257618,0.4623120439351763,0.4115979901589358,0.4542144863046321,1.3296164956535717e-09,0.44344331985058033,1.9755143278502366e-09,0.4312333718992778,1.6902711926456387e-09,0.41744161020215853,1.8165669589290734e-09,0.4389656859140906,2.164232702663449e-09,0.43133639814389146,1.7210201249592137e-09,0.4394496909524852,0.38747845459467883,0.22711472526820403,0.33135633000464104,0.3483904134585194,0.369715622127191,0.46733848620191715,0.33272091620375227,0.30256778998026695,0.31847131889354374,0.2982366335706017,0.3258571077703124,0.37779495551439735,0.34642428805912795,0.3206502823071181,0.41908909822704593,0.37262547597258056,1.0511744732447666e-09,0.33299866443512555,1.7234449609494282e-09,0.37603216967383857,1.6952426322128382e-09,0.41852705416455405,1.5191762282627026e-09,0.3646972861414681,1.672538634126691e-09,0.3176443530920096,1.2862869967652064e-09,0.3083539762320727
P005,S1_7,Sucrose,7,2,0.06317616641327498,0.34343041592006224,0.08042780517552209,0.25720880677811936,0.0907691832378058,0.09368213963192593,0.0628828459112299,0.06023470631725924,0.10842579537675325,0.06987589576422547,0.07539009061819324,0.16259817772253385,0.0730205284602886,0.05174654564194141,0.10851675077430123,0.08038679741113022,3.3191622934772066e-10,0.1637052437712843,2.815015458544964e-10,0.07730459924299043,3.344047030736742e-10,0.09222566143486587,3.5784673798750066e-10,0.07841765557191537,2.1895210508787054e-10,0.06155877611424457,4.882817599586901e-10,0.08915084557048936,0.0729683222901919,0.11774375220784666,0.07880003572327597,0.09101916736566416,0.07534836852089195,0.12990135541835723,0.07997092480363639,0.08433035242692494,0.0756062946311048,0.0852818170018182,0.08527679115331548,0.09737044678474499,0.08861269396268442,0.07164543577210093,0.08147220106438173,0.10237811106621762,2.662927110436537e-10,0.09052975258750655,2.8571067794795574e-10,0.09137696341850864,2.917456730750626e-10,0.10262486196962459,3.283141320961866e-10,0.08602711046634619,2.806890653121236e-10,0.08215063861528066,3.4928365691918946e-10,0.0804440558164615,0.08549694036916296,0.0528166615199102,0.08564665561167474,0.07368464184840721,0.12498857070303719,0.10398156825162282,0.10520140588996219,0.10167775513146705,0.1124009494333567,0.11196965902946283,0.09380109645860939,0.10740804730198505,0.09762534821835629,0.08924807339874362,0.08149340105907504,0.09831227615002025,2.73808823782422e-10,0.0831423405182916,3.8222101272836256e-10,0.10396089014293998,4.536813862160218e-10,0.11448506947733,3.433578188815679e-10,0.0916697747065488,3.665638855378595e-10,0.10343958051071461,5.156999274344442e-10,0.11218530423140977,0.4497178179768031,0.28129233857680247,0.43417447283446153,0.30673645532558214,0.3976066437515167,0.38982689526718944,0.40246925525901883,0.408082932179976,0.3577827540518998,0.39114607150393954,0.42823977577293837,0.35791127511120774,0.42345912901478644,0.43055099172100036,0.39169700953535064,0.38467137824562464,1.3103106521911988e-09,0.37634535593296586,1.4091607249793481e-09,0.41036091493862326,1.4592552628892122e-09,0.3937167695093531,1.5712825774941013e-09,0.40759462712919053,1.4078941786424409e-09,0.4052760937194974,1.649883262657365e-09,0.37446441277791964,0.3286407529505671,0.2047168317753786,0.3209510306550659,0.2713509286822269,0.31128723378674855,0.28260804143090473,0.34947556813615277,0.34567425394437323,0.3457842065068857,0.3417265567005538,0.31729224599694367,0.2747120530795283,0.31728230034388416,0.35680895346621344,0.33682063756689146,0.33425143712700744,9.723240286195224e-10,0.28627730718995176,1.0816875472935608e-09,0.3169966322569377,1.1363224861713676e-09,0.29694763760882664,1.280807343947224e-09,0.3362908321259991,1.2200021622071011e-09,0.347574911040263,1.585813986693641e-09,0.34375538160371977
P005,S1_12,Sucrose,12,2,0.06445575043764788,0.1600476427270273,0.061245558365587933,0.0794411802198515,0.06708083072322986,0.05922908983642722,0.07009926962274707,0.06392989715801804,0.05940864504588249,0.05625917670589483,0.06216960919827826,0.060124642689925754,0.08580810879539917,0.06776250050105456,0.05983601257666282,0.059636222615384656,1.9829761601400254e-10,0.08124739727305309,2.7818532431819763e-10,0.0699701324640277,2.5842187103922193e-10,0.06315496027982853,2.741724526775953e-10,0.0682607111221253,2.5780635606403366e-10,0.06701458339038255,2.655355300093617e-10,0.057833910875888656,0.07448197356567918,0.05571665583030087,0.06082419755741636,0.0795402968292067,0.09370545644701055,0.07283074277579693,0.08198737960810516,0.08191879442504263,0.07131511518453797,0.08487409103473856,0.10181889506862991,0.061166257554748305,0.08386555752789823,0.0859286985294643,0.1039686799723626,0.07793580306412151,2.412991628319096e-10,0.07225804606766355,3.2766371210926524e-10,0.0840826138200425,3.58278718496588e-10,0.08326809961140375,3.6282298456888334e-10,0.08792468477346166,3.0359909967032597e-10,0.08195308701657389,3.232645345562121e-10,0.07809460310963826,0.0833100788266676,0.1075986936188643,0.08213495727007401,0.11697361328421899,0.11027103258637949,0.11785521893845068,0.11537044453617191,0.10684907399624724,0.13458321892462347,0.10454845371644801,0.1147993468666673,0.1592785688296187,0.11121916082551087,0.10778811430598456,0.09286474604785432,0.10293607981240549,2.9752030408016946e-10,0.11068254311601848,4.112605432034346e-10,0.1117833816640814,4.304166858044446e-10,0.11406312576241509,3.9166777074882003e-10,0.10370202524793881,4.2477471231598015e-10,0.11110975926620958,5.955811843509723e-10,0.11956583632053575,0.49241532482252864,0.3645365075444072,0.4425114409132747,0.38734319368030146,0.40305585327431465,0.4113555164844511,0.4021843375429104,0.43620669026913916,0.39569941784520873,0.41777200080153004,0.3583489523096776,0.41260943883479984,0.3830682304295569,0.42341422964718667,0.39242250903323295,0.45130134251339793,1.196757896373384e-09,0.4096274763508316,1.4669521037335682e-09,0.40522345745887733,1.5679161540617576e-09,0.4072056848793829,1.5116740208660533e-09,0.4125515779058436,1.499246121410008e-09,0.4191955139060248,1.7798362441999458e-09,0.4067357093233694,0.2853368723474764,0.3121005002794005,0.353283845893647,0.33670171598642107,0.3258868269690659,0.3387294319648738,0.33035856869006547,0.3110955441515531,0.3389936029997475,0.3365462777413889,0.36286319655674715,0.3068210920909076,0.33603894242163473,0.31510645701630974,0.3509080523698874,0.3081905519946905,9.724567796782566e-10,0.3261845371924333,1.2254879153826879e-09,0.3289404145929711,1.2694016239739131e-09,0.33230812946696986,1.3197691494290469e-09,0.32756100095063057,1.2178141290544028e-09,0.3207270564208093,1.5192198499762454e-09,0.3377699403705682
P005,S1_5,Sucrose,5,2,0.050338108466953704,0.11883228810509158,0.07730882860693902,0.08590044816848845,0.07522693205539599,0.0841724359842716,0.05494131059631329,0.05802524154903359,0.10900833079755558,0.05201048079812135,0.07495554679006664,0.0572815656456516,0.06336895291035914,0.057904281925365106,0.08182867686532325,0.06842352731421861,2.6558643704951083e-10,0.07743613096386517,2.746257843715823e-10,0.07016815071884797,2.989545986936146e-10,0.0796996840198338,2.888956616391976e-10,0.06788135975381653,2.166741171212007e-10,0.056483276072673436,3.7495889948551044e-10,0.08050940579783847,0.06832482702680948,0.06373595604353417,0.05873747432258529,0.07213980574356137,0.08044231328872298,0.0640669876635983,0.097363570408896,0.05236578933241151,0.09090278945407784,0.07211773139649663,0.06546078586144775,0.06704398762527983,0.09648038308022742,0.06552557823655952,0.07968334076973992,0.08195936948992899,2.3141697353815677e-10,0.06590713943720299,3.2811059993813697e-10,0.07662881556727706,2.9683236022283125e-10,0.07225465047616064,3.4501157676362715e-10,0.08091216789411397,3.3697908009335193e-10,0.07486467987065376,3.3906207772831743e-10,0.08151026042528724,0.09097414820080368,0.04160219850686784,0.09744412081901824,0.09651187340848859,0.11813682769769375,0.07281207652991822,0.09453928725062917,0.09033144665642028,0.09484062214965965,0.08717616727636021,0.13905470449522245,0.06890159220176283,0.09312614358583342,0.08078791192456553,0.09513928196391823,0.09752822024743156,3.394553655406474e-10,0.0890814396053606,3.904452208664732e-10,0.09121573993450273,4.1718563142419616e-10,0.09547445211380598,3.7910997760073095e-10,0.0916453894304372,3.639771119076413e-10,0.09243536695352472,3.6470263761004046e-10,0.09100839471300992,0.4045348833564956,0.40267246118811606,0.4688450215772042,0.4247966374962926,0.4216979779423198,0.4497560289773799,0.43292617311039927,0.5275746369798998,0.407281134030346,0.5412619721796419,0.3948269050720032,0.4808246549097129,0.4034824831604572,0.5593770451940371,0.42360104591884057,0.4168457802085254,1.4781217154783688e-09,0.42941676059997075,1.7164163420001595e-09,0.4585783838185485,1.6563889812178488e-09,0.4357270034598498,1.7598458092180331e-09,0.4508265886204651,1.7728637368756002e-09,0.48025040504514954,1.7193362927932233e-09,0.4742715531049939,0.3858280329489372,0.3731570961563904,0.2976645546742534,0.3206512351831689,0.3044959490158674,0.32919247084483183,0.320229658633762,0.2717028854822354,0.29796712356836086,0.24743364834938034,0.3257020577812601,0.32594819961759325,0.3435420372631223,0.2364051827194728,0.31974765448217796,0.3352431027398958,1.2112322224307177e-09,0.3381585293936005,1.2412936607296053e-09,0.3034089099608236,1.1999384017839504e-09,0.3168442099303496,1.307130762579607e-09,0.30873449430116723,1.2009671910854145e-09,0.29596627205799875,1.1215330982849437e-09,0.2727003859588706
P005,H2O,Water,0,2,0.06445412685494364,0.13509916891790275,0.05782817396617082,0.10856975672641202,0.05757272707401494,0.0672364605752574,0.07163776333074051,0.0776130112883337,0.058466969635532134,0.06628426971348551,0.0622666653993634,0.0788424807724083,0.08468618680646703,0.07848518899397743,0.0770447869213501,0.0677274986661122,2.9319601989887736e-10,0.08451006210620016,2.9101536495036216e-10,0.0719951408624292,2.2242636347176677e-10,0.062404593824636166,3.2540279555820585e-10,0.07698591534697669,3.049523743380578e-10,0.0746253873095371,2.5138806973546473e-10,0.062375619674508824,0.07383475818168697,0.07239961228022955,0.0817342025895517,0.09178256194989669,0.09243767256496864,0.058254356494117296,0.07881967068929063,0.07866919429694727,0.06601433311978212,0.07791940529763677,0.08744393077844796,0.07363056420538569,0.09456563130358922,0.07509536861425722,0.06108033506172047,0.06440880954738483,2.9615100338435655e-10,0.0801376049975331,3.481700286637627e-10,0.0800882572442331,3.0821793187299114e-10,0.07534601452954297,3.1393501396594196e-10,0.07378753613173794,3.2824840735068316e-10,0.07874443249311895,2.8712338339957604e-10,0.07196686920870946,0.09116623556319152,0.07339592122994454,0.087171930043407,0.09769219080914254,0.10695492731776139,0.06746374762352599,0.13385952082258146,0.11171476002123433,0.11771061713491474,0.10895953789386317,0.15121792112827614,0.07541052632639032,0.10768865478893383,0.10228524504758124,0.06920535906302068,0.08781158684900489,3.9043256390558263e-10,0.0960091208500587,4.083102719657456e-10,0.0960981436944506,3.5668291389203237e-10,0.08720933747064369,3.719402611669011e-10,0.09174771143713517,5.337798260900938e-10,0.12278714042190789,4.799908801722503e-10,0.11333507751438895,0.3769698162189874,0.3634472119861429,0.4617216665043816,0.364125655779152,0.4134048310542755,0.4151910759758343,0.4097178328221031,0.4293182740346382,0.42394071808933487,0.4777976695009724,0.3752999189922907,0.44990060912817703,0.3528969048918555,0.480739632601055,0.3689798899804389,0.4072376895334371,1.4442272689190097e-09,0.39857747976818864,1.596845174994261e-09,0.4155581111307551,1.5306221448874503e-09,0.41429795351505494,1.5632066654231177e-09,0.4024635292516966,1.7283447362957436e-09,0.4195180534283707,1.8197862586715137e-09,0.45086919379515367,0.39357506318119045,0.3556580855857802,0.31154402689648936,0.33782983473539685,0.32962984198897916,0.3918543593312649,0.30596521233528484,0.30268476035884656,0.33386736202043615,0.2690391175940428,0.32377156370162125,0.3222158195676384,0.36016262220915435,0.26339456474312906,0.4236896289734698,0.37281441540406085,1.2731357428073018e-09,0.3407657322780195,1.3671323372511668e-09,0.33626034706813185,1.2802764742965207e-09,0.360742100660122,1.5278408485714866e-09,0.3550153078324535,1.2712897188130234e-09,0.30432498634706573,1.318738937299006e-09,0.3014532398072395
P005,S2_12,Sucralose,12,2,0.0872369719912711,0.3026174142674192,0.04903913987468061,0.09502014403064116,0.08618620257985567,0.07194665222084898,0.055839936774082354,0.07436276018940675,0.0735820162008759,0.07426702869390714,0.07593646279479536,0.05906134114491178,0.061446415575472105,0.09210222622382877,0.07216750029057904,0.06913113520236794,3.9524139054251484e-10,0.11148524568395322,3.296556202565103e-10,0.07792037415000139,3.534408259981885e-10,0.07906642740035233,3.0530672670176136e-10,0.07371181932306198,2.829047720899612e-10,0.06510134848174455,3.110477507345267e-10,0.07392452244739152,0.07879328864890073,0.0856608521626999,0.07964204372757257,0.07299144707297985,0.06927526320815734,0.0663132488943955,0.08113636687881617,0.10541107152524068,0.0822067668327168,0.10436935879667128,0.08847674011398098,0.05905848860169529,0.09664768992732249,0.08928057477600773,0.06184672265497985,0.08632271288782055,2.7313945687301417e-10,0.07743714338797154,3.5510973176771983e-10,0.08037919420147077,2.9346479962754406e-10,0.06779425605127642,3.492476517412742e-10,0.08352442506153265,4.07915569238039e-10,0.09327371920202843,3.714978423855866e-10,0.09328806281469404,0.07121699434679511,0.05832022955824835,0.09533668276785637,0.08157157116630602,0.13329024510673365,0.06839366836446914,0.11360606486661462,0.07187034117240194,0.11709942669805472,0.07243773025806892,0.10696996455252351,0.06855633544308412,0.12347588190939615,0.06649098317145907,0.1212511718633897,0.10118164435797351,2.8491900141179354e-10,0.08032862963913558,4.883038829236814e-10,0.0979126946380145,4.992348023660517e-10,0.1008419567356014,4.890034254126686e-10,0.10309992032555461,4.807845912045474e-10,0.09273820301950828,4.4370721068861017e-10,0.09476857847806182,0.41814732142125777,0.2885705696467489,0.42470353009722595,0.47854731271694684,0.3475075483865569,0.46401699226035276,0.4371591948181634,0.4720569558359274,0.36158714735276026,0.47592960416015073,0.35978431198930977,0.5242438435323146,0.3693947657223185,0.4479098115636464,0.3999116810444392,0.47874427651210055,1.32863699583559e-09,0.41566614823396725,1.6668096228706632e-09,0.4072072794832186,1.6172730491337052e-09,0.4057622703234548,1.738880469893693e-09,0.42399013371062616,2.083387949049264e-09,0.4546080753270454,1.6529404494630045e-09,0.41875837575645547,0.3446054235917751,0.2648309343648836,0.3512786035326644,0.27186952501312633,0.3637407407186967,0.3293294382599335,0.3122584366623234,0.2762988712770232,0.3655246429155922,0.27299627809120125,0.36883252054939053,0.28907999127799433,0.34903524686549076,0.30421640426505825,0.34482292414661214,0.26462023103973786,1.103799910103174e-09,0.31508283305497237,1.5020190516055109e-09,0.3365804575272948,1.5200451188399093e-09,0.3465350894893151,1.44507763057404e-09,0.31567370157922475,1.415478289736002e-09,0.2942786539696733,1.4375937913131835e-09,0.31926046050339674
P005,S2_5,Sucralose,5,2,0.07550585921379012,0.3233888246655607,0.08428985942045057,0.18362328342903367,0.09053295581280099,0.07682357111331668,0.08052515514159933,0.10819697677005796,0.11501418618598953,0.11648690984184629,0.06523413018080272,0.12265474371417193,0.06908655288684531,0.15864794306155358,0.11277957393504597,0.08120440178388744,4.439212005839284e-10,0.14244945010396828,3.717387627151224e-10,0.09877275571862913,3.3492199688693744e-10,0.08367826346305884,4.1777718458280753e-10,0.10542961791683307,3.9858730842330263e-10,0.09436106595582865,4.658411232758468e-10,0.1157505480139179,0.049524419523218656,0.08594272260406109,0.08400066130258513,0.07186407298142976,0.11108340028676998,0.05399800484733093,0.08213789996219889,0.05480049476808515,0.07180633986162255,0.05833284153377005,0.10366998977116224,0.06869500957437372,0.09497413846810376,0.042185403583547054,0.06538880510850624,0.06515379167971756,2.914791725896896e-10,0.07728281262613844,3.6312038738683663e-10,0.07556023679643793,3.685401352033699e-10,0.08254070256705046,3.096762022882728e-10,0.06692553470996866,3.366134206935694e-10,0.06846919736514202,2.748182219187342e-10,0.0650695906976963,0.09874203380159496,0.05513415770714282,0.09401645574014707,0.07923237818882373,0.12709988909238634,0.07884203071429549,0.1021227479521797,0.06881270753976722,0.12924985620767385,0.06687463330288751,0.11553614655960785,0.06912268199851933,0.1498410005764809,0.07045844433663338,0.09080070677826517,0.0794088625455329,3.2910491616045195e-10,0.08529730899930595,5.042569777206485e-10,0.10656034117994903,4.3964417029443846e-10,0.10297095990334092,4.617924976298469e-10,0.09762725355922808,4.193689443480915e-10,0.08546772774597346,4.5223805425216364e-10,0.09806224475528068,0.39875913933721335,0.296699954587856,0.3973944027958974,0.3841429612205481,0.3893238722668767,0.45942949770164543,0.41407105367335845,0.45731580238281483,0.3569749000686818,0.4747786795923166,0.4299488491403329,0.41401116447573305,0.3853947098198157,0.44791432621910426,0.3970956617912265,0.46444147173483324,1.4053906263124278e-09,0.3868260785929301,1.6742794253029772e-09,0.4205156015018605,1.5762138557651404e-09,0.42437668498426107,1.7074492114109428e-09,0.4237115423912449,1.9248839896518387e-09,0.43569342802808664,1.5718739941097018e-09,0.41587678983049925,0.3774685481241827,0.2388343404353791,0.3402986207409197,0.28113730418016514,0.28195988254116644,0.33090689562341136,0.3211431432706635,0.31087401853927477,0.32695471767603285,0.2835269357291795,0.2856108843480946,0.3255164002372012,0.30070359824875476,0.2807938827991618,0.3339352523869559,0.309791472256029,1.1007790246337336e-09,0.3081443496776571,1.2214245950250206e-09,0.2985910648031236,1.1396180462182783e-09,0.3064333890822889,1.3107943532263865e-09,0.3063060514227254,1.4377348534157256e-09,0.31600858090496914,1.2712704896823579e-09,0.30524082670260616
P005,S2_7,Sucralose,7,2,0.05421621660470405,0.14728793318983255,0.11214993859031609,0.12723997469279133,0.07897905180055002,0.1049911487813782,0.06748034713802294,0.07459847081097473,0.07699924299385773,0.08851620472346146,0.10215372497587707,0.16822557978043967,0.08902569691008529,0.0656779909364773,0.09567625923729314,0.10703463642646611,3.3321283577780997e-10,0.11854556130566012,3.657018055576194e-10,0.08466847210712271,3.435144334459748e-10,0.09198510029096411,3.847796915233229e-10,0.08935364587758045,3.1638290434212606e-10,0.07103940897449884,3.3418799220932673e-10,0.0827577238586596,0.060158489077024806,0.07176258174701688,0.08955360534556867,0.06911787531111938,0.10231176220067595,0.057485642136112396,0.0876547829780986,0.0456299016700555,0.09072671518951975,0.06774596062759196,0.11078806904024564,0.05624492573199178,0.09565441044461077,0.05123815255447403,0.06438095257017376,0.08355158741764689,2.8158719474437314e-10,0.07627092437549453,3.9422944831346266e-10,0.07667249183396829,3.8973997285708945e-10,0.07989870216839418,3.310999954875462e-10,0.07370627574672636,3.5906115223836677e-10,0.06664234232407705,3.674119411104327e-10,0.07923633790855586,0.09754635240509033,0.06653652628301328,0.08144796316800756,0.08116026932097506,0.11702634527365958,0.05275149929819689,0.09829616909304457,0.07429689965182676,0.11851204347800814,0.08484973794539091,0.09799086808629341,0.06408532591824585,0.07607706324885347,0.07948965926518363,0.09225998038460846,0.07399909773615046,2.856726316815977e-10,0.08146121753027093,3.9496692419102546e-10,0.08133614177147339,4.3664308477477355e-10,0.08488892228592823,3.522354502979991e-10,0.08045645015869901,4.2606723688232713e-10,0.08629653437243567,4.773056905163462e-10,0.10168089071169953,0.4735154472334756,0.4375780167112953,0.3927050037439702,0.39692061229452497,0.39511235529422545,0.46907477104455764,0.3796795261661826,0.5326166332001987,0.43636245570500864,0.5006574636827414,0.3845781315054635,0.37517643398761896,0.36025636589958565,0.5467669462991299,0.42571911467803936,0.41823915893191116,1.3086802229794425e-09,0.41007894091272473,1.7555260425976488e-09,0.4428026096343747,1.678988439710527e-09,0.4320935631693915,1.748423446797294e-09,0.43774539645216654,1.8944282791771694e-09,0.45614807968319065,1.8931755456525605e-09,0.46850995969387504,0.31456349467970496,0.27683494206884196,0.32414348915213775,0.32556126838058924,0.3065704854308891,0.3156969387397546,0.3668891746246514,0.2728580946669446,0.27739954263360567,0.25823063302081434,0.3044892063921202,0.3362677345817036,0.3789864634968648,0.2568272509447353,0.32196369312988476,0.3171755194878255,9.912984088310145e-10,0.3136433558758496,1.4493883610356053e-09,0.3145202846530609,1.2687761980150243e-09,0.3111337120853218,1.444773770957005e-09,0.31873823176482763,1.5857808073750422e-09,0.319873634645798,1.1602152298973277e-09,0.26781508782721
P006,S2_12,Sucralose,12,1,0.1927849815174498,0.29311107258232355,0.11324448926028988,0.2702298209343976,0.10092606285748884,0.2594936521146023,0.11296262001167676,0.22596026684935552,0.09555737874370458,0.23570268750204756,0.10247641136307045,0.28817577517895093,0.08610636492247166,0.166491448237236,0.10895890284455642,0.22711607607732504,3.657342552867214e-10,0.21000375847274702,3.915837689837828e-10,0.1532543820329497,4.3925954730973863e-10,0.18020985748604557,4.091278141491427e-10,0.14716819802039727,5.755573555044649e-10,0.16946144343051614,4.2929085868944407e-10,0.16563003312287608,0.11070958233428316,0.10257481294552721,0.11033019613832891,0.08083385528702715,0.07779472752076928,0.10700221031767812,0.053308111734931725,0.08343209956941514,0.09849638666537698,0.10873453187646771,0.07071411446234711,0.08745688214136407,0.08271408419697676,0.07846872196002562,0.09731121418080674,0.05890909125936593,2.0211416775118163e-10,0.09376990721814626,2.9428262824331537e-10,0.08649493599886243,2.9826090739890744e-10,0.09239846891922371,3.279697424804387e-10,0.07935077789929376,2.599204507709268e-10,0.06837010565217343,3.7948837695902487e-10,0.10361545927092235,0.10913229053575486,0.1336712115509675,0.09383265895977456,0.09791152448690384,0.11146746868500945,0.11570477989534837,0.12699405207681036,0.08461871543993242,0.09393518441888109,0.08654615105035504,0.1408793476632982,0.11499152962065666,0.10026077100296163,0.10664051488596042,0.11418805138781615,0.08743095003235374,2.8145330328338473e-10,0.11506976046955926,3.8430532174721274e-10,0.10851838361731997,4.110550240229808e-10,0.11358612429017892,3.969903153106052e-10,0.10213007182727298,5.616868425189646e-10,0.1058063837583714,3.538627157019394e-10,0.09024066773461806,0.33850129983378047,0.24059392530538387,0.32670855105145524,0.25370546744398814,0.3495948695235708,0.2632716606489102,0.3677407348847085,0.3094586747297708,0.36639452473180767,0.3020239360526097,0.3359344465867006,0.24326015511848387,0.3795567410193211,0.28360119104522663,0.32066567898031667,0.2879156880982272,7.227481014445102e-10,0.2897839742232987,1.2702737666662326e-09,0.3190061155592572,1.2460065578012928e-09,0.30643326508624047,1.268602010951915e-09,0.3179348247857729,1.6589575020601083e-09,0.33859970480723967,1.363554672251786e-09,0.3342092303922087,0.24887184577873173,0.2300489776157976,0.35588410459015174,0.2973193318476833,0.36021687141316183,0.2545276970234614,0.3389944812918725,0.2965302434115263,0.34561652544022986,0.2669926935185194,0.3499956799245842,0.26611565794054437,0.3513620388582687,0.36479812387155125,0.35887615260650413,0.3386281945327283,7.148147496193048e-10,0.29137259961624884,1.2626335041366282e-09,0.33272618279161076,1.2766065534327641e-09,0.30737228421831164,1.3230051280095648e-09,0.3534161274672631,1.5349516665040994e-09,0.3177623623516994,1.2778238154506112e-09,0.30630460947937466
P006,H2O,Water,0,1,0.19923346829550861,0.5057166496212797,0.15212822801512207,0.19431863095446053,0.08551439520492082,0.19760091833608862,0.1166572781083824,0.21585429470324502,0.17649852421288612,0.21563569924099096,0.09305835010059259,0.37376641150017864,0.12365921483094555,0.23299272201516882,0.11925943659038618,0.21147040211400694,4.803859772528834e-10,0.2530369564145237,4.3746090192388865e-10,0.15994181259678097,3.6140550550779194e-10,0.14155765677050472,5.482301148284204e-10,0.17184544388762688,5.229519270493785e-10,0.1662557864058137,8.517525838914063e-10,0.19606711172693853,0.09139498111414915,0.1308933680514781,0.09095945645049176,0.09101676073341267,0.0851874566475976,0.07563276757536316,0.11201121449843625,0.09693161302551666,0.09347381279743806,0.12679948222909215,0.08402515506696465,0.1084883289818772,0.06638928543044144,0.07073286918143219,0.10163971507766927,0.0772176970757563,2.35792366856005e-10,0.09946300839972892,2.929761232571229e-10,0.07448559470870861,3.287016171061157e-10,0.08041011211148039,3.5974887966501325e-10,0.0789948916913248,4.6179589032433037e-10,0.10447141376197645,4.548138948999343e-10,0.1101366475132651,0.11277128212224702,0.04985096890863558,0.08107428172405096,0.07978050856960192,0.11117569293358502,0.08573482187471838,0.1064289870186775,0.10798991142272452,0.0846545982913334,0.08762779817880784,0.13083578864786707,0.09155002552236975,0.0903150729845924,0.07407346370840397,0.08388161982297572,0.07819519716661852,2.727378560901397e-10,0.09097714258246205,3.84035863638487e-10,0.09032476287532494,4.256271251775187e-10,0.0984552574041517,3.6439277483377436e-10,0.08161633842064764,4.445897629386737e-10,0.10720944922070101,4.038582504282314e-10,0.08614119823507062,0.27522459473568067,0.13071618337128818,0.3574946414803773,0.28907738777338055,0.395415881350816,0.3268973452527654,0.3338098608196767,0.2742319505148933,0.3494471223767915,0.2841510117677954,0.36684185477083386,0.21038740452017873,0.37825714076561817,0.28097791893766133,0.367809634156871,0.2704495205680277,7.787946104067558e-10,0.2716236777752899,1.471896068418573e-09,0.3453870715767152,1.5194938989796008e-09,0.3611566133017907,1.54702225484974e-09,0.32437355360704456,1.3708685741971385e-09,0.304020905667285,1.6441597211627076e-09,0.31679906707229344,0.3213756737324145,0.18282283004731892,0.31834339232995756,0.3458067119691443,0.3227065738630806,0.3141341469610641,0.3310926595548271,0.30499223033362105,0.2959259423215508,0.28578600858331354,0.3252388514137422,0.2158078294753954,0.34137928598840284,0.3412230261573335,0.32740959435209765,0.36266718307559126,7.549093646446911e-10,0.28489921482799546,1.283748158814351e-09,0.32986075824247024,1.25232320550366e-09,0.31842036041207233,1.4212170394999354e-09,0.3431697723933563,1.3717698621887802e-09,0.31804244494422407,1.4056911588941318e-09,0.29085597545243214
P006,S2_7,Sucralose,7,1,0.10203715547590078,0.30211227084643494,0.07475351185287052,0.14633188564385466,0.04869324236680321,0.2174088104918056,0.08041992518619778,0.08085899763342214,0.07054145384419569,0.09871204553133814,0.08650504046308176,0.12191774704722408,0.04285206472015344,0.14133524234491407,0.048490098830662666,0.11027444969896884,2.2119371243537523e-10,0.13894293522156112,2.2475196852581703e-10,0.11257233998091908,2.416241673529526e-10,0.13305102642930441,1.9205442490375313e-10,0.08573796389867475,3.714099193210554e-10,0.08063946140980996,2.48097735856223e-10,0.08462674968776691,0.07234935700578088,0.07790910354814448,0.07501050415938257,0.11110691413531547,0.10331098274171877,0.11157552503427755,0.08711358846080745,0.09346737808111132,0.1091193140938623,0.11148674164908517,0.08677979988539977,0.09404614173726104,0.10695350881577231,0.13580956274090586,0.07314565480085265,0.08207989960889392,1.7493813375740164e-10,0.08620030341188069,4.275925709301398e-10,0.11441239483316862,4.130358387873151e-10,0.10744325388799816,3.4152964949402654e-10,0.09949715649160618,4.0422109935752713e-10,0.09029048327095938,3.723862752103428e-10,0.11030302787147374,0.0805502966825279,0.049869744670412886,0.09230248530743008,0.10141996494611276,0.08030799845906485,0.08880971937829335,0.09681452900694094,0.10203512344952448,0.093802577508486,0.08614105362822921,0.11482875400141035,0.09504112046355388,0.08282235759521235,0.07145842764329581,0.11925920049315879,0.08856198336107593,2.0876962421036083e-10,0.08900206101190798,3.2606779920177796e-10,0.0808496257689666,3.216619688118363e-10,0.08455885891867909,3.5493630682683407e-10,0.09052549227318571,4.486408918873974e-10,0.0994248262282327,3.1743508200857087e-10,0.08997181556835761,0.3482832005948166,0.19349464430713958,0.3477145524682502,0.298710315140989,0.36431792918853867,0.28676686858326067,0.33536140069118336,0.32479139617765285,0.3666350359633394,0.3214540384422705,0.35251780920999315,0.266981022478952,0.4063070945999685,0.2794345383321424,0.4089186210686985,0.31773309005172323,7.00349394542182e-10,0.3012835907000234,1.5111143379779155e-09,0.3342066076759776,1.4261455924294153e-09,0.32554239888589964,1.4505683217993032e-09,0.3530983360131332,1.5448243441090804e-09,0.3300763984344181,1.2365093652705723e-09,0.3440445372028049,0.3967799902409742,0.3766142366278679,0.41021894621206595,0.34243092013372806,0.40336984724387465,0.29543907651236273,0.4002905566548702,0.39884710465828915,0.35990161859011655,0.38220612074907706,0.35936859644011493,0.4220139682730089,0.36106497426889345,0.37196222893874203,0.3501864248066273,0.4013505772793384,7.916402034417232e-10,0.3845711096546267,1.5174000927484808e-09,0.3579590317409682,1.572731020171238e-09,0.3494044618781187,1.3089565843692173e-09,0.3711410513234003,1.8475233181282327e-09,0.39956883065657967,1.2322263309792735e-09,0.3710538696695968
P006,S1_5,Sucrose,5,1,0.09730845059476326,0.2676905559076584,0.1439452148960382,0.11757910228132983,0.08691746717693577,0.1403990793023981,0.07782386446960417,0.12403593737436838,0.11135908515391353,0.15278276923197734,0.06625936075302157,0.17776838598310504,0.0801736698080579,0.17064709763636912,0.08232241498063321,0.15770684623389714,2.5184711603543304e-10,0.14509184506931938,3.622696988149243e-10,0.11953432848094023,3.6174921287435436e-10,0.11365827323966693,3.799677616604948e-10,0.12271250716473935,3.6026449990885374e-10,0.10092990092198628,5.135801950840354e-10,0.13207092719294544,0.08893507236408585,0.09875132001760485,0.08344477493092543,0.11670675304574803,0.09768315294661814,0.12581877222541007,0.11246595810681957,0.09635403214161363,0.07570557454947673,0.104348653497478,0.07965429791523902,0.08617959831792173,0.08681994061247067,0.0940669695175391,0.11593167140765871,0.11427048485877626,2.0745546746966072e-10,0.0922786360985875,3.7501789799897345e-10,0.10109720882550949,3.9653528499037027e-10,0.11175096258601411,4.3546364598101115e-10,0.10277226659911119,4.884575521719106e-10,0.1044099951242166,3.493078878136407e-10,0.09002711402347736,0.07881601870940456,0.0850315737570142,0.11208458277832692,0.09798634967699263,0.1147789544333128,0.11854893092001718,0.08065925180109472,0.09180757521454315,0.09366355464044937,0.08077634958221709,0.08510664097510358,0.08885161153074943,0.08859398712727076,0.1048534845029051,0.11400344443865906,0.07356833081283233,2.1549728111694564e-10,0.09131279623793187,4.106617701597033e-10,0.10669383924587646,4.5675365197224593e-10,0.116663942676665,4.2916356384707256e-10,0.0952548117204168,3.591277129794545e-10,0.08623341350781893,4.162066450062279e-10,0.08721995211133324,0.39612451231323786,0.2385534123528024,0.3683233003833449,0.3062404016634741,0.3689822833851125,0.2841426298125069,0.36734764817084575,0.3374544317055501,0.37953637965998266,0.31140250209046,0.3963203520115166,0.29788343011241863,0.3798450714214844,0.29083578658216996,0.32742728618729655,0.26915612500914143,9.119697715476349e-10,0.3339075681394657,1.4660828637578491e-09,0.33095144280031846,1.4379452196155661e-09,0.32656245659880967,1.4673974969833177e-09,0.3168160673000231,1.6042725160696678e-09,0.35240103993819794,1.681265515433888e-09,0.34546944087522136,0.3388159460185084,0.3099731379649199,0.2922021270113646,0.3614873933324555,0.33163814205802056,0.3310905877396677,0.3617032774516361,0.3503480235639247,0.3397354059961776,0.3506897255978678,0.3726593483451188,0.349316974055805,0.3645673310307161,0.33959666176101666,0.36031518298575244,0.38529821308535217,8.525809450216897e-10,0.3374091544546954,1.3882474359244183e-09,0.34172318064735524,1.3161416129633608e-09,0.33136436489884413,1.5401084499691363e-09,0.36244434721570934,1.5866392489878833e-09,0.3560256505077804,1.5287159459689378e-09,0.3452125657970227
P006,S2_5,Sucralose,5,1,0.11763325098999988,0.17046771219564613,0.11687373683590091,0.13759548266189933,0.07412720521457453,0.12424985305988587,0.06354701042598479,0.1945184527509942,0.0647355748554813,0.1576826230095315,0.1407310058842602,0.1381600643516251,0.08433845762598893,0.17840499531915388,0.08462134514691905,0.13156810630629961,3.1401894055899025e-10,0.1369102088198886,3.2383469124641013e-10,0.1152801278049008,2.8147675506922464e-10,0.0991885291372302,3.230911972854135e-10,0.11973322609959036,3.377663241384894e-10,0.1290327315884895,2.6068968694511144e-10,0.11120909893250641,0.07724704299942829,0.11557344330753011,0.07376445397528693,0.10913998287015217,0.09472804844597653,0.09507544685009026,0.10380767313809325,0.10444966644245647,0.09208969979052246,0.10084758272630676,0.11032104989503644,0.14042611931601776,0.08183725685718299,0.11251834839358954,0.08856541922077743,0.10618015398633357,2.3706324156428055e-10,0.10441201539390861,3.371564469889618e-10,0.09603977513670983,3.406551878681125e-10,0.09490174764803339,3.0793195631813584e-10,0.09727529461447089,4.734601190464701e-10,0.10412866979027485,3.3122720890656627e-10,0.09646864125841462,0.08314772085237475,0.07823974000893898,0.10242569737516956,0.08682058805146495,0.09958508161380218,0.08436900123157774,0.10884171496495436,0.08985398247078659,0.09820484885488652,0.09025720448672307,0.11478655648583393,0.09012920717604841,0.10571034241069431,0.09564402825059516,0.1083100808860844,0.07332774198328426,2.4247964250419684e-10,0.09259158499163843,3.8333841405922176e-10,0.09632711337666736,3.5346305082966725e-10,0.09197704142268996,3.694536833531823e-10,0.09574804838266454,4.8920298749663e-10,0.09934784871787047,3.4767500301526383e-10,0.0942310266708048,0.3652926822991727,0.2805804243291219,0.3388043347697674,0.30986752287108194,0.37179763506743907,0.36050949201837296,0.37377843540881267,0.2725064007904202,0.3873563452770466,0.29488386756839907,0.322217231219061,0.3052278576050968,0.3858662094353806,0.28680696915107257,0.40186600633354663,0.29386266181401716,7.662078072769676e-10,0.32033167551555025,1.4096426165409282e-09,0.3512450764180663,1.3332530556257478e-09,0.366153563542906,1.350976292590869e-09,0.3421004616835043,1.6667560993756827e-09,0.3231424180996164,1.3517455895818412e-09,0.34112010642272284,0.35667930285902405,0.35513868015876304,0.36813177704387523,0.35657642354540175,0.3597620296582078,0.3357962068400733,0.35002516606215495,0.33867149754534237,0.3576135312220629,0.3563287222090396,0.3119441565158086,0.3260567515512118,0.3422477336707532,0.3266256588855886,0.3166371484126726,0.39506133591006515,7.72188064912545e-10,0.345754515279014,1.3150421307715674e-09,0.3411079072636557,1.2861940069688957e-09,0.34777911824914054,1.1790686544087797e-09,0.3451429692197699,1.591479961594241e-09,0.3443483318037487,1.2749350412532932e-09,0.35697112671555126
P006,S1_7,Sucrose,7,1,0.16477270186302684,0.22223976012411933,0.11012706450217345,0.1756066821912043,0.09081808251046174,0.13025824593588095,0.08500471317612854,0.16144978455727071,0.10067161044304926,0.15848157231076646,0.11280400858138138,0.22038729060351778,0.08125520506332147,0.1367345402674601,0.10591539466867768,0.11232040504443151,3.332917642288787e-10,0.16765625131090386,3.6214413768867636e-10,0.10976651844428106,4.003258182662645e-10,0.11053816422317134,3.95956267267859e-10,0.10905638626097269,4.0346670613042095e-10,0.12322724886669963,4.5757891106264175e-10,0.12957659137690786,0.0840159850810327,0.1792358484482244,0.09422171230419678,0.11066340334740128,0.11938139149805714,0.1276582042335548,0.0963323707086292,0.08895893967409782,0.071613435171455,0.09221089312524976,0.11219977119931272,0.14040979716083757,0.09412066241897461,0.08801067491264412,0.10266865537325717,0.11093870052028804,2.683824018934775e-10,0.12012441959016756,4.3411110771216964e-10,0.10729273326580768,5.155862692160137e-10,0.12351979786580597,4.0340842913589207e-10,0.09893467330629098,4.261067659636601e-10,0.0926456551913635,3.195948226313906e-10,0.08191216414835238,0.11042216311038183,0.07838304239694402,0.09804197560878361,0.0828614051887042,0.08654283357970947,0.0861838189830062,0.09348663726224477,0.08516097330960333,0.10950742020118177,0.08602804406023161,0.1113405493011445,0.08045509776419481,0.07590357872522589,0.08856216595798691,0.08692294963480991,0.08823637850941068,2.5778398566003727e-10,0.09358403889502549,3.311222897950749e-10,0.08429809931148212,3.7220862218279414e-10,0.08636332628135784,3.364869491231519e-10,0.08490626820685834,4.13131831485526e-10,0.08932380528592404,4.72886111402885e-10,0.09776773213070669,0.3159204078798261,0.23272711325595813,0.35253276913835146,0.28566881006509903,0.35489326756643946,0.3363400036750621,0.3758804339402681,0.3216843246009641,0.3869215633783136,0.31686479384540867,0.32164528084860083,0.2772409813439473,0.3867441363716343,0.30903521630738584,0.39196023096257315,0.3382685036518036,7.771675767432412e-10,0.29762256042196383,1.4771267733532706e-09,0.3467531559801304,1.5221722614707605e-09,0.3456166356207508,1.5711081110395996e-09,0.3565020218233492,1.6542125843622794e-09,0.34878237927061606,1.6745573368052647e-09,0.35189317861186115,0.3248687420657327,0.287414235774754,0.3450764784464948,0.3451996992075914,0.3483644248453326,0.3195597271724963,0.34929584491272914,0.342745977858064,0.3312859708060004,0.34641469665834346,0.34201039006956074,0.28150683312750274,0.36197641742084363,0.3776574025545223,0.31253276936068175,0.35023601227406576,8.179976838840442e-10,0.3210127297819394,1.4301843988628863e-09,0.35188949299829875,1.4915808892637054e-09,0.3339620760089145,1.3774266629372113e-09,0.35060065040252836,1.5517231413629253e-09,0.3460209113853966,1.4553880890800063e-09,0.33885033373217194
P006,S1_12,Sucrose,12,1,0.11656062125153502,0.14428432639718008,0.07119094098650625,0.1081779005968756,0.061546639098644405,0.18627706351877438,0.06998915856193147,0.1009461396463326,0.09264634533351145,0.11930530343149098,0.06376640227089364,0.11399394127344169,0.04242880903798566,0.12478992225061426,0.07824117935706404,0.08175165784873249,1.8242834856252228e-10,0.10299568879607206,2.2890160010506608e-10,0.10376060847650467,2.614047499024096e-10,0.1239118513087094,2.1418866437293127e-10,0.08180289212359912,3.153744954613837e-10,0.08546764910413204,3.041599278372883e-10,0.10597582438250122,0.0960353521522267,0.127502119892786,0.0750197134403909,0.09123624881611775,0.10291316099409732,0.09684352309628552,0.08565262857057009,0.10205534455151524,0.08430552057311472,0.09555435570232491,0.09760250420769452,0.10628196095749404,0.09059496183999134,0.10269361023382406,0.06432442638096535,0.09119887012769079,2.0299825007249678e-10,0.09894631657778498,3.522333135758947e-10,0.09826131404104956,3.512455093661303e-10,0.09987834204519142,2.7709997617655694e-10,0.08720296714561789,3.7809410125174435e-10,0.09385398656104266,2.7214025440644554e-10,0.08992993813771982,0.13257003882920051,0.08225050470987368,0.1143675596883626,0.08787929159369895,0.13186618636085287,0.1143222409203965,0.09467718208147782,0.08512567288955869,0.10012697176995865,0.08107803193621246,0.11244925302568752,0.06983598283340547,0.11745814684317879,0.09495927254419344,0.12130734997507481,0.06770270707027527,2.319407115947621e-10,0.09989210511337147,4.443468635509783e-10,0.11465146166715541,4.4615629897629885e-10,0.12309421364062469,3.884720540891412e-10,0.10035686910818058,4.078015086771683e-10,0.08990142748551826,3.116623123620203e-10,0.09060250185308555,0.32205847626773776,0.3077170012573643,0.40751309874173997,0.3336480303779357,0.3682231971944664,0.28783325209624655,0.38227935098437815,0.33904963851115305,0.3426266155761762,0.3106042068460434,0.4274066450330419,0.2962821896253789,0.3861292451433907,0.29445157735956,0.36565110727767175,0.30053159048043626,8.059126859213931e-10,0.3491042402171997,1.3404600986972255e-09,0.3341593179484159,1.2332869066233187e-09,0.32802822464535647,1.248441959072186e-09,0.33669088006526465,1.6448792907800387e-09,0.36066449474776563,1.078302132472898e-09,0.3266154112111098,0.3327755114992998,0.33824604774279615,0.3319086871430005,0.3790585286153722,0.33545081635193935,0.31472392036829744,0.3674016798016422,0.3728232044014404,0.3802945467472392,0.3934581020839277,0.2987751954626824,0.41360592531027973,0.36338883713545356,0.38310561761180806,0.37047593700922404,0.45881517447286513,6.889684432415921e-10,0.3490616492955718,1.2748543710649157e-09,0.3491672978668746,1.144526019845675e-09,0.3250873683601184,1.2671471656085653e-09,0.3939463915573377,1.598049960782695e-09,0.37011244210154126,1.2142074669023978e-09,0.38687632441558345
P006,S1_12,Sucrose,12,2,0.08745888132314353,0.19440439748332575,0.08504127946026416,0.14782664576067123,0.06960988047615482,0.13709625805548054,0.06736103679969209,0.1590506097104325,0.09739564320767069,0.26095517002780305,0.08040641208314095,0.14548517328291702,0.09730164352254658,0.16901853529221192,0.0640514243795268,0.13031792286138083,1.9119802504732242e-10,0.12343713156557708,3.2941115863556935e-10,0.11825657933659847,2.864457762745288e-10,0.10335306926581768,3.335659326112514e-10,0.11517238151391652,2.745019530461346e-10,0.11320582325506229,4.168989615747277e-10,0.17917540661773687,0.08658707324867533,0.10718831416594198,0.10607914983585262,0.1145962017787399,0.10161089024301945,0.09483906863667645,0.12210052956513995,0.11145532642621786,0.13240622411502417,0.10051453174162889,0.10532578594856058,0.1042271429203337,0.10734399263853951,0.12333624412301623,0.1170480981428116,0.12210041094878593,2.1263843525588427e-10,0.1040006113163507,3.934780583855583e-10,0.10678254891031291,3.919802798450193e-10,0.09822497943984795,4.529663353534961e-10,0.11745718646328832,4.498903789458134e-10,0.1167779279956789,4.95850771262439e-10,0.11646037792832653,0.10746730225376615,0.06524414621893153,0.08598852753860646,0.08365378701431321,0.10211397890506149,0.08514425445934398,0.12981598090964913,0.10033907427602055,0.13948881169405228,0.07598227123313513,0.1333949978841796,0.07585749103831049,0.10167510538214207,0.0881603715400176,0.10789243467239035,0.09383892603394163,2.3951529923830776e-10,0.09193437532468457,3.791621941965416e-10,0.0942734275716413,3.913963998817308e-10,0.09362911668220274,4.167268880222516e-10,0.09789170940712291,4.734227262526394e-10,0.11507752759283485,5.140328088591647e-10,0.10773554146359371,0.4071779744393151,0.3030975234748082,0.3892510252623778,0.32702456119456963,0.3823607736753293,0.349211486397015,0.40044243992559647,0.3569752456800977,0.3512695150345504,0.30372204374721445,0.3684092441086045,0.31634486077277446,0.3671957100443215,0.33530369832234536,0.41160980567498395,0.31151431601063295,7.679220628519593e-10,0.35188419820874156,1.4012513014275308e-09,0.3585179171097528,1.473113585941269e-09,0.3657861300361721,1.5490488984099798e-09,0.3564058825130709,1.4731596132350532e-09,0.3787088428028471,1.3258125740156307e-09,0.3274957793908824,0.3113087687350998,0.330065618656992,0.3336400179028987,0.32689880425170614,0.3443044767004346,0.3337089324514842,0.280280012799922,0.27217974390723176,0.2794398059487027,0.2588259832502181,0.31246355997551456,0.3580853319856649,0.32648354841245014,0.2841811507224085,0.29939823713028796,0.3422284241452588,6.590645632966361e-10,0.32874368358464606,1.2548873556260437e-09,0.3221695270716944,1.331277267192691e-09,0.3390067045759594,1.246305985999103e-09,0.3130728401026014,1.0371212201198739e-09,0.2762298783535769,1.0595025826334832e-09,0.26913289459946044
P006,H2O,Water,0,2,0.17334012011999084,0.20979178544532912,0.1395608721288409,0.16166233136198452,0.0901388061473628,0.14844415904671673,0.11544550135989141,0.15988918788758938,0.10440386168445712,0.18130669940886904,0.1250510705476485,0.1722957263600521,0.0989177753267426,0.19616962306468758,0.10493466845001116,0.14587380169766076,2.922079230296428e-10,0.16361698432730767,3.817117661397745e-10,0.13341759089637742,3.6073262831853215e-10,0.11929148259703977,4.298006747590535e-10,0.13647396713477553,4.997734767206249e-10,0.1376673446237404,4.0682717565055337e-10,0.14285528054666308,0.11484973969629339,0.08436462081855255,0.08173934210771247,0.08161090578793832,0.0946360450286864,0.08776573114688081,0.10796349594800353,0.09622501030540094,0.08060050354068317,0.09719566593372629,0.08634478759407564,0.07231415631385485,0.08448630394283269,0.08747599655132611,0.08552715277723251,0.09761296513511199,1.861234376035429e-10,0.0868705920530712,3.438968532657098e-10,0.08859101916743149,3.629741787180641e-10,0.09120088808778361,3.4632776016601684e-10,0.08877560460162581,4.5430696676564104e-10,0.10209425312670223,3.0362455323139433e-10,0.08889808473720473,0.09369721421576395,0.07392661526044511,0.07797981966520298,0.07436464284117558,0.13253784404270205,0.07859957988103669,0.11643166687653161,0.08439546267784673,0.09823608324387785,0.07505516617098586,0.08551833617196389,0.06778430952276208,0.10383579367870854,0.07565346968623683,0.10007448718027932,0.06980990043386054,1.7503467306412854e-10,0.0788784896128856,4.4484695166280987e-10,0.09765667182217103,4.980898130852074e-10,0.10556871196186937,4.062353445328817e-10,0.08734341274477131,4.851870953557348e-10,0.10041356477718917,3.5945490419505976e-10,0.08664562470743185,0.29874140184342757,0.3041446038208286,0.33933690106733183,0.3394941392674985,0.3608611404846179,0.3407781232424703,0.3417674737015161,0.35049098246160465,0.34724663779773235,0.3272974231850945,0.37167210032553916,0.32471069278922254,0.3944840588503657,0.337003902178296,0.36731699569925713,0.3523246492850463,7.248983344499861e-10,0.3296833065189747,1.4425395045332625e-09,0.35828180618893746,1.3854888862602872e-09,0.35081963186354415,1.532493254895917e-09,0.3627824015032413,1.449402860792943e-09,0.3461292280815604,1.2857505985237593e-09,0.3372720304914134,0.3193715241245242,0.3277723746548443,0.36138306503091217,0.34286798074140296,0.3218261642966303,0.3444124066828956,0.3183918621140576,0.30899935666755823,0.3695129137332493,0.3191450453013242,0.33141370536077297,0.36289511501410804,0.3182760682013506,0.30369700851945364,0.34214669589321967,0.33437868344832017,6.92947007888943e-10,0.3409506274877608,1.2312381732375865e-09,0.3220529119250825,1.2449899894981715e-09,0.33311928548976294,1.3384724827017906e-09,0.324624614015586,1.3459712098342846e-09,0.31369560939080793,1.361077835049608e-09,0.34432897951728675
P006,S1_7,Sucrose,7,2,0.07082971207418336,0.21164740220738204,0.10150229424079567,0.1349236831745917,0.07198287845717204,0.11254456309712149,0.07417741265017265,0.12995023791898141,0.09845276185592666,0.13628913622352432,0.06166047065574023,0.17070627520843695,0.06448755966483076,0.12737556153427254,0.08302577819818498,0.11605347988438493,1.6387743209857467e-10,0.12521163959352166,2.6799110037650766e-10,0.09409764068834922,2.87581759186772e-10,0.09226372077714676,3.220213432386246e-10,0.0977355948204183,3.0382260161370906e-10,0.10206382528457703,3.6801453520030834e-10,0.11737094903972549,0.11615209388403612,0.07514415115836504,0.08568889952576536,0.07001386497597381,0.09892838219798857,0.07113108413128683,0.07762283558139901,0.07123873469694328,0.06869810246568867,0.0901737113182404,0.0668114642979564,0.07711841559909866,0.07577952227466127,0.06036294391484207,0.08309720126777552,0.07068145720675716,1.6071368668760464e-10,0.08182148157353256,3.235469096786577e-10,0.07655048312969469,3.7658562476270503e-10,0.08502973316463769,3.280694135531028e-10,0.072480281166009,3.008085324010892e-10,0.07443078513917115,2.556487879843562e-10,0.07943590689196453,0.09485529357003211,0.08441490663995507,0.07875754904143903,0.09567567958989694,0.11554417012909841,0.11744529666285705,0.10317826326487778,0.08743966466152979,0.10579717578765961,0.09874097175930205,0.11683686726511266,0.08710235303248515,0.10021925491860187,0.11081296249920815,0.10640141799925468,0.11595211696769199,2.1871510898676825e-10,0.0929404415231535,4.063381168680445e-10,0.11100542105244138,4.475070745371342e-10,0.11649473339597774,4.32370783164772e-10,0.10834643809618917,3.979240289847803e-10,0.09530896396320379,3.843918423300317e-10,0.10226907377348082,0.33655204207960837,0.28956713203473505,0.3359545099156484,0.3330017495989652,0.37385626129775934,0.34869100984609774,0.3793663169818493,0.359660146190236,0.4216362400719834,0.35321320786349286,0.3594983498591924,0.3065694877512956,0.419541624005714,0.35850743572559274,0.3208695619339093,0.33334585806241324,7.170378621863291e-10,0.32685721187324085,1.4722098699512018e-09,0.375149082718791,1.4409698153759395e-09,0.36127363557192854,1.5031347440741813e-09,0.3580661199319073,1.4731829111166579e-09,0.36951323158604266,1.5225716890513526e-09,0.38742472396773814,0.3816108583921405,0.33922640795956255,0.39809674727635186,0.36638502266057255,0.3396883079179817,0.3501880462626371,0.36565517152170146,0.3517112165323098,0.3054157198187419,0.32158297283544024,0.3951928479219989,0.35850346840868386,0.339972039136192,0.34294109632608416,0.40660604060087585,0.3639670878787527,8.018628510515196e-10,0.3731692254365517,1.2737923021248429e-09,0.3431973724107238,1.316722137726753e-09,0.3449381770903094,1.5609648787167587e-09,0.36337156598547615,1.4212745490933614e-09,0.35868319402700566,1.1181452021253217e-09,0.3134993463270911
P006,S2_5,Sucralose,5,2,0.09288763561310531,0.27746321698988885,0.10537724835948935,0.18853010674702858,0.09531405330242639,0.21406253608916018,0.12615523538294565,0.20740519664700074,0.052128555820096914,0.18551561457360333,0.05518689316074641,0.17839259097733054,0.10513437570360999,0.21471410868869936,0.09034889476710171,0.16867396743246477,2.1507806808937104e-10,0.1496396153079315,4.6304778586227036e-10,0.15730626844597398,4.5239723139699843e-10,0.1546882946957933,4.5543723611061924e-10,0.14471783664796894,5.826893546346825e-10,0.1667802160149732,2.7932335677479844e-10,0.11882208519685011,0.09515955971878128,0.09410024718776834,0.07055344708800224,0.13058863633553125,0.07162213872761715,0.10189913591242883,0.11196741796314878,0.1368875616540947,0.0974554559517515,0.12660896696961801,0.11060495850545841,0.11713248873066595,0.09477086206728365,0.13368850575660904,0.08380748368648541,0.120267553694865,2.3988495634855964e-10,0.10302322292770123,3.6373454236387933e-10,0.10049516061598467,3.206904229556871e-10,0.08676063732002298,4.0081797155165483e-10,0.10813360130131078,5.002402267485138e-10,0.12442748980862176,4.5392298607736457e-10,0.11203221146068476,0.09709651113495957,0.06606412731438786,0.11694039120043347,0.07172825820631654,0.09302028903469932,0.06934677029322332,0.10459086228519479,0.09125914022693474,0.10697190404780081,0.08503065052743966,0.12099610106646265,0.06609128338495526,0.08112967511276012,0.08458307841841659,0.09687296992555493,0.07553485644522116,2.5356598651718515e-10,0.0898194453845859,3.6703154256426234e-10,0.08201995321477484,3.959253818214239e-10,0.08118352966396132,3.8792213266805955e-10,0.0845301449754882,4.541593277486978e-10,0.09792500125606476,4.815236381456542e-10,0.09600127728762023,0.3749166426686158,0.24733901132180064,0.3585111102298223,0.287723548360194,0.37208392282108593,0.29377344718076837,0.35447981587282573,0.2895687158816459,0.4087881119346914,0.2781909349005831,0.39165996571491396,0.28563744365638355,0.41128616697764825,0.26676872497624554,0.331772659037916,0.30189681897014736,8.568002843399932e-10,0.32429795365862174,1.6242533941692532e-09,0.33597806548893705,1.5890647767080936e-09,0.33292868500092715,1.585620606409518e-09,0.3279310924904893,1.5321667763866261e-09,0.3220242658772358,1.8256252592875971e-09,0.3434895234176373,0.33993965086453864,0.3150333971861537,0.348617803122253,0.3214294503509299,0.3679595961141715,0.3209181105244194,0.3028066684958855,0.27487938559032404,0.33465597224565974,0.32465383302875583,0.32155208155241854,0.352746193250665,0.3076789201386981,0.30024558216003,0.397197992582942,0.33362680345730195,7.69424389121558e-10,0.3332197627211598,1.4284043946606355e-09,0.32420055223432975,1.5813805717905723e-09,0.34443885331929547,1.538579617911083e-09,0.33468732458474304,1.3186864118189146e-09,0.28884302704310477,1.5246026463987765e-09,0.32965490263720776
P006,S1_5,Sucrose,5,2,0.06617619510886509,0.12895419867984262,0.08429850155435843,0.11657047781880296,0.05476228150213993,0.1238725293612589,0.07841377554838244,0.12009930398723793,0.07647635437269927,0.12084747397377268,0.08853473825957907,0.11339362144532515,0.06316097185135605,0.12914187020318413,0.0584007136595095,0.10614451816657547,1.8786240961393777e-10,0.09965462214446223,2.9626906128422303e-10,0.09273441322948475,2.8595357487484714e-10,0.08931740543169941,2.667543230941744e-10,0.08921201847015628,4.356687135879266e-10,0.09925653976781018,3.100888084279795e-10,0.09866191417323597,0.09922257727762232,0.0946357292097148,0.08782370056939069,0.09189330463609212,0.07994614891161218,0.10208995146897122,0.069009595057779,0.08381634157901546,0.10222137397353732,0.09834607398801624,0.08101210971511653,0.08262228837609353,0.08882424241801938,0.10952018055664578,0.07296900422926797,0.08602508236478312,1.8478464815239534e-10,0.08953495163067167,4.0156890002017245e-10,0.09509513083881213,3.954616676731086e-10,0.0910180501902917,3.392804087584547e-10,0.08933462739217907,3.758536235822768e-10,0.07641296831839722,3.95384550399985e-10,0.10028372398077678,0.09002558603711015,0.08239881901270414,0.07918391958158823,0.08766669409454915,0.11784736038143899,0.09810632438566005,0.07955654808957505,0.0817173378859799,0.08534467070236412,0.08660591101980358,0.11515517516307708,0.08524271126592525,0.08500100812905925,0.09202105555410653,0.09097748720131794,0.09792591005224457,2.1664523424093848e-10,0.08994548419249233,4.771389346896332e-10,0.09824393711256621,5.683128534405783e-10,0.10797684238354952,3.6058547005036204e-10,0.09148136523418207,4.2814145573507596e-10,0.08063694298777747,3.314655476505659e-10,0.08597529086108385,0.3851892172174431,0.3032400070470291,0.35655962552578674,0.3092860442953168,0.3713640908576842,0.2919457113590149,0.3362245534644425,0.33430257910277206,0.3564145051223267,0.3273451954667025,0.36451422534036865,0.3129881506110169,0.33836418452078376,0.31686891341259055,0.3996390613218597,0.32752796799210204,7.67561476137539e-10,0.3386295450061602,1.6531952966178001e-09,0.32963572503751837,1.7860774366423762e-09,0.33165490110834955,1.4824629445732884e-09,0.34560003181183396,1.80560365498869e-09,0.3352635662836073,1.3738833003702634e-09,0.3418798502945146,0.3593864243589593,0.3907712460507094,0.3921342527688764,0.39458347915523945,0.3760801183471249,0.38398548342509503,0.4367955278398203,0.3800644374449949,0.37954309582907203,0.36685534555170535,0.35078375152185864,0.4057532283016388,0.424649593080782,0.35244798027347324,0.3780137335880449,0.38237652142429496,7.771301427516705e-10,0.3822353970262136,1.863353728243169e-09,0.3842907937816188,1.8334311370576005e-09,0.38003280088610997,1.6397069252422938e-09,0.3843719570916488,2.326940493155307e-09,0.4084299826424076,1.4685580354750686e-09,0.3731992206903887
P006,S2_7,Sucralose,7,2,0.10311675201701019,0.2280845591277238,0.06370272209459123,0.1815677294743335,0.06835639101497132,0.13617944048014388,0.08601287599994809,0.16398991785197783,0.142809070249587,0.17716557660894358,0.09610583648238642,0.16245378153773926,0.07996517278140593,0.1726477287245566,0.11118331497114857,0.15322540620007447,2.5022886949053724e-10,0.13917189678896408,3.1051758474418424e-10,0.11428718325026943,2.903546304715246e-10,0.1022679157475576,4.297401679107969e-10,0.12925540566929639,3.6006784625888157e-10,0.12500139692596296,6.341254917448415e-10,0.1599873234292653,0.11965220356389675,0.16854886547619585,0.10839557407117141,0.12887640901346084,0.09213638686040389,0.10524183506577942,0.1046381112454947,0.15225549182289727,0.12832872475284948,0.1304157200110683,0.0911264213807477,0.12549433915141603,0.09736041015657348,0.15639648639269493,0.1312101976448809,0.12186894652723237,2.4685959612457615e-10,0.12368230210948143,3.798732587506614e-10,0.11278377961886293,3.714589517056657e-10,0.09868911096309166,4.992100668286071e-10,0.12670901018034542,4.241386390538293e-10,0.128446801534196,5.621340957491993e-10,0.1293722223819589,0.128059358718857,0.07169390788847163,0.11148235621259671,0.09750048952509469,0.10499189169446892,0.07680210197918455,0.08678817257582161,0.09787059792083437,0.11004966691149437,0.09909109743430292,0.10596113953595915,0.0857370948793071,0.09850119153805939,0.09469020341461773,0.11575124584546254,0.09357041670656417,2.538226548844283e-10,0.10007239112671439,3.941225133518625e-10,0.09374634715658264,4.123264652373859e-10,0.09089699683682673,4.554378378090165e-10,0.10062826437617596,3.434277899623242e-10,0.09232938524832798,4.786570029689199e-10,0.10457038217289864,0.30076218773755514,0.22873039280704813,0.34921326199830355,0.2628176965952748,0.37683375467172947,0.30441809883700877,0.4030095318964371,0.2642199518582214,0.37109189918924135,0.2810882845576863,0.35267838793457634,0.27207207105273873,0.36976309471727625,0.27396658836754406,0.3263461093661257,0.2874270093633798,7.840362513247e-10,0.2943789996875828,1.4383402539170965e-09,0.33124538414838967,1.487220469794987e-09,0.3406259267543691,1.4516397573241732e-09,0.31437570045358143,1.5387734809344463e-09,0.33361474187732926,1.5998723609748277e-09,0.3260900918734638,0.34840949796268156,0.30294227470056106,0.36720608562333723,0.3292376753918369,0.35768157575842663,0.3773585236378836,0.31955130828229833,0.3216640405460693,0.24772063889682838,0.31223932138799854,0.35412821466633104,0.3542427133787989,0.35441013080668515,0.30229899310058705,0.3155091321723826,0.34390822120274955,8.315931234534327e-10,0.3426944102872578,1.3882237346655963e-09,0.3479373058258956,1.4341062389859737e-09,0.3675200496981551,1.4107386963674606e-09,0.3290316193206011,1.2531078596784271e-09,0.3206076744141838,1.1012876440941334e-09,0.27997998014241343
P006,S2_12,Sucralose,12,2,0.17550831021479238,0.24922943714117016,0.10516430247641453,0.22710762257576053,0.10311957285046815,0.2102154285685135,0.14456544660604712,0.21019729674841023,0.14789878729597497,0.21368285816295632,0.09441627322491933,0.20965791715361415,0.10057825673103696,0.22393629259521633,0.08269551831213663,0.2089927249356462,2.746036638882274e-10,0.17684731046444516,4.4406558440132816e-10,0.15946238768630872,4.4492182731198125e-10,0.15666750070949081,3.901783805515189e-10,0.15405069814350902,7.239488250118833e-10,0.17738137167722867,5.904791179805812e-10,0.18079082272946564,0.09013749861512312,0.1000030091967943,0.08336303522040502,0.08717753038126105,0.09404473305022502,0.09220384594649697,0.08358029597872009,0.08657493705411502,0.08443975679325111,0.07838039268146083,0.10927208009259305,0.09497819793064753,0.08548220751709922,0.07512458174384944,0.1304014047536201,0.07992924034140182,2.2083303263178542e-10,0.09415522523947067,3.6237655681679096e-10,0.08671384206441765,3.793101549375429e-10,0.09312428949836099,4.0928296126454e-10,0.09273435858899265,4.088602042914369e-10,0.08507761651641756,3.2606114085864994e-10,0.08141007473735597,0.07248429814129798,0.10106589939439259,0.08874573410558609,0.11099752704192631,0.08418796271182845,0.10680585212889157,0.09335045278808216,0.11149986860889702,0.10843953659745702,0.1094707198270179,0.11586999329658014,0.0956670835588924,0.08453295401504822,0.10783126670711786,0.1515958923927757,0.11907943566600686,2.260941813748212e-10,0.09747175592311258,3.483550541315458e-10,0.09583950889072151,3.4600643298808765e-10,0.09549690742036002,4.53428507472911e-10,0.11575988719523717,4.607586045732334e-10,0.10242516069848959,4.209702254384806e-10,0.10895512821223746,0.3803004078274388,0.2557023461569976,0.374991747464942,0.26971449509857753,0.37083312144545055,0.2744434795660187,0.37202233648389715,0.2713088468129655,0.32199261433438325,0.282061818977642,0.36502468556276063,0.2829603908748931,0.3874569078155069,0.2768668649489049,0.3267381237337193,0.29215916433063716,7.852000270083449e-10,0.3214490121642683,1.5102385914802055e-09,0.32740009344397025,1.471982259490209e-09,0.3226383005057346,1.3777541610300405e-09,0.32080526520719205,1.7882507066300132e-09,0.32166559164843134,1.2390966220589936e-09,0.3020272166560126,0.28156948520134767,0.2939993081106454,0.3477351807326523,0.3050028249024746,0.34781460994202806,0.31633139379007935,0.3064814681432537,0.3204190507756122,0.3372293049789339,0.31640421035092314,0.3154169678231465,0.3167364104819524,0.3419496739213093,0.3162409940049115,0.30856906080774804,0.2998394347263081,6.857879389440874e-10,0.3100766962087031,1.3911996841525219e-09,0.33058416791458206,1.3962786439105799e-09,0.3320730018660537,1.2658121409531596e-09,0.3166497908650692,1.50007346067808e-09,0.31345025945943294,1.303054743269739e-09,0.3268167576649285
P007,H2O,Water,0,1,0.18520538944282441,0.5980962373541885,0.07114874803243158,0.42114081314187485,0.08227980131877285,0.10972438211548419,0.04441806469474185,0.06927930920480324,0.10588829552690876,0.18523511147483193,0.06583858808533136,0.22123163058770215,0.05353049261887127,0.6644599944805683,0.07769149956496206,0.09672664043647529,3.383664082314586e-10,0.2604435677740588,5.38845683051443e-10,0.22749866763342416,1.826372652796936e-10,0.09600209171712852,5.158150970527249e-10,0.22310215677521922,1.3968005155872236e-10,0.05684868694977255,2.1507649775900786e-10,0.14556170350087033,0.11502401393010486,0.05982057869357606,0.12425468897294498,0.12478802852182837,0.09989445185996426,0.0814529659561152,0.1145662841774423,0.06100069064861117,0.08926031481374239,0.09689586635554157,0.10448259804684187,0.08877057142475384,0.08341192769605002,0.09665389092666576,0.0823845415791047,0.06893659731672927,1.499947613841407e-10,0.10285674659834167,2.616168732855981e-10,0.0903533091096988,2.1298694120944962e-10,0.09067370890803973,2.2463934989730598e-10,0.08284673937963744,3.052743580276814e-10,0.08778348741302673,1.6196176327216483e-10,0.09307809058464198,0.08327563364645879,0.05070814316692312,0.09317622267033529,0.05760989086747658,0.09787206858723896,0.08072944184127366,0.0921924301610533,0.07100381699387238,0.07166909083547295,0.06448189924554253,0.07498484104271125,0.09700790170714654,0.0777516451535818,0.06272401123306404,0.11268018006523763,0.07776766008148914,1.1137811621415028e-10,0.07612710551684193,2.332025604466638e-10,0.07976929170378962,2.088314250889296e-10,0.08930075521425632,2.2244324687503847e-10,0.08273087413334315,2.5589857256643363e-10,0.08159812357746285,1.2569549901271403e-10,0.06807549504050774,0.3136834484822091,0.17529047633487485,0.37437538246330854,0.23340434269687227,0.43332907761688805,0.3960777249023866,0.4178730183543204,0.4227566522740405,0.41642190693786224,0.37263841126174596,0.4063318062162637,0.33772288451200694,0.47479675621458234,0.09197619206274123,0.4240442033945629,0.41551908958116074,4.807090918005001e-10,0.3068013901175892,1.0838975729512972e-09,0.34904493769914957,9.311351792549435e-10,0.41470340125963734,9.81365889852613e-10,0.3515840603132618,1.2070537991955003e-09,0.42031483531418046,7.296733089666733e-10,0.3945301590998041,0.3028115144984029,0.11608456445043791,0.3370449578609797,0.16305692477194778,0.28662460061713557,0.33201548518473994,0.3309502026124421,0.3759595308786725,0.3167603918860135,0.28074871166233784,0.34836216660885183,0.2552670117683902,0.310509178316915,0.08418591129696044,0.3031995753961327,0.3410500125841452,4.081071089491867e-10,0.2537711899931684,7.321282421297573e-10,0.2533337938539377,6.277353498654497e-10,0.30932004290093773,6.816235444125687e-10,0.25973616939853833,9.751977312000192e-10,0.3534548667455573,5.541583440536639e-10,0.29875455177417565
P007,S1_5,Sucrose,5,1,0.1493632689047188,0.7260481722051102,0.077524151671966,0.4421719469930909,0.060625744441861876,0.10975611693766278,0.05688480507982949,0.09489850654612778,0.07025671627134755,0.09658948845141016,0.08417304898706995,0.07856890665299844,0.07165604127903896,0.3780905264129057,0.08328540357104985,0.1064710998985302,5.560185005341394e-10,0.2596415825691591,3.060990983230701e-10,0.15503210726786731,1.2771836964775778e-10,0.08519093068976233,3.211631533406113e-10,0.15987576779038118,2.125340932734584e-10,0.07589165581297863,1.6731214189268053e-10,0.08342310236137886,0.09401599727394977,0.04105710109772746,0.06268841264360019,0.0817632044814229,0.11177516350667437,0.0675522160698576,0.0839574239150399,0.0608297381150725,0.09768575002482066,0.06906080818711165,0.10223127855535925,0.07079582520723349,0.08994650568958401,0.09709238706306099,0.07832159307388857,0.06437783397253583,1.5600395189233175e-10,0.07542530320988217,2.6677875006542425e-10,0.09159156808229425,2.1149186310399225e-10,0.08966368978826599,2.3126720315545886e-10,0.08243457994976736,2.542129243574848e-10,0.07239358101505619,2.1032972731220871e-10,0.08337327910596615,0.09078765944404801,0.04009309197180971,0.08389339569022457,0.05948639873564874,0.11601140585912936,0.09635441128669321,0.1026747444199927,0.08115802080773539,0.09295098291476189,0.11452496529882153,0.13592847198775654,0.08282190154875141,0.11244209372066392,0.08820126173627382,0.12502469719238649,0.08096319514918973,1.7825007676962324e-10,0.08216848656303984,3.008251457836916e-10,0.10325229315069007,2.241757331813769e-10,0.1061829085729113,2.984218313802295e-10,0.10165781194962847,3.1596587016751085e-10,0.09191638261386405,2.168223460561033e-10,0.10373797410679171,0.3517795277686756,0.10838398570837143,0.44366567998406764,0.20622924170356396,0.3559314361016849,0.41354756863025666,0.3872816048142647,0.409485658592322,0.40416999212203997,0.362727907306032,0.391476884340939,0.44867972979796666,0.3625975994850278,0.2124274137329776,0.3943406580765331,0.4654352156532774,6.103133495668389e-10,0.3250358415505974,9.357324631919564e-10,0.33612600448748675,7.087661254727081e-10,0.38473950236597076,9.507235163276258e-10,0.35870022173695393,1.2693824391433665e-09,0.3983836317032934,8.965502155200887e-10,0.383448949714036,0.3140535466086073,0.0844176490169812,0.3322283600101413,0.21034920808627355,0.35565625009064966,0.3127896870755302,0.3692014217708737,0.3536280759387423,0.3349365586670295,0.35709683075662496,0.2861903161288748,0.3191336367930499,0.36335775982568536,0.2241884110547819,0.31902764808614226,0.2827526553264671,4.823029729170545e-10,0.25772878610732136,9.320309301214456e-10,0.3139980270116618,6.90350401598424e-10,0.3342229685830899,8.752294681425567e-10,0.2973316185732692,1.1825446920711152e-09,0.36141474885480795,7.622899350376899e-10,0.3460166947118272
P007,S2_12,Sucralose,12,1,0.15233799935729728,0.5087846523384875,0.0702524745963647,0.30699838694267156,0.08327774961557376,0.20468443009407647,0.08528251744451071,0.18569402727755238,0.06598836942250784,0.1579410180127672,0.11153228344740485,0.18683920485167702,0.0680757500987221,0.5781305522014047,0.10682306796794085,0.18140257849034025,6.286938859718598e-10,0.2227908335889838,6.54548323889142e-10,0.23354212050244427,2.882576445547929e-10,0.1439810898548251,6.631067289878061e-10,0.233607987189602,5.28367182546987e-10,0.13548827236103156,2.674549623158998e-10,0.11196469371763751,0.07744919466633972,0.1136005598306032,0.07711137770242553,0.07302167982438429,0.10869666684940117,0.05195028291896635,0.09189804935044826,0.05379805728185472,0.08491890573788266,0.14618079949677504,0.11019808679827395,0.0660995453848908,0.11148569361890791,0.08680722532022579,0.06831503882754986,0.0526367216414053,2.9417138386770694e-10,0.08624674070115292,3.956233224993089e-10,0.0897349671768753,3.1543188725682797e-10,0.08032347488418376,3.257493704276305e-10,0.07981116985202222,4.074370584098396e-10,0.07284805331615149,3.1466887629827886e-10,0.11554985261732885,0.08803687414344208,0.041443335327448746,0.13104109171956121,0.10077752548143794,0.12680746938350132,0.13597607836862563,0.10685777354949261,0.07056182422174401,0.11716261673151977,0.09530388054770565,0.1174034435855565,0.13650800561921134,0.10556304848525272,0.06879838888639359,0.12053372560901611,0.12545772500681243,2.934449402368633e-10,0.10253504597944296,4.105954677491198e-10,0.10928624628094331,3.8928536281264266e-10,0.1313917738760635,3.759806649891206e-10,0.10508822199686871,4.826229087529797e-10,0.08870979888561831,3.7913508114776764e-10,0.10623324863961271,0.3730120023773632,0.17350619846967383,0.418860710195924,0.27132349233034025,0.3400243421295727,0.3240256156929129,0.39215792461643617,0.3552330340941464,0.41606813282191835,0.3038043898265457,0.35775531187031256,0.32891745521898286,0.35317687673066234,0.13615694639259113,0.3741051511992001,0.35762234087951955,9.729532131741694e-10,0.3205625284104328,1.1733114697089603e-09,0.28834594523643475,1.032370838878853e-09,0.33202497891124283,1.1488965373275458e-09,0.3052653288004933,1.8777348478382518e-09,0.3736954793552913,1.3284723413402033e-09,0.359936261324232,0.3091639294555579,0.1626652540337864,0.30273434578572445,0.24787891542116533,0.3411937720219513,0.28336359292541813,0.3238037350391124,0.33471305712470284,0.3158619752861715,0.29676991211620685,0.30311087429845207,0.281635788925238,0.3616986310664548,0.13010688719938446,0.3302230163962932,0.28288063398192215,8.150946826962218e-10,0.26786485131998733,1.1785487887751854e-09,0.27909072080330216,1.0241168732295938e-09,0.31227868247368473,1.0955035673402452e-09,0.27622729216101366,1.5962574688088503e-09,0.32925839608190766,1.0427221819466654e-09,0.3063159437011892
P007,S1_7,Sucrose,7,1,0.16779401996194568,0.4962213175219408,0.056066545045795155,0.2833250672762177,0.06262440631194692,0.11326565904214547,0.06681122181739842,0.06733865592094429,0.06455775576526182,0.09899096496164242,0.1060806757581822,0.10167756453761939,0.057021179599018174,0.6011899342739838,0.05119442943963115,0.13956605314622217,3.146244143677873e-10,0.20186086501695014,5.789668812641984e-10,0.2085252948067736,1.5473966041004337e-10,0.0879450326770462,5.519839176198231e-10,0.21224289911471383,2.0953056373399189e-10,0.06707493886917135,1.521982332617376e-10,0.08177436036345212,0.0711709268748882,0.06557937177435712,0.09709663175734021,0.07859866009732122,0.07480345093550089,0.08314747705292036,0.12856205088895134,0.05538662870763153,0.09017193482898793,0.1354324734997693,0.10140875810613187,0.08925695703752592,0.08700610343796963,0.08671687064087452,0.05525395520997696,0.07714246434905553,1.507387053922359e-10,0.0838518842745941,2.790604732205891e-10,0.08291847551681636,1.7489989922075092e-10,0.07897546399421063,2.391828761490713e-10,0.07652984840946916,3.5191302075722345e-10,0.09197433979829144,2.1179067081951716e-10,0.11280220416437861,0.09706052352171705,0.051838794137730654,0.08663435427317012,0.06940887197737086,0.10614279178457679,0.10909391649054788,0.08187919053066042,0.07236009266456109,0.10112628679285025,0.09039213420812804,0.08447660018955305,0.10697060706345206,0.09309821583563942,0.05053977293809618,0.11856808045589559,0.0927350200680839,1.4629508953410595e-10,0.0827316251938323,2.9908407528058573e-10,0.08971867426221507,2.4648204114596315e-10,0.10761835413756234,2.7118108824342813e-10,0.08873527232442877,2.4976005077586195e-10,0.07711964159761076,2.2028762183760377e-10,0.09575921050048915,0.318362208525633,0.24312501682107504,0.4151147847283942,0.27943794965521257,0.4128812652515647,0.36035609290783954,0.39808992210331906,0.4134235676254882,0.38487581352743083,0.33540055715092243,0.38803989971163627,0.37927458108238304,0.4016593682718698,0.13975508417544807,0.39182837314189134,0.3530417207978743,6.060445740262151e-10,0.33722574008738904,1.1778646760279222e-09,0.32866295265168055,9.465900495601897e-10,0.38661867907970215,1.0239470027669306e-09,0.3215711365967709,1.2568989826458957e-09,0.4057567448644036,8.35974911627933e-10,0.36013818533917663,0.3456123211158157,0.14323549974489672,0.34508768419530017,0.28922945099387737,0.34354808571641066,0.3341368545065466,0.32465761465967063,0.3914910550813752,0.35926820908546914,0.33978387017953804,0.3199940662344967,0.32282029027901943,0.36121513285550305,0.12179833797159738,0.383155161752605,0.33751474163876416,5.310051593181516e-10,0.2943298854272343,1.0280244321567835e-09,0.29017460276251444,7.941662340097578e-10,0.3388424701114786,9.425345141455098e-10,0.3009208435546174,1.062599276294393e-09,0.3580743348705229,7.878353550136622e-10,0.3495260396325036
P007,S2_7,Sucralose,7,1,0.22259201667402964,0.5382585113536921,0.06724610734406962,0.24341066630575872,0.19125852232860835,0.13964972387736477,0.04010541854269585,0.06755636496930183,0.0811121196931908,0.11099017256769449,0.06014637628393603,0.14677651678895404,0.06114724894953166,0.4988679646922064,0.09437041408425376,0.14786711710144948,2.9753447077369564e-10,0.21307169912507337,4.3175213039081736e-10,0.22273086496192776,3.7803299451997116e-10,0.16545412310298657,3.2900900667991697e-10,0.2005631862068603,1.697482636018915e-10,0.05383089175599884,1.8824582796970274e-10,0.09605114613044265,0.07304017449709656,0.07425066764825106,0.06807263087676174,0.1257296897860823,0.08797807691903166,0.08668705530813137,0.0915337520481059,0.04625243446015262,0.06341799282178977,0.09498188890557986,0.0942571181333701,0.08649030550111517,0.09305504882331933,0.08821372019642677,0.08650886466724612,0.07123965816719563,1.377891268163461e-10,0.08697343107377947,2.4563899788419176e-10,0.08898347531172728,1.7777263736447782e-10,0.0873325661135815,2.300569505289583e-10,0.08475432296354696,3.0621850440662283e-10,0.06889309325412926,1.494856055843217e-10,0.07919994086368481,0.07277726710760747,0.0436491168783075,0.11432919786895522,0.07861611691764075,0.10325627964834083,0.08810721194943512,0.0860083016910467,0.06739931789035931,0.0803887793262479,0.0796257972532137,0.12190197715281995,0.10917255487758776,0.10361593019529314,0.06714025583244387,0.08287796137566314,0.09924957304672742,1.566304829564324e-10,0.09007437180048643,2.678354067031504e-10,0.09052991940637824,2.0628857840232492e-10,0.09568174579888797,2.377059187220744e-10,0.0882209301125319,3.057438306515303e-10,0.07670380979070301,1.7803447985902736e-10,0.0800072882897308,0.2947150786283345,0.1986492757979441,0.41662535433332437,0.30054972909083827,0.33472283475836856,0.3949953551359567,0.42308792628097325,0.40956611967364936,0.4045260164314788,0.3576007758096421,0.3695084745430672,0.38570608465182743,0.4093303424469431,0.19221239919573496,0.439221954488334,0.4295013474538545,5.432969691317625e-10,0.3276256661742227,9.712730363693955e-10,0.3328152328842508,6.876204763280436e-10,0.3648590949471626,1.0057388104044015e-09,0.36756651089621667,1.5626971295860195e-09,0.4163270229773113,8.837875766145678e-10,0.38106339612056045,0.3368754630929326,0.1451924283218052,0.3337267095768884,0.25169379789967994,0.28278428634565045,0.2905606537291123,0.35926460143717837,0.4092257630065371,0.3705550917272931,0.3568013654638697,0.35418605388680685,0.27185453818051564,0.3328514295849129,0.1535656600831884,0.2970208053845028,0.25214230423077266,5.027390917594298e-10,0.2822548318264381,7.960957754861983e-10,0.264940507435716,5.73468027374192e-10,0.2866724700373814,7.617242777884372e-10,0.2588950498208442,1.3731886785104328e-09,0.3842451822218578,8.177809790958755e-10,0.3636782285955814
P007,S1_12,Sucrose,12,1,0.19905566968993588,0.5172189624774272,0.0944700819559149,0.1984353041509311,0.13123400855495412,0.17519071290112914,0.08156464442507992,0.14767143806242647,0.03847348009909806,0.06158243056794601,0.0835832628590815,0.1137243902231369,0.08721358620583546,0.5088425879629979,0.10103074847760553,0.13354575575474614,3.7552583867930314e-10,0.20108127855940458,4.392556531317032e-10,0.22562022390622916,3.0774901128923867e-10,0.15321236072804162,3.9406354738191104e-10,0.20765816960029623,3.8463756688980313e-10,0.11461804124375319,9.787916993898641e-11,0.050027955333522035,0.10007019766073434,0.05719791477158262,0.12120742966456438,0.06597318780896062,0.10476132942932409,0.07170772163599926,0.08192358507690572,0.07183539893173255,0.12768122547957653,0.09822517656455068,0.07355959110859053,0.09318018970841961,0.09597731987645032,0.08761369166279662,0.11340741183086245,0.09541658283982359,1.600282828883345e-10,0.08519808512047534,2.708434932725471e-10,0.09001501565114257,2.330860029414656e-10,0.08823452553266167,2.7069953428813747e-10,0.09810375155248324,3.151338878668233e-10,0.07687949200431914,2.911616377992915e-10,0.1129532010220636,0.0979991619762086,0.033656839797043384,0.08771451067464747,0.08884390539832586,0.1063644886985782,0.11237793245262737,0.11175600010537946,0.06985917269533841,0.11084986191480312,0.083834016853479,0.10317094038907391,0.11259157513060199,0.08178966745584765,0.049496444121234516,0.09036567940760686,0.09506713120018996,1.695620102167953e-10,0.08732948889431687,2.449602104703741e-10,0.08750713318207193,2.4396053554422235e-10,0.10937121057560278,2.1768499225255797e-10,0.07917973054621974,4.0370037131620106e-10,0.09080758640035894,2.523221138244663e-10,0.09734193938414105,0.32284069622383643,0.2141789899349029,0.34006762684603614,0.3595425275408533,0.3212400842476702,0.3281592600811702,0.3880089089022771,0.38815401703597124,0.4018712176143383,0.3979573574778877,0.4161921809141039,0.368431891155748,0.4218581968568283,0.1855406909447462,0.3320763633454658,0.35643263863102687,6.689883992783757e-10,0.33687565210258014,9.780840593702931e-10,0.31419955803260374,7.347290781727046e-10,0.3246996721644202,9.594694532036832e-10,0.3239769724445168,1.5371571618389326e-09,0.38808146296912416,9.445840300151606e-10,0.399914287546113,0.2800342744492851,0.17774729301904385,0.35654035085883695,0.2872050751009292,0.33640008906947333,0.31256437292907385,0.33674686149035826,0.3224799732745313,0.32112421489218396,0.35840101853613704,0.3234940247291503,0.3120719537820932,0.31316122960503845,0.1685065853082248,0.3631197969384596,0.3195378915742138,5.600125583818859e-10,0.28951549532322307,8.455992490856889e-10,0.2826580692279526,7.636629375238787e-10,0.3244822309992736,8.379070082376094e-10,0.29108137585648414,1.3206771927047447e-09,0.32961341738244476,7.6760662392855e-10,0.3397626167141605
P007,S2_5,Sucralose,5,1,0.21672757386418273,0.6757022274658168,0.09620236773342256,0.4704448371375795,0.08223617426301233,0.14945523491444762,0.08277431500838311,0.04611372322686887,0.09296216933944508,0.08111566138444033,0.07735632018656124,0.08787620419211407,0.08425696416807732,0.5040771588413211,0.08552371302820795,0.16403251433269952,5.812430212290736e-10,0.27071825509661285,3.5430804614605633e-10,0.2050063830467146,1.6688263592338552e-10,0.11584570458872998,3.4780930447725067e-10,0.20947258759257645,2.276725352127212e-10,0.064444019117626,1.9881297389425647e-10,0.0870389153619427,0.06190923697247714,0.07181650978325842,0.10892347751742253,0.11413871766847247,0.1293331988881975,0.09236919096471453,0.07464816002626386,0.09153502035032826,0.07864038164014271,0.08308120682691697,0.11319232474121188,0.09465510335334106,0.09609464716355222,0.08522254953750502,0.08161542183757288,0.08534023224971621,1.7717641191009353e-10,0.09410589500603057,2.645234581618409e-10,0.10075489663849231,2.351224063047691e-10,0.11085119492645601,2.1274825069403064e-10,0.08706821269708657,2.4607457010073286e-10,0.08309159018829607,1.7229462873218405e-10,0.08086079423352985,0.08984557802025496,0.030738691125923943,0.10137755587560672,0.061471966921660064,0.07923810029020764,0.06750177522202996,0.08784130197985371,0.0508355018453364,0.10328350861951932,0.06787967250729926,0.12505448037709932,0.08707507871134879,0.10682139814280568,0.05806340454604274,0.07545542634425192,0.07128661193079514,1.6589027257852584e-10,0.08259389183864897,2.2430874530211197e-10,0.0779061695502715,1.461417863653634e-10,0.0733699377561188,2.1124165701970456e-10,0.07790671024097387,2.431587575524531e-10,0.06933840191259505,2.145644005026316e-10,0.08558159056340929,0.3389376134537274,0.11486910317479383,0.40926126536214197,0.1909974365381003,0.39302168273445093,0.401816835421353,0.4445163423253008,0.43342726636188406,0.378334442393084,0.41194289896266695,0.3634863962529094,0.41378574182115063,0.3893582894947829,0.18205674114294945,0.3642905054265154,0.3788711040524028,5.608441807513855e-10,0.3052229261004706,9.103208337118983e-10,0.3415633871983841,7.377018818522618e-10,0.397419259077902,8.348862713751028e-10,0.32864416002916264,1.3742360222749943e-09,0.4389718043435924,8.323800407280711e-10,0.39513867067787545,0.292579997689358,0.10687346845020729,0.28423533351140623,0.16294704173418775,0.3161708438241316,0.28885696347745504,0.3102198806601985,0.3780884882155826,0.3467794980078089,0.35598056031867686,0.3209104784422182,0.31660787192204537,0.3234687010307823,0.17058014593218188,0.3931149333634518,0.30046953743438676,4.770901676713942e-10,0.24735903195823714,7.496654130942166e-10,0.2747691635661377,5.868645110716901e-10,0.30251390365079334,7.612352863236072e-10,0.2969083294402007,1.0207429555388167e-09,0.3441541844378906,7.568145095436532e-10,0.35138002916324285
P007,H2O,Water,0,2,0.15833847027632875,0.6941936625269804,0.12205727161619934,0.31037236513507344,0.09522576068363034,0.15757412536035015,0.07785769480905709,0.15914228113559098,0.06904020219595032,0.09875835721376204,0.07535197862820003,0.17996958393032034,0.08921628027025093,0.44948261838640247,0.063080595012832,0.12404032559210004,5.39748022790326e-10,0.25671388868551703,3.8191626491096183e-10,0.19787469617515846,2.099743178622632e-10,0.12639994302199026,3.342040942724785e-10,0.18145495481539636,3.472812997089143e-10,0.11849998797232403,1.7192095375914337e-10,0.08389927970485618,0.07778756731063687,0.05226376938409848,0.1071347542036833,0.11962992013184477,0.08111889084189507,0.07129507310308057,0.08856652294640627,0.08509617513794995,0.13166786317070103,0.13103824238192743,0.11415298722745867,0.07860729134930591,0.08143247557246393,0.09948710682336702,0.06652341956496763,0.06827579403797207,1.7943902173551597e-10,0.091596048267838,2.27854349983756e-10,0.08333338658520165,1.6708300530901855e-10,0.07620698197248782,1.9793232869655836e-10,0.07892969899969265,2.983491712340267e-10,0.08683134904217811,3.0438433405062554e-10,0.13135305277631423,0.07365214562746877,0.03032264687435303,0.09079625973961482,0.06947909781592837,0.10408498265025236,0.09702461032351899,0.10484966673700706,0.064291769181974,0.09351777589169831,0.08252047965776947,0.09054819635657435,0.08722046075964633,0.08980919007646927,0.04779141008786908,0.11097889507775689,0.10685248636072525,1.4277769144409056e-10,0.07366980119559761,2.452584522131897e-10,0.08467754828452742,2.1542526450873692e-10,0.10055479648688567,2.2623297584165888e-10,0.08885799540070512,3.164617591152792e-10,0.08457071795949053,2.1186609543453686e-10,0.08801912777473389,0.3970722864439484,0.14305689950256942,0.38401873986964646,0.2711862509470934,0.3966612223773245,0.3901831315612504,0.4020273061489822,0.32151109051900606,0.3810520459392903,0.39807413416540155,0.4155506528330993,0.4088611408898496,0.3964464272660719,0.2387653174881099,0.3818798835738673,0.4173993940870312,6.693040061951752e-10,0.33662432841436774,1.0292709990716416e-09,0.35551402467318916,8.247974004720556e-10,0.39342217696928744,9.274376735075304e-10,0.3586227556037701,1.2890085742970103e-09,0.3617691983339941,8.886245672384096e-10,0.3895630900523459,0.29314953034161767,0.08016302171199793,0.2959929745708568,0.2293323659700599,0.3229091434468982,0.28392305965179976,0.3266988093585476,0.36995868402547916,0.32472211280236013,0.2896087865811391,0.3043961849546677,0.2453415230708775,0.3430956268147438,0.16447354721425142,0.3775372067705761,0.2834319999221716,4.801977853048559e-10,0.24139593343667962,8.517091510297466e-10,0.27860034428192326,6.651279946675541e-10,0.30341610154934895,8.121656325659888e-10,0.2921345951804357,1.1570394505623794e-09,0.3483287466920134,7.369228678944395e-10,0.30716544969174964
P007,S2_5,Sucralose,5,2,0.3324203563730741,0.6529231527552765,0.1854512727874446,0.5132394420747742,0.11290963885042064,0.22725760586289634,0.06961337303179191,0.16949457886667307,0.10529141365692078,0.2876766584712602,0.11329391635510672,0.3095397557230962,0.09474767848832555,0.6012629988672546,0.1790804267353078,0.3531635371691053,9.299997259444218e-10,0.3511446493447954,6.666534303165039e-10,0.2590444805172243,3.376507836668066e-10,0.1700836223566585,7.489222527659441e-10,0.3070636603149983,4.74654026715524e-10,0.11955397594923249,4.5240382072264914e-10,0.1964840360640905,0.10743944730932983,0.06950574322932258,0.11581136543786696,0.10974307771289414,0.08071402509782119,0.10594640902941102,0.07740507784294139,0.08631520722500272,0.0846411645554512,0.11826407189175862,0.0857342968926755,0.10714422335987152,0.07019362104603742,0.09716473308590391,0.08866247037997303,0.08397905805355924,2.8137915596355827e-10,0.0992296923236601,2.7686750615168615e-10,0.08850469706479339,2.2220157243759785e-10,0.0933302170636161,2.7296150086551316e-10,0.08499997064136841,3.8093528591823316e-10,0.08186014253397206,2.9101689181254545e-10,0.1014526182236049,0.08468724314567386,0.02242750988172914,0.0780635971228783,0.04776153805842031,0.11130682086258936,0.08825160494802828,0.0984993975685088,0.07501092290070413,0.08215281204292074,0.06799427735467126,0.07538795024622197,0.0797067667617614,0.11805770701468384,0.030128312625059796,0.10146117661024612,0.0781793444289166,1.9712046914252148e-10,0.06467243420278083,3.4448986394205134e-10,0.08693611136259033,2.867970942705866e-10,0.09977921290530882,3.2038315670736647e-10,0.08195663516972658,4.3468220585621247e-10,0.08675516023460647,2.523711974324281e-10,0.075073544698796,0.24289431460499553,0.12798835132276812,0.32435702951881845,0.1611070261229432,0.39533833817844105,0.3261787357545906,0.42431826842326004,0.3644150485177109,0.42630620454707124,0.3088226816133345,0.3645607113708008,0.29774242538497264,0.3991807459196078,0.14042224434474118,0.35373862647632465,0.27081670026314847,7.910161285387886e-10,0.2531083097208831,1.2138925603427777e-09,0.3152800160493452,1.022960350136631e-09,0.36075853696651583,1.1179866643431031e-09,0.2910395792509555,1.9318786162763933e-09,0.39436665847048546,1.2812990282659498e-09,0.36756444308020286,0.23255863856692607,0.12715524281090398,0.29631673513299156,0.16814891603096838,0.2997311770107284,0.25236564440507403,0.3301638831334982,0.30476424248990897,0.30160840519763654,0.21724231066897592,0.36102312513519474,0.2058668287702981,0.3178202475313452,0.13102171107703978,0.2770572997981483,0.21386136008526996,7.569817192665135e-10,0.23184491440788046,9.590984532338443e-10,0.25023469500604684,7.772908780226922e-10,0.2760484107079012,8.96271459796168e-10,0.23494015462295081,1.5336953098879865e-09,0.3174640628117036,9.057072067655995e-10,0.25942535793330623
P007,S1_12,Sucrose,12,2,0.11741382897040402,0.5245496006466929,0.044885767381291186,0.31850864323076133,0.09576610756280002,0.07553719865975009,0.042305764565392846,0.05624917833448451,0.055692639554627825,0.08080633214925972,0.07216157932510435,0.10176979410951563,0.06996914247044937,0.33951297719676826,0.07331502471445145,0.1848705789774693,3.073799528239867e-10,0.1965482022772949,2.759584654418905e-10,0.14519635647244192,1.8728130938863186e-10,0.08565165311127505,2.580486627902577e-10,0.1669169308397846,2.0787631159350683e-10,0.04927747144993868,1.329645970681468e-10,0.06824948585194378,0.07031442699947076,0.061889712819128945,0.06355985637494002,0.09667265761235454,0.08125106265820618,0.07709588287237726,0.08835138430821553,0.08855481063236181,0.0781055907546429,0.07087056906127726,0.09916358428138317,0.07255783406946606,0.06455853632210957,0.07116170805792657,0.11596543902508785,0.07918179933970107,1.7945162423002155e-10,0.07735967869279058,1.9747581433383642e-10,0.07351679747765491,1.6129130022114482e-10,0.07917347276529171,2.086962241627341e-10,0.08271687068620626,3.956243850450886e-10,0.08845309747028868,1.7367740811994433e-10,0.07448807990796008,0.09537508836848217,0.0429145690503987,0.07407961971039159,0.07503764794476431,0.1001724138769471,0.09869627475452045,0.10790516527508022,0.08345570535767607,0.1281323949883514,0.08529403724209758,0.0802356025495964,0.11686143752362907,0.08794697595345541,0.07305822226219234,0.1337498454995697,0.07919159302124269,1.690332506822502e-10,0.08075066085787704,2.5384773342273376e-10,0.08996847171177882,1.9952368422890844e-10,0.09943434431573378,2.584517567005078e-10,0.09348665918411503,4.502955157953757e-10,0.09568043531637815,2.755830122288729e-10,0.1067132161152245,0.35236744680560717,0.22016135138311343,0.47422904000359695,0.3027569661503654,0.3882542829640579,0.44579092262685854,0.4631261996807581,0.4138724904494376,0.39285162053542205,0.44736907530893805,0.43854792302633455,0.42436129841431763,0.44930124977236013,0.3181640902331506,0.3815993970448645,0.40632150155923585,8.472713378806075e-10,0.36873733763055583,1.167988118226248e-09,0.4003776363991068,7.849769045857594e-10,0.4170226027954582,1.0968828463994165e-09,0.3888465596524028,2.00680408235742e-09,0.4384993450650978,9.009566005626e-10,0.42011034792218005,0.36452920885603557,0.15048476610066608,0.3432457165297806,0.20702408506175407,0.3345561329379889,0.3028797210864936,0.29831148617055325,0.3578678152260395,0.3452177541669552,0.3156599862384273,0.3098913108175819,0.2844496358830717,0.32822409548162557,0.1981030022499623,0.2953702937160265,0.25043452710235103,6.435601417269397e-10,0.27660412054148165,8.89955197235469e-10,0.2909407379390176,6.614436028539364e-10,0.3187179270122412,7.996050159681086e-10,0.2680329796374914,1.414185302791042e-09,0.3280896506982964,7.683637542526481e-10,0.33043887020269125
P007,S2_7,Sucralose,7,2,0.20116694923463949,0.6803725196607241,0.08845206280767945,0.3377013336001028,0.10774327584540844,0.26628687623689323,0.08031841054220384,0.2523077882598077,0.08005397023925943,0.23837726550798877,0.10792413133232703,0.20100644572728885,0.060165441229019664,0.5348698987231087,0.1009865051891619,0.20951770591150332,6.583136429562357e-10,0.26943724039379363,4.708673968524696e-10,0.24226637300860754,3.611854502254688e-10,0.18701507604115084,4.342918894108288e-10,0.2263848877631984,3.8766970962108947e-10,0.16631309940100578,3.788102251465355e-10,0.1592156178736241,0.13648951751389737,0.039694497889787725,0.08535703338186738,0.14695897468859692,0.08180230451698453,0.09289378996021998,0.07282402465988497,0.127260232125298,0.06328023667677853,0.10861501025084459,0.08564532296499462,0.07039756035191468,0.09447764983943917,0.05495421204922294,0.1049980180707193,0.08631840684124953,2.2639926943331368e-10,0.09409048446517644,2.8257728564345917e-10,0.08103198909146665,2.434796783600903e-10,0.08734804723860226,2.8795458231484903e-10,0.08518707170015774,2.6494867411669424e-10,0.10004212839259148,2.462360202962658e-10,0.08594762346381156,0.05389257358995826,0.021054198691030212,0.07388021669246653,0.049917732247411424,0.07270521058459688,0.07734881056065881,0.09920685156300335,0.057540376901301184,0.12449880646557548,0.05904528770935838,0.08699137268651266,0.09762000382720189,0.1056506660936345,0.05561916308154514,0.11815094074229106,0.09889254405586011,1.6754231600986306e-10,0.06389268295576349,2.851337139217466e-10,0.07783096258010883,2.149357177826201e-10,0.07502701057262784,3.2100964856647935e-10,0.0945783284933327,2.6217768242391953e-10,0.07837361423215226,3.813678395497687e-10,0.09177204708746693,0.29559948026773636,0.1417513085299187,0.47714250138197284,0.26517989864468106,0.39120693115853966,0.3191915611700836,0.43738890701921007,0.336653890230252,0.3440528422233434,0.30494581658445086,0.3641370061360127,0.35630677391082144,0.39609583534387915,0.20277811773247953,0.3875893166415122,0.34284146417727895,8.20464501993217e-10,0.31668616147852385,1.2285402791643325e-09,0.3273181113512455,1.1292205966919959e-09,0.35519924616431164,1.1373330025457066e-09,0.33232618347378745,1.2266454367674684e-09,0.38702139862473106,1.1484129693176206e-09,0.32449932940389714,0.3128514793937688,0.11712747522853978,0.2751681857360138,0.20024206081920787,0.3465422778944703,0.24427896207214436,0.3102618062156978,0.22623771248334082,0.38811414439504355,0.2890166199473571,0.3553021668801529,0.27466921618277274,0.34361040749402755,0.15177860841364385,0.2882752193563157,0.26242987901410797,7.191408378737502e-10,0.25589343070674264,1.0616231913675025e-09,0.2715525639685715,9.894728690620101e-10,0.2954106199833073,9.202662072190971e-10,0.26152352856952377,8.594050570007998e-10,0.26824975934951933,1.2588357565424447e-09,0.33856538217120036
P007,S1_5,Sucrose,5,2,0.17158511518339473,0.44039527687163676,0.05815582477909015,0.30548037323854604,0.0847932954386557,0.10052407765140611,0.07484069986856234,0.12754257823427875,0.06110923619612219,0.0991928741464539,0.038868176233666236,0.06758670909768319,0.07637548155281285,0.5853575829391937,0.08746837930496329,0.38391844782832385,2.3802751775866854e-10,0.1803452459006695,4.752967285589908e-10,0.21176260939551708,1.9653595527266566e-10,0.0926586865450309,5.515617284300747e-10,0.28327997290632345,3.0634879965498236e-10,0.10119163905142055,1.8551869231950243e-10,0.08015105517128805,0.0676458503805491,0.06457706512495937,0.10322680605737317,0.10820113843272018,0.08377579691669253,0.09962499669908617,0.11436813206574327,0.10643389192318115,0.08838092445814097,0.06396983974443281,0.07482305278014999,0.0746447987076577,0.0840291483220555,0.08090174517587512,0.0907741911486587,0.09064532765604802,1.5208707286775184e-10,0.08218645191390157,2.636525658913411e-10,0.08708292177842733,1.9425380273617977e-10,0.09170039680788936,2.800010238672405e-10,0.08658760307565933,3.798854838549252e-10,0.1104010119944622,2.3993754146814126e-10,0.07617538210128688,0.08280664101089821,0.04229093598345461,0.07879871624036335,0.06930172982348003,0.11777758692581324,0.12477356340160946,0.08853330223131464,0.06915106542051452,0.12340867529431812,0.09163683762563699,0.097597249122911,0.09488076013046591,0.13259761130935047,0.03336058201513983,0.10878916943758828,0.06371931775284087,1.6334500027777774e-10,0.07761267205192886,3.558484262269863e-10,0.10212733591297825,2.693015877062433e-10,0.12127557516371135,3.473203429536112e-10,0.08461667012872987,2.8086331407470903e-10,0.07884218382591458,3.358572634756153e-10,0.10752275645997755,0.3344569294432442,0.2405749435688571,0.4871243748527946,0.2732843849823283,0.3566755404254289,0.37373496532630984,0.3569025605340435,0.3800650579518176,0.369567446537554,0.36440653037110937,0.3657156113179551,0.41554526010022363,0.3116183967538177,0.18105551195898809,0.35966385689424324,0.26299826443794894,7.026289146776017e-10,0.3527835840442339,9.723616753477805e-10,0.30577110361613613,8.145239499296065e-10,0.36520525287586936,9.935738244012646e-10,0.2788340075112495,1.2332982024318512e-09,0.36848380924293056,1.0378994362285137e-09,0.3669869884543317,0.34350546398191373,0.21216177845109235,0.27269427807037894,0.24373237352292504,0.35697778029340943,0.3013423969215883,0.36535530530033555,0.31680740647020855,0.35753371751386404,0.38079391811236646,0.42299591054531765,0.3473424719639693,0.3953793620619643,0.11932457791080302,0.35330440321454626,0.19871864232483788,6.727357420644263e-10,0.30707204608926614,1.0669042995880513e-09,0.2932560292969413,7.971707131316935e-10,0.3291600886074989,1.076109764849363e-09,0.2666817463780379,1.1904181743262777e-09,0.34108135588527205,1.014188582665801e-09,0.36916381781311525
P007,S1_7,Sucrose,7,2,0.27321723910570406,0.6381462384567013,0.0741427161726249,0.5058335297599891,0.08915911950164482,0.20701110840981132,0.06488422658045874,0.22787590302134952,0.06261839376778758,0.22108158825084512,0.06221568167624444,0.08063006960314234,0.0872285482252036,0.14081542641076686,0.08636445666801426,0.10243318229962044,6.307054665679788e-10,0.27236424579573437,2.7927598672765185e-10,0.13105355063685664,2.851359168723722e-10,0.14808511395572807,2.5088186486002925e-10,0.10421040340090129,4.3249687764033895e-10,0.14638006480090412,2.900858877672746e-10,0.14184999100931633,0.10100828531281364,0.05266149032648129,0.10218348563354619,0.0724025258661556,0.08499297656859335,0.0608798771391995,0.08921396048784107,0.07489906874633176,0.07546771664085224,0.10101682176545237,0.07844791622351616,0.06935447771687349,0.053458594054144916,0.09646451563905128,0.10813732780028576,0.0698493699203779,1.952236089784604e-10,0.07934303017989773,2.037914697625307e-10,0.07394899085024727,2.3658290299868473e-10,0.07293642685389642,2.1869779046536526e-10,0.08197745185346496,3.33615917764965e-10,0.0820565146170864,2.457035521618403e-10,0.08824226920315231,0.09936500270185286,0.023651528486511725,0.08871355184360283,0.06434467572629612,0.13235758658616092,0.08102251031274908,0.11097139333429412,0.07948291301240379,0.1111555876740952,0.08930575330267192,0.13282762267846515,0.08886851813503781,0.11656594323950972,0.08733600043103137,0.09682432544749413,0.0936067750360323,2.2086186544511143e-10,0.08296181659529442,3.4808064603508717e-10,0.10432051014236278,3.6486635681695577e-10,0.10669004844945501,2.9010136077981467e-10,0.09858326103851689,3.9999669100457746e-10,0.09522715317334896,3.245338446946046e-10,0.10023067048838355,0.25987121833971233,0.13210731446945018,0.4257835750501888,0.18410318902896514,0.36342495893009114,0.3382894387081239,0.4233691960909918,0.35508102732060287,0.43341166803075,0.2853741014975526,0.3807616414090609,0.42223853165070024,0.4208703831308786,0.33511021183394313,0.35555916149132466,0.41685874342481455,7.201697887101426e-10,0.30081091165801294,1.1172969347074706e-09,0.3644237481507592,1.031744259674705e-09,0.3508571988191075,1.0706629003390727e-09,0.38209962497024025,1.5828006333369077e-09,0.3892251117057973,1.2259328827850108e-09,0.3593928847641513,0.26653825453991664,0.15343342826085543,0.3091766713000377,0.17331607961859316,0.33006535841350965,0.3127970654301169,0.3115612235064144,0.2626610878993121,0.3173466338865155,0.3032217351834785,0.3457471380127134,0.33890840289424606,0.3218765313502632,0.3402738456852069,0.35311472859288084,0.31725192931915475,6.603342891732263e-10,0.2645199957710604,9.433905234186273e-10,0.32625320021977416,9.384735378349466e-10,0.3214312119218133,9.240006672655684e-10,0.3331292587368764,1.166279555974999e-09,0.2871111557028633,9.568464322712193e-10,0.310284184534997
P007,S2_12,Sucralose,12,2,0.28768774426254634,0.7050331262155651,0.2018562183008456,0.5050631005343815,0.09351052060782672,0.15689276041147232,0.06773338927919535,0.10603511549155321,0.09745365717912655,0.3264210639486011,0.10702578263356984,0.18839921069515123,0.11321168589328494,0.36802862486474536,0.13605458078276514,0.1842645640428977,7.662585274601519e-10,0.3325108637736766,3.2010402922329987e-10,0.18291089794433235,2.0923585516892035e-10,0.12520164050964952,3.271566867610287e-10,0.20038986389592328,2.3486576881417513e-10,0.08688425238537428,3.3402176202915886e-10,0.2119373605638638,0.07790109238609152,0.04084483512887332,0.11348704367296988,0.0771270143852016,0.07424346934892724,0.11113677034637905,0.10336020433422147,0.08099257625153451,0.10529745005222477,0.08860623146149989,0.07938373421845456,0.10973133842629722,0.0828329238187282,0.05669998315692308,0.07943768883379723,0.060805781754723426,1.6836299234889167e-10,0.08307917636964803,1.9644405838942438e-10,0.08122828666773939,1.6325356147057784e-10,0.09269011984765314,1.7445080172451232e-10,0.06994409439104299,2.989365640710117e-10,0.092176390292878,2.4072907999359405e-10,0.09695184075686233,0.11020134985851342,0.025998800117134097,0.0777337658350482,0.06139316206005928,0.11907785798531778,0.0983230435529124,0.10639028116414669,0.07205756204348635,0.1355206960633929,0.06466655305374051,0.1011321504028857,0.1002399199344393,0.07905426956690269,0.04222626039999668,0.11546110262462927,0.0890123710017066,1.7973573318713204e-10,0.07944985803468001,2.2955985130878611e-10,0.08467035787628238,2.447525190671195e-10,0.10870045076911508,1.9393499157945102e-10,0.08143850089830881,2.993784909903068e-10,0.08922392160381651,2.8735735890561395e-10,0.10009362455856671,0.25507743752179796,0.12269993741329716,0.32570626658812063,0.19128340386252535,0.42791093657483764,0.3799838937476049,0.429856279230189,0.41921542275946005,0.3864071997820677,0.2706565243347165,0.373580436083635,0.3326106015295216,0.38990215846846743,0.28733586049506626,0.3113831604541848,0.37357683680391374,6.106061351980208e-10,0.26682634716648296,9.87189287542323e-10,0.3712832123214941,8.852263922602398e-10,0.40394741516122123,7.944231522984052e-10,0.34054950405540807,1.3038407427380314e-09,0.4245358509948245,8.585961898990947e-10,0.32853186205839213,0.2691323759710505,0.10542330112513004,0.28121670560301615,0.16513331915783272,0.2852572154830909,0.2536635319416315,0.2926598459922472,0.3216993234539658,0.27532099692318773,0.24964962720144157,0.33887789666145446,0.2690189294145909,0.3349989622526165,0.24570927108326884,0.3576634673046235,0.2923404463967587,5.604980298905786e-10,0.23813375465551245,7.627539863930079e-10,0.2799072451901519,5.901923580195768e-10,0.2694603737123612,7.38363693824226e-10,0.3076780367593169,9.143947153287953e-10,0.30717958472310647,6.376118050851438e-10,0.2624853120623146
P008,S2_7,Sucralose,7,1,0.053556907432417415,0.5174037925633654,0.05669287698018662,0.08284466172984355,0.0783849835413309,0.10102518322486671,0.08482062963912937,0.07019068667172397,0.061008489183806955,0.0885595329053073,0.05580429414827874,0.10964317528590842,0.07444467637439502,0.09280553995899253,0.06714379571072118,0.1523736291214479,5.323322902078701e-10,0.14599095135666668,3.1323613651549895e-10,0.08666509577489628,3.4810057495048595e-10,0.08970508338309881,2.6181138745792466e-10,0.09669191029138915,3.135622485422025e-10,0.07750565815542668,1.768558081693921e-10,0.07478401104455712,0.06656715926312672,0.08147766087584193,0.06844069728181708,0.0820952402461107,0.07116815803298608,0.09912639134805717,0.12229456885586226,0.09194211139880094,0.10278567562801343,0.08408845064626813,0.11125927472068702,0.10905937600436923,0.07556217838495642,0.09367931058226332,0.10203620946887271,0.09274889120297486,2.8215493945193963e-10,0.08648323473199211,3.005627328335396e-10,0.08488400958706575,3.187195112374227e-10,0.08514727469052163,2.984102261275829e-10,0.09100664740976683,4.5011909481931164e-10,0.1071183401273316,2.835881776158141e-10,0.09343706313714079,0.12545947365534657,0.03853335518537923,0.09637987261142651,0.12435437504438224,0.12155483141529501,0.11526572437726886,0.09595661946658435,0.10854672768415444,0.08743580354995877,0.10095670193383822,0.1391536823344965,0.1251407677896039,0.09432467735319851,0.10691753699997446,0.10851567307722555,0.08062010267808965,3.24735687332872e-10,0.10817025443677249,4.3731683404474154e-10,0.1095156925364342,5.248921119217361e-10,0.11841027789628193,3.3827796648597085e-10,0.09759449752712204,3.609473625871539e-10,0.10225167357536939,2.477334152781602e-10,0.0941962527418985,0.4173107092223922,0.17981643831574048,0.4735384713322818,0.3826928627141296,0.39432096347209783,0.3504758240106702,0.3862803783680116,0.4128729185009246,0.4096335611659952,0.40018859768177745,0.3632992210733863,0.35610684718668595,0.4309335380716588,0.361342064172492,0.3955963264056792,0.35824151027502915,1.0407839363420162e-09,0.36212742497410266,1.62838533304197e-09,0.38426809743172974,1.6942873510040857e-09,0.372398393741384,1.3904542037432386e-09,0.3865283597312148,1.4478797757321151e-09,0.3995766484344681,1.1445533343248014e-09,0.4049110794238863,0.3371057504267167,0.18276875305967297,0.30494808179428823,0.3280128602655341,0.33457106353828997,0.334106877039137,0.310647803670412,0.3164475557443958,0.33913647047222584,0.32620671683280883,0.3304835277231521,0.30004983373343264,0.32473492981579105,0.3452555482862779,0.32670799533750144,0.31601586672245846,8.899135795662511e-10,0.29722813450046615,1.3242591697571606e-09,0.3346671046698739,1.450800485710321e-09,0.3343389702887135,1.1062165725035981e-09,0.3281785850405072,1.161063444292413e-09,0.31354767970740394,9.464499553825145e-10,0.3326715936525173
P008,S2_5,Sucralose,5,1,0.06710716167859736,0.5363264864549494,0.10275299498409259,0.05675395507831323,0.07269716450473448,0.1348960267285846,0.07290086632993682,0.08154443262015806,0.1029036804299853,0.06289250053497206,0.07269307662765118,0.13698213187296684,0.06677240474759917,0.08154507680540335,0.08042938318264345,0.12121382356994151,5.313728549907254e-10,0.16210263444942843,2.7315728099443203e-10,0.0889776681965804,3.253584254855802e-10,0.10379659561665955,2.5596305557826896e-10,0.08749017207639687,2.4432070395543227e-10,0.07722264947504745,2.7213486989334183e-10,0.08289809048247868,0.06305362209304928,0.12092882291639272,0.06924261183109247,0.06496478974872887,0.07464771676672385,0.07690260539043939,0.08173179383892556,0.08273759871371066,0.06621130457312122,0.07142325938430104,0.0785027949685106,0.07673185537020248,0.0824766679931634,0.07306164538900292,0.10895824405007278,0.06432513090524514,2.537357501221432e-10,0.07890408282132941,2.917601414648789e-10,0.0767721588848324,3.166701548140604e-10,0.07577516107858162,3.1001453536152997e-10,0.08220542208437107,2.723074283775858e-10,0.0822346962763181,1.8118192186291784e-10,0.06881728197871112,0.08315583962818134,0.019767311790760737,0.08647144151040694,0.10491432752870852,0.0927500325665301,0.11215175332210643,0.10476343001322519,0.10448420438407402,0.1078003153131514,0.11148909579242881,0.09717704738597592,0.09967007361212972,0.10186266843803533,0.10205732372931799,0.06981660841306359,0.09540104198600884,2.3494779973807106e-10,0.08185934024269387,3.651624358337177e-10,0.10220544451399746,3.981565493263831e-10,0.10245089294431826,2.9035707030870344e-10,0.09228441064160645,3.487517412901131e-10,0.1046238171986496,2.940444247108747e-10,0.1096447055527901,0.428945377674319,0.1739219751311996,0.42651218888372705,0.3978596633429064,0.4293922376354668,0.3504814720518131,0.4015636178029382,0.4095784197034971,0.3984974307265791,0.4038485087880645,0.41320957102735606,0.3483313679999224,0.4471592108455997,0.4032255939197256,0.41660737134188264,0.33152283842622243,1.0996911497919232e-09,0.3647966906765718,1.6219591811723578e-09,0.40756462861315135,1.795590511569916e-09,0.38993685484363994,1.4169254768112189e-09,0.3996287536333576,1.3384668784971998e-09,0.40557101875321766,1.0853444124469164e-09,0.4011729697573218,0.35773799892585273,0.1490554037066975,0.3150207627906808,0.37550726430134296,0.33051284852654467,0.3255681425070562,0.3390402920149743,0.32165534457856015,0.32458726895716267,0.35034663550023387,0.3384175099905061,0.33828457114477833,0.30172904797560224,0.3401103601565498,0.32418839301233787,0.38753716511258246,9.015545546745738e-10,0.31233725180997646,1.1950501379504567e-09,0.3244800997914382,1.3978795684265888e-09,0.3280404955168004,1.0617820419757195e-09,0.3383912415642681,1.1255925671047604e-09,0.33034781829676724,8.882480459448823e-10,0.33746695222869827
P008,S2_12,Sucralose,12,1,0.04324546947501114,0.2411282000295321,0.061677309003011854,0.06409847054928315,0.06922745568842192,0.04158833198292647,0.05968528812297452,0.053274595989551775,0.0822154864483883,0.05634177963825908,0.05576936345652439,0.06641305873622193,0.06689115386540369,0.052224941104853415,0.03868587733860871,0.05404852299046476,2.2256553216354366e-10,0.08872197854159741,2.619646461120541e-10,0.057482970660401374,3.3822753327893215e-10,0.055407893835674196,1.6570729588416212e-10,0.05296262382483264,1.768143895755189e-10,0.05647994205626315,3.022806825445407e-10,0.06927863304332368,0.06075896853441086,0.10405743628516911,0.07625881717206069,0.07931013664432435,0.0697773006186787,0.08892762732954898,0.1107917587456965,0.075075406096445,0.10017740931773232,0.07476626316705197,0.07426819491551805,0.11116935039283321,0.06691916878258446,0.07953548336751046,0.08194708953447961,0.07807549795451292,2.2753112306159546e-10,0.08430381732405272,2.7235798163679406e-10,0.07628989502458064,3.528605119879755e-10,0.07935246397411384,2.413728881487221e-10,0.07661930990977185,3.239224950618633e-10,0.09293358242107075,3.6946163595322854e-10,0.08747183624239215,0.08259236206988467,0.08345616052131173,0.12406176531756485,0.10034454964982442,0.09170507510559675,0.11090014122829664,0.09138484574589001,0.09883857611605078,0.09916545014702288,0.08864477421756217,0.09684232748122418,0.11343766754188896,0.09151876488525117,0.09096220134177034,0.10028172153436953,0.06514322420308864,2.899057527718497e-10,0.1001224720969498,3.603232160363579e-10,0.09627154564022872,4.622302074839972e-10,0.1013026081669467,2.997775804652598e-10,0.08697647799111992,2.7383471349479416e-10,0.0951117109309704,3.6845881938416373e-10,0.09390511218229253,0.3761174809364456,0.2907539145301038,0.3330845139411202,0.36560697626056793,0.3846140676059972,0.35620208268187803,0.381241431566485,0.39104684376842236,0.35571365304596353,0.3833007485998315,0.36132328427153776,0.3514705506825934,0.4235067689337775,0.37273274049951133,0.4134145864528734,0.37579368660656415,1.0417372609055475e-09,0.3463927867703948,1.5480145010444728e-09,0.384263914930291,1.910929086045892e-09,0.3704080751439376,1.3218923301571084e-09,0.39636194562318156,1.1385532851947616e-09,0.3861441376674537,1.3338724177546365e-09,0.3695072008228975,0.4372857189842479,0.2806042886338833,0.40491759456624277,0.3906398668959999,0.38467610098130517,0.4023818167773501,0.3568966758189541,0.3817645780295303,0.36272800104089237,0.3969464343772955,0.4117968298751957,0.35750937264646293,0.3511641435329829,0.4045446336863545,0.3656707251396688,0.4269390682453698,1.1810767416378263e-09,0.38045894526700536,1.4634405951598453e-09,0.38569167374449814,1.9229585336854912e-09,0.3935289588793276,1.1701415725115979e-09,0.38707964265109396,1.0686765042043492e-09,0.36933062692424223,1.3613105203853437e-09,0.37983721770909395
P008,S1_12,Sucrose,12,1,0.09811670708728394,0.3629701352639262,0.061746527881335084,0.16441939851871132,0.06088313438085729,0.21472031659501523,0.06520429864601357,0.0818121993894223,0.07901281903026079,0.05591460030017345,0.053486488096881245,0.14909399342704416,0.0727797584328475,0.11786527118047674,0.10033972105684678,0.11098618752227632,3.468237729141891e-10,0.14830554171253033,2.5278442436552103e-10,0.11656212014729919,2.344290473108452e-10,0.13780172548793626,2.380923860005515e-10,0.10049273454811183,2.428225466904938e-10,0.07350824901771794,2.302314785155296e-10,0.06746370966521711,0.09584673379854776,0.08884214451467724,0.10466638530107379,0.07677862406330474,0.0659307519432301,0.07913316349876677,0.10205190815113686,0.09325483990803786,0.10028182243426247,0.06487412127362042,0.07339391330335397,0.09218360819192345,0.08119356097086716,0.0935073988555093,0.11108960673585612,0.10103207461460202,2.191643587095824e-10,0.08861856819548015,2.234974603219579e-10,0.07994121881709333,1.627506032148519e-10,0.07253195772099844,2.4819731134352613e-10,0.09670566029420864,3.6986329949633243e-10,0.09765337402958736,2.9030358623922643e-10,0.08257797185394145,0.08173439526757369,0.05085724186281962,0.10353697119806306,0.08575118169234551,0.13806989941556638,0.08027017905104787,0.08701009283041376,0.1324908782444096,0.10624605529647861,0.13376756171904855,0.10382552251239838,0.08952482248200289,0.12134454483959581,0.0709110359756005,0.08748441208853373,0.07236521782028735,2.192035687333883e-10,0.08587168916920052,3.409092426235304e-10,0.10264891482045264,2.900700649697435e-10,0.10917003923330712,2.769608124785276e-10,0.08802630268100434,3.3085172944927127e-10,0.10975048553741168,3.2788083079735195e-10,0.12000680850776357,0.3961110717558586,0.2496285730095509,0.4160642518187522,0.34832842054464513,0.3913537557329703,0.3240145916047932,0.43520934701037134,0.3622250247722983,0.38729334455239645,0.36695260430828136,0.4087034923531492,0.35394468399442947,0.43703882169207026,0.36457882321839014,0.3566504474412997,0.3536823217322777,9.30623907233061e-10,0.36213008224606424,1.171438608314359e-09,0.37924649806205596,8.795092285980141e-10,0.3576841736688817,1.082210151333995e-09,0.37798760352100946,1.566935416908055e-09,0.3987171858913348,1.1575221347589824e-09,0.37712297443033893,0.3281910920907356,0.247701905349026,0.31398586380077587,0.3247223751809932,0.3437624585273758,0.3018617492503771,0.3105243533620648,0.3302170576858322,0.3271659586866012,0.37849111239887556,0.360590583734217,0.3152528919046003,0.28764331406461946,0.35313747077002366,0.34443581267746376,0.36193419831055673,8.069424321656888e-10,0.31507411867672463,9.001461776235845e-10,0.321601248153099,7.828012472473119e-10,0.3228121038888765,8.541945122530579e-10,0.33678769895566596,1.139018778407729e-09,0.32037070552394853,9.992127129133e-10,0.3528285355427384
P008,H2O,Water,0,1,0.09148754569100055,0.5365703516632967,0.08762954575492436,0.08165776764888473,0.08138925641623897,0.11009451727211529,0.07418359588712317,0.08730423334670923,0.054532512167482,0.0844848464902783,0.08810156120671764,0.07771437764729738,0.07599943358037645,0.06729419910699233,0.07916350511944142,0.1057852362128901,4.696672414213743e-10,0.1605268582686869,2.9834095827225866e-10,0.08369435159393075,3.5124069406779874e-10,0.09574188684417713,2.4904547209655685e-10,0.08206059350492508,2.3520781353284613e-10,0.0807439146169162,1.9101310053851283e-10,0.06950867932888015,0.07488595874326164,0.07166035716213665,0.07546206640965017,0.08824266815306729,0.07389539201258657,0.07615005080847559,0.13636336911362243,0.09560555111375746,0.06296730073423949,0.07929943088028883,0.06626296535166727,0.0859506657793849,0.10333748151838205,0.09468162491874331,0.0682503633503741,0.04967965278106698,2.090608268214806e-10,0.07707744693319464,3.234396116311563e-10,0.08701613731454688,3.1238293882889214e-10,0.07502272141053108,2.6653674953989675e-10,0.07898728064214161,4.191960874040344e-10,0.11598446011368994,2.1697718512524898e-10,0.07113336580726416,0.08984805866348575,0.03296697061766623,0.09605812865933419,0.07688800647202103,0.1075888951015502,0.09158984081994673,0.12357780893304028,0.07908397136113123,0.09273856477970571,0.08024821029180158,0.09311096030441961,0.0769479483406239,0.10912186570203482,0.08479967136789189,0.08458758696357617,0.07718969609757896,2.4533037542054797e-10,0.07763667884292512,3.995504305653075e-10,0.0982750682478559,4.495392280145122e-10,0.09958936796074846,3.0145538769231757e-10,0.08892470503277046,3.783588297892227e-10,0.10133089014708575,3.12396069498153e-10,0.08649338753575364,0.4279837096001132,0.17461352335653055,0.42315011301479755,0.44803392364506794,0.42739908593242915,0.4408572168042256,0.3760602567328195,0.40875217391859675,0.39894370462718204,0.439016584583891,0.43123908163834973,0.4590037719701277,0.3845541201772698,0.442626156096996,0.38852485817992427,0.4714642543435056,1.1572454059844231e-09,0.3940040205374978,1.5367087143063825e-09,0.4238591447527301,1.8068870815873112e-09,0.4341281513683274,1.2421952211988133e-09,0.42179234719942393,1.18548276650693e-09,0.39240621532570813,1.3622704708800562e-09,0.4189801446055365,0.3157947273021394,0.18418879720037015,0.3177001461612941,0.3051776340809592,0.309727370537195,0.28130837429523675,0.28981496933339457,0.3292540702598054,0.39081791769139057,0.31695092775374056,0.32128543149884536,0.3003832362625662,0.3269870990219365,0.31059834850937623,0.3794736863866841,0.2958811605649583,8.816814010123621e-10,0.2907549954176958,1.1800248555769035e-09,0.3071552980909361,1.2989642875813205e-09,0.29551787241621585,1.0871456855220482e-09,0.3282350736207388,9.164948418505029e-10,0.30953451979659996,1.312331525596828e-09,0.3538844227225656
P008,S1_7,Sucrose,7,1,0.08326933344240989,0.719887207637791,0.07684509526552526,0.07360102035701921,0.0866575142269582,0.0810060353482252,0.08565454800844813,0.0970934210693157,0.09142826800358364,0.085071411610411,0.08273226394690049,0.06073609893449382,0.07532356943800438,0.08465961008949119,0.10038885859047497,0.15410873783388424,7.202610731814948e-10,0.18284516993068997,3.7120869657274593e-10,0.08191168227566975,4.565547732976622e-10,0.0838317747875917,3.2866162328972905e-10,0.1036201939879637,3.3005288238932787e-10,0.09137398453888192,2.8375466157615616e-10,0.08824983980699733,0.08075163017128509,0.05343817607903548,0.09616412023247423,0.08291810142709918,0.06111683937900318,0.1000274704147348,0.06256163026641931,0.06755932482589476,0.0915090091378079,0.08339184921082987,0.10175970749622001,0.07089966432987282,0.0915797933786685,0.0563553870302276,0.08936623289916755,0.07963422055819912,2.8660734742971155e-10,0.08098856662266446,3.346585901486563e-10,0.07726987255065852,3.3597833114560515e-10,0.08057215489686899,3.1795856478945474e-10,0.0792339084665657,2.4019893396375576e-10,0.06506047754615704,2.835643918293733e-10,0.08745042917431889,0.12344574042746581,0.020310942117536174,0.10771414080925895,0.12840544511515986,0.11450718300643258,0.1320433293423712,0.1082342864262093,0.12457418061354791,0.10262085265799631,0.11963508143603517,0.10466617827414143,0.132783519066958,0.11249412126633848,0.12430899520757001,0.12918855520959227,0.09342020251697397,3.0061877529137113e-10,0.10288766096842004,5.188559920810737e-10,0.12083840720567807,6.114320606738269e-10,0.12327525617440188,4.2654814605291034e-10,0.11485296855011869,4.175480535141626e-10,0.11640423351987861,3.245590833588849e-10,0.11112796704701575,0.38000022005328066,0.11221762842023866,0.422352546999037,0.3748701840321808,0.4234925483627314,0.3998419961798676,0.4238408011754706,0.4018995646304847,0.39047158494948647,0.39155914712979045,0.4129425095399215,0.4201511534121789,0.39118384074826973,0.428150390536581,0.38280875027394673,0.399162934442321,1.1409252788225177e-09,0.3537557070761396,1.8567694439624288e-09,0.4106671939568624,2.2324624352617317e-09,0.4116672722712995,1.4027670351849748e-09,0.4003264790002796,1.612833762899188e-09,0.41287018290297767,1.2189528358998796e-09,0.3910153660396385,0.3325330759055582,0.09414604574539899,0.29692409669370406,0.34020524906854155,0.31422591502487507,0.2870811687148008,0.3197087341234524,0.30887350886075726,0.3239702852511258,0.32034251061293395,0.29789934074281654,0.3154295642564964,0.3294186751687184,0.30652561713612986,0.2982476030268181,0.27367390464862146,8.610565429896052e-10,0.2795228954020859,1.4420312769813234e-09,0.309312844011131,1.6533293711294572e-09,0.30065354186983795,1.1222030980448696e-09,0.30196644999507194,1.2180629015741453e-09,0.3142911214921048,1.01021454999545e-09,0.3221563979320299
P008,S1_5,Sucrose,5,1,0.08480904050957101,0.5153143695758926,0.04002129343885336,0.09389176194397178,0.07730199403160695,0.10304406484729271,0.0707558847608218,0.05906720489656808,0.07573247280914423,0.09080507113024666,0.06392020129774996,0.06481351519650327,0.06289222871344105,0.06507070723125324,0.05859827207180013,0.12231873582586276,4.667425696363845e-10,0.14379503032709035,3.854943534551457e-10,0.0770772487058985,4.1193821842190225e-10,0.09017302943944983,2.6677829296450857e-10,0.0772199859605893,4.354820560226084e-10,0.06491154482869493,2.0162312714592022e-10,0.08326877196969545,0.08072700597011907,0.10107204343581977,0.05552088416443554,0.08957122234979908,0.10406773910004877,0.10910216364550976,0.08138315791069968,0.06218338366962159,0.0984538281801464,0.0759206476098188,0.07173670535195986,0.09235420573586776,0.0876143207678911,0.0780023667257229,0.11198092565045206,0.06692633418481585,2.2784495544885752e-10,0.08183034450133352,5.1886609924164e-10,0.09469664755979312,5.423752832007323e-10,0.10658495137277926,3.8078188953802877e-10,0.08613098683222048,4.992432583257128e-10,0.07178327079016064,2.4858649210029294e-10,0.0871872378949826,0.12083505485635579,0.04543217315153859,0.13983564325300996,0.11844545119730378,0.13665514899336154,0.13136614382932324,0.11912921030627016,0.10904743483928629,0.11280214054875866,0.11658079871367576,0.114998669087961,0.1445055343278532,0.11735203172195795,0.11169696078401056,0.13296253367802607,0.09223396423559319,3.057543726544945e-10,0.11400875431233704,6.86780080032994e-10,0.12426757133216332,7.073130938172975e-10,0.1340106464113424,4.937406092016528e-10,0.11356137260489693,7.359518353234151e-10,0.11408832257277823,2.9431822730440155e-10,0.11469146963121721,0.34798638418141614,0.16479895539210598,0.45032819549502895,0.3384275405136923,0.3455314060132737,0.3378846385159667,0.36739958118939603,0.40294919814298646,0.34380778585884997,0.36752437286541867,0.4022706123391348,0.3764438326197547,0.3911721315536807,0.37944916634270176,0.3643428866256206,0.33270958754549446,9.97727414052532e-10,0.34670925342352216,2.007166031362027e-09,0.3635093356064057,1.7907930881959012e-09,0.34170802226462016,1.56801558336767e-09,0.3669184430168744,2.2887727107038757e-09,0.3851743896661912,9.009651683705106e-10,0.35566607936213435,0.36564251448253754,0.1733824584446431,0.3142939836486723,0.3596640239952337,0.3364437118617086,0.3186029891619073,0.361332165832812,0.36675277845153764,0.3692037726031008,0.3491691096808398,0.347073811923194,0.32188291212002146,0.3409692872430288,0.36578079891631116,0.33211538197410123,0.3858113782082335,8.92034243106393e-10,0.31365661743571704,1.8454838592515928e-09,0.34044919679573893,1.739414000103618e-09,0.327523350511808,1.4083069673743232e-09,0.35616921158541864,2.242523119135982e-09,0.36404247214217483,9.529048906175116e-10,0.3591864411419703
P008,S1_7,Sucrose,7,2,0.0628796240496356,0.14743361684916095,0.06138339138250087,0.05850198743936123,0.05774073704798999,0.1264552378810838,0.05246908564355155,0.05266712339227008,0.05457310153877537,0.052850909489370365,0.07298694241137982,0.06880523265311353,0.05072705209505769,0.06198712430091243,0.07154444493869515,0.12672575224453902,1.4981834517403306e-10,0.078665132464192,2.922168113808451e-10,0.07422753783126097,4.526375137911245e-10,0.09209798746453689,1.7906969947231284e-10,0.07774609339480107,1.3839763936791096e-10,0.052568104517910816,2.990250778608778e-10,0.05371200551407287,0.06839640259187504,0.12026587565484129,0.133470551604925,0.11341514497389804,0.08363394294788062,0.10218032088880566,0.09985177582927751,0.08137973988988158,0.10077003534885313,0.08762948965983891,0.08766665947115365,0.10631211548768164,0.08889943499244135,0.07798295294620386,0.08003329499050395,0.07122440166626705,1.846859263805486e-10,0.10492112496406243,4.322297852749229e-10,0.08817416294383287,6.386475064541642e-10,0.09290713191834314,2.2535590641749652e-10,0.07953502114885405,2.604169724407139e-10,0.09061575785957954,5.507420052563297e-10,0.09419976250434603,0.07866430860540276,0.08890650413673808,0.09718127979537708,0.0760214214727837,0.07676449162587243,0.10871466135231847,0.10331845567119997,0.09833295942534338,0.1029801019163246,0.0872611624927411,0.1107813196430246,0.10510304903418005,0.10151385132278873,0.09254445501401275,0.12495124202012622,0.0735315623343641,2.0658164701919183e-10,0.09277631378125106,4.238806957842185e-10,0.0948843648287481,5.893189162429521e-10,0.09273957648909545,2.9722663385926776e-10,0.09813527767282296,2.7167825477308013e-10,0.10082570754827168,5.624960542452416e-10,0.09512063220453285,0.4099424367683968,0.38445199711122696,0.3608635731150825,0.42426976042325865,0.40444262179036616,0.40914012827839974,0.36296211430794034,0.3786607863325247,0.38872739486929514,0.4056310008256241,0.3758095544059346,0.4284591277308777,0.4215231637007504,0.42013445178718123,0.37085966498199274,0.3817688654207584,8.361568259911075e-10,0.3972994082591295,2.0748955470664323e-09,0.41381009138917435,3.070604113404945e-09,0.40679137503438295,1.0710422368604611e-09,0.39857153647267063,9.596363215833841e-10,0.37081145032023255,2.134108982877958e-09,0.3971791978474596,0.3801172279846898,0.25894200624803276,0.34710120410211454,0.3277916856906986,0.37741820658789105,0.25350965159939226,0.38139856854803056,0.3889593909599802,0.35294936632675217,0.36662743753242616,0.3527555240685073,0.29132047509414705,0.33733649788896214,0.3473510159516897,0.3526113530686823,0.3467494183340711,7.674697615042487e-10,0.326338020531365,1.8520352055448895e-09,0.3289038430069838,2.8385452436312912e-09,0.3154639290936416,9.348045723720337e-10,0.3460120713108513,1.006976412613003e-09,0.3851789797540054,1.9374512752251513e-09,0.35978840192958916
P008,S1_5,Sucrose,5,2,0.09682795956639852,0.5794417647758877,0.08118917063262424,0.08593820863899836,0.07114612873175136,0.10845406144591686,0.08767560656151271,0.1162095057839649,0.08337294628334156,0.083247596982713,0.09235977650235012,0.09122198468193903,0.12178623759379335,0.09899372566713917,0.10882508986285647,0.16084679891201384,4.642670459194165e-10,0.17116314413303302,3.522366028441689e-10,0.10009503835965018,3.067622093175753e-10,0.0898000950888341,4.220887264678947e-10,0.12261296300895069,3.073050503204133e-10,0.10194255617273881,2.7528163368033456e-10,0.08331027163302729,0.08057669484007429,0.07473240774906738,0.06264106650944698,0.08282647993064544,0.05980783583942487,0.08660046082363543,0.08470279005131084,0.08186842983978947,0.06208659920731333,0.08915634884571644,0.09540333079608806,0.08825514581190247,0.10422918074919495,0.08800712791764162,0.07580338735421167,0.09112409779997484,2.351611239093988e-10,0.0807391876062041,2.989173493782959e-10,0.08466115133247422,2.568117100701942e-10,0.07320414833153015,3.2093781998969616e-10,0.08979094845525576,2.9110319072189055e-10,0.08328560994555015,2.0993962496396544e-10,0.07562147402651488,0.10581746298327893,0.03553738327110324,0.09642512505200168,0.10263043897043576,0.09460453627363188,0.1007335588539198,0.10428015102749592,0.09330415847484902,0.11264029638100821,0.09890443832728064,0.08878141283092615,0.08767874614041754,0.11513388904379489,0.07834065085215446,0.11830510065329405,0.07181697135033699,2.3120979449117294e-10,0.08614509487469389,3.853886737075009e-10,0.09720315875587526,3.977944095629681e-10,0.09766904756377584,4.041965491268545e-10,0.0958991529748951,3.56961989942575e-10,0.09879215475117248,3.694488681340334e-10,0.10577236735414443,0.34435567557834923,0.15103717080608697,0.4078536128176023,0.38185907181588646,0.41308622753886703,0.3823010132232777,0.3647319863759942,0.39238159345736046,0.4381552741531631,0.41200554240910836,0.38711796014644795,0.3942639137893291,0.30299878262149416,0.4017218037694876,0.4119139521200288,0.35720332792827086,9.554991240884625e-10,0.34441456749228366,1.3718378830809233e-09,0.3750269567882816,1.7235644032711078e-09,0.39769362038107237,1.294030501295379e-09,0.3684594666098204,1.261076536510538e-09,0.3785567899166773,1.442068219761973e-09,0.4250804082811357,0.3724222070318994,0.15925127339785508,0.35189102498832425,0.3467458006440344,0.3613552716163248,0.32191090565325076,0.3586094659836862,0.3162363124440366,0.3037448839751736,0.31668607343518135,0.33633751972418763,0.33858020957641194,0.3558519099917228,0.33293669179357727,0.28515247000960986,0.3190088040094027,8.691432052299515e-10,0.31753800589378545,1.337752330415787e-09,0.3430136947637189,1.504810766219058e-09,0.3416330886347878,1.145448641419095e-09,0.32323746895107813,1.2266779663371485e-09,0.33742288921386143,1.0053452344689951e-09,0.31021547870517746
P008,S1_12,Sucrose,12,2,0.10421343975055378,0.7116008136166715,0.09055451680779356,0.09980327220353047,0.1223720696950351,0.17127153459780395,0.07997494964254727,0.08686190241990324,0.06235983366495325,0.09415115660745403,0.07708818790651427,0.09006918945151275,0.057064354769307865,0.07673837184400178,0.07528592274612347,0.25732893541639196,6.127756611804479e-10,0.19555490328942937,4.2328486325985505e-10,0.10686158272653717,6.688511716557136e-10,0.14682180214641952,3.286918492323223e-10,0.11660439619395627,2.5177128237967177e-10,0.08341842603122526,2.451652403192824e-10,0.07825549513620364,0.0974446890614742,0.037889325459096325,0.07010126092275282,0.10921271410702911,0.10656383296621698,0.09247725764923484,0.10558940017012594,0.07494861417344913,0.11064008001354937,0.08667680099836736,0.08151457918953439,0.11583319897910145,0.07717069500916207,0.08906439313971846,0.07587416387107494,0.08369551526215864,2.5082277604611156e-10,0.08533262795316472,4.020557605439795e-10,0.0913190446910831,5.664054321505448e-10,0.09952054530772592,2.968536951269922e-10,0.08145119182052853,3.2537291673301446e-10,0.09026900717178754,4.2205912720835207e-10,0.09865844050595837,0.09532587640881494,0.021471689932970852,0.12311938555728838,0.1266495780666065,0.08268675978976632,0.08270129145712561,0.09164409177009494,0.11295249250505272,0.09135475196162217,0.11262961061814598,0.08653601184154426,0.1138049533960387,0.10856993159779058,0.10912154768820652,0.11494587579430521,0.06804541124543215,2.731292489382995e-10,0.09448458253387727,3.8706179484490967e-10,0.09576988263322225,4.425929605250921e-10,0.08269402562344597,4.1411979022011515e-10,0.1001706915814336,2.9088299305701425e-10,0.10229829213757383,3.550913039817648e-10,0.10199218128988408,0.3621128270266832,0.12041550346979177,0.4253145399031474,0.3828297004950686,0.3918382277777364,0.32767734315820624,0.3779443358650025,0.4157821624578151,0.36976694506945845,0.38480095268021214,0.42380084036901206,0.3740339509869164,0.40818764030531385,0.401674844426837,0.38446198210000493,0.3230069016761477,1.1912798789699644e-09,0.34808456037510327,1.6620503134721177e-09,0.3823445139170234,2.0791886442417916e-09,0.3597577854679713,1.4877391235335893e-09,0.37933284212707585,1.190753711359594e-09,0.3968632491614088,1.4258406702426836e-09,0.3772839488748353,0.34090316775247387,0.10862266752146948,0.29091029680901814,0.28150473512776514,0.2965391097712455,0.32587257313762913,0.34484722255222905,0.30945482844378,0.3658783892904165,0.32174147909582057,0.33106038069339433,0.30625870718643106,0.34900737831842543,0.32340084290123616,0.3494320554884913,0.26792323639986987,9.484445477335467e-10,0.27654332584842534,1.3281980324346973e-09,0.32370497603213405,1.5955581188327027e-09,0.3112058414544373,1.3075582026823203e-09,0.3224408782770057,1.074097078079176e-09,0.3271510254980045,1.4013607388900816e-09,0.34380993419311856
P008,S2_12,Sucralose,12,2,0.08836225416357224,0.39906469761560326,0.07206166054903476,0.07366141874237353,0.08342754931527774,0.09140959929453031,0.06535088194565708,0.0987185964153247,0.07858854389435259,0.07854244039262726,0.07515224675929318,0.07074909664726828,0.10891384528382274,0.086133778695829,0.06859611065831997,0.09822891395424149,2.7082059171327385e-10,0.12984189574619087,3.4181656809717154e-10,0.09247119314736495,3.7266162079232515e-10,0.08741857430490402,2.922256984348041e-10,0.09046816214805331,2.130371794843705e-10,0.0820347391804909,2.5830851448102876e-10,0.07856549214348993,0.05771698531334328,0.0629267161071511,0.09087786143502662,0.06945653682273807,0.07570447003614833,0.0756083557404861,0.08409022341294617,0.0752794329731431,0.08260913517497553,0.06517717081392004,0.08557627542088278,0.08274551425734117,0.07929440392737472,0.06761800309804107,0.07569259294024558,0.07023368984249641,2.081845134308382e-10,0.07488331489274716,2.8178890254734196e-10,0.07455630820051257,3.3619888591139404e-10,0.07565641288831722,2.548758531174098e-10,0.07320967245203945,2.647906095962745e-10,0.07968482819304464,2.683911125903654e-10,0.07389315299444779,0.08091659957221756,0.03653161049726432,0.09173223103093482,0.10954710020847823,0.09228762727295331,0.09721451239738749,0.09791864582554156,0.08343155781940134,0.08683808534754954,0.08386647560368349,0.07788361891502281,0.11592710535535553,0.11445055661914895,0.0923863267634329,0.08748450883259984,0.07922494718324813,2.0563011264546695e-10,0.08542304426321222,3.6917341514321825e-10,0.09908475576323066,4.111938749371079e-10,0.0947510698351704,3.2626210854803804e-10,0.09338658484960746,3.07572144760886e-10,0.09067510182247146,2.84897196598537e-10,0.08535228047561652,0.4369449410289164,0.2540158770797153,0.43465380931816144,0.40898800353092085,0.418505829805241,0.4042010765738229,0.4396715905114865,0.40583635748404884,0.41070729720043225,0.4156872855529519,0.42164163961984746,0.4063330381651679,0.36692439131551785,0.4195994094952468,0.4237254546441118,0.39166971722089206,1.0729475910472499e-09,0.3937628847904549,1.4641384647969108e-09,0.40230767679745716,1.8548716818928298e-09,0.411353453189532,1.326680397932766e-09,0.40047974316894214,1.3866828603204232e-09,0.4227539739977677,1.350872820200766e-09,0.4131972913766921,0.3360592199219508,0.24746109870026547,0.3106744376668426,0.3383469406954895,0.33007452357037964,0.3315664559937731,0.3129686583043688,0.3367340553080824,0.34125693838269044,0.35672662763681745,0.3397462192849538,0.3242452455748677,0.33041680285413605,0.33426248194744973,0.3445013329247228,0.36064273179912215,8.522670496420076e-10,0.31608886030739497,1.2121407989374102e-09,0.33158006609143464,1.4663521589980648e-09,0.33082048978207634,1.1319683437414403e-09,0.34245583738135765,9.957057016100718e-10,0.3248513568062256,1.1244830013003353e-09,0.348991783009754
P008,H2O,Water,0,2,0.08833449270644554,0.6973838470427339,0.088875993265733,0.08884263224628458,0.06476828180336511,0.09262302529376369,0.07895448580501199,0.12428012391435797,0.08830658373516705,0.12822791393183158,0.08523978329175316,0.08352729548064577,0.08728681538027414,0.0877907357061159,0.10000261542531295,0.10620316938430513,5.194971297997892e-10,0.18870067400559934,2.8417240720103297e-10,0.08311721454587971,2.6797318395828206e-10,0.07869565354856439,3.469896842886782e-10,0.09532083397400203,2.5522488050902466e-10,0.10161730485968498,2.883410890386008e-10,0.10826724883349931,0.07834359351129205,0.046539401139003136,0.07605169426516749,0.09661693443808907,0.07864275139722678,0.07930865306960788,0.09093209264217299,0.0976104832483892,0.11421557731617324,0.09295197609493978,0.07507098845811767,0.09928308950360382,0.07931279181341465,0.10032596509027036,0.09269848908974909,0.08656788429530958,1.9622201299811492e-10,0.0786509502192122,2.973572859015188e-10,0.08439754034262992,3.1788055587251345e-10,0.07897570223341732,3.1836390695058737e-10,0.08972628257218593,2.8546448050309716e-10,0.09427128794528108,3.603721852536297e-10,0.10358377670555652,0.1111694221277788,0.02646807052916434,0.11994766008549952,0.1226374127085676,0.13404767396758846,0.11842292963428219,0.10287215974097329,0.14075253281091393,0.08945265280123091,0.10204481071288146,0.10681150705326073,0.10483079241598332,0.1225170542594521,0.1459775002227056,0.1346902052577973,0.09949282756665812,2.614384248818941e-10,0.09864414415337573,4.819840724940807e-10,0.1302412895210071,5.380422193103099e-10,0.12623530180093534,4.689299480477993e-10,0.1256693968266533,3.285961469247591e-10,0.12181234627594362,2.872823607862273e-10,0.09574873175705619,0.40626203234713687,0.11739153393635265,0.40262084478565396,0.3437561537438655,0.4253402514456199,0.39292518015490474,0.4104928401160958,0.3479586870709903,0.3601286626846507,0.36409844827681975,0.3803358144006965,0.37001580159251485,0.40438791635457194,0.3487057922138202,0.4095312907697061,0.4014437560258597,9.311143339882361e-10,0.3367303634677034,1.5458413064404896e-09,0.3928397850422292,1.711116824022288e-09,0.40913271580026234,1.4892379506300042e-09,0.3910171888409895,1.27140427130456e-09,0.3792257635935431,1.1485185272737394e-09,0.3621135554807352,0.3158904593073466,0.11221714735274546,0.3125038075979459,0.34814686686319374,0.29720104138620007,0.31672021184744176,0.31674842169574535,0.2893981729553486,0.34789652346277783,0.3126768509835277,0.35254190679617164,0.3423430210072528,0.3064954221922873,0.3172000067670877,0.2630773994574342,0.3062923627278673,8.243272303995617e-10,0.2972738681541094,1.1307826309766675e-09,0.3094041705482542,1.2051559462990793e-09,0.3069606266168209,1.051560335213566e-09,0.29826629778616914,9.849463259929485e-10,0.303073297325547,1.1027748553819208e-09,0.3302866872231528
P008,S2_7,Sucralose,7,2,0.06454069543048593,0.5908981832770726,0.08051467004788276,0.16182870839774496,0.07408895775888213,0.17962256526596257,0.06403113186361696,0.10167821480651354,0.0768838698698698,0.1186799538452707,0.09694767699892538,0.1392275483780453,0.08872421229865943,0.07506296982964945,0.11137320213838457,0.2184631785877041,5.291469633026715e-10,0.18899291375502614,3.164041100924921e-10,0.10437467628828839,3.349615026921778e-10,0.12685576151242234,4.520029185307636e-10,0.12340589071359939,2.2776046091869898e-10,0.08285467333506524,2.801420455742606e-10,0.09778191185757025,0.0615882002242685,0.08729297344970306,0.07052798842932972,0.08102988578453163,0.08862151369462055,0.08933214073708634,0.068683862217571,0.06261489842615839,0.08678606210950458,0.07385788172989596,0.06338411794945409,0.07113498346067483,0.0889109394446885,0.07089087047306342,0.08037749303428962,0.0813024007794842,2.1423096199158612e-10,0.07249302488299364,3.228717805904383e-10,0.0844388660873647,3.4840989750309464e-10,0.08897682721585345,3.2644477043321854e-10,0.08037042593288143,2.324533423352338e-10,0.0656493803218647,3.019293111654336e-10,0.08032197191970028,0.08131648659431599,0.04101319940911114,0.09196049017618853,0.10168673015700587,0.12485714858331991,0.12218612605683647,0.10053472449739832,0.10450121501759195,0.10637261211038437,0.09917713262534443,0.08957189303580482,0.10408528296962921,0.09306389282417497,0.1011890212394469,0.12402322714136729,0.06663090821500403,2.559571942731142e-10,0.08493901372367592,4.038327443466085e-10,0.11032404717594457,4.893393024698118e-10,0.12352163732007819,4.019308836154896e-10,0.0962267623549983,3.435292328933855e-10,0.10251796975749514,3.72128107077055e-10,0.1027748723678644,0.39698081220413517,0.14781805075239948,0.3900796988526966,0.36523967877010083,0.3781516539036828,0.34071004319886966,0.4268232578297886,0.4484296568198876,0.40816086846219357,0.40793695947085173,0.3767876980604155,0.38131257782333855,0.3864014686335689,0.4325544379285155,0.3694755601766703,0.36876667169223737,1.0791115405089606e-09,0.3430364194105144,1.3973951605224523e-09,0.38445440091615923,1.4698304649675633e-09,0.35943084855127627,1.4770210466984104e-09,0.389299534607748,1.4596805830940006e-09,0.43762645732483807,1.4343998483327981e-09,0.40804891396652265,0.39557380554679444,0.13297759311171353,0.3669171524939026,0.2902149968906171,0.33428072605949455,0.2681491247412447,0.33992702359162474,0.2827760149298484,0.3217965874480481,0.3003480723286373,0.3733086139554007,0.30423960736831235,0.34289948679890786,0.320302700529325,0.314750517509288,0.2648368407255704,1.0407552349263026e-09,0.31053862822779016,1.2223099597416892e-09,0.316408009532243,1.2855577211192565e-09,0.30121492540036965,1.2469809427897589e-09,0.3106973863907728,1.1435262504290056e-09,0.31135151926073656,1.1258314042869976e-09,0.3110723298883427
P008,S2_5,Sucralose,5,2,0.038070953404753825,0.4294971007553859,0.05994342127530833,0.11603195251012241,0.07434926674221003,0.07516384791782371,0.06260959855878177,0.07098003865105973,0.05015883841656974,0.07853770435799198,0.08221873543797575,0.06155219310869135,0.04883054442758364,0.06520813048488047,0.05155002260900094,0.12918079837759874,4.1743725502477807e-10,0.1312190594153729,1.9888678179731538e-10,0.06588794739312447,2.1750797097586675e-10,0.07475655733001688,1.7396468791108155e-10,0.07369237397476594,2.3194134841323726e-10,0.06679481860492076,1.6362468813245888e-10,0.06434827138728086,0.0835938682329235,0.13077179367422898,0.08945143421923808,0.09918361610456036,0.06820833605070206,0.0908870034519514,0.08236996545622823,0.10695634622287639,0.07614039484803918,0.08366469987333301,0.1177839708032246,0.09703523816580688,0.10250127446623968,0.08649187375498953,0.12435627871581316,0.07234249014609297,3.031289344492718e-10,0.10296998686666371,2.858062129025686e-10,0.08702212193097066,2.106219314290105e-10,0.07954766975132674,3.167189747059781e-10,0.09642297927078383,3.0926576517463376e-10,0.09466315583955232,2.364598017275424e-10,0.0799025473606861,0.0978438393949612,0.05764165241994745,0.08029048158524572,0.11033809874031798,0.08934957752227116,0.1219598128940075,0.08976491687645914,0.12308631983341281,0.09058909483911091,0.09138958176217986,0.08461228577021988,0.1328116466487747,0.09631027688589228,0.1274372976082696,0.11831746106968627,0.07288540285508793,2.2951812961947458e-10,0.09392300075991115,3.162545162340162e-10,0.10876424122761014,2.773705748351735e-10,0.10565469520813933,3.082966785758248e-10,0.10373760960473402,3.390124971075042e-10,0.10642561835493597,2.785983813510452e-10,0.09098933830064539,0.47752884130013024,0.19015549186371222,0.43455885111451237,0.3730012296420715,0.42013866477579265,0.4014177172923686,0.4157423055429829,0.36350664504949154,0.44741273596828895,0.37970484867035353,0.3737570833422665,0.3521379892939424,0.4152437434848225,0.3659306537680936,0.4151680184241697,0.3944053766180984,9.825802758438661e-10,0.3668565810927726,1.3425549364234838e-09,0.4006826948302693,1.2173283591691435e-09,0.41077819103408064,1.230852960158201e-09,0.39768694807379606,1.5074132410528312e-09,0.3896244752962372,1.3519509676984016e-09,0.41355879231932124,0.302962497667232,0.19193396128672532,0.3357558118056953,0.3014451030029273,0.34795415490902376,0.3105716184438489,0.3495132135655487,0.3354706502431599,0.33569893592799116,0.3667031653361416,0.34162792464631325,0.35646293278278485,0.3371141607354623,0.3549320443837665,0.2906082191813301,0.3311859320031219,8.273037821154902e-10,0.3050313718652797,1.1043633647255542e-09,0.3376429946180254,9.971255107742736e-10,0.32926288667643633,9.688654123465143e-10,0.3284600890759202,1.2763459502372478e-09,0.34249193190435434,1.0418111084443176e-09,0.3512010506320664
P009,S2_12,Sucralose,12,1,0.3023664483281726,0.4389082065455227,0.41908233816062596,0.22393780622713552,0.28825500505051344,0.23250428766458386,0.18999235094854358,0.5182343049980638,0.08425295188689912,0.20735773691335563,0.12337853416169764,0.23089644044011046,0.08484683511208171,0.22491333088799462,0.09085423760708164,0.18621365132994064,5.707183004118498e-10,0.2897616289772108,4.983635639807242e-10,0.2076298646787934,7.003661628458638e-10,0.2603796463575486,2.5008177491264567e-10,0.14670701373427464,6.831610729080336e-10,0.3541133279733037,3.1866068489705754e-10,0.14580534440012738,0.09351785236096673,0.07722115174101571,0.11907621723741643,0.05741046393387248,0.11523089173845566,0.06395942298819948,0.10699917772085611,0.09802043679811429,0.10722594828391252,0.0864829170686816,0.10220695152682259,0.06523986986079432,0.10450212880522591,0.09985195435394602,0.092179696163323,0.09152446891330199,2.114899472095444e-10,0.08577875111014804,3.004781903822654e-10,0.09588609947145676,2.7370453353522395e-10,0.08959515736332757,2.54976974786787e-10,0.09701456205894923,2.6417871488672545e-10,0.10250980725948519,3.220054240268554e-10,0.09685443267629706,0.09302491525434915,0.06760059816936528,0.0941639576577947,0.07873156282931348,0.10084349465858605,0.06963042703684838,0.09619858793561371,0.054530880062777176,0.11906156272387534,0.07954278534903793,0.10702357554727022,0.07230729710666936,0.10735402097008438,0.08685967033473989,0.1477818197710352,0.0760824627084202,2.0613330237730104e-10,0.0854753177607937,2.8765843358743817e-10,0.09117190325006469,2.424844044300026e-10,0.08523696084771722,3.041391799517612e-10,0.10451949344606992,2.1661690523851966e-10,0.07536473399919544,3.4978519642278383e-10,0.09930217403645664,0.26276711053705737,0.1805861036111029,0.16769988921261228,0.30430821752848014,0.26035004055839683,0.29396352655787195,0.35115539458377065,0.1317593310403277,0.36530821704538996,0.28594855907379646,0.3574381818812574,0.29710692890991536,0.3571334978556476,0.2997087204424149,0.3208560214934097,0.31316835292214423,6.12988498806188e-10,0.2616510719467376,8.801249226931261e-10,0.3027889463535828,6.507274244680213e-10,0.2771567835581344,8.720647484422925e-10,0.3227166481784041,7.488643483728893e-10,0.24145736281204916,1.09294851287598e-09,0.3256283880595932,0.2483236735194543,0.23568393993299327,0.1999775977315507,0.3356119494811984,0.2353205679940477,0.33994233575249677,0.2556544888112162,0.19745504710071718,0.32415132005992336,0.3406680015951286,0.30995275688295226,0.3344494636825111,0.34616351725696015,0.28866632398090436,0.3483282249651504,0.33301106412619325,6.000881091461653e-10,0.27733323020510997,8.396376812701319e-10,0.3025231862461023,6.042252813328001e-10,0.2876314518732722,8.81135143467064e-10,0.32904228258230206,6.083502423640001e-10,0.22655476795596668,1.0107505398764916e-09,0.332409660827526
P009,S2_7,Sucralose,7,1,0.5089194883770839,0.5060583115204544,0.5022765454025214,0.17593871010979553,0.2880466489758602,0.2161897490853331,0.16152939771741426,0.3009661019299199,0.09223839220777331,0.21639477228910173,0.08814277301517719,0.1520332349919773,0.0955133710162553,0.20125215710503783,0.09435191590534092,0.30706781740343864,6.399904358636231e-10,0.3222281772361683,4.939327646304497e-10,0.20025048154562158,6.887868241434413e-10,0.2521181990305966,2.493213226587079e-10,0.1745463153575182,4.69366975232437e-10,0.23124774982366708,3.4204479463302427e-10,0.15431658224843753,0.11700669623240809,0.06920666770388946,0.09527853370046209,0.0962949151363963,0.09242465620523026,0.09588991254768203,0.08024186031168,0.07166379788227573,0.07838992223653986,0.07793293078581184,0.0721379109899156,0.11548017933845943,0.09523684648806983,0.09812197879389153,0.10842445125908114,0.06064057918730185,1.7942046544181807e-10,0.09423415051692184,2.5149199312817777e-10,0.09541834850871841,2.2613860161119734e-10,0.09415728437645615,2.2424425827109967e-10,0.09060596393208609,2.093247186040289e-10,0.07595282909697787,2.395847479879473e-10,0.07816142651117586,0.049596312814245806,0.03461383709676578,0.053143694191075855,0.0748564861246441,0.10683898222287505,0.08307307123512822,0.07737480019636253,0.06796626031886534,0.10326335295902514,0.06219762610540486,0.1046840059722128,0.07638065463042464,0.1156032257276664,0.06512295322488548,0.07973723834139841,0.056579460538863174,1.519259055447123e-10,0.06554583180489483,2.90417919506954e-10,0.09265955810263879,2.560352376111599e-10,0.09495602672900164,2.2669773930721152e-10,0.07926071945820337,2.0149730795495241e-10,0.07267053025761394,2.9609198943645543e-10,0.082730489532215,0.14674850143911614,0.15240851189864477,0.11551355145472056,0.293475165916953,0.25706169223249326,0.3121145283592129,0.327153094075701,0.24303549240826766,0.3646336337956833,0.23524749064074135,0.3449850609128588,0.3081873685130571,0.35759825003266227,0.3246557943766139,0.36358858314070397,0.2623580056030783,4.998765613064805e-10,0.22688636002255838,8.340658963679058e-10,0.3128575662502456,6.377455664759638e-10,0.28458811029585307,8.088096018314044e-10,0.3270501582882646,8.383851765859492e-10,0.2850942932419843,1.0530650402492293e-09,0.2999405622182123,0.17772900113714582,0.23771267178024555,0.23378767525122013,0.359434722712211,0.2556280203635413,0.29273273877264366,0.35370084769884236,0.31636834746067144,0.36147469880097854,0.4082271801789405,0.39005024910983527,0.34791856252608133,0.33604830673534614,0.31084711649957086,0.35389781135347603,0.31335413726731826,6.304875978414152e-10,0.29110548041945655,8.001340872415656e-10,0.2988140455927755,6.307767456682804e-10,0.2741803795680925,7.762599199175512e-10,0.3285368429639278,9.228363065004397e-10,0.3350345975797569,1.1283456317940209e-09,0.3848509394899595
P009,H2O,Water,0,1,0.4292534758842564,0.4663446238310845,0.5556685134169097,0.24686655669688473,0.26791835049558993,0.19279977496590572,0.16061572495829463,0.47397493640077365,0.11623473081360575,0.26910597362275435,0.0903208432399681,0.1871394941709831,0.09933567994197001,0.28033685940203773,0.12294722597374509,0.3077777958360589,5.978167407509268e-10,0.3292655845400145,5.841327562206564e-10,0.21009766620137585,8.485258908577562e-10,0.23035906273074783,3.0589097311828753e-10,0.20259939028845295,4.788494591156601e-10,0.31729533067953414,3.442528752186629e-10,0.19267035221818005,0.11406287961659199,0.10049731169087871,0.10542333116351586,0.10182167976600592,0.09464799854843553,0.09369101657860988,0.12601183562641843,0.09259127063302587,0.09711821003181395,0.08994833926273263,0.09933776644868016,0.11009712183828406,0.107470803309735,0.07838705371907793,0.09755542474651217,0.12167609456366549,2.1858771089514945e-10,0.10520668175399278,2.9785119935595814e-10,0.0935492180389646,3.047711897363872e-10,0.09416950756352271,2.4383681870291127e-10,0.10127234408474764,2.7735684477798443e-10,0.10930155312972215,2.411337204070613e-10,0.09353327464727329,0.06224388087302149,0.05039275659094386,0.05722701891798036,0.07530568129584608,0.10187519971024274,0.09254967334740637,0.08376332874162237,0.05175582758686663,0.0829410657585699,0.07219876109952712,0.09581152634399741,0.08138040438827691,0.09834084164120087,0.06771360104693348,0.08207353116650222,0.06607434366225573,1.6225487731058357e-10,0.07039354473501103,2.958261662477637e-10,0.09011982893644586,3.2641813311839185e-10,0.09721243652882455,2.1019612095927535e-10,0.07855057937922308,1.809186373503406e-10,0.0677595781642445,2.0434118439182478e-10,0.07756991342904851,0.18471804644685041,0.18489163178904205,0.12392054546179608,0.2797704716306137,0.24130341210516973,0.30795748519278726,0.34532268472475314,0.16152579672913578,0.36720373557790537,0.25434306687317343,0.36632511423757796,0.2764871216665852,0.35732148228885907,0.3350686877830975,0.33825952594133374,0.25933132428806455,5.617565306162616e-10,0.23601882187207757,8.880208525620383e-10,0.31041276684247837,7.905435905760354e-10,0.2746304486489785,8.10630606651929e-10,0.3224952550753387,7.276019512396384e-10,0.25342424072694447,8.821663227968536e-10,0.3107734012255394,0.20972171717927918,0.19787367609805165,0.15776059103979773,0.29623561061064974,0.2942550391405622,0.3130020499152909,0.2842864259489113,0.22015216865019818,0.336502257818105,0.31440385914181246,0.3482047497297767,0.344895857935871,0.33753119281823524,0.2384937980488532,0.35916429217190654,0.24514044164995502,5.761508689945173e-10,0.2591153670989043,9.318052899632718e-10,0.29582051998073544,9.517707942406214e-10,0.30362854452792654,7.891331044410831e-10,0.2950824311722375,6.296909868631304e-10,0.2522192972995547,8.364436994287389e-10,0.32545305847995876
P009,S2_5,Sucralose,5,1,0.3097498892370402,0.3137362276729195,0.3642590332235846,0.1497199521556722,0.18816714228556194,0.09606510881923082,0.14172512831234685,0.32076106867125515,0.10732191375343675,0.1424485201293352,0.0833423511264324,0.1574766112985516,0.08089415397972467,0.10041474374690122,0.0756391491451076,0.21970391414094187,3.292574717630966e-10,0.22971401078570008,3.099014972153533e-10,0.11638528720785465,4.1375410276115753e-10,0.1421161255523964,1.530955116916062e-10,0.11916299025316884,2.3154344105252548e-10,0.231243098491801,2.6353241239170486e-10,0.12488521694138598,0.11129451875162888,0.11180766002291027,0.11941783045407155,0.08058430048060591,0.12661811879858775,0.09127810884380147,0.09751793083228631,0.08106427866435151,0.07053066108178654,0.07113383208919344,0.13636963609970626,0.10112752434311906,0.09450708141272167,0.07277710445073501,0.07931902264420823,0.08790690197588433,1.8924757802854616e-10,0.11010024502534033,2.5652649558734357e-10,0.09629510337646147,2.8202262525191355e-10,0.10894811382119461,1.5661087170882185e-10,0.08362752762088731,1.3419777956641984e-10,0.08929110474831892,1.651460498438128e-10,0.07083224658548999,0.09347561083500634,0.11744511327635113,0.08048256486067251,0.14249911933840995,0.1264431569909155,0.150339728249549,0.070429136650994,0.08501748800839382,0.12407105167631959,0.11934803904228942,0.11092551678840655,0.14417878386573932,0.11047219733680115,0.07044880812825129,0.12445051883334783,0.08834000774134006,1.6209053709505993e-10,0.11483445149409764,2.7826150830746654e-10,0.11442597267637923,2.896470195066065e-10,0.13839144262023223,1.9394546976712123e-10,0.09842788300993507,1.0168219963054977e-10,0.0777233123296939,2.8844011892978696e-10,0.1217095453593045,0.24117415982523638,0.21716583639109888,0.1815985830497066,0.3412564718792515,0.24547462705982465,0.3708310634502917,0.3763617836458936,0.22802850806967048,0.4093125118620591,0.31660383980806517,0.2930849209624187,0.3264240154674656,0.38979095449227674,0.46182874713724303,0.4090323134943171,0.2957609774744256,3.972331218963045e-10,0.26678399792919627,7.805338060677964e-10,0.366981348034909,5.730077009135412e-10,0.30815284525505815,6.933337866299448e-10,0.3891032481495656,5.026630642112835e-10,0.30219514585778207,9.239715291702526e-10,0.3629581758350621,0.24430582135108864,0.23984516263672015,0.25424198841196477,0.28594015614606044,0.31329695486511033,0.29148599063712693,0.3139660205584793,0.28512865658632913,0.2887638616263984,0.3504657689311161,0.37627757502303577,0.27079306502512446,0.32433561277847583,0.2945305965368697,0.3115589958830192,0.3082881986674083,4.718854747024811e-10,0.2785672947656657,7.546583780095396e-10,0.3059122887043957,7.067080869535586e-10,0.30239147275111866,5.597615147909353e-10,0.30967835096644325,4.3640159622530624e-10,0.29954733857240423,6.973287227791866e-10,0.31961481527875724
P009,S1_5,Sucrose,5,1,0.4288656304590238,0.28783570721715274,0.5431867388532344,0.1664753277999913,0.14678533519983125,0.13996844477885986,0.15618634951737048,0.29360298701471027,0.08801166257265641,0.2274368094367018,0.11023065373081702,0.09926385876795928,0.11230503712697859,0.17020387833477565,0.07957940118701348,0.20006520346975995,5.467439030177507e-10,0.2726429861380298,3.715239422765902e-10,0.14231567386011135,3.9080225190919017e-10,0.14337688998934556,2.9328805439392316e-10,0.14053838002963193,3.8979825151394013e-10,0.22489466826604038,3.0508299315066465e-10,0.1577242360046791,0.08996701190827759,0.10381036240340946,0.08854813429471133,0.09989919256538697,0.12456469436185374,0.09100410526087004,0.09883663169660761,0.11814223895461343,0.07454622698834026,0.08804099225127626,0.0996810344060432,0.11024221882798461,0.07327130714075496,0.05014789141482268,0.08505964699662316,0.10260417765982574,2.274745494914852e-10,0.09869132573430218,2.6981963048473685e-10,0.08474699954457536,3.2626213585697945e-10,0.1077843998113619,2.108239311852573e-10,0.07777075580300663,2.2005839187503308e-10,0.10848943532561052,2.2305643198549106e-10,0.08129360961980826,0.06803441959069534,0.08994302115611899,0.048760079199016045,0.12190758274243499,0.15107476581353607,0.11501712201656675,0.11636884296114385,0.08445030868451257,0.11830564524838486,0.11512636859917909,0.07394355395423353,0.13070327836067522,0.10149472927397833,0.0717766072839199,0.11493035432902075,0.10761241661654808,1.737568229197006e-10,0.08888198916719568,3.4639484914821353e-10,0.10984080609700025,3.9659754115721876e-10,0.13304594391505142,2.829168312178226e-10,0.09895352687586677,2.3759814515017236e-10,0.10040957582282821,3.456806072329146e-10,0.11671600692378198,0.19779161803474204,0.2308252600720864,0.13632225502861164,0.31863706705915407,0.26643350085566986,0.34404739718768035,0.2850484695688704,0.21871110703779015,0.3509138510902039,0.3039490971084535,0.3814990229427771,0.3217293221525059,0.3783714339096832,0.40682502801189113,0.40391723734640494,0.32569650804830547,7.076704797913646e-10,0.26446742421497954,9.342861618530622e-10,0.34891933999123115,7.267835542720975e-10,0.30524044902167513,1.034757455182207e-09,0.3787025518290712,5.866630058967572e-10,0.2518797883033303,1.0126599958322717e-09,0.3274314740993287,0.21534132000726114,0.2875856491512324,0.18318279262442647,0.29308082983303246,0.3111417037691086,0.30996293075602305,0.3435597062560077,0.2850933583083731,0.36822261410041435,0.2654467326043891,0.33464573496612854,0.33806132189087484,0.33455749254860534,0.301046594954591,0.31651336014093756,0.26402169420556015,6.786177966721899e-10,0.27531627474549264,9.123464658709192e-10,0.314177180507082,8.309561422433483e-10,0.3105523172625658,8.620254979883126e-10,0.3040347854624235,7.155380042435587e-10,0.31432653228219043,1.0445303200415272e-09,0.31683467335240173
P009,S1_12,Sucrose,12,1,0.13568172252816382,0.4218924006421739,0.583189647300594,0.39775630068294004,0.2742557751612467,0.2116706250863602,0.18847834971772906,0.5097710986633016,0.19834423839034412,0.417380599156787,0.13622474000285867,0.2938540130836402,0.09233132172028999,0.26169758772050355,0.10623579840761252,0.3645599925963796,6.963670419315385e-10,0.3280998040400618,5.979455074107138e-10,0.20998882742210012,8.161415145805395e-10,0.24296320012380346,3.56965597162908e-10,0.20620617511119643,6.816664316475686e-10,0.3491247241905153,1.1762280400065167e-09,0.30786241877356557,0.08080201941440897,0.06983624158547791,0.08642242918430847,0.06868131740752319,0.11407749844014874,0.11471008203803201,0.0770344871497639,0.06939749563856004,0.0863837781583034,0.10644791997477318,0.0847471237117977,0.10290211163146405,0.08749811785092265,0.06750443659344875,0.1085577648278396,0.10963240009866514,1.9310382008758873e-10,0.08223187382249672,3.1424319868737767e-10,0.09594753373063804,3.4861023299148306e-10,0.11439379023909038,2.6046472075447344e-10,0.09329817984271904,2.2582493945396695e-10,0.07321599139416196,3.830003083173204e-10,0.0964158490665383,0.11972177298764837,0.07986820313442547,0.057510265759324455,0.07468063702231677,0.09095938802407216,0.10011923797155908,0.09834165692547683,0.04608962641222867,0.1188632294036944,0.07699673815583412,0.1486164983955147,0.09944675966120681,0.09451663125565612,0.06232171398246751,0.09629735885194396,0.08077123710097424,2.487923487489464e-10,0.0966406894934061,2.8927870837752287e-10,0.08697924280843872,2.809282495884399e-10,0.09553931299781562,2.525813001245792e-10,0.08347673529776045,2.7214109999723535e-10,0.07221564166885275,4.077799839842859e-10,0.09792998377976425,0.2916940686125209,0.17639052168396296,0.09220567413563675,0.214212271030732,0.23713366945309014,0.2748161220963444,0.3241598761775082,0.19475227468158826,0.282792417609484,0.1861870284805714,0.31876154669508927,0.21069778548370613,0.37777055885732896,0.32011956612158843,0.350977061485817,0.22781655563974065,5.457920637416857e-10,0.21732697794027467,9.790899058173097e-10,0.30245997913208794,7.371156588054536e-10,0.25597489577471727,9.76016784754563e-10,0.31917093552611875,9.133176090805352e-10,0.25945607542954824,9.753160333724538e-10,0.2344897230450277,0.3721004164572576,0.2520126329539593,0.18067198362013695,0.2446694738564881,0.28357366892144215,0.2986839328077043,0.3119856300295218,0.17998950460432123,0.3136163364381738,0.21298771423203453,0.31165009119473946,0.293099330139983,0.3478833703158023,0.2883566955819915,0.337932016426787,0.21721981456423997,6.630490152622232e-10,0.27570065470376076,9.964096499055934e-10,0.30462441690673503,8.712119671859123e-10,0.2911288008645732,9.122973899372436e-10,0.29784797422220516,8.761873064460613e-10,0.2459875673169215,1.092789830637617e-09,0.26330202533510416
P009,S1_7,Sucrose,7,1,0.25275651235640234,0.4010900561398208,0.4070415405620638,0.17504832751470548,0.2615085808632408,0.17286556666260353,0.1343427827859289,0.2856989167088118,0.11142365946751843,0.19429256311346305,0.09628267215568953,0.18054727623394537,0.08083993019133899,0.17369022282153013,0.06520371812519442,0.3099729182226287,7.810037560623729e-10,0.25212773082710455,9.679772290502303e-10,0.17222607513467836,1.5987208564900488e-09,0.21718707376292218,3.1730634810227633e-10,0.15742669734017306,6.579408033601075e-10,0.21002084974737034,3.4456471843317437e-10,0.15285811129049073,0.1283847403171226,0.08799785974026335,0.18007998278009124,0.12837001071187387,0.13296891655677856,0.12731801116761005,0.09813906906008472,0.09976235699938672,0.08895473424483541,0.14417366615919947,0.0922278564926024,0.13362905488849053,0.10557614784735311,0.0884863174187624,0.13056352129441534,0.1164555707132193,3.9728562007832895e-10,0.12511491748840733,6.028395787364446e-10,0.11358734824762602,8.285571843436833e-10,0.1301434638621943,3.978886112716899e-10,0.11027038931843755,4.4001016213879526e-10,0.09895071302973572,2.6675797686965513e-10,0.11656420020201744,0.0780182272838766,0.07011683045826912,0.09441564170294123,0.08738345938397414,0.11718157855886857,0.0915368216610141,0.10201931764916193,0.08196941082675263,0.13493723301564547,0.10011304920964804,0.12533955088691978,0.10515063779737374,0.10860742669033,0.0704959190354494,0.10417615915822985,0.081804103200317,3.3137281196096277e-10,0.09340405791889243,5.502655609515148e-10,0.09695543648641552,7.219751296092777e-10,0.10435920010994133,3.5435088085959887e-10,0.09127090202108157,4.493018431095675e-10,0.09199436423795729,3.144116878780515e-10,0.11752514111264675,0.26749751901266233,0.18676955559696437,0.15245187741950578,0.2967132390558964,0.2822740410875668,0.31424069124153836,0.3544487386678322,0.3054586964203147,0.34906275885819904,0.22485147764032515,0.3663453517027835,0.26773442659105917,0.364186169560759,0.4055041935558114,0.35608492626032223,0.25219644533403773,9.041587383882352e-10,0.2562519948964786,1.5615673246778715e-09,0.34155127386141887,1.7763702529510469e-09,0.29825736616455256,1.2328111539024931e-09,0.3444929336777326,1.5687302356422846e-09,0.32995371754407343,7.873683388146981e-10,0.28695711824926207,0.273343001029936,0.2540256980646822,0.16601095753539769,0.31248496333355,0.20606688293354514,0.29403890926723397,0.3110500918369921,0.22711061904473454,0.31562161441380177,0.33656924387736403,0.3198045687620048,0.3129386044891311,0.3407903257102191,0.26182334716844685,0.3439716751618377,0.23957096252979734,8.990989184744064e-10,0.273101298869117,1.2644455334186385e-09,0.2756798662698613,1.3224658945608044e-09,0.25005289610038955,1.1429015197060397e-09,0.29653907764257526,1.3613863197413226e-09,0.26908035544086334,8.133400881635825e-10,0.32609542914558287
P009,S1_12,Sucrose,12,2,0.25585990009193255,0.4217867243852509,0.4506174699635858,0.24036098398517186,0.23470354484548142,0.3280257386706595,0.18773293503876,0.23648398299291482,0.14452530933685986,0.24931975982696894,0.11641589134998398,0.17250602488813824,0.08852570260480087,0.40010027771558054,0.16284820797752664,0.3754179152835108,5.898040412857989e-10,0.2762578324440106,5.47616476831797e-10,0.26283881595913056,6.231717230129225e-10,0.28136464175807047,4.3524208009954596e-10,0.25672302589535473,4.129555370468162e-10,0.21210845901583741,5.842350605726522e-10,0.1969225345819144,0.08798230571373292,0.07033955069365018,0.09105456663843528,0.07920010529815666,0.09558173068983768,0.09200520797536459,0.10481649206120663,0.0663465476429156,0.07166747435481209,0.1004483634472893,0.07184135518227368,0.14114490672881294,0.08735672276189702,0.04909845481974944,0.07066436381289438,0.07747247214827906,1.8318135176987692e-10,0.09026046504251029,2.682040513403733e-10,0.08101052906171219,2.397698798133587e-10,0.09379346933260113,2.1886339436483782e-10,0.07114800338570498,2.148072242041242e-10,0.08558151985206111,2.6236485661198024e-10,0.08605791890105069,0.0903099320538317,0.0458029708665896,0.057459115990351535,0.08196963463111454,0.11288872863243768,0.07831764275328473,0.08478224815426416,0.07555557455081975,0.10934970728861644,0.06254738032600168,0.1347236766783428,0.07405054701587431,0.11847689788894279,0.050096560401942415,0.10883220558200372,0.06762800295971844,1.9424012815579977e-10,0.08071931287268408,3.3359990654712735e-10,0.08994495741915191,2.7295780858106133e-10,0.0956031856928612,2.9614868768212666e-10,0.08625841670815185,1.7900072115279445e-10,0.08016891135254195,2.93313876375556e-10,0.08594854380730907,0.3110073061383475,0.25894526816368624,0.20651373592205877,0.36485441264433305,0.2759695589324016,0.26432635848461256,0.30497061005030707,0.3838191444060907,0.33690145593466897,0.290678346273694,0.35529692059194956,0.3299985224502458,0.4147212362968338,0.32441082470439847,0.32281916982658404,0.25601737559420146,6.557703025084385e-10,0.30443602765177014,1.0723992146223034e-09,0.3198569946045616,6.918348246270199e-10,0.27014795870850705,1.0305322569121024e-09,0.32949215160550444,6.707596045190078e-10,0.3443948772281989,1.0192465490616572e-09,0.3137899011041815,0.25484055600215566,0.20312548589082316,0.19435511148556855,0.2336148634412235,0.2808564368998418,0.23732505211607854,0.3176977146954621,0.23779475040725928,0.3375560530850424,0.2970061501260459,0.3217221561974498,0.28229999891692853,0.2909194404475253,0.17629388235832888,0.3348360528009913,0.22346423401429052,5.597297056577496e-10,0.24832636198902489,8.437717119112703e-10,0.24634870295544364,6.934086961706112e-10,0.25909074450796016,8.04604205994907e-10,0.25637840240528403,6.59881753039068e-10,0.27774623255136066,1.028024479851182e-09,0.3172811016055441
P009,S1_7,Sucrose,7,2,0.3225488298603844,0.3988291294359051,0.532057059886794,0.23972614478011373,0.29499236529667316,0.45802463432951507,0.198162359191285,0.3246909287589644,0.18973550429438685,0.6154715305814789,0.11712182452519446,0.23772547803831082,0.1347872706914967,0.30762946338331953,0.0891304184491605,0.5467309066703162,7.107498113228669e-10,0.3080014110877837,6.240302678093604e-10,0.29885843342525115,8.510084342600526e-10,0.3765084998130941,3.268560894614225e-10,0.2695695147985733,4.1917346803999317e-10,0.2614266439751247,1.347912772727225e-09,0.4026035174379329,0.11643046896857878,0.13777974829741063,0.07703241033527045,0.12623915888681544,0.0932023664193706,0.08038497038353021,0.12215232389626288,0.12551104364310636,0.10852268125782483,0.06677147436979243,0.10062986498531598,0.11014663506229175,0.07687462008353728,0.0746706411245226,0.10916542533837537,0.07572315725881988,2.2275927560552088e-10,0.11137638108928051,2.2252961674374545e-10,0.08128314950274018,2.5018815331392254e-10,0.0867936684014504,1.680288567408279e-10,0.08410846095131379,2.4238514821556626e-10,0.12383168376968462,2.741069778986706e-10,0.08764707781380862,0.058017309488309,0.049528886706911246,0.05730936721531847,0.08797064147113554,0.1123050217364899,0.0591113007341616,0.09835768348030208,0.04768547796533757,0.09404138479031421,0.042894843722529184,0.09508309145467046,0.11949384013956105,0.08367135528946484,0.07020725782160328,0.12332427885785992,0.04137750617293499,1.459968727238958e-10,0.07790052274598429,2.495665633533874e-10,0.0813237338954299,2.9050053761057745e-10,0.08570816123532575,1.7762667247106424e-10,0.07964509953546577,1.837244321261008e-10,0.07302158072281982,2.1146157862540526e-10,0.0684681142564217,0.28328012461523594,0.2133426434640566,0.15446866045679414,0.2839842990553215,0.2717162726294998,0.20916675078201263,0.2860995887856896,0.32040219869921727,0.31813520990941135,0.14512481605643238,0.33668431356270767,0.2630199475249355,0.4481277748423048,0.3397056319083278,0.3248665458730158,0.18386420927608935,5.219579567177751e-10,0.2557966647798419,9.140421443723508e-10,0.31717910754053624,7.220673456378296e-10,0.24044151170575623,7.570404798302651e-10,0.32414104047493447,5.733719723721081e-10,0.3032508937424534,7.153847743777201e-10,0.23163001298292185,0.21972326706749232,0.20051959209571654,0.17913250210582296,0.26207975580661313,0.22778397391796687,0.19331234377078083,0.29522804464646024,0.1817103509333739,0.28956521974806304,0.12973733526976766,0.35048090547211175,0.26961409923490115,0.2565389790931963,0.20778700576222647,0.3535133314815888,0.1523042206218398,5.087403713535325e-10,0.24692502029710964,6.239358517847725e-10,0.22135557563604263,6.105388709786988e-10,0.21054815884437383,5.337253171075064e-10,0.24253588423971284,5.597351048890322e-10,0.23846919778991707,6.4703876238054e-10,0.20965127750891535
P009,H2O,Water,0,2,0.29845687821599565,0.2620669808721021,0.47250711820234387,0.3241284535743114,0.316400018701227,0.25372925496862947,0.11150773930438414,0.16491649944992273,0.1264503466396864,0.5439190322937096,0.060849784235940084,0.12891036470749456,0.07890416996305474,0.19880603476719566,0.0930305955729092,0.30900997473700254,4.867837039041695e-10,0.25781992996803127,6.414150561954486e-10,0.21195986960002672,1.0260276428427497e-09,0.2850646368349282,2.1717344837052223e-10,0.16993769376004053,2.655527775941413e-10,0.13821211937715344,6.589213131826545e-10,0.335184689466698,0.06392697348848528,0.10946556418844489,0.1536752430075816,0.09047840724666867,0.08344532621804436,0.08474029967200013,0.11695682916533007,0.11111259912251471,0.11038385555889707,0.0697422141496145,0.0987461085756617,0.10025405244927349,0.05783760286962175,0.08347444693408079,0.06085982932739663,0.06524635009148391,2.084375876681217e-10,0.10275772482601926,2.225069025815502e-10,0.07737441892343676,2.746970001804399e-10,0.08409281294502224,1.2870895889353582e-10,0.06685455730564577,2.677554617216682e-10,0.11403471414392238,1.8971089763853277e-10,0.09006303485425579,0.0695726107206999,0.06980252525985725,0.05797145393542323,0.06692522005458645,0.0751698832476441,0.07590548801197262,0.0911492306091753,0.06891504069346752,0.10582136953681559,0.03301038139405948,0.10408961797377315,0.12300849977266931,0.09968316684758786,0.08021714309661247,0.12975266875145453,0.06339846484987308,1.6658273098243158e-10,0.08189498795283488,2.6128599766172047e-10,0.08274392030095426,2.473556310807355e-10,0.07553768562980837,2.2242639601878035e-10,0.093262860886382,2.0559365278254041e-10,0.08003213565132142,1.4965645859302986e-10,0.06941587546543754,0.32132589518366916,0.268003788364886,0.15253547691482197,0.294980339977045,0.27793938595586754,0.3193720338882172,0.3653755701647748,0.38176862941132544,0.3117039651700498,0.18843453731825785,0.41143709191003464,0.3643350702637986,0.4602721633427152,0.38661112350522475,0.41186131737323817,0.2988090507673316,6.431422050603871e-10,0.3021029437690425,1.0994683736677773e-09,0.3610486766730061,9.234964396192752e-10,0.2986557099220424,9.173009498269613e-10,0.3893884137471274,8.425084539767617e-10,0.3735720997880501,5.276153832867392e-10,0.2500692512441538,0.2467176423911504,0.2906611413147093,0.1633107079398294,0.2234875791473885,0.24704538587721692,0.26625292345918,0.31501063075633606,0.2732872313227695,0.34564046309455115,0.1648938348443584,0.32487739730459014,0.28349201280676395,0.3033028969770202,0.25089125169688614,0.3044955889750015,0.26353615955430876,5.405222411685553e-10,0.2554244134840719,8.280745607058082e-10,0.26687311450257584,8.167941947158138e-10,0.2566491546681985,6.30897473505786e-10,0.28055647430080416,7.166453319895085e-10,0.29414893103955275,5.431320964882069e-10,0.2552671489694548
P009,S1_5,Sucrose,5,2,0.3234216433272473,0.36406709844955226,0.5294438613215531,0.17756499906675172,0.32597133682003954,0.1834162714012161,0.17396486710230685,0.1919099442436717,0.18703640197214735,0.4073300186746675,0.10780753486661064,0.16956897279000152,0.09772080430090535,0.11895642077729772,0.11695989001006835,0.3314417308131166,6.167175725356235e-10,0.2786456849702861,7.106717399575008e-10,0.18151620832486468,1.0615277880074667e-09,0.2546938041106278,3.446319313130064e-10,0.16626971147534703,5.167332630540369e-10,0.18293740567298927,9.761293528576565e-10,0.29718321032340744,0.08386471412759047,0.07028270741072286,0.0793631581664305,0.08603980823382622,0.09922412113439476,0.1374551715298802,0.10143257722814611,0.11916986233447763,0.06195977031343773,0.05618791822556184,0.09333118698184986,0.11825484098169148,0.0886709707409532,0.0889488603866557,0.08787567580974387,0.11968643266023714,1.9303607709429052e-10,0.08852273598368522,3.340878393463822e-10,0.10357478094797096,3.481764668233598e-10,0.11833964633213748,2.6470369959342865e-10,0.09629548489939749,3.0323690504200133e-10,0.11030121978131187,2.2247785014082476e-10,0.059073844269499784,0.05851768038446844,0.04434051304972341,0.054321947800605994,0.08248794053747273,0.0888397607555891,0.07260102334214098,0.08861726305420464,0.08922324091164693,0.09922350633762819,0.04979899082972649,0.14659203214623734,0.07085961377855088,0.1009452780990012,0.06840999658926641,0.08477266852189491,0.049735357900481704,1.9886981182862064e-10,0.07618662128284313,3.2465443919216057e-10,0.08269901469649941,2.9624775593602586e-10,0.08072039204886504,2.6785254093752915e-10,0.07596582527766106,2.6093625602854113e-10,0.08892025198292579,3.0480342505997796e-10,0.07451124858367734,0.31022027548771214,0.2637547388264057,0.12948101789949495,0.38570150719882074,0.2641968284207627,0.35192525361262916,0.3257315021553321,0.34691569570394354,0.35862616131691555,0.2524613989325128,0.3410032120055909,0.3905044754690041,0.39881795546482623,0.44500315016617853,0.40859709612923006,0.2562251190271378,6.469636661303201e-10,0.30344420448117143,1.188691271861929e-09,0.36498579691609917,9.227466878580655e-10,0.30806104101669596,1.1699142288375362e-09,0.37716083019684316,9.642044621841895e-10,0.3363235989296378,1.1945030436679513e-09,0.30554378012471417,0.22397568667298184,0.2575549422635952,0.20739001481191574,0.2682057449631291,0.22176795286921416,0.2546022801141331,0.31025379046001,0.2527812568062603,0.2931541600598711,0.23422167333753133,0.311266033999711,0.2508120969807522,0.3138449913943135,0.27868157208060174,0.3017946695290632,0.2429113595990268,5.862065007323778e-10,0.2532007532820142,9.411441445809543e-10,0.26722419911456563,7.620333801351602e-10,0.23818511649167362,8.949414724929952e-10,0.28430814815075134,8.975880996986109e-10,0.28151752363313515,1.0121100060280125e-09,0.26368791669870123
P009,S2_5,Sucralose,5,2,0.23181856374838422,0.44257486335154833,0.5208592958913862,0.3354719359186426,0.23918798321673027,0.3471915276262849,0.127880127888608,0.29443483515737334,0.24827852975489406,0.48768877687891543,0.11682042323701083,0.3930131170435535,0.08624863961286272,0.22657878580108068,0.08411669565192981,0.31021564469925433,6.539222724727365e-10,0.34009303319842094,5.55180669709301e-10,0.22480173406423964,7.394500288020216e-10,0.2931897554215076,2.9793892591549644e-10,0.17678994144128188,3.778444691125447e-10,0.2111574815229907,1.4343934300631664e-09,0.36798365331690475,0.12300715291414667,0.062199116456640495,0.10219381484048772,0.08396420947074763,0.13026715561198646,0.10067471251852647,0.08588107657108507,0.10208652217581209,0.06727176444285497,0.06775752649856293,0.0776489590373948,0.09312061319458288,0.08005554676840078,0.05895017454559069,0.07231759835025929,0.11677502859203433,1.9674478542283718e-10,0.09035564431900002,3.3459655087490206e-10,0.09248689736112609,3.7776470384696473e-10,0.11547093406525646,2.206096909933528e-10,0.08202458706407127,2.2606825642951509e-10,0.09398379937344858,2.667167679452487e-10,0.06751464547070896,0.09634054177815149,0.04305399361134743,0.04424342135589658,0.054119225817475684,0.08425799545480192,0.04319052224236469,0.059947973346347806,0.06825143867955182,0.10003751977859794,0.03528095224651666,0.09138016743024932,0.054185806084395695,0.10210836729240795,0.06026777333095906,0.08432195274468769,0.05970020935597097,1.5318023067412808e-10,0.06388719267958604,3.0232513744319976e-10,0.0724561645801334,2.3815243101285414e-10,0.0637242588485833,2.594542738136455e-10,0.07659957568100642,1.5693277300290603e-10,0.06409970601294981,2.7261377185896786e-10,0.0676592360125573,0.280820096671331,0.24711806053959456,0.15496352333288455,0.2814673972436424,0.26236993375131673,0.25510518006167443,0.402559948055057,0.2993476544125919,0.3391454057609931,0.24259568076888038,0.36822279731228397,0.25153453861107394,0.3840438393703119,0.4137196421218174,0.4371468648509689,0.24470619258756976,5.958613753833405e-10,0.2640210689518017,1.1096924714357198e-09,0.3288096488262801,7.756257165554036e-10,0.2587375569064956,1.10752221348305e-09,0.369904134732667,1.0078184585562453e-09,0.35095380123382447,1.1571369365420323e-09,0.2908705432649368,0.268013644887987,0.20505396604086876,0.17773994457934494,0.2449772315494921,0.28391693196516427,0.2538380575511496,0.32373087413890184,0.23587954957467086,0.24526678026265974,0.1666770636071247,0.3459276529830611,0.20814592506639432,0.34754360695601644,0.24048362420055175,0.32209688840215434,0.26860292476517045,5.607469908368044e-10,0.2416430608511914,1.0464175828072586e-09,0.2814455551682205,8.330522745193672e-10,0.2688774947581569,9.268840061713132e-10,0.2946817610809732,8.090642978654761e-10,0.27980521185678636,8.202287973225247e-10,0.20597192193489222
P009,S2_12,Sucralose,12,2,0.3048211953900508,0.27103316939866406,0.4489073398618528,0.18437735155247353,0.34760549596510637,0.22637326279354114,0.15612479999833848,0.18703553490327618,0.18281602730102012,0.42521221538736814,0.13237363068085087,0.14956142867797337,0.08894513219257674,0.27240558765821404,0.10531498404634865,0.3821552895392407,5.549638592239893e-10,0.24851235259364426,6.648937004701374e-10,0.2338323696523596,9.559566304944176e-10,0.2869893793793238,3.4060301615551975e-10,0.21220524835909504,4.1088447342687087e-10,0.17158016745080734,9.819892513346876e-10,0.30401412134419414,0.06487172674860794,0.11072093059958538,0.14960713476457005,0.12092554843890764,0.11668009818030738,0.07902769735621908,0.07860255091863091,0.1176091672863371,0.08561685869100877,0.10816158016720741,0.06927559768749081,0.12511323052697534,0.10021848755823862,0.08695314391909464,0.07999838811183607,0.07148536969907465,2.1107518317990729e-10,0.10675236146102285,3.301234819086603e-10,0.09571985675346492,3.2179584109818834e-10,0.09785389776826323,2.495203936660967e-10,0.08466384732206099,2.1166169364753654e-10,0.09810585910248401,3.204496115224255e-10,0.09688921942910808,0.0769524894499744,0.05393609195136831,0.04854594273751522,0.08153816857161443,0.07305410142613512,0.09986823109638843,0.10646174950992165,0.0841345924837221,0.0656481599026975,0.04893522487181075,0.10612573686817357,0.07925753535248979,0.10797151485428945,0.06251696999385724,0.07718738577497172,0.06342942105227758,1.7196762241137712e-10,0.07439266082185596,2.847458761884208e-10,0.08585270434266756,2.1658183961469252e-10,0.08646116626126177,2.530048476681883e-10,0.077776322918849,2.712998444048144e-10,0.09529817099682188,1.9359878052245077e-10,0.05729169238725412,0.3516054907585947,0.28650686452299323,0.16711568189142187,0.29813738322225913,0.23698466116776443,0.33432146142516483,0.37623782975899234,0.2983429838272868,0.3898379346136485,0.21496708119498326,0.3398752858029344,0.34134618042439613,0.3694345470364935,0.32658369773895074,0.41241531324053565,0.27766862912474655,6.570155511999364e-10,0.2974311477704332,9.777957407215099e-10,0.31683109184209335,7.056862275943869e-10,0.2856530612964646,1.0237609837926643e-09,0.3465255467851816,9.589854106797324e-10,0.3372904067931396,1.0337355686391372e-09,0.3024025079043159,0.20174909765277182,0.2778029435273887,0.18582390074464045,0.3150215482147451,0.22567564326068615,0.2604093473286865,0.28257306981411695,0.31287772149937765,0.2760810194916251,0.20272389837863064,0.3523497489605507,0.30472162501816497,0.33343031835840153,0.25154060068988376,0.32508392882630777,0.20526129058466022,6.03980869089376e-10,0.2729114773530436,8.832360071892679e-10,0.2677639774094145,6.54638066246602e-10,0.2430424952946863,8.680082782637597e-10,0.2788290346148133,7.384196528950156e-10,0.29772539565674727,8.094651783835412e-10,0.23940245893512788
P009,S2_7,Sucralose,7,2,0.23794982055928832,0.3270135362852717,0.35079229693121255,0.22243644188086004,0.20861171206140586,0.3099941807699461,0.15015178066400772,0.221710312698346,0.2138277078201212,0.44713235035563503,0.08533559013330796,0.25971964277247755,0.0972781441512543,0.23207176947957323,0.07868733639203922,0.31625450932636506,5.091691423526952e-10,0.2472078880937363,5.441821216182148e-10,0.21198895161554487,6.770466495122798e-10,0.259302946415676,3.176848878537318e-10,0.18107293983730796,5.073978667888966e-10,0.18593104668117688,1.0965276504117149e-09,0.3304800290878781,0.07735773014421596,0.10254132755071856,0.1178696061137532,0.08814699861268725,0.11875970024117682,0.10121498911037945,0.10474711500904482,0.08567447390686303,0.08662087701746325,0.07041060168149582,0.1014483172346726,0.09089577062213088,0.08006439050187954,0.06572022951296756,0.12730087031722614,0.12041919821315063,2.263741932596458e-10,0.09637662504636307,3.2296680962743204e-10,0.09143982734160085,3.610051730747677e-10,0.10998734467577814,2.723142624812236e-10,0.09837617213630596,3.3635854825703426e-10,0.09521079445795393,2.8099389938302685e-10,0.07851573934947953,0.07336787497067977,0.051813953161967706,0.08215052456385519,0.0725811846368974,0.07008435051291444,0.06209922775408774,0.09093949931669777,0.07274262361535959,0.08412167181268196,0.05431527885347996,0.08809359691554883,0.07659774546360171,0.11864369388283713,0.08353500490360764,0.10476014035032825,0.06744759992232113,1.7595923485488958e-10,0.0741008132854251,3.150530159172685e-10,0.08359056926336174,2.138108866051264e-10,0.06609178913350108,3.108483777405864e-10,0.09359660976477355,2.9160214469522727e-10,0.08184106146602868,2.521561877708052e-10,0.06921847533308095,0.3268569586194763,0.2579023635717206,0.19417667034602035,0.37283897801101157,0.3015795678176337,0.3058504392278203,0.36928229697282083,0.3744746939234844,0.3528994835554577,0.224316130322421,0.3830818987138319,0.34338784066182165,0.37908760975803335,0.4303569763850942,0.38747905372081903,0.2762383877799509,7.164523093946105e-10,0.3130407849873137,1.166328587142665e-09,0.3542186482971454,9.325874116098988e-10,0.30371500352272696,1.0834130085562551e-09,0.3682905069109744,1.2043045170674023e-09,0.37187849544815266,1.0526009291554317e-09,0.28860780693893934,0.28446761570633994,0.26072881943032133,0.25501090204515847,0.2439963968585437,0.30096466936686933,0.22084116313776633,0.2848793080374291,0.24539789585594707,0.2625302597942763,0.20382563878696822,0.3420405970026387,0.22939900047996817,0.3249261617059954,0.1883160197187575,0.30177259921958716,0.21964030475821228,6.648738811746825e-10,0.2692738885871617,1.0130405690143693e-09,0.2587620034823471,9.032961187296521e-10,0.2609029162523178,8.605627406472543e-10,0.2586637713506381,9.179516676153109e-10,0.2651386019466881,8.375222020837091e-10,0.23317794929062224
P010,H2O,Water,0,1,0.42672488442426487,0.5626033310843984,0.4392654483075702,0.2371028593177059,0.10172079999235199,0.17773552895100994,0.18232204267192817,0.3817245333211527,0.14338032664107006,0.43805277771068707,0.09665432159839685,0.27176726974606463,0.13982941074819177,0.4498893485438316,0.13200663289205644,0.3742594748164127,1.2671754543940367e-09,0.3390196857464001,6.687469944313518e-10,0.21729377205884634,4.0576319865891946e-10,0.13972816447168096,7.531871564504574e-10,0.27399621675012314,8.1524837421845e-10,0.2820232879965404,1.2669871061935693e-09,0.29071655217587855,0.07794996482529963,0.07489049470534029,0.12591645832068013,0.09152376413282781,0.07961821583651035,0.10840849385848968,0.11674004929561299,0.08747469944764959,0.11032528671158133,0.0642990622909153,0.06665471421713072,0.11345631810586489,0.10251538080066842,0.13295078367957555,0.11277852272613055,0.09960531716023263,3.3446384027208834e-10,0.09173195238452392,4.073996704705917e-10,0.105873218543811,2.963162262603641e-10,0.09401335484750001,4.369572010328345e-10,0.11196250109165179,4.528210074018863e-10,0.10210737437163128,4.404503173760422e-10,0.08731217450124831,0.0587747322431195,0.022124080563738543,0.08861496029801344,0.05942500421830997,0.09263202327994749,0.08742238253329153,0.10903699522549654,0.07976654040188216,0.1063028561804422,0.029123218073877192,0.07627717201205399,0.09308497973133346,0.11451641967490844,0.08811332101809718,0.10936555698274636,0.06759042399340873,2.5276118044863076e-10,0.06638348817776148,4.2330305606642196e-10,0.09567103662656117,3.179271396167361e-10,0.0900272029066195,4.277511683379438e-10,0.09489643041729018,4.2208830795620944e-10,0.09440176781368935,3.6006281809299946e-10,0.0677130371271597,0.20659159443541195,0.1825528259510168,0.18764270149841034,0.34493058245380215,0.3738865770531556,0.32563632168747,0.30282814931070207,0.30033408809474427,0.37262405835137064,0.2501239912276085,0.42810435127149893,0.27717735418957673,0.3422351729790171,0.20779103722489842,0.3511603511547963,0.2466523031834565,9.805215600499567e-10,0.27116656829995284,1.3989530749257349e-09,0.3123872772361353,1.2643702155318561e-09,0.3497614493703128,1.3005829503050034e-09,0.28695971613554205,1.2069987408050174e-09,0.3015811187027232,1.552190700072641e-09,0.31137402478948956,0.22995882407190463,0.15782926769550631,0.15856043157532526,0.2670177898773538,0.3521423838380349,0.30079727296973885,0.28907276349626004,0.15070013873457122,0.2673674721155357,0.21840095069691146,0.3323094409009199,0.24451407822716037,0.30090361579721464,0.12125550953359762,0.29468893624426984,0.21189248084648893,8.467324562417079e-10,0.23169830539136171,1.2418553204446933e-09,0.2687746955346465,1.1867486850652936e-09,0.3264698284038869,1.0979609156921968e-09,0.23218513560539275,1.0922286784965688e-09,0.21988645111541563,1.1900161223241543e-09,0.24288421140622357
P010,S2_12,Sucralose,12,1,0.33686755394504114,0.41144393939568263,0.3983329382747799,0.17382032328870786,0.11342943081437129,0.1180848762034766,0.11501228591437052,0.3101018653727227,0.12605611504802441,0.1529991423418897,0.07639335800359226,0.1530604133701988,0.10397902271620346,0.37211799291065045,0.12890391255917646,0.2972417108762713,1.051407113682779e-09,0.2583197543796671,5.092789453762319e-10,0.17690283066117546,4.0593552328695726e-10,0.11575715350892395,5.669923798387585e-10,0.22556065976557543,5.315957687780927e-10,0.21255707564354662,5.801136363691499e-10,0.13952762869495705,0.0961377873463526,0.09042297660166597,0.08068923428666233,0.08479938295411153,0.08441967755476983,0.12341163675319407,0.07999785236327234,0.09272946964880861,0.10296626410920486,0.10313960830599116,0.08490911817139758,0.1396728194097618,0.07502568162049733,0.14766416653050457,0.0794103113443696,0.10202269491155341,3.584973425474792e-10,0.09610521979499197,3.5323152581622006e-10,0.10763029061474144,3.349016206913498e-10,0.10391565715398195,3.20922431560546e-10,0.10103071360173123,3.214445539429309e-10,0.08636366100604048,4.3573666032707595e-10,0.103052936207598,0.06778413715527545,0.04192018445328194,0.094374287230481,0.04835478946216643,0.09847917003400909,0.07003962859453029,0.13137686770520388,0.07053911252113423,0.0909662268667583,0.08895652853077801,0.11181704708668956,0.0821091782670034,0.0979708449387746,0.06309117950166357,0.10519835705789085,0.0753967724294981,3.306060191846444e-10,0.07439327060914963,3.659958252546507e-10,0.08239520576724438,3.2245820011130856e-10,0.08425939931426969,3.650411358129685e-10,0.08541428848195677,4.957764916374365e-10,0.10095799011316905,3.81178725608249e-10,0.08996137769876816,0.2667239991431812,0.24000374059409166,0.22322333351608462,0.4009844745061723,0.4029554700243086,0.4161593199602829,0.3689071400225403,0.34747872324793266,0.38984089851670845,0.38621126026742514,0.38826064467703486,0.3499414376193238,0.4148297627911148,0.27243297281506645,0.38582800472010453,0.32141793948259734,1.1859489479061589e-09,0.31152293834264805,1.588069411616854e-09,0.3765943813976932,1.4389995868369498e-09,0.4095573949922957,1.470484145637334e-09,0.34862716995222076,1.450843455822389e-09,0.35819293163523647,1.642261913839125e-09,0.3880260793920668,0.2324865224101497,0.21620915895527784,0.2033802066919918,0.29204102978884205,0.30071625157254117,0.27230453848851616,0.3047058539946126,0.17915082920940228,0.29017049545930396,0.268693460553916,0.3386198320612859,0.27521615133371197,0.30819468793341,0.14469368824211554,0.3006594143184585,0.2039208823000796,1.0224291202915693e-09,0.2596588168735432,1.147759086874207e-09,0.2564772915591457,1.0385801159031565e-09,0.28651039503052866,1.0829076692126594e-09,0.2393671681985159,1.1559760812783734e-09,0.24192834160200744,1.1896092197680414e-09,0.27943197800661
P010,S1_5,Sucrose,5,1,0.28300559871613273,0.5072113919956243,0.37237027758090463,0.3102852607154507,0.11947279760225736,0.23881251004604215,0.16288556449939415,0.3624729027002333,0.13178645406802517,0.4092552137239492,0.09384497251356338,0.3233878455865848,0.1691785881145747,0.4311046853628458,0.12636076675204283,0.4199752007811261,1.0717673732847011e-09,0.3150175578513768,7.638373869734364e-10,0.23964214528143002,5.873590202544948e-10,0.17914265382414976,7.905248934261237e-10,0.2866548102526474,8.354053212378852e-10,0.2626792335998137,1.459106475659826e-09,0.2705208338959872,0.09465413289317788,0.08546846467785256,0.1451847394216656,0.08540643491083119,0.0747254668881119,0.16428389293141846,0.10400591641914199,0.22357972588547512,0.07449776269311642,0.09904801233466952,0.08292609993700374,0.06623054279865005,0.09490424378400455,0.14609818398444546,0.10723456288864047,0.18046513786815066,3.7057084194219786e-10,0.09331173577319683,4.190718476044484e-10,0.12000294689699509,3.831643218272222e-10,0.11950467990976518,4.382000414434738e-10,0.13217553213131028,5.282185367699252e-10,0.16379282115230856,4.747549166301909e-10,0.08677288751389298,0.0891945842986167,0.03777143360924672,0.09048731293185065,0.07528678846193779,0.0861812306437221,0.0831698457708217,0.09543883344942558,0.0845884986989109,0.10789503359936285,0.056441630415101356,0.10009508765315217,0.08104318139409875,0.07967493348445893,0.06908326189374563,0.13081398037478614,0.06530015430458176,3.119983142902431e-10,0.0789797313914838,3.353704252647919e-10,0.0795273179481871,3.293451054054664e-10,0.0846755382072719,3.7390883281903356e-10,0.08621808251439311,4.0492353295046287e-10,0.09001366607416825,4.5736089841587224e-10,0.0821683320072321,0.30142305139415526,0.19651631223995858,0.20934631354803795,0.3324438532685792,0.3846405552148937,0.29171936658944686,0.3616095218762224,0.2031382818578063,0.36309259969450636,0.2464242400879994,0.38641019790824344,0.3142489342123811,0.37630504856353414,0.20840551026444662,0.3535225931789432,0.17462134509627872,1.0799353174940678e-09,0.29006477709522593,1.454447817152112e-09,0.3152676201580803,1.3857576830015715e-09,0.3381799609021703,1.310099624889321e-09,0.27821362427580065,1.4565623724703993e-09,0.2823739018670144,1.6885865836980262e-09,0.30475841989125285,0.23172263269791746,0.17303239747731763,0.18261135651754112,0.19657766264320167,0.33497994965101496,0.2220143846622708,0.27606016375581593,0.12622059085757417,0.3227281499449895,0.18883090343828082,0.3367236419880371,0.2150894960082852,0.2799371860534279,0.1453083584945167,0.2820680968055875,0.1596381619498623,8.767138543173745e-10,0.2226261978887167,1.1493132574039736e-09,0.24555996971530758,1.1729152802266353e-09,0.27849716715664286,1.0075776654210378e-09,0.21673795082584862,1.0928733202364377e-09,0.20114037730669504,1.4209634945303254e-09,0.2557795266916352
P010,S2_7,Sucralose,7,1,0.3271809191532259,0.538454823166327,0.3444717915477811,0.19364064371921474,0.10598582807812261,0.1430102205769272,0.07727258003386522,0.2624288129179202,0.07876375665265839,0.23876039760046824,0.0810768848246536,0.15887653186041084,0.09642139469405565,0.3669664271075564,0.12403061406527931,0.2973759276499888,1.195160864101014e-09,0.27395026571193554,4.6514258211099033e-10,0.17809596761416546,3.754737660833061e-10,0.12449802432752491,5.505590448376478e-10,0.22119859087922006,3.7360820205216966e-10,0.1698506964758927,6.042652748232286e-10,0.15876207712656332,0.11002199473972875,0.0711908976530189,0.12153353362463404,0.07547741326549297,0.08102547157625051,0.12604324070446635,0.12317823693825056,0.100531636443755,0.10582754481036291,0.11045048218892314,0.08437940521252815,0.1019867649282998,0.08234501289280578,0.13133766613327744,0.10253944994196151,0.09099480688138524,4.2334933324870874e-10,0.09409833490395043,3.311208035910816e-10,0.10518784782670001,2.994382358318813e-10,0.10353435614035843,3.6081424865214293e-10,0.1018042339623575,4.683199120395301e-10,0.11185493669100277,4.6284416032321105e-10,0.10813901349964303,0.06765617956529761,0.02953423784171919,0.07782097770522832,0.06703063599509247,0.09186920166604837,0.070248439071441,0.10508915052830059,0.08745775300672758,0.11217737133107894,0.047133610590735536,0.09874476704675475,0.07749251118588765,0.10535611438995615,0.07614044782248819,0.10616872838549786,0.07385627661931944,3.1953024320135737e-10,0.06971321822332999,3.4689500037770475e-10,0.08590355073748343,2.856394517738913e-10,0.08105882036874468,3.837361832195316e-10,0.09038039180431541,4.00222184362231e-10,0.09627345176751409,3.7455145972080297e-10,0.07965549096090724,0.24539541587559577,0.17343192038575295,0.2485074153198409,0.360071481386613,0.35955115576071506,0.3754917702470846,0.3608984274803737,0.3715805693423855,0.39988847076438494,0.3412557907646361,0.37878434414269585,0.36483543855345113,0.38283106382105947,0.29515660187498255,0.37189249928907914,0.28049957536576137,1.235151227502921e-09,0.29517100261065826,1.3434166005944172e-09,0.35325764792596037,1.1924699095891164e-09,0.3675214630038998,1.383037155970741e-09,0.3325949350877206,1.4029674915798057e-09,0.3662394984113796,1.6226588900101421e-09,0.3705721307645105,0.24974549066615126,0.18738812095318227,0.20766628180251548,0.30377982563358724,0.36156834291886375,0.285206329400081,0.33356160501921056,0.17800122828921192,0.30334285644151443,0.2623997188552372,0.3570145987733678,0.29680875347195057,0.33304641420212283,0.13039885706169538,0.2953687083181821,0.25727341348354504,1.1417952252295156e-09,0.26706717855012574,1.1768159934674466e-09,0.2775549858956907,1.1306600814686741e-09,0.32338733615947235,1.1268397952368663e-09,0.25402184826638635,1.2304618995805449e-09,0.2557814166542112,1.236762050651808e-09,0.2828712876483758
P010,S1_7,Sucrose,7,1,0.2707506683083404,0.4445680921460506,0.399798755278671,0.13353689644180144,0.09101972834425469,0.172430082687863,0.11813906709054345,0.2959151465429954,0.1684573837663472,0.2711829045283652,0.07805439319228284,0.16485308089148407,0.11867682645129768,0.34465949576823157,0.09187757459612408,0.3719416865093348,9.723832751075452e-10,0.2485936477097717,5.316486475530093e-10,0.18169653331291172,3.8926345291117854e-10,0.13172490551605884,5.78230323160812e-10,0.23178889583124704,6.041820113991046e-10,0.20702710681676942,1.0847697752948974e-09,0.21982014414735618,0.10673403751790946,0.0598653530102421,0.08337184594370897,0.08013023429417536,0.07979896205316278,0.07883584496508134,0.11025973316280906,0.08560359951078073,0.07606773763073528,0.09502613106204458,0.07573919450677138,0.09344620574158645,0.06783128088340554,0.18507409404760497,0.08767455834750422,0.06878321067730589,3.2163594282977164e-10,0.08321447850239895,3.2704264882863683e-10,0.10288504548731366,2.7769223050622896e-10,0.07931740350912206,3.375591425719003e-10,0.10234078598895516,4.740122031856547e-10,0.0979316663367949,4.294192452924948e-10,0.08554693434638994,0.06756785495267607,0.03217054185171147,0.07649524958768805,0.06651338805026931,0.07874901593484003,0.0803868727894283,0.13166378222791464,0.0900891876614421,0.08567753213396258,0.07339809861243625,0.09962940725051135,0.0817848270104528,0.11720587732205145,0.0668972286895,0.07570417260580829,0.05578910625886719,2.8886976386624825e-10,0.07069354478388484,3.6936294627580387e-10,0.08580974868395494,2.7631360442664274e-10,0.07956794436213416,3.591583699765759e-10,0.07889909621905673,5.603079016104559e-10,0.11087648494467836,4.095873527205442e-10,0.07953781537319941,0.2738745132778776,0.21315685867102177,0.24011113105165888,0.4046179941709534,0.39007208627390233,0.39946674860764203,0.35263061299683734,0.3245171497409536,0.3813399068962808,0.3164205040419684,0.44265154197656864,0.37841373692203206,0.37227316382788866,0.2514599123416497,0.44181502896732217,0.2662757906434476,1.2431638249605034e-09,0.32547096267835207,1.4337531737906683e-09,0.35331797776277063,1.3698069242848458e-09,0.3947694174407722,1.4788361072244977e-09,0.33295597394507703,1.5399061020028405e-09,0.33857388136889544,1.800411155033036e-09,0.34888020546912457,0.2810729259431966,0.2502391543209742,0.200223018138273,0.31520148704280043,0.3603602073938405,0.26888045094998536,0.28730680452189566,0.20387491654382814,0.2884574395726745,0.24397236175518544,0.3039254630738662,0.28150214943444474,0.32401285151535686,0.1519092691530141,0.30292866548324143,0.23721020591104505,1.0298981687070897e-09,0.27202736632559255,1.2156058069665087e-09,0.2762906947530492,1.1774302936458858e-09,0.31462032917191296,1.1428347585469133e-09,0.25401524801566433,1.2260992263568013e-09,0.2455908605328619,1.37206794738091e-09,0.26621490066392994
P010,S2_5,Sucralose,5,1,0.22855183551393538,0.31999800146127644,0.2954499546913123,0.07074352692538396,0.07520991654373796,0.07709143526291129,0.10416941971623792,0.20179937436812728,0.07779543926634216,0.19472512563638594,0.07328675291184818,0.08133523525440646,0.058631600047424924,0.2109286422072338,0.12138673517329755,0.23733254689793273,6.588523465808067e-10,0.17822755112636046,3.1542955939338727e-10,0.10546539851532699,2.7665225698654955e-10,0.07615067590332462,4.1119670775006756e-10,0.15706988108147227,4.678644018958952e-10,0.15298439704218258,5.077402784822114e-10,0.13626028245136407,0.11955918708507214,0.05722033343042165,0.15637693020680393,0.08198501555201042,0.11857858125219434,0.07065910888727868,0.08632737253699482,0.10583072804455475,0.08209499961520016,0.09227270963775622,0.07542963173836825,0.07291928782198255,0.08878616648620098,0.28291609714391347,0.0998977678260411,0.10095569946110035,3.5716700715300334e-10,0.0939150643057765,4.55545220661753e-10,0.14023498844239687,3.9786996096531395e-10,0.0946188450697365,4.2566839072643596e-10,0.14313893272931397,3.656741903606741e-10,0.09607905029077479,3.744752357845952e-10,0.08718385462647818,0.08509045440496206,0.03218686764766118,0.12004635713913649,0.07804892693586796,0.08385277399576475,0.061987786100206776,0.09435240210785889,0.07057801217559728,0.12519539895165196,0.05899845378809644,0.12878048324838784,0.06408477448529637,0.08484446561920099,0.07322976999889931,0.09140291903404944,0.056213935979273336,3.4745022536356795e-10,0.08470631064355198,3.278779327886361e-10,0.07597869892851795,2.904037386156099e-10,0.07292028004798576,3.283177768493787e-10,0.07642277265785577,3.8347208443512684e-10,0.08246520714172809,4.546317811336941e-10,0.09209692636987421,0.2939257464209286,0.3173028395879659,0.24836019210904142,0.4168477060961641,0.401826704093496,0.4569497989945842,0.3985816565625992,0.4418004287625516,0.4016025127138041,0.3489820821747035,0.39299333140742376,0.43026231526186737,0.4311291517294309,0.3063693126321843,0.3834399265187271,0.34281497194415833,1.1658321172974053e-09,0.34994868848056515,1.6633994400328168e-09,0.3990687418624238,1.5120114623161846e-09,0.42938825154404014,1.5451205650751395e-09,0.3659383407061252,1.6715323398475237e-09,0.4201910426625754,1.6859751542469669e-09,0.3752922974442538,0.27287277657510206,0.2732919578726745,0.17976656585370548,0.352374824490574,0.32053202411480664,0.33331187075501956,0.316569149076309,0.17999145664916905,0.31331164945300166,0.3050216287630582,0.3295098006939719,0.3513983871764473,0.33660861611774223,0.12655617801776917,0.30387265144788445,0.2626828457175358,9.746853342681134e-10,0.2932023854437458,1.2640334656912941e-09,0.27925217225133436,1.182629856218517e-09,0.3269219474349131,1.1758622259582658e-09,0.2574300728252329,1.2662126061659076e-09,0.24828030286273903,1.3620043131913886e-09,0.30916663910802994
P010,S1_12,Sucrose,12,1,0.3101265298249218,0.32438509287082684,0.3748865313403094,0.21161006757092546,0.09404573301941514,0.15446786211577043,0.109187248788757,0.4260985779814554,0.12243150935985946,0.2437030496566681,0.09641721745149295,0.2357743646571175,0.0864225208586778,0.4778509285426466,0.14268959729434058,0.5426826169117513,1.2337920401574624e-09,0.25886663395259896,6.134945736801818e-10,0.2031967611341275,4.637722797084334e-10,0.12425679756759278,1.0098820651309801e-09,0.31241141590185406,6.616879445145587e-10,0.2676429133851062,9.062813261471334e-10,0.1830672795082638,0.1582852001654782,0.184541326751508,0.20041813166401834,0.15246848177497646,0.09663359580447611,0.12487247525178598,0.10900214171103201,0.1549106813339999,0.0937496620586469,0.1193648843795492,0.11952688465917102,0.09049028192419507,0.11019902088430884,0.15373763073438892,0.07641170042722824,0.09644725259757274,7.462992879774827e-10,0.15095505115655786,4.816177674383453e-10,0.12136068066873996,4.3742211040144783e-10,0.11075303552813104,4.743216758319126e-10,0.10919890116087469,4.82742337739206e-10,0.13195641152251597,5.491095252317822e-10,0.10655727321909805,0.06646052652692132,0.05324058658188225,0.07132589782796399,0.057134244784812396,0.10149159401747665,0.060812669700735,0.09816133344124932,0.059512702002565726,0.09598665682532014,0.07175423040658407,0.11102066287358003,0.07281345066519042,0.12189247953772067,0.08350469582529389,0.0834139968245019,0.04396394635913829,3.7090984667097545e-10,0.0719992282100584,4.3737573568012963e-10,0.09192535977030655,3.7813141782299544e-10,0.08115213185910583,4.3961095543621986e-10,0.08319377963666369,3.821390364246283e-10,0.07883701772190752,4.5351592447202715e-10,0.08387044361595211,0.21724140114461576,0.19970057279501555,0.19121509927496907,0.329896416013199,0.35261839192745525,0.38983835674554435,0.38906004128415816,0.2302638851418745,0.4070552224187163,0.3073952623911107,0.3557908850071154,0.3205389232792919,0.37017965325414315,0.17499992179215765,0.36628290515949535,0.15929903116074937,1.2540466495193884e-09,0.26906388291903444,1.4755589729222988e-09,0.32190908092982506,1.5200984106939552e-09,0.3712283743364998,1.5338046137829708e-09,0.26769037784163635,1.5109081501987921e-09,0.3096619632130163,1.929932491567901e-09,0.3572252424049135,0.2478863423380622,0.23813242100076726,0.16215433989273922,0.24889078985608695,0.3552106852311762,0.2700086361861643,0.29458923477480387,0.1292141535401044,0.28077694933745745,0.25778257316608855,0.31724435000864043,0.28038297947420493,0.31130632546515014,0.10990682310551297,0.3312018002944337,0.15760715297078823,1.1701685660922707e-09,0.24911520376175014,1.2781640461192072e-09,0.2616081174970009,1.3894881840434374e-09,0.31260966070867025,1.3320770446606876e-09,0.22750552545897126,1.1143556591269625e-09,0.21190169415745413,1.4297708851549568e-09,0.269279761251773
P010,H2O,Water,0,2,0.402063455405746,0.6350789117541762,0.5678773103026102,0.23558815400518662,0.12411102984766065,0.2752340461944642,0.09661101205019977,0.4563537871299416,0.08539983888957138,0.17312850657053225,0.0707773343919124,0.2412611989823908,0.18464374848668483,0.4742829514288366,0.11511670391880853,0.3478214247018982,1.1505360560022655e-09,0.358774394140337,5.519592912271164e-10,0.2645679439894116,3.4321352332411283e-10,0.1996725380210624,5.492896724543068e-10,0.28046620713405707,4.6393697366445943e-10,0.2764823995900707,4.0339828690176483e-10,0.1292641727300518,0.14958879966208166,0.11122150355128374,0.10411201442436008,0.14021379392031583,0.0960234389417155,0.15335794845018705,0.08558610281890429,0.09666544628845576,0.11776172046694369,0.0651437290761015,0.12304983686491884,0.12645646300382316,0.08537649556990197,0.08390183841810929,0.0880943954447196,0.09387081380180366,3.540453887214412e-10,0.12577373523779722,2.6927955458465163e-10,0.10466493034497845,2.4739408171097206e-10,0.12469069369595127,2.4710114475599086e-10,0.08781088580863364,3.0585023471931595e-10,0.09112577455368003,3.411605193755721e-10,0.0914527247715226,0.08145805171942519,0.046566712912884736,0.060936206580704214,0.10773388577694355,0.09914324361059965,0.09955565020875745,0.10155368491749603,0.06943983199960373,0.11241559383786164,0.08600504476242318,0.0800400519859849,0.09792082011443468,0.0880521549722421,0.07543473827261857,0.1516646131225532,0.08340696414157303,2.1025566144211716e-10,0.07910928818172953,2.6642773539446607e-10,0.09054644676605444,2.3752972075322425e-10,0.09934944690967855,3.098384555626585e-10,0.09963961762724671,3.4744161984160346e-10,0.08549675845854987,3.5518729155690184e-10,0.0992103193001424,0.14102242947693597,0.10815857261060899,0.13674211993182908,0.28297171963231244,0.38587625376427204,0.2804400260277707,0.3849102604603438,0.18616732378438372,0.3632221967258033,0.33539958444169243,0.32580145294369284,0.2815667656053551,0.336671037720905,0.17922895122631927,0.31049873722181864,0.24783699007211193,5.647236157184565e-10,0.21271051003345573,9.86115631942597e-10,0.29555406718481675,8.918933279966761e-10,0.3331581398960214,8.846060991738402e-10,0.2685589290602887,1.290550691537904e-09,0.28553879212236377,1.2188985407195831e-09,0.34931089058374787,0.22586726373581079,0.09897429917104598,0.13033234876049649,0.23349244666524152,0.2948460338357523,0.19141232911882025,0.3313389397530557,0.19137361079761486,0.3212006500798201,0.3403231351492505,0.40033132381349096,0.25279475229399556,0.3052565632502656,0.18715152065411628,0.3346255502920995,0.22706380728261308,6.479104223085212e-10,0.22363207240668023,8.325423432496154e-10,0.2446666117147386,6.745261396545449e-10,0.2431291814772863,8.600303421769783e-10,0.2635243603697736,1.1215694677305626e-09,0.2613562752753353,1.132065925513499e-09,0.3307618926145353
P010,S1_12,Sucrose,12,2,0.367149057104403,0.36597695623202864,0.47176162077527684,0.14989596953863746,0.12365105271030703,0.23452778453124581,0.1306005455883052,0.34764465137588374,0.16637584999973126,0.2519616261555656,0.1035666709324427,0.1587431226895866,0.11700373640097032,0.3776031902163758,0.12455011052248849,0.2635154047130828,9.242868679771098e-10,0.2695155662120626,4.821404803714601e-10,0.21319644096472473,4.075908865995308e-10,0.17908941862077643,4.6171263382628944e-10,0.22066811046322937,5.761804180333446e-10,0.23912259848209447,9.340550849904034e-10,0.20916873807764844,0.09648769605583069,0.13064330374855165,0.11427779267591591,0.10302129912610739,0.06998976550436845,0.11441999000190414,0.07918812269542035,0.09956764550397362,0.1043868049712848,0.07068860103846446,0.07009179884224351,0.11116235502970372,0.07989900670023176,0.09466045022204607,0.09864192749978835,0.11943130612183828,2.9966636867933183e-10,0.10428070757972548,2.642279167937037e-10,0.0897423031071376,2.222186908602708e-10,0.0922048777531363,2.814050043835683e-10,0.09815817263597611,3.1868431707043976e-10,0.08937788409969699,4.0608806958335644e-10,0.08753770300487462,0.08334905921258051,0.051486153613218955,0.06224958824524657,0.07132273855351705,0.08742009756393113,0.07154656899585847,0.1022671163474131,0.0588097853719354,0.08795020618762944,0.06758671619884904,0.09820656274823902,0.07304278479282808,0.07300615461881706,0.07802117866708268,0.08551885256051811,0.05971253173220991,2.3487855458968346e-10,0.07327614786093838,2.6024430140847656e-10,0.07749849996142233,2.4450789310037414e-10,0.07948333327989479,2.408935024045861e-10,0.07406467939465694,3.9231850459396134e-10,0.08053845085967426,3.586773756521987e-10,0.07776846119323924,0.20808915760572738,0.2310038605212933,0.19048336579660205,0.3998349677883851,0.440094647807183,0.3461527679115023,0.38761657280217826,0.28018108020736776,0.34778569521246844,0.33396858054769407,0.38057302363713075,0.40228677371622884,0.4065142819139565,0.25612324738864684,0.3442148972867846,0.3096864456176172,8.302954817506404e-10,0.30204519151089454,1.3401880589200267e-09,0.3622212362553222,1.2244160623518259e-09,0.39312370785934264,1.1553241961762017e-09,0.32913471805175126,1.5027776686420523e-09,0.333898826504773,1.5556883875823836e-09,0.3408771378800812,0.24492503002145857,0.2208897258849075,0.16122763250695812,0.27592502499335325,0.2788444364142105,0.23335288855948882,0.30032764256668304,0.21379683754084006,0.2935014436288861,0.2757944760594273,0.34756194383994427,0.254764963771653,0.32357682036602486,0.19359193350584794,0.3470742121304205,0.24765431181525155,7.530977109164719e-10,0.2508823868363791,9.68274050107191e-10,0.257341519711393,7.822889742591384e-10,0.25609866248684965,9.957653697032562e-10,0.2779743194543862,1.1634539715911413e-09,0.25706224005376155,1.3004181851492619e-09,0.2846479598441567
P010,S2_5,Sucralose,5,2,0.44877274362475167,0.5995834040636507,0.5248424008426417,0.34993023827992015,0.15494612787821824,0.3441875372696138,0.1332482403301297,0.5311399502033347,0.1931840690143393,0.18741180597621648,0.09826974197707332,0.36009716343647313,0.10318514486509998,0.4412019351193617,0.1782708644450749,0.42512428965452326,1.1503763963750584e-09,0.39691594870408514,5.053074706561032e-10,0.2608801862830734,4.965684125897127e-10,0.24956683257391604,5.378591018555214e-10,0.28694555852101494,6.446645959655502e-10,0.3321940952667322,7.374749469339705e-10,0.1902979374952779,0.12395971235890561,0.14464367334026806,0.09105525215829305,0.17382427587551347,0.1038195031260272,0.15795104779318514,0.08085421298418483,0.11422560260692682,0.10516108952614686,0.10880432262962166,0.09615074828481085,0.14302833264560513,0.12788757490127609,0.16859340149799346,0.09983978414707224,0.11469888796908718,3.3363387687862867e-10,0.12877699911056603,3.668598022521815e-10,0.13956288182962046,2.939633627174927e-10,0.13088527545960615,3.539607180396494e-10,0.12775491212885723,2.996939315187626e-10,0.09753990779555582,4.120724217649035e-10,0.10698270607788427,0.05309198202338504,0.03636119347501691,0.06379191267117237,0.05253783023548371,0.08938902829112298,0.04191591089605434,0.08827288872873852,0.0747366073300346,0.10783960453074484,0.10437155723400998,0.11272958158436634,0.04475186566304249,0.08963986703975099,0.06107660776506605,0.0994118229698063,0.048284869745798334,2.0065295571087122e-10,0.060544060942077815,2.406869990641135e-10,0.0705053534979986,2.0292780805761889e-10,0.06565246959358867,2.6033706124682954e-10,0.07460329188010541,3.052209055732557e-10,0.08150474802938656,4.112898906460982e-10,0.10610558088237741,0.15444262931607172,0.10808841930282528,0.16697533300173065,0.21939822809767187,0.33077863385104395,0.2380804336268616,0.37965594501999633,0.14662551910592656,0.32502869605813334,0.31327059986548217,0.38987923824309645,0.24815733251138186,0.37711714810627617,0.17323365702577323,0.32816011135642986,0.21258099741437841,6.481687593427448e-10,0.21449019674546296,9.614611508732249e-10,0.2798024681524887,7.951739143656671e-10,0.28442953373895274,9.736739012123968e-10,0.2727729784757144,1.235872531744332e-09,0.26314073206296146,1.2375845683339855e-09,0.3191496479618078,0.21973293267688607,0.11132330981823894,0.15333510132616232,0.20430942751141123,0.3210667068535875,0.21786507041428463,0.3179687129369505,0.13327232075377773,0.26878654087063586,0.28614171429466967,0.30297068991065323,0.20396530574349706,0.3021702650875964,0.15589439859180515,0.294317417081617,0.1993109552162126,6.017545531871785e-10,0.19927279449780813,8.386569190733604e-10,0.24924911023681842,7.647736273003634e-10,0.26946588863393606,8.254345948264298e-10,0.2379232589943078,1.0396694620716218e-09,0.2256205168453641,1.0658287368837383e-09,0.27746412758265276
P010,S1_7,Sucrose,7,2,0.3873363281972614,0.6081358086323725,0.38836823964645845,0.18709677980232625,0.10863398939119201,0.2077661965120945,0.16647790376240357,0.25898521112526934,0.14635253012547783,0.37654360616075727,0.0906568803945428,0.20092480106874025,0.15701437084191122,0.2503495841147974,0.12500470558219112,0.3969876356791017,8.27536919640754e-10,0.3104198062902836,4.369595017513742e-10,0.18094103521499877,3.3709037729493577e-10,0.15820009295164325,4.74717344677369e-10,0.23233907405450038,5.800149481692836e-10,0.21273155744383646,9.634927351074374e-10,0.26144806814311755,0.11962223854088543,0.08759541769728524,0.13841847850631234,0.12300198226029663,0.08587138800188805,0.11030373616879126,0.08733349971812583,0.13037816329012672,0.09138571542129005,0.12459918898461418,0.08599839989266791,0.09717864427614196,0.08619975790669769,0.1007629397926122,0.08089666806063449,0.11275042470148265,3.0713164773934373e-10,0.10863586019559825,2.650850572511761e-10,0.0957844554674973,2.454423240390638e-10,0.09808756208533966,2.500219952523019e-10,0.09515244761535677,3.0304353614404574e-10,0.10885583150412628,4.2074859126418555e-10,0.10799245220295212,0.07251561435447756,0.036489993642578884,0.08184283868548244,0.078552666016433,0.06954876066823366,0.09470466972751082,0.11229924601666401,0.07722792851596089,0.08809718080401671,0.0895935744415313,0.10955051683912265,0.09060687349077222,0.09881640184368916,0.06867096451620805,0.10618315017023072,0.08023118649346915,2.361129926497636e-10,0.07825975050481113,2.5726363620566254e-10,0.08293519918891043,2.0087989846487637e-10,0.08212671519787224,2.859821335325089e-10,0.08847542575589927,3.694024391637163e-10,0.09476358726631245,3.55656960185777e-10,0.088845377622774,0.18029113992544385,0.13688783004595703,0.18906850366635705,0.32546403906991955,0.3902118963788204,0.29935041521899536,0.33932555157329436,0.3062156082362286,0.3744784435878153,0.2191652324146999,0.38084500623312495,0.3121171759246083,0.35292980452781564,0.31684501693439027,0.3428787133584657,0.21917110481235105,7.164122780684178e-10,0.2541122824775685,1.0881778947446908e-09,0.3398342832650054,1.0366500562068289e-09,0.3447811557989079,9.797658536542417e-10,0.30795615990825564,1.1325282118657389e-09,0.3227705799047615,1.2472169886626857e-09,0.2968218380012576,0.24023467898193243,0.13089094998180575,0.2023019394953899,0.28588453285102416,0.3457339655598662,0.2878749823726083,0.2945637989295122,0.22719308883241476,0.29968613006140027,0.19009839799839773,0.3329491966405417,0.29917250523973693,0.3050396648798862,0.2633714946419923,0.3450367628284783,0.19085964831359592,7.08850258817322e-10,0.2485723005317385,9.547577049652228e-10,0.30050502686358826,9.273135595440188e-10,0.31680447396623723,8.982697023001622e-10,0.27607689266598817,9.744720386550652e-10,0.2608784438809635,1.0221846677535148e-09,0.244892264029899
P010,S2_7,Sucralose,7,2,0.3703749533321877,0.6465323135668085,0.4920302381390355,0.2896444558207711,0.1700178729614422,0.2831033291638522,0.12351043119273868,0.38506801896669623,0.1258031636661781,0.3280019725444014,0.1086141179646364,0.2849994774197201,0.1242868005542486,0.5080124478951786,0.15152811604077385,0.3689132981270959,8.951609682535885e-10,0.3653659260405266,5.619814272851043e-10,0.2713551126436804,5.148054927220708e-10,0.2265606010626472,5.129535380805112e-10,0.2881851656543242,4.609471504299535e-10,0.25428922507971746,4.977583374516264e-10,0.22690256810528975,0.14644618149271155,0.09484897616622315,0.09357057540835559,0.08681057560201969,0.07718643925046437,0.11581144545117789,0.10085739170035796,0.09678317377685025,0.09753326951256613,0.09165839609420084,0.1084824923901487,0.09021884911253575,0.07407598526430394,0.08278180278597178,0.06688644403553166,0.12173512017869913,2.7334921875099355e-10,0.10339627502866573,2.46016301677367e-10,0.0874639181879795,2.2969938167466773e-10,0.09649894235082113,2.1610412098440496e-10,0.08636983806612664,3.17602434017864e-10,0.0988202827386041,2.6239633048417697e-10,0.09459583280338349,0.07411663298192905,0.03890889484110856,0.04284530175939504,0.06060229562517436,0.07446340665451573,0.07104106378762211,0.10163700689737967,0.06804482508260473,0.0742072911419211,0.07823294932076846,0.11021507513157462,0.06787587536789777,0.06936298936096198,0.05808973885813301,0.09304903127725664,0.07476933621950316,1.7799364764195204e-10,0.06576067928451323,2.2274494477006222e-10,0.0682392996653082,2.0874144419514002e-10,0.07275223522106891,2.203329616766086e-10,0.07381777392896369,3.1209146056950904e-10,0.0848409159899922,2.0609341945632005e-10,0.07622012023134478,0.19197536665806453,0.10791527913019112,0.16512133088133665,0.3142557233760336,0.3456434376482999,0.3136403356178624,0.3601922024000968,0.23914726017230398,0.3724317561067399,0.2529429763758378,0.38778100310233327,0.3190570840153512,0.3753484566356199,0.1813422704983223,0.40945568914468794,0.20833969848482614,6.213323013558249e-10,0.2476842978605517,1.092038156423999e-09,0.30399362510002614,9.63841472221896e-10,0.32964188663308114,1.038107523712225e-09,0.2936215286908641,1.1054838284680124e-09,0.2996697312862004,9.282578785312376e-10,0.31268736624128884,0.2170868655351075,0.11179453629566878,0.2064325538118766,0.24868694957600107,0.33268884348527744,0.2164038259794855,0.31380296780942685,0.21095672200154522,0.33002451957259543,0.24916370566479107,0.28490731141130676,0.2378487140844953,0.35692576818486627,0.16977373996239445,0.2790807195017499,0.22624254698987534,5.714031278356868e-10,0.2177928217857427,1.0299155859604177e-09,0.2689480444030059,9.00708937021063e-10,0.27454633473238144,8.857051284839668e-10,0.2580056936597215,9.638132385248507e-10,0.26237984490548605,8.415632777506853e-10,0.2895941126186933
P010,S1_5,Sucrose,5,2,0.22476579678860595,0.5797105396055097,0.23076869252233567,0.19567313592287505,0.10159766633450483,0.25989556868118463,0.12257076325258516,0.25077338310253666,0.15509129741067015,0.3618961739285873,0.10523552327275941,0.22158829039605252,0.12571743785802833,0.3453824040245013,0.15057000397193823,0.34198551514137077,4.528846205187997e-10,0.25962366308468965,3.7751568680368254e-10,0.20814826922455476,3.105176105593479e-10,0.18074661750784474,4.437240937993162e-10,0.24091384024895965,3.9150554166393906e-10,0.1866720731775609,6.634167270067984e-10,0.25849373566962874,0.1089921041769788,0.07437835012271254,0.12976030382563855,0.09448811783677127,0.07062916874525076,0.06950488990340228,0.09414276080022654,0.09537120866793185,0.11172179071215554,0.10603743261519796,0.07433729305235451,0.06011500269228468,0.08767353553614979,0.09163292790454022,0.12759174774258408,0.09308954726508865,2.0695165416828406e-10,0.09034519528445671,2.2489801614084744e-10,0.07986013052233576,1.832267470361069e-10,0.07006702932432651,2.9157183562289747e-10,0.09999693961209069,2.8015864779854325e-10,0.0947569847340792,3.4826288949016464e-10,0.10887961166367675,0.0839019871646712,0.03786881855268081,0.09808180352271537,0.07227980352016847,0.08264180437548915,0.08262936875380077,0.11059940906939936,0.09441210904342766,0.08716104538287606,0.06130517285530509,0.11486887042175863,0.07605234477765563,0.09363243538496878,0.0676556693184841,0.07668633041174666,0.08708653396686301,2.0672778512259675e-10,0.08050893799327502,2.4533484718522656e-10,0.0816398194581857,2.1477260852922559e-10,0.08263558656464495,2.377347022870188e-10,0.08126524227051564,3.2540694715905e-10,0.10250575905641351,2.537458143518147e-10,0.07423310911909058,0.24845302302825198,0.1689466979172187,0.26748362255888875,0.3496638155616161,0.3701730075786497,0.3163332941563269,0.3646007251415886,0.30347692600061255,0.34278234235339344,0.26053006576971566,0.38457591846496997,0.3737038666749763,0.3664549121614664,0.2679977677274447,0.35805438202302226,0.28746860400839297,6.816127065189344e-10,0.29880449070098697,1.0134786153512906e-09,0.33023974540597195,9.462280995213058e-10,0.3432531508674883,9.884769615616942e-10,0.3199939164800816,1.0710930556771105e-09,0.33403882557110054,1.0142065385096507e-09,0.3016562040615546,0.33388708884149193,0.13909559380187772,0.27390557757042194,0.28789512715856913,0.37495835296610547,0.2716368785052855,0.30808634173619986,0.25596637318549165,0.30324352414090483,0.21023115483119403,0.320982394788158,0.2685404954590311,0.3265216790593863,0.2273312310250297,0.2870975358507088,0.1903697996182845,6.459636485038243e-10,0.2707177129365917,9.518804894619644e-10,0.3001120353889517,9.441364729776639e-10,0.3232976157356955,8.331264036427116e-10,0.2578300613883523,9.049704776822056e-10,0.28202635746084576,8.802493119669868e-10,0.25673733948604943
P010,S2_12,Sucralose,12,2,0.34591470867040225,0.23645300053754398,0.30041609470759834,0.17879962093590945,0.07655402507113611,0.22922057942514312,0.10790969950417106,0.32934601653191986,0.11593420862402883,0.1750432885094961,0.08746242688330083,0.10386399114528566,0.07144608311213761,0.30770895573504836,0.12223895101772721,0.21435709123783714,4.762426636068699e-10,0.2088183071466734,3.2541676079941634e-10,0.17123241083586632,2.98071812217494e-10,0.15288730224813962,3.5065677540726787e-10,0.17893777027568758,4.28939930536663e-10,0.21862785801804546,4.547658443213446e-10,0.14548874856676247,0.10553619093323002,0.16356010153965295,0.12145770537070436,0.08384850454915446,0.09929981550291081,0.10971533709176343,0.08298766874747499,0.07057817847119895,0.057295907078732077,0.1203939283386276,0.09823104528875716,0.0954057195401957,0.104047518079673,0.1397259108996061,0.06735898240029319,0.0986435949659776,2.45796206000457e-10,0.11133987787028245,3.371316094133064e-10,0.11319714539348832,3.060945939088995e-10,0.10450757629733712,2.7767365858874e-10,0.10244400158638747,2.860984786784225e-10,0.07678292360933697,2.6696484020911025e-10,0.08884491770867983,0.0783998928366787,0.07719859277159799,0.07001376739437036,0.09808192334399544,0.0991092304291448,0.11656685814302295,0.08089595781098881,0.08311403812455019,0.0977806386046705,0.10121684998140767,0.11673513638286243,0.08359726956911062,0.11354979713790163,0.12846058587339643,0.1002774361387595,0.07175449243857036,2.0789637132524243e-10,0.08733776371643592,3.4949535827428157e-10,0.11442161789586644,3.0853882847191866e-10,0.10783804428608387,3.251280797184377e-10,0.10351057789715698,2.8231721673284967e-10,0.0820049979677695,3.257296899205199e-10,0.0994987442930391,0.24016460649873445,0.2583791248753863,0.25678174714170693,0.37569922795636074,0.40255036951134016,0.31350294945397045,0.43101334196461205,0.2926149664715998,0.38733538950876134,0.33162261363198775,0.36960764769599563,0.4172585782116359,0.37315500925564155,0.2125212204021952,0.3659408392537488,0.3549362348432374,7.080393444429846e-10,0.31964848872997,1.184350802494459e-09,0.3254323871557868,1.1845195069622812e-09,0.35802665948265533,1.0778227002952044e-09,0.32663832593870573,1.468192658007211e-09,0.3618141542181059,1.2039383939130593e-09,0.35947900157037455,0.22998460106095509,0.26440918027581845,0.25133068538562003,0.2635707232145797,0.32248655948546806,0.23099427588609964,0.29719333197275327,0.22434680040073124,0.34165385618380695,0.271723319538481,0.32796374374908355,0.29987444153377213,0.337801592414646,0.21158332708975353,0.34418379118947096,0.2603085865143777,6.347131306844728e-10,0.2728555625366382,1.0106636664945177e-09,0.2757164387189918,9.402760540303523e-10,0.27674041768578383,9.88150802740477e-10,0.28846932430206207,1.0177624344159766e-09,0.26077006618674226,1.0360502078925376e-09,0.30668858786114395
P011,S1_5,Sucrose,5,1,0.12695404837565577,0.4428961033909653,0.2722557589887541,0.24100093137346132,0.09206765388673054,0.301888481118827,0.1383467067547972,0.15993643692581241,0.11501858045498588,0.24906755664257949,0.10814879699145877,0.21774002191925398,0.10647164422664206,0.3933729471098039,0.13977269755703378,0.28309301165765927,8.182244138795057e-10,0.23483261017325818,6.581121017398012e-10,0.2234501815855009,6.224992094640989e-10,0.19697806750277877,7.091874275529812e-10,0.23067757513778475,6.063095678544683e-10,0.1491415718403048,5.596575853034257e-10,0.1820430685487827,0.07307569677822735,0.08963576044446425,0.08610514233320157,0.13455168624662758,0.07040580221025414,0.1117401535162715,0.13617516157965762,0.10298155889543892,0.07385310935800221,0.08948247772244168,0.0960847811666011,0.12178408964052205,0.11873396867363574,0.08402386209913831,0.09353767331922191,0.08755865458943718,3.4352449106471676e-10,0.10020619276827397,4.261439589477814e-10,0.09622594662482492,3.7864683157024665e-10,0.09107297786326282,4.215114354467948e-10,0.09596353967035828,5.740029760922194e-10,0.11957836023754827,3.2700687505393743e-10,0.08166779354022194,0.14883597354902345,0.10775484287303869,0.10492414899754016,0.09738113509385801,0.1425610935610147,0.12997623980941814,0.08835581705438103,0.09193078202138207,0.12075561560444623,0.10498969739862761,0.14410324931960428,0.07254341495081501,0.1279608336509368,0.07209605934212113,0.1303329550334866,0.11797620157066971,4.5340874089097383e-10,0.11259046079731327,5.914107205266161e-10,0.11814855659087269,6.879854496442194e-10,0.13626866668521642,5.024784970224543e-10,0.11209151239930357,3.829474397453205e-10,0.09014329953788155,5.157070337435811e-10,0.11287265650153691,0.35134145900894687,0.2224924666148911,0.3251605139769828,0.24232101107664278,0.3914437618789134,0.2458433447561303,0.32534999072233556,0.3754168887047086,0.34343813313032256,0.3188371707384067,0.3438495864259421,0.3062029004069496,0.34139910913056815,0.2526949202920016,0.3460724720312767,0.26672198763102756,1.1338060292243283e-09,0.2985613229183925,1.5847706378462389e-09,0.30784528401440336,1.7982800182479078e-09,0.3186435533175218,1.3364992375808408e-09,0.30172212227121853,1.425563001187205e-09,0.35038343971352204,1.476003519277882e-09,0.3311376519343646,0.29979282228814597,0.1372208266766405,0.21155443570352137,0.28474523620940995,0.3035216884630875,0.2105517807993535,0.3117723238888287,0.2697343334526578,0.3469345614522437,0.23762309749794436,0.3078135860963938,0.28172957308245916,0.3054344443182171,0.19781221115693526,0.2902842020589807,0.24465014455120623,9.267930535740439e-10,0.2538094133427618,1.3067805922937386e-09,0.25433003118439834,1.4106609483272397e-09,0.2570367346312205,1.1592624145732192e-09,0.2595452505213348,1.3283914357971046e-09,0.2907533286707432,1.4522458931685705e-09,0.29227882947509404
P011,H2O,Water,0,1,0.11748314928342031,0.2544364968025375,0.1947846993455655,0.25323854252255323,0.14200517010325944,0.32385140132645,0.1371310299418277,0.17985975797848347,0.10973969151903841,0.2653868119966761,0.125519316851782,0.1529221814791029,0.13409279202256208,0.1582734170908831,0.09035510600375504,0.2887885967715071,1.1101784365901124e-09,0.1830640643808269,1.219298938794901e-09,0.18955569513578868,1.375668459087165e-09,0.23292828571485474,9.39337691816399e-10,0.16787747797217684,7.636268457643475e-10,0.15849539396015558,8.15281645719657e-10,0.18756325175785724,0.08556194483795249,0.28680629438212757,0.11345213869359298,0.16775031083420852,0.14642375221763043,0.24038404218583634,0.0896497499292008,0.11987482072298687,0.11553952727681306,0.10624253395622964,0.09120663214534372,0.1253652302164646,0.09819706246324623,0.17788403982116738,0.11314189383348068,0.1968561479550463,9.709417423165522e-10,0.14502375851828167,1.0765008931102572e-09,0.1657222241719701,1.1884030446108897e-09,0.1934038972017334,8.529445627087667e-10,0.14651978601823515,5.022850863890877e-10,0.10476228532609383,6.244377324218033e-10,0.11089103061652135,0.10525504638083293,0.19488725656937556,0.1633917396652077,0.16913960416744186,0.1411879180858061,0.12754451476915218,0.11941501983579943,0.1163142433452791,0.08460101477154194,0.10960591021563647,0.08547847781571338,0.10431760924775728,0.10873281060289615,0.1603999820230687,0.0947117117978828,0.12027420895446929,8.387137606810505e-10,0.13707828897438812,9.238731890503325e-10,0.13446630637023077,8.895222088385144e-10,0.13436621642747915,7.515320616572091e-10,0.12102967834457923,6.110975501758182e-10,0.11786463159053925,5.002041161513895e-10,0.0971034624935892,0.38992500478426523,0.18480994741503765,0.3461607909866319,0.2612828392932432,0.30449546964287855,0.17778782751951328,0.3959751391320911,0.3711178271456766,0.3821680314749726,0.30596781639490145,0.3518147628143651,0.36895655772639047,0.3600258877538662,0.3201365459094331,0.3700251470269014,0.24043574855392483,1.6535541261141335e-09,0.31715831716998893,2.109052528903316e-09,0.29061143270642276,1.6791375287040483e-09,0.2411416485811959,2.1386919035497153e-09,0.32265583231103134,2.0068927661238313e-09,0.38354648313888384,2.00404575434615e-09,0.344067923934937,0.3017748547135286,0.07906000483092211,0.18221063130900142,0.148588703182553,0.26588768995042567,0.13043221419904819,0.2578290611610806,0.21283335080757393,0.3079517349576341,0.21279692743655595,0.34598081037279577,0.24843842133028457,0.2989514471574295,0.18330601515544795,0.33176614133798016,0.15364529776505265,1.1222564006418232e-09,0.21767557095651424,1.6327690774559251e-09,0.21964434161558782,1.4052071116218755e-09,0.1981599520747369,1.6568447145938765e-09,0.24191722535397758,1.2682296844746971e-09,0.23533120598432727,1.5692682930285733e-09,0.260374331197095
P011,S1_7,Sucrose,7,1,0.15413834912675073,0.6505319609684672,0.16825475120355196,0.25556519399836525,0.10840749831753141,0.31796762389654465,0.11865786560876429,0.17908909854615904,0.12289405883161533,0.27163039317620014,0.1283315111123783,0.3914159970779095,0.1492430180077031,0.33701044629719434,0.13729176179796612,0.37850741209451083,1.81856637562181e-09,0.2913729605812372,1.7767641057311468e-09,0.22815714662974337,1.1132355117370065e-09,0.21318756110703801,1.875960212486523e-09,0.2505131595493436,7.304709361356125e-10,0.14887348207746165,1.1024507340195597e-09,0.19726222600390775,0.1067757667025302,0.11486492860833938,0.12706154970817618,0.20634223835298737,0.12876914674867257,0.1577646880127502,0.09185812353813438,0.21191676110365207,0.08693998485348624,0.23200363094178234,0.08778142827993117,0.12248713352948254,0.08926918650061089,0.1530348387044179,0.0908363221839702,0.16665727518337883,7.176055599957478e-10,0.1275521741969078,1.00701683014325e-09,0.1322094649916129,8.220002427564653e-10,0.1432669173807114,9.275963095761208e-10,0.12494940564309445,7.061363570881719e-10,0.15188744232089324,8.792224795451795e-10,0.1594718078976343,0.11404812750282692,0.05868763235175731,0.1294466441396887,0.15988356438097365,0.1466557897324352,0.12995143510974042,0.1240228985661187,0.17340986747787343,0.12116096485171252,0.14684647698207456,0.10798512301267282,0.10515109288027848,0.11085112795098588,0.2511975742987829,0.12080038757818418,0.14279642189619,6.12483047795073e-10,0.11253369737803298,1.3202244609398273e-09,0.1596639817729861,8.230501107031805e-10,0.1383036124210878,1.2533626492976175e-09,0.15641137793103574,7.370556045706111e-10,0.14871638302199608,7.854256047352631e-10,0.13400372091689355,0.34071722413006506,0.08902177186097261,0.35415349832841164,0.23078799911272455,0.3443149126716636,0.2412017817525527,0.36902980022951315,0.25889551046322473,0.3424898087767773,0.2183280302644997,0.36362479983098595,0.2088519542302134,0.341598187758957,0.19297350277031874,0.31653460920847987,0.1946847423848321,1.4212606151404074e-09,0.2645262079155622,2.0920015152770613e-09,0.28002209623837304,1.7869761946030675e-09,0.29275834721210814,1.8824047608408367e-09,0.26144776053064694,1.6996537029041161e-09,0.3139626553463689,1.7297421259669426e-09,0.2804089195206385,0.2843205325378271,0.08689370621046306,0.22108355662017176,0.14742100415494877,0.2718526525296972,0.15311447122841162,0.29643131205746986,0.1766887624090911,0.3265151826864082,0.13119146863544282,0.31227713776403143,0.1720938222821163,0.30903847978174287,0.06578363792928611,0.3345369192313995,0.11735414844108799,1.1004352504494624e-09,0.20401495992825971,1.4473930795937157e-09,0.19994731036728444,1.3259854192369918e-09,0.21248356187905443,1.3992069722486571e-09,0.20667829634587914,1.3052549856030337e-09,0.23656003723328048,1.4572554130155312e-09,0.22885332566092553
P011,S2_12,Sucralose,12,1,0.15649549918773417,0.5056933467879275,0.3705265108756546,0.4869090140292224,0.2129514260406778,0.5244337773905136,0.22084068446770422,0.31982527447299913,0.12362930992829882,0.3628468492605892,0.15610901599581284,0.29353810975622524,0.13281298363227365,0.14395419033608886,0.16876232300861202,0.15997814983813308,2.4284316601352536e-09,0.3282119161054295,1.984549542056236e-09,0.25353809434988844,2.9259679118328076e-09,0.3686926017155957,1.0247825186123383e-09,0.1513769117037769,1.403016903810593e-09,0.2703329794703517,1.417737131717924e-09,0.243238079594444,0.12994779016828192,0.1233227003803795,0.08166182660205311,0.13632288085897046,0.13787225856158575,0.12783782887560224,0.1342764457644187,0.15751176447083873,0.1437494622701804,0.160437251654842,0.08190167959425657,0.19991578786446704,0.14625184854127243,0.2648403988439295,0.10264831168624938,0.27767688385658934,8.294834727081115e-10,0.12551211091140144,1.2965923132192175e-09,0.16920058370559748,1.0268571789323453e-09,0.132855043718594,1.3616319244748327e-09,0.19785436073201018,7.754383587650753e-10,0.1458941051176287,9.226362146247578e-10,0.1520933569625112,0.11547021498677269,0.0884202833738512,0.13200798794069757,0.11072978981577071,0.09298792458995268,0.0829028580227915,0.1258039531887364,0.09636922491076781,0.10244664283668081,0.10960888819944302,0.1231675584781816,0.1687903224531582,0.13782537041732684,0.27845734147663553,0.13260907114989273,0.2222933224626124,8.136894629376359e-10,0.12309769284140532,1.134240936699135e-09,0.14804337362667663,6.789695820974076e-10,0.08794539130637209,1.3360326962789016e-09,0.1927962763766169,6.189329967384017e-10,0.1110865890497521,6.444069716437793e-10,0.10602776551806192,0.3446773551845295,0.18630246875504838,0.23852504137763328,0.1536171110766692,0.3229149504310779,0.16960299026561526,0.3050142432753739,0.2741675857836541,0.320519628553306,0.2169178906941321,0.3638018189963605,0.2035988083884721,0.32321460894612253,0.1915768594467724,0.281102336772791,0.2206501246381354,1.6427939741283108e-09,0.24842043396311883,1.8940274514833503e-09,0.251827352272397,1.8730885597818026e-09,0.24625897034834657,1.7264797537893253e-09,0.2541359824509553,1.5857430704486071e-09,0.289590914529514,1.6663128753468338e-09,0.26871875962371905,0.25340914047268115,0.09626120070279348,0.17727863320396178,0.11242120421936756,0.2332734403767058,0.09522254544547638,0.21406467330376683,0.1521261503617397,0.30965495641153423,0.15018912019099392,0.2750199269353884,0.13415697153767736,0.25989518846300447,0.12117120989657397,0.31487795738245467,0.11940151920452918,1.1347980655804397e-09,0.17475784617864495,1.325963741638758e-09,0.17739059604544016,1.2412513799182158e-09,0.1642479929110911,1.373793208680601e-09,0.20383646873664057,1.0282570085412743e-09,0.18309541183275327,1.4449989246011713e-09,0.22992203830126406
P011,S1_12,Sucrose,12,1,0.16388474276993387,0.45549941125208543,0.47710744583866255,0.5532296650517364,0.221875099916073,0.3231786225229871,0.12612963837399624,0.2617139470535956,0.110047098370376,0.2216463920560344,0.1484332206417554,0.49282088087427456,0.09693722743515722,0.27147590380522235,0.08082443677761841,0.17994799003405845,3.3651379610621634e-09,0.38182922773807465,1.593408648056191e-09,0.22836671341985992,2.1622546081001106e-09,0.27252686121953007,7.772109231258192e-10,0.1572963895130141,8.511314524209439e-10,0.1939217927137959,7.643870543819737e-10,0.1658467452132052,0.13458503973716168,0.16680038083841703,0.10352882524451824,0.1478838152501682,0.0994247626116798,0.25028026216376553,0.13074234539136248,0.13064461000940278,0.0953690872773762,0.1802424255974393,0.14486292040372697,0.11353033587654415,0.10800878833644952,0.1909326007335773,0.13633626874576055,0.2451226868192276,1.0933903339494668e-09,0.13519855289175606,1.1300251811918836e-09,0.16216160346136804,1.398388008395259e-09,0.17485251238772268,8.272768305380578e-10,0.17010008615875374,6.688171183297383e-10,0.13069347770038264,6.408199582349877e-10,0.13780575643740775,0.13131157395922557,0.08586380382429584,0.07153769312782371,0.09590768612207642,0.11241505646035056,0.10237688219021358,0.1501025741853056,0.1383156003940689,0.11228352592531346,0.15419327831556884,0.11509644698570239,0.08260968827545302,0.1484366033426682,0.1607690488405865,0.09401653514951343,0.18059490709795611,7.554180235225079e-10,0.09705448204909617,8.873964096898352e-10,0.1309993977084547,8.456363954685591e-10,0.10739596932528207,7.479463565108957e-10,0.14595427360768104,7.501370056229167e-10,0.14420908728968723,6.485746534336015e-10,0.13323840212044114,0.3481643559057596,0.19162627740619265,0.22062775884081332,0.12105174782163931,0.3387323388702612,0.21686725024450082,0.3249678359284878,0.2570226221490832,0.350405814633359,0.27019313901936787,0.3209380462879896,0.19453089758748127,0.3686345087691455,0.23847923158305157,0.37359424389324525,0.24479181503794853,1.7051037431312965e-09,0.23282318064164598,2.0395287082841004e-09,0.2906783323667398,2.1750088265748096e-09,0.277799794557381,1.6697526725677445e-09,0.30637494982084773,1.5596370565363685e-09,0.2909952290387855,1.6388735893086088e-09,0.31029947682636344,0.22205428762791937,0.10021012667900936,0.12719827694818223,0.0819270857543799,0.22755274214163548,0.1072969828785335,0.2680576061208483,0.21230322039384877,0.33189447379357534,0.1737247650115896,0.2706693656808257,0.11650819738624711,0.2779828721165792,0.1383432150375633,0.3152285154338629,0.14954260101080905,1.1201547125997116e-09,0.15309455667942726,1.3182474253081013e-09,0.18779395304357788,1.3047912712135305e-09,0.16742486251008448,1.222226908204532e-09,0.2202743008997036,1.2869474338430016e-09,0.2401804132573485,1.402262074732565e-09,0.25280961940258245
P011,S2_7,Sucralose,7,1,0.27974500086214316,0.505477907682481,0.3560850700639634,0.4559982459433602,0.151282236759704,0.27704561932864563,0.28536791674629586,0.315682974514747,0.14520531698772107,0.2887220262319963,0.16245939340400756,0.32455601300189124,0.21918279264952634,0.5445147934596103,0.17872321079316109,0.31952146666850145,2.4094524882756633e-09,0.3473869384929744,2.3997888198461504e-09,0.2980063605493716,9.964274816827488e-10,0.21416392804417483,2.495749923547405e-09,0.3154855658926998,1.4382098386781197e-09,0.3005254456305214,7.31288237064474e-10,0.2169636716098587,0.13362069021141074,0.16721395013427734,0.15233971066596513,0.18023062456307146,0.10755444731222102,0.211575640501103,0.11842512107825327,0.0986053509258104,0.09752661062691836,0.12028664073512743,0.10364539779076185,0.1603465520668777,0.16495023713812462,0.1412175633020961,0.11056472543549657,0.15321587154499156,9.836800572882328e-10,0.14956615423872735,1.0654933833104822e-09,0.15632447206338618,7.438884429787729e-10,0.159565043906662,1.0054922089797667e-09,0.14248709935517723,5.447917217357837e-10,0.10851523600203183,3.846516872845568e-10,0.1089066256810229,0.10408751120093217,0.083152479462895,0.10219288147764122,0.12364916673573144,0.11503276380868398,0.11410800002723585,0.11129071636285282,0.07463758632609042,0.11656694300060377,0.08576019440737018,0.10525871941257733,0.09538505184530265,0.09313790508972089,0.0970030518553496,0.11464123702044697,0.11515487566682191,6.573826537033252e-10,0.10228763502251331,7.006247788221664e-10,0.10482043019524759,5.23208143615912e-10,0.11457038191795992,7.077581666995714e-10,0.10498426740808485,4.830094897629486e-10,0.09296415134447161,3.75831476333905e-10,0.10116356870398698,0.2478455367351075,0.14074632667106218,0.222790584439094,0.12840677131758385,0.3688211026251762,0.22917249715334778,0.28167398644830227,0.28263608361948817,0.3365614654091098,0.28292936018371756,0.3656457881179458,0.23973897629028315,0.2931752409993671,0.12749718690080658,0.2795503162617616,0.2401806907169637,1.3123815292685326e-09,0.22419566392851273,1.5663548804735397e-09,0.2546665069196744,1.3456151218496376e-09,0.298996799889262,1.4980160382211856e-09,0.23510085871972475,1.3730665957412418e-09,0.2821550350338952,1.1362178376704962e-09,0.30974541279641365,0.2347012609904068,0.10340933604928437,0.16659175335333654,0.11171519144025246,0.2573094494942144,0.1680982429896681,0.2032422593642959,0.228438004613864,0.3041396639756471,0.2223017784417888,0.2629907012747077,0.17997340679564497,0.22955382412326109,0.08976740448213785,0.31652051048913415,0.1719270954027218,1.0258168995367308e-09,0.17656360831727214,1.1513704590690648e-09,0.18618223027232036,9.587224315672937e-10,0.21270384624194127,1.2312380672806982e-09,0.2019422086243137,1.0301009429249492e-09,0.21584013198907995,9.784874009548473e-10,0.263220721208718
P011,S2_5,Sucralose,5,1,0.2055890553697867,0.47936887574629095,0.2552606890519712,0.21003130188115046,0.2084422882701936,0.3089001050059293,0.10221232626822829,0.23476989789470332,0.12203235491035053,0.17335260280748513,0.14784992309639455,0.4298813447786746,0.11355387672952283,0.2413508305524057,0.12258043092175203,0.2743200101130509,1.6706813430998776e-09,0.2879968649873781,1.179542112550408e-09,0.21806177513951286,1.6086584915531017e-09,0.25867119663806143,7.898724435736631e-10,0.18795128707918285,5.966871878966164e-10,0.1684911120814658,5.329826370670088e-10,0.14769247885891784,0.113954433984892,0.14788600194258697,0.17185928835896064,0.15717353047358992,0.14987658900649378,0.2604169447866614,0.12547940250583087,0.12217437393163243,0.12421740214263276,0.11277079029241424,0.08689325876023252,0.22741071603070037,0.13040258502851795,0.11280184311220105,0.09585809829319841,0.15242126881397894,7.79288786987253e-10,0.15086287159182707,9.287153160018502e-10,0.16337449048346853,1.2485370087656185e-09,0.20514676689657757,5.819285549404793e-10,0.12287094881197409,5.309300832366182e-10,0.12382688821873164,4.874454571007559e-10,0.11849409621752349,0.10534162956566848,0.12615349700742912,0.11657998230992912,0.17715626606739526,0.13008128201369354,0.09429642537538298,0.13443203618720226,0.1170227923864382,0.11994112789302512,0.12458234668434391,0.08623082448251437,0.08601066849212419,0.1037637452477567,0.1583515507863421,0.11520180800010377,0.14829052016490826,6.134967651335498e-10,0.1162454779875101,6.789025495903386e-10,0.12162325085579381,7.677626007182108e-10,0.11218885369453827,6.022132224706028e-10,0.1314019060497777,5.519731190634091e-10,0.12572741428682022,4.842380076289097e-10,0.12226173728868452,0.29556653395648536,0.14078684751632398,0.22959408414102658,0.22850942303438315,0.3056385562239015,0.14554012711690345,0.36337497258190976,0.3065952740481568,0.31449732680897247,0.3149857744621866,0.37263096986181715,0.12249424993912138,0.3624303487407306,0.2986703823361695,0.3610793193179494,0.2142651135066042,1.230659204270913e-09,0.23159701807485958,1.645559138676806e-09,0.27806985360442626,1.6216439818806865e-09,0.22558934167040248,1.6088356248002252e-09,0.30911129097536344,1.4802014370040491e-09,0.3349851233150333,1.2596163559526718e-09,0.3147415506355795,0.27954834712316756,0.10580477778736942,0.2267059561381125,0.22712947854348098,0.2059612844857177,0.19084639771512288,0.2745012624568291,0.21943766173906928,0.31931178824501866,0.27430848575356986,0.3063950237990414,0.1342030207593794,0.28984944425347153,0.1888253932128812,0.30528034346699673,0.21070308740145782,1.089440254342436e-09,0.2132977673584252,1.2867024810821865e-09,0.21887062991679834,1.3152408358625254e-09,0.1984038411004203,1.305817779481723e-09,0.24866456708370183,1.1033993161944177e-09,0.24696946209794918,1.239547783406864e-09,0.29681013699929426
P011,S2_5,Sucralose,5,2,0.15319932107288303,0.4413687229337093,0.26162951524339645,0.25350203335749844,0.16214743765667805,0.32969963606257485,0.24626293285611836,0.3111529215647892,0.1713234174734829,0.3370747240916769,0.13749593015351708,0.32590703117411657,0.1811695790265742,0.2742502499710338,0.16071795311524334,0.3523590847741419,1.2159624979513478e-09,0.26218375898918683,9.856611367467677e-10,0.23681672567921525,9.919873435580173e-10,0.24592353685962645,1.1267030282127523e-09,0.2421242167217483,1.2302486101674575e-09,0.2787079272104538,8.057067196363005e-10,0.25419907078257986,0.1782827077821806,0.21635503590530222,0.0924372681388012,0.12380281374333311,0.12305049890917787,0.13394814408325156,0.12494427574486894,0.10581851188448049,0.10629503536281044,0.15877390005875164,0.11743015286008471,0.16848845699250783,0.11637534649272407,0.08198276441263354,0.06488097849934094,0.1411313022149498,6.993171457863135e-10,0.14946607257036829,6.139950212300228e-10,0.11383918847444675,6.747726949524363e-10,0.1284993214962147,5.325311583542494e-10,0.10109259790491208,5.996994901008838e-10,0.11538139381467472,4.75526158733959e-10,0.13253446771078103,0.14185759876547077,0.11486353158260075,0.1083788160075365,0.14142341141070158,0.11232853934416194,0.0689216350859404,0.1174982350284296,0.08445055018845618,0.13347915544571742,0.0790856014395889,0.08568519465507511,0.10266802522620937,0.1029119775716811,0.12880159896576887,0.09661015044550342,0.07233386979686932,5.022195854984581e-10,0.11581276294126568,5.573671061847457e-10,0.10324093774188808,5.801661323397678e-10,0.09062508721505116,4.943188839973638e-10,0.10016439919495568,5.568761738882831e-10,0.10097439260844289,5.389432538468165e-10,0.10628237844265316,0.3227134116765685,0.11243493334165537,0.31542709690592247,0.33171612117394783,0.3317410415852688,0.2437969990040183,0.2873777462832931,0.25149730649188273,0.30419163878260486,0.2267968835008439,0.3368051657505797,0.217966602284533,0.2653372888784324,0.29905048983917865,0.39072494686907416,0.19292005390877837,1.2042002530840506e-09,0.27284388852220115,1.5460435511649694e-09,0.28498145482672455,1.740425439174566e-09,0.2877690202946436,1.482685006811959e-09,0.28700819487386586,1.383151616740317e-09,0.2694375263875879,1.2507490339359343e-09,0.26549426114172436,0.20394696070289692,0.11497777623673228,0.22212730370434305,0.14955562031451902,0.27073248250471316,0.223633585764215,0.22391681008729003,0.24708070987039135,0.28471075293538406,0.1982688909091384,0.3225835565807437,0.18496988432263314,0.334205808030588,0.21591489681138476,0.28706597107083814,0.241255689305261,9.827294323259865e-10,0.199693516976978,1.5049565092328592e-09,0.2611216932777252,1.4369130772092936e-09,0.24718303413446407,1.4905313855995555e-09,0.269610591304518,1.1017583453359872e-09,0.23549875997884068,1.1638746181456752e-09,0.24148982192226123
P011,H2O,Water,0,2,0.14162352594197622,0.4043361597870941,0.10998876089857448,0.24505341214985074,0.12368566626164555,0.18795173832332812,0.12465610239554417,0.22179822474259425,0.15792771142339762,0.22684016049381028,0.17692492351830283,0.3366494368197406,0.15245799256531029,0.4977883072862752,0.1368214798073254,0.285535515039146,1.797467718059524e-09,0.23576270318592316,1.2416010234737412e-09,0.24047092610913978,7.192594636725753e-10,0.15581870229248684,1.2960488969209152e-09,0.2681508236745142,5.95918059904564e-10,0.1732271635690692,8.31706945831918e-10,0.19238393595860395,0.10783174624252097,0.16232025161476932,0.14571282458972423,0.21524793311374837,0.09699428915163906,0.20095970909463542,0.08048636734896038,0.12621639647811178,0.11695373167565472,0.12677260994906292,0.16181387084424445,0.38195479439788727,0.08732943752373602,0.1252230445603463,0.09285984494007983,0.11408649507148623,1.4345648534482903e-09,0.19581357013381576,6.157507983850292e-10,0.1276266200825892,6.192336214665206e-10,0.14897699912313725,5.323985508941747e-10,0.10487470552391209,3.6855438646258434e-10,0.10335138191353607,5.818828490105751e-10,0.12186317081235881,0.11197518149076996,0.11832257127140243,0.113219999258244,0.09781633996211063,0.12062284560864604,0.10227221817963386,0.14838577089305585,0.07383177604261033,0.08745524021991162,0.07765877699301152,0.12832619102556336,0.08474544268268723,0.11527398575894328,0.055919125325374595,0.07919370949115641,0.0845242240737133,7.039200495846905e-10,0.10906762094846294,5.769257041428612e-10,0.09852204371814943,6.179691514302923e-10,0.11144753189413995,4.521303112329955e-10,0.0837277611622969,5.279118959408671e-10,0.1111087734678331,4.209630514330354e-10,0.08255700860646156,0.374471645836079,0.21856058033209844,0.3147534332786295,0.25702001162008337,0.3973289701477997,0.28150416487763824,0.3796308975676586,0.33152259953870883,0.31294281143147623,0.3486726200161948,0.2987577030784967,0.09343199953557409,0.33925260970756527,0.1914482968490083,0.366569388247566,0.28250336084988875,1.4627814127419681e-09,0.25949922894682687,1.8112725599554374e-09,0.3023835103955029,1.9785211240002214e-09,0.339416567512719,1.5998631285854732e-09,0.2949434139135071,1.4866870868625337e-09,0.3555767485531837,1.5648026370870225e-09,0.3308077157238355,0.2640979004886543,0.09646043699463588,0.31632498197482734,0.18486230315420718,0.26136822883026967,0.2273121695247638,0.26684086179478084,0.2466310031979748,0.3247205052495592,0.22005583254792024,0.2341773115333928,0.1032183265641109,0.30568597444444595,0.12962122597899584,0.3245555775138727,0.23335040496576578,1.0913293886960283e-09,0.19985687678497135,1.3597496742481709e-09,0.23099689969461878,1.3449084359721475e-09,0.24434019917751673,1.3644682801115285e-09,0.24830329572577006,1.0579655640112059e-09,0.25673593249637783,1.5066297000942836e-09,0.27238816889873974
P011,S2_7,Sucralose,7,2,0.12858707833584956,0.4470074600200887,0.1168772475403602,0.22690635150064575,0.0799641975542044,0.183615590669337,0.17092602665866896,0.21787882310744078,0.1231503952214437,0.2487629725274071,0.14497749078511782,0.14217106221981096,0.08600301985669008,0.21791291538526517,0.10791021007153412,0.3074533099005747,1.5350690222976064e-09,0.2010877817336455,6.324233006672444e-10,0.14187393086637418,5.387155958754349e-10,0.1317898941117707,1.2379455183017469e-09,0.179819863803516,9.735386415732182e-10,0.19440242488305487,1.3150952540693378e-09,0.1859566838744254,0.09652273643723837,0.13133874471571416,0.1479124084492704,0.1725326734337266,0.08370230920143391,0.18714627163575595,0.14345072544772797,0.09898421402263381,0.11650939664076722,0.16274035176618665,0.14851783720621164,0.21137800590246866,0.10293183150744054,0.20616283046142128,0.11029867905400681,0.19119285643549058,9.204301460646464e-10,0.15136706769077163,6.689493544892356e-10,0.14498581070151292,5.590214826657123e-10,0.13542429041859494,1.0481422600852598e-09,0.1526465493645898,7.190611450296277e-10,0.12121746973518088,1.1245552797283756e-09,0.13962487420347694,0.1156817362344071,0.12987844731267162,0.14931575723056686,0.13905625138659788,0.10516638747882566,0.1362400978058275,0.12063048269676054,0.08839885861107367,0.11024024970493115,0.13092689840357646,0.10723272323941653,0.16434804739271142,0.07635031518549149,0.10045320932654428,0.08795298730298579,0.10651452242412031,8.172927380242062e-10,0.13425216046606192,5.490235862851353e-10,0.10455250244917222,6.069063294519853e-10,0.12070324264232657,6.828911296867425e-10,0.09281775855978547,6.107021058052859e-10,0.1045146706539171,1.0260589330600282e-09,0.12058357405425381,0.35855789953384204,0.19456925335918396,0.3059506916061259,0.2736821159718292,0.43530216520187265,0.2938513844975891,0.3402666376315855,0.35887873730009534,0.32265882725569195,0.2647580271092803,0.31215521127378887,0.2707940637904885,0.4041694675231393,0.29327355668804306,0.3665509079272649,0.24851580121096914,1.7110601490548013e-09,0.2859515392558764,2.22884860235357e-09,0.3566491434776611,2.2513877222057518e-09,0.36457677484973083,2.5517535800149966e-09,0.3281274333373541,1.8505910478450785e-09,0.3495726874658404,2.8079963317502466e-09,0.29370842718248613,0.3006505494586631,0.09720609459234124,0.27994389517367685,0.1878226077072005,0.2958649405636632,0.1991466553914905,0.22472612756525745,0.2358593669587563,0.3274411311771659,0.19281175019354937,0.28711673749546507,0.21130882069452078,0.330545365927238,0.18219748813872597,0.3272872156442087,0.14632351002884514,1.3272732318528192e-09,0.22734145085364463,1.619456580861103e-09,0.25193861250527944,1.5296594242744938e-09,0.24750579797757685,2.0034157716652602e-09,0.24658839493475446,1.220852680528493e-09,0.23029274726200688,2.7246178460143896e-09,0.2601264406853576
P011,S1_12,Sucrose,12,2,0.22608356530859425,0.3577320771367948,0.32937485738608113,0.24174398291460708,0.18455245356316813,0.2536704970577967,0.23660327766312406,0.27508154545038077,0.24962873354983192,0.22702783110994385,0.2574084329161269,0.26803917534571087,0.14959455458372287,0.39614475018076983,0.14774588768295613,0.34298875109178983,1.8460026151729678e-09,0.28006368183465247,1.6418515578553655e-09,0.24599056384636442,1.6712962118637038e-09,0.21911147531048242,1.4622300664195708e-09,0.2591184858848097,1.0913677264833685e-09,0.2558424115567524,1.3562008824489295e-09,0.2383282823298879,0.14647012907445214,0.22437451996260888,0.22024602764465756,0.24448256063348667,0.14230341114137615,0.23475115594133253,0.13491676386293172,0.1612370958596752,0.10292548441807384,0.18665934299080666,0.14241666667374872,0.3301800165018001,0.1130744301432347,0.19128910719828346,0.11405544491864344,0.18893916616167725,1.3853508505385848e-09,0.21802832008179232,1.1642870020947025e-09,0.17035452610605673,1.4116762153106427e-09,0.18852728354135434,8.66476875650762e-10,0.15183953710545972,6.261797225358802e-10,0.14807692986130344,6.729789595272285e-10,0.14479241370444024,0.09047638719675499,0.133211598991783,0.11333655208921943,0.137964460332373,0.17687039933353293,0.19154574961027596,0.12840009384552845,0.0984190707107152,0.09436869401379092,0.12290701766676887,0.09913726919226303,0.08396836960879664,0.11152538835826618,0.16730902845818624,0.09909227624941679,0.09541744298039141,7.138036561318982e-10,0.10968243956853169,1.142233164936947e-09,0.16181264144006532,1.4397520784689688e-09,0.18420807447190446,6.876673499646006e-10,0.11833603401156516,5.474764184976167e-10,0.11340958227812183,5.580425507665237e-10,0.10863785584027989,0.2982894727658923,0.18504404592675677,0.19613824428620538,0.23791798620788593,0.27920558278442276,0.16272013278997902,0.271861891612022,0.24826089968959517,0.29501830149234276,0.25465695467940114,0.2510632438414557,0.14803841001504106,0.30074333748585097,0.1387119664279218,0.3609343812479926,0.2211116413933683,1.3734869138728715e-09,0.21941523384053954,1.619900037134924e-09,0.22034525487204362,1.834107502622471e-09,0.22096285778720087,1.50515249784098e-09,0.2553753316387834,1.19428880295675e-09,0.2600613956508086,1.5861022253769487e-09,0.274837628085872,0.23868044565430613,0.09963775798205612,0.14090431859383645,0.13789100991164763,0.21706815317750075,0.15731246460061574,0.22821797301639402,0.2170013882896336,0.25805878652595987,0.20874885355307998,0.24997438737640515,0.1697740285286506,0.3250622894289249,0.10654514773483878,0.2781720099009909,0.15154299837277305,1.0806550769311412e-09,0.17281032467448368,1.4604762156893815e-09,0.20149701373547005,1.5226914241050004e-09,0.18719030888905824,1.2929855083812871e-09,0.21533061135938192,1.0101301706988893e-09,0.22260968065301381,1.370270038703753e-09,0.23340382003951993
P011,S2_12,Sucralose,12,2,0.17257230663513926,0.3117546359099234,0.17388437496292186,0.2051584706917376,0.17057024894321615,0.17217867719184052,0.14080885533268236,0.22179887418672045,0.153292345177412,0.18239897507168062,0.11887979858713368,0.251346536700285,0.11916860674943473,0.24082333135840148,0.1478026209613569,0.16201486791964728,1.5090864877145232e-09,0.20559935391452347,8.958449106739185e-10,0.17568521606072324,7.646125137952634e-10,0.17137446306752835,9.69708334867912e-10,0.1674523567472101,8.373333402059625e-10,0.1813038647597014,7.431419176628515e-10,0.16784566012454633,0.14966760594608136,0.15076893562469834,0.1950156978980995,0.175343226350197,0.09754532405483682,0.1551255601830573,0.1883300075890032,0.09414825404625743,0.1525499912981022,0.14623725936131024,0.10762313223647008,0.1738895693976371,0.12741548748886172,0.24789973546483904,0.10237692689182873,0.14768020113959107,1.0234465889171014e-09,0.15871802790886388,8.090492676644475e-10,0.15699652679789872,5.463443587407426e-10,0.12633544211894704,9.111974736357692e-10,0.15634308774628014,8.338190503786728e-10,0.14123913081763032,6.778899929016265e-10,0.14939362532970624,0.17446007392934693,0.22196001993729322,0.13317625581350845,0.12939202104543163,0.10837322343940337,0.1613878720738114,0.1669307964828856,0.12413223656208365,0.1362926837051886,0.1317771059055282,0.1405726309697518,0.13447618983674878,0.15250266184779185,0.13456608148977747,0.15304102396085592,0.24103345174634214,1.1328546626968842e-09,0.1556728652553468,7.111384896332519e-10,0.13920745971269602,5.858964269495782e-10,0.13488054775660738,1.0131749301628127e-09,0.17028580476119184,7.965514063754728e-10,0.14553151652248464,6.076120376726896e-10,0.1340348948053584,0.31048157503683366,0.21419942504203196,0.30818381809092066,0.2921745177490659,0.36849853898571494,0.2856960113691283,0.29477409838196733,0.3083444935869984,0.25366279203608433,0.3235342550443935,0.35190041816928036,0.2089361770269159,0.31439382377505865,0.21485010031320345,0.3259640986994108,0.274239635307489,1.753307524575684e-09,0.28097932185250807,1.5188833709700655e-09,0.2958596186107763,1.4857660553704452e-09,0.3270972751774216,1.6430011226051117e-09,0.28236191452379045,1.532534759207936e-09,0.30155929598448283,1.2676603572877373e-09,0.2885985235402389,0.19281843845259813,0.10131698348605325,0.1897398532345497,0.19793176416356795,0.25501266457682903,0.22561187918216247,0.2091562422134614,0.2515761416179403,0.3042021877832129,0.2160524046170873,0.28102402003736393,0.2313515270384135,0.2865194201388528,0.16186075137377878,0.27081532948654763,0.17503184388693024,1.1668192367624128e-09,0.19903043106875773,1.201434423849574e-09,0.23225117881790575,1.0819110136809961e-09,0.24031227187949575,1.2924031333058777e-09,0.22355683622152736,1.13373423879424e-09,0.23036619191570085,1.2197380407810584e-09,0.26012729620015007
P011,S1_7,Sucrose,7,2,0.17378737031426364,0.517494947167148,0.16780132677187487,0.29726471568873847,0.15804534662252165,0.29607370622390616,0.20522867663869743,0.16146417262895668,0.10650111588372789,0.23579547995971412,0.14881921254443417,0.17506214487877214,0.170838242093162,0.21507072664251847,0.2017671788129069,0.3662668646881274,2.0413152209084333e-09,0.24670495289420522,9.545642684031905e-10,0.21000700539552708,9.612879253770598e-10,0.22705952642321392,1.1932753858807303e-09,0.2384857530591787,8.162297633699857e-10,0.18334642463382705,7.016705165304155e-10,0.171148297921721,0.17817207398529222,0.1840102465104148,0.10564389146120096,0.18250161233231685,0.08492336064098589,0.17235987700276528,0.14166981509787024,0.13685183485992555,0.12837412745147084,0.1437199676212759,0.10299213301427045,0.18631387505196884,0.15402425182437543,0.21938502727840636,0.11746173949154076,0.16049738026148413,1.0408155218183724e-09,0.15660563872591068,7.224182619230319e-10,0.15767312918663323,5.403034053787543e-10,0.12864161882187558,8.105239026870253e-10,0.16284209971395167,6.005660027964606e-10,0.1392608249788979,6.144551701969498e-10,0.13604704753637337,0.1422695966066626,0.11048032617114754,0.11535076135796604,0.12463116180525907,0.13012793361692182,0.10889655612716062,0.10082637862884805,0.1344075486982059,0.10175069107767029,0.13055038584178158,0.1323528153910803,0.13194162081623487,0.128041692603735,0.1322659753020352,0.12193368996169533,0.09904419214501174,7.769111749173617e-10,0.12617104702472506,6.017651807132828e-10,0.12483303941246315,5.498707316508861e-10,0.11951224487204122,6.211745208502591e-10,0.12032138750311933,4.815264942662488e-10,0.11761696366352697,5.144138006336357e-10,0.11615053845972594,0.3034996180624944,0.12820862821120407,0.33541509181509227,0.21915081142702125,0.31884606971094753,0.2042420036519566,0.35035732591309166,0.3157901817765404,0.3503642580633659,0.2811763016603789,0.3173378959384045,0.3122671999976235,0.29109308953699103,0.2534008390198608,0.30256800152209135,0.21686602757036844,1.4576299044938806e-09,0.2693132075753067,1.3142477327206511e-09,0.266895500479939,1.2352153515116568e-09,0.2615440366814521,1.3938545082229591e-09,0.2659819894123279,1.4521189277394005e-09,0.333073753844816,1.4941317924330473e-09,0.3157702798618724,0.2022713410312868,0.05980585194008593,0.275788928593866,0.17645169874666405,0.30805728940862304,0.218427856994211,0.2019178037214919,0.2514862620363721,0.3130098075237649,0.20875786491684925,0.29849794311181094,0.19441515925540076,0.2560027239417366,0.17987743175717943,0.25626939021176587,0.1573255353350089,1.026565610393592e-09,0.2012051537798524,1.1861207645137173e-09,0.24059132552543752,1.2312110774650068e-09,0.26324257320141703,1.1307904065439062e-09,0.2123687703114227,9.38469876433227e-10,0.22670203287893198,1.264959452107208e-09,0.2608838362203071
P011,S1_5,Sucrose,5,2,0.1540088340737431,0.42125719908180664,0.21264728724386592,0.1868306100790854,0.17058287076512038,0.2565032312918439,0.16339032942458218,0.3165436620980634,0.09766904983707925,0.26366023818050127,0.22468752728298105,0.32651420517504876,0.08366564601318606,0.18741780365403218,0.12133272278851717,0.35931717473129327,2.07839937970529e-09,0.25432427715608846,8.306536070585873e-10,0.17454238793104565,1.1346668960848574e-09,0.21354305102848214,7.335684859774638e-10,0.18793333679675717,9.246444043388698e-10,0.2399669957613228,6.409296121104377e-10,0.18066464400879026,0.12094134413200634,0.15836991429229522,0.21219013251989138,0.20152452788526296,0.12351645266609057,0.18355640097210418,0.10123598823673173,0.14588295917668484,0.07752883916246905,0.16412791228805368,0.0978692827753261,0.26549666961817,0.10252345558802713,0.2956218501105774,0.10347396924152566,0.1317826955074695,1.2667274299928246e-09,0.17606531187049201,7.803113843111108e-10,0.1763045398341998,8.173761279012044e-10,0.15353642681909738,6.298638118090494e-10,0.1583504926118999,5.099600209900551e-10,0.12355947370670828,4.520174458355724e-10,0.12082837572526137,0.10516768956578128,0.16731150148454174,0.15288497479550986,0.1761946132495535,0.15290286211912107,0.14407290321192467,0.10633948028772514,0.10322022079618977,0.12762108505250097,0.14038395627259306,0.12085685288236275,0.13681912362959134,0.14425202482486765,0.1396123934528111,0.13241688495552859,0.15404884570820257,1.0681361178949774e-09,0.14320579260122343,7.430278627588763e-10,0.14521004590218112,8.504491490080322e-10,0.14848788266552287,6.363437334559757e-10,0.14258253723535247,4.730093162286856e-10,0.10477985054195746,5.809935291708877e-10,0.13400252066254703,0.3045570335159673,0.18126467331821566,0.25153894213713385,0.2879125352445307,0.31774062878424686,0.2576166282471363,0.34587197296038036,0.26965918980338743,0.36723519961215195,0.233588915425131,0.33612880578461135,0.17105532436615345,0.3213527886316341,0.2178423770097214,0.3579774418423147,0.21392043002592612,1.8042673836564222e-09,0.25540955239443536,1.481927796605038e-09,0.2786381056681847,1.6862003018214223e-09,0.2876786285156916,1.3343780272153902e-09,0.2777732593773991,1.4557095313165213e-09,0.3077655813818839,1.4577645693715417e-09,0.3004120575186415,0.31532509871250214,0.0717967118231412,0.17073866330359902,0.14753771354156778,0.23525718566542095,0.1582508362769911,0.28316222909058053,0.16469396812567458,0.3299458263357989,0.19823897783372083,0.22045753127471884,0.10011467721103683,0.3482060849422852,0.15950557577285823,0.2847989811721137,0.14093085402710825,1.1256726345072406e-09,0.17099506597776096,1.228113568502984e-09,0.2253049206643889,1.1854137791410691e-09,0.19675401097120604,1.1648484630986342e-09,0.23336037397859136,1.121530005323665e-09,0.22392809860812757,1.29512761708789e-09,0.26409240208475987
P012,S1_7,Sucrose,7,1,0.07228895499395001,0.10662771406757986,0.13589292857826912,0.23204932506687792,0.09270927691971331,0.14913622790715103,0.042978486064981794,0.10373911746539426,0.07861904884319208,0.4297942692985602,0.101478592171791,0.09038792816431805,0.07204604284826736,0.5054124593600436,0.11894195177776105,0.11863523380007922,3.015246171599495e-10,0.12312090717379766,9.718722699343465e-10,0.20482600175879384,3.5905385597903993e-10,0.12092275241343217,9.947008305981983e-10,0.2037589219465378,2.2256672887161077e-10,0.07335880176518803,6.937240780074025e-10,0.25420665907087614,0.06784634013834444,0.1547136939859009,0.1017612975633371,0.06050241083085134,0.09883731528316551,0.0711346011964502,0.104344870122316,0.09371029504035845,0.09441514056519414,0.08993544577396329,0.105256971621291,0.11911547020215932,0.10003702466262787,0.11790944218288132,0.09896345533803974,0.10839196376407507,2.560559343113448e-10,0.10153269739031402,4.707871623435677e-10,0.09697959583128123,3.1145892595033757e-10,0.08498595823980785,4.864716764702864e-10,0.106325471486906,4.220244200004256e-10,0.09902758258133723,3.750481095851689e-10,0.0921752931695787,0.0816573170944493,0.06737695766133509,0.10386134775005645,0.052371677048872176,0.11910807561692331,0.07374214826941057,0.10276466636994912,0.051679966160107026,0.08239203014156284,0.06025406791879359,0.08308407657921377,0.07477441292551373,0.1100987002013309,0.06092033310257739,0.08965691429999709,0.05382346292825225,2.1071948062574953e-10,0.07718763150990675,4.369698352331454e-10,0.09096731429756054,3.656095172922019e-10,0.09642511194316694,3.9549267062477117e-10,0.07862485263303941,3.852472513854057e-10,0.07722231626502807,3.076976066126932e-10,0.07132304903017822,0.46056766760895407,0.3885792292182982,0.36781293831408046,0.39984985414644064,0.3459999141763526,0.38606348954723074,0.3973184698710935,0.4263525086660877,0.38853365663799233,0.22567502121879227,0.3770695243106625,0.3813994731889698,0.3472275931822933,0.18281410912489013,0.36509118348207104,0.39486013070606396,1.0363008256432025e-09,0.39587978113123423,1.3898462162790041e-09,0.3155262765076917,1.201581851783019e-09,0.3660317018617917,1.4198492542338443e-09,0.3224982541238296,1.6589825414020456e-09,0.4118354892685906,1.3881689290358858e-09,0.3071043389283923,0.31763972016430186,0.28270240506688615,0.29067148779425667,0.2552267329069579,0.34334541800384544,0.3199235330797579,0.3525935075716597,0.32451811266805225,0.35604012381205874,0.19434119578989045,0.33311083531704144,0.3343227155190396,0.37059063910548024,0.1329436562296073,0.3273464951021315,0.32428920880152995,8.13684252790814e-10,0.3022789827947473,1.3290809349743961e-09,0.2917008116046727,1.141072581924125e-09,0.3316344755418017,1.3147614246466693e-09,0.28879249980968724,1.431950874130583e-09,0.33855581011985597,1.2586833399011747e-09,0.27519065980097457
P012,S1_5,Sucrose,5,1,0.061948770676193136,0.14676068140196874,0.09616482443389947,0.24937243824470928,0.08923185879280722,0.15326464888668823,0.11902786319333654,0.12349964789657791,0.08572174862941966,0.16488899580069938,0.10755672526487993,0.19574188579225021,0.07657354992897857,0.18506629303744096,0.12418747207355822,0.16690999948082602,2.9835658228471794e-10,0.14292422096898347,3.2555196357443853e-10,0.12603408766147872,3.1251551260729007e-10,0.12124825383974772,3.806838209091839e-10,0.13818432863020094,4.354102991364483e-10,0.12126375554495722,3.409774537373986e-10,0.12530537221505952,0.08413770297448543,0.06551700712109108,0.08967933685418125,0.12946661802960488,0.0671089554081288,0.07793293415983503,0.07553947365545584,0.07390884480262351,0.0778522727671949,0.08244159442336468,0.09503631702667727,0.0712844685669462,0.0932081085889201,0.08480298977344358,0.07974405836042638,0.06677525342524185,2.1257530825199053e-10,0.08918690842883102,2.7346669882221074e-10,0.08076324698258187,2.123182188563153e-10,0.07252094478398191,2.9149655038961635e-10,0.08113260253700796,2.732283012287551e-10,0.07472415922903967,2.6987224669119397e-10,0.0801469335952798,0.06498286991923048,0.07551102667207837,0.08393937103214343,0.10767349889409708,0.1409053226842657,0.07363505433226562,0.10831724315169179,0.08150718070829958,0.14234133740894742,0.09946157734971581,0.11080408474614263,0.08084746193116377,0.1585327676569447,0.08254377012257945,0.09855957842876371,0.07618002149547788,2.135271413986233e-10,0.08729305219914263,4.630561134717741e-10,0.11390422869901387,3.9103288606215364e-10,0.10727018850826567,4.192153543399351e-10,0.10395403442594144,3.7481417456998e-10,0.09491221192999569,4.631034502561109e-10,0.12090145737933161,0.4610895522484232,0.41781805179314957,0.45692149778872804,0.3248480707120419,0.3701052789698199,0.4098797268916044,0.41833552119952316,0.35906918579633285,0.37571357778645803,0.3855530768558542,0.3916082401404258,0.3827182689056766,0.3863430717927962,0.3820122878390157,0.3613296723776772,0.40460986651622005,9.299229140651978e-10,0.40583394693140756,1.2813070608398412e-09,0.38708509137330904,1.1588123537708697e-09,0.38999250293071214,1.2937871547206274e-09,0.3835737246314273,1.478290207320498e-09,0.38870235349792803,1.2951199074102844e-09,0.3806333273211561,0.3278411041816681,0.29439323301171283,0.2732949698910475,0.18863937411954695,0.33264858414497867,0.28528763572960675,0.2787798987999926,0.36201514079616576,0.31837106340798055,0.2676547555703656,0.29499463282187477,0.2694079148039629,0.28534250203235956,0.26557465922752027,0.3361792187595743,0.2855248590822342,6.439914830626692e-10,0.27476187147163555,1.0093142243667016e-09,0.2922133452836163,9.909635631692151e-10,0.30896810993729273,1.0385280686322585e-09,0.29315530977542203,1.07025486439677e-09,0.3203975197980792,1.0625343703032728e-09,0.2930129094891731
P012,S1_12,Sucrose,12,1,0.07274975356399951,0.09844833262894977,0.05399994525127023,0.1572773459368139,0.06770797953939547,0.06009647861615903,0.07829257930225796,0.09694364664628212,0.08294329312902139,0.15263522870596544,0.08176456072726888,0.09766847716412007,0.06369158771131953,0.16697088216083586,0.08382322726702839,0.06985152094478472,1.871455512257933e-10,0.09365140254540373,2.0484943776142446e-10,0.08961673200692748,1.4891401199074258e-10,0.06390222907777725,2.3831807997041153e-10,0.09608430452099212,2.484317648967359e-10,0.08761811297427004,2.5262923219886234e-10,0.11778926091749342,0.06930598967768635,0.08313827464518098,0.08410900521849056,0.1567303946991165,0.08804576686340826,0.07530294095713268,0.07659789234423267,0.10645236478054389,0.07242841986752444,0.08051077354935438,0.0828308854555091,0.07032420005866438,0.08382019198981903,0.07649732422563772,0.09290617484309742,0.06663231160156169,1.8761424266808358e-10,0.09107312495910798,2.3748091286376257e-10,0.08091655600899943,1.9194013407976552e-10,0.08167435391027048,2.5858707005481236e-10,0.07996400066502897,2.4953798726541616e-10,0.09152512856238829,1.9743288618176106e-10,0.0764695967084394,0.10120599586769814,0.07435659565734125,0.09322303888677272,0.0699635484289886,0.09487860275825057,0.051524440014108455,0.08516911750559682,0.09479100595626315,0.10114270506721526,0.07568952537487797,0.08060366744018421,0.06794588249091492,0.08955271820688504,0.09515233793555061,0.11433086332663682,0.07684654392011808,1.6902925205503464e-10,0.08121645479531665,2.4855580717712567e-10,0.08277702472869866,1.8909437234618122e-10,0.07320152138617951,2.9686844592854077e-10,0.09397061584729764,2.642931415330918e-10,0.08998006173092998,2.595750834282565e-10,0.08841611522104662,0.48543255070601565,0.4159808495408305,0.45797809421871016,0.35903603524583555,0.3561685213213251,0.4575860993968103,0.4044923242121128,0.3780656179759387,0.39356398392888176,0.39845543857021165,0.3952105661814235,0.4367209487882099,0.4112163097746629,0.38000731853719244,0.33069483903552066,0.4568825809368988,8.586091409418783e-10,0.4250598407801709,1.1292648980356925e-09,0.4012445622574977,8.680625925991636e-10,0.4068773103590677,1.1637720194541025e-09,0.3947002620710687,1.2149152566254945e-09,0.39127897109402576,1.0556832356895155e-09,0.3960097112495467,0.2713057101846007,0.32807594752769764,0.31068991642475646,0.25699267568924544,0.39319912951762076,0.3554900410157898,0.3554480866357995,0.3237473646409718,0.34992159800735706,0.29270903379959073,0.35959032019561454,0.327340491498091,0.3517191923173134,0.2813721371407835,0.3782448955277165,0.3297870425966364,6.408292237789303e-10,0.308999176920001,1.0198102404048861e-09,0.34544512499787683,8.686739991799278e-10,0.3743445852667053,1.0759183699104762e-09,0.3352808168956124,1.062872267518622e-09,0.33959772563838564,9.115904147523436e-10,0.3213153159034739
P012,H2O,Water,0,1,0.07383213259372942,0.06544749070810817,0.07181920243279216,0.11191237862531561,0.05843218642135968,0.07789449524186462,0.05905257734828817,0.08249034006641137,0.04762607656054266,0.10540822548418062,0.07117516728178516,0.07786414912751566,0.058744677274117474,0.14008167472625624,0.07551314416838645,0.07485550796625046,2.093080490164234e-10,0.07867508679487437,2.519007581098199e-10,0.08378825841589951,2.2176583950809224e-10,0.06816334083161216,2.7205235438489495e-10,0.08729875103375266,2.2013095126079377e-10,0.07077145870734977,2.0704252462711385e-10,0.07651715102236165,0.09767935914401031,0.08450515124469811,0.07091111719398865,0.0780780354906457,0.09090838521106834,0.07534644932611555,0.08186797304806329,0.0879392562274815,0.07879308195921152,0.08919733456853589,0.0962914954771252,0.06889464367945887,0.09012852473639012,0.08488965158130365,0.0895614275532484,0.07254894327506209,2.3065833192919383e-10,0.0827266337049878,3.2134435417267743e-10,0.08531825271371943,3.0306937727884405e-10,0.08312741726859194,3.2034612518969815e-10,0.08428213678650107,2.889269282700045e-10,0.08490361463777239,2.6970839821531823e-10,0.0839952082638737,0.10740351630267081,0.0816076974060213,0.0989127609852307,0.06925436084214232,0.12951483800922858,0.08911251697384859,0.12103417219778409,0.0966720062792122,0.14410415951817707,0.08496261239198925,0.10956428323611289,0.09488141323087948,0.09596092441560636,0.0868651902098234,0.09156345260483319,0.09116260486681417,2.5974620172168425e-10,0.09360400533384293,3.8708422454798206e-10,0.10036336740212673,4.1509017847812544e-10,0.10931367749153859,3.385441284925738e-10,0.09138804302426927,4.0664388733044085e-10,0.10885308923849815,4.264451386650761e-10,0.11453338595508317,0.4064244856137443,0.4658661448615854,0.4357776567383579,0.42993901765877396,0.37595539064566397,0.45601626149891256,0.416247964387693,0.40253970190836763,0.3663558837732676,0.4149519500328508,0.3720731986273169,0.4455459627953713,0.4012068615553864,0.4100127673223231,0.41589561480545273,0.458011178022028,1.1041073825246811e-09,0.425937744382525,1.4601685605831527e-09,0.4107978202555715,1.3855222979111678e-09,0.4159858260722883,1.5028292985058724e-09,0.42128160542629756,1.4415933196368223e-09,0.40939383314803035,1.2542231973201365e-09,0.3906539169030592,0.31466050634584514,0.30257351577958674,0.3225792626496305,0.3108162073831222,0.3451891997126798,0.30163027695925865,0.32179731301817077,0.3303586955185271,0.36312079818880144,0.3054798775224434,0.35089585537766027,0.3128138311667748,0.3539590120184999,0.27815071616029413,0.3274663608680794,0.3034217658698447,8.726016161494402e-10,0.3190565297837699,1.2296175747654155e-09,0.3197323012126831,1.1650018390957375e-09,0.3234097383359692,1.2089889051395548e-09,0.31574946372917956,1.1262675918324622e-09,0.32607800426834893,1.1526988863408162e-09,0.3343003378556224
P012,S2_5,Sucralose,5,1,0.0642992220723699,0.09756693501909643,0.06104828072176282,0.14253726590038335,0.11181066357234583,0.052100711121677905,0.0822656173795297,0.08438781426381896,0.062305559037154165,0.12662041779681915,0.05826910060595209,0.12972280259848326,0.06833119616321047,0.1813945990363156,0.0872414934098391,0.21468524697454944,2.213788079514634e-10,0.09224060115300797,3.4610158462342696e-10,0.10340929247338745,3.8314084490738537e-10,0.08195568734701186,4.810766063199817e-10,0.13791313389597865,2.6166292481529523e-10,0.08332671582167434,2.375154542002909e-10,0.09446298841698667,0.07403409522737694,0.07495770698765895,0.0520146010288877,0.09092506664917933,0.13057279851381795,0.05565715759119945,0.07612552582871769,0.1170369736203616,0.08056969002778672,0.05963501198770413,0.09545053986418602,0.07403377587279512,0.07837764592853681,0.09205361311402957,0.07828601100140857,0.13416288900045542,2.1253583191619065e-10,0.07690263093834734,3.665198505817029e-10,0.08916530378689595,4.437375166430382e-10,0.0931149780525087,3.780709905503397e-10,0.0957200397611076,2.648221423472323e-10,0.09658124972453964,2.384222848092715e-10,0.07010235100774542,0.11612535989801093,0.0636112206504023,0.1124828120825884,0.06329317931204308,0.1249188558644168,0.07266908193728501,0.11620628089979596,0.08565044424117507,0.07823526329077839,0.06151900867230683,0.1128141725662835,0.0916289494207251,0.11055490800632366,0.10981574723798125,0.10856994545037514,0.1527248637120391,2.5614891735727994e-10,0.09332594898834222,4.1758893323623743e-10,0.10448964826150167,4.3836225430305183e-10,0.0987939689008509,4.881472382164302e-10,0.1204163661016798,3.500715328497179e-10,0.10092836257048551,2.3389841965733043e-10,0.0698771359815426,0.435365826972759,0.44440660986982555,0.42966901432270116,0.38357887692713827,0.32892660448412914,0.46568314829003854,0.38629681296494206,0.42305795233590854,0.46440154601410866,0.4466789400511591,0.3908430407279785,0.41450919835832645,0.40843764773945357,0.3573603189690016,0.3890877965289252,0.2933408112476765,1.0655392419938915e-09,0.41639542786312145,1.394287962820318e-09,0.3901019298706557,1.3497391334085073e-09,0.39730487638708384,1.4989191315080988e-09,0.3620566436212642,1.2443074605257555e-09,0.4046773826504253,1.4422130606624918e-09,0.45554024303263385,0.31017549582948295,0.3194575274730168,0.34478529184405976,0.31966561121125586,0.30377107756529015,0.35388990105979906,0.3391057629270146,0.2898668155387361,0.31448794163017174,0.30554662149201106,0.3426231462355995,0.2901052737496692,0.33429860216247576,0.2593757216426718,0.33681475360945207,0.20508618906527917,8.515174080133042e-10,0.3211353910571807,1.1756409426616883e-09,0.31283382560755923,1.1922332150140497e-09,0.3288304893125446,1.2045201283645596e-09,0.2838938166199697,1.0448161050824577e-09,0.31448628923287536,9.78671886711126e-10,0.31001728156109143
P012,S2_12,Sucralose,12,1,0.08242260609119859,0.10217539068864165,0.08808750572399514,0.20397219635447558,0.12424755291016074,0.062411152527354755,0.0956441981548242,0.11976439032894241,0.07271747143853102,0.12161684042869653,0.10109839896741914,0.10474238185531497,0.07280263817204279,0.1564632328365789,0.09432191987739222,0.08313300978010561,3.00680196453025e-10,0.11374974661350751,3.51201153200137e-10,0.10398114411153428,3.6645512554317197e-10,0.09332935271875775,3.112195199060702e-10,0.10168020016652987,3.434138920432263e-10,0.1077042942418833,2.659259867684237e-10,0.09716715593361377,0.07807115079620483,0.08171585501959595,0.08551418899561701,0.07350485398109209,0.09284869116331324,0.04455977812133102,0.062243472930945676,0.10480659964588107,0.10554490641822471,0.060183418744921044,0.06913811087219367,0.06961990112744454,0.08280619466309243,0.05682747084556503,0.0683673180484995,0.07645116029359436,1.976637350114913e-10,0.07626067679869135,2.8950586518878226e-10,0.06926053369832544,2.7242150692442283e-10,0.06870423464232213,2.6173752841944616e-10,0.07111303596268784,2.412322988343925e-10,0.08352503628841337,3.0614377952737963e-10,0.08286416258157288,0.13043237881442032,0.0658546223260404,0.11003240428508514,0.05266696242025894,0.1071621620284822,0.0740885892092489,0.1044564391936417,0.08250955484924861,0.12336789069858124,0.08563993493338909,0.11713185760683868,0.0839802964814014,0.11742144391760427,0.09543547294465037,0.1329467894291348,0.08627005263573846,2.63179393136678e-10,0.09334975365567415,3.8698504467655643e-10,0.09852691702499644,3.299573465200897e-10,0.09062537561886555,4.151066792413139e-10,0.10801843973178198,3.4315975618318563e-10,0.09348299702144516,3.683358217652639e-10,0.10450391281598517,0.4018412478388951,0.4231411607556559,0.42511895735707933,0.3725040044581821,0.37192246008308705,0.48675232256847334,0.3801120049555344,0.4059913665096079,0.39843157552304675,0.4259648336375266,0.36888778081390367,0.43745522232991063,0.4063930199919868,0.42515601254105584,0.3886796354349523,0.4561006709547652,1.0391777642512742e-09,0.4048247289256044,1.4492442270167734e-09,0.42255595379615074,1.3026347525038434e-09,0.4293373913257802,1.4205547955264973e-09,0.41908233473069,1.3185844997114244e-09,0.3930516857325711,1.2920920755815382e-09,0.41219820458028666,0.3072326164592807,0.3271129712100662,0.2912469436382235,0.29735198278599123,0.30381913381495673,0.33218815757359216,0.35754388476505417,0.2869280886663203,0.29993815592161643,0.306594972255467,0.343743851739645,0.3042021982059283,0.3205767032552739,0.2661178108321495,0.31568433721002165,0.2980451063357961,8.392919780018118e-10,0.31181509400652246,1.117459555565987e-09,0.30567545136899305,1.0192333398613587e-09,0.3180036456942744,1.0929134814975407e-09,0.3001059894083103,1.1775776292113722e-09,0.3222359867156872,9.630281078114927e-10,0.3032665640885417
P012,S2_7,Sucralose,7,1,0.0919231221147114,0.21078530319951505,0.09198349626608941,0.43224122061811004,0.07620078337508608,0.24500303311251193,0.07292657357897014,0.21163462220661847,0.1011326876689616,0.2754454531144778,0.06984497276173876,0.2683891962350986,0.06949294059169778,0.30354087354256326,0.11036245791281563,0.26191203931476903,4.146668191823916e-10,0.1941945518658772,4.851854416910566e-10,0.17355940765546476,3.466446768781354e-10,0.160601908243799,5.219018489775952e-10,0.18632707784046143,3.281382092007135e-10,0.1422805978927943,5.546675809083599e-10,0.18828907039171972,0.06989109932313599,0.12239275016292836,0.08196872831783436,0.17113540124181822,0.07879529209360099,0.09985801551767112,0.07331602579312714,0.10149624131683199,0.08071911216821236,0.09257536558226899,0.08197304697315415,0.09781970585845182,0.105506366069816,0.09796001769429462,0.1065874297117395,0.09185057603457474,2.378320296704318e-10,0.10419678864622046,3.130413514115446e-10,0.09552992284384568,2.2189626286532998e-10,0.08932665380563606,3.557685806382334e-10,0.10047609737760622,2.417617539322607e-10,0.08740613355497956,2.7440200908203824e-10,0.08664723887524067,0.10002340662086857,0.09295498619359056,0.07715867172382125,0.05466925936123135,0.09094888333953581,0.05762915791378217,0.12323704195672092,0.0911740150632929,0.11961323993270506,0.07427329441668618,0.09097774753878926,0.08437727877419206,0.09761804835687653,0.10094388027272838,0.08251181038715533,0.07786562472630022,1.954160478435714e-10,0.08336022503541551,2.971173625011963e-10,0.08678499247073072,2.0484997826611486e-10,0.07428902062665899,3.1572023059280727e-10,0.08973484093576511,3.43465330222149e-10,0.1072055285100069,3.234292344080475e-10,0.09694326717469562,0.434326568368599,0.32873037539601124,0.4514983844290226,0.1618411923488101,0.3877085012331482,0.3081902091242702,0.3948841193107881,0.31865358318307296,0.39733505056468166,0.30058339785890215,0.3749899811646915,0.29314783414868206,0.42027372555070797,0.2869842088502211,0.38083498652573233,0.3043460075157017,8.068977130641998e-10,0.3407557226426361,1.1922580370117992e-09,0.3507891611895869,9.288832520083507e-10,0.3479493551787092,1.2696199256935196e-09,0.34810973211059076,1.1215491079312603e-09,0.35676885124693053,1.145602936161864e-09,0.34895922421179193,0.30383580357268497,0.24513658504795457,0.29739071926323235,0.18011292643003018,0.36634653995862937,0.2893195843317639,0.3356362393603933,0.2770415382301834,0.3011999096654397,0.25712248902766494,0.3822142515616267,0.2562659849835752,0.3071089194309018,0.21057101964019245,0.3197033154625574,0.26402575240865434,6.811972996464605e-10,0.2774927118098507,9.704966458416134e-10,0.2933365158403719,8.76022224653863e-10,0.32783306214519664,9.899236336679408e-10,0.27535225173557654,9.581826834559402e-10,0.30633888879528837,9.07125333944789e-10,0.2791611993465523
P012,S2_5,Sucralose,5,2,0.058602350531821557,0.13696671030108112,0.13856759441970487,0.28574219998064154,0.09082485762403868,0.13213647361964376,0.1008186853838425,0.16984790899980948,0.07464551403841381,0.21890627396900017,0.09337992778420395,0.18232721107986233,0.09279544586092077,0.314517772845364,0.09882073073525102,0.15457521997605855,3.8569830244733223e-10,0.14926433234955258,4.506424925409863e-10,0.15756863748749178,3.0291157106530405e-10,0.11148066562184122,4.753835255252305e-10,0.1651772923543986,4.352485586157876e-10,0.135333297191826,3.6672088540197345e-10,0.146775894003707,0.10765112779982704,0.0831033063287616,0.08367652180455333,0.12118571092809055,0.0975732255640582,0.05635632444979861,0.081087830421979,0.07535714975112334,0.08244747686671196,0.06510805049264451,0.07101916325323551,0.07196704139749219,0.0685154515884879,0.07513383559562326,0.06743777137424871,0.07510220733390358,2.3514686112201656e-10,0.08976714525199338,2.752610575541567e-10,0.07439470929949199,2.6501587242755593e-10,0.0769647750069284,2.5449574097501665e-10,0.07154731647306586,3.0774512937129105e-10,0.07822249008655117,2.6530837016194936e-10,0.07377776367967823,0.09636009333463862,0.07965053274207858,0.09864380940596032,0.054306902441306974,0.13872014416189507,0.07194107174431427,0.12142895531110412,0.08107876206999916,0.13261331687849054,0.09135670080049109,0.13278366289974292,0.08965323845600427,0.15029061614991202,0.11444994543951678,0.15183353427583532,0.08619518055268578,2.6008655609146434e-10,0.09189970654662195,4.735807140868902e-10,0.11885044437390954,3.710010063084591e-10,0.10533060795310467,5.164782643027147e-10,0.1256923191044875,4.3889681942696676e-10,0.10125385869055165,4.161649962075721e-10,0.11198500883949081,0.42497257828638385,0.4304301387629548,0.43762076028136426,0.33256367747313026,0.3772738247958371,0.3818090075985468,0.36870082466448173,0.38618306122876256,0.3914492939856703,0.3471510617316473,0.3918696831849405,0.3924369743290458,0.39537123538419555,0.29381002144904567,0.3752767713711987,0.38456667906951075,1.035373839490921e-09,0.40164896871963657,1.3244173591949273e-09,0.36206602230690627,1.1403612063717532e-09,0.37954141619719195,1.3667292335694353e-09,0.36225617681848765,1.4293806118767046e-09,0.37744194294662214,1.2897248159211194e-09,0.36930017785865876,0.312413850047329,0.2698493118651234,0.24149131408841729,0.20620150917683028,0.29560794785417066,0.3577571225876963,0.32796370421859267,0.2875331179503052,0.3188443982307132,0.2774779130062169,0.31094756287787684,0.26361553473759497,0.2930272510164839,0.20208842467045043,0.30663119224346624,0.2995607130678408,7.184706489775804e-10,0.2674198471321953,1.0186356994706857e-09,0.28712018653220034,9.348631327279586e-10,0.3266825352209335,1.0475587671897704e-09,0.27532689524956033,1.232769164694971e-09,0.30774841108444895,1.0463305647475343e-09,0.298161155618465
P012,S2_12,Sucralose,12,2,0.09668313929423954,0.126436181051039,0.08325585837260904,0.2918586929325644,0.05653222289313822,0.12949270641670985,0.06138362662312667,0.09377293929494651,0.1019190030282881,0.17952091280546095,0.06211867040324051,0.11106132179804974,0.06600285021959117,0.18703638826875676,0.10193328046514558,0.10450603511510984,2.955163300636447e-10,0.12856897730862368,2.931613127375003e-10,0.109766041949549,2.2770027039797685e-10,0.09301246465492403,3.066950593757521e-10,0.11486963851715082,2.666051447305049e-10,0.0775782829590366,4.082661034626396e-10,0.14071995791687453,0.06455046210838009,0.06332342403342102,0.07495450859558567,0.13702703910919914,0.13616146583633235,0.0755328455946628,0.07235622286771444,0.06482271264180445,0.0831267514857058,0.05510215858407516,0.07549992577600241,0.06672609016988418,0.08656420226600045,0.06757224843947718,0.09346305557212337,0.05379121022099714,2.0062631676526392e-10,0.08034690829874541,3.224339026437202e-10,0.0914576905341182,3.406652179795422e-10,0.10584715571549758,2.5707551699801065e-10,0.07534767912464954,2.563412487705914e-10,0.06858946775475944,2.3806977373070145e-10,0.06911445503489047,0.06377537267545325,0.06247460008657028,0.10573599259009211,0.06388508391151114,0.09019995792949101,0.056587848116962935,0.09820215260860599,0.06403542489111128,0.1017736033452306,0.056674043638700405,0.0959206434768081,0.08809840306462349,0.1852763246735229,0.05801451354168693,0.13308915195528825,0.06881333088779892,2.0237947597236734e-10,0.07998168263417639,4.007816284342088e-10,0.09751966106541594,2.3143186208541048e-10,0.07339390302322697,4.3235657341088377e-10,0.11129833026457425,3.1757102854747607e-10,0.08111878874985863,2.8025926174823814e-10,0.0792238234919655,0.46093551422082396,0.41246439753001485,0.41414438149533617,0.2838622644826208,0.3509637918397448,0.4312492017645327,0.41783321664238166,0.48385066151480877,0.369187305975592,0.3932600887034581,0.43134163842528633,0.3881642046318134,0.34335320287230126,0.397673027245358,0.3634954754570878,0.4123970671710014,1.0146223537179844e-09,0.39848540013098255,1.2069133090804754e-09,0.3808098059304842,1.0860252768823413e-09,0.3911064968021387,1.1293298315946646e-09,0.3792296931864371,1.6190559086419433e-09,0.4508419390785952,1.2117230609431607e-09,0.38122369733952505,0.31405551170110335,0.3353013972989548,0.321909258946377,0.22336691956410507,0.36614256150129376,0.3071373981071318,0.35022478125817147,0.293518261657329,0.3439933361651836,0.3154427962683061,0.33511912191866305,0.34594998033562924,0.318803419968584,0.28970382250472165,0.30801903655035473,0.3604923566050928,7.798370969810674e-10,0.31261703162747206,1.0830087517402763e-09,0.32044680052043284,1.00750232084904e-09,0.3366399798042128,9.76757771890456e-10,0.3192546589071883,1.2151167034574512e-09,0.3218715214577502,1.0760423469014295e-09,0.3297180662167449
P012,H2O,Water,0,2,0.059288339172258946,0.13840676384215972,0.05898023189636296,0.35655988282733897,0.07500636796263283,0.09969719796228393,0.09625276948881382,0.07208008526055613,0.0938713966073491,0.18472774186586907,0.1063599145562043,0.13860617590663185,0.0909571362188356,0.22208863841385093,0.07315590070883748,0.10662051622519564,4.123429318817815e-10,0.14303355136682613,3.2685964629969277e-10,0.12193733513940082,2.4191351729585467e-10,0.08735178296245838,3.2680211513902844e-10,0.12320554789167991,2.9733322792148347e-10,0.08416642737468498,3.7226851959209296e-10,0.13929956923660908,0.09081009060146364,0.14177018509272207,0.0915276304752062,0.1879229073055862,0.08625909539750844,0.0938970227983367,0.08090610410872799,0.1058928248102274,0.1003678548043978,0.10572834717884279,0.09725367542935291,0.10572462846349782,0.07318052350278172,0.10855736761516196,0.08841271268101952,0.10309577968287416,3.1922064194124547e-10,0.11916818622797147,2.6664934710696983e-10,0.0904735023284472,2.6317708656717366e-10,0.09007805909792257,2.743829583989433e-10,0.09331159587045934,2.8736034510773936e-10,0.0933994644594777,3.1230788450100145e-10,0.10304810099162029,0.07292252066544477,0.09387971281480813,0.09576052531842455,0.03785878891688846,0.11464954053428524,0.07976828495371471,0.08264527485503202,0.08783340831859009,0.12910632452491624,0.09145696164672296,0.11006029861416954,0.07745198558924686,0.10591587917036797,0.0893553473639643,0.10414145748128778,0.09483876720762768,2.1449264940516692e-10,0.0813223053198304,3.245029176408222e-10,0.09742226300558304,3.171903708752867e-10,0.09720891274399998,3.2300393360568164e-10,0.09856286280581193,2.7673474424741306e-10,0.08523934158681105,3.60127682780603e-10,0.1102816430858196,0.47688155941132887,0.3367450582853848,0.4655407534586089,0.19987733020224963,0.3813729506921598,0.41740166323481515,0.39882005745516147,0.3814337890469236,0.3738516860682214,0.3386741391001678,0.3648835118450808,0.3610313551522759,0.41042928383795074,0.29055450368399577,0.4068795846033158,0.37458056119910693,9.331535942855033e-10,0.36749326139248817,1.2011982011243705e-09,0.37493960036223034,1.1652074790139696e-09,0.39938730696348745,1.2334343851528333e-09,0.37061098333109227,1.3003822712398436e-09,0.39012692325104253,1.1117854811689357e-09,0.3562629125841946,0.3000974901495039,0.28919827996492464,0.2881908588513974,0.21778109074793658,0.3427120454134139,0.3092358310508495,0.34137579409226465,0.35275989256370266,0.30280273799511565,0.27941281020839714,0.32144259955519244,0.3171858548883471,0.3195171772700633,0.2894441429230268,0.32741034452553913,0.32086437568519544,7.540959772843186e-10,0.28898269569288365,1.0088754052203893e-09,0.31522729916433834,9.994064159850665e-10,0.3259739382321317,1.0090511916035277e-09,0.3143090101009562,1.1347838680937968e-09,0.3470678433279837,9.052607108395804e-10,0.29110777410175637
P012,S1_5,Sucrose,5,2,0.09519341106169181,0.15277903973741325,0.0738645568519384,0.4788954285580894,0.0782922982472682,0.16194222209528847,0.10421624437761637,0.17194490154686282,0.06802831117455005,0.24141775557127573,0.08318594497529794,0.16355637196522294,0.06977511840130163,0.19307669916821868,0.08001733222124645,0.11203781963693073,6.291356246856251e-10,0.17457912552494229,3.391517673268439e-10,0.12577158447801923,3.413305712609793e-10,0.12011726017127833,3.0746101160445296e-10,0.11372674235692437,4.044828345467921e-10,0.13808057296223958,4.066284167771832e-10,0.15472303337291288,0.06943872955296665,0.08732174100693016,0.11204330401883658,0.07353650687014822,0.06553596947279663,0.06560182126583054,0.09067650841583166,0.073139028302025,0.06710165249972654,0.07081721724051722,0.07843061361105226,0.07139362569073136,0.060219539123986796,0.08795095756763201,0.10121979119132005,0.08267280647976034,2.3829354428197893e-10,0.08202742012511087,2.3017542342477805e-10,0.0698270718575615,2.280096535721394e-10,0.0655688953693136,2.748418976740373e-10,0.0830157735906748,3.02587674886803e-10,0.08190776835892832,2.3043079428983168e-10,0.06895943487012188,0.0954178698459477,0.09852983082688413,0.07003075151899632,0.03481398891174647,0.13206118146316406,0.08278598433035354,0.10890562386808957,0.09358962490287448,0.1452761784305871,0.07823808586600614,0.11518217580723283,0.10182215337802604,0.09738796424842697,0.10757258208043544,0.12205076576312998,0.1078137492298678,2.4466377705586624e-10,0.08596612838147226,3.843425109446193e-10,0.104951928030595,4.1870341264370595e-10,0.1074235828967588,3.686737452927576e-10,0.10870626533046505,3.6712694698939775e-10,0.10124762438548202,4.223022721242407e-10,0.11175713214829662,0.41090303948693846,0.36330163639764856,0.4013098470674771,0.22601920171541043,0.4073880145447697,0.4078962841874084,0.38414417059258604,0.36032320921232946,0.38765361031598966,0.3298709318330592,0.4186295853049563,0.41385133654664324,0.3882857013432288,0.3249214138680355,0.3666365767731794,0.4410570208682389,1.0624324304578417e-09,0.37233577441984567,1.367772305812009e-09,0.3821228534858606,1.4174467630552238e-09,0.40764214936608906,1.2748560837689304e-09,0.3802251782131707,1.314462031504144e-09,0.37223368990245775,1.2503909352159175e-09,0.3587622710745244,0.32904695005245554,0.2980677520311241,0.34275154054275186,0.18673487394460567,0.31672253627200125,0.281773688121119,0.31205745274587665,0.30100323603590845,0.33194024757914675,0.2796560094891417,0.30457168030146103,0.2493765124193764,0.384331676883056,0.28647834731567867,0.33007553405112466,0.25641860378520237,8.15005475457408e-10,0.28509155154862914,1.175697206065521e-09,0.31732656214796373,1.0728335315772801e-09,0.2992481121965601,1.1528825696386864e-09,0.31432604050876545,1.073150063325421e-09,0.30653034439089255,1.067823258686231e-09,0.30579812853414423
P012,S1_12,Sucrose,12,2,0.036467610518053056,0.08546995319557574,0.09010840870437077,0.31992920344562364,0.08370016715092919,0.10874047308697676,0.09163931719461675,0.08422843082138685,0.07503530617686628,0.10523893025615876,0.0769363970322764,0.13201390899785703,0.08827725685601895,0.18644495645478992,0.10216195203222857,0.08589999249001543,3.392761835404089e-10,0.12348758031562611,3.5840778669038464e-10,0.11679071338717871,2.978537059056741e-10,0.09622032011895298,3.485528871709293e-10,0.1156960394582632,3.411741797348591e-10,0.0879338740080018,2.681985752511146e-10,0.09013711821651252,0.09168022449036674,0.07440432659896559,0.091558657059929,0.09548130241891542,0.09703881530274736,0.0492315928582093,0.1219278728171277,0.0877472321872812,0.10745736990116785,0.07619670982259309,0.06533139647286916,0.07027597761757877,0.07763131455053304,0.07594293394955408,0.08468382865716885,0.06814992295547721,2.191989075613774e-10,0.08145531410977078,2.7616941486347913e-10,0.07496116416526094,2.673844875775846e-10,0.07313520408047833,2.568464950383312e-10,0.07660200002818329,4.2580156863116703e-10,0.10483755250220445,3.1786608722928075e-10,0.09182703986188047,0.0838233748107284,0.06201124550950598,0.10155993861313023,0.044336463184987504,0.1233869612520507,0.05267628491105316,0.11973560857475309,0.07505112366046436,0.15318486330602113,0.07880669188431781,0.11348631421978993,0.06316566282899165,0.1155510579061447,0.08289246427907303,0.1220331658447292,0.06415339507056386,2.2414860037248666e-10,0.07806383319452229,3.627357057091495e-10,0.09362669208708038,3.2992065365152133e-10,0.08803162308155194,3.5244163938317327e-10,0.09615752077512768,4.052822749123975e-10,0.09739336611760872,4.2663577768930503e-10,0.11599577759516946,0.43522569052517507,0.42641437110741576,0.4032942200595222,0.3046336275634751,0.3743504625094418,0.42145938061367105,0.35640720892759015,0.43790828320725844,0.3636967908044638,0.40904305907107635,0.4053211173531911,0.40942766245308276,0.3943488744754831,0.35419792491762125,0.4121849216463181,0.43232477951649867,1.0612753582431628e-09,0.39738611484364367,1.3419491815730861e-09,0.3860891606290543,1.266344566328902e-09,0.39790492156155643,1.2954259830551147e-09,0.39826412513898024,1.4545463446429378e-09,0.39715774606742427,1.210160738595039e-09,0.3863699249377701,0.35280309965567674,0.35170010358853704,0.313478775563048,0.23561940338699808,0.3215235937848308,0.36789226853008955,0.31028999248591227,0.31506493012360876,0.30062566981148064,0.3307146089658542,0.3389247749218735,0.32511678810249034,0.3241914962118203,0.3005217203989619,0.2789361318195556,0.34947190996744454,8.581787098390873e-10,0.31960715753643726,1.133926541827029e-09,0.3285322697314257,1.0936349779872778e-09,0.3447079311574602,1.0010627768017047e-09,0.3132803145994456,1.1897687909938558e-09,0.3126774613047605,9.937282345683905e-10,0.3156701393886674
P012,S1_7,Sucrose,7,2,0.0990092403502831,0.14979958227839288,0.1200705949786911,0.31266486288405376,0.07365140674950253,0.15753472727182272,0.060017461381811556,0.1268646145319741,0.10563819571160879,0.16282160785655925,0.09439875890337748,0.12393388433695438,0.10051017713380507,0.15831568742743674,0.1079459398993982,0.1160556797295774,4.492229948935562e-10,0.14997948728862545,3.810201342268042e-10,0.12250299964564176,3.4059999901252217e-10,0.11559306701066263,3.969997274497901e-10,0.12070687104755434,2.638514389427144e-10,0.09344103795689282,5.018310429303101e-10,0.134229901784084,0.08021808072807564,0.07449111233165094,0.09266470761553273,0.11547111105015505,0.0928601120145899,0.0818601395993436,0.08446184995365497,0.0830762583618815,0.10265629915619212,0.0973533305751658,0.08673596912627074,0.06370913052579631,0.08333229329262636,0.13915800863247843,0.07392258669613501,0.06761829018843045,2.5412115255138773e-10,0.08554835189624692,3.347156812091037e-10,0.09930263838475956,3.134296148874117e-10,0.08736012580696675,3.02022378197479e-10,0.09100779470241756,3.1145449528864e-10,0.08376905415776822,4.287964480749131e-10,0.10000481486567897,0.09817693606718289,0.06348957822660517,0.08816407582754635,0.06217302473264297,0.10179519024455029,0.08097468265376338,0.09801590003717595,0.07958128784403326,0.09605045153518098,0.07975684719586834,0.08587004030074465,0.06246673413032249,0.09558967792846317,0.10330306061451769,0.09610424715330058,0.06420773547798789,2.1688568313980579e-10,0.07672339821417408,3.4813653551985636e-10,0.09541565286032364,3.348829815283178e-10,0.09138493644915684,3.3484610103470713e-10,0.08980118029356732,3.5088358878563403e-10,0.0887985939406046,3.902447604082692e-10,0.08790364936552467,0.3722025555729487,0.3186050159006027,0.34300623611626224,0.24492914768043997,0.36134584078101195,0.3149776133725952,0.38778801497022825,0.33759718809198697,0.3291387547577495,0.31673157454240586,0.4072875179482443,0.34618467280715987,0.380631445405057,0.30790577570318045,0.35366510724563244,0.3448197806797997,9.439207932511912e-10,0.3387025243376096,1.2844314237042296e-09,0.34121516881546116,1.216105325378814e-09,0.3381617270768036,1.276102562534559e-09,0.3467555272584174,1.4024903609121217e-09,0.3626926015311076,1.3792601572393138e-09,0.32293516465007766,0.3503931872815095,0.3936147112627486,0.35609438546196764,0.2647618536527083,0.3703474502103452,0.364652837102475,0.36971677365712935,0.37288065117012426,0.366516298839269,0.343336639830001,0.32570771372136226,0.4037055781997666,0.3399364062400492,0.29131746762238697,0.3683621190055337,0.40729851392420485,9.100649872464167e-10,0.34904623826334386,1.2548528251884228e-09,0.3415635402938141,1.287956676536075e-09,0.3675001436564101,1.249914469691124e-09,0.3517286266980437,1.3691242081411546e-09,0.3712987124136268,1.5268358484618287e-09,0.354926469334635
P014,S2_5,Sucralose,5,1,0.46491796215915887,0.380930186974838,0.19557941844382432,0.6634798256380886,0.1386835609242269,0.4923559578249021,0.225094610333072,0.4738114380113873,0.15623876179338272,0.3601501151365451,0.14624175656062532,0.28509111495330935,0.15498330469572963,0.17252012624284463,0.43199882443890153,0.2521801970338934,6.699349591810898e-10,0.35604004412164075,4.964390711859736e-10,0.23963573742192582,3.5092440587955024e-10,0.3155197593745645,1.0997486993459887e-09,0.2529206131028423,7.726933129799152e-10,0.3494530241722297,2.907207818792447e-10,0.2581944384649639,0.07012783167299004,0.1393491438507542,0.125654008648837,0.11594398673558569,0.12781904584022433,0.0908713033588429,0.09071328749484892,0.09693352279688301,0.0905226234812482,0.09951128325435937,0.11362475946638456,0.1431857360581099,0.06846205010125844,0.1389859980047952,0.11191253153060203,0.0940484826092388,2.013853427226224e-10,0.11798091107211024,2.4570149593030566e-10,0.10653459932628022,1.831706831590947e-10,0.1093451745995336,3.6230774137124597e-10,0.10335226556147362,2.409030876874852e-10,0.09382340514586596,1.3464954100291329e-10,0.09501695336780379,0.08336365952861519,0.07707749082448273,0.0747702401484584,0.04061734299533732,0.11438979362850556,0.06247565091651221,0.09394224933977022,0.056847744101607686,0.08470344847155331,0.07877184139790383,0.09024537082106802,0.0826615005382855,0.11753944923372545,0.06809460187795088,0.07588952648298414,0.07794838904236844,1.4569641817579233e-10,0.0747892674760412,3.094276958025199e-10,0.09062487391417352,1.5664126583484903e-10,0.08843272227250888,3.754653350399248e-10,0.08486799165925724,2.1683373656252836e-10,0.07539499672068894,1.2155383350714163e-10,0.08173764493472857,0.21014455415826158,0.21908416691363813,0.26169961784903145,0.08603232295162609,0.3414014558185355,0.1459300336990424,0.3179957035739431,0.1798587407888111,0.3536788315720626,0.22247455208436406,0.3417491539618168,0.17311582390050564,0.3311891497918396,0.4079842311220046,0.16538128321728474,0.2543471906408308,4.319233600122807e-10,0.2153042732891466,9.195472609993138e-10,0.3066262176078555,4.5183792683067537e-10,0.24366574475878894,1.0271772171870956e-09,0.2897254636929899,7.245584894159453e-10,0.24892722218137708,4.745986565516092e-10,0.2880766918282133,0.17144599248097403,0.18355901143628678,0.3422967149098488,0.09392652167936268,0.27770614378850816,0.2083670542007,0.27225414925836594,0.19254855430131057,0.31485633468175306,0.2390922081268284,0.3081389591901051,0.31594582454978953,0.32782604617744654,0.21241504275240458,0.214817834330228,0.3214757406736688,4.408185152457054e-10,0.23588550404106112,8.500880285724277e-10,0.25657857172976484,4.02192355941947e-10,0.24303659899460409,1.0802490571413492e-09,0.26913366598343696,6.492496949639287e-10,0.23240135177983826,4.3520691580658216e-10,0.27697427140429076
P014,S1_12,Sucrose,12,1,0.2993374356159251,0.36570443097100963,0.16181613523217192,0.2642554534611308,0.11263591186851223,0.1695642762131723,0.1060021243628997,0.18537628849861293,0.07276172718935592,0.24677848627391477,0.1495627736388659,0.17650647597647395,0.15207250885290283,0.17863559416974972,0.15766294789809943,0.12683153083772566,3.9903988067301874e-10,0.23619711748259617,4.4475267079445553e-10,0.15322707277608427,2.518875958362621e-10,0.14110009404084226,5.523244560117338e-10,0.1538006454396194,3.660764077664984e-10,0.1456892064307563,2.1571994995331893e-10,0.15977010673163533,0.05816120230350102,0.1082743866890562,0.13978913349396835,0.07082192111296028,0.08230874554514313,0.0648914089344653,0.08511355318205005,0.1261201732448867,0.07874100059547401,0.05832539076751447,0.08948131027259783,0.09530955025930701,0.0956089280055635,0.0715893221892488,0.09442455328063798,0.0994219292906944,1.61059262924907e-10,0.09363958402189844,2.7769172152011815e-10,0.07859960116860518,1.7336792115391745e-10,0.07360007723980422,3.328581180581279e-10,0.09026118319153617,2.858472757955739e-10,0.10561686321346837,1.6998413644632686e-10,0.06853319568149424,0.06380307536623028,0.06336255667488523,0.08781769600656757,0.08519630402155308,0.1077254897902395,0.13704636232792172,0.08390080760485134,0.09370415608823518,0.13927071656451456,0.07159047631682923,0.08660037337164554,0.09238779325884557,0.0906673521377745,0.06349282028041278,0.10480150326921404,0.11604789455805596,1.420791817768358e-10,0.07986129978328789,2.9829316892559477e-10,0.09973300613408713,2.363515065244447e-10,0.12238592605908061,3.380419398066619e-10,0.09375239256136433,2.7087360742055303e-10,0.08880248184654327,2.9105544980070507e-10,0.1054305964406719,0.34617821027334017,0.25568709850135135,0.385933633001587,0.3213261937247405,0.3891810450997024,0.31596826011011564,0.3436822950677676,0.302344764190188,0.41309163482273636,0.34712885112682307,0.3584682626700935,0.30026030289624467,0.35929595620256394,0.45072180000627726,0.31299180780038816,0.37326216430972614,6.349463861517915e-10,0.3279756168445595,1.1705728056404535e-09,0.3787917653546648,8.213940757882067e-10,0.35257465260490906,1.233792292405445e-09,0.3740679320797389,1.08056442715081e-09,0.3230135296289778,9.042807704682833e-10,0.3801102429747797,0.23252007644100345,0.206971527163698,0.22464340226570562,0.2584001276796154,0.3081488076964029,0.3125296924143249,0.38130121978243153,0.2924546179780768,0.29613492082791876,0.276176795514918,0.31588728004679684,0.33553587760912856,0.30235525480119474,0.23556046335431105,0.33011918775166077,0.2844364810037975,4.76977249962185e-10,0.26232638186765794,9.370049180784776e-10,0.28964855456655836,6.616729377563846e-10,0.3103392500553639,1.09671687827788e-09,0.288117846727741,1.1835383348088888e-09,0.3368779188802542,6.565650245783926e-10,0.2861558581714184
P014,S2_7,Sucralose,7,1,0.36127685176469754,0.24257778945272684,0.14960742055876203,0.5687577843693471,0.05030109950712929,0.36320406030226343,0.148893136322623,0.1814860722821883,0.07463053767386106,0.32749252447166816,0.13238257208262347,0.2639609020810588,0.1018308678992964,0.19206977999517907,0.293494755204784,0.17489984880243672,4.732669010207642e-10,0.28642722005153604,2.4402506762353e-10,0.17685145192596705,1.4149079797647752e-10,0.20675257990469637,5.415591616268673e-10,0.19057381297542403,2.9510695512245546e-10,0.16518960430240565,1.807089370282053e-10,0.20106153107276462,0.08123501698604693,0.15637139773736752,0.16349402189889634,0.05775293326590197,0.06953941872048715,0.0722858481552086,0.1014520673438489,0.10967066594576576,0.11564989667418221,0.07226311800268402,0.08532913127462573,0.1214105429279561,0.1045726801804768,0.08646475537058647,0.08076466001800929,0.08964782818089938,1.754910844025516e-10,0.11093217401513243,2.062364082110582e-10,0.08321567560668976,1.055151510773621e-10,0.07091263343784787,2.630235205096135e-10,0.090362480937493,1.9572497521895658e-10,0.10556136664480734,1.620557270118829e-10,0.09395650733843311,0.07668132946959162,0.07563936585130794,0.08984414352025696,0.08839656304825892,0.1300692578759328,0.09567433695338368,0.1089824608124882,0.0947013231760794,0.07398858354820671,0.08611834372107423,0.10939582812186774,0.13682479109062842,0.09237663413261467,0.06110812276835677,0.08490736009129685,0.08187464851803948,1.7481642174635387e-10,0.09613033685031859,2.267428391823986e-10,0.09480708793257198,1.8907394664214092e-10,0.11287179741465823,2.449259027485902e-10,0.08006669137757694,2.0140911788145566e-10,0.10184189199428381,1.1448942092929408e-10,0.08005346363464047,0.2627861537945196,0.2893590418757611,0.3147830337636378,0.14640566064075863,0.4322811622873529,0.24987419113633616,0.37934483444285266,0.2763949677819355,0.4256409807287468,0.2875440079849922,0.3301746466141797,0.27341726850859643,0.3782109434857254,0.44484195785708935,0.3162340435466103,0.2919070474339811,5.160894467936745e-10,0.26948763419957555,8.91326472973823e-10,0.376302063691626,6.141086765116594e-10,0.3410776767118445,1.0015193830792973e-09,0.3577984980808515,6.806881790033949e-10,0.3278699011123941,6.022852059318416e-10,0.35659249435686946,0.21802064798514464,0.2360524050828362,0.2822713802584467,0.13868705867573342,0.31780906160909767,0.21896156345280834,0.2613275010781871,0.33774697081403077,0.3100900013750035,0.22658200581958154,0.34271782190670336,0.20438649539176007,0.3230088743018862,0.2155153840087883,0.2245991811392995,0.3616706270646434,4.778440481994168e-10,0.23702263488343736,6.921228173257479e-10,0.26882372084314515,4.588765419894562e-10,0.268385312530953,7.895129150384195e-10,0.28119851662865436,5.253055323503468e-10,0.2995372359461089,4.4341469931514633e-10,0.2683360035972925
P014,S1_7,Sucrose,7,1,0.34347962256387604,0.6308059415152716,0.2028750520881363,0.7354825867514467,0.3445405266868438,0.40599768134257,0.30344118198573905,0.2768116874712716,0.10788696362314343,0.4056169314059534,0.18390326268298807,0.2543722678410197,0.11562764856422018,0.24897545057744924,0.5413409515643619,0.24662956832965324,2.813977531268789e-10,0.3918197889071231,2.0792622404184858e-10,0.27878532679277085,1.5259680442982296e-10,0.3752691040147069,4.661754490490111e-10,0.28814340475892114,2.6638678956908576e-10,0.2901264347285053,1.0950365770018786e-10,0.25675194751454844,0.10636982233012617,0.10788271169653114,0.10905693487847831,0.067922806836973,0.11064004038461836,0.180009062562332,0.10729335683865614,0.25497267010492486,0.07644710166685124,0.2119808828528589,0.07381663195103283,0.17348970417036777,0.08169362930455709,0.07081677741614573,0.04501414188080001,0.1289871963392308,7.052618531117962e-11,0.10642310197725154,1.0976350150694317e-10,0.1107898774169133,5.4717843131266366e-11,0.14532455147347517,1.179691497853628e-10,0.08162793623518341,1.8617674319062846e-10,0.1811330134717905,6.240659734890878e-11,0.14421399225985507,0.04071090975418192,0.036011592026563774,0.08708257901211526,0.03113385435496637,0.07033510630204873,0.04605010119487183,0.0864041649391912,0.15485152933004662,0.07492055150780266,0.043587397696088256,0.11125855199377967,0.11472589333405013,0.10030283089410187,0.060954152662334615,0.0432736550873599,0.0718999133035569,4.800663026847775e-11,0.07015389674594286,1.1201051125177428e-10,0.06941054776333926,2.6910208395238407e-11,0.058192603748460275,1.2902468189484504e-10,0.06910763798683832,1.2037158901598666e-10,0.12062784713461891,2.8111960043157335e-11,0.05925397460194546,0.3024478693126418,0.09314187873319671,0.2530406718372535,0.07172497899861302,0.21930427747296755,0.1717659159558016,0.2662362298059938,0.14119799742715985,0.4038349966509207,0.1746335983273569,0.41144608661652077,0.1534023907913293,0.4049784942656351,0.41681353399935156,0.16236685895761077,0.2759368198666456,1.7301512755132332e-10,0.21420064604825917,4.587067528121655e-10,0.3032155554234389,8.715103706695272e-11,0.19553509671438457,5.298948054318983e-10,0.3150239267723108,1.741910939440416e-10,0.20371711361657685,1.3938690610201022e-10,0.2892342974891388,0.20699177603917435,0.13215787602843676,0.34794476218401665,0.09373577305800099,0.25518004915352177,0.19617723894442435,0.23662506643041917,0.17216611566659668,0.33691038655128236,0.16418118971774281,0.21957546675567932,0.3040097438632331,0.2973973969714858,0.20244008534471936,0.20800439250986744,0.2765465021609138,1.4403067925303933e-10,0.21740256632142355,3.4489656098879573e-10,0.2377986926035378,1.0098334334119876e-10,0.22567864404897306,4.359312530704135e-10,0.2460970942467466,1.8214581256237887e-10,0.2043955910485079,1.200093713508097e-10,0.25054578813451256
P014,S2_12,Sucralose,12,1,0.34377405541850103,0.3821878124927106,0.09448798574925063,0.5268514722891943,0.17982518574024245,0.3370983087823894,0.13725948684820793,0.41397163950394983,0.08657856747428126,0.45324952713443095,0.10226992278007091,0.2806603179930514,0.09086466022271586,0.286003391832041,0.25451633816208563,0.22613018371779206,6.001883487347093e-10,0.2883719277871298,4.884788508802583e-10,0.22344788664434717,5.405251077443026e-10,0.25846174726131593,5.966123557816472e-10,0.21437864348365862,7.499320688398838e-10,0.2756155631760789,3.965775270385764e-10,0.2699140473043561,0.11239610598917532,0.13982900875700893,0.10432881836319727,0.08353738685789709,0.09042623221472325,0.1567486936419847,0.05445556517036216,0.17991204935955168,0.08064285312388862,0.11534194054386225,0.08791448470493339,0.15466302368311777,0.1050673199572721,0.0825917944846279,0.07746080320964183,0.0968191605166812,2.578048914390025e-10,0.11377813805922164,3.0954429633671426e-10,0.10870851007465199,2.687046028419098e-10,0.12358746292835399,2.9485766310333017e-10,0.09048476954205577,3.1587037064378677e-10,0.11718380726495692,2.2393094165374557e-10,0.09799239683387544,0.12692585999512718,0.07005347575606362,0.11566274277787718,0.04743005105245905,0.1741551831376222,0.05557644789069913,0.0945555414927431,0.13088116471515693,0.10380966400768137,0.05776799949358557,0.06786520976074606,0.09633133751591358,0.13173764144632572,0.055982260362036594,0.08603346136668444,0.09956174253945518,2.4306716918741176e-10,0.08737811280969777,4.3369653322497916e-10,0.10436288320917092,4.576469721764292e-10,0.11486581551416067,3.3650005780436956e-10,0.09332877642862547,3.3602419831943353e-10,0.11271835310395001,2.452594831212144e-10,0.08078883175063346,0.24128156877090173,0.2388378280468877,0.37692832650838454,0.1852996698267638,0.3101375543021875,0.23296807869778074,0.4377207243940013,0.11983074921875746,0.3932261271994166,0.1986027660747493,0.43046211983400107,0.26475879941871666,0.33170290219131243,0.3214883442364997,0.3508393805429591,0.3137926089720616,7.573968221047124e-10,0.2895947187342759,9.957472707104237e-10,0.2990742198569451,8.4754822401466e-10,0.2715528164999841,1.0939100688379931e-09,0.32945580898570825,9.866592384319767e-10,0.27877573680637935,9.194460209772414e-10,0.29591444663708294,0.1756224098262946,0.16909187494732883,0.30859212660129026,0.15688141997368585,0.24545584460522446,0.2176084709871461,0.276008682094686,0.1554043972025842,0.3357427881947323,0.17503776675337235,0.311488262920249,0.2035865213892005,0.3406274761823743,0.2539342090847945,0.23115001671862875,0.2636963042540101,5.655711753008414e-10,0.22087710260967486,9.031026969650426e-10,0.2644065002148849,6.788604858279444e-10,0.2315321577961853,9.167094812977953e-10,0.27235200155995193,7.155971684232868e-10,0.2157065396486351,7.876297361190377e-10,0.2553902774740523
P014,S1_5,Sucrose,5,1,0.5969427184336594,0.48014343062494963,0.11972545564649063,0.3415878362933077,0.1818058772464382,0.34425137500264835,0.07978396850688357,0.5145262042609365,0.09093813285462801,0.28574540383510716,0.14324254947481857,0.2625049556891496,0.1453176061013588,0.253682824509457,0.3058248698769255,0.28257855165906265,2.702938149119157e-09,0.3240244910270626,7.139072127023541e-10,0.2312644207149756,7.678037376410794e-10,0.26302862612454325,1.3256682048667309e-09,0.24685096303670098,1.0077559145151048e-09,0.2971550863839101,5.319895031606931e-10,0.1883417683448676,0.24621655731990566,0.12864910792769402,0.11309767891019958,0.144445402193352,0.12169477210265707,0.18091665321973052,0.09101300761826939,0.20970426735005085,0.07275296951146173,0.17662103492501577,0.10592759331928958,0.18365906794868014,0.07849773825677583,0.13056642578221522,0.11451377812151232,0.1383793902606843,1.2292166691595378e-09,0.1536659012698535,4.2491497773832855e-10,0.12791889734034467,4.987805171770026e-10,0.1513057126611938,5.553575942104235e-10,0.11548933310529692,5.927836356021541e-10,0.15035863748416012,3.917829986259475e-10,0.12468700221823875,0.05571450966583519,0.06769095579384087,0.09776368127830391,0.06491133132315456,0.10414880918395196,0.09068242994149768,0.12140522934798614,0.06261644709165595,0.13305908422163285,0.059165321544928165,0.10694484644662308,0.09767579928308487,0.10129626424481411,0.060598059835249046,0.08556862376149436,0.07281961280408929,4.520963212373892e-10,0.08178352063180709,3.844486687117298e-10,0.0891813908013782,4.072229989896323e-10,0.09741561956272482,4.580748851275421e-10,0.0800706401614117,4.702696877885841e-10,0.09201083821982105,5.448566227457461e-10,0.09611220288328051,0.05353493165205515,0.16021740877348167,0.3523049292819549,0.19605005307254247,0.3317034105028554,0.21720966838359496,0.3799276055247599,0.1127955453839545,0.4250636095301576,0.24899974726284593,0.35823643434906394,0.2539409429023246,0.3556776128420783,0.3025763172735824,0.2502161780558052,0.2609372606348872,9.853682359037105e-10,0.22904745000523716,1.3104951913665785e-09,0.30179175225052773,1.2750379012424515e-09,0.2744565394432252,1.4940010711648287e-09,0.2923518422015883,1.3489288182275603e-09,0.24636157545435722,1.7796054800714104e-09,0.3370316783965018,0.0475912829285445,0.16329909688003333,0.3171082548830508,0.2530053771176435,0.2606471309640973,0.16693987345252842,0.3278701890021012,0.10035753591340275,0.2781862038821201,0.22946849243210363,0.28564857641020486,0.2022192341767603,0.31921077855497276,0.25257637259949656,0.24387655018426208,0.24528518464127674,8.400658793535471e-10,0.21147863706603953,1.0963243225208065e-09,0.24984353889277378,1.0007587812729632e-09,0.21379350220831286,1.394220678061195e-09,0.265237221495002,1.168552883668115e-09,0.21411386245775196,1.2079509136939732e-09,0.2538273481571119
P014,H2O,Water,0,1,0.2784278604183631,0.3673533032369599,0.1526289334255851,0.7248170811310524,0.16882207900287882,0.42854907405573417,0.09326884443309429,0.27649295502628385,0.11719038814162887,0.40270401392294924,0.09570329748112671,0.32845086268354184,0.12354715909134659,0.15959721297811263,0.3650147311156507,0.40486115617794993,1.0372823566377585e-09,0.32456355639610485,6.93680710502316e-10,0.22012888128201805,8.548674049362368e-10,0.2986855765293065,1.5886055562758036e-09,0.263255064840765,6.66538625147828e-10,0.18488089972968907,9.866166625893808e-10,0.2599472010322891,0.18263014325573643,0.1216015211846631,0.12910399388973698,0.07194982177907928,0.11736414259097694,0.11495956540325603,0.09225640165900952,0.17712701924554325,0.0848578040181587,0.03882807880233095,0.10246163158638164,0.2107223724149016,0.11115018949429582,0.09452775804456474,0.08385082420564721,0.1051340804359393,5.998579386208703e-10,0.1364115806850832,4.831734155828712e-10,0.10950041388327339,5.232894077897669e-10,0.11616185399711648,5.287364428841998e-10,0.09866571304511176,5.610458027514739e-10,0.13469171045227638,4.43774355669482e-10,0.06184294141024482,0.16117365472722528,0.12582063616891084,0.11718162049675598,0.04806819356701341,0.12664458951752874,0.09397976194896994,0.10183665218807084,0.14061873927055768,0.11638104989618499,0.06511937041201063,0.0893296014090906,0.13344999489563927,0.12195538499601974,0.10643168116916614,0.09593336563318369,0.08454378628498971,5.020015138757561e-10,0.11250395021077257,5.205591438954874e-10,0.11225285440792115,5.529976481941554e-10,0.11031217573324933,5.854089448569298e-10,0.10221605452083982,5.633266451001933e-10,0.12122769572931426,6.213351667119535e-10,0.09075021015409782,0.18842762539769656,0.22204532305305183,0.2746698512006302,0.08835141674040552,0.30391409551453424,0.17625812232837587,0.35776411259634555,0.23359979417531326,0.40229367977208574,0.26692352398333696,0.3870990982069659,0.16221991045237483,0.3559890683216291,0.36647150116415467,0.25522153676026565,0.2246399374308502,1.0169812129155864e-09,0.22046887084185415,1.3868557016995786e-09,0.3006581968321735,1.3079291764197875e-09,0.24008610892145504,1.6409369204895016e-09,0.3005805109192249,1.713507011786351e-09,0.2956819533858294,2.1925476317409023e-09,0.33460860187771135,0.18934071620097828,0.16317921635641436,0.32641560098729183,0.06681348678244935,0.2832550933740816,0.1862534762636636,0.3548739891234796,0.17216149228230196,0.27927707817194186,0.22642501287937214,0.3254063713164353,0.16515685955354223,0.2873581980967085,0.2729718466440021,0.1999795422852534,0.18082103967027102,9.71174126264372e-10,0.20605204186618523,1.196987755383708e-09,0.2574596535946139,1.2275500518585859e-09,0.23475428481887262,1.296075636129022e-09,0.23528265667405873,1.6389438133205947e-09,0.2635177407028908,1.5661229223484674e-09,0.252851045525657
P014,S1_5,Sucrose,5,2,0.3878543371939162,0.5640241818073919,0.2761735630973542,0.5566202999526635,0.274868218796158,0.35656429812255575,0.1475242946623956,0.3342816484737105,0.14993205913791813,0.35897635365301067,0.1548673540734662,0.23103512524014083,0.0952562239128391,0.5436834282698174,0.19297089810856055,0.1979053981314713,4.5156657104501423e-10,0.36176247689415547,3.3376001126306606e-10,0.3175930422753426,2.2381760575512648e-10,0.3157162584593569,4.20570934735138e-10,0.2574539871056721,1.967120434241827e-10,0.24090297156805307,1.9911605356474748e-10,0.2544542063954644,0.06506071510725182,0.24987495662690468,0.2509858464613209,0.12345280621543277,0.11537206326344909,0.09148072714360693,0.07821765736593293,0.1542960267387829,0.10524222499858668,0.1408637073712204,0.05667511074932717,0.23561464660428802,0.09520664382647805,0.1262665908418782,0.1063531642262403,0.16095207940480313,1.9932496726960783e-10,0.16361068029408754,1.652274133136579e-10,0.10708150626885306,8.766759278232873e-11,0.103426395203528,2.4288304328724495e-10,0.12219461957484992,9.937473340345927e-11,0.11625684205235792,1.028054260522267e-10,0.12305296618490354,0.085309903414306,0.045056082675464786,0.18713078678544792,0.04823101640415632,0.10072952198721592,0.07756600829074935,0.11055247891759969,0.04551871529124738,0.08088708279956647,0.03843511923389813,0.14636187762528213,0.15359643697065414,0.08893571106917876,0.023916810524654566,0.10102575891126327,0.10757668406212613,1.477115516427963e-10,0.11094768397921856,1.289243591616921e-10,0.07278701296794965,7.629259203181842e-11,0.08914776513898263,1.95728764183288e-10,0.08036374114180568,1.0342927937240297e-10,0.07803559710442354,5.57860796404465e-11,0.0596611010167323,0.2645738367969019,0.06998772274599831,0.1548510471182513,0.14253143456371742,0.31623611207131463,0.25996729668122,0.3815195943592537,0.2931005440724539,0.39429294720497554,0.24874712902696802,0.32102165433480323,0.13869611139988158,0.4348117540871883,0.13030979732514236,0.31826048104986215,0.3044389026237645,2.5650363235557457e-10,0.18194363449325893,5.676836138505186e-10,0.28533124004121635,2.4129224585976137e-10,0.2881017043762673,7.697134677532186e-10,0.29695523377148936,3.861216240296977e-10,0.3373100692158538,2.9235634887609113e-10,0.3215200381159718,0.1972012074876243,0.07105705614424072,0.13085875653762555,0.1291644428640299,0.19279408388186237,0.2144216697618687,0.2821859746948177,0.17280306542380525,0.2696456858589533,0.21297769071490288,0.3210740032171213,0.2410576797850348,0.28578966710431586,0.1758233730385075,0.2813896977040738,0.229126935777835,2.4325696215222205e-10,0.18173552433927942,3.92086038177172e-10,0.2172071984466386,1.531383329931566e-10,0.20360787682186554,5.915732669734141e-10,0.243032418406183,2.7615202331403174e-10,0.22749452005931148,2.1419325358612542e-10,0.24131168828692812
P014,S2_12,Sucralose,12,2,0.20211733057220793,0.46392341471667414,0.12404249004734845,0.5401719400748558,0.11704272052642173,0.3533192643262064,0.10922805479672251,0.31038519555958993,0.09702857512006667,0.21241623652422267,0.12833141491716654,0.48418272616722685,0.10854043316622304,0.3307812455949322,0.19668954440716777,0.27189543820624096,8.706516638795711e-10,0.32379488608257995,5.635220217034465e-10,0.22742091590344585,4.776880174786499e-10,0.23518099242631407,7.83107786540144e-10,0.226976665343641,6.447805865057556e-10,0.20980662517815624,3.687316560740577e-10,0.15472240582214467,0.07205149881955321,0.1335461821127421,0.09224203348175186,0.10515212464211597,0.10339768317162533,0.11136721245844505,0.08530897149708597,0.11843950466845506,0.07775565010262724,0.12697957635738405,0.08894319189866931,0.12236253836692973,0.0834048500919288,0.131249302590833,0.07550389196262192,0.13506041716828,3.1606744336062457e-10,0.10238292822029371,3.849444120832915e-10,0.10735476207820804,3.5498651659573306e-10,0.1073824478150352,3.934497592145136e-10,0.10630461545341593,3.9196553826208963e-10,0.10187423808277052,2.7584478638148914e-10,0.10236761323000565,0.05762515638103836,0.04931894999139809,0.12337846804194089,0.055710550821636756,0.09853153826308442,0.07898671347931892,0.11069845616187678,0.09181211516264604,0.10571789858554151,0.09048665546579421,0.08818573632114061,0.09029890393040149,0.10963501058340383,0.06791476652949327,0.10411553129061478,0.10259324893502862,2.6709207111503825e-10,0.07741962758125936,4.0152945929959746e-10,0.0887670072138251,3.2922121747551977e-10,0.08875912587120166,4.660886027364218e-10,0.09606463933463513,4.5291210228142833e-10,0.10125528566226141,3.3772054955815627e-10,0.09810227702566786,0.37896035906657066,0.1532232347901976,0.40424747773834624,0.14434282648229096,0.3536083955167003,0.22649505159157943,0.36122690533459634,0.2222389356546906,0.35770917414638015,0.24834383620580053,0.3478255198065395,0.11905848826311932,0.344773821062046,0.24890352435536273,0.31606743500746143,0.2129106431424896,9.8215721216997e-10,0.2579429843578441,1.338373918913633e-09,0.2934451981314221,1.1624874818254376e-09,0.2900517235541399,1.4206566223295862e-09,0.28066385589183995,1.4082772395503977e-09,0.2917329204946435,1.1164472457971176e-09,0.3030265051760903,0.2892456551606298,0.19998821838898814,0.25608953069061235,0.15462255797910068,0.32741966252216786,0.2298317581444498,0.33353761220971817,0.2571242489546187,0.3617887020453844,0.3217736954467983,0.3467141370564844,0.1840973432723226,0.3536458850963987,0.22115116092937884,0.30762359733213424,0.2775402525479607,9.045394132070698e-10,0.23845957375802296,1.3064850409458485e-09,0.2830121166730988,1.0831049288042188e-09,0.27862571033330885,1.4336920706036607e-09,0.2899902239764681,1.3470733444083666e-09,0.2953309305821684,1.161251332344026e-09,0.34178119874609136
P014,S1_7,Sucrose,7,2,0.14054323600956892,0.454022643088428,0.3735649516188573,0.5372552179864964,0.06905948727608442,0.25732552174138484,0.18404140634234398,0.2840334887776093,0.13079020187044696,0.367057237635285,0.08187227819701084,0.5961361635986873,0.1142158105965787,0.6358126342809878,0.1997690944769871,0.2869081547530175,1.1335071228036964e-09,0.3638990817498415,5.097034707006329e-10,0.26910336347375896,2.3676214919351904e-10,0.16319250450873463,6.896953461340734e-10,0.3091764235268928,6.758643350328387e-10,0.23403744755997663,4.182221750036311e-10,0.24892371975286598,0.13687400892379717,0.1826485116977746,0.07988410011115868,0.2154560091312847,0.063424856829465,0.16219887528069737,0.11527469663891357,0.1206991048174907,0.09432511360764491,0.11724343333328897,0.09763168222989461,0.15362565043351456,0.10248621630650778,0.0826830218610111,0.1366260273186017,0.09849108269343969,4.5962002708915193e-10,0.14435332708790405,2.629569895515483e-10,0.10269824256942031,2.0122540778643582e-10,0.11281186605508119,3.376216266123056e-10,0.10507158704489007,3.997478378528494e-10,0.11798690072820214,2.2679950806838807e-10,0.10578427347046694,0.1144877951447659,0.061698104564480626,0.09622625058267575,0.051239383554575475,0.129405560180819,0.07899974020128388,0.10424464359524618,0.06389033042057363,0.09878368898198106,0.0700465722821391,0.07514609611840962,0.057074094029717554,0.12067231366735397,0.04020635602174344,0.0841666032207618,0.06816546068032876,2.5600504689735657e-10,0.07597862066577082,3.4675534462917534e-10,0.09232099251780007,3.5543923224000877e-10,0.10420265019105143,2.7921946310001203e-10,0.078302683397547,3.4284125319128365e-10,0.0840674870079099,2.1076367188102015e-10,0.08441513063206008,0.34292710983065416,0.16313139860631418,0.21929357570630478,0.11814544977106413,0.3855920435317149,0.2816147226881085,0.27929753236500865,0.24102749374857999,0.3781214425092377,0.20405995737682325,0.4181255404655525,0.11904636178284933,0.342647989308682,0.13936492378582213,0.27635889557817445,0.23192238728121817,8.173046914680571e-10,0.23011157269378982,1.0243378338283261e-09,0.28730491982858186,1.0692205287661522e-09,0.33360338310991167,8.538996699413417e-10,0.24757354898847417,9.473506027515026e-10,0.26016251305679433,7.742541876767949e-10,0.2910906999430305,0.2651678500912133,0.1384993420430021,0.23103112198100353,0.07790393955657941,0.35251805218191684,0.2198611400885253,0.3171417210584881,0.29034958223574675,0.2979795530306896,0.24159279937246347,0.3272244029891318,0.07411773015523085,0.31997767012087763,0.10193306405043598,0.30307937940547486,0.31451291459199515,6.359903387872283e-10,0.18565739780269352,9.310497524748747e-10,0.24857248161043893,9.692825281774276e-10,0.2861895961352211,8.635130265914552e-10,0.2598757570421959,1.0825833927092518e-09,0.3037456516471174,6.511369545695232e-10,0.2697861762015765
P014,S2_7,Sucralose,7,2,0.22328745673269296,0.5324979543574847,0.22369866805038538,0.49478758788338023,0.07723024246855077,0.2330046172499298,0.17380482966741762,0.5673631376513399,0.15055585600274277,0.37909008157855256,0.10790267362452602,0.46914319315083697,0.15808941982378358,0.3875699847887537,0.2649049117138312,0.22001923991119834,7.363410665981588e-10,0.3418862556332177,5.008331784441793e-10,0.21397356608275447,2.6309943474704255e-10,0.1551174298592403,7.317418800890991e-10,0.25764588905939173,1.107278650433271e-09,0.3705839836593788,5.988657938220015e-10,0.26482296879064765,0.08921314704186066,0.14799347614867575,0.09437573707643986,0.12799518880483965,0.08863872320053028,0.15886039162457527,0.1121030569096522,0.09145794200639694,0.11465029838579317,0.09615664247590278,0.09708802882817986,0.07693497501509783,0.08408191559970338,0.17804815220518277,0.08716603012960099,0.12093942226631764,2.6729040654277633e-10,0.1056000921525156,3.2437202107044863e-10,0.12740729565749792,2.7413736109777845e-10,0.12374955741255278,3.1777901052665617e-10,0.1175588800502012,4.0846988816666415e-10,0.10178049945802456,3.4656101160223783e-10,0.10540347043084797,0.10748284546920046,0.06129465425875851,0.11327910129577215,0.09979566049889207,0.11514959300590902,0.12964218400316269,0.08049464193965344,0.04346293197151388,0.08505773038103603,0.07603370009637082,0.07776743607457254,0.10273087840234753,0.08860197092634002,0.05117825484352516,0.09420515453541199,0.09848516410023264,2.6295753241353477e-10,0.09372509599992389,3.2137142527592185e-10,0.09614300069473422,3.364608797856306e-10,0.12239588850453585,2.8671252590211037e-10,0.08311763610137746,2.68563939948979e-10,0.06197878695558366,2.597801893003807e-10,0.08054571523870344,0.31574894198025333,0.13238236559569036,0.30076718824280696,0.13056057059169154,0.4035993675811104,0.24345610218634361,0.3623819122721453,0.12758324171408136,0.39275543593079354,0.20886968685324797,0.40141676485161437,0.13130165837815452,0.33333055398596195,0.19630366055710138,0.27828514198464965,0.2394609488991215,7.877904763954622e-10,0.23536291494003517,1.1399677594874116e-09,0.2941724210776293,1.1252271113765617e-09,0.323527734883727,9.60043568778694e-10,0.2618450763567086,1.133227709482712e-09,0.24498257699311332,1.118664712032641e-09,0.3008125613920207,0.2642676087759928,0.12583154963939053,0.26787930533459586,0.14686099222119628,0.3153820737438999,0.2350367049359885,0.27121555921113205,0.17013274665666778,0.2569806792996348,0.23984988899592505,0.3158250966211077,0.21988929505356347,0.33589613966421067,0.18689994760543646,0.27543876163650616,0.32109522482312947,7.074964015084566e-10,0.22342564127430778,1.02364010035741e-09,0.2683037164873839,8.907607846921794e-10,0.2752093893399442,9.76452226312956e-10,0.2798325184323207,9.312748619737641e-10,0.22067415293389991,7.906232903383266e-10,0.2484152841477799
P014,S1_12,Sucrose,12,2,0.19134220727258702,0.26816714095239985,0.15573978636411268,0.5739363349164781,0.06392972429895868,0.287198098991562,0.0966945870977605,0.31528662941124597,0.15140198145411682,0.21000518733194468,0.1383607576072153,0.46483791634168725,0.12767209857961856,0.30503074801443153,0.2736187388323143,0.22415004946241832,6.454294165323367e-10,0.2987306905757467,4.481598954128646e-10,0.1959576674711427,2.776068582393362e-10,0.17556391164526036,8.292726469937085e-10,0.2326179087221957,4.5693021267509745e-10,0.20599060825450324,5.133248494890806e-10,0.18070358439303075,0.09528809902032634,0.124089179261192,0.14219783796259441,0.11161330476796565,0.10596215633722243,0.14503802677266117,0.10577001748798133,0.0968180053433337,0.08359058604128304,0.16171104660981986,0.08080078371494051,0.0934519500142742,0.10246283442317738,0.13990026447366954,0.08841481411439088,0.09461153077042336,2.720830789722805e-10,0.10790685912354886,4.013348377148771e-10,0.12334082050168263,3.6435213820249177e-10,0.1255000915549418,3.913484012931979e-10,0.1063473609454153,3.8767236265287605e-10,0.10129401141565751,2.9993335463296137e-10,0.12265081632555144,0.06786724050005187,0.0810544071272023,0.1494068653867833,0.046315914194245376,0.11400947005802353,0.09824073137902073,0.1056267285087226,0.06927938721607184,0.10176259831115045,0.0790826123604382,0.07157322940674664,0.08258515227995374,0.11356060938438498,0.0693638809400482,0.09925857267082855,0.0845992844195475,2.2560299725661306e-10,0.0831338014824972,4.067608804649063e-10,0.09879367294036935,3.7529419950190275e-10,0.10612510071852213,4.0834027434645136e-10,0.09169558685370231,3.747567386640513e-10,0.08745305786239721,3.2261632490586295e-10,0.09042260533579433,0.37670501418820385,0.28395735344157746,0.24797859797675517,0.13933184441199561,0.3932957506230123,0.23152463700025436,0.32880233973766926,0.2700324336658997,0.4146182013963194,0.2800110510160823,0.4061942740163887,0.1612674168371123,0.3622157906093973,0.24886016351071508,0.2842729697504526,0.2949127377645566,8.21270068237581e-10,0.26923908347867215,1.338341907911277e-09,0.30897408543584476,1.2635733652715646e-09,0.3124101938116333,1.2584295349163289e-09,0.2975654154087804,1.1911510836074217e-09,0.29941738670178447,1.2992227521555858e-09,0.34731462620620085,0.26879743901883096,0.24273191921762852,0.30467691230975474,0.12880260170931504,0.32280289868278284,0.2379985058565019,0.3631063271678661,0.2485835443634486,0.24862663279712977,0.2691901026817146,0.30307095525470923,0.19785756452697237,0.29408866700342173,0.23684494306113565,0.25443490463201385,0.30172639758305364,7.005588623948211e-10,0.24098956533953517,1.1088074669039286e-09,0.27293375365096056,1.0509763963461233e-09,0.28040070226964237,1.084398870860261e-09,0.2717737280699062,1.2929910420838998e-09,0.30584493576565736,8.156445210571779e-10,0.25890836773942216
P014,S2_5,Sucralose,5,2,0.3868895365386932,0.5468530160652925,0.15321651102284614,0.6250921826855859,0.07466902895216579,0.3502894268736553,0.11532575448707517,0.421546161268047,0.23591846212510942,0.2787591248474836,0.20506967323796943,0.5090479022668194,0.10016992628180156,0.25255089893834276,0.25289578767984905,0.31642712124369804,1.1093595495883908e-09,0.40436147030286773,3.6474875127184755e-10,0.19441982026149135,3.4294049446791234e-10,0.21247922791291052,6.631507680778263e-10,0.23051093353592284,5.834211117676702e-10,0.2684359578775611,8.052787766063681e-10,0.2573387934862965,0.06696367665629989,0.11871643498108897,0.108836008018348,0.10856289808684816,0.08148703688246262,0.16417703460651942,0.1296699438722832,0.14567366847957597,0.09542667713262577,0.12403558364366198,0.07844352112983795,0.1820615704935152,0.08661969038736785,0.1325474651687729,0.10467836960443513,0.0763435617045998,3.0943242993170244e-10,0.1105973515609897,3.004031796342223e-10,0.1162078067612807,2.985340476408768e-10,0.12283203574449102,3.3192699170809916e-10,0.1000472717162939,4.741928857259622e-10,0.13767180617592958,3.301900429183849e-10,0.10973113038814387,0.07876228542901349,0.056728128288785644,0.14165061989996627,0.050402500065372724,0.12401738370671568,0.09972223896175254,0.11726337385651703,0.04198293192795366,0.10932634363187256,0.06597203925929805,0.059676486188824714,0.06601309957534615,0.08856018010254862,0.05780830456755621,0.07969870845596944,0.06122348812031532,2.274954171589591e-10,0.07553885324121817,3.4115011319365323e-10,0.09252702683464326,4.0221962476394754e-10,0.11186981133423411,2.7846534857171467e-10,0.07182267031159739,3.7912355479601467e-10,0.07962315289223534,3.481657907623297e-10,0.0876491914455853,0.24938884057305766,0.16145247564342752,0.31861270545912446,0.13120565428601402,0.40177214036448466,0.22828039820861637,0.3398409290520238,0.2031560688671648,0.30966840615105523,0.29804492828591106,0.36293565678750134,0.12816576613479688,0.38503641163247854,0.3340864466373331,0.2877660247995501,0.2596933563614543,7.576511639711672e-10,0.22529351648065363,1.259350151862813e-09,0.3372938492107282,1.2701405896604914e-09,0.31502626928655053,1.133774863985495e-09,0.31664555985770404,1.1438591936016541e-09,0.2714984989595943,1.0301694303586021e-09,0.30385666721848315,0.21799566080293525,0.11624994502140451,0.2776841555997154,0.08473676487617976,0.31805441009417135,0.15753090134945602,0.2978999987321011,0.18764116945725842,0.24966011095933716,0.2331883239636454,0.2938746626558665,0.11471166152952189,0.33961379159580396,0.223006884687995,0.2749611094601963,0.28631247256993236,6.279222949138503e-10,0.18420880841427054,1.0359935480588757e-09,0.2595514969318566,9.974312971263036e-10,0.23779265572181368,1.0336734528562864e-09,0.28097356457848194,1.0079838374218005e-09,0.24277058409467978,8.277314665257982e-10,0.2414242174614913
P014,H2O,Water,0,2,0.29987988081673167,0.5422547909742298,0.420244176662079,0.5818214172651082,0.11765941698645742,0.35461569355337036,0.16100830926309617,0.5021602809851793,0.12812442946920105,0.38195136357593773,0.162413936951699,0.43125398850471097,0.13640658929496485,0.4471694065579437,0.16773289546790834,0.3125157906027674,1.4737090305969147e-09,0.4063113651957597,7.069435825401775e-10,0.26396277659818407,5.172383465931164e-10,0.2361375552699139,9.682379796116117e-10,0.2659561704808961,1.0547868529180724e-09,0.33158429512413773,7.922248196418085e-10,0.25503789652256936,0.10297381629102964,0.08545977303487398,0.10341717607152481,0.09982662846882684,0.10746444948346229,0.10473970448335998,0.10570829788683406,0.1208222433612655,0.1173815840429574,0.10984576204563803,0.09841283191342426,0.1386785364556636,0.10343993344867274,0.1272524190939643,0.11389760361611315,0.09639283932136739,4.417931930748429e-10,0.10479479370589052,4.370402562546432e-10,0.11072412662736483,3.852948610085087e-10,0.10610207698341113,5.475355652991762e-10,0.1102456988700294,4.753801364156051e-10,0.11326527062404979,5.274005531256636e-10,0.11361367304429772,0.09234544036248797,0.045039129208835314,0.07731245818090522,0.048476157332999,0.12044886259842824,0.06863453440211308,0.11681519959675389,0.0525319484502348,0.11630008926746419,0.06627551657706407,0.10067135767281907,0.0725240897815973,0.10568329973481838,0.07224759651634649,0.09829868945334894,0.055247154315849915,3.419227189723041e-10,0.07272810542327397,4.2986218304021316e-10,0.09175357331292655,4.1246283988969865e-10,0.09454169850027067,4.732167138414606e-10,0.08286918500509094,4.411397113308743e-10,0.08467357402349435,4.87371908553016e-10,0.09128780292226413,0.2955367243444973,0.16243450380330798,0.21830464126736437,0.12686672822867626,0.3551550261839704,0.24852149685034594,0.35888283165179274,0.1572141872901415,0.303697388604207,0.22128095571355902,0.34027525108615764,0.18206759688095597,0.3451355218791958,0.20156006379180116,0.3413635372184176,0.24603805932295802,1.0486357530069896e-09,0.2209142409351599,1.3320760122013365e-09,0.28759302717632834,1.2345322181424479e-09,0.30183826151715815,1.6048948082594643e-09,0.28352429555309316,1.3509403119869261e-09,0.25804850947096714,1.3125300244379416e-09,0.262489172158883,0.20926413818525388,0.16481180297875267,0.18072154781812688,0.14300906870438979,0.2992722447476823,0.22348857071081024,0.2575853616015231,0.16727133991317852,0.3344965086161703,0.22064640208780129,0.29822662237589964,0.17547578837707264,0.30933465564234847,0.15177051403994396,0.2787072742442124,0.28980615643705676,8.878373829502965e-10,0.1952514947399159,1.1505697401753701e-09,0.24596649628519623,1.0458758181166534e-09,0.2613804077292463,1.392658644530292e-09,0.2574046500908904,1.0262124443889393e-09,0.21242835075735084,1.4265694900339102e-09,0.2775714553519858
P015,S1_5,Sucrose,5,1,0.17968477639267472,0.6810404624594886,0.16250599640354893,0.2746753186010413,0.1475998928106195,0.23897429599279568,0.13069799007032207,0.18611107991627476,0.13870179938730565,0.15695324856259318,0.06779048528237135,0.229457040451427,0.23362432438393807,0.4276807250756003,0.13844503244627995,0.32823021587333534,3.5825384437176345e-10,0.265859013265092,5.894256750420015e-10,0.2619698095657384,2.8367356971101033e-10,0.1932870944017076,6.679577895193419e-10,0.28199507444478844,5.854096069104798e-10,0.15840453499329843,4.0038846896144047e-10,0.14782752397494942,0.10162838622419869,0.07356361981402933,0.10568782664431355,0.09512035197147685,0.08463106899611623,0.08497373540280348,0.0892471052001306,0.11186545673277198,0.06986430968338925,0.10545516589450403,0.0859008309239937,0.09517095151544573,0.10552387043267207,0.10648644657291234,0.10586516266456758,0.09339148690534343,1.5327726634970627e-10,0.09284532784890964,2.4722617259361673e-10,0.09540378035112604,1.4740579746096085e-10,0.08480240219945986,3.1951929247697713e-10,0.10281674164387386,3.9470870935186477e-10,0.10055628096645129,2.0938629034596367e-10,0.08765973778894665,0.07590267116489859,0.042601107632116206,0.10067556957852444,0.08936729156158452,0.1271698694073278,0.11225562536011285,0.08550903078520405,0.0956142130985697,0.10721760642957931,0.09398454480815066,0.100543285819664,0.08370273270072527,0.0921373550657051,0.07982671364705761,0.11208055470728934,0.1111069509330055,1.3795847598574737e-10,0.08213210974291883,2.556539014931167e-10,0.10284739087005083,2.1697776319215681e-10,0.11971274738372033,3.034800344408501e-10,0.09878789358826438,3.743480888393845e-10,0.09056162194188688,3.015177859691483e-10,0.10060107561886499,0.39671383552142253,0.09351763377430564,0.3221942512541287,0.27366524444014356,0.3477296556464092,0.30189974741093417,0.3647863409439486,0.3193710932485978,0.33532253101072834,0.31243492037579723,0.3813798011047657,0.25615801993877935,0.2830256471305182,0.2058400941893606,0.32131280798743733,0.21602762904294462,5.285614051536647e-10,0.28727146433892425,7.349589692660335e-10,0.28462378609430555,5.918187931595246e-10,0.32481470152867165,8.72531694825894e-10,0.2565515445875652,1.567687319621472e-09,0.3420787170962732,9.48398343199541e-10,0.3238787256932628,0.24607033069680553,0.1092771763200593,0.30893635611948433,0.26717179342575337,0.29286951313952697,0.2618965958333542,0.3297595330003949,0.2870381570037855,0.34889375348899715,0.33117212035895505,0.3643855968692052,0.3355112553936226,0.28568880298716726,0.18016602051506894,0.3222964421944255,0.25124371724537115,4.6211226890839906e-10,0.27189208480415505,6.843992503858682e-10,0.2551552331187793,5.006836453520465e-10,0.2773830544864406,8.738030084470261e-10,0.2598487457355082,1.4166061167028002e-09,0.3083988450020902,9.885614488211994e-10,0.34003293692397607
P015,S1_7,Sucrose,7,1,0.17816316431331003,0.7886933210537399,0.1401451316739234,0.16790875722171705,0.07634615149318905,0.13857286760429102,0.1096389451568592,0.20527501505518328,0.09111847759224215,0.1427320339343422,0.09808907427396613,0.24078865413279585,0.13719000499957307,0.372123011065149,0.13589081030344158,0.1427847313823518,4.5933707981850107e-10,0.26896468377824206,4.561999117092519e-10,0.18105800879055053,2.8099134063544216e-10,0.10745950954874003,5.334316408216886e-10,0.19699713943762887,4.090538982032076e-10,0.15745698010602124,3.034557368963025e-10,0.11692525576329217,0.0758956672553516,0.055909156482443115,0.07362113279908133,0.09590219172839867,0.0741759269410233,0.06437836117954156,0.10170541432963802,0.08332131296475562,0.07811318218670528,0.10230486802305452,0.07646061965292235,0.07339224290173683,0.0677019554813949,0.06726513801719688,0.07926615731626462,0.08186788790848493,1.7972405034567705e-10,0.07519683513665566,2.619084922267543e-10,0.06838034540478916,2.586469769244816e-10,0.06927714406028243,2.5947163001198265e-10,0.07402528468083533,3.4954397833331524e-10,0.09251336364719681,2.556252047463609e-10,0.09020902510487991,0.08556677142891667,0.024919279416241377,0.11191557942496891,0.08538644220229184,0.10667349701520096,0.09543828790524711,0.07494945625959773,0.10879419148446447,0.10417843335907098,0.10430530460082489,0.1111139901475381,0.0939924843784451,0.10013293709650836,0.08701708060581939,0.10371151523260146,0.09933816454861766,2.3325114711466266e-10,0.08548242449973366,3.798831213318701e-10,0.09731545065569396,3.725474295096066e-10,0.10105589246022403,3.58994848556908e-10,0.09754992437088672,2.7082400379142115e-10,0.0918718238720311,3.3368310789081525e-10,0.10424186897994794,0.4076506254836286,0.061817052877222375,0.33232423097976893,0.32326305930343485,0.38665463735003625,0.3712842929364249,0.41918723602467334,0.3673959720542989,0.3947426756480469,0.37783650963997406,0.38377284624239627,0.31052020927719515,0.39394039103151124,0.2855922660943148,0.36419067424392515,0.3666687310549987,8.347279397197846e-10,0.303224670693941,1.4281425736063305e-09,0.35936789685307174,1.355536982456261e-09,0.3789694651432306,1.3325877840295583e-09,0.3525980156061875,1.4473714353829482e-09,0.39329160403948615,1.2604419259323062e-09,0.38628959264401047,0.25272377151879316,0.06866119017035348,0.34199392512225757,0.32753954954415776,0.3561497872005506,0.3303261903744957,0.29451894822923175,0.23521350844129763,0.3318472312139344,0.272821283801804,0.3305634696831773,0.28130640930982714,0.3010347113910123,0.18800250421751982,0.31694084290376806,0.3093404851055472,7.011788597578157e-10,0.26713138589142776,1.190481623766326e-09,0.29387829829589457,1.2462088769558738e-09,0.34323798878752315,1.0732614281168018e-09,0.27882963590446186,1.0105160136600976e-09,0.2648662283352647,1.049515670849071e-09,0.3023342575078692
P015,H2O,Water,0,1,0.19733791033582623,0.6221105659326912,0.13536035486384657,0.21788906792912993,0.11948686709909244,0.33405846483935503,0.1365534320438655,0.25734200571046645,0.15011539362562284,0.29093456490034,0.0940389758071329,0.26425230429681174,0.1945082284518011,0.4524125299828345,0.1692602270014399,0.2055599593742433,4.6549313654930434e-10,0.25516486319423975,6.59358108326238e-10,0.27511652259327074,3.869532246739415e-10,0.22677266596922374,6.83686994192257e-10,0.2554352362025797,5.989667414470855e-10,0.19694771887716597,5.030147965515181e-10,0.22052497926298142,0.08014413066625115,0.12608284139827375,0.10410514577558065,0.12052258318757568,0.09638018811015044,0.13460324063470608,0.0971809120598316,0.09056102239879968,0.09556125156857914,0.08775326167672655,0.11559816398970177,0.13870352920995493,0.09959736150624088,0.15444360052926645,0.07663437039360207,0.10446024832254339,2.1212169546365377e-10,0.114192732371223,3.228714273205282e-10,0.12125609769509095,2.444020403423686e-10,0.11549171437242825,3.0074357568410364e-10,0.1087838951879132,3.7504978901586286e-10,0.09387096722931565,2.691642740348242e-10,0.09165725662265284,0.07972733014197156,0.03993112598734542,0.0968573632702956,0.10392255535189529,0.12407659160721848,0.0872742071059347,0.09494754731392219,0.085154361637127,0.10192588620020938,0.06961062684813714,0.14467996874264066,0.1072712382240641,0.1007172670706899,0.0819880254784834,0.11076523545565851,0.08802749639556526,1.8427704364701997e-10,0.0953982636197021,3.022473289151232e-10,0.09851402281558161,2.7144261179057377e-10,0.10567539935657659,3.0310295139197853e-10,0.09537450610009926,3.6459092885078617e-10,0.0900509544755246,2.7452620344288495e-10,0.08576825652417326,0.369642272175028,0.08880533915669482,0.35532919341974323,0.24100667698982475,0.3657167992547638,0.21315512037598086,0.3756681155972965,0.2657754635355571,0.3244424566097138,0.2617758296900497,0.3249169408472905,0.17544367397028665,0.2969472334442298,0.16304107522604872,0.3336702333331773,0.31115403455277524,5.138264162285493e-10,0.25919068275981133,8.41337155596755e-10,0.25971505707525583,7.779400676217094e-10,0.28943595981537235,8.696836816411578e-10,0.2762031441390578,1.4031774302247336e-09,0.32072178956642683,8.949062942834665e-10,0.2931091431498818,0.2731483566809229,0.12307012752499479,0.30834794267053367,0.31665911654157436,0.29433955392877487,0.23090896704402303,0.29564999298508465,0.3011671467180496,0.3279550119958746,0.28992571688474655,0.32076595061323365,0.3143292542988826,0.30822990952703805,0.1481147687833672,0.3096699338161221,0.29079826135487263,5.180364859896174e-10,0.2760534580550236,7.871504687312054e-10,0.2453982998208008,6.559160720891926e-10,0.262624260486399,8.467516071640189e-10,0.26420321837035,1.1551938606369601e-09,0.29840856985156716,9.178559993883481e-10,0.3089403644403106
P015,S1_12,Sucrose,12,1,0.21470613919802112,0.716233484296527,0.20433555406720771,0.2726445875627624,0.11290081009666883,0.32725425474616054,0.11397199017240238,0.293916539465153,0.1736345805781212,0.34336107345881894,0.19133637875463455,0.4067012538212186,0.26720072096957437,0.36429631310926985,0.12499887066976592,0.4395689788451669,6.913035043902146e-10,0.33432623295006186,6.582781023334631e-10,0.2679130247304184,3.9913373679423027e-10,0.2200775324214147,6.83008833569521e-10,0.29901622089844426,3.4535748507409346e-10,0.2039442648187777,5.972101993722384e-10,0.25849782701847007,0.10180511209479494,0.1055944408118757,0.09685942880969749,0.11886021013510976,0.10385779784958991,0.07115448582307267,0.0832808890196485,0.10615539834536461,0.10251570956036582,0.10704576268689169,0.08915795969176539,0.16840028160019258,0.11218694092925036,0.09740131724905612,0.09628363854724384,0.06860704662341953,2.2891053116221954e-10,0.11344623885723931,3.14503604431833e-10,0.09615013546274226,2.74844623924015e-10,0.08750614183633129,2.997361236880411e-10,0.09361973583724247,2.1219723104970987e-10,0.09471814368250656,3.204196683045735e-10,0.10478073612362876,0.07633409506321637,0.03526101135860023,0.08610643536601761,0.09941800614354629,0.11046226319871058,0.09531899742786468,0.10430793485558974,0.06750029940845131,0.11096094932932482,0.05537107312075758,0.11364478609161095,0.06872973545258097,0.09567955455904278,0.08751743160423843,0.08965751404231237,0.07551240507939884,1.7140012935354277e-10,0.07991567824592874,3.0237205093319926e-10,0.09724456169746412,3.0020941501089363e-10,0.10289063031328763,2.686394760131849e-10,0.0870917263212481,2.4157034870201407e-10,0.08590411713202054,3.2647009436085824e-10,0.08316601122504119,0.30928954215218135,0.05157486897957122,0.2817152464454585,0.22235693025494693,0.3553477285589031,0.22798161966316524,0.3783430709766824,0.2672207157627489,0.33056214099263775,0.23756246921979302,0.28469228609917396,0.1583612807517592,0.2569166045829655,0.19552933924193816,0.36419158545635605,0.1763663000163458,4.961036173292942e-10,0.21799835911384854,8.649239239817179e-10,0.258943823011743,9.341628617197616e-10,0.2916646741110342,8.463498659412428e-10,0.2482509573244014,8.844948493173276e-10,0.32278189336971563,9.970024006264765e-10,0.2840623051062154,0.29786511149178674,0.09133619455342538,0.3309833353116188,0.28672026590363453,0.31743140029612726,0.27829064233973655,0.3200961149756769,0.2652070470182819,0.28232661953955046,0.2566596215137382,0.32116858936281484,0.1978074483742489,0.26801617895916713,0.25525559879549714,0.32486839128432166,0.23994526943566893,5.549620380947736e-10,0.25431349083292154,8.615795109173468e-10,0.279748455097632,8.64458209143908e-10,0.2978610213179319,8.44767605751772e-10,0.2720213596186637,7.627912988857267e-10,0.2926515809969794,8.696020423054865e-10,0.2694931205266443
P015,S2_12,Sucralose,12,1,0.21175818619695444,0.5515330711354526,0.140825752852948,0.1649320039925933,0.10805728791857906,0.2960614818771508,0.11619018574457052,0.38173387575107265,0.16649496894273866,0.28805849166189207,0.10087398260493358,0.2503491473877621,0.18595409716015762,0.4733855343264753,0.14877012291740896,0.27666423828744163,3.7464746980343546e-10,0.2367120240284407,6.465764830753512e-10,0.26586460032059067,3.040422794634233e-10,0.20205938489786493,6.87158042885214e-10,0.27119349817287086,6.375814429954514e-10,0.24896203074782158,5.219840952857458e-10,0.22727673030231538,0.12961207756891502,0.15387161676583141,0.08205708070156076,0.10529681031496581,0.08779300524828632,0.11310364868502215,0.10264438689552907,0.12367539561546816,0.09615365957682839,0.13655807819262825,0.09799762115074427,0.14125392018422794,0.11371905887325581,0.1342571796863613,0.08397294821671307,0.11622464187186601,1.881583876496488e-10,0.11834818778104088,3.0261305595604947e-10,0.11221822312323139,1.8693637432497077e-10,0.10044832696665423,3.117133734207804e-10,0.11204345716204905,4.20903145190068e-10,0.11315989125549861,2.879658939801375e-10,0.11635586888472832,0.08534815905810514,0.046947592529708614,0.1170392994719399,0.09743301475517133,0.09813315099196138,0.0821302908874118,0.12623323694632982,0.08423298800400356,0.08037550646366022,0.08504723796157465,0.10038736038481307,0.08526605341931923,0.12340894857812658,0.07073378221907935,0.11642015016292832,0.09048796419348439,1.4167430919719137e-10,0.08873691326984288,2.759475203586767e-10,0.09360154316914478,1.8806803727377158e-10,0.09013172093968659,3.132435366393632e-10,0.10026271128840465,4.723957569603601e-10,0.10523311247516669,2.2753985330089469e-10,0.08271137221261743,0.32721143562375704,0.09616078900567271,0.347135373433438,0.2730142181629658,0.3867488876699707,0.24921434646152646,0.3725581389757194,0.2083243875557849,0.3753979793189539,0.2654979129758155,0.37292896695739874,0.23234319614298568,0.30262107414219525,0.17105557444463954,0.33462415331696965,0.252770296781136,4.5600451535604695e-10,0.2747989965543696,7.976826152765824e-10,0.27740997067958295,7.060760882825847e-10,0.31798161706574857,8.209978985883905e-10,0.26526777467123513,1.3673573367840232e-09,0.29044126326575215,1.003115947532363e-09,0.3204479461473847,0.24607014155226856,0.15148693056333448,0.31294249354011316,0.35932395277430385,0.31926766817120267,0.2594902320888888,0.2823740514378512,0.20203335307367076,0.2815778856978187,0.22483827920808963,0.3278120689021103,0.2907876828657049,0.274296821246265,0.15056792932344462,0.3162126253859797,0.2638528588660727,4.390479628588857e-10,0.2814038783663059,7.044494939020929e-10,0.2509056627074503,6.082259690708635e-10,0.2893789501300457,7.59827826695263e-10,0.2512325587054405,1.0657853160932735e-09,0.242203702255761,7.64045521229463e-10,0.2532080824529542
P015,S2_5,Sucralose,5,1,0.275124002882004,0.7316546779202175,0.19249656548435848,0.2766354448860973,0.12139957941528783,0.315297094641668,0.1720322012328149,0.21659023794226165,0.18531758957471403,0.2173990591582402,0.13639948293765491,0.3368762526155908,0.19657530775299503,0.3488478664803914,0.12220723556608067,0.40751527018226696,5.974901909963596e-10,0.32486440445432047,6.524653692489568e-10,0.24552996207258554,4.4078155684985906e-10,0.21834833702847792,6.723596441354481e-10,0.2687864199954335,5.971070441702279e-10,0.19431121958753828,6.244775441756498e-10,0.2013583243664771,0.08074658753205224,0.10018086270788423,0.09861689947969504,0.09833475487661206,0.056938936737351155,0.1539274360641457,0.09072249009547076,0.1551822119448673,0.10501723607100019,0.1312778872944305,0.09727088983312612,0.1135190442214976,0.0828273631785135,0.1806130202768405,0.07609767947578223,0.10191079993744179,2.0021033214413117e-10,0.09811150644181121,2.9789374810332076e-10,0.11857668906421273,2.0938021955585783e-10,0.10543318640074842,3.1732854920903463e-10,0.11036221571714451,3.3136648547201885e-10,0.12295235102016903,3.5615549812068106e-10,0.11814756168271534,0.06805806343218862,0.027864167379431665,0.09582622803138083,0.09260816010489611,0.10512955405941155,0.10542973040926956,0.11012553361716544,0.11147576311109145,0.11605058244438074,0.08451488328564144,0.12070647157412383,0.10486028471566672,0.07563390807200779,0.0978640572293073,0.1165752595447143,0.08114388543546798,1.8785373223000624e-10,0.08498722920628128,3.083911417577564e-10,0.09601431244249904,3.084024204368191e-10,0.10527964223434055,3.317485807668861e-10,0.09280427757037434,3.713040686336159e-10,0.11080064836412845,3.7655032206692824e-10,0.10028273286501109,0.2871315452493449,0.05262218798842243,0.3386806108272556,0.25219461561921236,0.3664283120628846,0.17426524499575732,0.3358520828814479,0.2594851960992739,0.30253855751687,0.2686834541474262,0.36513162075676453,0.20894283305680145,0.35225336261930346,0.18099900962238114,0.3718809305189574,0.19957024264356976,5.832543414871443e-10,0.25078390224963354,1.122228986168913e-09,0.26848648232508165,9.904335573631755e-10,0.270346778529321,1.1834780356581785e-09,0.27617588635105295,1.0999972342353014e-09,0.29766863949036093,9.952438630267901e-10,0.2856110058321481,0.2889398009044104,0.08767810400404397,0.2743796961773101,0.2802270245131827,0.35010361772506515,0.2510804938891597,0.29126769217310117,0.25726659090250537,0.2910760343930354,0.2981247161142619,0.2804915348983305,0.23580158539044374,0.29271005837718067,0.19167604639107927,0.31323889489446594,0.20985980180125322,5.182608627492997e-10,0.2412529576479536,1.026358344216897e-09,0.2713925540956212,9.832998271194432e-10,0.30059205580711246,1.0104375665240965e-09,0.25187120036599475,9.669368066583984e-10,0.2742671415378033,9.686747635571815e-10,0.2946003752536487
P015,S2_7,Sucralose,7,1,0.3631897222815332,0.7896329604801678,0.1339452461945087,0.19785615449798022,0.13253006821430993,0.5231839454330287,0.08087195651329719,0.26155688986335823,0.19503520441267866,0.22535784041376747,0.12786200069591414,0.3178037563315419,0.16795535194373717,0.45990357132996385,0.11389050084008996,0.2971661375967866,4.753032897279867e-10,0.32171497341360766,5.398578598242226e-10,0.32089323423025995,4.4525113602385917e-10,0.3278570068236693,4.804133036214788e-10,0.2597288904276444,3.7296740965749863e-10,0.17121442318832772,5.673672767671651e-10,0.21019652241322306,0.12609455770733635,0.05600939086375473,0.08209079220139916,0.11401077454030448,0.11270021500612518,0.06685089178961104,0.11910062023297645,0.07960625400882174,0.08710998377335803,0.09267292113884154,0.09946436829678855,0.12533768409320573,0.08677701879896454,0.10679383309787471,0.12549032794504766,0.08364780240651858,1.5837030547655608e-10,0.10050126128379816,2.7093071417663305e-10,0.09328048967314387,2.693454470194039e-10,0.08977555339786811,2.9475272905626463e-10,0.10067724556210138,4.814354279022355e-10,0.09935343712089909,2.5192387954215694e-10,0.08989145245609978,0.053386282846872586,0.022266950085588436,0.0767927188482531,0.10332849014679936,0.09517852168496473,0.06997109334441842,0.10671241652740888,0.09847262835615964,0.11382482963669559,0.10286494798666758,0.11161724012478394,0.0788229364603846,0.07780925687477513,0.058081614426609515,0.1022191171132255,0.10465872510637834,1.214184057575489e-10,0.07436910308544702,2.299032310006199e-10,0.07526012158269195,2.3137629085540254e-10,0.08257480751469157,2.4651022562914456e-10,0.08569217838024713,4.3738520415322246e-10,0.10259252244178427,3.2579516913284184e-10,0.10834488881168158,0.2847670298302797,0.06839925567916506,0.3696182166617992,0.303050719555126,0.3275202448271939,0.19693885117865165,0.35497736178914724,0.3251108340532015,0.28390226508539645,0.33639775096079716,0.3120948416706308,0.2163413730110569,0.33706025702807146,0.21307876280737786,0.3530872754413433,0.27930525995454386,4.379605631775593e-10,0.25904523940134294,8.783848217357069e-10,0.26864952896032374,7.835195144381492e-10,0.26222954800292275,9.364166086574734e-10,0.2956328888078341,1.4544103567831545e-09,0.3400440979211744,8.274394501034429e-10,0.3101500080230968,0.1725624073339785,0.06369144289132361,0.3375530260940397,0.2817538612597899,0.3320709502674064,0.14305521825428977,0.3383376449371704,0.23525339371845902,0.3201277170918718,0.24270653949992618,0.3489615492118823,0.26169425010381075,0.33039811535445185,0.16214221833817447,0.30531277866029316,0.23522207493577255,4.091890029854016e-10,0.24436942281580412,8.561521608943859e-10,0.24191662555358062,7.780387033117748e-10,0.2375630842608481,8.555153896945368e-10,0.258268796822173,1.369670348862751e-09,0.2867955193278147,9.07623699623754e-10,0.281417128295899
P015,S2_5,Sucralose,5,2,0.33063837802240365,0.6688568997427552,0.24673299812160093,0.22606344523632343,0.10901596776252058,0.3971199261525142,0.18614639335842764,0.5144570328840125,0.2358343797083165,0.35525336221932685,0.1227448923434713,0.41002687800634957,0.30282199333267057,0.5629808082237054,0.21915406038347704,0.3185971549433961,1.0501598879452395e-09,0.3341772485788173,1.2501223283300787e-09,0.3429846738678527,5.885604580039475e-10,0.2530679469575174,1.4140528601005314e-09,0.3508885042208123,1.5454317829696373e-09,0.35030171312122005,1.1049046586205325e-09,0.2955438709638217,0.09647196176120539,0.14368346879646882,0.13227532637178657,0.1745756685827929,0.09106748701039136,0.11788427513510916,0.09087050294264438,0.12409187273941802,0.09054149241470119,0.08440840926247507,0.0943486516977462,0.18592550849621525,0.13448300418429557,0.12660176194543601,0.10229967346685827,0.16073937566511842,3.873593008402171e-10,0.1378800976177025,4.2328507954579993e-10,0.11750913206880803,2.7011643389947666e-10,0.10447588107275026,5.083188675650497e-10,0.13103095381542706,4.841107997553135e-10,0.1074811878410312,3.6541649930793493e-10,0.08747495083858814,0.07954908694656648,0.04329172540209578,0.07365310613826735,0.11946702968097189,0.07816707432619718,0.07589649752982044,0.09565382019787146,0.0566284725994013,0.11942995956923884,0.05654950902914432,0.10507174261343774,0.06809680314723748,0.11341054389477488,0.05843733183088309,0.10126957429856796,0.08803395728752553,2.360212112643905e-10,0.08152158232142945,2.925347997013478e-10,0.08147786189541889,2.0565450517312396e-10,0.07703178592800881,3.709039986496625e-10,0.09028785182793786,3.5215625230491985e-10,0.07614114639863638,4.200515634849744e-10,0.08798973429919157,0.22918562869561176,0.0583331430514614,0.2808335851032234,0.21014554430689145,0.4108381311446059,0.17550927991964915,0.3092679555046851,0.14237216844154357,0.2629708977587172,0.20860501347986107,0.3452274082140937,0.12107390026630649,0.2582837993483047,0.11872669815814421,0.32151840945713817,0.16021624723421016,6.185095558536048e-10,0.20746653493959802,8.409258477221316e-10,0.24083947714267598,8.494715485549783e-10,0.2931737055321275,9.299200801738875e-10,0.2146862885494493,1.051955219026895e-09,0.22582006197311433,1.0199913897170704e-09,0.2357879556192891,0.26415494457421246,0.08583476300721864,0.26650498426512187,0.26974831219302037,0.310911339756285,0.23359002126290745,0.31806132799637116,0.1624504533356246,0.291223270549026,0.29518370600919286,0.33260730513125114,0.21487691008389165,0.19100065923995416,0.1332533998418316,0.25575828239395854,0.27241326486974926,7.03595316504432e-10,0.23895453654245272,7.315829213403515e-10,0.21718885502524454,7.472500100431812e-10,0.2722506805095962,8.414142529523024e-10,0.2131064015863734,1.1159722979005938e-09,0.2402558906659979,1.2021333283172735e-09,0.29320348827910947
P015,S2_7,Sucralose,7,2,0.215845465850422,0.6888043583951994,0.15451933505964321,0.17178698797955902,0.09232345664482072,0.4282424490495696,0.11380280244676731,0.3609317109170602,0.1640325891854037,0.30743484711270563,0.09007660374154644,0.3338758006419783,0.21732003214055792,0.3781128933651195,0.12627927342371217,0.36360185698477177,5.879884433223745e-10,0.2758180919447247,6.718007187060512e-10,0.2789997078000169,4.0177921972817353e-10,0.26028295284719516,7.127078612522439e-10,0.2713285139785403,4.81375988336741e-10,0.23736725668191377,5.08747438602868e-10,0.23573371814905467,0.07284547941711889,0.17442895531410377,0.09954355520269224,0.17117070022053843,0.10093784240213474,0.10858516550623033,0.09185561549986114,0.21348482516170114,0.09732056234635025,0.0969782021031253,0.10473349160208685,0.17086212590222602,0.07496592267895254,0.16854316217597504,0.10903185788759036,0.11867789390971838,2.628702033135047e-10,0.13226405127646104,3.133564333111303e-10,0.11325802319082315,2.5560346229504625e-10,0.10476150395418254,3.5024022940489133e-10,0.11780470916305907,3.3771749433620716e-10,0.15267022033078115,2.688811006039137e-10,0.09714938222473778,0.08748776996908747,0.030161418127608534,0.13336855735414424,0.07801630333982576,0.09634293308415716,0.08935537930410088,0.12101683302116553,0.06309409729853993,0.1047020259636476,0.09500037446616375,0.09743026652297913,0.08526835872509911,0.08759139243915343,0.09464928106261154,0.09257028105050098,0.09273886402324491,1.7999434016580162e-10,0.08528877900645737,2.7311699913883577e-10,0.09198474647250575,2.366712375204398e-10,0.09284915619412902,2.9279176919625176e-10,0.09188745464387771,3.0248644216400237e-10,0.09205546515985273,2.8567381242061174e-10,0.09985120021490568,0.3791029066523311,0.04908040998426331,0.28218534489326597,0.2377724967273564,0.3991201777585916,0.16325217501623002,0.37649214713444495,0.18284748466634695,0.34969120509769974,0.26213219829075834,0.3816350705158209,0.2128919441521354,0.332802951406683,0.1744962648425092,0.3816420687337024,0.19859082368463246,6.031999665029746e-10,0.2571113621541955,9.132189798266879e-10,0.26741789225600343,8.747791678858362e-10,0.28118617638741084,1.003322566787113e-09,0.2718830271668818,9.322801102033933e-10,0.27966981590039597,9.328323358859348e-10,0.30591170169422904,0.24471837811104058,0.057524858178825015,0.3303832074902538,0.34125351173272045,0.31127559011029576,0.21056483112386906,0.29683260189776123,0.17964188195635195,0.2842536174068988,0.23845437802724676,0.3261245676175668,0.19710177057856101,0.28731970133465345,0.184198398553785,0.2904765189044937,0.2263905613976319,5.266216373443407e-10,0.24951771561816127,7.935237840233002e-10,0.2483396302806508,7.247587892862107e-10,0.2609202106170824,8.496188221025862e-10,0.24709629504764102,7.581919971957846e-10,0.2382372419270566,7.680621830177894e-10,0.2613539977170728
P015,H2O,Water,0,2,0.17214044996630998,0.6115136382461422,0.30793206801310957,0.15419525049788166,0.07370488122892432,0.43173881993834673,0.10952316007081472,0.330996606630477,0.17406158967657487,0.38890098118241256,0.19369961804692634,0.5603890058361244,0.23404258944514006,0.3869974726021637,0.13061635565553975,0.56106788051746,9.573898964528945e-10,0.33331167176774906,7.228063888059064e-10,0.2816209408036437,4.590543616124231e-10,0.2527218505836355,8.444374908547758e-10,0.3281810745550759,3.5727762321486224e-10,0.22025988335064584,5.745492193661663e-10,0.2814812854294937,0.09261293139207848,0.1975093320023491,0.09351368038756865,0.1908457372788574,0.07096132370432996,0.1250487614271157,0.09024815206112265,0.09660311283892097,0.08848980339038834,0.07366404721753357,0.11109618990639533,0.14488667146074993,0.09292571487844509,0.14065001235270067,0.09790821576583907,0.11999046806170861,3.7176249662146303e-10,0.13841075707133316,3.212687938605036e-10,0.10739645309064785,2.591239779548001e-10,0.09800504256572284,3.693166253938633e-10,0.11286860276467335,2.3134556076547018e-10,0.0934256324500218,2.5574090065280775e-10,0.08107692530396096,0.08548724409618788,0.05198735435919118,0.0961808869482168,0.07680631055092237,0.09180611175100468,0.09002106956148392,0.09540595587852013,0.10682061238115155,0.09581380452588024,0.0811074108341729,0.07683996510329964,0.06269163319031369,0.09718720577254346,0.08857357963918457,0.0868072437883853,0.05047821040257525,2.0421267495547701e-10,0.07499889904135526,3.2687966535716053e-10,0.09189699168105415,2.9009318450932484e-10,0.0909135906562443,3.2338111232571017e-10,0.08076155990067214,2.462485153464644e-10,0.10111328412983583,2.7730225979504625e-10,0.08846060768002657,0.30746115678582653,0.05585208975214117,0.22843678400917428,0.1933269777139589,0.45274802522064117,0.15553645591437523,0.3853800590052267,0.20470935465310455,0.35285275952141354,0.22936562128253038,0.28142675514744575,0.08887087017765807,0.28997709854454096,0.15969118805084265,0.3414875774020846,0.1264380587291623,5.432756118239298e-10,0.1925624389310341,1.1337614236672005e-09,0.2644881919326,1.2491621885867285e-09,0.3041422405675082,1.0454640382145811e-09,0.22939848068165763,9.135073734338595e-10,0.2950447068291656,1.000903492298792e-09,0.291109190401972,0.3422982177595968,0.08313758564017662,0.2739365806419309,0.3848257239583794,0.31077965809510033,0.19765489315867807,0.31944267298431583,0.26087031349634576,0.2887820428857431,0.22696193948335022,0.33693747179593275,0.14316181933515426,0.2858673913593303,0.22408774735510806,0.3431806073881515,0.14202538228909414,6.983681199347385e-10,0.2607162331885285,9.805457096867798e-10,0.2545974224920542,9.146453162731987e-10,0.2542172756268892,1.0664267358839476e-09,0.24879028209792098,7.898515783520533e-10,0.29015649324033077,8.306601420736597e-10,0.2578719911845467
P015,S2_12,Sucralose,12,2,0.31889801510224336,0.5273155739119736,0.3648026085080374,0.33000689418026097,0.09105702736186687,0.32952184321093553,0.1402421012830778,0.2545734858925347,0.12385885660105071,0.26797401151057687,0.21550415305639012,0.48742049221617423,0.18175765702474966,0.27034264586512885,0.11655796896105874,0.42778494620623575,8.701238094164275e-10,0.3739912894958466,4.910431016048513e-10,0.21816979336567022,3.389670038402013e-10,0.2102894352864012,5.325455586065047e-10,0.24911080451429324,5.180882379805311e-10,0.19740779358780625,4.0702948390460915e-10,0.1959164340558138,0.09433300453851536,0.2965708448968822,0.07729335113094599,0.13387323946112686,0.0865582719854194,0.08553271493460321,0.12702501966693855,0.1099216136964766,0.11108976858534222,0.09058048664933245,0.09826500953162606,0.21238805390330961,0.10286949891309545,0.11869221782807966,0.10510608816488516,0.0929406670586699,3.497574512023001e-10,0.152120583910401,3.0656354902103745e-10,0.09841317591529944,2.5973760757815794e-10,0.08604549346001131,3.315304260195661e-10,0.10490211799118254,4.377142554645157e-10,0.11847331668170757,3.30216781886891e-10,0.10083512761733734,0.07819219753264119,0.05517591277755951,0.06878192136359541,0.09678533612314044,0.12072992129317245,0.08476715438407025,0.12498674294535739,0.09434483663230958,0.10596488468172086,0.10316649953682522,0.08034581907111286,0.04836522464169566,0.10416922767819724,0.10888533954849841,0.1034274168444779,0.07420392924384736,1.8108254245498683e-10,0.07127440191829085,3.5358224558420877e-10,0.10463791072598458,3.5280180316009254e-10,0.10274853783862134,3.2745714840994674e-10,0.09767147832875522,4.270791352001353e-10,0.10966578978883348,3.1888407087790594e-10,0.10456569210927304,0.29454661544134886,0.058929735424747484,0.3035695920939213,0.214584918208338,0.3743262329507246,0.27169319081705184,0.2972075757972167,0.2965532876253887,0.3501790765261284,0.29967981699741103,0.26360811047907856,0.11776927044677482,0.3451789883863055,0.2703175268855857,0.316168487095387,0.20872339400193687,5.767561705585721e-10,0.2088347070157015,1.1212943604564378e-09,0.31537898475991694,1.0963051004078348e-09,0.3230097118838882,1.0303307975431499e-09,0.28509709909230374,1.0344363646711403e-09,0.2968804317113027,1.0442077900309946e-09,0.3249294467617697,0.21403016738525116,0.06200793298883716,0.18555252690350024,0.22474961202713403,0.32732854640881653,0.2284850966533395,0.3105385603074096,0.24460677615329077,0.30890741360575774,0.2385991853058541,0.34227690786179243,0.13405695879204563,0.26602462799765203,0.23176226987270773,0.35874003893419065,0.1963470634893099,5.708544020602564e-10,0.19377901765976013,9.234131877275178e-10,0.263400135233129,9.561650032536271e-10,0.27790682153107804,9.591825900153774e-10,0.2632185000734651,1.0637757433116838e-09,0.2775726682303502,9.151443121713331e-10,0.27375329945580595
P015,S1_12,Sucrose,12,2,0.25604893645807586,0.7784869347975059,0.2148976666149231,0.3687734811411689,0.08414589500598052,0.3924603819639099,0.10061342687988449,0.2547697643413773,0.15769749592247975,0.24702191553967218,0.1438249990259137,0.38041759614552867,0.21232075075672327,0.34045436337604135,0.1240622671571402,0.4392615344299165,8.34697316091225e-10,0.357074935697186,5.678717602887029e-10,0.25734534777566376,3.493201416845194e-10,0.23830313848494522,6.351625021771465e-10,0.27902472892995533,3.514983740088727e-10,0.17769159561063091,5.138943130966116e-10,0.20235970573107598,0.10606438207325389,0.1091867425091141,0.06952951951790058,0.19806390400821922,0.1061072036667003,0.12548451930256432,0.08552101612629293,0.12997001120867152,0.09156831908454069,0.09256492849612294,0.10275658334080207,0.2137566173191032,0.09216985901068694,0.15679835434581915,0.10699060534663932,0.10854134046837885,3.1225309738339243e-10,0.13322629146139886,3.313770812297471e-10,0.12013998408144268,3.1698938256758215e-10,0.1157958614846323,3.3722402134866073e-10,0.11612503979288105,2.7366063376516627e-10,0.10774551366748222,2.8483693726947523e-10,0.09206662379033181,0.08192878461277406,0.022457565892824067,0.09364005643404781,0.060701796153364254,0.09617424487802281,0.0746089469393144,0.10824404571455076,0.10504639920480033,0.08563813379692918,0.08793361818050593,0.09139727591970981,0.06528147087702588,0.08696920964109651,0.07285361552852093,0.09851807773291556,0.07324005105619248,1.9056020192109758e-10,0.06923449164829099,2.820091455977793e-10,0.08265150424673867,2.742336395399203e-10,0.0853915959086686,2.918410202480785e-10,0.08289523848968136,3.2912842163214194e-10,0.10664522245967555,2.6675364075933843e-10,0.08678587598871756,0.2929376209887697,0.03859579093207213,0.32243539948931876,0.18811737747597745,0.3767001643214356,0.22153880897073722,0.3979619195640067,0.26644745356701355,0.3488604588978619,0.27575703346884556,0.33512653375217305,0.10928370198129517,0.29496317415166595,0.2077036321391184,0.32234227011674915,0.18338856706188397,6.201087640424676e-10,0.21441607076993438,1.0070995074312008e-09,0.27522644489573933,1.0504978964367334e-09,0.2991194866460864,9.53431083408302e-10,0.2520994108673544,1.1753155353180215e-09,0.33220468656551017,1.0646841255435312e-09,0.3123087461833537,0.2630202758671268,0.05127296586848364,0.29949735794380994,0.18434344122126994,0.3368724921278607,0.18590734282347374,0.3076595917152656,0.24376637167813686,0.3162355922981884,0.29672250431485314,0.3268946079614013,0.23126061367704723,0.3135770064398274,0.22219003461050016,0.34808677964655627,0.1955685069836286,6.360455281202617e-10,0.2260482104231898,9.802676478284946e-10,0.26463671900041547,9.35349459157652e-10,0.2613899174756672,1.0214327047138398e-09,0.2698555819201281,9.195793461321419e-10,0.2757129816967012,9.7757922248933e-10,0.30647904830652073
P015,S1_5,Sucrose,5,2,0.2962285552780266,0.8333460952443881,0.26491449920505783,0.4397365801293196,0.12091596836736858,0.3992234064899556,0.13202693835149001,0.2590518570747478,0.11660732810491382,0.38816501853521096,0.18303468845780557,0.5407260289043763,0.1265304889259918,0.2175378978241764,0.07891864941312988,0.5288414513992317,1.0448939065030552e-09,0.4263310745364956,4.786958602834075e-10,0.2160519404018731,4.5107045261044926e-10,0.2600696874286621,4.5660347212893057e-10,0.23795712189063245,5.424606928998082e-10,0.1955393977131189,4.5926384726813626e-10,0.2523861733200624,0.08214143382029875,0.08852959210109103,0.0936399206738609,0.1041473612111729,0.0769386188469761,0.0797672141720759,0.09442094071576218,0.10323153284376177,0.10508955502554256,0.08392067998582843,0.10863235201778247,0.21303029655653136,0.09659748765838379,0.13864134459814653,0.0950876519067788,0.08704347593106485,2.8574257508551763e-10,0.11502015939678957,3.0439745613892517e-10,0.09798616631889558,2.3527125709642863e-10,0.078352916509526,3.357739110697886e-10,0.1043424900235935,3.5894931639510306e-10,0.09882623677976198,3.2766867039658677e-10,0.0945051175056855,0.07555791070953509,0.01563299117942905,0.08679975958229261,0.05707446377069658,0.13217666132173067,0.07926364836828768,0.09694695038935368,0.09758109756673537,0.11283275678084279,0.08666471655398268,0.07850472622055504,0.049615676985993055,0.09195016671946168,0.10328529003882873,0.09942965519285327,0.06359564734643755,1.593261019316297e-10,0.060530921408083575,3.6448504892731593e-10,0.1016689416120772,3.8702922511268047e-10,0.10572015484500918,3.219960887687054e-10,0.08956518982439529,3.655784163721516e-10,0.09726402397804453,3.5069654359825746e-10,0.09974873666741274,0.313947220398947,0.027543372416072052,0.31408790029117584,0.17864503825345887,0.3494325947689609,0.23713315425623727,0.37663173522654647,0.28587574400381466,0.3610474921187733,0.24396465373135853,0.32208871953241724,0.08239557873661625,0.40445731546778724,0.23534624840218069,0.3751517037057917,0.17603183062290467,5.718844377422372e-10,0.20645130493811456,1.2157719609913897e-09,0.30659232822379157,1.0313720754795403e-09,0.29328287451259905,1.2587447331038616e-09,0.2977467745496661,1.3872914676697383e-09,0.33125373961518056,1.1113600465840667e-09,0.3025060729250659,0.23212487979319202,0.03494794905901985,0.24055792024761305,0.22039655663535196,0.320536156694964,0.2046125767134436,0.29997343531684784,0.25425976851093984,0.30442286796992796,0.19728493119361964,0.3077395137714398,0.11423241881648326,0.28046454122837544,0.30518921913666774,0.3514123397814469,0.1444875947003613,5.132176573521017e-10,0.19166653972051662,9.902779691386038e-10,0.2777006234433627,9.422487172163214e-10,0.2625743667042038,1.0388960182869936e-09,0.27038842371171284,1.1143197410037196e-09,0.27711660191389387,9.343308544103307e-10,0.2508538995817738
P015,S1_7,Sucrose,7,2,0.2035713224877496,0.7027254722609472,0.2471510670979695,0.3337668445307846,0.09776965326216089,0.2119720212622465,0.14631607411905992,0.257420112504861,0.10489504900463814,0.17921752083655962,0.10083045957091964,0.27413284626114737,0.14392642592224625,0.28582268526499177,0.10004091009908966,0.31263845004749097,4.845046976568086e-10,0.3103630020349197,4.448268264970283e-10,0.18487269642791138,3.263278924580214e-10,0.1548708372622037,4.4232901087074304e-10,0.21060711783345465,4.252270511155174e-10,0.20186809331196048,3.234225609694402e-10,0.14205628492059888,0.07104977280582724,0.13497371269742287,0.092218849452023,0.13721179895188587,0.07694676655972552,0.07898174832928086,0.09170251132455262,0.11900075567970757,0.07761196261908575,0.1100473330466964,0.06996534628005163,0.21535805124361898,0.11046820435851415,0.12901540590186336,0.11505215034801655,0.08221564635506333,1.9903798606550697e-10,0.1201295885718049,3.2176476400916875e-10,0.09885303128734596,2.400300508872569e-10,0.0779642574445032,3.5815788403855905e-10,0.10918785174086436,2.5583616850660876e-10,0.10535163350213009,2.345712317283838e-10,0.09382964783289108,0.095522242196265,0.03412240680816798,0.10101747376005203,0.08579284166809968,0.11496440820137638,0.10413049014484631,0.1046019157357642,0.08526605584165049,0.10244931470774964,0.09468600806800549,0.11778266801729721,0.08014635535478128,0.09169235037251362,0.08793538120471604,0.10996831516733083,0.08316264890289278,2.0120277741253442e-10,0.08573066463411054,3.4238482430203053e-10,0.09968065748086309,3.55970500497192e-10,0.10954744917311135,3.143649136138606e-10,0.09318967391186332,2.7910028130736677e-10,0.09493398578870735,2.990334043250281e-10,0.09856766138787756,0.3145159937776942,0.05937551903286149,0.3132660466754999,0.23590893776273703,0.37618970263160645,0.3067696617680859,0.38775317064651493,0.26359344392892803,0.40603655158516866,0.29418476179669645,0.37599915810857254,0.2185473636310236,0.3468599979814477,0.26456760729051004,0.3373253814948146,0.2552389754812417,6.222186312415242e-10,0.2529355031647314,1.1901864171422394e-09,0.32359674241791253,1.1583212400533787e-09,0.34147968219984615,1.0710554251942197e-09,0.3009979905620035,1.0213787366893693e-09,0.3256733072877215,1.1681552692801354e-09,0.35011065669093255,0.3153406687324643,0.0688028892006001,0.2463465630144555,0.20731957708649248,0.3341294693451304,0.2981460784955403,0.2696263281741085,0.2747196320448529,0.30900712208335734,0.3218643762520419,0.33542236802315956,0.21181538350942933,0.30705302136527873,0.23265892033791877,0.3376132428907483,0.2667442792133111,5.666599433086927e-10,0.23084124159443356,1.0575168973365102e-09,0.29299687238596706,1.033723425410541e-09,0.3161377739203354,1.002231883479217e-09,0.28601736595181426,7.332682935200658e-10,0.27217298010948066,9.09548722360242e-10,0.3154357491676996
P016,S1_7,Sucrose,7,1,0.24115027956674517,0.6559075296146186,0.15425795298511155,0.16409219287749693,0.10063311283066415,0.32545290761005147,0.1590459219620213,0.13854234359300893,0.0861934292356129,0.16064927654323224,0.12495708054729805,0.21489787261833906,0.11423981508345546,0.1213250109743257,0.08580458439838255,0.3525928419490021,7.160137096050016e-10,0.2592104847016016,3.9479996926872213e-10,0.16541271162462418,3.630250115366374e-10,0.21304301022035782,3.8294835832834547e-10,0.16849056310129146,5.713324159625675e-10,0.14879413277751513,3.578050989571661e-10,0.12342135288942258,0.08514423210518961,0.1293753136286046,0.09135230629305026,0.12403137723430413,0.08816479896625247,0.12809051148189252,0.1533272304152612,0.09970788836970257,0.0725507728827726,0.08951814171133471,0.09522303213264871,0.13022285560700433,0.08817607086108568,0.11305992960371171,0.10369136971991047,0.1421329841652132,2.6079948792511475e-10,0.10922485283346693,2.9709687719167094e-10,0.10437282772823558,2.5314674528791446e-10,0.1081276552240725,3.159086444908117e-10,0.11176508858748026,5.393750002570856e-10,0.12651755939248188,2.8718417179152095e-10,0.08103445729705366,0.07887164172306924,0.03707310355720967,0.0991456659982164,0.0797130166717544,0.08523182896300595,0.07100173841624455,0.13598328546462757,0.10104686469268266,0.10876213442678112,0.09344336774910884,0.11217182713406518,0.07179659122288923,0.08554319293013592,0.09872053987768487,0.11962808529775759,0.0730510063821774,2.072247729370685e-10,0.07979530771786734,2.735481517838899e-10,0.08512432504676781,2.228931596906116e-10,0.07811678368962524,3.107332142534037e-10,0.09423570612193893,4.826168017489946e-10,0.11851507507865511,4.180497112259652e-10,0.10110275108794498,0.3308402054376408,0.08728927117864896,0.3497541246713714,0.3447074588011139,0.39139544587405783,0.26500414644513615,0.26569134816024087,0.41103309337130856,0.40694926144087257,0.40092882929247664,0.3531868890505491,0.3166045943280507,0.3804001115308503,0.4023139689173522,0.36826531870719564,0.21419818680639285,6.977996458486639e-10,0.29706375724456247,1.2088657012603489e-09,0.3597784181918491,9.98325699495357e-10,0.328199796159597,1.165009320730696e-09,0.34129439649044774,1.0149841205112325e-09,0.3383622207657747,1.579893022171463e-09,0.4039390453666746,0.26399364116735524,0.09035478202091765,0.3054899500522503,0.2874559544153308,0.33457481336601913,0.21045069604667535,0.28595221399784865,0.2496698099732972,0.32554440201396045,0.2554603847038477,0.3144611711354391,0.26647808622371716,0.3316408095944725,0.264580550626926,0.3226106418767535,0.21802498069721446,6.117650674227227e-10,0.2547055975025017,1.0159348471943075e-09,0.28531171740852324,8.467481976634831e-10,0.2725127547063472,9.978031660133508e-10,0.2842142456988416,1.0274073537560512e-09,0.26781101198557294,1.2438807723716072e-09,0.29050239335890404
P016,S1_12,Sucrose,12,1,0.1207356959144859,0.5019971975633579,0.09773858331671116,0.21929229561198865,0.15206114764954162,0.11539670638348495,0.16896158881075135,0.26316212052981924,0.08406349604816477,0.11038761238559029,0.10246609409627104,0.26027998103933686,0.05833773300150225,0.1602307640213236,0.08245480576265295,0.6312435805367836,3.924261622900626e-10,0.21708497459035855,3.3176727678854553e-10,0.12150658776396311,4.003494673022872e-10,0.1337289270165133,4.3655693811669344e-10,0.23306672083056562,6.310731659200742e-10,0.2160618546702853,3.4745316620291677e-10,0.09722555421687754,0.08037521896436307,0.09050680704754734,0.09241747765518657,0.059182850240941685,0.09670783122038291,0.11021922060105241,0.08496190820659077,0.14208100533659845,0.10595338765152279,0.11282619562983875,0.1157947777376371,0.10047712839792394,0.07647553995036427,0.08708835486188742,0.07429184551890623,0.06416227998799326,2.2797342012434037e-10,0.08979237667393329,2.692099678726723e-10,0.09262273665842174,2.658809552017622e-10,0.10346352591071767,2.3382853543627387e-10,0.07550450507978779,3.2226060934584785e-10,0.11352145677159461,4.2860922909686566e-10,0.10938979164068077,0.11264075402574317,0.042341638471966106,0.1213335034515664,0.09718815363737121,0.118446382647814,0.11446733359134002,0.10371535049742962,0.07638829870771166,0.09524887084003118,0.09610809012853978,0.10323086555525467,0.07162012665592757,0.11803933660389411,0.07286608926062126,0.1236981847964485,0.03739105780222026,2.2381758201878385e-10,0.09139250696630485,3.518743945469932e-10,0.10595478552591735,3.193674539228304e-10,0.11645685811957701,3.302413830512904e-10,0.08799866711579603,3.443502509484652e-10,0.09005182460257063,3.8342214951565346e-10,0.09567848048428548,0.38175754046034155,0.2010629439732578,0.3553021509920798,0.3924501033720076,0.3154177938647437,0.35689829888013525,0.3314329398212461,0.2731795586839192,0.3696104757845297,0.36546604254832993,0.3729719745842236,0.3212307979374627,0.40288383689720403,0.3558287214512455,0.3461388236528536,0.13277857535224394,8.011119985122574e-10,0.33746258521989553,1.1207394510007815e-09,0.35775716277333214,8.663934378391698e-10,0.3361580463724395,1.0837296173840412e-09,0.30940748933838674,1.1150970463003242e-09,0.30230624925258265,1.4852089786093333e-09,0.3675382591664298,0.30449079063506646,0.1640914129438704,0.3332082845844562,0.23188659713769086,0.3173668446175174,0.30301844054398736,0.3109282126639823,0.24518901674195162,0.34512376967575115,0.31521205930770113,0.30553628802661315,0.24639196596934917,0.3442635535470356,0.3239860704049224,0.3734163402691386,0.134424506320759,6.525493433907451e-10,0.26426755654950773,1.020672617687717e-09,0.3221587272783657,8.54589602002735e-10,0.3101926425807524,1.0176894408008273e-09,0.2940226176354639,1.0405056960839053e-09,0.27805861470296694,1.3775876933115738e-09,0.3301679144917261
P016,S1_5,Sucrose,5,1,0.1184572063545292,0.5247720676823994,0.10610158509415668,0.1715484054752623,0.10623612459205137,0.33569777922797855,0.17529236450981625,0.12700782447232842,0.07714996791196056,0.13651686508146188,0.07325601718594753,0.4888738392630978,0.0885260668032714,0.09809245466224721,0.09355990465982726,0.5103105640745529,4.3166456930831594e-10,0.24716818684256547,3.607973257942944e-10,0.15713810632138714,4.2324441850801735e-10,0.22096695191001497,3.8376984641707696e-10,0.1976222475499747,5.940875965461565e-10,0.15115009449107233,2.8945412270721586e-10,0.10683341649671121,0.0849032551598714,0.11156427932054283,0.10086561677005433,0.10172619782784871,0.08880737932427328,0.16094317934813357,0.12997322892982846,0.0855900080738676,0.08351543441894152,0.10652884354034257,0.06937889235321724,0.08187837278437635,0.0992154275173909,0.09686899356257576,0.04776500032822156,0.07243612576543289,1.8753986618060128e-10,0.0917194357026518,3.0154919753332385e-10,0.11145874493809338,2.751485044511155e-10,0.12487527933620343,2.3294303329569175e-10,0.07907138679340528,4.3744286965374143e-10,0.10778161850184803,3.0031534222331976e-10,0.09502213897964204,0.07046793996112499,0.046966607083895544,0.1089812827518706,0.1200539780798309,0.08808453577184,0.10545723244650004,0.08358608548804242,0.09320005568167163,0.12462917705999342,0.10295537322416666,0.0838800471695887,0.04596465142998234,0.10488936494581667,0.09456025090201887,0.12673866973740947,0.03847175042826202,1.7099549696049759e-10,0.07938575107938219,2.900738098545213e-10,0.0982478460165439,2.3730206323392e-10,0.09677088410917002,3.129027617591346e-10,0.09116500900337676,2.9489278404789557e-10,0.08839307058485701,4.3047590614850854e-10,0.11379227514208004,0.41533834121109864,0.1645649821416813,0.3652670575430078,0.35765864293730093,0.3817592977467486,0.2367678162292725,0.29339559338284055,0.4098772986088163,0.3867882254305796,0.38477294535025536,0.42230643041988936,0.22325547010152658,0.39629082946500255,0.42270785593683574,0.3948083991011163,0.22456241137572325,7.748895140268241e-10,0.32473182072575074,1.1055993892307557e-09,0.35938144984446485,8.836884279220874e-10,0.30926355698801056,1.132766557672388e-09,0.3595923739696694,1.0645321683119388e-09,0.35163644599582844,1.35658325920846e-09,0.3857805853904175,0.3108332573133756,0.152132063771481,0.3187844578409111,0.24901277567975752,0.33511266256508665,0.16113399274811582,0.3177527276894726,0.2843248131633163,0.32791719517852475,0.26922597280377375,0.35117861287135677,0.16002766642101734,0.31107831126851854,0.2877704449363222,0.3371280261734254,0.15421914835602854,6.300588579870864e-10,0.2569948056496499,8.827106562249815e-10,0.27377385287951084,7.450161303318716e-10,0.24812332765660122,9.005553462938274e-10,0.2725489826835737,1.096145732750439e-09,0.3010387704263945,1.1321183511288169e-09,0.29857158399114925
P016,S2_5,Sucralose,5,1,0.09496640467171262,0.2710904021006293,0.06262555498684846,0.12218143682020172,0.07415222059538548,0.08666318000494283,0.08881437603028598,0.06372733872740534,0.06406840539571744,0.059807942737591845,0.05836626530080952,0.1850243611043947,0.07795649356251684,0.05856762971201279,0.07623701552720888,0.3040350731394626,2.560222500010002e-10,0.1323757374974327,2.154889714783109e-10,0.07433488096871449,1.859254406186365e-10,0.08040770030016416,2.6993994167540485e-10,0.12919905298530027,3.5774594437913225e-10,0.07627085737884566,2.5345972296372927e-10,0.06193817406665464,0.08353567107182437,0.2070968612519089,0.08801171894975698,0.08859635613217705,0.08171123466649233,0.12465813466593503,0.08585560066402524,0.1389812863197093,0.11108306858970457,0.13387631756065307,0.10929446582894997,0.16532372524367286,0.09774339033600576,0.14619038734535642,0.08325843193136477,0.12575821503992896,2.7061458996436075e-10,0.12364313307971503,2.842947494645396e-10,0.11257578675344737,2.165797082957611e-10,0.10318468466621368,2.8154384484468935e-10,0.11323760616316397,3.7962910015942736e-10,0.11241844349186728,4.5128969381074577e-10,0.12247969307517882,0.11287413186770318,0.09436449987467824,0.10019440254456209,0.15936310120277825,0.11099438869839777,0.19415746836623796,0.1900038151834576,0.14579283207706367,0.08954250019563208,0.12312236369518993,0.09342652222817548,0.09221220968520591,0.1147418867718941,0.19021182071627038,0.12600517560649988,0.11052286090545999,2.2290549611953667e-10,0.10873914456718387,3.6441298993407843e-10,0.15252639113820005,3.041576866385029e-10,0.15257592853231786,3.506067627121932e-10,0.13537043600003107,7.694707529782877e-10,0.16789832363026064,3.697420685091678e-10,0.106332431945411,0.3990715002906631,0.21788503419782945,0.41255583684868363,0.3594937819381659,0.38726656487782224,0.37345791638096754,0.3235118024061509,0.3274114480311054,0.4066715600464144,0.358465320594003,0.3753000555582133,0.32420434327780623,0.34475467794887593,0.3334082971991512,0.39639206521177395,0.25966525896823106,7.791598200059335e-10,0.34808509201856025,1.0343702253455695e-09,0.3597218641017042,9.392525460800498e-10,0.3803622406293949,9.760654699241932e-10,0.333555074832008,1.3447336894453378e-09,0.32546162521862815,1.6005252586252126e-09,0.3825684403202087,0.3095522920980971,0.20956320257495414,0.33661248667014826,0.27036532390667706,0.345875591161902,0.22106330058191653,0.31181440571608,0.3240870948447162,0.32863446577253147,0.3247280554125619,0.36361269108385175,0.23323536068892084,0.3648035513807075,0.27162186502720925,0.31810731172315243,0.20001859194691754,6.765872382341051e-10,0.28715689283710816,9.694832055201553e-10,0.30084107703793384,7.937310789188816e-10,0.28346944587190925,9.004574205730562e-10,0.2886378300194967,1.2998306570754582e-09,0.3179507502803981,1.3071428537542256e-09,0.32668126059254665
P016,H2O,Water,0,1,0.09788321900277075,0.5777084678295394,0.1052694200292653,0.3396463804796308,0.06325050096320127,0.14049916163279472,0.10085921466593033,0.08249020650823467,0.06283567368287146,0.08220180748429994,0.11124391715872513,0.23749299136790178,0.08483882141737312,0.06208189362164904,0.11164456744274343,0.11337254454119841,6.476667213615534e-10,0.24487406597797223,2.299246121365992e-10,0.08766759440875455,1.6131197876273572e-10,0.10187483129799799,2.9311509876963595e-10,0.09298445675574099,3.44998365784787e-10,0.0916747105870825,2.4331209907102417e-10,0.0725187405835857,0.1252793369369711,0.1425871677233652,0.08965319465124338,0.07445161013141864,0.11849801056065692,0.08725508587515299,0.1223387565840968,0.12365226409525473,0.08730074404897814,0.11650982117963911,0.09126768642044707,0.13531450905793216,0.10546225990565442,0.109950074403406,0.07787698398661834,0.10929706986803048,2.8714697747117623e-10,0.10975891748689626,3.178463405765973e-10,0.10529135768621758,2.4927326766687597e-10,0.10287654821790496,2.977608603513039e-10,0.10064659704092732,4.2734783874059505e-10,0.12299551033967576,3.3879361094140855e-10,0.10190528261430862,0.07362957307071247,0.057877872379508984,0.10310359122166662,0.08355425424324851,0.10918061368832237,0.12296219863929286,0.1442076982098954,0.12614852022454426,0.1348531666259178,0.133905167939059,0.09696320965579701,0.0857760840229364,0.10367958963655642,0.12851119525596705,0.08596099221749927,0.08630372371681094,2.17164584242186e-10,0.08348409743231167,3.1595300924594613e-10,0.11608339930503468,2.424798551091866e-10,0.11607140616380762,3.053303186698893e-10,0.10111387520670842,4.963626611116041e-10,0.13517810921721984,5.083704737007014e-10,0.1343791672824884,0.3932932404235933,0.11474402129752428,0.3650085179794199,0.3114236917758045,0.3769676849076506,0.3389302670969798,0.33865576166192185,0.4081706550448284,0.3921819598835996,0.40729956950549384,0.35413515953138586,0.3229413568409974,0.37553744896822777,0.4227220273778341,0.37348441575783986,0.38942390363088325,7.670879616714575e-10,0.31025766464145416,1.1010079823351125e-09,0.37853935708767306,8.114502542711664e-10,0.35794897600231523,1.1779084164835813e-09,0.39029194893369623,1.2077608421110722e-09,0.3734132083533751,1.4842562499602654e-09,0.3997407646945467,0.3099146305659521,0.10708247077006233,0.3369652761184046,0.19092406336989717,0.33210318988016885,0.31035328675577945,0.293938568878156,0.25953835412713805,0.32282845575863267,0.2600836338915082,0.34639002723364487,0.21847505871023218,0.330481880072188,0.27673480934114364,0.3510330405952991,0.3016027582430766,6.879164979784144e-10,0.2516252544613656,9.488209337459127e-10,0.31241829151232,7.184143802119595e-10,0.32122823831797415,1.034248141913661e-09,0.31496312206292687,1.0126426891423855e-09,0.276738461502647,1.197358366225905e-09,0.2914560448250704
P016,S2_7,Sucralose,7,1,0.10084737136015108,0.7213002136399387,0.1297509932241038,0.16567543802213044,0.09605304837830138,0.14023145521102326,0.12103192237641326,0.19907210678701834,0.10417936868379288,0.12010055172611832,0.099577851152072,0.30982253227412376,0.06206032391031244,0.08389172286799963,0.11308528929088128,0.17562552924703762,7.336791257081229e-10,0.25449573327875324,2.335962665177322e-10,0.09555913759190918,2.4154776706660047e-10,0.11814225179466231,2.7145186098362615e-10,0.10866571632905775,4.448135552350142e-10,0.1600520145817158,3.804879198890196e-10,0.11213996020495559,0.07485616318829844,0.09301770239215588,0.08062027158724427,0.08381757764459073,0.08467597175277601,0.1057143792558933,0.07446529922072742,0.06912243324002625,0.08044248942609938,0.07854657795848825,0.08808968097006868,0.0760737980309416,0.08411746155489137,0.08593997251667053,0.05851700942769472,0.09490491669259542,2.3057494170081772e-10,0.08274586563554993,2.5131429736167317e-10,0.09011194627005781,2.0753673124421512e-10,0.09519517550433465,2.302229970602617e-10,0.08086984004796301,2.5580823900719543e-10,0.07179386623037684,2.8970314653421385e-10,0.07949453369229381,0.07881372049930566,0.024455535080751885,0.08827188191213488,0.08174393375286629,0.08661530315224424,0.08675230269989276,0.12172926525427707,0.09454000719070091,0.10298714478059723,0.11112294464307593,0.07891317022339157,0.054322750027986026,0.09292266542036669,0.10847893262069601,0.10218554948336755,0.06893529792299279,1.761026983515436e-10,0.0677534985827394,2.6853266364675287e-10,0.09369230097329992,2.058408723704584e-10,0.0866838029260685,2.9573488570543417e-10,0.09313061136185577,4.1199354657148265e-10,0.10813463622248899,3.739409995462981e-10,0.10705504471183658,0.424186027971402,0.06851844768632874,0.3744843098296926,0.4130480753236785,0.3576981577805547,0.38528075426154507,0.35035795938146486,0.3568880396265272,0.40281710699117945,0.39647285220924083,0.3865526853759264,0.32513022444677814,0.39917013863579126,0.40027500769600505,0.40818816805928615,0.36316674506546653,8.319908746358092e-10,0.33198662843896776,1.127810779278544e-09,0.385606014593474,8.58216159324714e-10,0.3714894560210499,1.2314160495545182e-09,0.39270001486413725,1.214176346612491e-09,0.353622999503996,1.4516016164336877e-09,0.39964497960021017,0.32129671698084317,0.09270810120082518,0.3268725434468248,0.2557149752567335,0.374957518936123,0.2820211085716458,0.3324155537671176,0.28037741315572673,0.3095738901183313,0.293757073463077,0.3468666122785417,0.2346506952201701,0.36172941047863866,0.32141436429862846,0.3180239837387697,0.29736751107190734,7.212792085611753e-10,0.26301827406398975,1.056607597029368e-09,0.33503060057125894,8.628768708419054e-10,0.3284893137538844,1.042335452220491e-09,0.32463381739698605,1.1324988753428786e-09,0.3063964834614222,1.1124328308330073e-09,0.3016654817907042
P016,S2_12,Sucralose,12,1,0.21868026862666062,0.7012745889769605,0.13819510084570544,0.16797360232784397,0.11685127844832474,0.2994300862711067,0.11065605478796728,0.196617019432331,0.10225534981465563,0.12873410996702842,0.11982983990872909,0.30567865602532895,0.05812026505885114,0.08169156161311208,0.10644521178332557,0.2499026557942669,8.415639532550498e-10,0.27527200945187147,3.117827410262142e-10,0.13902329784784867,3.8084929247733586e-10,0.20814068235971572,2.723587777061339e-10,0.12403992356238892,4.821319353265649e-10,0.15363653711014913,4.097171627143699e-10,0.11549472989084203,0.0750804171529682,0.10735318658310192,0.06276913383206872,0.07557586916901923,0.08216367216602445,0.1969369107130548,0.08350183560211519,0.09200993241121853,0.07532627261485939,0.07201058945632047,0.09270459179601481,0.058249407868967006,0.09517309816943643,0.09296757314656813,0.07068006640340312,0.07451820338932044,2.3492686785554357e-10,0.07862210106702332,3.210619703245972e-10,0.11681031354877096,2.60491788027484e-10,0.13955029143953962,2.752490219646738e-10,0.08333473527718202,3.4352095425587564e-10,0.08775588400666687,2.95578271081373e-10,0.07366843103558993,0.0751617084338244,0.05123690316273195,0.10049512330645806,0.0718303914964452,0.0883171685278039,0.1027981985527181,0.09724361458593817,0.10831328534206316,0.09323510205077232,0.10127008885760268,0.0953454408565559,0.08247214294746982,0.11184166398034034,0.11003587243930153,0.09983457512697477,0.08244271340092268,2.0807861624359688e-10,0.07942361836724755,3.3517321398004944e-10,0.10324822587504097,2.2157067310359345e-10,0.09555768354026101,3.3969732701845506e-10,0.10103870623688482,4.0047202649085015e-10,0.10277844996400066,3.6917084777156787e-10,0.09725259545418749,0.38860980795546174,0.07487867219519549,0.3399067792136859,0.407533554054513,0.3974721609227452,0.2353334274527265,0.41425569234931703,0.35595532905792554,0.3488292409720892,0.39392147937994426,0.41094122038187336,0.3397250078838482,0.4025583806430047,0.4248724088224745,0.3607404805685743,0.33799656584783916,7.895573411703105e-10,0.32693250694742965,1.2508404302168932e-09,0.3650590944602377,8.752038671232905e-10,0.31640279418773587,1.2368401972914609e-09,0.38154195897047316,1.6680188191133595e-09,0.3851055107036213,1.385322825939329e-09,0.37137536017601674,0.24246779783108494,0.06525664908201,0.358633862802082,0.27708658295217814,0.315195719935102,0.16550137701039333,0.2943428026746622,0.2471044337564617,0.3803540345476233,0.30406373233910494,0.2811789070568268,0.21387478527438597,0.3323065921483675,0.2904325839785435,0.36229966611772213,0.2551398615676508,5.795275222598911e-10,0.239749764166428,1.0009815841273477e-09,0.2758590682681016,6.827051153257291e-10,0.24034854847274767,1.0704591814477986e-09,0.31004467595307095,1.1830902101190214e-09,0.27072361821556196,1.4762185132888454e-09,0.3422088834433641
P016,S2_7,Sucralose,7,2,0.17834708159360751,0.7875489196261994,0.13587670276171013,0.20759950983126985,0.09019774259212517,0.1761768150035574,0.09720798118946725,0.06960192160761514,0.09745348478868762,0.09778002463122538,0.1361628169244507,0.46525091383629474,0.17751489106207335,0.0821870855026069,0.12214412112071193,0.20053273230782456,5.309898890185907e-10,0.3184643240955887,3.704257137062759e-10,0.1315191335400907,1.8932807667589771e-10,0.13318727879784129,4.0214488243259605e-10,0.1455947074983042,3.5196930611524464e-10,0.08340495139854119,3.301138328391571e-10,0.09761675470995651,0.07812047505320155,0.051684306679708754,0.06478804565390414,0.07733382359299733,0.07359444026967703,0.0631588255561938,0.08448355226667881,0.10536146270451797,0.08933717720444237,0.11804530645752108,0.1026206002093416,0.04218955469854979,0.11730746101034824,0.09255986097280022,0.07462025215098217,0.06025720031695549,1.3968588313736137e-10,0.0694561343146172,2.583698399151683e-10,0.08665514695225482,1.3502498572900326e-10,0.06837663291293541,2.617813154901541e-10,0.08618619361277152,3.1978582751287844e-10,0.09492250748559838,3.108493851384236e-10,0.10369124183098172,0.08429600286159072,0.022958911052179086,0.1134308627933296,0.11639134925540592,0.1310394135587366,0.11391521008675437,0.12482815217199487,0.14544352975679586,0.11206493302835849,0.13403985068734042,0.08889196322646599,0.06699283177561319,0.09634821016388469,0.10999863254081874,0.09528160068078576,0.08793937448734071,1.4468918624180475e-10,0.08216032016076409,2.848049695217378e-10,0.1128253665875486,2.40771966838069e-10,0.12247731182274549,2.56091369920308e-10,0.09739195446820748,4.693302139598886e-10,0.13513584096439538,3.858649999912892e-10,0.12305239185784946,0.39573179171886763,0.08278960092218675,0.38539811575540744,0.32909986892557946,0.41206989546017525,0.39560391993999805,0.3774315078757832,0.387595110803603,0.39069701942299684,0.37405300261224206,0.37196048654898395,0.2573887328022183,0.33642975982205525,0.3845693599298039,0.3812667776106231,0.3740124118522902,5.7274829971945e-10,0.3037280994455405,9.573077553562807e-10,0.3821682337880081,7.661612046771469e-10,0.4038369077000866,9.432858924140003e-10,0.3690695773036931,1.4029227826969334e-09,0.3825133093396931,1.3182464753617856e-09,0.38237501101761945,0.26350464877273233,0.05501826171972538,0.30050627303564853,0.2695754483947473,0.2930985081192864,0.25114522941349654,0.31604880649607586,0.2919979751274685,0.310447385555515,0.27608181561167067,0.3003641330907577,0.1681779668873241,0.27239967794163894,0.3306850610539701,0.32668724843689745,0.27725828103558914,4.318481356832572e-10,0.2261911219834892,7.381221283672921e-10,0.286832119132098,5.376582028152879e-10,0.27212186876639144,7.811563388610405e-10,0.30175756711702395,1.1646827466759102e-09,0.3040233908117722,1.0413537131510483e-09,0.2932646005835928
P016,S2_12,Sucralose,12,2,0.1486886564619482,0.7077858406869127,0.17633699618599935,0.2316571112202705,0.06470809715316503,0.2831194038906029,0.10824330113262985,0.1991758614803075,0.11409983473340334,0.21707430279306564,0.11361642975311295,0.3175970200734764,0.14706160451337627,0.19266800117629812,0.1591401784893009,0.35629168245356857,8.518529598428495e-10,0.2826136757302867,4.428433435997992e-10,0.17188927668336057,2.75592635728402e-10,0.17391375052188396,5.509692729094745e-10,0.21379036665813594,4.741856360756848e-10,0.15370958130646867,4.726556542312889e-10,0.16558706876323448,0.10923535435329451,0.10255833482878118,0.08495523039394234,0.11885886756263361,0.09207917276749368,0.11739024880091649,0.1402970392181832,0.09496361604666821,0.09330833887214109,0.06928560928285304,0.09728081799088079,0.11047243102736004,0.08636391689995118,0.10584134860329016,0.09116938552420326,0.10976985910621104,2.8486714205933076e-10,0.10389350602614876,3.014720351296256e-10,0.10041867176791287,2.5020221115928184e-10,0.10473471078420508,2.9836254100183446e-10,0.09828612753341393,5.374878722672449e-10,0.1176303276324257,3.376316008100961e-10,0.08129697407749706,0.08655376432185387,0.05361764435096599,0.09897585402024281,0.17489588537225859,0.09518277469192332,0.09023203932262595,0.11009618658553777,0.0991541029878463,0.09667345586496083,0.09200769196706832,0.11472243408231171,0.14014368150325504,0.10743661103837772,0.10431203759920842,0.10581372992952906,0.07294865181163174,2.765218839451069e-10,0.11148487727514801,3.306071268999935e-10,0.09929086566303386,2.43162924645601e-10,0.09270740700727464,3.397073837869998e-10,0.09762775759468674,4.334264106246303e-10,0.10462514478669203,3.589442920803052e-10,0.09434057391601458,0.3621228609794078,0.05976774791100879,0.32778493553317023,0.20517413204929155,0.36201733933823416,0.26252171076513314,0.34466155431826867,0.34640903283873997,0.37944244099129926,0.32713980107749513,0.38401839469844856,0.19549944988270618,0.3570974397393668,0.30993649688713454,0.32110774436545353,0.20456545023969444,7.377390924025782e-10,0.2557279201756722,1.1231698936321324e-09,0.32289324668246716,8.847308898359534e-10,0.31226952505168365,1.0740117413162511e-09,0.2981767828079123,1.3738755844534171e-09,0.3455352935785043,1.3934978308992982e-09,0.3532911210343972,0.2933993638834958,0.07627043222233192,0.31194698386664527,0.26941400379554586,0.3860126160491838,0.2467365972207215,0.29670191874538054,0.2602973866464375,0.31647592953819575,0.2944925948795174,0.2903619234752463,0.23628741751320254,0.30204042780892815,0.2872421157340691,0.32276896169151353,0.25642435638889516,6.587183256893585e-10,0.24628002079274466,1.048794628471881e-09,0.3055079392032256,9.26870494749252e-10,0.31637460663495265,9.90774524532851e-10,0.29211896540585147,1.164787116439066e-09,0.27849965269590904,1.1720302303903647e-09,0.3054842622088566
P016,S2_5,Sucralose,5,2,0.2895519194118445,0.7832704180387257,0.3000330772029622,0.6176121515019862,0.08574012851636671,0.44921195219715887,0.5831473838120256,0.5006026464730258,0.16628526735624416,0.5915472755882442,0.15882982546364888,0.5219316235581626,0.16175376319931795,0.36194297862834846,0.1179594604536989,0.5116198187135332,1.8896176381107937e-09,0.44520483586288834,6.225236557051132e-10,0.26466220563529796,6.027720209740033e-10,0.2674760403567628,6.850314014714876e-10,0.2883190052487246,5.0519385817078386e-09,0.5418750151425257,1.0234256777806906e-09,0.37891627147224416,0.16093754782062092,0.09639744451091475,0.12288909022637523,0.07445840563703286,0.11497513611577806,0.15736505190149946,0.0557570202902792,0.11590374944241207,0.1423136241596996,0.107293210540204,0.08831994434740258,0.12115529384776252,0.07975498534108351,0.11555066783557535,0.09871292982013867,0.11806120121573929,4.2900279306452626e-10,0.11069295439835147,3.3008918696022856e-10,0.11691146029848411,3.9552333962548357e-10,0.13617009400863878,3.1877789994034426e-10,0.10301994605313422,5.303348078199154e-10,0.08583038486634563,5.477247322871696e-10,0.12480341734995179,0.11594985689869185,0.03534381985477832,0.11821262208311141,0.03321040365693945,0.09970630561907402,0.07778956862843674,0.05071672745801129,0.05506912428074054,0.0878846625760048,0.051190686688167716,0.0933578236688492,0.06654613893324063,0.09371672364057435,0.04270371466452804,0.12373521607144455,0.057533404821393117,2.868781750852085e-10,0.0771034441826018,2.612907373312725e-10,0.07847907813815329,2.885709441403168e-10,0.08874793712375538,3.1627573707420873e-10,0.07942226479948503,4.4738686582651555e-10,0.05289292586937591,3.2584996360775015e-10,0.06953767463208627,0.2316610449403157,0.031503746319861366,0.2846156543521281,0.1133516905075247,0.38032095767065527,0.1393287256140531,0.17351143778179712,0.13399397329348572,0.30733979246159643,0.1130210589921463,0.36363635496713115,0.15159525328535983,0.3412191749245471,0.1446918254734338,0.31113034420195096,0.13760704641282276,7.047246468895159e-10,0.1960606240620535,8.989187479930088e-10,0.25139017092067234,9.547378756886282e-10,0.2598248416423542,9.199242500452247e-10,0.23366209775318864,1.492771484258803e-09,0.15375270553764142,1.0852403246845387e-09,0.21018042572687137,0.20189963092852722,0.05348457127571978,0.17424955613542326,0.16136734869651684,0.31925747207812527,0.17630470165885134,0.13686743065788667,0.19443050651033583,0.29617665344645505,0.13694776819123783,0.29585605155296785,0.13877169037547504,0.3235553528944768,0.3351108133981141,0.3484620494527672,0.17517852883651208,6.173003744732759e-10,0.170938141494105,9.098116631251995e-10,0.28855708500739186,8.564943234385196e-10,0.24778108686848832,1.0477567216504763e-09,0.2955766861454675,1.2391981123415633e-09,0.16564896858411127,1.068879019766814e-09,0.21656221081884644
P016,S1_5,Sucrose,5,2,0.059070497556888944,0.7778655728684486,0.10915506614345533,0.20703308542920143,0.072374367906611,0.24063640328536737,0.06979087119667805,0.08829039948823056,0.07809956273166237,0.08803664754164278,0.07768962472143738,0.08090483860766935,0.0975687184680322,0.06738704572414123,0.07428166652075646,0.14208948680622577,5.732800726005079e-10,0.2186197808878502,2.778538835317305e-10,0.11949163384603795,2.390982972042941e-10,0.1565053855959892,2.376802620345882e-10,0.09533172937978891,3.468909179522013e-10,0.07904063534245431,2.48022129096834e-10,0.08306810513665258,0.07548128815627585,0.07130697505711693,0.059336868270507465,0.09438070238038111,0.09925849203050245,0.0772271865030559,0.08873107166874775,0.10135716817865756,0.09224412401271458,0.13302202518668543,0.06477621189195353,0.08921332870355175,0.09591027228714463,0.10603496745488675,0.07429144741065254,0.07885214019610028,1.489565513277775e-10,0.0757492290766311,2.718019244915013e-10,0.09460772956889743,2.1628255521766742e-10,0.08824283926677917,2.360600450229376e-10,0.08877220683719604,4.3837654150973354e-10,0.09504411992370265,3.010949702949147e-10,0.11263307459970001,0.08405478940025075,0.027395919025884462,0.08301132256335672,0.08255199709583412,0.09967690309586212,0.12707508465252976,0.13552575154890065,0.0993033811814931,0.11700815244321096,0.10613598877295011,0.08716018916266359,0.09914014476794729,0.11413669378548491,0.10018883425673654,0.10722483324168647,0.09763993535721661,1.5001371742569927e-10,0.07721906033598949,3.090365510842355e-10,0.11026937894765333,2.3906262711230455e-10,0.11337599387419595,2.922136061135183e-10,0.10479757416028113,6.560361554326993e-10,0.11741456636519687,3.6435236498462745e-10,0.11157207060808053,0.43609175743526696,0.06258514698326667,0.4175782008454695,0.3600355044942453,0.39957263995468767,0.29189165173059806,0.38551702931098386,0.4732606458475939,0.3686266287862171,0.44602809417238576,0.359252371242319,0.4028226186743092,0.3803983475697433,0.4579202444880651,0.4100696008262944,0.36644082328438077,6.49190191965443e-10,0.33972759994581275,1.0878025828799127e-09,0.38244572093577356,8.622752230420054e-10,0.3457321458426429,1.0486917543797358e-09,0.4037072540421209,1.912665801345417e-09,0.4293888375792889,1.1792169384900244e-09,0.40732736147930143,0.3453016674513178,0.060846386065283996,0.3309185421772108,0.25599871060033774,0.32911759701233684,0.26316967382844897,0.32043527627468943,0.23778840530402442,0.3440215320261951,0.226777244326336,0.4111216029816261,0.3279190692465225,0.31198596788959526,0.2684689080761704,0.33413245200060976,0.31497761435607663,6.06988136743174e-10,0.2886843297537165,8.770502772198423e-10,0.2931855367016379,7.202780415301483e-10,0.2961436354203929,8.381528628822994e-10,0.307391235580613,1.5518535946023809e-09,0.2791118407893569,1.04730747410878e-09,0.28539938817626553
P016,H2O,Water,0,2,0.07200895853757071,0.740771997688707,0.08461293580450968,0.16711550180367157,0.07505895480941359,0.2224795034155713,0.10312005264846816,0.10445437539867582,0.08886646323041984,0.12618842230291188,0.08933515709905701,0.1953268910720682,0.09966584890617025,0.08922859093211845,0.13183881605223086,0.2673968431717181,5.101541606692531e-10,0.2248619070009307,3.232749608391904e-10,0.1216082245158184,2.607255684169316e-10,0.14876922911249243,4.339957636959923e-10,0.1470325247655594,4.824599537729735e-10,0.103787214023572,3.598658746026399e-10,0.10752744276666587,0.07546543748161627,0.06424657618636115,0.09933755292933974,0.10544961921655238,0.08834996149167486,0.12243782142774035,0.10340828575768704,0.11560974552227811,0.10645033146386754,0.12187737464275397,0.08882026356183816,0.11073959256819917,0.06070043469699681,0.11801829819928822,0.09385794625884725,0.08783621228275124,2.3747669516077207e-10,0.09067650699065115,2.5490938130919073e-10,0.09737662895392506,2.50216367504927e-10,0.1053938914597076,2.873275951469997e-10,0.09010322285947088,4.866645602062521e-10,0.10950901563998258,4.231567593175459e-10,0.11416385305331075,0.12513723537526344,0.02527017923503208,0.12252176341265379,0.109979588683771,0.11983397848179614,0.08049144157796989,0.08425197440025627,0.1145261893715891,0.08313469056981576,0.11268113784452596,0.11789753007281636,0.08153621516503966,0.12284488170272172,0.0996866337314568,0.0984985880330121,0.06621997894072862,2.9348170619675023e-10,0.09705708532409606,3.8808602761729513e-10,0.10571423387348614,3.045976033606531e-10,0.10016271002988301,3.975310995977037e-10,0.09681252060197981,4.018560140109055e-10,0.09938908188592269,3.3520377419005727e-10,0.09790791420717086,0.40743547489669396,0.09063246573556034,0.4139638040513343,0.36107545512977307,0.36671737130039905,0.3028571651211407,0.3902683188505094,0.38392727092817724,0.39159315881751816,0.3610795259970472,0.3767476694022378,0.34671034306796433,0.3915390613446498,0.3925343254544329,0.35118788278434343,0.28961400733635073,9.650840009376423e-10,0.3327608687139273,1.2435351102454826e-09,0.3634119808051556,9.551135272409598e-10,0.3347872682107699,1.3500232335629748e-09,0.3562188192299442,1.8229239639353637e-09,0.3870977948893433,1.5330540049799567e-09,0.37633634240728264,0.3199528937088557,0.07907878115433946,0.2795639438021625,0.25637983516623214,0.35003973391671694,0.27173406845757825,0.3189513683430793,0.28148241877928,0.3299553559183788,0.2781735392127608,0.32719937986405084,0.2656869581267285,0.3252497733494614,0.3005321516827042,0.32461676687156604,0.28893295826845183,7.812823982101183e-10,0.25464363197039486,1.0836686819488013e-09,0.3118889318516152,9.046245715794193e-10,0.31088690118714757,1.1741327951673458e-09,0.3098329125430459,1.4813176189414532e-09,0.30021689356117964,1.2846994150139534e-09,0.30406444756556983
P016,S1_7,Sucrose,7,2,0.26239723382234836,0.7685459928856345,0.1288173271525358,0.3877703514631841,0.08974966666073073,0.3457751533748073,0.07737611511061405,0.2714880352873388,0.11361462356845711,0.37607508375124366,0.1019757631759798,0.5461946083613197,0.3119274179970981,0.16015142667717916,0.12145442869924405,0.49911773244705315,9.179725980363214e-10,0.36595021281016704,8.479299768555305e-10,0.22690091617745384,3.4624793040529575e-10,0.21776241001776903,8.877758957284008e-10,0.2731627514551436,4.858682396134706e-10,0.1744320751989764,5.484972740067044e-10,0.24484485365985037,0.06844046413138484,0.06457796181383801,0.054729736240410595,0.07656585118948285,0.08999348957422813,0.08755687708233656,0.1070461794366704,0.10466106532064537,0.05727921407170596,0.07627105188421614,0.0888885547436602,0.0754536968828551,0.08811172314532756,0.09354654094009876,0.10703514278545008,0.08435122661790292,1.8113298433402697e-10,0.07144271083360526,3.209619808378926e-10,0.08980215768549775,2.4247627324890437e-10,0.08877518332828235,3.1361978413220665e-10,0.09326115837219484,5.89045298628675e-10,0.10585362237865789,2.3664365539575124e-10,0.06677513297796105,0.05847601651097821,0.03495212727729352,0.11068094763248025,0.06506820769728197,0.09906753213073276,0.09547422221579226,0.09762241484434928,0.08417636512078598,0.10817829640488051,0.07552850269152396,0.09622411631977074,0.05060939907284574,0.08636582289317316,0.12039091583732404,0.09470429473386115,0.06003435828207074,1.714786380213917e-10,0.06933513575177506,3.344556458477606e-10,0.10032462326925556,2.6655705924737756e-10,0.09727087717326251,2.9892158751829333e-10,0.09037384793660727,5.337306552404126e-10,0.09089938998256764,4.228151658548609e-10,0.09185339954820224,0.3422010608863642,0.057902158620124336,0.37215830318962556,0.23858056048465195,0.39353831200801953,0.28527320487185753,0.4280261119502215,0.3157255553007431,0.4168607182323286,0.266710402008583,0.41335704974189963,0.16998765895715778,0.30867622357286517,0.31705308409674315,0.33851827253908806,0.19660481383654005,6.794842741493873e-10,0.2656977986466373,1.208120037314876e-09,0.32613520613737135,1.0209009244428218e-09,0.33940575843993853,1.0433215886895818e-09,0.2902130985113091,2.323777101432401e-09,0.37187583362548227,1.6207369197620605e-09,0.3417855601204558,0.2684852246489242,0.07402175940310947,0.33361368578494777,0.2320150291653992,0.32765099962628846,0.18592054245520656,0.28992917865814544,0.22394897897048704,0.3040671477226277,0.2054149596644336,0.29955451601868965,0.1577546367258219,0.2049188123915361,0.3088580324486547,0.3382878612423566,0.15989186881643314,5.582710204542988e-10,0.22757414195781536,8.962721261371826e-10,0.25683709673042143,8.291333250265737e-10,0.2567857710407475,8.19529841687216e-10,0.2529891437247451,1.5771366803301517e-09,0.2569390788143162,1.1860259324075497e-09,0.2547410536935307
P016,S1_12,Sucrose,12,2,0.14794996298453142,0.7494559263741306,0.08405946268740679,0.19586022055068272,0.054961494702951,0.6030059196448486,0.11169373929864422,0.11165617727915322,0.09225930531244521,0.41118912330958707,0.09742827299754861,0.1874620064618316,0.1224671911472173,0.0721026285017197,0.07743392374852548,0.28290468481332703,5.708038392720233e-10,0.2437026420093553,6.845457737698521e-10,0.21313430849918416,9.324672301580437e-10,0.3289837071738998,3.3591227595593033e-10,0.13872710705269736,5.922989819462043e-10,0.11167495828889873,4.828962390625624e-10,0.25172421431101616,0.07552980558630872,0.03763400615354885,0.08304190810082912,0.08121430479723156,0.10206050077187823,0.08092579442773286,0.08001112216012017,0.07830672667248186,0.07247486896964551,0.07961283023677158,0.06967153056016812,0.06984565787384124,0.04815678892323973,0.07467680969947077,0.09066414733759569,0.07855220375814037,1.586146144802113e-10,0.06948953551198793,2.671589781094957e-10,0.07645497345558039,3.444834441720749e-10,0.09149314759980554,1.860193099403878e-10,0.07301248742961164,4.238034370272847e-10,0.07915892441630101,2.761983122370459e-10,0.07604384960320855,0.07846897692729224,0.024282692373278236,0.08099490212577909,0.08808078771900926,0.11662346483156645,0.05097273054641016,0.13534400954441697,0.10423706550372075,0.07022518518622008,0.0749498925619211,0.10818330704295405,0.13439975220295033,0.09474854261418494,0.11318864054826885,0.12590799273968326,0.08697801049478497,1.962614369617568e-10,0.08573506973187721,3.492553858470714e-10,0.0938833446351076,3.3822556811168324e-10,0.0837980976889883,3.025821121212384e-10,0.1052057965992305,7.08709170633856e-10,0.11979053752406886,2.66696116461602e-10,0.07258753887407059,0.4159999968592136,0.10679032768727764,0.42384001899528934,0.3522878334835249,0.38510092291996595,0.1302749095379926,0.4259445778739564,0.4230542382638844,0.4092183111032865,0.24467183321552946,0.35939207443086973,0.3407384889201779,0.4046094522474799,0.41553355145230536,0.3449755482087459,0.2988086610738492,7.79985091689064e-10,0.3331747900627255,1.2890182696593175e-09,0.333879709039436,1.066056738041266e-09,0.25768791622897924,1.1026167141185034e-09,0.36598180324559504,2.25793847399917e-09,0.4244994080689204,1.4727037477982382e-09,0.326945072159408,0.28205125764265443,0.08183704741176459,0.32806370809069574,0.28255685344955117,0.3412536167736381,0.13482064584301637,0.2470065511228627,0.28274579228076013,0.35582232942840286,0.18957632067619043,0.36532481496845925,0.2675540945411985,0.33001802506787786,0.3244983697982357,0.3610183879654496,0.25275643985989804,6.633191661430387e-10,0.2678979626840539,1.0990697029314447e-09,0.282647664370692,9.705511835768371e-10,0.2380371313083272,9.654872765888714e-10,0.31707280567286533,1.3202317739963516e-09,0.26487617170181144,1.2707225102810645e-09,0.27269932505229666
P017,S1_12,Sucrose,12,1,0.19683218373886374,0.30590840025895316,0.16751327403350574,0.31178186051058426,0.15477000735028892,0.25404901317447226,0.13460888422892311,0.3135057252134669,0.11314000030202846,0.25083004888984667,0.12832645559136158,0.2673025388422895,0.15242199267320458,0.33178829133253424,0.23307390540130182,0.276653827250666,2.9977070573268317e-10,0.2296107854959263,6.52170657223247e-10,0.223257326132625,5.866622828299079e-10,0.20440951026238058,8.17345136609636e-10,0.24848450416442666,5.763835500533791e-10,0.224057304721195,4.818623875603802e-10,0.18198502459593757,0.0935145180058481,0.18163146901355406,0.09057822176949362,0.10981229896671506,0.11342118549733156,0.12133121144140561,0.06832043756033122,0.1189588701050088,0.10503050515552781,0.1269800072278284,0.10148857753830036,0.11072676481887346,0.07376432127196617,0.12079639882499268,0.07381340739079033,0.11743584446947478,1.8729502011970848e-10,0.11462530835213076,3.724937499744058e-10,0.107328279258924,4.1169471490132425e-10,0.11737619846936859,3.159307581931078e-10,0.096452492989306,2.792198501485801e-10,0.09363965383267,4.162408646577279e-10,0.1160052561916781,0.10016230962286715,0.06767812653707897,0.09726906527748962,0.07965379345787119,0.1097272068510709,0.08391420259387512,0.10206320878899128,0.0722326601957286,0.12036181303558577,0.08921524420208961,0.0964635859457359,0.08961285678667408,0.10188465863846033,0.08219766962714459,0.10447830787602572,0.08450249756937413,1.7073595000966726e-10,0.08847328960461948,4.096866860345168e-10,0.09443093442763774,3.8887660668959103e-10,0.096820704722473,4.15376430512866e-10,0.09326578342775119,3.8213331112377663e-10,0.08714793449235994,4.604701872091964e-10,0.1047885286188377,0.343607635592318,0.23673003027381598,0.34951222715364316,0.2600830102206143,0.3258874815719329,0.2814315469679327,0.35420943441296454,0.2634522542178341,0.37464405684260677,0.2902684030300676,0.34743186846799,0.27559141438062484,0.3547950636879098,0.24708267463893252,0.3128414176740484,0.2678377148852888,6.030540860876152e-10,0.30215936434816776,1.3246650064644975e-09,0.30229919171667696,1.164011526272003e-09,0.3036595142699328,1.3439317251743772e-09,0.2956392177215449,1.3304261724174035e-09,0.3088308443153993,1.4369732582894868e-09,0.33245622993633717,0.26588335304010324,0.2080519739165983,0.2951272117658674,0.23866903684421517,0.29619411872937595,0.2592740258223146,0.3407980350087902,0.23185049026796162,0.2868236246642513,0.24270629665016763,0.326289512456612,0.2567664251715378,0.3171339637284591,0.21813496557639578,0.2757929616578341,0.25357011582519606,5.442701247257103e-10,0.2651312521991556,1.1928131969080815e-09,0.2726842684641364,1.058932139205936e-09,0.2777340722758453,1.1957998475887796e-09,0.26615800169697124,1.2728781622890996e-09,0.2863242626383759,1.1061446561946058e-09,0.26476496065720945
P017,S2_5,Sucralose,5,1,0.3008491173882075,0.3074291986337151,0.20619857501572755,0.26829752844756816,0.09860931347099794,0.19675352844858388,0.16579194125143745,0.2588533382349612,0.12625536904348414,0.25641838374476855,0.12849019670196596,0.25161725702777754,0.13148525553676882,0.29730218288636234,0.14390676758971876,0.22537424800952485,2.419318358171795e-10,0.24381364553582696,3.7313465411740634e-10,0.18103757008567825,2.6326008653888624e-10,0.14768142095979092,4.890519362242691e-10,0.1995171135055937,5.056180444461176e-10,0.21232263974319932,4.0400873906088087e-10,0.19133687639412633,0.0692649588671348,0.06512371313304573,0.10499224084070706,0.06949726712526512,0.0658313116702262,0.09162493325238613,0.07198307999573865,0.055397687693548546,0.06409377173473257,0.056628393734526015,0.07163428355171944,0.07468995703493789,0.059370553202440335,0.07886864275902063,0.05944604446852309,0.06086241894514843,9.984597285700899e-11,0.075867070092135,1.8565766508417576e-10,0.07392386022101832,1.6754590524686754e-10,0.07872812246130617,2.0102355199968425e-10,0.06463691484378312,2.055795475338155e-10,0.0636903838446436,1.881014327992657e-10,0.0603610827346293,0.08297668715435223,0.0738119736815193,0.09000436264685398,0.07460236058816712,0.09619471100947623,0.08061667451117639,0.08567510359895769,0.07635804925351677,0.1168992184401609,0.08772884484910545,0.13328803411226187,0.08582664991936184,0.08646836799132666,0.07226027035895116,0.07860080676696901,0.07993469425453141,1.5217577580452358e-10,0.0900850113504194,2.597851260975057e-10,0.08388500596773261,2.338203386923646e-10,0.08840569276032631,2.739062589639769e-10,0.07931603484294457,2.4723420044089913e-10,0.08101657642623723,3.3947972746319297e-10,0.10231403164463318,0.2805598233334157,0.26623700661502986,0.3102147127754581,0.2850800395756352,0.3915707933652889,0.2899547122900798,0.3794679538540553,0.31266421160141133,0.3832613321217875,0.3172496211853219,0.35124500424032007,0.2933201805727349,0.40558100821839693,0.23828602639137597,0.43292651953949124,0.32988509592630255,4.3746352753378656e-10,0.297776127852099,1.129085330257262e-09,0.3313481350662854,9.43899333185586e-10,0.3407627528276843,1.368161769212776e-09,0.35166966251889165,1.088787420712246e-09,0.3460660827277333,1.1198511339972141e-09,0.3502554766535547,0.26634941325688977,0.28739810793669096,0.2885901087212533,0.30252280426336436,0.34779387048401084,0.3410501514977738,0.297081921299811,0.2967267132165622,0.30949030865983457,0.2819747564862788,0.31534248139373255,0.29454595544518775,0.3170948150510673,0.3132828776042897,0.2851198616352983,0.30394354286449277,4.0496459973150026e-10,0.2924581451695198,9.580065865660041e-10,0.3298054286592854,8.556227817981847e-10,0.3444220109908923,1.0068570742421548e-09,0.30486027428878704,8.651148681118834e-10,0.29690431725818656,9.102592023244961e-10,0.29573253257305665
P017,S1_7,Sucrose,7,1,0.22130290830347926,0.418488712668798,0.2897390042414727,0.3010429168969566,0.09378838966884862,0.21746790475459912,0.15699050030274092,0.2975481529814162,0.19439845561130614,0.28777734662086324,0.15204729443261333,0.25911064530554173,0.15753469268291767,0.35149466306543037,0.14914118188629963,0.2336930318542162,3.259148170012286e-10,0.273621913641477,4.980460074896684e-10,0.20507141254294894,3.3681156780871073e-10,0.15562814721172386,5.891376319784662e-10,0.22296589237221598,5.602465393662568e-10,0.22726932664207855,6.947234497408258e-10,0.2410879011160847,0.07799022658841093,0.08280045012046049,0.09394966092932619,0.09956757375275284,0.09260653272061493,0.1266656795925293,0.07507355662530035,0.08598808029857637,0.06828221004916792,0.08482984058369174,0.07963157849873316,0.12179473121123932,0.09752070640430185,0.11176143042904248,0.09142608940525715,0.09463486001256895,1.3519488996310347e-10,0.09262237018348714,3.4241591739657663e-10,0.10713858728662215,3.125509832951456e-10,0.10963610615657213,3.408301357227906e-10,0.09883577156279261,2.536362534934387e-10,0.08053081846193835,2.406580611815495e-10,0.07655602531642983,0.10357998740131699,0.07039315008120738,0.05145189572511778,0.07070018707760717,0.11023374261866925,0.09505713703616542,0.07856181949415919,0.06743464638670517,0.09599986620073998,0.08192574632589843,0.0982559988401088,0.07042188918972384,0.13187756546764334,0.07875712056015773,0.09891453416754956,0.08499313148059352,1.4314001807132376e-10,0.07746718471918031,4.1915122134003926e-10,0.10398139142065893,3.593787835357674e-10,0.10264543982741733,4.0525257514206984e-10,0.09863558791898602,2.5970367230812555e-10,0.07299823294043217,3.3062198288662916e-10,0.0889628062633192,0.28953683860195195,0.2273140322789029,0.2900485224166539,0.25830022813821185,0.3272625085866899,0.29583739034980605,0.36088550612611203,0.27901034865908153,0.346402561010638,0.3014586421534756,0.3596730392248351,0.29034590255433906,0.3591600199756932,0.23717554871793664,0.34736794921844355,0.31523436620494666,5.227709778669992e-10,0.28586976053581575,1.1910123535108574e-09,0.30485886690753145,1.070023967521854e-09,0.311549949468248,1.2397357651653964e-09,0.314734471029255,1.1851877938048038e-09,0.3199479273925968,1.194213310013202e-09,0.3239306015820568,0.3075900391048413,0.20100365485063107,0.27481091668742985,0.2703890941344715,0.37610882640517723,0.26497188826690027,0.3284886174516875,0.27001877167422095,0.2949169071281479,0.2440084243160709,0.3103920890037097,0.25832683173915627,0.25390701546944344,0.22081123722743282,0.31315024532245017,0.27144461044767487,4.754498641340808e-10,0.27041877092003996,1.0790964575930952e-09,0.2789497418422385,1.212680611593262e-09,0.32054035733603875,9.978411831685594e-10,0.26482827711675033,1.0828639763078693e-09,0.29925369456295425,1.0141016083301415e-09,0.2694626657221094
P017,S2_7,Sucralose,7,1,0.12013544843958963,0.3439278529944316,0.15521206404408674,0.3281719031807584,0.09888672728284043,0.2596546883422705,0.09353996852019676,0.2204900709403091,0.15727512684793596,0.21442162161174827,0.12064400898353077,0.27845254038716044,0.09715694843759495,0.21299891619566477,0.1502131631459124,0.18798072907238997,2.2161481207849082e-10,0.22442396967159295,2.792156114803986e-10,0.16717432006459265,2.5266352918194923e-10,0.17927070781255547,3.3914838796733607e-10,0.1620874392128905,3.0875340549127664e-10,0.15701501973025292,5.773603485682959e-10,0.18584837422984213,0.10397489558726306,0.1467520800980528,0.06931035651030486,0.16318423919912511,0.08966302097880359,0.1822556138071162,0.08784495558768561,0.1060051627842127,0.08782826145768931,0.11964650870655329,0.11621328579867327,0.17803951847415658,0.07040022032380323,0.10570284894078148,0.11166703000948841,0.14769215220743792,1.7244082030960697e-10,0.12957906261126262,2.171553527389542e-10,0.11200542601262613,2.212814003259563e-10,0.13595931739295988,2.454816575057047e-10,0.10886556287037777,2.715701680620072e-10,0.09692505918594915,3.224058876768703e-10,0.1037373850821213,0.13636380962096167,0.07790531064330247,0.08704821518634843,0.07886013361987226,0.11281955118009677,0.08562903770084167,0.11539222310290213,0.0883316549679844,0.09829858061927362,0.10202828180995731,0.07186618843712371,0.07266361109363532,0.07991224244547479,0.08706305437734851,0.1063647672608338,0.08678375177352797,1.2350644069083825e-10,0.08745121143354063,2.466757832644154e-10,0.09135597142594044,2.573135820643123e-10,0.09922429444046922,2.4699926653238616e-10,0.09003095396429626,3.4746900213767886e-10,0.10186193903544327,3.562733380532888e-10,0.10016343121461546,0.31594581842438485,0.21501162818563097,0.3674389822663296,0.23507546644271457,0.3977321203726834,0.25626957087127417,0.3440299986751641,0.27263515395173366,0.331286203771655,0.28575420575301613,0.381162294853084,0.25611444050057497,0.41568750059186105,0.29786353177939184,0.3428030392445668,0.2932552120385691,5.421323344838539e-10,0.29512477177878643,1.0505294024404023e-09,0.3418881809038026,9.004271135286248e-10,0.3270008456219788,1.0168588591328864e-09,0.33740232091359723,1.0376318309123467e-09,0.3083325763134489,1.1923893233579835e-09,0.30852020476233555,0.3235800279278007,0.2164031280785825,0.3209903819929302,0.1947082575575295,0.3008985801855758,0.2161910892784976,0.35919285411405155,0.31253795735576034,0.3253118273034463,0.2781493821187252,0.31011422192758803,0.21472988954447295,0.3368430882012663,0.2963716487068137,0.28895200033919893,0.2842881549080751,4.589886565905411e-10,0.2634209845048173,8.335186472166289e-10,0.28757610159303837,6.844843983135639e-10,0.2585448347320367,8.447169396734025e-10,0.30161372303883854,1.0884378843966148e-09,0.335865405734906,1.1705346779433608e-09,0.30173060471108576
P017,S1_5,Sucrose,5,1,0.19371614285931424,0.1743914837427251,0.15072754291734897,0.1429193537398586,0.10183201834877738,0.13555835699343985,0.13811908356218908,0.13573676880596902,0.13585756468407822,0.1563141647286726,0.07654913590823055,0.1204389852325433,0.09107762041084554,0.1517599812157471,0.15993843613663813,0.13139227142820945,1.5307549659198534e-10,0.1431237740666701,3.003631558610328e-10,0.12005699424220245,2.754244153236666e-10,0.11869518767110862,4.353505080910346e-10,0.13354207729786005,4.5977387638406424e-10,0.13692792618407906,4.6078098355909747e-10,0.1460858647063754,0.0781482093826,0.08287906711066581,0.07523756617293381,0.095161009318418,0.07837265807598452,0.10100230222042467,0.06583551869699801,0.09226939493876968,0.06065921480280616,0.08382419529710454,0.11318013393520351,0.09362431936361001,0.10048571578132512,0.10865965763764328,0.057651303002906815,0.10357338477894514,1.4241829223529494e-10,0.08970505088057186,2.791170141527432e-10,0.0971300834288444,2.1135843274642794e-10,0.0896874801482046,2.764155178080132e-10,0.09259251530020508,2.2510314000880798e-10,0.07905245681788384,2.0840830700525448e-10,0.07224170504995535,0.09126912762179151,0.07267453988119757,0.08608947692319466,0.0809561672492389,0.11248524919093587,0.07857123410751841,0.08712364684546405,0.08082334053962574,0.114130682214049,0.09113291348214478,0.09736593473446686,0.0801944086339279,0.11443308781853413,0.09672161757643927,0.11215840332955136,0.09693421125143684,1.3067155212175415e-10,0.08475827584063624,3.402809053999726e-10,0.10055279717335693,2.910699144832731e-10,0.09552824164922714,3.8637839154854154e-10,0.10506182999399039,2.889840042131919e-10,0.08397349369254489,3.794343102710797e-10,0.1026317978480969,0.3596114994534228,0.37494859500439487,0.4328327526348733,0.3603105293939444,0.41116013386380196,0.38434566553225835,0.3863527593318291,0.36223620377211047,0.36206889738670134,0.3606104621185352,0.42354604149954167,0.3900173295154919,0.3920390597223002,0.34447704773406973,0.35850272121083526,0.378831874183855,5.764141545043269e-10,0.3902111245836115,1.2094792872895843e-09,0.3830054767131076,1.081904611328822e-09,0.3977528996980302,1.2868050081551237e-09,0.36846267571276503,1.2823340597982709e-09,0.37429448155196976,1.2173439164864715e-09,0.36133967975261827,0.27725502068287167,0.29510631426101663,0.255112661351649,0.3206529402985402,0.2961499405205001,0.30052244114635895,0.32256899156352004,0.3289342919435252,0.32728364091236445,0.30811826437354284,0.2893587539225571,0.3157249572544268,0.30196451626699533,0.2983816958361009,0.31174913632006823,0.2892682583575533,4.02046645859276e-10,0.2922017746285102,9.101367748049599e-10,0.29925464844248884,7.836556454766504e-10,0.29833619083342955,1.0526112683691692e-09,0.30034090169517946,1.0763486542077026e-09,0.3257516417535226,1.0969886118800713e-09,0.3177009526429536
P017,S2_12,Sucralose,12,1,0.1814542002644632,0.38352965056057936,0.2394270668891749,0.3223010390531148,0.09877059083802169,0.3401411877691799,0.18284932402796455,0.23936908638945162,0.1038214788047784,0.29395523209881624,0.124902773217139,0.3226923194470759,0.16206657086828288,0.3045203071182512,0.12185507539475844,0.296631821121452,3.389138196786023e-10,0.2623845082385912,4.856935722010974e-10,0.2263746641484339,3.951954968778347e-10,0.2194558893036008,5.334051861463687e-10,0.22126844362568615,6.449367211161667e-10,0.21110920520870807,4.137582762342573e-10,0.19888835545179734,0.13637762121607255,0.1442064615149879,0.13432734577160785,0.1654288134071551,0.11082134114020864,0.13217790284407213,0.09668589418567705,0.15797923315208706,0.10655765371466853,0.12943472470291137,0.061353713166527976,0.14677111579794994,0.10198108958255865,0.14008208174977455,0.07323532871310441,0.14067082331435776,1.789534913895338e-10,0.13141084514571688,3.464976444179472e-10,0.1212656038291535,3.482124917952928e-10,0.12149962199214039,3.1525641264474027e-10,0.11399233083994884,3.516815086401603e-10,0.12733256366888207,3.749262008029403e-10,0.11799618920878996,0.08441203558543331,0.06678483205918573,0.08721136109438014,0.08087593708519994,0.08347199468680262,0.07305033923927012,0.09685786118358974,0.0737505857287084,0.12577654900345223,0.10715036641641898,0.08601997656195455,0.0703125321346178,0.10067105368560869,0.0752720085512085,0.09855334252580789,0.0840751939435918,1.4557849239395075e-10,0.07926944575346191,2.8538404164992584e-10,0.08311634904072249,2.5216209277950847e-10,0.07826116696303637,3.3877907293971763e-10,0.08964289967655421,3.2363412283562436e-10,0.08530422345614908,4.2937447733884353e-10,0.1164634577099356,0.3191535356027097,0.17043089385899482,0.28403024319865156,0.1532212036542502,0.3576490711458484,0.18386207605213128,0.32282199463736644,0.23585643073996487,0.33131987884230335,0.21969802574163047,0.37873976642081914,0.1901852162407231,0.3470394005496454,0.20192480197056262,0.3845890317587243,0.22481141145089412,5.470931756989845e-10,0.24929347649602476,1.0548005919490495e-09,0.2726188374295469,1.0311488179832954e-09,0.27075557359898983,1.2270616128198604e-09,0.28959116143245656,1.0752789852166317e-09,0.2793392126886657,1.112994628786409e-09,0.2755089522919669,0.27860260733132125,0.2350481620062524,0.25500398304618527,0.2781730068002802,0.34928700218911884,0.2707684940953467,0.30078492596540213,0.2930446639897882,0.3325244396347978,0.24976165104022316,0.3489837706335594,0.27003881637963345,0.28824188531390477,0.2782008006102036,0.32176722160760485,0.2538107501697045,5.388006424127046e-10,0.2776417243662053,9.87857036406004e-10,0.29662454555214346,1.0418455235649747e-09,0.3100277481422328,1.0503943305039488e-09,0.2855051644253544,1.02674210577886e-09,0.29691479497759515,1.1254903376651254e-09,0.29114304533751045
P017,H2O,Water,0,1,0.21200077537902387,0.4690422014308386,0.22738121718358378,0.499863199885213,0.1403069028176847,0.4213017609682548,0.17343170299288319,0.45252000503022405,0.19976253779966535,0.4309603910723875,0.16731481824981562,0.4007063870560014,0.17102775178598992,0.4772436994934164,0.18436998238011723,0.3453032522065738,5.147476707601945e-10,0.32938476653074605,7.022551932092245e-10,0.30247002876633644,6.556730376302627e-10,0.2808043318929697,7.815933610416065e-10,0.29448617146652434,7.992515408364018e-10,0.3129758540115536,8.298813862073592e-10,0.3153614644360264,0.12587801713166613,0.1667077056025656,0.13317828439032156,0.13868421069352008,0.08236740685616498,0.12227374644414589,0.08429288426975791,0.11238258633974721,0.13011420608092514,0.1013390932986971,0.07528542930920866,0.155778840354578,0.06778459849969595,0.11154337381646101,0.14046148104799283,0.10774188857126896,2.258347439637317e-10,0.13258541458031,2.9785984806521415e-10,0.09599228140411696,3.340528319981637e-10,0.10232057665015543,4.1884498786342636e-10,0.10688283548385469,3.4218201373250596e-10,0.09833773530475257,4.786262599860223e-10,0.11572664968981111,0.11576209694877326,0.05876363324533441,0.09531893202284614,0.049966400996643144,0.12166914958105123,0.0798496445653268,0.10015587775519902,0.0764058483174673,0.1207543038485617,0.06851733237446954,0.07958739408169252,0.06373494636188227,0.08014186690285086,0.05728920467998989,0.09093218698340201,0.08293612608060914,1.76037756380711e-10,0.07718890060952861,3.640362875178959e-10,0.08473746643230469,4.524627032999325e-10,0.10075939707318901,3.261423318349936e-10,0.07782484616171297,3.819974602309279e-10,0.08828086303633316,4.3538280526283456e-10,0.09463581811151561,0.28999277343534535,0.13448328588582142,0.2889832186413767,0.12107357936329506,0.34000089130866396,0.1403501736967429,0.3294013445766393,0.15831514100496527,0.2849890248242758,0.19646081515739322,0.34958110049107105,0.14454375414902826,0.3558472283002126,0.1688248075655592,0.2913352155977724,0.2046428757785742,6.239583847197926e-10,0.22144295199432298,1.2078844029426875e-09,0.2512557752177947,1.2307226198618918e-09,0.24017553250270343,1.1872061092902626e-09,0.2551625318105296,1.2163422264391403e-09,0.24385824279080226,1.0395319401982688e-09,0.2407249199908345,0.25636633710519074,0.17100317383544,0.2551383477618717,0.1904126090613285,0.315655649436435,0.23622467432552977,0.31271819040552107,0.20037641930759562,0.2643799274465723,0.20272236809705255,0.3282312578682123,0.2352360720785103,0.32519855451125107,0.18509891444457335,0.29290113399071555,0.25937585736297386,6.086260914058531e-10,0.23939796628509225,1.1413033086363268e-09,0.2655444481794473,1.185679985870636e-09,0.27594016188098236,1.1540057435065763e-09,0.26564361507737844,1.1762858535461433e-09,0.25654730485655836,9.71423065616529e-10,0.2335511477718124
P017,S2_12,Sucralose,12,2,0.10349665278040396,0.3543460625627368,0.14325133102820767,0.2727134582842023,0.10754153415303948,0.22680034778079564,0.10412586474916814,0.36470987673308214,0.13907914360762821,0.23645545785514116,0.09787379624576571,0.26267336857848217,0.10545121666305228,0.39016040873088487,0.10774540465406778,0.2953082885549243,4.4506328885669643e-10,0.2057257782466331,6.889999425826739e-10,0.20748837683194307,6.331739634275958e-10,0.16717094096691756,6.864422265021618e-10,0.2246663296507323,6.513742735022052e-10,0.23441787074112513,7.543823722018405e-10,0.1877673007313847,0.089802607868212,0.1168793813917369,0.10642649228871677,0.11746001079667037,0.08112895282604235,0.06614892700789513,0.08878720589729136,0.13218874216923152,0.09728454857828539,0.101402513348867,0.08107968681528985,0.08135298870186061,0.08075302061139256,0.10784937462059006,0.09343782702026925,0.08453442200664375,2.829290035054957e-10,0.09883352797708107,4.2065748139296255e-10,0.08397006876648003,4.2309755073958975e-10,0.07363893991696874,4.4024097603594613e-10,0.09164366106472391,4.3080811345967696e-10,0.11048797403326144,4.96203147962751e-10,0.0993435309635762,0.10509426665398214,0.09658801751118012,0.1296889015479454,0.11222542537139141,0.12725498859817028,0.10639207322751273,0.10552009335247975,0.08221746980133664,0.13371946651609137,0.10472361567610632,0.1103904173399419,0.11635788619123985,0.12189238667282719,0.08517130896448888,0.09119747081942732,0.11220006322981398,3.4966003181032043e-10,0.1117241524359468,6.172186499430414e-10,0.11017768936574979,6.65020081993541e-10,0.1168235309128415,5.174291314050661e-10,0.10261530742163934,4.598078843820013e-10,0.0938687815769082,6.649930146240151e-10,0.11922154109609884,0.36899310174065375,0.2522024695900785,0.3381782611767373,0.23980741161021762,0.3836294459641231,0.31085024024263297,0.36746019732828794,0.24402071662907607,0.33017294149531146,0.3245930199136849,0.38531340501809624,0.2926547661346616,0.33261031950413134,0.2319182259759604,0.37231853645212054,0.27486836717299096,1.1032934858502074e-09,0.3128582358784075,1.7765270816771743e-09,0.3147520579217119,1.99966433515355e-09,0.347239843103378,1.6827981452124416e-09,0.3029288622763008,1.5717470029178057e-09,0.305740456978682,1.6744386019092592e-09,0.32738298070449817,0.3326133709567484,0.17998406894426713,0.28245501395839284,0.2577936939375183,0.30044507845862495,0.2898084117411634,0.3341066386727725,0.17686319466727377,0.2997438998026834,0.23282539320620058,0.3253426945809059,0.24696099039375677,0.359293056548597,0.18490068170807616,0.33530076105411516,0.23308885903562682,9.444110242160805e-10,0.27085830546193157,1.6079403935556741e-09,0.2836118071141154,1.5901717785077955e-09,0.29512674509989417,1.6253983397830149e-09,0.27814583958660377,1.3977141802764592e-09,0.25548491667002315,1.4896947682040325e-09,0.266284646504442
P017,S1_5,Sucrose,5,2,0.2695594952034214,0.3952851316594237,0.19144303406204813,0.3548058540147267,0.096100925237992,0.346536724904204,0.12013497421430845,0.20247831366384286,0.16741613981280432,0.2524840052649774,0.14225444738957024,0.3172739266319274,0.11005105738580752,0.3018827534095443,0.21068222635015257,0.2532493225624015,6.934140891086553e-10,0.27843698149351953,6.023212620218396e-10,0.21364286523438697,5.653668436900259e-10,0.221318825071098,7.260563575678753e-10,0.21896633992697648,5.863261621180489e-10,0.16130664393907565,6.885950213429061e-10,0.20995007253889086,0.08722972008265246,0.11728107070463076,0.09614317664984404,0.11320625355384464,0.09004645552003512,0.08129077682788934,0.09583235938155443,0.1033627915811238,0.09296857627287916,0.10214007578261351,0.06851853789187082,0.09566766938339236,0.07736486034878456,0.10720649731960792,0.0837220048677127,0.0984865713968533,2.559982592927653e-10,0.09634107137770583,3.6813775138268186e-10,0.08897714750407923,3.639500541643489e-10,0.08566861617396224,3.4721854809468435e-10,0.09169498348323962,4.336951049943762e-10,0.09959757548133912,3.6684080877544274e-10,0.09755432602774633,0.07828036597967052,0.07007072876710387,0.09215361917805266,0.058759795819951194,0.11408423298753509,0.07075144753451443,0.1047873379174714,0.08761976799207578,0.08230376178465014,0.07716339845973115,0.09065019901745432,0.05079119815356279,0.10934954675428742,0.08367972713890535,0.08622746135487841,0.07742859856019933,2.2767558110193854e-10,0.07345098448596589,4.578003464298195e-10,0.09446623860381057,4.391463166809217e-10,0.09241784026102476,3.990930216451575e-10,0.08917133345206762,4.593615135004609e-10,0.09620355295477359,3.1934405332300187e-10,0.07973358012219064,0.30178563610281983,0.2031694543546682,0.38295077450364035,0.2216829068104356,0.37786204881331076,0.22014311083072804,0.3610013698331706,0.3070345080658743,0.36356724833897686,0.29444423070499365,0.38422021502921083,0.2548444823876039,0.38620261694190894,0.25272789172622434,0.31087158562859907,0.28107645800488834,9.16597138628869e-10,0.2914422448647298,1.5480834499140522e-09,0.30923391707804304,1.4448418519370452e-09,0.2990025798220194,1.406026273632279e-09,0.30771963807540514,1.5855682878898796e-09,0.3340179389495225,1.3917100269295549e-09,0.32900573952198525,0.2631447826314358,0.21419361451417407,0.2373093956064151,0.2515451898010419,0.3219063374411269,0.28127793990266386,0.3182439586534953,0.29950461869708345,0.29374427379068957,0.2737682897876844,0.31435660067189397,0.28142272344351354,0.3170319185692114,0.2545031304057184,0.30849672179865795,0.2897590494756574,7.848162656623009e-10,0.2603287177780791,1.3424102110108333e-09,0.29367983157968014,1.2947285699962495e-09,0.3015921386718954,1.2732361719028522e-09,0.29244770506231127,1.4146405158384624e-09,0.3088742886752894,1.1390816584495861e-09,0.283756281789187
P017,S2_7,Sucralose,7,2,0.13933140424944565,0.17433312494313138,0.11975856018992725,0.22387673082037882,0.10074222240118204,0.21475176602416815,0.054679758722777284,0.17281217847354086,0.05865561178015764,0.15537107763636712,0.0820388996432302,0.23891363896638138,0.07229338438717403,0.23178725595533525,0.10237375149192564,0.16356727055002343,3.07373323353337e-10,0.16304205980208245,4.4874066021536737e-10,0.15489365719196485,3.4881417612910024e-10,0.1577469942126751,4.2764210163620294e-10,0.14250541559611457,2.952104035413286e-10,0.11374596859815907,2.6681984525862344e-10,0.10701334470826238,0.0963263192098484,0.11023408164141765,0.09524406750701504,0.10501440896094254,0.09695180579719324,0.1124033207135289,0.09102900792835217,0.08834774374253945,0.09766840846719207,0.1002595784937111,0.09432691942171884,0.09775946273067357,0.09101372273900951,0.08722849413994364,0.0875918132315278,0.09680881380757347,2.0700490918224598e-10,0.09981754324526936,3.335896518252467e-10,0.09689933584741883,2.640583356180401e-10,0.10467756325536107,3.21111512449274e-10,0.09066071097951361,3.4815088508878827e-10,0.08968837583544581,3.5030066346389617e-10,0.0989639934804516,0.09586649118100764,0.08602122906461525,0.11887169496323162,0.05900020438179052,0.08996744366101835,0.09048572300173462,0.13742567193203659,0.06785995203011218,0.13471677415873518,0.09529713807317952,0.10014112853596861,0.06919905534019838,0.13261054467970693,0.05233243389446252,0.14056580928842366,0.10048505724513483,1.946337053700245e-10,0.088183300577802,3.5839323583930085e-10,0.09134903630923061,2.345342086910377e-10,0.09022658333137648,4.181984064645976e-10,0.10649846127693198,4.78500493219855e-10,0.10264281198107439,4.5767781315743063e-10,0.11500695611595735,0.3380404187611677,0.36174761137477157,0.3370069460702094,0.2853778102861303,0.40939726474023536,0.26255608032596256,0.34903553287403666,0.3935494009835299,0.33921585536872345,0.36205093725110404,0.39428392257825035,0.29038973682935704,0.3651127681687006,0.3773266591371362,0.3274922146626701,0.33083840136477277,7.242843240334408e-10,0.33447440764998104,1.3047833536084166e-09,0.35359819309300866,9.538766979027146e-10,0.33597667253309893,1.2664462532995523e-09,0.35019251083331987,1.374317520695917e-09,0.37129246692878326,1.2248491050929218e-09,0.35063339630991375,0.3304353665985306,0.2676639529760639,0.32911873126961666,0.3267308455507582,0.3029412634003715,0.3198031099346054,0.3678300285427974,0.27743072477027825,0.3697433502251913,0.28702126854563786,0.32920912982083195,0.30373810613339003,0.33896958002540944,0.25132515687312273,0.34197641132545276,0.30830045703249537,6.719006184713906e-10,0.31448268872486523,1.0995960106093993e-09,0.3032597775583773,8.012178233003581e-10,0.31137218666748845,1.1469739462973605e-09,0.3101429013141201,1.3496102123781988e-09,0.3226303766565378,1.2712483904154816e-09,0.3283823093854146
P017,S1_7,Sucrose,7,2,0.24795272639708468,0.39829950474942943,0.2121647797597059,0.3713746457479838,0.1428416339648819,0.2985113399604006,0.11493457659589246,0.18801003110940498,0.1711471271118342,0.2562805620018485,0.11259639763966946,0.38333721727610026,0.09181702146751461,0.345160519575809,0.17704532252233565,0.24473382820507436,6.397728087313971e-10,0.2876208785949956,5.431583345959993e-10,0.21958262874215154,5.058452519865415e-10,0.22067648696264125,6.247830483141339e-10,0.21468917294268342,4.720767949228282e-10,0.1514723038526487,6.887784927260464e-10,0.21371384455684134,0.08585621829482379,0.1453598029918721,0.09305021585140984,0.11862910488676354,0.07643197552471993,0.13423109727017032,0.10811400768622169,0.1670517543528299,0.082040503298285,0.11550604479953332,0.11515249954904445,0.1381922952692948,0.10895922054672967,0.11901215971605568,0.06604554484308381,0.11062765748945663,2.8582522456006173e-10,0.11604002280720142,3.3834617557329417e-10,0.10965861326441889,2.5416119494133576e-10,0.10533153639744514,3.404489560173016e-10,0.10116114564883145,4.379750317705478e-10,0.1375828810195258,3.266827912180204e-10,0.09877327404890915,0.07381873289297819,0.06436182568946909,0.08987412270697157,0.05913232888420641,0.08152539853799724,0.05940527211604929,0.12552991273391204,0.08213944769926654,0.08631993343550867,0.08244641420983959,0.08751316265651414,0.05115990249579188,0.10177547714431504,0.058203150279555804,0.08735970099866558,0.06649218972918212,1.8576819808800243e-10,0.07097667922098855,2.81499059422644e-10,0.07522732451947935,2.1686270542305012e-10,0.07046533532702326,3.258404576810274e-10,0.07845762953792963,4.390774721691829e-10,0.10383468021658929,3.2516106581383305e-10,0.08438317382267413,0.3242762508766312,0.18834468823010803,0.27488470634642587,0.2056899896146602,0.411592820422331,0.25177181308049096,0.33673314933740667,0.25500710834234463,0.344950753830514,0.24562810042900646,0.3884692098073022,0.20555672334885497,0.4024415227532057,0.24417333692748516,0.33908643573088376,0.27488544968162737,7.228313916428144e-10,0.26453692803733037,1.2226194209220257e-09,0.3274948732958782,1.0636928303003415e-09,0.33168231675141097,1.2875680246284519e-09,0.3151466862733005,1.1993542114224193e-09,0.2958701288398756,1.2595857575491225e-09,0.29528942712976025,0.26809607153848225,0.2036341783391216,0.3300261753354866,0.24517393086638617,0.2876081715500701,0.2560804775728889,0.31468835364656705,0.3077916584961541,0.31554168232385815,0.3001388785597721,0.29626873034746953,0.22175386160995803,0.29500675808823507,0.23345083350109416,0.3304629959050309,0.3032608748946597,6.717113075987812e-10,0.2608254913394841,9.289052782171635e-10,0.2680365601780721,7.951668282250276e-10,0.2718443245614795,1.1209577202711748e-09,0.29054536559725497,1.163988254508591e-09,0.3112400060713606,1.188032710875797e-09,0.3078402804418151
P017,S2_5,Sucralose,5,2,0.22085118684039098,0.5360682348398103,0.22618686808999908,0.38205238874703235,0.11822965359518456,0.25187828632379466,0.12500365198835747,0.46564936468569745,0.14526149410217387,0.4344986823251131,0.15787150829715615,0.3808169375604861,0.14633650132247056,0.5474880511577468,0.17652850058286618,0.37811884154921965,5.944205482701546e-10,0.3173078540624792,7.027508599485503e-10,0.26598312309979916,4.809156427778557e-10,0.1850539699594896,9.195044860473152e-10,0.3121179736530758,7.388713455400857e-10,0.29532650833702745,7.950259033585046e-10,0.28988008821364347,0.08980344769224821,0.11587902887527451,0.09879152093526085,0.0958517922688743,0.11059492977360451,0.08534624132568945,0.08931832684628098,0.11471598554323795,0.08373517466577082,0.09136375853942857,0.09382320282637521,0.09363219462053421,0.10404281794978533,0.09639680481034069,0.09958260646054441,0.10418094488265196,2.294049089031297e-10,0.09796353120309455,4.061723164853573e-10,0.099095198464855,3.8951132012673055e-10,0.09797058554964698,4.44511334537385e-10,0.10105079352583059,3.949453407344532e-10,0.10201715619475946,3.809314656658777e-10,0.0875494666025997,0.08321111011579531,0.06698224397901895,0.09024322036641619,0.07261460776017123,0.08226136275001161,0.08670561006094188,0.11839594691173574,0.07466177242560722,0.10042452793352594,0.07484604161539646,0.09343365491192873,0.07314523708044005,0.09016552103955867,0.059496618471016484,0.07268522866513664,0.0891114797621636,2.042631334333139e-10,0.07993834570229508,3.2311497013096993e-10,0.07965727808038217,2.9904873540798245e-10,0.08448348640547675,3.4669960429089673e-10,0.07786471198446886,4.763003454699559e-10,0.09652885966867147,4.3997037431930666e-10,0.0876352847744612,0.31933710168343,0.13497470725162927,0.30654860712981785,0.16452440002403862,0.37400590809562045,0.2506703879928366,0.372561405304199,0.17045089838856722,0.31507399743219283,0.20304021819134174,0.3574637290948373,0.1869118490979346,0.3962179628874971,0.15051745667674316,0.32987152258160773,0.21862799927417148,7.014176023043339e-10,0.24496006571361462,1.3693941986979824e-09,0.29285292891317427,1.3019938537040601e-09,0.31233814804422855,1.461759290940171e-09,0.2738087353550049,1.4594501370921164e-09,0.2715061518463831,1.3649187247577536e-09,0.2590571078117673,0.2867971536681355,0.14609578505426704,0.2782297834785061,0.28495681119988364,0.3149081457855791,0.3253994742967371,0.2947206689494269,0.17452197895689023,0.35550480586633626,0.19625129932871932,0.2974079048697032,0.26549378164060494,0.26323719680068836,0.14610106888415297,0.32133214170984503,0.2099607345317928,6.570150931474297e-10,0.25983020331851675,1.0668355610040937e-09,0.26241147144178933,1.1421816419387388e-09,0.32015381004115806,1.2191791013986262e-09,0.23515778548161978,1.1787315605642952e-09,0.23462132395315854,1.5240984453731388e-09,0.2758780525975278
P017,S1_12,Sucrose,12,2,0.13978441877804162,0.5432635755734809,0.1823245472424049,0.41716402778206985,0.12861842275466015,0.36336681693654144,0.12585027106160818,0.4909314277876451,0.19291070214577644,0.4366168687318032,0.17185158290052452,0.4034109650833484,0.11325523740752588,0.5722527086913933,0.18060728302320295,0.37985651717693075,6.051378408194036e-10,0.30963318622664504,7.744002688281898e-10,0.2943732964475302,6.306708728503256e-10,0.24599261984560078,8.963349461034723e-10,0.31149293657476324,8.555756773165215e-10,0.30839084942462663,9.794946836551127e-10,0.3147637854387898,0.12899753528011984,0.12084123541107966,0.10822368810980627,0.1199212888257488,0.11104858219655808,0.08735635136686379,0.08255769680976194,0.09064254818929798,0.07546454022007845,0.10304577448312913,0.0717060518475315,0.11210228505577445,0.10088037946248836,0.08555085854773856,0.09045871101306115,0.10009838171571744,2.5263682978647983e-10,0.11029868075501009,4.667993123638213e-10,0.0962090428934122,4.6377595189437825e-10,0.09920246678171094,4.385515747438901e-10,0.09424708268475138,4.2089415309100806e-10,0.08660012249952996,3.5360670769858094e-10,0.08925515735160379,0.10951553604650335,0.050587503750352536,0.10495517840401077,0.05429438374794043,0.11861059176241628,0.0712378126607559,0.08888580998978254,0.05529702866309751,0.08930755715586357,0.07071079608645232,0.07029669472653252,0.05609605012128412,0.09626914602093264,0.04965549468773913,0.06042339959608269,0.06568881573698528,2.0912553289498289e-10,0.07429089113277063,4.5479684289367595e-10,0.083943261282961,4.874865211593837e-10,0.0949242022115861,3.468783894822714e-10,0.06800921401043494,4.2750257273030234e-10,0.07209141932644003,3.9611667462568474e-10,0.08000917662115795,0.3201068557505582,0.15049532487992512,0.3337055081654304,0.20401203818766958,0.34544238064872707,0.25351672399054775,0.3500335139369195,0.1723951449300893,0.31653344459866667,0.20056447872729033,0.3748356420639581,0.23382345448118116,0.35021802437761707,0.15318882179249121,0.3910005667155454,0.24678152697784825,8.928614512161984e-10,0.26949647058812043,1.4746228377566052e-09,0.27559148770234576,1.4361820577257905e-09,0.2994795523196374,1.605059753011156e-09,0.28529723496587545,1.655994098248676e-09,0.2612143294335044,1.3821198916208913e-09,0.25854896166297847,0.301595654144777,0.13481236038516245,0.2707910780783484,0.20460826145657093,0.2962800226376384,0.22452229504529156,0.35267270820192853,0.19073385042986984,0.3257837558796148,0.18906208197132462,0.31131002846145334,0.19456724525841176,0.3393772127314362,0.13935211628063768,0.27751003965210724,0.20757475839251888,7.607837066769526e-10,0.23628077129745398,1.3465411228785807e-09,0.24988291167375096,1.234315983043089e-09,0.260401158841465,1.3371478458502005e-09,0.240953531764175,1.6788151181211994e-09,0.2717032793158992,1.414934987663733e-09,0.2574229189254697
P017,H2O,Water,0,2,0.10026846628335241,0.35619907516737803,0.1201005262411866,0.22505811413972235,0.08598734425887661,0.206947754397401,0.08236608958978478,0.18975980462939693,0.08387808325178023,0.22453708702530947,0.09646889241775093,0.14882436319969272,0.07196238201040994,0.3072832508081206,0.08269660296920185,0.17901888485908646,2.904784069629146e-10,0.1744865729081805,2.93846390924144e-10,0.16804518286870204,2.7279731208583015e-10,0.14646754932813882,2.9515591611538915e-10,0.16024028016170472,2.3160911856914683e-10,0.13606294710959085,3.288703834559703e-10,0.15420758513854485,0.09601204030942859,0.1109587482097811,0.10237434888186006,0.09152257140636602,0.09814499233549843,0.0818840230725452,0.09241221074483161,0.14998768016634573,0.1105222912417679,0.11584848514776491,0.07098299109343485,0.11330224056136477,0.07887165437564399,0.13496621119041977,0.07355955543747779,0.09654153071798195,1.8616032758292893e-10,0.09752549007703921,2.4518661572428625e-10,0.09846672024352686,2.545783082890312e-10,0.09001450770402182,2.3192338899904858e-10,0.09598473793038087,2.394449290647907e-10,0.12119994545558867,3.76137389838348e-10,0.11318538819476641,0.12612491313885277,0.07074934986559088,0.0940586580984696,0.07469068089825534,0.13633882479943787,0.09619658521343015,0.1003683387592385,0.08091223586037917,0.08960312883532395,0.08030131325268648,0.09472745964763982,0.09567291867818498,0.10947077227280928,0.053689114459615266,0.0894676976216961,0.08163692463195156,2.0496482047155036e-10,0.09267066338783224,3.0103316895969356e-10,0.09892382418632314,3.4718990972399426e-10,0.11626770500643402,2.6129131362613546e-10,0.08356612724651805,2.334585901047866e-10,0.09064028730980883,3.006160275802763e-10,0.08495222104400521,0.3502597257483206,0.21155915497708566,0.34498708736986433,0.26647984340175035,0.3688228946861567,0.2690143974030286,0.38216628153958415,0.27213973752998133,0.3605794176846331,0.3002719513890284,0.33946929193796277,0.2939122120970614,0.38401564601696114,0.25527064170002456,0.36914985185165883,0.2713134073972017,6.785587741057663e-10,0.30111121925534085,9.363985214771186e-10,0.31928089495154277,9.424482928284616e-10,0.31891864604459264,1.0086124359685177e-09,0.31993738674146155,8.772635113658498e-10,0.32715300953478277,1.2024653156876127e-09,0.33042568453683074,0.32733485452004546,0.25053367178016445,0.33847937940861983,0.342248790153906,0.31070594392003054,0.3459572399135954,0.34268707936656073,0.30720054181389667,0.3554170789864948,0.2790411631852105,0.3983513649032119,0.34828826546369634,0.35567954532417606,0.24879078184181985,0.3851262921199653,0.371489252393778,7.483083509991344e-10,0.3342060543716074,8.531245665668688e-10,0.31528337774990545,8.378558954476814e-10,0.32833159191681294,1.0130966980712881e-09,0.3402714679199348,8.071356210536744e-10,0.3249438105902287,1.1798697186759103e-09,0.31722912108585266
P019,S2_7,Sucralose,7,1,0.13203734410363854,0.1055188493466619,0.07888836424638372,0.09663643782882486,0.06758145828372841,0.09377118432368368,0.08915028476138798,0.14174446862121245,0.07623363162025473,0.17678519943615284,0.09273908799364168,0.08953592644010862,0.07103540439260639,0.14084083753843543,0.09208583510090126,0.087861386386445,1.7447969970950739e-10,0.09922600165987656,2.727572512392755e-10,0.09330722113461348,2.5597688798120836e-10,0.08067632130370606,2.958076565413446e-10,0.09795586585459704,4.05860296574273e-10,0.11544737669130022,3.132506709410209e-10,0.12650941552820377,0.07130960381311406,0.07023046101056334,0.09460079837013506,0.09382828753777898,0.1023558982204156,0.06600015087533903,0.07988061941361306,0.07107361402052205,0.06280934921353855,0.09577518039408678,0.08141174693070961,0.0846495304418461,0.09709839211644486,0.06821825625238079,0.0832277969429614,0.07011966466481272,1.4784374516498313e-10,0.08267173801735786,3.7317196751323845e-10,0.08341817436614507,3.752783653673162e-10,0.08417802454787732,3.21297442199539e-10,0.07966602749414994,3.5289143194557793e-10,0.07547711671706755,2.440605416861081e-10,0.07929226480381266,0.09444693081400105,0.1046746483656748,0.13927289267608534,0.0976969610912842,0.10686954851050526,0.11422848564063391,0.09529787653184978,0.09863332097961618,0.13534824792404382,0.08512026729241205,0.1410986776033869,0.11655279437932428,0.09010545225843658,0.09410586507788896,0.1207166043993258,0.10614052728449698,2.372876600161448e-10,0.11562381748829277,3.7484507338019495e-10,0.10132733787186618,3.9922683663777454e-10,0.11054901707556958,3.7250552176466776e-10,0.10276711225503707,4.236657496931844e-10,0.09696559875573298,4.918212926213004e-10,0.11023425760822794,0.4009514013799156,0.3843471153309683,0.39500589452209417,0.3822525465641913,0.38072414604918103,0.4160434239099492,0.4155738858972266,0.3775450644378556,0.4151675175792562,0.3609103387247261,0.3662148718829312,0.3820257715518459,0.4168809044650451,0.38529787289209744,0.3929904504302284,0.3943353994498685,6.790136038308359e-10,0.38513293353865774,1.5176156579383411e-09,0.3997365868290682,1.4237371093951184e-09,0.3983837849795651,1.4518827839170662e-09,0.3973761568093098,1.837395003852409e-09,0.3965594751675411,1.5366860193958495e-09,0.38803892815199115,0.3012547198893309,0.33522892594613146,0.29223205018530163,0.3295857669779203,0.3424689489361698,0.3099567552503945,0.3200973333959227,0.3110035319407939,0.31044125366290726,0.2814090141526223,0.31853561558933063,0.3272359771868752,0.3248798467674672,0.3115371682391975,0.3109793131265829,0.341543022214377,5.658797230111134e-10,0.317345509295815,1.2641393461437666e-09,0.32221067979830725,1.2701836876088752e-09,0.32621285209328216,1.1427109976753495e-09,0.32223483758690613,1.419148944263555e-09,0.3155504326683583,1.1523012408882956e-09,0.29592513390776476
P019,S2_12,Sucralose,12,1,0.11288691401703504,0.1185314383434377,0.08941089958320557,0.12212901464376642,0.1118051082924947,0.10706261824504885,0.07183816050430818,0.11049902327569233,0.06879281869740812,0.15856660136331,0.0721973724322608,0.10043922291072097,0.08905664987590571,0.11212126560914205,0.07399467791297076,0.10322176201410105,1.5640015749278849e-10,0.10259914365507107,3.353541879967729e-10,0.10501141050564783,3.704173969013395e-10,0.10943386326877177,2.721340199922662e-10,0.0945985888530299,2.8339197370706154e-10,0.09116859189000026,2.9662685520221515e-10,0.11367971003035907,0.07461896386770449,0.10244713956801269,0.08127341211195772,0.11547906380538776,0.08034034870465531,0.10667323537364225,0.10573806063064597,0.11281242249653015,0.0731096924614885,0.08368999966517783,0.10726624245348691,0.09922624801533628,0.08416373761710465,0.09260772187277715,0.07195267239904002,0.10725660421565307,1.8524845671135094e-10,0.09671851163698097,2.7607955164954456e-10,0.09094626089204484,2.707998069063586e-10,0.09350679203914877,2.5980043471384757e-10,0.08899518402614372,4.0855153879348324e-10,0.10927524156358806,2.9241149732754766e-10,0.07839984606333317,0.07226595097105222,0.07209455315774818,0.08217764329542535,0.08140991482332847,0.07323000079969054,0.06910563739350493,0.10633742615465056,0.08516534114939674,0.13075211589308813,0.07647172188514775,0.07050661547344564,0.06756066995513058,0.09371754799717251,0.08765832038300557,0.08762994252402723,0.0715843188526438,1.3612078748720148e-10,0.07433589127935507,2.764687517574015e-10,0.08092787664334339,2.4245722143759424e-10,0.07116781909659774,2.9603752391645707e-10,0.08514753243921228,4.0600196247127207e-10,0.09575138365202365,5.032588813643513e-10,0.10361191888911794,0.37246823640959803,0.3962641770624485,0.398164033364316,0.38677982738997135,0.3967856266145722,0.3877623552987476,0.36714916732846986,0.3747378793870269,0.38931287714814455,0.3838848960728622,0.43800599074651886,0.4016721226915131,0.3934275026030198,0.39217870453135234,0.4432929881970343,0.39761821039820633,7.874244753643308e-10,0.398892397944061,1.3117991762071236e-09,0.39253854726192294,1.3157905767630598e-09,0.3922739909566599,1.3687264048473141e-09,0.4066293514324032,1.4156739827980696e-09,0.3709435233577484,1.5404826599821404e-09,0.38659888661050335,0.3677599347346104,0.31066269186835277,0.34897401164509484,0.294202179337546,0.33783891558858714,0.32939615368905645,0.34893718538192586,0.31678533369135425,0.33803249579987077,0.29738678101350224,0.31202377889428806,0.33110173642729934,0.3396345619067977,0.3154339876037232,0.3231297189669277,0.3203191045193962,6.101875126461841e-10,0.32745405548453194,1.1224884637519638e-09,0.3305759046970411,1.1201976963457967e-09,0.3336175346388218,1.0856540773440015e-09,0.3246293432492112,1.3386804167425119e-09,0.33286125953664003,1.3278994653669517e-09,0.31770963840668653
P019,S2_5,Sucralose,5,1,0.08292774214532468,0.05525343091623573,0.09715482150227706,0.051957386021357,0.08100418126486125,0.05841402353006398,0.050326480682609635,0.06242782911913263,0.115196655284258,0.07456855208968596,0.06490386047469071,0.06509690372484377,0.08204292941468849,0.059765089402615344,0.0830121205893356,0.04990071500836138,1.3403702645104932e-10,0.06954902413078816,3.0563578615396564e-10,0.07030655590305727,2.926654280387032e-10,0.06970910239746261,3.179406368166868e-10,0.0686802136037502,2.058431644638733e-10,0.05637715490087113,4.6387899318556245e-10,0.09488260368697199,0.18249399076143713,0.1426781838108104,0.1584654291747757,0.15022423860553655,0.12590672373070488,0.12239143664752516,0.09718142568558655,0.13645519855748717,0.13326250356428818,0.20978967955990743,0.09746936811893528,0.11747966264631018,0.09163828213668457,0.1460267761403117,0.13397350028188923,0.14226833958714213,2.2642361865560956e-10,0.14146847885296754,4.1586210026030696e-10,0.12149080466380657,4.6048662998425835e-10,0.12414908018911502,4.4620663988916646e-10,0.1284767245365069,4.006002370889384e-10,0.11681831212153686,5.738623391610451e-10,0.1715260915620978,0.07844216114119401,0.11511937075332598,0.1080586742214408,0.11292214069477206,0.1070234943179345,0.13844143171629847,0.1085866839708623,0.11704290568282905,0.09754243813690087,0.07491705439732373,0.11326604171478286,0.10702891312105538,0.11543141764046277,0.1034085779626441,0.08772168330916365,0.12020246250151095,2.0348633571815782e-10,0.10580621694109517,4.247618331309599e-10,0.11607623040933496,3.975105150379918e-10,0.12273246301711649,3.986304237042797e-10,0.10669103535344537,4.406812788913721e-10,0.11281479482684567,3.963379820457118e-10,0.0862297462671123,0.3557345458356788,0.3716068115115509,0.3300484597662629,0.3737767809692459,0.38744385955757715,0.3639784499283442,0.3887291043672258,0.3732363751359655,0.3386437672575875,0.3409053455147863,0.3742046168285674,0.3827311936276939,0.4193121998812729,0.3820154322596641,0.3456246181165508,0.3755996080954418,6.923541746640026e-10,0.36468373475649996,1.528994584519657e-09,0.3881874854067146,1.4147854007188938e-09,0.3757111547429607,1.4944997906833923e-09,0.3806379645882324,1.5686364425163981e-09,0.3809827397515957,1.4003488574676642e-09,0.3397745563861869,0.3004015601163654,0.3153422030080772,0.3062726153352438,0.3111194537090884,0.2986217411289222,0.3167746581777681,0.35517630529371524,0.310837691504585,0.31535463575696526,0.29981936843829654,0.35015611286302345,0.32766332688009664,0.2915751709268912,0.30878412423476426,0.34966807770306096,0.3120288748075441,6.338266595301362e-10,0.3184925453186492,1.1239229940339085e-09,0.30393892361708646,1.096854566238311e-09,0.30769819965334516,1.2512430954650016e-09,0.31551406191806514,1.42733368350063e-09,0.33300699839915016,1.2987267237571747e-09,0.3075870020976309
P019,H2O,Water,0,1,0.20708515155111085,0.3134047526713777,0.22301494174073386,0.25464685036257095,0.1242349654970217,0.22384746896823413,0.17982679366558102,0.2534507847822866,0.142628401017177,0.38372001710081616,0.10736387898211956,0.2417229357301986,0.11122107588506215,0.28649463615544635,0.17575066334464767,0.28198554707745316,3.8026788948408717e-10,0.22453975183968525,5.024521439563879e-10,0.1864495366264411,5.269106501595104e-10,0.17404121723262791,6.208278687817945e-10,0.21386298061565231,7.956076909453701e-10,0.21663878922393381,8.924741583432164e-10,0.2631742090589966,0.11908351230375691,0.13854919995893936,0.1101369836139649,0.11565527564034822,0.10584761008070623,0.12797553016850358,0.09148830287565678,0.14221151046533528,0.10934121886343846,0.19797122171651643,0.0970380349101512,0.12811276908965055,0.10966447353084874,0.15920689074301175,0.10148564380638761,0.11773895785095101,2.536096607884397e-10,0.11809596258613518,4.3382327644154814e-10,0.12567362613076757,4.3239723446643166e-10,0.1169115701246049,4.3242543087245405e-10,0.12202399148279977,4.0873561307079683e-10,0.11684990667049602,5.957313205297393e-10,0.15365622028997744,0.11015339638264414,0.08415473346087228,0.08741671124942466,0.09786055938073207,0.101152399105208,0.0999321736318827,0.11245223742801011,0.11485243133768418,0.10125892440745385,0.05844884930355179,0.11641330965367812,0.0823777094640105,0.11802477400248526,0.08850826018172514,0.08902792270293333,0.07982683717231585,2.5839376756273235e-10,0.09639606993189363,4.2576442868530227e-10,0.10190440173032528,4.0732476566335586e-10,0.10054228636854534,4.0757801100511055e-10,0.0938469485148649,4.844832508215901e-10,0.11365233438284714,4.3685737429818204e-10,0.07985388685550282,0.2872766512127707,0.22682026263606433,0.30241314231906796,0.23384039794465283,0.3161943516966941,0.26172980925976513,0.29082725898608885,0.22767612156505537,0.3565712005642733,0.1335420400539987,0.3686764595180866,0.2632045081639592,0.2979757712145598,0.2185374103046433,0.34648153894074063,0.2418837905007624,7.926746569612158e-10,0.2803719036324336,1.1899801560345505e-09,0.2736093356189156,1.2599218682962211e-09,0.2889620804782296,1.2731886992181148e-09,0.27621962774017655,1.232260879041613e-09,0.2592516902755721,1.4718788681430596e-09,0.245056620309136,0.2764012885497175,0.2370710512727466,0.27701822107680885,0.2979969166716959,0.35257067362037003,0.2865150179716143,0.3254054070446633,0.2618091518496383,0.2902002551476574,0.22631787182511634,0.31050831693596465,0.2845820775521813,0.36311390536704385,0.24725280261517313,0.287254231205291,0.27856486739851727,7.076234448292241e-10,0.2805963120098524,1.3813866545510893e-09,0.3123630998935503,1.4034656985431714e-09,0.3195428457959922,1.2807508102321307e-09,0.29404645164650633,1.3808820176983222e-09,0.2936072794471508,1.3060750530782072e-09,0.2582590634863869
P019,S1_12,Sucrose,12,1,0.1423119836399411,0.16396488432904588,0.19106318800612518,0.17613136976565658,0.10256070321146211,0.12461404431025176,0.12046470085969403,0.16614888376539316,0.10973638180406353,0.273190512386469,0.14826576752471124,0.11938390503952828,0.09487078546303256,0.1525689120983099,0.1543104763207919,0.134619584390524,3.1943784029132715e-10,0.15685351638416803,3.388572821324878e-10,0.11865361127076407,3.7053303220334576e-10,0.11358737376085694,4.571863960060401e-10,0.13409243956816458,4.37958214069399e-10,0.1433067923125436,5.900095085956868e-10,0.19146344709526628,0.0837904397239009,0.0904833039341751,0.1009500035972173,0.10574859588029176,0.11823131758068588,0.08532363703501135,0.09931581084090538,0.08559488634238296,0.10049217751934816,0.09961826655626982,0.0757195084418183,0.08809021214311552,0.10129331686290077,0.10133934205929714,0.08926712430283223,0.08012773255103497,1.7049314912504763e-10,0.09079701062008648,3.65778476390051e-10,0.10154690338447378,4.1588562285447537e-10,0.10177747730784861,3.3365317828778197e-10,0.09300687894401627,3.5080704117410673e-10,0.09245534859164417,4.811350357337069e-10,0.10005522203780899,0.0880254851770642,0.09739791784368595,0.09402020097149133,0.09930295767450552,0.09045146800951147,0.11017327424325916,0.1176245438344807,0.10851560696523219,0.0899730209319767,0.08071040039437273,0.08741652686454147,0.10360290234157439,0.08576401260958096,0.08458714779970404,0.11730755173978032,0.10910800477296392,1.8608812294683117e-10,0.0949609984788105,2.9693489203544147e-10,0.09274397566551391,3.2683715555444497e-10,0.10031237112638532,3.6488348837175914e-10,0.09919167923050731,4.169041593312918e-10,0.11307007539985645,4.274387133256979e-10,0.08534171066317472,0.371363459028394,0.37753644551665844,0.3100093810926285,0.35274990117191846,0.363727178726294,0.3920285497929081,0.3416510021835212,0.3581449351586948,0.38232108186325975,0.31198287205356134,0.3887199806013337,0.376924792515951,0.42685245757283186,0.4005978556498549,0.3426737906000603,0.38860646015412714,7.776312940649773e-10,0.36288399332114735,1.3147012238876143e-09,0.39580151043547224,1.3044430754026896e-09,0.377877864259601,1.344248092683098e-09,0.38968264099421857,1.2195139341340485e-09,0.349897968671108,1.8041341319662537e-09,0.34715197695841055,0.31450863243070004,0.2706174483764353,0.3039572263325377,0.2660671755076276,0.32502933247204696,0.2878604946185704,0.32094394228139883,0.28159568776829685,0.31747733788135196,0.2344979486093268,0.29987821656759495,0.3119981879598312,0.29121942749165364,0.26090674239283407,0.29644105703653506,0.2875382181313504,6.282953426146818e-10,0.2945044811957878,1.0275365376355295e-09,0.29125399924377626,1.1536005036858545e-09,0.3064449135453087,1.0364099006396802e-09,0.2840263612630933,1.1346472071427037e-09,0.30126981502484784,1.48848635293703e-09,0.27598764324533936
P019,S1_5,Sucrose,5,1,0.16612273292201807,0.11581790551608194,0.11695405886542716,0.12513901246232467,0.06799178264454711,0.11035999384272424,0.08611887817969147,0.1204049276560603,0.07870819343476336,0.4213473939513272,0.09621597949108728,0.09733645848741847,0.09881506227808444,0.11584182114726103,0.1025596693559057,0.10359236131134246,2.3524525609769834e-10,0.11959769129072627,3.153068767210232e-10,0.0982521649781542,2.6498773766871484e-10,0.08917588824363568,3.8731161434046355e-10,0.10520222852314841,3.2247415716253764e-10,0.10326190291787588,5.116782623023366e-10,0.2500277936930453,0.0732578174123875,0.0823215542759465,0.06994471347800536,0.08088481451985935,0.08720463011771515,0.077573993283156,0.07776289199723686,0.08312730601522046,0.06565489325641964,0.04576795759377675,0.06840406779715026,0.07851544195092433,0.08450979351142443,0.08358426860682264,0.0736939537324017,0.0821917299961953,1.4882374574540597e-10,0.07555473490571223,3.182518986851024e-10,0.08321817137977956,3.269923665235778e-10,0.08238931170043558,3.0236599211276527e-10,0.08099493646171102,2.860910325314039e-10,0.08044509900622866,2.74227539909842e-10,0.055711425425098195,0.09249049529825625,0.1080499598656198,0.09477690481208904,0.08975365652130082,0.10196097118344755,0.10742348201206359,0.12081102794445356,0.09403221055707048,0.089955617481673,0.06998522781002882,0.1105464918501878,0.12946510237510292,0.08811106962536745,0.09397326017144032,0.1044613590402079,0.0997548934479605,2.2322812186562397e-10,0.10418043512042612,3.5489711859415705e-10,0.09786719574807973,3.85689975450142e-10,0.10469222659775557,3.6984635233890146e-10,0.09657514557124405,4.3747765537695884e-10,0.10742161925076202,3.793593401004923e-10,0.07997042264585091,0.39742113345943203,0.3694313105584435,0.43658746520257485,0.38635112806464034,0.42069531777466096,0.38378363281749844,0.35197461642857714,0.35728968586783616,0.39675329335100745,0.2623164530235958,0.3796978273595386,0.3564620756906519,0.4002761141452341,0.3561921967995633,0.4111963320864733,0.37568359556756753,8.267393540725006e-10,0.3876584900558802,1.5186160437982533e-09,0.3902368153842392,1.579408591551159e-09,0.40223947529607973,1.5453983529947633e-09,0.38583705964970955,1.2911461680482565e-09,0.3546321511482067,1.6500424023374765e-09,0.3295348731873016,0.27070782090790596,0.32437926978390874,0.2817368576419035,0.31787138843187496,0.3221472982796293,0.32085889804455764,0.3633325854500412,0.3451458699038121,0.36892800247613683,0.20058296762127267,0.3451356335020362,0.33822092149590255,0.3282879604398896,0.35040845327491255,0.3080886857850119,0.338777419676934,6.836424111990045e-10,0.31300864862725525,1.211239776402717e-09,0.3304256525097473,1.2148608175740786e-09,0.32150309816209344,1.2204994882591426e-09,0.331390629794187,1.3280990347754628e-09,0.3542392276769266,1.512689248837473e-09,0.28475548504870474
P019,S1_7,Sucrose,7,1,0.22360787424498293,0.15534179325070155,0.1827098284822205,0.12512911157595286,0.10841695379710585,0.10564246090478231,0.08983191443231447,0.122351536509052,0.14891682841128692,0.2478595342194279,0.13706922722400758,0.13408614534765886,0.13338552601725145,0.10990419765366487,0.14542690872957442,0.13774574635329645,3.0713185656781083e-10,0.15965733002092072,3.963931543219891e-10,0.11433728459320112,3.694830810553873e-10,0.10702970735094408,4.705360232182284e-10,0.1316155946884468,3.269282567080552e-10,0.10609172547068324,6.533689583560193e-10,0.1983881813153574,0.10238355070248789,0.08568944347823818,0.11147788321423456,0.0980633445689095,0.09754393009504801,0.09192117615630917,0.06535373738158623,0.09355077495183205,0.06988217802750266,0.09758626240902561,0.09629355599228347,0.10147188075818922,0.09547327678630993,0.08981411105763035,0.07720742048646291,0.10409704147640815,1.939067502493264e-10,0.09922994311905713,3.1848811646133024e-10,0.09368812352382437,3.3192843456430243e-10,0.09473255312567859,2.922655741021626e-10,0.09164796245170283,2.3865920509505536e-10,0.07945225616670915,3.004094827854966e-10,0.08373422021826413,0.08128196636682673,0.09738754134317339,0.09719512646245733,0.10009220401566137,0.08781477321590578,0.0865403697001976,0.0857917339797294,0.12367856198330707,0.10727326208909431,0.0920617341645813,0.10890544218948389,0.11354496009625635,0.09489874175206917,0.10161351828388837,0.10057661323477655,0.09272860338749703,2.001871871984647e-10,0.09973454007897652,3.02459662814803e-10,0.09271685073801522,2.9942665935295904e-10,0.08717757145805169,3.316013683334056e-10,0.09745436916455777,3.1345139253618097e-10,0.10473514798151823,4.420398585373184e-10,0.09966749812683781,0.3276292990056401,0.36913505732667745,0.33624619271518874,0.3776973510408012,0.38487796152210063,0.3830055204755195,0.4325840814293415,0.3766181255854996,0.3329788032462393,0.3276173920384186,0.351659226586983,0.34911991352248406,0.3930004967563048,0.38549173688644006,0.38712297564699943,0.3694047650399267,6.765401548406634e-10,0.35191450669962904,1.2857650088479925e-09,0.38659392891009126,1.3129319598994181e-09,0.38394174099881007,1.3186458033599343e-09,0.3837549935824177,1.5361389092932163e-09,0.40460110350742057,1.3859528521956734e-09,0.330298097642329,0.26509730968006257,0.2924461646012098,0.27237096912589853,0.29901798879867497,0.32134638136983934,0.33289047276319134,0.3264385327770284,0.28380100097030897,0.3409489282258764,0.2348750771685464,0.3060725480072422,0.30177710027541144,0.28324195868806457,0.3131764361183759,0.2896660819021872,0.2960238437428719,5.745646467819158e-10,0.2894636800814166,1.0059631510526652e-09,0.31266381223486783,1.0983014320873303e-09,0.32711842706651534,9.740750207061975e-10,0.29552708011287493,1.1591354009639168e-09,0.3051197668736687,1.3858424756492597e-09,0.2879120026972114
P019,S1_7,Sucrose,7,2,0.20488670518823687,0.19974508994903983,0.15317477555500567,0.19967845417659152,0.17736921457159266,0.18329653067512694,0.18016574265334237,0.24657893120559732,0.13213069278110184,0.541418991152914,0.1000147120054938,0.16638092777661775,0.10408727340879316,0.1929605761100763,0.1775525587759322,0.1793882088622668,3.073194086677477e-10,0.1706467774418309,4.59846397535679e-10,0.16442839869139728,5.949222868569368e-10,0.18033287262335979,4.839470779335999e-10,0.16349715428926712,5.72378771783194e-10,0.21337233692946983,1.013388990943063e-09,0.3367748419670079,0.10980322776555636,0.09667216138481116,0.0762318296383278,0.07748104644436274,0.11280648963956438,0.08221221014728758,0.09445783797420804,0.08394982085145482,0.10965069258155344,0.06557412445585285,0.09681505839352957,0.08746622148403654,0.09734957800962393,0.08944544200598975,0.11105916528609708,0.0833599439374492,2.1154685004656413e-10,0.090744924185104,3.280017714966426e-10,0.09545342995061641,3.7119652041951745e-10,0.09750934989342598,3.4104377186779123e-10,0.09530353230979,2.9070208226617813e-10,0.08920382941283142,4.428686761204468e-10,0.08761240851870314,0.06980201898294777,0.09384927313377402,0.08811895182957051,0.08877105685106244,0.0903761948686272,0.1103713613432618,0.08267187883803556,0.08834765887737375,0.08195967354093217,0.05010143323161212,0.102355269722938,0.10032099978136733,0.09091397906371734,0.0981829428626075,0.07275536196426607,0.09493981339365491,2.0490106768881376e-10,0.09053626171694336,2.878528665974984e-10,0.09746111953455346,3.066782311251773e-10,0.1003737781059445,2.681344588544513e-10,0.08919802432106146,2.575096152239667e-10,0.08550976885770466,3.3215533018628924e-10,0.06603055338627214,0.36110701438927795,0.3654324618574418,0.41208780876534945,0.35300178304493685,0.36134263152719825,0.3357259348695577,0.3334332707661563,0.32782183944062926,0.37961236939052295,0.1961784932200419,0.42009380979357586,0.3657840285061024,0.3917315743880704,0.3638604852764085,0.3560088123325447,0.37140210091874276,8.916786123713999e-10,0.3795844843927807,1.1755007611384621e-09,0.3631651565153088,1.2041284260858422e-09,0.348534283198378,1.2192105835452271e-09,0.3707507432289416,1.032688633360645e-09,0.3306275551033928,1.5012225131200557e-09,0.28789543130528245,0.25440103367398137,0.2443010136749329,0.2703866342117462,0.28106765948304624,0.2581054693930173,0.28839396296476616,0.30927126976825814,0.25330174962494456,0.29664657170588943,0.14672695793957902,0.28072115008446297,0.2800478224518762,0.3159175951297955,0.2555505537449178,0.28262410164115953,0.270909932887887,6.050304581016304e-10,0.268487552263341,8.936367242919087e-10,0.27949189530812424,8.702453272298234e-10,0.2732497161788917,9.69102066676952e-10,0.28125054585093995,9.473432388063971e-10,0.28128650969660135,1.1663020239599178e-09,0.22168676482273422
P019,S1_12,Sucrose,12,2,0.17593247506869028,0.3707584970165659,0.1283092465889013,0.20601465976810238,0.10344578091283224,0.15981872197401226,0.12475369560142299,0.1616312805705788,0.10518062521127121,0.3476986719211639,0.16017637083582648,0.18165769237977294,0.07387768916649942,0.14453336733418717,0.137601001220681,0.18116884019828802,4.341686680671217e-10,0.20380815694297658,3.3451001128393533e-10,0.12041888984688277,4.174381479634241e-10,0.13163225144342225,4.098417937620615e-10,0.1342952244799139,4.128962524731287e-10,0.14319248808600088,8.366270992849379e-10,0.22643964856621754,0.0805721192719508,0.08691933446843368,0.12420372327311337,0.08916541636056267,0.09363570120723724,0.1246005185981261,0.11216446550245147,0.10336301281538268,0.07882208338832954,0.10077593752241877,0.07560388042755387,0.08743149077360472,0.07962967062155878,0.08832628483022353,0.09015318671549309,0.07422911441419633,2.1754844071916007e-10,0.09064932742920317,3.132785300033342e-10,0.09654804381428642,3.7233786215991505e-10,0.10911810990268167,3.082880876315884e-10,0.08308456414536794,3.5975361417417927e-10,0.10776373915891707,4.20726138941252e-10,0.08979901045537415,0.08180913317171948,0.09589758424593192,0.07780186802177942,0.10146793097890204,0.10891935964623996,0.1028659347090235,0.0967154826135299,0.0837703647206283,0.1389385718037941,0.07725734876586088,0.11126981874552284,0.09348957778749449,0.11705182936241883,0.09223029345483054,0.08699651656750795,0.09415049722964514,2.536352173811542e-10,0.09362265215855836,3.9289588237317896e-10,0.10526685429312821,4.2155048728219363e-10,0.10589264717763172,3.594496695019981e-10,0.09760728415360061,3.0873797228041956e-10,0.09024292366707909,6.120482822050539e-10,0.10809796028482749,0.36383041363799007,0.23377037659317504,0.39870149705872415,0.3319765318990719,0.3754045578376258,0.33969007395311157,0.34480748779597553,0.3628732967471671,0.38918309404555446,0.27576787579936074,0.35721290343307294,0.325341249750562,0.39352699807877667,0.3484960536453316,0.41854231423973803,0.3532667255833114,9.118031074726679e-10,0.335138828728766,1.3415376529639579e-09,0.36427942087871135,1.4488467313983936e-09,0.3575473158953687,1.4592061964141935e-09,0.3784580228867894,1.1182690990049082e-09,0.3538403922715713,1.7910360726379904e-09,0.3324754849224576,0.29785585884964977,0.2126542076758933,0.27098366505748206,0.271375460993361,0.31859460039606446,0.2730247507657266,0.3215588684866197,0.28836204514624314,0.2878756255510505,0.1985001659911961,0.2957370265580242,0.31207998930856606,0.3359138127707463,0.32641400073542726,0.26670698125657993,0.29718482257455914,7.359772673155498e-10,0.27678103474049603,1.1431026344293039e-09,0.31348679116699113,1.2253991369795626e-09,0.29580967558089555,1.0749908091163264e-09,0.3065549043343282,1.0291817976184714e-09,0.3049604568164314,1.317737967955711e-09,0.24318789577112332
P019,S1_5,Sucrose,5,2,0.1990115368233884,0.17923042329276043,0.1628227833052983,0.18580626649128712,0.16362182369434,0.19945424458618968,0.13337428138411858,0.20468633290026647,0.14490762307209606,0.5839752073577451,0.16505883341770672,0.15171616675798036,0.13066695074399395,0.1675264522621533,0.10261522140559305,0.1601187005104579,4.38149086690995e-10,0.17394100168140356,5.320137859300759e-10,0.16531736782166923,5.943430156551728e-10,0.18153803414026484,4.2579749371721386e-10,0.14023183123054955,5.079865994755164e-10,0.16903030714219253,2.537682342998076e-09,0.36444141521492057,0.06802899349965699,0.09565771559692844,0.08572017040506703,0.09068716818877308,0.11065835036246578,0.08930381673015904,0.05924511266571211,0.07925191255462796,0.07697907553036876,0.12125639298947831,0.09022698746012738,0.09104700549873572,0.08276067559431739,0.08177364272790247,0.14230611904310927,0.10376445903248224,2.1947106317914464e-10,0.08689467344154811,3.421279597464407e-10,0.09112412135371117,3.9195397258054717e-10,0.09998108354631241,3.9973077762902914e-10,0.10265122409945285,2.230487898578812e-10,0.06924851261017004,6.860714320297867e-10,0.09911773425992354,0.06593955812771812,0.09211546048365378,0.09770041847133924,0.09738492587410652,0.08434005048653793,0.10386871405234743,0.11561306041828205,0.07695070298815586,0.09216145067263387,0.03634915684572397,0.09918290363220539,0.09980866049793741,0.08734224004901607,0.08629823836047013,0.108682707979862,0.0866929404560453,2.3779030517010284e-10,0.09202198784782674,3.075368690981296e-10,0.09046231073709289,3.065906862717074e-10,0.09410438226944268,3.4861391869631376e-10,0.09225403171134838,4.179547858150533e-10,0.09628188170321896,4.401424399566226e-10,0.06425530375917893,0.37605789505190507,0.3467930207424674,0.3655471610368521,0.3223567228170219,0.3464086699149426,0.3249707559740638,0.37935837660785576,0.34328818582980597,0.3531475629807313,0.12608060293099876,0.3823485955530044,0.3434086298099308,0.4086351221222756,0.3357063293891827,0.33815901942148335,0.3422223144736027,9.614107291410342e-10,0.35608533750186355,1.33285573138421e-09,0.3539302193501162,1.2369507137696221e-09,0.3356897129445032,1.3260420340281186e-09,0.35618069635163613,1.3916513241109418e-09,0.36132328121883084,1.6402976898220861e-09,0.23961408295586503,0.29096201649733155,0.2862033798841899,0.28820946678144305,0.30376491662881133,0.2949711055417133,0.2824024686572406,0.3124091689240318,0.2958228657271438,0.3328042877441698,0.13233863987605396,0.2631826799369564,0.3140195374354156,0.2905950114903968,0.3286953372602913,0.3082369321499531,0.3072015855274124,7.033133144347028e-10,0.291056999527358,1.0448650131798533e-09,0.2991659807374105,1.054525947330848e-09,0.2886867870994769,1.0746905116923186e-09,0.3086822166070134,1.148974977704602e-09,0.3041160173255878,1.593175907906178e-09,0.2325714638101119
P019,H2O,Water,0,2,0.22183101160164873,0.24667554087524288,0.17707588955648387,0.2883345411673498,0.17936098012493526,0.26504237812926423,0.16152462538687168,0.23810355938270714,0.11741114963650322,0.5845981860183698,0.11977346164627113,0.19620646010165096,0.15826388640528785,0.20348537123438287,0.12944342346584228,0.2537959583684952,4.213352938350368e-10,0.20831615082477453,6.781720174468375e-10,0.20153815397346755,7.099551265659184e-10,0.22220167912709976,5.942740393671218e-10,0.18624715986850204,6.62902728526921e-10,0.19981409238478942,1.685995622247552e-09,0.3510046678274365,0.12227743014057865,0.11111268953592252,0.06653675423021088,0.09116549534711786,0.09845398564435155,0.09072826780627266,0.11556041725736235,0.10631025929770936,0.09905113768221155,0.10424189192831974,0.13120523481443513,0.09656464245666976,0.10226991295136079,0.08428581457181135,0.11861650179028417,0.09779822427151955,2.795054236557876e-10,0.10314370775415578,3.804695659126045e-10,0.09393449524344907,3.635393563907116e-10,0.09459112672531211,4.2325485919633277e-10,0.10074261339624396,4.4568967381672293e-10,0.11093533827753585,5.395541086256302e-10,0.10164651480526565,0.06069886497432104,0.07043171875687979,0.07740261595606421,0.061111512100855234,0.12111095882217021,0.0815162671389601,0.09409357311359624,0.06619064766409381,0.06965668537640031,0.04361021119106532,0.09538239180277905,0.06776164078925315,0.10345028511065765,0.07784437479545882,0.10728620377804624,0.06824697937063876,1.9650737526563886e-10,0.07213145739669208,4.158097668579385e-10,0.0959804714668117,4.328207653399456e-10,0.10131361298056515,3.989281798786619e-10,0.08920696076370035,3.5380719369599475e-10,0.08014211038884503,3.12031598607062e-10,0.05663344828373282,0.3108000089095144,0.2965454671725497,0.35985932806778653,0.2788616187814878,0.3380273531005523,0.2785919384936003,0.3223772771242753,0.31294384028612815,0.3663568044453594,0.13808818763043834,0.37269058521390896,0.3615770731152993,0.3155028085186971,0.3363154786830401,0.3113048733715154,0.29203220941913083,8.538265488203837e-10,0.33005568021009113,1.2456067990413734e-09,0.3171093946989725,1.2324330135729957e-09,0.3083096457970763,1.2249855813095951e-09,0.31378884249809585,1.2506394593675722e-09,0.3176605587052017,1.4339406775869326e-09,0.25222249603789887,0.2843926843739368,0.27523458365940573,0.3191254121894549,0.28052683260318895,0.26304672230799064,0.28412114843190267,0.30644410711789455,0.27645169336936154,0.3475242228595256,0.1294615232318066,0.28094832652260604,0.27789018353712697,0.32051310701399627,0.2980689607153063,0.3333489975943114,0.2881266285702156,7.071659202221576e-10,0.2863530038142866,1.1256295371823997e-09,0.29143748461729896,9.912285918706595e-10,0.27358393536994663,1.2634348919707505e-09,0.31001442347345737,1.1794461485695023e-09,0.29144790024362804,1.356760207235191e-09,0.2384928730456661
P019,S2_12,Sucralose,12,2,0.22715252959175092,0.36057927670423734,0.16746415970935422,0.37553737553847716,0.1499942588060616,0.2960543688751016,0.1599335231314633,0.3417543068192204,0.1672200400468969,0.628492211222848,0.13889453689442607,0.2728246969403676,0.12224505870105702,0.29273420124965305,0.1571890920196711,0.33086563072737407,4.052375270315854e-10,0.2570754292297689,5.223189790836671e-10,0.21525697190796833,5.386520176244257e-10,0.2230243138405816,6.294873441220403e-10,0.2257584956744388,7.058708404207918e-10,0.25084391497534186,1.3085600561076617e-09,0.3978561256348725,0.13514161905794111,0.1110949708962559,0.10269420743360438,0.08162677379910177,0.10123290200590275,0.10684809945714303,0.09887412398109612,0.10531206739337498,0.07894058784719783,0.09026066094355932,0.1167621317682349,0.09259516170209356,0.12425141449917627,0.10482870004021307,0.11832170033347482,0.09900131314692234,2.66114267930106e-10,0.10665247744287194,4.054895166083612e-10,0.10929027900060878,3.419949276269244e-10,0.10404050073152289,5.016889880175412e-10,0.11160078200494662,4.0951140149715224e-10,0.10209309568723554,4.214133100268334e-10,0.08460062439537858,0.07270616106215033,0.06366091730758609,0.09917702278771418,0.06457711558109375,0.112955588811497,0.08112975387682948,0.10298833556065272,0.06861543121585263,0.09751261839851409,0.026080139002958892,0.09940640027843302,0.07908424571796223,0.10659287570873625,0.08171913462252536,0.09520604376684709,0.07273526621388222,2.1050306173350517e-10,0.0797686437891566,3.865851848903203e-10,0.09559933825489701,3.727685162541499e-10,0.09704267134416325,4.144497410607655e-10,0.08906333007799773,4.1613429529423227e-10,0.08580188338825268,4.3932441462965807e-10,0.061796378700736496,0.3094646972570617,0.24953890869748574,0.32543641925231565,0.26201479528512184,0.34260442027830273,0.2953974587687266,0.3276626008585629,0.26193211842279,0.35069931869083437,0.1349782675891353,0.3623091049675416,0.3022639272577564,0.3243112622459465,0.2629048650563982,0.31014505121013186,0.2696487233615579,7.773568103527056e-10,0.30183797545288044,1.181830138998342e-09,0.30630450158734346,1.1420729917112057e-09,0.31900093952351466,1.3122663758539661e-09,0.2917524754685086,1.335016069691625e-09,0.29479735964067644,1.6191742649351947e-09,0.24283879313998485,0.25553499303109584,0.2151259263944342,0.3052281908170112,0.21624393979620582,0.2932128300982357,0.2205703190221993,0.3105414164682249,0.22238607614876196,0.30562743501655687,0.12018872124149826,0.28262782609136405,0.2532319683818203,0.3225993888450838,0.2578130990312102,0.31913811266987513,0.22774906655026356,6.339128911922541e-10,0.25466547408532186,1.0921105708799025e-09,0.27354890924918224,9.69952811436538e-10,0.2568915745602175,1.3235781560340215e-09,0.28182491677410815,1.2587004926044333e-09,0.26646374630849345,1.4135105633797301e-09,0.21290807812902757
P019,S2_5,Sucralose,5,2,0.12689664490982616,0.13549635838509652,0.1443031810194175,0.10739845355979692,0.08727926776413034,0.0849256459191842,0.10013531793861326,0.13134101197678744,0.10206730580530209,0.3626046856027026,0.09092923263595398,0.11960404418423073,0.09658017758305833,0.10772724609017302,0.10776762091597664,0.11769245905961243,1.99255831921128e-10,0.12077131911572031,3.067880148150664e-10,0.09412808433913647,3.1177849667558415e-10,0.08610245684165727,3.5012814601383947e-10,0.10744187591220511,3.63734123809276e-10,0.11573816495770034,5.600494294368722e-10,0.23233599570400235,0.12312015130403302,0.10361046741174841,0.07104789727799476,0.0909795566656582,0.10079917907146492,0.12087314497540454,0.08574167297607839,0.10302919433331055,0.06825796634993131,0.04971789494360106,0.0810671191761927,0.10431895904001148,0.10969957743641104,0.10592383045081954,0.0883234608875729,0.10664004736623797,1.6527945547441072e-10,0.09569069181260643,3.52019850811908e-10,0.10932393298352501,3.6397941855910733e-10,0.11083616202343473,3.3409119231493247e-10,0.10264672903526037,3.0977016315615276e-10,0.09438543365469447,2.8276117321805415e-10,0.05898793064676618,0.10462220995526048,0.10285723550174451,0.0764213680446622,0.10357793330369353,0.09459823684453869,0.11003392493162116,0.10500006096737897,0.11034962350899409,0.09291362333236745,0.06305333187602855,0.09700519148106439,0.11681824260343773,0.07897205071530577,0.12361243809378439,0.09191229755337323,0.11302445084579574,1.830666726034376e-10,0.10021703014831047,2.9684375030230214e-10,0.10180416264631251,3.410050829112082e-10,0.10231608088807992,2.9722526064614277e-10,0.10188030930206479,3.765294835956861e-10,0.10767484223818653,3.826971417749283e-10,0.07798347760419799,0.3715841543311315,0.3215025062208472,0.3939211738724365,0.33878412868750746,0.362482371415251,0.3640026988751662,0.3764397159825251,0.32762374259074006,0.44551565592172443,0.2741258644864053,0.3698228349567803,0.32950319879892104,0.3505446476977379,0.3140362701707267,0.39214214032646766,0.32216426582097085,7.039291657774641e-10,0.35418633281127065,1.1896948651934719e-09,0.34776649703972046,1.2967927414563832e-09,0.3632425351452086,1.2581435712287315e-09,0.3447218310039758,1.3377991090483684e-09,0.3520317292866326,1.8215809731195922e-09,0.35982076020406484,0.2737768394997489,0.33653343248056367,0.3143063797854888,0.35925992778334354,0.3548409449046153,0.32016458529862424,0.33268323213540435,0.32765642759016744,0.29124544859067447,0.25049822309126235,0.3611756217500083,0.32975555537339896,0.36420354656748655,0.34870021519449657,0.3198544803166092,0.3404787769073829,6.497636013662124e-10,0.329134626112092,1.195884234358097e-09,0.3469773229913057,1.2632588956539764e-09,0.3375027651016198,1.1548930735400172e-09,0.3433092547464938,1.1890853591253509e-09,0.33016982986278587,1.2247572176083564e-09,0.2708718358409684
P019,S2_7,Sucralose,7,2,0.09059067453688244,0.11775826326399644,0.1329692100963647,0.10860886422972936,0.09139809942490164,0.1107234443728815,0.11437947618393031,0.09533683523257465,0.08500816898884955,0.4026716405957714,0.09324765548099945,0.10795630513459543,0.08343410953846202,0.09204347296741296,0.07685693581879227,0.10814411745362464,2.570328631065217e-10,0.10852182879042797,3.013261077217248e-10,0.09439978157591453,3.260141438287566e-10,0.10106077189889157,2.883891855128734e-10,0.09011965894457297,3.647003578984673e-10,0.10485815570825248,1.1344903164741863e-09,0.24383990479231046,0.04692764926916529,0.06537043676859661,0.080622834317674,0.07034464274508523,0.0712425583230756,0.08192804714906858,0.07043482545633419,0.06731022858783005,0.08884622526569362,0.08143807682852969,0.0777461957502271,0.08491101785736112,0.07216442461493647,0.07905183416845245,0.1054936682956427,0.07107061405065136,1.83389127538223e-10,0.07098712945135156,2.461355676333373e-10,0.07609671606388327,2.5311235871489715e-10,0.07658530273607209,3.1786935381790507e-10,0.08194513528242074,2.2640476309576402e-10,0.06887252702208212,5.129980473989791e-10,0.08514215104711165,0.1107462834047293,0.11108760900186324,0.09687613231266798,0.11182746095903374,0.09678447251176413,0.09330452482682405,0.13322863913959146,0.11098371598273414,0.0734178241681422,0.047893229504720074,0.10803809920353834,0.09422692927200305,0.10005779220938917,0.099993114727109,0.0897561384532856,0.11959201050684118,2.697775882610441e-10,0.10546708569230594,3.3468650627910537e-10,0.0975349760687716,3.39716544205992e-10,0.0950444986692941,3.394185448838475e-10,0.10234976397415624,4.2478755287844226e-10,0.1221061775611628,3.854582032015288e-10,0.060655526836431134,0.39690174698589603,0.39596285208140747,0.40422925192677894,0.401762613909424,0.4059265382145125,0.40939948306165697,0.35435809603191004,0.39106715191696406,0.4076879907434709,0.23142571606173268,0.40252905745930045,0.41428269158450776,0.39682860516105384,0.38836145811714207,0.4197141281547467,0.3917900363298788,1.0206240571730813e-09,0.40261136899121913,1.367364657373806e-09,0.40012902113859133,1.428973240065284e-09,0.40766301063808474,1.4526344847926802e-09,0.39917355694070533,1.1501519711363411e-09,0.37271262397443705,2.0720158620729355e-09,0.31955685340260176,0.3548336458033271,0.3098208388841365,0.28530257134651466,0.30745641815672764,0.3346483315257463,0.3046445005895688,0.32759896318823395,0.33530206827989745,0.34503979083384373,0.23657133700924654,0.3184389921059343,0.2986230561515328,0.3475150684761588,0.3405501200198834,0.30817912927753244,0.3094032216590041,8.081355561613431e-10,0.3124125870746955,1.1570360277765801e-09,0.33183950515283933,1.170490171959575e-09,0.31964641605765753,1.1611811061526358e-09,0.3264118848581447,1.0577408213626351e-09,0.3314505157340657,1.8342982909342689e-09,0.2908055639215451
P020,S2_12,Sucralose,12,1,0.5683282273946697,0.5388688422587281,0.5374279732001739,0.4482938588096928,0.48619154915405904,0.4965263743120507,0.4270748182808895,0.526567655388171,0.70916454401176,0.5392976061230466,0.6384029325983338,0.5815853855393354,0.6121954515749953,0.6091338610454922,0.5340708606753432,0.58430072096483,4.885503940822101e-10,0.5521512033001557,7.370935264276764e-10,0.5510118090216494,5.771484898295538e-10,0.4913589617330549,9.55547566900721e-10,0.5849252235651652,5.587487397705339e-10,0.47682123683453026,9.943657888289513e-10,0.6242310750674033,0.06215950242748525,0.08128202453371172,0.09183552389904066,0.08654953134008121,0.08653011952203223,0.08011886284472632,0.08905503493201351,0.05558804418578423,0.06952516695315754,0.0708547440052519,0.045023955444646935,0.043385867211524314,0.0617114391966807,0.06400162907332012,0.07147929762274169,0.052542355286647434,4.306179169304866e-11,0.06837273414274835,9.643179679996941e-11,0.07309051265918984,1.0225502658674005e-10,0.08332449118337927,1.1234443037148009e-10,0.062433680294847485,1.1322056106383119e-10,0.07232153955889888,9.85205657273281e-11,0.07018995547920472,0.04445179999527378,0.05873394721204494,0.048124844561999565,0.07239331773520145,0.05726036771957815,0.05115138746050017,0.05413282995370992,0.054337294898276337,0.03598156141606771,0.04934184710202916,0.030572316120169075,0.044311540080316986,0.042990559835626996,0.04071979957360179,0.05000710961560403,0.039510765262152185,2.8924451264832636e-11,0.049764627617500966,6.520456463489898e-11,0.04803052864732678,6.756137481356607e-11,0.054205877590039156,7.841326949899779e-11,0.04330705857174625,7.006958263973704e-11,0.05423506242599313,5.1716833391281314e-11,0.04266170425904843,0.17431329907208168,0.16695998651418398,0.1554086841540658,0.20123506747848513,0.1619009210138743,0.16058722905227818,0.23100563314276606,0.18532823964163153,0.08510192710470536,0.16667640765311312,0.13674157323172068,0.15634457786316247,0.15238524202032255,0.13138675472638872,0.18562991890497374,0.1642784221440323,1.1612367930817824e-10,0.16516719805228328,2.0688867604338372e-10,0.15156503670321594,1.9192246570585696e-10,0.16124407503307625,2.8591806501984204e-10,0.15842008444892933,2.961876387178142e-10,0.2081669363921988,1.251940110031475e-10,0.12588916737890923,0.1507471711104903,0.15415519948133108,0.16720297418471988,0.19152822463653932,0.20811704259045682,0.21161614633044418,0.1987316836906214,0.17817876588613676,0.10022680051430961,0.17382939511655973,0.14925922260513014,0.17437262930566072,0.1307173073723742,0.154757955581197,0.15881281318133772,0.15936773634233767,1.2247736946323244e-10,0.1645442368873119,2.2014264603744085e-10,0.17630211296861803,2.469997586523518e-10,0.2098665944604505,2.469546409805472e-10,0.15091395311931163,2.559450315806293e-10,0.1884552247883791,1.461513247346383e-10,0.13702809781543468
P020,H2O,Water,0,1,0.5105883326208945,0.3509990341309727,0.2896355127820066,0.4955786530904068,0.30134284430843966,0.5220646592379877,0.587435451011688,0.6295938710795517,0.6133517256597082,0.5766248927405015,0.44951899472814527,0.5303056557839309,0.5074648861977896,0.6030572740063441,0.6039580089037508,0.5394028180334551,4.2463101066422336e-10,0.4377710305227262,7.569556321556838e-10,0.4834824159376403,4.451048028462127e-10,0.4117037517732137,9.463984010574938e-10,0.5634707467853349,1.037523521445847e-09,0.6085146610456198,8.266638479249e-10,0.5949883092001049,0.05086924918988584,0.14176394636545145,0.06136108801347614,0.07573743943253441,0.09118155799269054,0.053193431693018316,0.07898442138415494,0.04394202763523333,0.05571567796425949,0.05404967776920568,0.05926942061772234,0.058530769328256974,0.07699331184947786,0.04046034480137434,0.06755784712528688,0.04699374053878358,6.556414734416271e-11,0.07458865215788786,1.4312813644429314e-10,0.06545716158414026,1.2806331787569922e-10,0.07218749484285443,1.247688467063928e-10,0.05800131107873066,1.3623992474256078e-10,0.06146322450969414,7.520893781735127e-11,0.054882677866732586,0.04385533133369489,0.11170213091197931,0.06126903206829167,0.08275166346989557,0.08776487977462506,0.06624629574029961,0.039938531860916324,0.05077927639215897,0.04368220592833547,0.05992258551957099,0.06894736440150531,0.057825127855116336,0.08622095995725004,0.05664084399949252,0.054070835844838384,0.06760255021448609,6.842602913096674e-11,0.07105844167341384,1.511242043014591e-10,0.07421824486791681,1.242150535114633e-10,0.07700558775746233,1.2649900263921567e-10,0.06613379750401675,7.117800004470964e-11,0.04535890412653765,6.018819084912153e-11,0.05180239572395323,0.21217168904136002,0.2211417776733751,0.3603120511022187,0.18925377916075828,0.2565251661392734,0.21301692606733894,0.14566120969735807,0.162381202134353,0.1484744864797551,0.17159283885350532,0.2362488258488361,0.21460225463624963,0.14701704771275212,0.17885882613034645,0.12432272055395864,0.2102180924346626,2.373938130277784e-10,0.23895506291046628,3.371270040815733e-10,0.19885449151242773,3.6428888122555505e-10,0.23477104610330618,2.4285887057407933e-10,0.16510417170792996,2.577676451713116e-10,0.15402120591585555,2.0234190817002487e-10,0.16003366266663022,0.1825153978141651,0.17439311091822143,0.22742231603400712,0.1566784648464048,0.2631855517849715,0.14547868726135543,0.14798038604588296,0.11330362275870288,0.1387759039679419,0.13781000511721628,0.18601539440379064,0.13873619239644608,0.18230379428273072,0.12098271106244216,0.15009058757216553,0.13578279877861285,1.8247914208697689e-10,0.17762681273550585,3.728283643016049e-10,0.17798768609787496,3.6913168128951784e-10,0.20433211952316346,2.9070178796364677e-10,0.14728997292398782,2.5773259057366563e-10,0.13064200440229293,1.8755135496154711e-10,0.1382929545425791
P020,S2_7,Sucralose,7,1,0.4817032834953546,0.30474027123666736,0.5536172589811095,0.5256219358068049,0.5041015665172882,0.6516275255931769,0.48223040257445043,0.6165818305286729,0.5453051235364641,0.5575611369172402,0.5336708935607101,0.6022440572856236,0.4634174455740585,0.6075133664695783,0.5057228838242364,0.6177781201969099,5.864272243278834e-10,0.5002662833943784,9.364711809998505e-10,0.5566649760385255,1.0122231182150773e-09,0.5778645460552325,9.130969246498192e-10,0.5486079540161959,8.312913647430642e-10,0.5494061165515617,9.301332388726689e-10,0.5514331302268521,0.10991129735565906,0.136203021119235,0.0924201822234575,0.10329046392407353,0.09594721360952335,0.07838495905812572,0.13072112715560283,0.1041545317667145,0.10427134162314464,0.13130854797320926,0.12691000294219845,0.09439543787103384,0.17317101021413434,0.12273926622728132,0.16486897087353825,0.10243416546303294,1.3948757742640927e-10,0.11052173423927625,2.483309787391955e-10,0.11756061227726618,1.8767598717614985e-10,0.08716608633382453,3.070227207989771e-10,0.14080335319449672,2.1885977292301197e-10,0.11743782946115866,1.8015168921375656e-10,0.11778994479817695,0.06025000920502796,0.11192041511990015,0.052881925267738814,0.045664943549965094,0.07295599736035173,0.04892993428601678,0.05960100590119132,0.050110919735142735,0.051717731927204226,0.04762030110096189,0.05160993430542049,0.04689974214554195,0.046347490732966234,0.03970221677789714,0.03721079729349903,0.04474695995678829,6.67947133216969e-11,0.06153782826559908,1.1253367438102202e-10,0.051983909789307975,1.4153910164328702e-10,0.06094296582318426,7.724894930470976e-11,0.04200186619028767,1.0005691535049551e-10,0.05485596281816703,8.772672082639178e-11,0.04966901651408306,0.17435674356898428,0.23846258714258628,0.1267159602989137,0.15603127972559858,0.15006979125760886,0.09636173216286986,0.13861953366260096,0.10145209705366072,0.10684099804374485,0.11315861221004953,0.13005494278972551,0.11380196916010428,0.14115727605980408,0.09681064554922543,0.12450573957639549,0.10514675827132142,1.6675537531843295e-10,0.15657058044765212,2.710740720655732e-10,0.12109986125737705,2.9067652096847317e-10,0.12321576171023936,2.4228395401275917e-10,0.11690510486418661,2.311577147922017e-10,0.12003581535813085,1.8260387750935862e-10,0.1099998051268972,0.17377866637497427,0.2086737053816113,0.17436467322878066,0.169391376993558,0.17692543125522792,0.12469584889981056,0.18882793070615442,0.12770062091580897,0.19186480486944252,0.1503514017985393,0.15775422640194567,0.1426587935376963,0.17590677741903665,0.1332345049760176,0.1676916084323312,0.12989399611194774,1.9054715389993506e-10,0.17110357365309437,3.294052633753837e-10,0.1526906406375232,3.439052366330036e-10,0.15081064007751924,3.138524477981848e-10,0.1516817217348333,3.1380313289873687e-10,0.15826427581098168,3.2300728734424837e-10,0.1711081033339909
P020,S1_5,Sucrose,5,1,0.5187879617835003,0.48252975404645904,0.5026927161811586,0.4521386760230259,0.4339629305964173,0.6109406590126302,0.6711512157298148,0.6630962671371129,0.5448910015650895,0.622406131180658,0.6455840845398488,0.6237373635352095,0.510972232310958,0.6539266784116223,0.5724573667341079,0.6347311088160529,5.814057979549058e-10,0.5375784260182003,7.525373493894117e-10,0.552450625082907,7.074001799453626e-10,0.5224517948045238,9.256891389765032e-10,0.5930218465681854,1.0520707431997938e-09,0.6671237414334639,7.762166480878312e-10,0.5836485663728738,0.0803909126324464,0.09177814382365351,0.07457808482173388,0.12677754423968124,0.08641890913745556,0.05143877987550891,0.05563179217982819,0.062464438247155,0.08238367897815185,0.05599345126346571,0.08755140092192185,0.057107262061011584,0.06293664902381202,0.05414625271526869,0.06612066315078359,0.050170298262612927,8.728286437027222e-11,0.0863638914167414,1.1563343040297583e-10,0.06373514768801129,1.355322275125714e-10,0.06892884450648223,1.0777712460509413e-10,0.0583434657881193,8.791710179985902e-11,0.0590481152134916,1.1437512432996805e-10,0.06918856512080879,0.04807946519923999,0.07247664798079619,0.04603442822989807,0.0756017043260141,0.0789105515877855,0.053161201833795385,0.037933319852484035,0.04864792081601673,0.0591231624266076,0.041690612353734655,0.042921002129114344,0.05170157606686109,0.06878446861439114,0.04653982475510984,0.04046437072047198,0.050626227151634756,4.939118210104988e-11,0.056135803988653955,1.1382662538474243e-10,0.06184901169777047,1.2422745595300045e-10,0.06603587671079045,8.918839451023311e-11,0.05160372281040193,6.052144475090679e-11,0.04329062033425038,8.219996140617116e-11,0.05040688739017113,0.2009344498941526,0.19864735398529998,0.20644383464347488,0.19891406749500617,0.19274899694920714,0.1409171579596314,0.1085634903637414,0.11445216935419399,0.11257809556880698,0.1372881828273943,0.10244041883715711,0.14806788242778351,0.17216751378295742,0.11929308582705637,0.17198741316070973,0.1404602784812408,1.4456371116572328e-10,0.17590800121381236,2.8171216043406546e-10,0.1562816886297131,3.0428241305657385e-10,0.16683307745441928,2.858092385503374e-10,0.15097707281299108,1.7086153188204386e-10,0.11150782985896769,1.6105217508106615e-10,0.12493313919810065,0.15180721049066093,0.15456810016379144,0.17025093612373415,0.14656800791627272,0.20795861172913457,0.1435422013184343,0.12672018187413248,0.11133920444552185,0.20102406146134452,0.14262162237474732,0.12150309357195811,0.11938591590913414,0.18513913626788184,0.12609415829094264,0.1489701862339264,0.12401208728845857,1.3595665307458813e-10,0.1440138773625919,3.030526476077639e-10,0.16568352690159835,3.2764721423952897e-10,0.17575040652378443,2.746535888316867e-10,0.14605389202030236,1.9732805780437148e-10,0.11902969315982717,2.7955534053945756e-10,0.17182284191804592
P020,S2_5,Sucralose,5,1,0.6040846941689354,0.7068527577471548,0.5669008830438164,0.6059483254160525,0.4111254098713052,0.6203509922785687,0.35589623026437506,0.6380170010583747,0.3737850395667393,0.6213313223634396,0.42592102169191154,0.5932393220958624,0.22588693572931368,0.5348736607178568,0.4142629221496686,0.6139354711837682,8.399097985189094e-10,0.5838245006939555,9.20903081817836e-10,0.44805924964926114,1.1452747398382127e-09,0.515738201074937,1.0178485251482706e-09,0.4472397474451518,1.002129298018455e-09,0.49695661566137483,1.1768912525735785e-09,0.4975581809650894,0.11540483685035831,0.07946940607145911,0.13799661284843628,0.093529186150039,0.1599145653365103,0.12366348974446753,0.14016198114658962,0.11834222207124323,0.24919706272806375,0.11129446798369443,0.20259403955093724,0.12435012206431402,0.19186904057527526,0.18197499753161583,0.20315818399542754,0.13750645972000586,2.814398750211682e-10,0.125557367255924,4.794128032526882e-10,0.16435552329696723,4.224740395926062e-10,0.14178902754048892,5.8162135154189e-10,0.17862717045558113,3.6581127519969334e-10,0.12925210160891643,7.228709757640939e-10,0.18024576535587908,0.04183298300831517,0.03564695283579826,0.05875370939244995,0.054111697518023305,0.0338495240272751,0.026785111014794603,0.07813674196571418,0.029332516578341513,0.044383000435901626,0.0369233080107674,0.05579597172482135,0.031019135418533274,0.09579710594368482,0.03383492838215344,0.06320772867062484,0.02577283610961519,8.820235734992285e-11,0.04619340831632355,1.7288093299520154e-10,0.04756666734197699,8.954522583017173e-11,0.03031731752103485,2.240774572715932e-10,0.054653149776519576,1.959766852390678e-10,0.05373462927202785,1.322318502714741e-10,0.040653154223334514,0.08671650629726012,0.07045312639445696,0.0895370632548871,0.11478522136361168,0.12225771958986899,0.06784872024389141,0.12284508547332076,0.059564507793626056,0.10724754812090936,0.07048167009981553,0.08331246454441675,0.07741228236040108,0.20667155296257725,0.07578320882955268,0.10144793024834804,0.06941937540088935,1.4493437471627318e-10,0.08703611070250561,4.355472820715083e-10,0.11814030040647258,3.177698231367735e-10,0.0950532199168802,4.3325166576168993e-10,0.11333051686034182,3.110301554521276e-10,0.09120479663347342,3.157067725962019e-10,0.08886460911036245,0.15196097967513053,0.10757775695113121,0.1468117314604102,0.13162556955227275,0.2728527811750407,0.1613516867182773,0.302959961150001,0.15474375249841424,0.22538734914838673,0.15996923154228268,0.2323765024879137,0.17397913806088908,0.2797753647891488,0.17353320453882123,0.21792323493593085,0.15336585758572144,3.312230391618279e-10,0.15738861303129126,7.372911914552806e-10,0.22187825930532198,7.111347433722052e-10,0.217102233946659,7.184850303744501e-10,0.2061494154624056,7.687642851798875e-10,0.2288518568242076,6.658920969605243e-10,0.1926782903453347
P020,S1_7,Sucrose,7,1,0.5911752824678164,0.5205931630837893,0.59650451095999,0.5316285689957152,0.3840559303463267,0.6517715778018988,0.4680811202404518,0.6187079741601555,0.4115015594122852,0.6413944841593513,0.4760805028762034,0.6027178866482384,0.30935621685830883,0.5665208987144198,0.3257759080964067,0.6186065633919479,8.028195607756544e-10,0.5531166525052922,8.704724639153817e-10,0.47792615593023857,8.685832790629109e-10,0.5179137540741128,9.032969286550815e-10,0.45506489676527084,1.1236655950702715e-09,0.5433945472003037,1.0576035969154946e-09,0.5264480217858183,0.11043967601087987,0.09389591793067208,0.11806422087046058,0.13486288890094242,0.168685909604554,0.08483057126815036,0.14294531446855926,0.11595867135498203,0.16939619406224932,0.09334936711123167,0.18281599975252977,0.11429269439483802,0.2859525348896674,0.15145121740833803,0.26179033676964525,0.1094404263767094,2.386450429177179e-10,0.12572856631005377,5.444941849086954e-10,0.17273005829267746,3.5087037890142596e-10,0.1267582404363522,7.13818500945271e-10,0.20215862886109,3.3078199517965977e-10,0.12945199291177065,4.0861693601071403e-10,0.13137278058674048,0.0377878290844474,0.09927125209813989,0.04054430163898886,0.10426004329022683,0.06386302782030996,0.03909535506423249,0.061187787299456786,0.03567631217825227,0.06829947048500114,0.03933106055411077,0.046698216317850566,0.040409786056573034,0.04713306406123393,0.036450972387566366,0.04892886084623822,0.039613890884024464,8.277168019062538e-11,0.06149523808103777,1.2883337998123923e-10,0.04663560483333569,1.3389773697279186e-10,0.05147919144227123,1.2783322920137087e-10,0.04303169704476574,1.3922545743183964e-10,0.048432049738854524,1.6501711378797015e-10,0.053815265519555955,0.12037163375225203,0.15497670655543308,0.09714614510354613,0.11738935266849475,0.1439955565552925,0.07743980198543354,0.1283981264375355,0.07378710870874003,0.10150180474029102,0.07870392974755364,0.12189005122564973,0.07027987606922285,0.11240052703277637,0.07611302355300563,0.1290567124277073,0.08049217440449871,1.851581812160975e-10,0.1136756275624331,2.9672673250799505e-10,0.10248722728162701,3.0027811117921935e-10,0.11071767927036302,3.186419751600751e-10,0.09951560935449702,2.9197197350561554e-10,0.10109261757313777,2.484107296302696e-10,0.09010286724392233,0.14022557868460486,0.13126296033196555,0.1477408214270138,0.11185914614462114,0.23939957567351647,0.14686269388028567,0.19938765155399635,0.15586993359786996,0.24930097130017365,0.14722115842775274,0.17251522982776624,0.1722997568311278,0.24515765715801366,0.16946388793666972,0.23444818186000216,0.15184694494281947,2.449779222887449e-10,0.14598391554118326,5.710308142467624e-10,0.2002209536621214,5.019814396546605e-10,0.19313113477690108,6.330429016593273e-10,0.20022916797437626,4.6039640752851344e-10,0.17762879257593317,6.029048846320712e-10,0.1982610648639632
P020,S1_12,Sucrose,12,1,0.7083866097144372,0.506249024977373,0.6008230564010937,0.5548026724658577,0.41298168409057306,0.6554392275932077,0.5072537884117226,0.648755456893364,0.48231233466192946,0.5522595021969038,0.4788404717151345,0.5844095115820411,0.3535850880147095,0.5920660132631008,0.4760503652537278,0.6243349143099729,6.975808817014841e-10,0.5722518911426562,8.099423863723662e-10,0.5035180032403979,8.227011260135951e-10,0.5342104558418904,9.848944654718993e-10,0.5115090952103778,1.1191959828016286e-09,0.5780046226525433,1.1978030188644472e-09,0.5172859184294166,0.06317261385552497,0.1494208204469895,0.113670858727062,0.12341247025634995,0.16524911154200955,0.09349505283424939,0.19243768224303245,0.13002079626727583,0.18197305691346288,0.15675067198571904,0.1911341497957459,0.14150008470520764,0.18916120953323884,0.14180762288758259,0.16475736252817863,0.11848917404121755,1.9833433383094763e-10,0.13038516629781335,3.5650612199363295e-10,0.14742824919927008,3.0947011989674417e-10,0.12937208218812946,3.988979933012381e-10,0.1535538422475544,4.096898323487833e-10,0.16122923925515414,4.45877775080826e-10,0.16936186444959095,0.03671955417167877,0.042932000573970126,0.05799475655023766,0.07436607367699948,0.055789929145229115,0.03738917183974261,0.04422701539406181,0.031107249022154955,0.049250025406656135,0.043100374958687945,0.053361901952547544,0.03487008731610246,0.05516746672724849,0.029738013241805618,0.0484450490740933,0.031801654829259604,6.750251190744542e-11,0.050040729040256006,1.1066393117186074e-10,0.044521145238506456,1.0516116419362503e-10,0.046589550492485865,1.1586607936373799e-10,0.04128804596810175,9.431427474604161e-11,0.037667132208108384,1.20753661833164e-10,0.046175200182672044,0.09316373871447181,0.14453952500022002,0.08093893648320981,0.14893915950596665,0.1562125758150958,0.09374663386993266,0.07742566868226404,0.07520245526309152,0.11467573176912733,0.10170986679060347,0.11315891506819564,0.09200968497902064,0.14737706257283084,0.08574101884710997,0.109650138136121,0.09363853300854633,1.4414113200469256e-10,0.11212499329184743,3.021664373609154e-10,0.1207693227762423,2.9317383619686976e-10,0.12497960484251422,2.8764906591619466e-10,0.10910168814115204,1.6777313657714706e-10,0.07631406197267779,2.8132615230481016e-10,0.1081927992798654,0.0985574835438872,0.1568586290014468,0.1465723918383967,0.09847962409482656,0.2097666994070924,0.11992991386286786,0.17865584526891928,0.11491404255411383,0.1717888512488246,0.14617958406808548,0.16350456146837666,0.1472106314176277,0.25470917315197245,0.15064733176040124,0.20109708500787948,0.13173572381100407,1.8633060579349756e-10,0.13519722022742695,4.6553986507407205e-10,0.1837632795455835,3.9298618649455305e-10,0.16484830663498012,5.088886427365612e-10,0.18454732843281432,3.7960522002592245e-10,0.14678494391151656,4.2071338514754407e-10,0.15898421765845505
P020,S1_12,Sucrose,12,2,0.29644886707489815,0.2638206017440192,0.1293665456244235,0.2656169808594236,0.14621493064392188,0.13562974420602253,0.12624049925932224,0.13066773434050322,0.16419691465329725,0.1883835786270826,0.17704156614986258,0.15009781615354903,0.1258544534682737,0.13122263609836976,0.09778816563254665,0.14123044077613991,1.5888966982051578e-10,0.21373206293436267,1.9329272967975273e-10,0.13473044110414695,1.6912011885749418e-10,0.1409223374249722,2.1402858350795442e-10,0.1240239239938325,1.591908492773284e-10,0.12845411679991273,3.025159454245527e-10,0.17629024664018994,0.0906805529760448,0.12306752764118677,0.10054657128949598,0.12030213752122675,0.11538775811000052,0.06650543544535487,0.1103357554908658,0.07013483422099583,0.06640704725635249,0.08121025302657996,0.09989562514760031,0.07222405195221895,0.06971609551044333,0.055839152727756636,0.07451504339674025,0.06939482857692467,7.448130836333529e-11,0.10111941108796225,1.2473717471054748e-10,0.07686211044838884,1.3078947657285414e-10,0.09094659677767769,1.3777121347073448e-10,0.06736628005296622,1.3509663461937435e-10,0.09023529485593082,1.228277349000616e-10,0.07380865014146623,0.09375118211325693,0.11641999497294693,0.13955298888028136,0.11387200361367583,0.11153718712795578,0.09315645118721604,0.17071132806256017,0.15684378440341265,0.11981843205200457,0.12473101939799981,0.15465957272227868,0.118969503959598,0.13452453306669523,0.09844518854064166,0.15580427841580208,0.1055857501717274,9.538484753174712e-11,0.12287087437700629,1.781815607906261e-10,0.10941583998062718,1.2832992495953093e-10,0.10234681915758591,2.761359849340901e-10,0.1235899375487166,2.1344988134069041e-10,0.1637775562329864,2.1953665913150573e-10,0.1222747257250022,0.24223108793573084,0.3073190181202233,0.3261146035349739,0.31811471415742054,0.26566447566265083,0.30449289929789647,0.25649675653765025,0.2716506624771936,0.32653657026855293,0.28928345654799686,0.23482545348275735,0.2593113314303026,0.3426961278403259,0.347827734236325,0.33230973256996815,0.31441175149282274,1.8979015066123696e-10,0.2813193681102348,4.5113024798130806e-10,0.31517030925929956,3.1111305529475086e-10,0.28507868748027365,6.455706562244206e-10,0.33431133653486045,3.240099276215952e-10,0.2640737095074219,5.93458160522239e-10,0.3079100134082749,0.27688830990006974,0.1893728575216238,0.30441929067082507,0.18209416384825342,0.36119564845547075,0.40021546986351003,0.33621566064960157,0.37070298455789435,0.323041035769793,0.31639169240034043,0.3335777824975011,0.39939729650433153,0.32720879011426246,0.36666528839690726,0.33958277998494324,0.36937722898238473,2.0897511597812904e-10,0.2809582834904341,4.950787587276115e-10,0.36382129920753764,4.2207856334463755e-10,0.3807055591594904,6.43969989295388e-10,0.3507085218696244,4.260517984540913e-10,0.35345932260374796,5.899900941594305e-10,0.3197163640850667
P020,H2O,Water,0,2,0.6010105737668426,0.2557956895091743,0.505903517785229,0.23352007630702948,0.36978332825171695,0.5953396507211038,0.3146598616967505,0.5565367145924902,0.25357119590520544,0.5619973327077074,0.371176840119505,0.554380026184724,0.28717571639839806,0.5275411881267035,0.44433690646685026,0.5684623447575755,7.72560889623032e-10,0.4202977872787508,9.7546106897816e-10,0.4449599708744806,1.1433103942492454e-09,0.4825614894864104,1.0304094139441157e-09,0.4568790389373818,6.871005606432678e-10,0.4355982881446203,6.763193232445121e-10,0.4077842643064564,0.077390717892947,0.11766319060423609,0.11613816609691636,0.12759170435079803,0.16292781431094017,0.10239436047714541,0.1668286935445293,0.14010054188038232,0.17927556852582388,0.12336304433368322,0.2379034550911511,0.1306735249429526,0.2424608668863489,0.18274052078146288,0.21317179062955402,0.13372431011409347,3.732855383501771e-10,0.1345601264965002,5.492561319620241e-10,0.17263089061397435,4.740496759338241e-10,0.13266108739404278,5.997694232498037e-10,0.19302437210286483,3.3307670509515985e-10,0.15346461771245581,4.2245056281011807e-10,0.15131930642975355,0.052589714839340586,0.09516816305605838,0.06418383807179118,0.11274105871933664,0.06774236174850021,0.036993953489566724,0.05066144400656817,0.04019082948768481,0.07713114271546334,0.04137918510919512,0.05764059867570321,0.04024638044699207,0.06819944916169368,0.03549662827822232,0.05741975936282443,0.039426877118570194,1.5442139075213332e-10,0.07042829230153701,1.841190904066467e-10,0.052108098169495735,1.960648780298821e-10,0.05236815761903346,1.6385818543628674e-10,0.050135678480327656,1.0067238556042514e-10,0.04542613674712649,1.7937592193754077e-10,0.059255163912329226,0.09523902944721924,0.2956902492849362,0.11752817129115492,0.32166695939270795,0.13531721353680276,0.11237524732313997,0.17185739567193706,0.10835574862040177,0.14983543753483,0.10046249404816646,0.11417514592935205,0.12166620987322066,0.15226640293777066,0.09851986830895824,0.10868614852109063,0.11184752068253583,3.745153989850056e-10,0.17766096086976516,3.9370313940501857e-10,0.12461968302666791,3.987906324131036e-10,0.12384623042997137,3.4501801190530806e-10,0.11782998511258884,3.358715808374078e-10,0.14010657214616942,3.525396483830641e-10,0.12514896579149823,0.1737699640536507,0.2356827075455949,0.1962463067549088,0.20448020123012808,0.26422928215204,0.15289678798904416,0.29599260508021513,0.1548161654190399,0.3401866553186771,0.17279794380124766,0.21910396018428874,0.15303385855211007,0.24989756461578827,0.15570179450465307,0.17638539501968084,0.146538947327225,4.487569096738819e-10,0.1970528330534469,7.014156373970353e-10,0.20568135731538137,7.663490235921575e-10,0.20856303507054208,5.595362459061183e-10,0.18213092536683678,5.720699065653721e-10,0.22540438524962753,7.891635471103932e-10,0.2564922995599624
P020,S1_7,Sucrose,7,2,0.5327252039201855,0.5198758047525357,0.24737076635119337,0.3434409549732271,0.38854622223056784,0.3858100354913661,0.23224017411364759,0.39109167665217387,0.3559736365218643,0.37503058107327353,0.32354863513775367,0.3832183998032279,0.18698826936563726,0.4495056647492528,0.28814528847568677,0.39278089736206423,3.516688912255703e-10,0.3916966274896872,5.290776194480287e-10,0.352712547959206,6.769320004402743e-10,0.387178128860967,4.268093690498442e-10,0.32935502998816024,5.091109573242851e-10,0.3116659253829107,5.02530014995161e-10,0.36550210879756895,0.09068974012293615,0.07721161394365965,0.07767442823327884,0.13429422789259796,0.09646253194739393,0.11670289279944737,0.0959802640989336,0.08867414405251328,0.1420934640981766,0.09980430462326184,0.1045995546134028,0.10414631896315359,0.09782635030323593,0.09141852400205266,0.08034838096007531,0.09371111228898846,1.0176543841617362e-10,0.09810264729483816,1.7671421563555907e-10,0.10060257476303247,1.6999964215184833e-10,0.10658271237342065,1.56875455409094e-10,0.09082609188858809,2.024623684739218e-10,0.09232720407572344,1.9538851464999782e-10,0.12094888436071922,0.037226925961754795,0.05598597348495781,0.1085408593526331,0.1371116927977308,0.09657030824320095,0.07237381940097645,0.08766496848510702,0.06784344431021574,0.05862353875159547,0.058121539919364966,0.05702048985138126,0.05822417038904449,0.08005005519231662,0.04514315775037801,0.07828798450741298,0.06357964468489272,7.037768056686762e-11,0.0756850186395837,1.5642860788724189e-10,0.073534335146718,1.660646068046473e-10,0.0844720638220887,1.356557183404753e-10,0.06676521053375009,1.8349041811899487e-10,0.07775420639766138,8.23793835766081e-11,0.058372539335480214,0.19369725537104676,0.19559443241734198,0.2890420413861448,0.24343615456838444,0.2356114520387874,0.23660746693442344,0.3242271206845806,0.2504510574235453,0.23853730647834978,0.25517109550602746,0.27874624859076014,0.28463916498559266,0.32597362601265006,0.23393704497073986,0.3037209788145097,0.27194201041198035,2.5441420946980064e-10,0.24752588288654512,5.070364233829133e-10,0.2580323974891502,4.10732730828907e-10,0.23610945948660542,5.443297813239565e-10,0.28389341505246996,6.785848204420838e-10,0.2873390890540629,3.371475824126955e-10,0.24685420099218863,0.14566087462407679,0.15133217540150484,0.27737190467674994,0.14171696976805984,0.1828094855400499,0.18850578537378604,0.25988747261773126,0.201939677561552,0.20477205415001407,0.21187247887807203,0.2360850718067019,0.16977194585898167,0.3091616991261601,0.17999560852757648,0.2494973672423157,0.17798633525207463,2.0330416344641094e-10,0.1869898236893458,4.4334975142675343e-10,0.21511814464189313,3.1914182024836045e-10,0.18565763545691796,4.811009891109684e-10,0.22916025253703173,5.440557692957921e-10,0.23091357508964164,2.8867495828649295e-10,0.20832226651404306
P020,S2_5,Sucralose,5,2,0.5264716451215355,0.714622309276403,0.5352318049627411,0.5074126513424323,0.1606000614193768,0.47665349868739126,0.18990353317874345,0.48757974883135535,0.2824990239559501,0.5402784388112105,0.3125074248447538,0.47302133790764916,0.23296536084677874,0.3975793182107038,0.24674660829901543,0.4582484235681658,7.508547408136873e-10,0.5115445289092525,6.498930512449439e-10,0.31694955979106265,5.32737307336209e-10,0.318626780053384,8.191103796533924e-10,0.33388492773116596,7.082159839128492e-10,0.3387416410050494,1.0565746650979053e-09,0.41138873138358034,0.08588684594090559,0.04281021020957495,0.09677071480955214,0.0993981938922296,0.14548536132225973,0.07180273702212876,0.09955037116854942,0.05693731372029032,0.11783250631481651,0.06507401502027155,0.13430566455551707,0.08351046666058871,0.11372470795545987,0.07949706312149006,0.1054576801014379,0.0747700666349459,2.1291399705553426e-10,0.09044701601139467,3.841347895125631e-10,0.10262746735533461,4.1565232588232396e-10,0.10864404917219425,3.513419899601365e-10,0.09336237945333344,3.1370265996792847e-10,0.07824384244441987,3.9043541411907353e-10,0.09145326066754403,0.06247096850798015,0.03576355806028956,0.0505404413731529,0.07364517882035691,0.11143003861576845,0.05542891562223523,0.12588141610791662,0.06567287836914912,0.076298235679352,0.056215854020054135,0.10007636266961867,0.05521922953347583,0.08463354320087695,0.07282273867252187,0.10826398889098253,0.05366389947087061,1.5343738339536763e-10,0.06295262316081233,2.917277873836161e-10,0.08107880902785063,3.184367934255576e-10,0.08342947711900184,3.100769772377242e-10,0.079846042558813,3.948446537507893e-10,0.09577714723853287,2.572283877308676e-10,0.06625704484970307,0.15758241831647204,0.10199905739461397,0.1523475442769321,0.16116755068548203,0.24930800411339607,0.18430934852316105,0.3003538374412435,0.18998495877445729,0.23653954399523486,0.18262906641897186,0.20299228230491795,0.1895097901955312,0.30184395583596096,0.23373745116300942,0.23379817931179117,0.2008926134892692,3.3910206206586716e-10,0.16093310719565823,8.319514147720803e-10,0.24229968990888187,7.236676361205649e-10,0.21680867631827855,8.613939603583629e-10,0.2425680499500077,9.517462065483153e-10,0.24516939810785038,8.000771357893583e-10,0.20958430520710336,0.16758812211310625,0.10480486505911794,0.1651094945776213,0.15837642525949863,0.333176534529199,0.21180550014508295,0.28431084210354657,0.19982510030474807,0.2868306900546463,0.15580262572949236,0.250118265625193,0.19873917570275468,0.2668324321609232,0.216363428832275,0.3057335433967732,0.2124249968367488,3.968254155394058e-10,0.17412272472288196,8.968631429047706e-10,0.25704447391687,9.606961348349022e-10,0.272491017337141,9.235570615328177e-10,0.2503386003066801,9.06700817120872e-10,0.2420679712041473,9.49591059280417e-10,0.22131665789206934
P020,S1_5,Sucrose,5,2,0.41657363316700785,0.3446744559914779,0.15435736230161026,0.48289848845132066,0.16884560764283052,0.17403734947430163,0.18293819620586488,0.24447855623981918,0.14199817311502316,0.20366330997367038,0.14870448757022545,0.2316941142917694,0.22073120953135875,0.2205758501560972,0.2548431624583767,0.20022107234648626,2.2838501112834692e-10,0.2964837569622352,2.250219832067539e-10,0.19604750420114703,1.6755613530802147e-10,0.17144147855856606,2.792933675164047e-10,0.22409282362307972,4.0066526797657947e-10,0.21370837622284203,1.201781593837108e-10,0.17283074154434677,0.1119744210997223,0.117107049375692,0.09356512464334024,0.10941129239855553,0.07952845301602961,0.14219518079646368,0.10124811021686185,0.14221965450780458,0.10530261767784022,0.16542120154522583,0.07608427755945278,0.1341055753224913,0.08084503604084872,0.1097978474043933,0.10384219488648219,0.15611143353785473,8.296434229527512e-11,0.10704129006654235,9.394680166864346e-11,0.10309162931443383,8.263162817968289e-11,0.11086181690624664,1.110063262188527e-10,0.11264912796739474,2.2229197735838222e-10,0.1217338823623332,8.998195565249034e-11,0.13536190961153302,0.09774743192395315,0.12179252260519396,0.1251380012386673,0.10014378514126523,0.09728493313246372,0.13734361355316269,0.09170906251337017,0.10555432330161592,0.1169514617823072,0.12707076104041667,0.08368144179077747,0.12558460976025942,0.0900407895615172,0.1162599999278416,0.07958536261716573,0.13010057551653503,8.622760650730706e-11,0.1090146320766861,1.0784369139641001e-10,0.1102323340437463,9.882586859523029e-11,0.1173142733428132,1.0346795124174311e-10,0.1039966819057649,1.9952546484799147e-10,0.09863169290749305,9.654796031225078e-11,0.12201111141136194,0.15717197191120133,0.2162695025458693,0.3360637491672552,0.19118384745330785,0.3622934142078688,0.2878219894336409,0.3413216185602299,0.2615021507631596,0.33000207606494203,0.26382564522188806,0.37009093662418074,0.2961896654264555,0.31162453109810656,0.2732046935721546,0.30288771354007793,0.27302563622835174,2.6568646973933247e-10,0.26116161218804496,3.7534776900648303e-10,0.3087361570779427,3.5425164462841023e-10,0.3250577018207549,3.632962828691002e-10,0.2901856436096727,7.322975474065134e-10,0.3014118846616948,2.667640097082886e-10,0.2969138606434151,0.21653254189811563,0.20015646948176707,0.2908757626491272,0.1163625865555503,0.2920475920008072,0.25860186674243085,0.28278301250367327,0.2462453151876008,0.3057456713598873,0.24001908221879883,0.3214388564553636,0.21242603519902412,0.2967584337681692,0.2801616089395132,0.25884156649789747,0.2405412823707719,2.360125075188277e-10,0.2262987087064913,3.329867940263885e-10,0.2818923753627301,2.8720316914572096e-10,0.275324729371619,3.306600320980668e-10,0.26907572289408793,6.090234827420956e-10,0.26451416384563703,2.468918339811589e-10,0.2728823767893431
P020,S2_7,Sucralose,7,2,0.6333909797720926,0.4103942359584442,0.3340469842624603,0.46485118253439456,0.3574998476342091,0.2988284292054164,0.3981828734282714,0.39612793014553027,0.355661446614782,0.3154858761261533,0.4198832763238503,0.36020115710337064,0.4492355410353804,0.308000574652033,0.5231317129878555,0.3377144890865452,8.065480161867007e-10,0.4371279693257688,7.631931448288278e-10,0.35339109813175973,7.175066986206392e-10,0.32816413841981273,8.436120182135662e-10,0.4045205794404535,8.780830127151369e-10,0.39715540178690084,8.054498728702681e-10,0.3355736613704676,0.10204531135020345,0.11540848532033868,0.057894512105999725,0.12873451180744974,0.09846232276107786,0.13053045535046892,0.06017099140425396,0.08595255635174498,0.09147789392578777,0.11294448674852864,0.08245688301874497,0.11128487462477253,0.07609112975737103,0.12277312202069349,0.073225621558239,0.12436631022023584,1.7966106266911096e-10,0.09963742970458485,1.7280130360379723e-10,0.10696425747240282,2.0197739614482623e-10,0.11449638905577339,1.366744865298998e-10,0.09911404588913483,1.353402035973762e-10,0.07306177387799948,2.102341644526516e-10,0.1022111903371582,0.05596033479547583,0.11537899495102061,0.104527732798668,0.10481457246750538,0.10601090447351422,0.08933667642597953,0.07593548505536914,0.08010948360787284,0.08134783499872307,0.10099558519074883,0.08638524338193278,0.0834138198800587,0.07438338025217581,0.08785727339475927,0.050334369667381036,0.08680932926536268,1.6764335474488355e-10,0.09174678304577688,1.7510899856272715e-10,0.08939705863660721,2.1283069482126343e-10,0.09767379044974688,1.1333697447921894e-10,0.07484608814491969,1.6791852224916488e-10,0.07802248433162098,1.870071733011374e-10,0.09117171009473596,0.08533065949683268,0.20941659661773082,0.2466342977290959,0.1748134943198512,0.20903646345650825,0.26242126282358014,0.23552251837449173,0.24033432293186283,0.22994007383126758,0.2579463712608337,0.19929448590702983,0.2248271601816922,0.20267966291506578,0.2628222419501874,0.20958343398628787,0.24425641141838472,3.3651650918289523e-10,0.19005278237537207,4.020096563036463e-10,0.23423990778633538,4.274706650034703e-10,0.2357288631400442,3.690098609506152e-10,0.22983543756748143,5.199923148341675e-10,0.23792842065317726,5.25943236937716e-10,0.24394322254605064,0.12327271458539535,0.1494016871524656,0.2568964731037756,0.12678623887079893,0.22899046167469,0.21888317619455497,0.23018813173761357,0.1974757069629888,0.24157275062943898,0.2126276806737357,0.21198011136844225,0.22027298821010582,0.19761028604000655,0.21854678798232688,0.1437248618002368,0.2068534600094716,3.1861592082453483e-10,0.18143503554849727,4.128342158178272e-10,0.2160076779728946,4.620717993410951e-10,0.22393681893462247,3.074699126351936e-10,0.19168384895801044,5.044154822501905e-10,0.2138319193503012,5.469186443610849e-10,0.22710021565158733
P020,S2_12,Sucralose,12,2,0.7619947564374135,0.4252871089716892,0.4941749721066907,0.43699307721934244,0.33947468189528196,0.4391912075434046,0.31237394805616375,0.4479290568634118,0.17507735336423713,0.40624887936429993,0.3730409053629783,0.4307326508666163,0.4351223429277722,0.4410022312177751,0.49411632059110666,0.39635164194926814,8.697379301986e-10,0.48703724516078833,1.0522329306255055e-09,0.4136976158960584,9.430047031152126e-10,0.3893329447193433,1.347093389633759e-09,0.4416481341714805,8.897488086214018e-10,0.3801515024597878,6.199787794010548e-10,0.29066311636426856,0.07542277581691093,0.09995698480487233,0.1198783123925769,0.11146040341037708,0.1767811910998487,0.14475715400007302,0.14504828571582312,0.12562107209757026,0.1743878949061122,0.11750371295775643,0.1432800911984575,0.13993389197114559,0.13049248198976837,0.1497226712096167,0.13702829144890286,0.16708465460473784,2.2567349254941321e-10,0.11498874326572339,4.158103211750339e-10,0.1504383745748267,4.806666936276922e-10,0.16076917254996087,3.9168027696608865e-10,0.14608202481325644,4.012211108572896e-10,0.1353346789066967,5.690840586942709e-10,0.14594580393193432,0.03652912197478468,0.11520255392984625,0.05419664812447831,0.13819345016644957,0.06577904665436715,0.07217050951185533,0.08731071438064057,0.05882248353039227,0.09083558894219859,0.08096199066599634,0.07983254169937434,0.07016684135344574,0.07805379446476302,0.0617547404291354,0.055612593488628334,0.06821516553298704,1.6011040426182177e-10,0.08235352620806315,1.9342580161788352e-10,0.06943952276503022,1.811211663245954e-10,0.06897477808311124,1.9063678716655273e-10,0.06590907347887845,2.39080384199598e-10,0.07306659895551643,2.997595949668625e-10,0.08589878980409746,0.0532033014786567,0.1864614194611035,0.15672250658824707,0.18141311603340457,0.17896717678532625,0.1793369721328332,0.18330707183104586,0.1671961946773355,0.25195644944588613,0.1951671561848837,0.1612385401534668,0.18516056067580067,0.18957940954611152,0.17486398078024112,0.13468682193349718,0.18523951906951444,2.8102453044592303e-10,0.1540332407317799,4.970539142732567e-10,0.18068688481112802,4.906733205510236e-10,0.1791520744590797,4.6557701577484014e-10,0.17109243283234107,5.082716484229264e-10,0.1752516332541907,8.265008792495051e-10,0.2235618028153849,0.072850044292234,0.17309193283248847,0.17502756078800744,0.13193995317042634,0.2389979035651756,0.16454415681183404,0.27195998001632693,0.20043119283129013,0.30774271334156583,0.2001182608270646,0.24260792158572314,0.1740060551329913,0.16675197107158427,0.17265637636323164,0.17855597253786457,0.18310901884349307,3.381341964556862e-10,0.1615872446336451,5.458149624748796e-10,0.1857376019529564,6.459725659165375e-10,0.20177103018850484,5.023289905250652e-10,0.17526833470404338,7.471915995098657e-10,0.23619558642380853,1.0030421059705482e-09,0.2539304870843152
P021,H2O,Water,0,1,0.4434528255583672,0.45412998773021146,0.4214293172733535,0.3259836652864594,0.09553295118804271,0.3162628572891915,0.05695376448410669,0.12114378542412617,0.07158189359354206,0.1660245938546683,0.08234959176593476,0.3675887691271934,0.20510589192470305,0.23263066739484375,0.09184194873945008,0.22742534671666093,7.88729524109102e-10,0.34915569279025327,8.485377648349171e-10,0.21238309194919525,4.5333592245404106e-10,0.20589790423861712,7.940211821849219e-10,0.18925096369391445,3.3467769812201506e-10,0.08904877495411642,3.0231334098135855e-10,0.11880324372410518,0.1452275121405038,0.0636884851582348,0.1557140997763051,0.13556370439692464,0.12771708047558405,0.06904043500540688,0.08118530575597009,0.08995028968861556,0.07761838985792699,0.07917017328197933,0.0752599960651693,0.08694069760574481,0.08092544692353937,0.0691375717628762,0.0846137637766288,0.07083003309328756,2.9895974840780775e-10,0.11039908252381375,4.727098645942178e-10,0.08670513354185164,4.6261959170711465e-10,0.09837875774049547,3.7737430703010224e-10,0.07637670388908299,3.92901384898764e-10,0.08556779772229282,2.4121782884146347e-10,0.07839428156995315,0.11317270600311717,0.05285162277434823,0.10100619005466091,0.06490768464614909,0.12658463838201456,0.0735618119878475,0.09939172490210985,0.0601939176716313,0.12261805249297476,0.05005639463833817,0.11231519633432309,0.043201699147999574,0.09607540477585821,0.09956283679266362,0.09489249491408185,0.06981808280545643,2.5816612859136185e-10,0.08124251649343302,5.199497182995903e-10,0.09894617298459597,4.605991102757069e-10,0.10007322518493103,4.4057341374456335e-10,0.09008720482201503,4.3021935697741404e-10,0.07979282128687057,3.1666240305302387e-10,0.08633722356565647,0.1726312146821048,0.21802666973580268,0.2054482681948532,0.23632557106469076,0.3262923738445894,0.2679141655395359,0.40245843904482587,0.34289508696592147,0.3748288146758602,0.33317622269714564,0.3771943936586156,0.2540500511448065,0.32606130262691013,0.29943100836549513,0.38348076290483324,0.3235718378335994,7.173410838532721e-10,0.24394602808014562,1.5857959088031013e-09,0.3049247125941327,1.2190152900107675e-09,0.2971032696920627,1.5929592772016672e-09,0.3331362279327095,1.8429248980484603e-09,0.37267676300537367,1.122676024400078e-09,0.3540025186865029,0.12551574161590676,0.2113032346014027,0.11640212470082728,0.2372193746057757,0.3238729561097687,0.2732207301780177,0.36001076581298724,0.3858169202497057,0.3533528493796964,0.37157261552786847,0.3528808221759573,0.24821878297425534,0.29183195374898946,0.2992379156841216,0.34517102966500623,0.308354699550996,6.19153273671673e-10,0.2152566801123542,1.4857304325919465e-09,0.29704088893022434,1.2129335479833448e-09,0.2985468431438932,1.4371203611262854e-09,0.3111488996622783,1.7290069115160414e-09,0.37291384303134645,1.107706504192851e-09,0.36246273245378247
P021,S1_5,Sucrose,5,1,0.4822382817316285,0.7062976148652479,0.579655621685747,0.5772063448758499,0.10668860079587959,0.7484465813062384,0.3253213599251148,0.5760267177512642,0.27066339207579826,0.5938081466719796,0.3526450125262867,0.52316079596217,0.3718475286346439,0.6331357914980159,0.12423999673383689,0.6286065058312368,1.6483693787702365e-09,0.5368672786078217,1.885335627869432e-09,0.4650296255586944,1.5228394623499252e-09,0.427567591051059,1.492026679435379e-09,0.4394574556744333,1.6633923128690302e-09,0.4506740388381895,1.3014729948387687e-09,0.4322357693738889,0.1644874471415364,0.10934241347201781,0.1737749586516705,0.10953400637584135,0.11364160544009101,0.13451394635751832,0.10693798973054651,0.0887460745474903,0.08947525012839451,0.10558702467232903,0.06883357216330199,0.11907992763313903,0.09287517689966963,0.1064711368856991,0.13180667953091665,0.10763720920476243,4.229739231301429e-10,0.12417538757291784,5.216159503820771e-10,0.11187546639574453,5.167401801850856e-10,0.12407777589880467,4.700622464232962e-10,0.10969755063026196,3.9834145997917473e-10,0.0978420321390184,2.980255622311303e-10,0.09753113740036176,0.09130769221118196,0.05368226305298333,0.06633502415308881,0.07637544121586289,0.07740376970485183,0.03815126095601423,0.07993738018215257,0.05586517443302829,0.10727101378924253,0.06331918173842524,0.10564004466826912,0.09003404237664432,0.06422220399115554,0.08360423187997378,0.1284557930618909,0.07504255476105944,2.633625153656294e-10,0.08056241794633841,3.167972343853584e-10,0.06584536663299884,2.627809682822144e-10,0.05777751533043303,3.771569330954525e-10,0.08783119592351991,2.8231097722139026e-10,0.06790127730759044,2.65087739028308e-10,0.08529509776383389,0.15998204995394652,0.07202762024926646,0.11714182017852673,0.113213566323099,0.3791876613424259,0.04324256208299079,0.26751589388652197,0.12696267675135492,0.31628898411609674,0.10894991220763107,0.24553282283311337,0.12357267805365224,0.2544597608965665,0.09845107721833245,0.31116323572084476,0.10124341561383268,4.757799399626962e-10,0.13857842626526737,1.1797476671194806e-09,0.19383526538507892,1.0477158315447763e-09,0.21121511171270835,1.0939177705954564e-09,0.1913293723623941,8.562510257221872e-10,0.19723928531893845,6.682972634364553e-10,0.2126194481618639,0.10198452896170641,0.05865008836048422,0.06309257533096664,0.12367064120934725,0.32307836271675194,0.035645649297238076,0.2202873762756645,0.15239935651686212,0.2163013598904681,0.12833573470963516,0.2273485478090288,0.1441525559743941,0.21659532957796407,0.07833776251797893,0.30433429495251163,0.0874703145891095,3.8277529000850616e-10,0.11981648960765456,1.0017858820158348e-09,0.16341427602748326,8.906843211186421e-10,0.179362006006995,9.810640297212423e-10,0.17168442540939102,7.756896604791025e-10,0.1863433663962633,5.354834479843437e-10,0.17231854730005164
P021,S2_12,Sucralose,12,1,0.6148780517194867,0.5848207055027581,0.6350104080717692,0.5950086086503098,0.16463448083448415,0.733194464366359,0.3191499878454147,0.6068594892565699,0.26410427983185875,0.5563201255329251,0.21420662011318245,0.5044474146715272,0.2502909505231132,0.4838070644697101,0.09208405542594918,0.4999048905117099,1.6181536505538855e-09,0.5247286347881722,1.468486829256034e-09,0.40798174004841664,1.3894370308650286e-09,0.4489144726004216,1.0285750986561687e-09,0.3315217402326206,1.2048080729521451e-09,0.4630047385509923,1.0207095546652136e-09,0.4102122026823919,0.13296866574255223,0.14636580031144902,0.11952260974645981,0.05504044263810851,0.1082773515526803,0.10382931864249109,0.08899677928366233,0.07411085516943725,0.08631864907755295,0.08827998971116001,0.08378573224405896,0.08458622734613126,0.07387268679937053,0.14470927400413502,0.11473937292182482,0.1447393523208058,3.554124896752936e-10,0.10371157967145998,4.42650629418152e-10,0.10767215774966923,4.276416913099257e-10,0.10605333509758569,4.440906114835071e-10,0.11951517151153404,2.602047974294871e-10,0.08155381722654978,2.5048676803225097e-10,0.08729931939435648,0.06707417270709706,0.04233565312472913,0.06567542506087158,0.04177851638692635,0.1099986266072982,0.03485695429273136,0.08167427777172916,0.03701611709464123,0.10270427333837574,0.05070923686132055,0.09137245746820678,0.05394516490727945,0.07848807596450151,0.054648348145973566,0.09367460447908539,0.053122903044613916,2.429984896151279e-10,0.0603635649425184,3.914707982792234e-10,0.06949800125262616,3.4369892866248085e-10,0.07242779045001478,3.8145564708394407e-10,0.0699834829085436,2.1410536528710173e-10,0.05934519743318519,2.497634942824901e-10,0.07670675509984815,0.10933537029229068,0.10629104886435319,0.1104954415455239,0.16451741067599365,0.31526016411074936,0.05981116563550405,0.24940860443715532,0.15160629164355666,0.29966250679833206,0.15874745701117654,0.30291819554565597,0.1600811393448727,0.2898846959827377,0.1483344020191948,0.3405982810493466,0.14257520281650735,6.328538768936402e-10,0.15893976771144835,1.2652227206615675e-09,0.20332260693704646,9.335434843484215e-10,0.1875356648731267,1.3760618395722114e-09,0.23034814546694662,6.845357559571279e-10,0.20050744804035597,7.383293956203519e-10,0.2292049819047543,0.07574373953857326,0.12018679219671073,0.06929611557537592,0.14365502164866187,0.30182937689478806,0.06830809706291528,0.26077035066203813,0.13040724683579508,0.2472102909538803,0.14594319088341784,0.3077169946288953,0.1969400537301892,0.3074635907302771,0.16850091136098674,0.35890368612379403,0.15965765130636309,5.896103009144167e-10,0.15225645288640105,1.3035013839392252e-09,0.2115254940122418,9.079638090971064e-10,0.18506873697885168,1.4601880137177524e-09,0.24863145988035526,6.933326367156267e-10,0.1955887987489166,6.224063210602008e-10,0.19657674091864907
P021,S1_7,Sucrose,7,1,0.38359172610866715,0.48845650440106086,0.4335978680319933,0.2912782098967883,0.08982831318170117,0.4788904977207712,0.24387422437140166,0.3796169065949132,0.13350446207944613,0.3792511484841843,0.1431551442482776,0.2211111215842665,0.2984759441545434,0.3883479750531782,0.10872421303346529,0.38171494123038435,7.155282843888161e-10,0.3268650957118423,9.491459277806019e-10,0.3138856825275485,4.501267429564917e-10,0.28435940545123617,9.265351501039095e-10,0.2943157683678928,1.2033130932542691e-09,0.31174556548315746,5.712404413851063e-10,0.2563778052818152,0.1433159897275839,0.11543068232110029,0.1501635448742419,0.12525081652591813,0.10575887514110748,0.12250514507606873,0.1331323604806079,0.11011058530538603,0.10177640087211844,0.11690467480663194,0.12674507065883486,0.10844759272112091,0.0951574328967993,0.1282936287567965,0.09100824527730503,0.10921511934374058,3.068654811705507e-10,0.12822561613813335,4.0280865991645714e-10,0.11292877046769301,3.425271921423747e-10,0.1141320101085881,3.705327652280834e-10,0.10591860656866035,5.603345009365822e-10,0.12162147289299696,2.705266633157753e-10,0.1093405378393752,0.11211676008764292,0.058292195476535184,0.11829000083063589,0.07881188217543146,0.11128242339459213,0.06160970755656156,0.09357254359142281,0.05072062353182648,0.08644244483070604,0.046317755500142825,0.05772985828814993,0.08118948999134055,0.09222593449048626,0.062344346260504675,0.09116211219454402,0.06151711294738032,2.0707960539493454e-10,0.08440503114162264,3.806583735666635e-10,0.08186560292553616,3.3183686549931016e-10,0.08644606547557684,3.4702358084219795e-10,0.07681237647322882,3.6731677578388555e-10,0.07214658356162465,1.7902775145477126e-10,0.06638010016542444,0.1935953354304448,0.14710866291269054,0.19565804526133426,0.26449501693375405,0.33889846402993046,0.13546098148083585,0.25416383204697734,0.21552980536520855,0.33852910115258467,0.2108649760025557,0.36415698398996427,0.27674239381106286,0.24269553642796043,0.16850174945524202,0.35331508218848917,0.17913696290989514,5.657557913828078e-10,0.2402927397232085,1.0599971142715907e-09,0.22138918284849218,9.884184742745315e-10,0.23717972275538315,1.069885551729729e-09,0.2359123327453967,1.0750242913884714e-09,0.23484681870609295,7.293462667249451e-10,0.27469703857757016,0.16738018864566095,0.19071195488861264,0.10229054100179474,0.24016407446810847,0.35423192425266825,0.2015336681657628,0.27525703950959063,0.24402207920266614,0.3397475910651451,0.24666144520648542,0.3082129428147735,0.31250940189220916,0.2714451520302107,0.2525123004742786,0.3557903473061965,0.26841586356859987,4.59941462826847e-10,0.22021151728519328,1.172101968089426e-09,0.26993076123073007,1.0585977187237735e-09,0.2778827962092155,1.1631886308325816e-09,0.2870409158448214,1.17478500764114e-09,0.25963955935612837,7.655318821554729e-10,0.2932045181358153
P021,S2_7,Sucralose,7,1,0.41215559883294134,0.559809469114072,0.5465247566069693,0.26329158937058594,0.13648250739715698,0.5303538547280976,0.32926922079229776,0.4752818861916444,0.12299849160404566,0.45400447413561723,0.24532599368425134,0.18100247567430514,0.20819477943971973,0.49296239163435746,0.09369016749794823,0.42034471769227943,6.59102646133247e-10,0.3680183138805208,6.114433776892716e-10,0.3419983832998329,4.4018210057495936e-10,0.3334181810626273,5.304286758038831e-10,0.3037980140660762,1.2171585665853935e-09,0.4022755534919711,3.117972396426479e-10,0.28850148286983146,0.13469829436220657,0.09101524396271991,0.16345620720320156,0.182921978000539,0.0952498499657155,0.08299232855730977,0.1280287747562986,0.07322505867543158,0.07213680158621885,0.09299706667436282,0.09290459427442634,0.16321719288983605,0.10011130712438973,0.09758881117588783,0.08947065019440269,0.11741099876431052,2.1614002845470703e-10,0.13803558511548822,2.8440256017122897e-10,0.0939855742058257,2.2542743374221707e-10,0.08912108926151263,2.7651269905176367e-10,0.10114544181474769,3.94015960469314e-10,0.10062691671586509,8.5054298255891e-11,0.08256693413029084,0.09208246637816175,0.07172154744933844,0.07449486607192154,0.07444901102512644,0.13792627072646643,0.05644777483056722,0.054478999323810465,0.04895770702189745,0.0808905904523745,0.04710276475675023,0.07399203432207843,0.09812484411633171,0.10048177814335225,0.07847857086580114,0.14905071239189188,0.07584415972374893,1.2897390795709812e-10,0.08081079489382638,3.2416145235407097e-10,0.09333359864154676,3.082806324745541e-10,0.09718702277851682,3.328471832601641e-10,0.10096380528119855,1.8030397503936089e-10,0.05171835317285396,6.309802176821272e-11,0.06399667760456236,0.206495820959223,0.1485805730925559,0.13188299177481408,0.17940828890279675,0.2872441589204588,0.16016898280458616,0.2623814914452268,0.20493264765278923,0.4054189454621897,0.19870601189415824,0.28344657945405866,0.242034741320502,0.29450640581546167,0.17406593584568816,0.3264340667668684,0.20557311047387514,2.929892975698139e-10,0.1986414992506584,8.187834523634523e-10,0.2289963708465487,6.541577552160757e-10,0.2237065708625225,8.521974401129251e-10,0.25014487972547333,8.464626863250696e-10,0.23365706954900803,2.9514822337762007e-10,0.302062478678174,0.15456781946746773,0.12887316638131346,0.08364117834309252,0.29992913270095256,0.3430972129902018,0.17003705907943945,0.22584151368236627,0.19760270045823822,0.3185551708951713,0.20718968253911124,0.304330798265185,0.3156207459990251,0.29670572947707635,0.15690429047826576,0.3413544031488888,0.18082701334578613,2.4618310979899487e-10,0.21449380685950606,8.80840997518723e-10,0.24168607300624584,7.7529614319635e-10,0.2565671360348206,8.667980823813668e-10,0.24394785911250427,7.436460801663014e-10,0.21172210707030226,2.607326329229912e-10,0.2628724267171413
P021,S1_12,Sucrose,12,1,0.4387087511079928,0.5720870711185659,0.4886079928129105,0.30535909212578993,0.10774937446354978,0.5811675858557723,0.1886820332977368,0.3986119060876951,0.12870048303562287,0.46428530359457326,0.1595338252015614,0.25738883358472514,0.3325157316033074,0.4862836406223804,0.07032419570404808,0.4886773170401254,1.0420714273692444e-09,0.37028092765859094,1.4594164992233705e-09,0.3769290831362525,8.681701661665678e-10,0.3444584801596611,1.2578128768928216e-09,0.34445022124246527,1.3017744361386465e-09,0.293646969692716,1.123858116943321e-09,0.2964928933150981,0.12895040071530753,0.08133533024132789,0.1367457680795303,0.14429303787136621,0.0936018408535237,0.11345390230561198,0.10359615074618457,0.10963313495100913,0.1142122369695711,0.09223237519398814,0.09292564465002155,0.16714329627050306,0.11913633967526333,0.10606784292761154,0.10798702924637799,0.09488703704666773,3.6998608045448177e-10,0.12523224630467608,5.531138859751536e-10,0.10806498144050264,4.1083943507327535e-10,0.10352787157956783,5.369225213323419e-10,0.10701956222398014,5.4610844518517e-10,0.10661464284859684,4.296859318538813e-10,0.10322230608177962,0.09257080249168816,0.043373338068539574,0.10741695470802948,0.07890960420088997,0.10308706395603881,0.04388001618482105,0.07793976463611604,0.051740712442773514,0.09180448987861206,0.055344924884030554,0.11318977699328858,0.08022370282217861,0.07858556217206017,0.04502225995803043,0.1186628848529963,0.04654878954073249,2.928986732606818e-10,0.0859473632141024,4.1282926916259426e-10,0.06764372556773762,3.8135724406313663e-10,0.07348354007042993,4.1531479146416006e-10,0.07220487413095485,3.6339961808038177e-10,0.06484023853944478,3.120263206774765e-10,0.07357470738132131,0.20714664760007873,0.14339303413649593,0.1562373641511617,0.2246254295420368,0.3440150269768893,0.13665699201897352,0.34525658399064263,0.23133069298205491,0.3429019470539381,0.20283464462213255,0.31410798819554875,0.23233904372119707,0.2334802713614658,0.17439436571803824,0.3545493283542066,0.1749025291162014,6.954100466611637e-10,0.21297491789108647,1.3037736763933254e-09,0.2221366640188417,1.26406326201787e-09,0.2403360094979314,1.258058942251208e-09,0.234331623637478,1.6130720597503926e-09,0.28829363848634876,1.1585616468864807e-09,0.27286829583803535,0.1326233980849332,0.15981122643507076,0.11099192024836785,0.2468128362599173,0.3515466937499987,0.1248415036348207,0.28452546732931944,0.20868355353646761,0.3223808430622556,0.18530275170527558,0.3202427649595795,0.2629051236013959,0.2362820951879029,0.18823189077393948,0.3484765618423706,0.19498432725627288,6.301148742879554e-10,0.20556454493154408,1.3225668240497034e-09,0.22522554583666546,1.2787489718541755e-09,0.2381940986924097,1.2653728614917111e-09,0.24199371876512146,1.357188909354124e-09,0.24660451043289353,1.079653604557721e-09,0.2538417973837656
P021,S2_5,Sucralose,5,1,0.3959026725401353,0.6063238960230226,0.5063586596483206,0.4860609869040431,0.12027346452240413,0.6330792550722915,0.1331732399125525,0.43482744286468983,0.15253712723195367,0.5044453985251841,0.13957687727310203,0.33475183363862027,0.2096559739730361,0.6186371236066778,0.09376624697682347,0.48314167481853837,8.125171517996644e-10,0.4114958210045407,8.366827536798739e-10,0.39541145429360236,6.682403393100555e-10,0.3766763597973478,6.92353880233822e-10,0.3513002548437689,7.184226306489284e-10,0.2840003413886212,7.342358720194539e-10,0.3284912628785689,0.1801282074168984,0.07506659782841443,0.163159223830127,0.09425958367843505,0.1076405224221635,0.09585355898264059,0.07480596768276335,0.08134367465122656,0.0906582764732999,0.07313977263142134,0.08653361038560242,0.16509360789716315,0.12368728551794314,0.08192212328728916,0.09212959455547362,0.10292726753062163,3.1170685649549757e-10,0.12737347183944006,4.143949909903167e-10,0.1022758725525091,3.571342791493911e-10,0.10174704070240204,3.6875952527861586e-10,0.10016656772283189,2.736149720852522e-10,0.07807482116699496,2.3018640212585908e-10,0.08189902455236062,0.08790914773319622,0.07470767508017652,0.0819147340312013,0.06907430412494163,0.10017103638969964,0.05460692497543101,0.11257140628672478,0.03988209249774407,0.08409015521490547,0.052510409427118106,0.12539630805742552,0.0746408767507821,0.06430693899267965,0.04776452238131108,0.10354896104796059,0.08184984807081616,2.0582233150204872e-10,0.08560717429628723,2.8104203863185824e-10,0.06671235568478034,3.1464611292945345e-10,0.07738898068256532,2.682541921564657e-10,0.07436756762319188,3.459232087925688e-10,0.07622674939223442,1.995638515533994e-10,0.06830028232101179,0.18968531264408803,0.1345033553356807,0.1352176174545514,0.1672317655785244,0.31329072252679024,0.1088106996928552,0.3698998362491013,0.2010580153392042,0.3371672104117752,0.17256087973560089,0.3372699429047275,0.18449603750291685,0.303412560328288,0.12410162086503813,0.3960221159818857,0.1878600340867512,4.632666763445221e-10,0.1914006719034148,1.0382059817836098e-09,0.21240390085324287,9.523551403952915e-10,0.2110507111098227,1.09677353562623e-09,0.25284908281549073,1.1925135178927564e-09,0.28547892579415274,7.656161130561227e-10,0.25486404507368804,0.1463746596656819,0.10939847573270592,0.11334976503579905,0.18337335971405555,0.3586242541389425,0.10764956127678267,0.3095495498688582,0.24288877464713501,0.33554723066806585,0.1973435396806755,0.3112232613791425,0.24101764421051822,0.29893724118805276,0.1275746098596833,0.3145330814378564,0.14422117549327296,4.14363148892296e-10,0.18412286095631722,1.0956299069754055e-09,0.2231964166158653,1.0815095406342343e-09,0.23313690770786258,9.788686392360647e-10,0.22131652699471635,1.0574802840786146e-09,0.2762191622579966,7.852359586157427e-10,0.26644538517437066
P021,H2O,Water,0,2,0.31313243810739777,0.3581783214024936,0.3280955694228283,0.37472852430834414,0.12278021093650567,0.4733560976432957,0.21218876766474207,0.3623081713148928,0.11089963688103481,0.515318772644115,0.12341108888001392,0.31105553447860457,0.2300552912018176,0.3607997993069767,0.1600127218670215,0.34222657501842113,6.382744242621068e-10,0.30143357943328036,8.328347919153639e-10,0.29674784977214896,5.852210029982764e-10,0.2980681542899007,8.041783429714942e-10,0.27327359684855923,8.385259690501217e-10,0.2872484694898174,8.407425396171941e-10,0.31310920476257487,0.1505355980645426,0.10226128297446013,0.1452724494404503,0.08727208355511798,0.08713589970149095,0.09385399932355254,0.08699540052098385,0.07716504882055854,0.10090832538090454,0.07384590087462481,0.06906112420535379,0.08548353536682136,0.09937013733478377,0.09551320147077118,0.09989188937269407,0.08315353953837656,2.7912518894566843e-10,0.1066476789344577,3.7543765920234153e-10,0.09396830945764961,3.0286761120529807e-10,0.09049494951252174,3.706065711820034e-10,0.0944821919291564,2.8864369900022483e-10,0.0820802246707712,3.2845714743061835e-10,0.08737711312776467,0.10926015534479475,0.08573876508261798,0.14554902210664905,0.11360099279669215,0.11498892829016233,0.10397689714480783,0.0925176493950534,0.11489886031040222,0.09700614425964683,0.07689543571599643,0.11361215903565577,0.09559460957183265,0.09224952278957507,0.10344268162722906,0.08202849339091921,0.0999490020685108,2.928817683278406e-10,0.11055928398970706,4.0546233053924814e-10,0.10366450746294358,3.9044535710733145e-10,0.10948291271748509,3.3503678874809366e-10,0.09441742496905854,3.323336863459609e-10,0.1037082548527278,3.2228098133974196e-10,0.08695078998782163,0.2454727919060474,0.2589976427272203,0.21530124497734704,0.22046416222541954,0.3542749734780599,0.17719361968935965,0.32445558423656945,0.2031502857704563,0.39532381270329037,0.17530235487408513,0.3656171684814483,0.25253900971120086,0.26218170071441255,0.2429582098451383,0.38271355488049735,0.26501929959655973,6.918028704764477e-10,0.2597320033381139,1.1578393432108264e-09,0.25915212593174264,1.1364407191131316e-09,0.2657342965837098,1.143833134148015e-09,0.288218191259152,1.0111256928022402e-09,0.2638029350035129,1.1608067700824285e-09,0.28531308378868775,0.18159901657721725,0.1948239878132081,0.1657817140527251,0.20393423711442643,0.32081998759378116,0.1516193861989841,0.28384259818265073,0.2424776337836896,0.2958620807751237,0.15863753589117927,0.3282984593975282,0.2553273108715409,0.3161433479594109,0.19728610774988503,0.27535334048886795,0.20965158377813148,5.81337481103531e-10,0.22162745430444097,1.2086681424879683e-09,0.2464672073755153,1.0250168125823736e-09,0.23621968689638262,1.0975470990504855e-09,0.24960859499407384,9.345887380261435e-10,0.2631601159831702,8.990756122230966e-10,0.2272498083331515
P021,S1_12,Sucrose,12,2,0.5499749358302958,0.653730215519259,0.48158822429796283,0.37377854343242856,0.1098271212679282,0.5023018618012995,0.2445660179194269,0.3495118472883791,0.1612125936299487,0.40945514454045745,0.15144391114249875,0.5580043908943795,0.3458654273913735,0.46326724540436065,0.10871308056796311,0.45475619723520583,1.372123372451612e-09,0.4614200368528041,1.8742093962744986e-09,0.35531541396624045,7.104164001610581e-10,0.30606449153461385,1.7995070750304769e-09,0.3431504876497258,1.0461008380360978e-09,0.297038932603903,9.355750246135444e-10,0.2853338690852031,0.1746932749652075,0.0834245618652358,0.14808099581428324,0.14861705121768348,0.12728391644812578,0.16121198873507409,0.10253002301222096,0.11489364253938239,0.08948358499329515,0.11588197757224257,0.09648082745371145,0.10322454961470375,0.1361173160643659,0.13742702716163352,0.09499484555357368,0.12753868476294059,4.2304878776168746e-10,0.12575354348847087,8.350576758297947e-10,0.14051006210229983,5.002685303025002e-10,0.14424795259159995,7.601583086165504e-10,0.12401946838562841,4.049568972920679e-10,0.10871183277580168,3.696753269472652e-10,0.10268278128276886,0.0743613824823642,0.05143244360750407,0.08974422124284831,0.06391509399411595,0.12252699835160184,0.07759266887515796,0.07110325786820158,0.06955444031709321,0.08927324279292304,0.08176085383805182,0.09327116071797373,0.0551291580866002,0.09759694565385665,0.07958759096370174,0.11455854963357544,0.0712217229375028,2.646823353127923e-10,0.07130891002190107,6.249629182839792e-10,0.09432605096107956,4.220178721495043e-10,0.1000598336133799,6.038923442446067e-10,0.09074120229715915,2.700793410674341e-10,0.07032884909264739,3.233383635190936e-10,0.08551704831548743,0.1144896396384529,0.10998925574914124,0.16486325712284988,0.18668596188298794,0.3354498562271995,0.12445342271672002,0.3154753032075542,0.2315164392399526,0.3495548286863585,0.1811153159839803,0.3808731154116999,0.13125249439111816,0.2093246263026017,0.16361135985825404,0.33965038797865504,0.17818321872741763,7.493046964675228e-10,0.18135895403270832,1.4297393519101427e-09,0.20820981627619384,1.0878618164425994e-09,0.2299516394719598,1.440409445434164e-09,0.22269239821673212,1.1164181719744736e-09,0.2734958712237534,1.0793038664057967e-09,0.2653350723351694,0.08648076708368024,0.10142352325886082,0.11572330152205533,0.22700334947278406,0.3049121077051445,0.134440057871748,0.2663253979925962,0.2345236306151922,0.3104757498974744,0.2117867080652676,0.2779309852741159,0.15238940701319767,0.21109568458780195,0.1561067766120504,0.34208313626623255,0.16830017633693328,6.102341104804253e-10,0.16015855560411565,1.3933455692211667e-09,0.20163865669418618,1.005188509171111e-09,0.21967608278844625,1.4464348964827987e-09,0.21939644345075454,9.83993816994029e-10,0.25042451430389423,1.0270398898938201e-09,0.261131228981371
P021,S2_7,Sucralose,7,2,0.43468445007628,0.5663467987027475,0.5068990347707845,0.4828114482256388,0.11240576958675766,0.5639483182164299,0.2560149926976069,0.3983580537963779,0.09024984801476342,0.5452728794717064,0.13139194818580927,0.41325542462973874,0.2867155519830159,0.4686796152409389,0.1499452923606135,0.4047283582640638,1.0109819149152412e-09,0.4225648507651665,1.0921044764364336e-09,0.35793731375678556,6.358895991551222e-10,0.33817704390159375,1.0489497114710151e-09,0.327517204462158,1.160354885957384e-09,0.3271865232469924,5.958231066573157e-10,0.31776136374323494,0.1874138337183725,0.09248133191459343,0.21664487439571567,0.0958701719948232,0.13036050612158312,0.13099314300094766,0.11106357169325971,0.11850344028106274,0.06856673931165451,0.09982814561402212,0.09574828936521473,0.09743573026264404,0.12135768354608974,0.10690198905336905,0.11032921078607068,0.10545485335870039,4.082817492301816e-10,0.13093237194189392,5.173335854986023e-10,0.12240333043049739,4.159003737396495e-10,0.1306768245612654,4.774222501775836e-10,0.11101093418605745,4.594228195498114e-10,0.11478350598716122,1.8646265859168807e-10,0.0841974424628383,0.08755310094854916,0.07391159211146034,0.0661957488020364,0.06460383998738341,0.10920999933543883,0.05052389276756479,0.07587594410352169,0.06474788956079672,0.11150123288523578,0.05617292831204214,0.07159798973561671,0.09616526551236884,0.07276350580163603,0.0745080917700078,0.08475873733452666,0.08404776586411146,2.0342212660011305e-10,0.07667125618290248,3.43590118289216e-10,0.07675137241866187,3.1201618715727214e-10,0.07986694605150181,3.172139484406322e-10,0.07901952519257048,3.0074577064635526e-10,0.0703119168321592,2.1333918729137294e-10,0.08383708059863895,0.17705031435302018,0.14465219531295223,0.13144374332710915,0.16323405151169038,0.30141365017033206,0.12341031327815163,0.30719457712089593,0.21328720876445503,0.4217276659496377,0.14266025894723847,0.4044474010467047,0.14899694520262724,0.26756532839665004,0.17168880724099944,0.3136911079793406,0.19519842677097007,5.932814629452397e-10,0.19497077512568395,1.0949631266475782e-09,0.2160195247715333,8.512907120361352e-10,0.21241198172424186,1.1285127105054635e-09,0.23703591759699005,1.1780705296052363e-09,0.2602408929426755,7.478115295587942e-10,0.2821939624484381,0.11329830090377868,0.12260808195824635,0.07881659870435408,0.1934804882804639,0.3466100747858884,0.1311243327369063,0.2498509143847155,0.2051034075973073,0.30795451383870837,0.1560657876549911,0.29681437166665475,0.24414663439262127,0.25159793027260813,0.17822149669468476,0.3412756515394486,0.21057059574215378,4.5201138363395164e-10,0.1748607459843532,1.118883572486987e-09,0.22688845862252188,9.72305836365576e-10,0.23886720376139736,1.1319867793005812e-09,0.24541641856222382,9.837625313549982e-10,0.2274771609910114,5.900007923262533e-10,0.23201015074684972
P021,S1_7,Sucrose,7,2,0.37611481199044805,0.47744819087659546,0.527868415812888,0.3108894625499421,0.08841642365980161,0.4160452954366458,0.11549617711771729,0.2700103921623904,0.09484199059731825,0.41703571578118787,0.16913553698835,0.5544689953457402,0.22507748023477822,0.3589693175085021,0.12342735689263913,0.3035274303325995,1.023294806934643e-09,0.402654235593994,7.589578427821273e-10,0.27212712920993193,4.025815423160623e-10,0.2522308595482237,7.675618242468253e-10,0.25275039624212975,6.388362733416219e-10,0.19275328464005387,4.4186866706581337e-10,0.2559388531892531,0.17294406382648353,0.1251837307948538,0.1305567165948334,0.13321831339583617,0.1161933515929473,0.115248626287208,0.07792731350495787,0.09477453582061293,0.07769077158619518,0.0915512696920295,0.07728032222183728,0.06190214737172593,0.07962862619075936,0.10724282205226567,0.11394618948552283,0.11955745871552623,3.3960314220336836e-10,0.11684754903426166,3.5268379915834547e-10,0.10457835653079509,3.1832170691459813e-10,0.11572098894007765,3.6026454460336673e-10,0.10509377411101853,3.437866689605757e-10,0.0863509246627854,1.828693624830559e-10,0.08462102063911234,0.09251571651140596,0.06497771967816264,0.08118875933122659,0.10579668231262578,0.09642259052076299,0.06347346636504471,0.10566590354840177,0.052039905768238894,0.09937851800818802,0.039319836985037944,0.07141940103527349,0.07267835356354707,0.07024747273743148,0.051282801455835865,0.11236731440348582,0.05670401926795835,2.193272107672074e-10,0.08142943873870692,2.8667941427599225e-10,0.07035658276976876,2.4844931950509756e-10,0.07994802844290386,3.1658962366568025e-10,0.07265040196617788,3.898279872722065e-10,0.07885290465832033,1.7820824247761277e-10,0.06934917749661298,0.23071906483147298,0.20064640818935028,0.16799040664121626,0.20420868149463295,0.3566117251152573,0.20667308555263786,0.34454398512830375,0.28307736860359173,0.39261073429480586,0.23837172223516276,0.3846547454710698,0.13746642312227175,0.2948502506882016,0.2229478665272233,0.3374421772403239,0.2648375630209174,6.244284866326005e-10,0.22094762162500234,1.1359209225556943e-09,0.27027073197083,9.05158193667136e-10,0.2816424053339476,1.162121721458256e-09,0.2800194643691665,1.3842943300352346e-09,0.31381067686594777,7.635057613301823e-10,0.3154912282649843,0.12770634284018972,0.1317439504610381,0.09239570161983582,0.24588686024696277,0.3423559091112307,0.1985595263584641,0.35636662070061953,0.30009779764516586,0.33547798551349295,0.21372145530658182,0.29750999428346925,0.17348408059671466,0.3301961701488288,0.2595571924561726,0.3128169619780284,0.25537352866299873,4.367376262308385e-10,0.17812115500803505,1.201668513746651e-09,0.28266719951867403,8.690462793950227e-10,0.2704577177348474,1.2126451815703527e-09,0.2894859633115071,1.4390884942648917e-09,0.3282322091728927,6.595890004442997e-10,0.2745997204100374
P021,S2_12,Sucralose,12,2,0.33104761942745725,0.3578862490250662,0.40392952252882186,0.24783313947865143,0.08785753538937136,0.3237970912841071,0.1058034943931355,0.11376920256766151,0.10575753572397864,0.24350625610535948,0.09693408988839332,0.2129933427296851,0.18256167979525376,0.2081092938193551,0.10490672323727981,0.20038600351660965,6.854216754454149e-10,0.2751039938463459,5.340800314221668e-10,0.20058140007202185,3.235544208564137e-10,0.20582731333673923,5.518431218581684e-10,0.17399092509212458,3.5946289725645394e-10,0.1097863484803985,3.47853626711569e-10,0.17463189591466904,0.1434389522298825,0.0990813581738782,0.15447845476674563,0.17012831801117032,0.12486053304446178,0.13212038903339465,0.07161262242005272,0.12434040042543877,0.07583580875552963,0.11860603108527484,0.10570268193055557,0.1331060958799478,0.15695051787287634,0.13204715165255979,0.0783316276010268,0.1285580972161219,3.475480885040378e-10,0.1343226434986967,4.924674002222244e-10,0.13649464790082314,3.5642229815071687e-10,0.12849046103892822,4.4605138472628877e-10,0.12397184858564622,2.7257939589683035e-10,0.09797651142274574,2.17817196999153e-10,0.09722091992040224,0.13285163017059323,0.0841851842100275,0.10971239904746263,0.048663661091589316,0.09644092657721037,0.07950508689904652,0.07611339757148954,0.06601276714901547,0.060996595045901374,0.06971889846339241,0.10240915352407103,0.07213389539631238,0.10424007848139068,0.09371759238593023,0.09335324850985303,0.0909647972902747,2.8614579878837277e-10,0.0916593205733427,3.435584063481257e-10,0.09347592108589445,2.681909423854732e-10,0.08797300673812844,3.5984312564084095e-10,0.09556892916686216,2.4880018919478153e-10,0.0710630823602525,1.606982156744057e-10,0.0653577467546469,0.25035141714371223,0.2725397420349849,0.21574685092643983,0.3075252341265837,0.3693032851366704,0.2511835712558151,0.3877990890032603,0.3836311393211299,0.4583671124730477,0.3112384083958726,0.37517038900200644,0.3074895830961933,0.27470647776446805,0.3082988526297776,0.4189874173276575,0.3300431677353317,7.544684472898771e-10,0.2881372027216534,1.0647137399913444e-09,0.30087304669668274,1.0101991685636181e-09,0.31024342819624273,1.2261432698583178e-09,0.3330089788643087,1.296894310250055e-09,0.3857151141621951,1.087519334888684e-09,0.38480276043446016,0.14231038102835517,0.18630746655604388,0.11613277273053027,0.22584964729200493,0.3215377198522861,0.21339386152763648,0.3586713966120623,0.31224649053675385,0.29904294800154285,0.2569304059500997,0.31978368565497367,0.27427708289786124,0.2815412460860112,0.25782710951237725,0.30442098332418244,0.2500479342416618,5.37296414962152e-10,0.21077683935996153,1.005255571270097e-09,0.26857498424457776,8.778692068229033e-10,0.2674657906899613,1.0516982851712282e-09,0.2734593182910582,1.1731537060046933e-09,0.3354589435744081,7.399241871269999e-10,0.27798667697582125
P021,S1_5,Sucrose,5,2,0.3975127446096336,0.4692577307638744,0.5317885195131201,0.20398015960884172,0.1097964589021701,0.5513091502052312,0.17432435182584535,0.3940546088423873,0.1238371653613987,0.411404566831834,0.13243226176931913,0.3603811647400888,0.24388924178685487,0.4275846379246388,0.1179585339716145,0.3829470270780116,9.703144337865957e-10,0.3492254301674797,1.1538454483461693e-09,0.3331448722047237,6.839995359210236e-10,0.3305528045537006,1.0747442829289872e-09,0.2930948601902799,1.1235598949169625e-09,0.28418948033411634,7.243409016989945e-10,0.26762086609661634,0.1649509804016765,0.09557804054734308,0.14996502843886952,0.12287410782102633,0.09857344403091636,0.10162697904921336,0.0766601222989736,0.08476513350594998,0.11720798680181284,0.1160342107337395,0.09933334615273162,0.12520609249412099,0.1119788283476033,0.0951757011254418,0.09953571013163463,0.09351654767747104,3.796237973330258e-10,0.126317932642628,5.218735062184176e-10,0.1018387381382937,3.462177452912856e-10,0.10010021154006486,5.207246877216665e-10,0.10005169682053769,3.9171570019573703e-10,0.08071262790246178,3.8187553343787437e-10,0.11662109876777617,0.11671126021220164,0.07326000200968398,0.06660660474676289,0.05591613931451454,0.11320950029995533,0.04575398151572014,0.09405975657316455,0.043324243010194455,0.11617496974856253,0.04499631936585961,0.1058032546943499,0.06940983765610836,0.07912003357421267,0.0591743904493818,0.10591098436758725,0.07916613635558159,2.6166115083881983e-10,0.08128451643893689,4.1915795620797007e-10,0.0743144764598175,3.4929675009440697e-10,0.07948174090783773,4.230653639429215e-10,0.08084288618669083,4.104474700687067e-10,0.0686919997916795,3.0072255596649404e-10,0.08058564455721107,0.19012498806381697,0.19320324342995912,0.15307588371183214,0.31028150328124177,0.36604084811804033,0.1450380169269673,0.34375020120598243,0.24535749072389623,0.36190011388045557,0.2312262092731378,0.32963836942224517,0.22131352020295292,0.2818523507998285,0.2121047341415337,0.347941548599106,0.21608362885895746,6.779092316486065e-10,0.23293958468534134,1.4350399821267862e-09,0.2512589874965925,1.1274089597380402e-09,0.25553943252250383,1.448374951825966e-09,0.2644955655998564,1.6006628971161984e-09,0.29455384596493933,1.0379544584672258e-09,0.2965631615767967,0.13070002671267134,0.1687009832491397,0.09856396358941491,0.3069480899743757,0.31237974864891815,0.15627187230286793,0.3112055680960341,0.23249852391757225,0.2808797642077707,0.196338693795429,0.3327927679613544,0.22368938490672916,0.28315954549150096,0.20596053635900405,0.32865322293005717,0.22828666002997866,5.988922220343229e-10,0.2102325360656142,1.3658178650893418e-09,0.2394429257005728,9.842629500734875e-10,0.23432581047589304,1.4239901605001794e-09,0.2615149912026352,1.4611129868369983e-09,0.2718520460068032,8.243343199058703e-10,0.23860922900159987
P022,S2_7,Sucralose,7,1,0.564253354158914,0.4247056744760502,0.6117161893237327,0.4666383759095384,0.07868907920900885,0.4341659931037725,0.2817084169819823,0.33176366766192084,0.09478280075465945,0.3983079286376451,0.13182309781743576,0.4413835262975372,0.21707095934024712,0.30835712389708564,0.1444757116306296,0.442335152280644,1.836494994571464e-09,0.4400867029972013,7.712755913515023e-10,0.25957078888752855,3.89039507039118e-10,0.2564275361563907,8.182655226401436e-10,0.2780597367871516,1.618196123586633e-09,0.30673604232195156,5.242912944978438e-10,0.24654536469615226,0.16436413291322868,0.13135031681366652,0.1514943164041573,0.1026079213743819,0.10290973397831242,0.10693465508351421,0.09583077239946361,0.1183830042079459,0.06324813205630897,0.20672830406398812,0.10453024578107527,0.14370079005536138,0.0900943529664729,0.1028812589780806,0.08638872867936954,0.11664437562794884,5.534645689393262e-10,0.13300795389031186,3.585002338598312e-10,0.10070500025159504,2.7655982741885754e-10,0.10492219453091331,3.2581187314324744e-10,0.09900217906296797,5.584883731527373e-10,0.10710688830370475,3.13057007708344e-10,0.13498821806014855,0.046423957458151935,0.058717872241823295,0.03834835910357221,0.07033770303665039,0.10788921719422273,0.06150870529286356,0.09514264088523759,0.05446942767113679,0.10984246845168184,0.09544560181810297,0.07213103199508081,0.08896301917189406,0.09006277378006666,0.05536356490183657,0.06766549617537121,0.06873989390410308,2.1377536596393424e-10,0.06248699050119546,3.1612267888027216e-10,0.07870606529224738,2.644447960735038e-10,0.08469896124354315,2.606667218250815e-10,0.07045793219034438,4.629862457198164e-10,0.07480603427818719,3.794506752784743e-10,0.1026440351348924,0.11255303890001693,0.19236264877355336,0.10029664109429515,0.15892857486732467,0.3691025354584718,0.18279609690593732,0.26345683579194035,0.218489607204934,0.418538295071536,0.16897655094406622,0.45055466449725384,0.15458703576273605,0.30528929814135575,0.23965808832170077,0.36375759119188716,0.17385087827536613,7.153296809115445e-10,0.19488043398253,1.1084455282880089e-09,0.2742115047068664,8.90774868271792e-10,0.2759493161822046,1.0243633590108078e-09,0.2706389639825774,1.3802024046569882e-09,0.24097322149843717,1.3245214689223268e-09,0.2937574230078011,0.11240551656968807,0.1928634876949063,0.09814449407424244,0.20148742481210435,0.3414094341599843,0.21459454961391297,0.26386133394137645,0.2768942932540622,0.3135883036658137,0.13054161453619778,0.24096095990915442,0.17136562871247144,0.29748261577185753,0.2937399639012967,0.33771247232274243,0.19842969991193807,5.818453999448252e-10,0.1695379186287612,1.1154990627631223e-09,0.2868066408617629,8.46875311217771e-10,0.27800199188694863,1.0372186468275612e-09,0.28184118797695873,1.4665676526328382e-09,0.2703778135977193,9.948457425225168e-10,0.22206495910100574
P022,S2_5,Sucralose,5,1,0.587316912962124,0.5119542755341004,0.457999602859633,0.42935649815522176,0.4569896415656041,0.3951806914454751,0.42538916966935003,0.5051479013496968,0.3086317677901643,0.47535499397311465,0.3794851553339547,0.4234206927255193,0.3856326686435711,0.4722585864670216,0.3984334572026874,0.4600261589048069,5.970772947829483e-10,0.4649221895950922,1.1984286727623813e-09,0.42751539703041797,1.2672093634750547e-09,0.4260851665055396,1.1168054954463943e-09,0.42908771780452176,9.778228046647326e-10,0.4652685355095234,1.0035844196435979e-09,0.3919933808816395,0.15321052931271972,0.18363382168805598,0.18969730119599754,0.23290315480405901,0.20185453343703735,0.22333472907129612,0.09892889737218832,0.14809211801429753,0.22445676664953854,0.1527374639511227,0.1895750576449151,0.20016400808404425,0.21042037109181316,0.17484133892520493,0.20696205112912716,0.22399308937422774,2.6304661157900805e-10,0.19153064545496526,5.861582623480616e-10,0.2026127431313379,5.662773675506882e-10,0.21259463125416672,5.88761655625798e-10,0.20405421263009327,2.304675560525719e-10,0.12351050769324293,7.013803599938244e-10,0.18859711530033063,0.04697957397622883,0.040062962598709784,0.048035199513628696,0.04727208894845017,0.06457776004881205,0.05269494099620876,0.04887043851461332,0.04014580298417359,0.07505599409767813,0.046183645404790086,0.044137637512755026,0.048935661262600516,0.04376823738925469,0.04518451677708761,0.05576540065193549,0.041928042870819554,6.379367721110924e-11,0.04590385396872884,1.5290435968923971e-10,0.051556363802840774,1.786484632418516e-10,0.0586363505225104,1.3936712050000966e-10,0.04666154942227434,1.1054589816725865e-10,0.044508120749393455,2.338122647946608e-10,0.06061981975123411,0.08028563851557631,0.10122553624375538,0.13703767945129847,0.10125509781286159,0.09959597280143613,0.12436315056605994,0.198566384090582,0.13741221045250454,0.13839547689045706,0.11607995760262735,0.1236045204003408,0.11939719977945454,0.10293951403829918,0.12190920595648667,0.14547237750466022,0.09875979647827826,1.6679291146091657e-10,0.11046761203388117,2.911651468689581e-10,0.11220196084057048,2.813048850659978e-10,0.11197956168374804,3.4751989032265476e-10,0.11727022349443109,4.4658829357788603e-10,0.16798929727154327,4.356909601490563e-10,0.1272377172465422,0.1322073452333511,0.16312340393537822,0.16723021697944288,0.18921316027940688,0.17698209214710942,0.20442648792096024,0.22824511035326703,0.16920196719932762,0.2534599945721621,0.20964393906834475,0.26319762910803396,0.20808243814838107,0.2572392088370617,0.18580635187419925,0.19336671351158966,0.1752929123718675,3.2350135136414593e-10,0.18717569894733235,6.175243536039578e-10,0.20611353519483266,4.97656188147026e-10,0.19070429003403483,6.33444503082492e-10,0.20292629664867953,5.144637667410569e-10,0.19872353877629734,7.9749725313034e-10,0.23155196682025342
P022,S2_12,Sucralose,12,1,0.4038696024072617,0.22803302582548576,0.20460804401397328,0.19730696882067986,0.09387817794892855,0.1825343581760412,0.16267347290106976,0.2001978662826837,0.18112510822147052,0.2181891827480268,0.1323166820452873,0.17882731059291215,0.1437134966871823,0.18971601253705317,0.2137062982573864,0.17811197761741349,1.4744000942325714e-10,0.22416027228426663,1.4859072550108306e-10,0.15246051133730132,8.393214129843563e-11,0.13820626806248487,2.2407325734575004e-10,0.18131194627475886,2.2675779216141333e-10,0.18143566959187674,4.565334121007788e-10,0.19965714548474867,0.09326605764891596,0.13647877953170895,0.09638144497494533,0.12489302488700556,0.13091167330408732,0.12311071343073249,0.0796691993367169,0.12174387032287656,0.14551659421748497,0.11103291909114367,0.15153149641565872,0.13542601189722892,0.14174367415768416,0.14047613418267035,0.08486747368388411,0.1438876546605042,1.1421607965287148e-10,0.12299613589257724,1.5845459388665303e-10,0.13406054876879359,1.0919763696743516e-10,0.1270111933674099,1.525471048333237e-10,0.12774373417118573,1.1223936347967443e-10,0.10070653482979673,3.6042283240959985e-10,0.12827475665431431,0.07548195488240186,0.06936326002413655,0.06182119121330653,0.0693697165111882,0.13530779785812677,0.08478702648440437,0.08733619840737222,0.08166688850416606,0.12041727222742957,0.09098498944777861,0.0839759925863755,0.07613706839188956,0.11969016533631537,0.07920000469425707,0.081867387500963,0.07578762663967466,6.639614220323238e-11,0.0726915306015497,1.417573512308137e-10,0.10474624859327589,1.103304879183011e-10,0.11004741217126557,1.3179646973584325e-10,0.08913629604280252,1.2045097111601969e-10,0.08450154345576914,2.9816686974092096e-10,0.10570113083760409,0.18845540374076283,0.2598806306047235,0.3115381255993047,0.2984848960312107,0.30754142963632375,0.29010523265126253,0.2946102343818921,0.28913089348188453,0.2777659932223487,0.2620469990582994,0.32028611346228325,0.2648544587809721,0.28717374139463236,0.2777375518365274,0.286237937499154,0.2792847694525144,2.485450735072891e-10,0.2739166047032095,3.3851170482596275e-10,0.2906394888796865,2.565833193972807e-10,0.2988233311437931,3.6867162502401867e-10,0.28260850004570703,4.0699821320555295e-10,0.2918705639318883,6.929420077256898e-10,0.269906496140324,0.23892698132065762,0.3062443040139453,0.3256511941984702,0.30994539374991564,0.3323609212525334,0.3194626692575591,0.3757108949729489,0.3072604814083892,0.2751750321112665,0.31774590965475175,0.3118897154903953,0.3447551503369969,0.3076789224241853,0.3128702967494918,0.33332090305861223,0.32292797162989306,2.525811861144173e-10,0.30623545651839684,3.6448199232214216e-10,0.3180932024209424,2.7764517596929555e-10,0.32591179525504627,4.101101735212404e-10,0.3191995234655456,5.159638677151369e-10,0.34148568819066905,6.922308910443722e-10,0.2964604708830091
P022,S1_12,Sucrose,12,1,0.23793531149069136,0.1626018431952436,0.24052646884227566,0.13830408820514548,0.15074723846255084,0.1788961821225119,0.11648163377120277,0.15817125031746038,0.2629463279314492,0.2360914029341701,0.11949959185014657,0.12009973906593457,0.11770881575500551,0.12207617403634673,0.27561336267611586,0.1687018487479188,1.0598783540048816e-10,0.16982784044157287,1.3620360879134332e-10,0.14235710259410375,1.3777645104572932e-10,0.16482171029253137,2.358883512672325e-10,0.17102505030384674,2.121412621468011e-10,0.1373264420443316,3.836024166455598e-10,0.24951886543280966,0.1702502193228707,0.13662438476920358,0.16841570920368026,0.1307655890405177,0.12827235296250916,0.13388817512357612,0.10145124549333967,0.1364738499256083,0.10763603023363774,0.09319871205899609,0.15483141339236928,0.12891141579714993,0.09108123693572165,0.12295234017678862,0.1384606995642959,0.11438302882969045,1.094249544892632e-10,0.1482997885876319,1.1112170545569608e-10,0.11904852629964888,1.1593119305968973e-10,0.13108026404304263,1.3891307093261746e-10,0.11671932637662416,1.8469380733263075e-10,0.11896254770947398,1.5652909797474376e-10,0.10041737114631691,0.13278077038986025,0.11111649533935425,0.13063158377379389,0.0955227979279789,0.13876929069909422,0.09837626039589764,0.12990054485511138,0.1353001264535398,0.08051508928187949,0.09006000300172864,0.10901605607087397,0.10773505326298977,0.15907294812670703,0.12186873998800238,0.0738292973460176,0.12133788704345802,8.008210276464285e-11,0.11446712612747516,1.5041067988132466e-10,0.12952180980242534,1.2211312533670947e-10,0.11857277554749593,1.3726106961958678e-10,0.11902721812604627,2.3423522292855956e-10,0.1326003356543256,1.2002432465490136e-10,0.08528754614180406,0.1973145833646075,0.24033531037680228,0.1751748222337196,0.25103974954248626,0.25475663143763444,0.23769993400246806,0.3202921375089838,0.2680720939164009,0.25474975020674906,0.23289928034525575,0.2861878675658388,0.2649723190173263,0.27560098711036196,0.2573268415432273,0.22007606763807291,0.24330500920540007,1.8079419608366854e-10,0.23583744201679682,2.7066196761921074e-10,0.25634609852342294,2.2823988899490528e-10,0.24622828272005126,2.9506993105976627e-10,0.24907722637426555,5.738072886126101e-10,0.29418211571269237,3.722460857749543e-10,0.2438245152760024,0.2617191154319701,0.349321966319396,0.28525141594653053,0.3843677752838714,0.3274544864382111,0.3511394483555461,0.3318744383713622,0.30198267938699064,0.29415280234628427,0.3477506016598497,0.33046507112077156,0.3782814728565994,0.3565360120722038,0.37577590425563506,0.29202057277549776,0.3522722261735327,2.2376276574561117e-10,0.33156780282652315,3.5242887301081715e-10,0.35272646278039904,2.9661483610324486e-10,0.33929696739687865,3.889983036224519e-10,0.34415117881921736,5.959391442763766e-10,0.3169285588791764,4.411975752855121e-10,0.320951702003067
P022,H2O,Water,0,1,0.6749349652584602,0.533083944070994,0.45440442624108873,0.4501338029310948,0.47505600955234095,0.4394368266282256,0.27077309918704134,0.44945807122908993,0.3060322377760614,0.3728503316825684,0.3889247162487525,0.42852908837282827,0.4590512498482773,0.49273832308162385,0.3611132216543165,0.464490950324169,6.13404532380919e-10,0.48833515718720305,1.3102382863638868e-09,0.46657060227761693,1.294420317694182e-09,0.45724641809028327,1.1583366094354283e-09,0.44434843622709663,5.577613523097858e-10,0.36011558520806564,1.10163290097525e-09,0.3394412847293149,0.08579684367595544,0.14421105643577964,0.12678120127430764,0.18931992513315052,0.2241477971017315,0.15846317118348752,0.1961544972087466,0.14373209873243106,0.2263523213684558,0.17490008405575355,0.16945340654369861,0.17886688338136625,0.17034519369181791,0.1531106727245226,0.21175957249279598,0.1709467904911262,2.01735909335447e-10,0.14907155274070968,5.469909945430536e-10,0.17651670867538988,6.051995587646565e-10,0.1913054841426095,5.28913202541512e-10,0.17654055735006569,3.8399466827194965e-10,0.16994329797058882,7.940513641587899e-10,0.20062620271210468,0.028973771183495263,0.0403299585168926,0.06590405057232228,0.04555133513038699,0.054235078790439734,0.059171093237914925,0.07609542476880168,0.04806809645024501,0.05276916412155473,0.07588369016573569,0.0641447100147022,0.05308518969704198,0.05170687688930559,0.03981046625351678,0.06225621899878639,0.04211491421563339,7.707987892688823e-11,0.049664835852473554,1.4821451890090875e-10,0.051230878792794254,1.4880102026659903e-10,0.056703086014177326,1.5698591755078967e-10,0.04897211908931054,1.481170798332361e-10,0.06208176060952335,1.9234002124726541e-10,0.06432642714364521,0.06647046427586191,0.12082570349242551,0.12117009986257538,0.12119861949800698,0.09154998479594544,0.1721792437453814,0.1766593405613396,0.15111568142848683,0.16791899646100972,0.18953175836057798,0.13196150256986686,0.1374238482980802,0.11833315830510684,0.15061413579074598,0.14246523020863697,0.1330682592979753,1.6056178160213579e-10,0.11650837299946948,3.0191614627593997e-10,0.13316913065929492,2.5939227286622167e-10,0.13186461427066343,3.6469349888080725e-10,0.13612019590061628,3.4822087700757684e-10,0.16388751099491322,6.013660746490601e-10,0.17872537741079386,0.14382395560622618,0.16154933748390804,0.23174022204970568,0.1937963173073607,0.15501112975954226,0.17074966520499035,0.2803176382740704,0.20762605215974722,0.24692728027291821,0.18683413573536425,0.24551566462297963,0.20209499025068303,0.2005635212654928,0.1637264021495904,0.2224057566454644,0.1893790856710952,2.99626951106832e-10,0.19642008122014387,4.99568348658389e-10,0.17251267959490393,4.254785267111025e-10,0.1628803974822663,5.862305895686852e-10,0.19401869143291067,5.489988207987186e-10,0.24397184521690882,8.654133685830184e-10,0.21688070800414122
P022,S1_7,Sucrose,7,1,0.44039170999877186,0.23755881528317876,0.23474821997258535,0.1952177629242703,0.16099013316224345,0.24035612440677626,0.17763538716753693,0.18652620444236429,0.249758297268765,0.3360853936262927,0.16344021357113536,0.23428642744485698,0.13207339372955923,0.22190385056908127,0.21244049921596123,0.22446758610389247,2.1357291737978815e-10,0.25094052486579976,2.0744371191157254e-10,0.18883087546691504,1.8605260922829274e-10,0.20067312878450985,2.911782665107102e-10,0.19772133240462356,2.777952607054607e-10,0.18208079580495062,5.569421081757212e-10,0.29292184544752886,0.09857823431887724,0.13525303785673978,0.0911934874172075,0.15484373297562598,0.14030060008088877,0.17097862377697165,0.1511648400449973,0.14843493893495885,0.12507101364966983,0.12174289107159542,0.13550391143527132,0.141095306635903,0.10653501910881623,0.15000541517727295,0.1388070725874806,0.14301850684960318,1.4795108359525396e-10,0.1260779517732708,1.7085644828662406e-10,0.1419549145359874,1.5903301678398157e-10,0.15563961192893022,2.0668156144842469e-10,0.13459150343079324,2.3562355844924314e-10,0.14979988948997808,2.74598986430029e-10,0.12340695236063262,0.05730288097740137,0.1308438592982688,0.10046784132254497,0.13427139115669962,0.11733987718045592,0.1323277661766527,0.10561747638441528,0.1205195961988568,0.11836858433825422,0.09725372388312761,0.10801554501876634,0.1280165909132411,0.10696925564242091,0.1258933138649571,0.08908485341104418,0.12324046837602755,1.1888127205092555e-10,0.10981968478115371,1.5697174865896274e-10,0.12063255321612167,1.3214475173601632e-10,0.12483382167855431,1.6624072946304778e-10,0.11129697282361244,1.658944680510086e-10,0.11306853629163605,2.5822431932628153e-10,0.10781115411069092,0.13185942669720013,0.24703693304726293,0.20907315920320077,0.2404205748113722,0.3183116099246317,0.23778805892471194,0.2632341293981858,0.2461080479364518,0.24345353253662633,0.2350642535840429,0.2501903398469281,0.24989335088595288,0.3322436640978584,0.2561549073933419,0.24458142664822513,0.24004358206654622,2.7022410500140875e-10,0.2214122974153195,4.522388173759137e-10,0.286124560085136,3.4868393100286076e-10,0.2780498344246718,4.806310940071345e-10,0.26825589505149294,4.0937596707737803e-10,0.2546710886673188,5.343365907275247e-10,0.2392588930603346,0.27186774800774943,0.2493073545145497,0.36451729208446126,0.27524653813203226,0.26305777965177995,0.21854942671488797,0.3023481670048646,0.2984112124873683,0.2633485722066845,0.20985373783494177,0.342849990127899,0.2467083241200458,0.3221786674213452,0.2460425129953464,0.31508614813728886,0.26922985660393084,3.763268396013091e-10,0.2917495411644562,4.1436999261031726e-10,0.2624570966958399,2.8993819598931355e-10,0.24080360318333396,5.289021751630655e-10,0.28813429628947784,4.713906929232491e-10,0.30037968974611645,5.739001597532903e-10,0.23660115502081314
P022,S1_5,Sucrose,5,1,0.605193536122599,0.3337464925369709,0.5031905473409051,0.3157902114645113,0.3478919027285057,0.3216134560419065,0.18860447432713898,0.36013629118848217,0.14647862340824705,0.3216311436569645,0.4176483404549501,0.35215706043144507,0.19484886264332074,0.3129601622347119,0.3328549202923317,0.34973799879580125,6.007362064949494e-10,0.4212876980585636,6.065104024304439e-10,0.29432859591211125,7.735430636755308e-10,0.3347526793852061,5.741253576795801e-10,0.29760048599154143,4.132210293760206e-10,0.27437038275781056,5.441139391653226e-10,0.23405488353260578,0.09070302541920482,0.11141605717465461,0.11743069519043466,0.11653869480499357,0.0853885442441764,0.11481386750579683,0.08784227632864482,0.10599686669212383,0.11325284439715874,0.1128827304820001,0.08700139522121247,0.09925814462170839,0.0929755849502017,0.11762748543000748,0.06586041217081935,0.09680000121146509,1.2121207777916605e-10,0.1037246687387014,2.0047715676320143e-10,0.1027013705325456,1.9378895427950357e-10,0.10010120587498661,1.7484668886627934e-10,0.09331587094062341,1.8641541826601138e-10,0.09691957151038433,3.9799516386452766e-10,0.11306778743957942,0.042935990197099795,0.0963149136565093,0.05118393650554591,0.09432586180613191,0.08502816833920042,0.07945889060651658,0.10626321361489809,0.09068040016407351,0.12067500593875112,0.10437279027111557,0.0835617861724457,0.09323122619920152,0.09474405377914431,0.0946229833391035,0.08458786043333733,0.08725951223926533,9.110665115646589e-11,0.07692561908948901,1.991195954877626e-10,0.0884635240159912,1.8915485614418505e-10,0.0822435294728585,1.9453475155568624e-10,0.09030360244771261,2.2183336940092485e-10,0.0984718068894858,4.2141931477654494e-10,0.11252389810493335,0.12122927107910125,0.24211679463032135,0.1683689732966137,0.2417330395839213,0.21608590386286092,0.23124045542608615,0.29642287073601553,0.2216010504015841,0.32166781315219994,0.25027253520614123,0.2206333063409575,0.2258102932682998,0.3423164736479155,0.24734499213013922,0.23801612491111354,0.2306861429399497,2.4821036414520224e-10,0.20331527969986915,6.158899669655912e-10,0.25924695626675043,4.839152085794606e-10,0.22366317964447352,6.265414396091134e-10,0.2645909334072795,6.157392545740884e-10,0.2590119605687998,1.1186529949321177e-09,0.2859701741791706,0.1399381771819955,0.21640574200154378,0.15982584766650038,0.23161219234044172,0.2656054808252565,0.25287333041969373,0.3208671649933022,0.22158539155373566,0.29792571310364335,0.21084080038377892,0.19115517181043465,0.22954327547934555,0.27511502497941737,0.22744437686603833,0.27868068219239805,0.23551634481351896,2.294012384599551e-10,0.1947467344133769,5.973618463293722e-10,0.25525955327260147,5.91380195473098e-10,0.2592394056224751,5.960060475430456e-10,0.25418910721284316,6.647258336377153e-10,0.2712262782735189,1.0325826467826525e-09,0.25438325674371115
P022,S1_7,Sucrose,7,2,0.499771960778084,0.2730695399382626,0.3444631117552807,0.26564188651965714,0.299086059347501,0.2777567304546727,0.21662483303115698,0.26606418618510635,0.2677662820309979,0.32126557177171966,0.30442949882812254,0.26839156726209495,0.2741832661145052,0.3098788886029992,0.31816290275066855,0.3445282367381845,3.0403737961198537e-10,0.32596126084691696,3.4919707217075795e-10,0.29022623612991955,3.2058315941706717e-10,0.28842139490108687,4.5046767545303093e-10,0.3116883235515894,1.567499974609911e-10,0.24134450960813167,6.022693472059427e-10,0.29451592690135875,0.09637629383225765,0.13370320926882495,0.11562162165630337,0.12103827231456794,0.11445434632353972,0.1157469831265553,0.11273855085498438,0.14899508035073278,0.11784903463265081,0.12076850343202589,0.15052017378796972,0.1356665726144736,0.0850131941934674,0.1139260562531453,0.09194075405428419,0.11882820719553534,1.227439340962457e-10,0.1254876905790662,1.2080104651223395e-10,0.10728514497417693,1.232925172641181e-10,0.11510066472504751,1.3536317620309575e-10,0.10242705292410806,8.225171939929167e-11,0.13086681560285857,2.6319706129149277e-10,0.11930876903233835,0.06933093481197304,0.11322300780615432,0.06462131317071833,0.11082424498412032,0.10091964393486777,0.09949558561075597,0.09343086867763564,0.11058294843529838,0.10505937336374963,0.09442067542388798,0.08879677716894914,0.10951878977927317,0.10134717001573028,0.0885301671858925,0.06352540376321204,0.09441935128723186,7.608530139425046e-11,0.09271917795353139,1.2324960142908248e-10,0.09757314168681164,1.085468063125616e-10,0.10020761477281187,1.220302105826713e-10,0.08695552306301668,6.733963119835885e-11,0.10200690855646702,2.3343092064149775e-10,0.0997400243938188,0.13776855217168063,0.19966505868374124,0.16370738583763947,0.21381815431078297,0.20003415303323915,0.22360683127938683,0.25930581633282734,0.2136718658269566,0.23128963676465067,0.21414998656160444,0.16636775801557002,0.24523322932344574,0.25236695767246414,0.18266238045847832,0.2385820449166204,0.21962818725539046,1.47213237313299e-10,0.18776002305714334,2.789549139088499e-10,0.2146675806108921,2.1685960217805668e-10,0.211820492156313,3.6541016794655444e-10,0.22330989257573833,1.8092335321319223e-10,0.236488841079892,5.144717826880219e-10,0.22271981166312754,0.19675225840600422,0.28033918430301696,0.31158656758005787,0.28867744187087147,0.2855057973608523,0.2833938695286288,0.31789993110339604,0.2606859192019064,0.2780356732079512,0.24939526281076208,0.28988579219938876,0.2411898410207128,0.2870894120038329,0.3050025074994845,0.2877888945152153,0.2225960175236576,2.4413599694437394e-10,0.26807184756334196,3.5076555361614976e-10,0.2902478965981996,3.072073513675117e-10,0.2844498334447405,4.308711058221912e-10,0.27561920788554756,2.2172454507249937e-10,0.28929292515265126,6.17722047498192e-10,0.26371546800935664
P022,S1_5,Sucrose,5,2,0.49441364581989977,0.2977698772529912,0.4902542006507308,0.32645736402879816,0.3473190969989586,0.3151188121147423,0.18020024853569278,0.3752930278766886,0.18149926497166174,0.26983860326907183,0.3442539036535583,0.281751419178963,0.22458002471928434,0.3119469072564895,0.25914422110619384,0.32706437781286635,6.163348717040168e-10,0.3724834017641569,8.493468329732368e-10,0.29974121027236866,9.59398538550581e-10,0.33121895455685046,6.791073898569058e-10,0.2806838827237085,4.66996838526922e-10,0.2777466382061907,5.585456291096062e-10,0.2256689341203668,0.12211919540733546,0.12866439818517345,0.12455573992832716,0.11850144509693204,0.18220931146184716,0.13079375575759689,0.16546446739782147,0.12986213669238764,0.10032200821448055,0.09821569675625029,0.14103308335343426,0.13181416141905608,0.09514491500940907,0.11343546759601855,0.15762574185733783,0.12182344612828346,2.1365949530240678e-10,0.12778133723170973,4.05017885903815e-10,0.13039586245621793,4.990439656582714e-10,0.15650153360972202,3.3952266858833603e-10,0.12200739264776223,3.9977738868869285e-10,0.14766330204510456,3.012140154472839e-10,0.09926885248536542,0.07245950570807225,0.07626172690555515,0.06667533859868127,0.07161371684217689,0.06984640633854207,0.06738480153051635,0.11619119707130729,0.0770449258060863,0.08724306165260963,0.06786132397868651,0.05270171749015672,0.07337687927104776,0.08427337732953072,0.06745580885976901,0.08932603321595257,0.06735583882777263,9.435741231192858e-11,0.06884814746928168,2.3249132643422887e-10,0.07224009851458954,1.9343326077217477e-10,0.0686156039345292,2.399704676402965e-10,0.07710276455825624,2.7881624177462887e-10,0.09661806143869679,2.593548736183802e-10,0.07755219281564807,0.1280859340854976,0.21732385170650761,0.15478426179304058,0.19591981327080416,0.18996141925488502,0.2097289002053409,0.20251473906287992,0.18891031352238322,0.331836160478871,0.21272727606669292,0.20812556754318065,0.23597141292102577,0.3000259777131232,0.21827418667550957,0.2260804586643448,0.20690605596729775,2.98212029480648e-10,0.19003514022000942,7.467616542778149e-10,0.22949762096221465,5.293556353621009e-10,0.19984515973011296,7.477849185772874e-10,0.23782166975506883,4.933458998188437e-10,0.19571252629263158,9.797792642862002e-10,0.27228171827278197,0.1829217189791948,0.27998014594977244,0.1637304590292199,0.2875076607612888,0.21066376594576744,0.2769737303918035,0.3356293479322981,0.22888959610245468,0.2990995046823769,0.35135709992929814,0.2538857279596709,0.277086127209907,0.29597570522865246,0.2888876296122133,0.26782354515617085,0.27685028126378025,3.661582685056925e-10,0.24085197331484232,7.761980853830484e-10,0.2681252077946092,5.925389553993171e-10,0.24381874816878546,7.964185442925932e-10,0.28238429031520423,8.062441264940028e-10,0.2822594720173764,9.066766096081249e-10,0.32522830230583755
P022,S1_12,Sucrose,12,2,0.5157984784851143,0.31470598870770466,0.27166841666452546,0.37253506288517696,0.305682939525526,0.3302251034153178,0.19984728285514397,0.2561050551652382,0.13360461530876674,0.3691757607254442,0.3179030443578785,0.256673770371583,0.14965480245698873,0.2792011172559879,0.40937887818895236,0.32636769714283115,4.874162118727913e-10,0.3415474602453305,6.35878854290507e-10,0.26619099066345514,7.529946494090344e-10,0.3179540214704219,7.243707594765625e-10,0.29115062376119005,6.005843422143781e-10,0.22797616901019108,4.447801709965871e-10,0.2513901880171055,0.09408653709722983,0.08846398292786056,0.1308567236809296,0.0689758261944991,0.05747654894314907,0.07625982506908538,0.09651406013615832,0.08701646019574787,0.08858184748714393,0.10283411266583949,0.06652852318467412,0.09708010818720691,0.10331161465362883,0.08528284169486859,0.06823336318334737,0.0721775282411913,1.1579421868811693e-10,0.09099861687873335,2.44552212791148e-10,0.08058270759018296,1.4327729636034822e-10,0.06686818700611723,2.5128057270028193e-10,0.08225133694325902,2.854386256204278e-10,0.0917652601659531,2.690272597034939e-10,0.0957079800764917,0.06985117324035751,0.09528513360441732,0.08777705894027726,0.06891522793851765,0.08559782794837566,0.09216273540612291,0.10752328815389492,0.09789926103136531,0.11281285299383875,0.09443206133935,0.08991369358149569,0.08939191725368552,0.09465644235868885,0.095810322532134,0.06909140455993268,0.09483058483844281,1.1503077393891251e-10,0.08352236742645851,2.6484707917756957e-10,0.09205683206133036,2.1081801121484716e-10,0.08888028167724929,2.3984818753534005e-10,0.08859718857229959,3.181184596850744e-10,0.10271127459263012,3.3595982118034214e-10,0.10362245716659438,0.15593626753185866,0.26498645593794856,0.23528760406149957,0.2590058253143198,0.3100175785333512,0.26862578584992824,0.29865199437285406,0.2937520922494564,0.32948421050563553,0.2237513425480528,0.29529617872162683,0.2894623205334562,0.370310513215415,0.2934862189244766,0.24846486834701179,0.27650303826622413,3.4196167201393185e-10,0.24999577535011822,9.96967427281e-10,0.31061002413079275,7.557466337320041e-10,0.28932168219163973,9.051247734946976e-10,0.2971911596882819,8.863349771888614e-10,0.29620204331115524,9.717267967515746e-10,0.27661777652684416,0.1643275436454392,0.23655843882206867,0.2744101966527684,0.23056805766748617,0.24122510504959785,0.23272655025954514,0.2974633744819486,0.2652271313581915,0.3355164737046154,0.20980672272131365,0.2303585601543245,0.2673918836540686,0.28206662731527865,0.2462194995925329,0.20483148572075613,0.23012115151131027,3.041500526383993e-10,0.23393578009935925,7.683036459012476e-10,0.2505594455542386,5.908824173822709e-10,0.23697582765457148,7.087685195382269e-10,0.2408096910349695,8.793702605465154e-10,0.28134525292007007,9.862292514163772e-10,0.27266159821296454
P022,S2_12,Sucralose,12,2,0.40147166900304915,0.4924474920451433,0.4253808561213469,0.27471578848673245,0.2574997979402584,0.23640832006292833,0.2511680113587648,0.3101982409594388,0.1501964101931604,0.2821337237311247,0.27129967680019074,0.35838308588107903,0.19969013844574476,0.48084747676884465,0.30788811381165176,0.2497709925696584,4.1800617875966214e-10,0.3706164280562569,4.84074150980464e-10,0.29361143330444406,4.977163892552956e-10,0.24695405900159337,5.227319735100613e-10,0.30954918039897494,6.436375861759795e-10,0.28068312615910185,5.20860687857646e-10,0.21616506696214255,0.08545047210630001,0.08261299526621477,0.10284261378168154,0.08200115425715016,0.0852348650939898,0.086419671797968,0.11012808561298526,0.12846649222359552,0.08114222294192577,0.08460932704810295,0.11754636786855845,0.07931034688038338,0.053948625328256526,0.07664642546208345,0.08420983214074297,0.10689205794364376,1.2720741679118295e-10,0.09162732502671471,1.412772490609437e-10,0.07556239692057444,1.6561424742471505e-10,0.0858272684459789,1.3878382998629771e-10,0.08042423521868168,2.8097808640361253e-10,0.11929728891829039,2.6704443753081714e-10,0.08287577499501436,0.07715782280383039,0.046799377150547515,0.07502405097630946,0.0879550907160141,0.09119819601552488,0.09842860779234851,0.10663013018096389,0.07024332515891406,0.11792333600531163,0.08146622390708107,0.1002206539374746,0.07581557600263576,0.11617604779497832,0.06703982250172714,0.08769031202531834,0.08739924852199853,1.0555813447354612e-10,0.07716209526446864,2.054876649601413e-10,0.09321066852614472,1.7783310085814635e-10,0.0948134019039367,1.991655930011902e-10,0.08957635771100558,2.631995070264851e-10,0.08843672766993897,3.793148578573024e-10,0.09969477995619636,0.16360490633845484,0.19991340749164607,0.16003374361505948,0.2802045455318255,0.2718741097242202,0.2967887466945058,0.2705304339066674,0.2206236579386839,0.37174077229688096,0.20520049840072546,0.2611031492231624,0.25969201358043276,0.3301702301199533,0.1940542502292076,0.2363924789129457,0.2616407577776406,2.655646289381782e-10,0.22075862763009688,5.968795273670581e-10,0.2732218341919717,5.305004889198267e-10,0.28433142820936297,5.554154521927899e-10,0.25556442925993683,6.746966287076368e-10,0.24557704592267565,1.1848307120627382e-09,0.28847063534880324,0.2723151297483654,0.17822672804644812,0.2367187355056024,0.27512342100827797,0.2941930312260067,0.28195465365224953,0.26154333894061854,0.2704682837193681,0.2789972585627212,0.34659022691296587,0.2498301521706135,0.22679897765546883,0.3000149583110672,0.18141202503813728,0.28381926310934075,0.2942969431870584,3.0128912760861253e-10,0.2398355240224627,5.867734167478367e-10,0.2643936670568652,5.698967460465154e-10,0.28807384243912815,5.696471547763935e-10,0.2648857974114009,6.61632675968376e-10,0.26600581132999335,9.299761410476688e-10,0.31279374273784355
P022,H2O,Water,0,2,0.5046753974638472,0.44003054092921867,0.3511945490720389,0.3180918502465895,0.26389124643335926,0.30604829937685596,0.2827061242441932,0.4435948505985091,0.2125181803089716,0.5624888843367803,0.3180233905702127,0.34067494506185947,0.10477474633410125,0.38599717214144375,0.3184075499139655,0.3451899935902198,5.48152138433387e-10,0.37878177889062775,4.254432524842184e-10,0.26517786607144006,5.221087406444549e-10,0.2849697729051076,5.048869354628225e-10,0.2885923654949326,6.336318846317407e-10,0.36315048742135114,6.335160595677318e-10,0.387503532322876,0.07907087393800581,0.06224542392359639,0.09107790531036708,0.0699904380925135,0.14259783624482997,0.06605026562021643,0.11368290648202768,0.07352480342699932,0.07861331189976101,0.062345541372353375,0.08740988112234947,0.06902040341197685,0.09190014276211382,0.06755322830989552,0.13467928093609194,0.07728248938298769,1.2691219800583443e-10,0.07646915429980151,2.609410214794702e-10,0.09202536823426394,2.710078365357792e-10,0.1043240509325232,2.6597839730767874e-10,0.09285378534777225,2.3895171895130616e-10,0.09360385495451351,2.0318013271058593e-10,0.07047942663605719,0.06842182362894075,0.056230041379041314,0.09419346289253566,0.06836883603464365,0.08063937992220492,0.08166044873464524,0.08654841289650142,0.05268358290381852,0.13604518221157827,0.052524677921769854,0.065971202737515,0.07269258179236143,0.09563749190729222,0.0693693401239144,0.07926074941603012,0.0637152080193258,1.0675214291008638e-10,0.0709796580775063,2.0958232314805604e-10,0.08182666517201419,1.5821686291784282e-10,0.08114991432842508,2.141082648275037e-10,0.07699569736664064,1.814198347076384e-10,0.06961599790015997,3.3977440453117645e-10,0.09428493006667406,0.16410542247663903,0.21049945165872805,0.21885641278543286,0.2723637655552169,0.2499495188693453,0.26839725025875383,0.2659960862111685,0.17836975989658962,0.3278425816529481,0.16306459122098244,0.26311843976297167,0.25217442069292423,0.37122258836203914,0.22152588937592443,0.2424124118100165,0.2473472765406451,3.49294152429927e-10,0.23018631882198545,7.491990703401038e-10,0.2777738117165157,4.921196427050838e-10,0.2591733845640496,7.615867640517181e-10,0.2706270415221563,5.600585062232047e-10,0.22218292305387904,8.265946278076638e-10,0.24545358643696527,0.18372648249256748,0.23099454210941586,0.2446776699396256,0.27118511007103646,0.2629220185302605,0.27784373600952816,0.25106647016610945,0.25182700317408335,0.24498074392674088,0.159576305148114,0.2654770858069508,0.26543764904087797,0.33646503063445327,0.25555437004882264,0.22524000792389598,0.26646503246682157,3.6514935940402786e-10,0.24358308991007904,7.183993980392625e-10,0.2831962888057662,5.171588656915043e-10,0.2703828772698943,7.01815410075517e-10,0.27093111026849837,5.412386529432508e-10,0.2514467366700964,6.257420979925906e-10,0.20227852453742745
P022,S2_7,Sucralose,7,2,0.4016043875171906,0.25890908986598904,0.36281714066897125,0.1933563836674183,0.14447611059340196,0.17207538573927483,0.2721306425888223,0.19015131370837798,0.11948887419466411,0.3076047013260299,0.11782017008589558,0.1949098860441571,0.11234866261157983,0.18628815780720198,0.15204723227415243,0.1666167385822106,3.2973873225095647e-10,0.254902842974937,3.536435164337215e-10,0.15379707918786464,3.567358422780739e-10,0.15827574816633838,4.02817901258751e-10,0.1543251978187862,6.051950387190096e-10,0.23114097814860013,3.6061812069379375e-10,0.21354678776034702,0.0897704527005622,0.10122932543182503,0.10024468779212041,0.11288908647762186,0.09077222873324983,0.09462045113488153,0.09986736690027997,0.10650536833318097,0.10025643016064392,0.09935614969057953,0.11307524805957746,0.11617876738308443,0.0981868627161215,0.12058176813949333,0.10894420722893032,0.11723262473320237,1.7460292201877885e-10,0.10556459464079855,2.602010286509896e-10,0.10104032768093656,2.2233436542430617e-10,0.09269633993406567,3.1193923239743814e-10,0.11123636570443687,2.2912908147893646e-10,0.10318636761673047,2.6782933467336057e-10,0.09980628992561172,0.0739538862402472,0.08615860713743266,0.07513077710587739,0.08578029752829461,0.1070762977452338,0.0856646188541525,0.09955973371596415,0.09372400321458113,0.11438119939101209,0.08878202967883547,0.10610637397979886,0.0907624571941607,0.0726990637593781,0.0634714585611844,0.10268401968845356,0.09205158663805826,1.54688776211862e-10,0.08631539986430188,2.37217367470046e-10,0.0822278597299872,2.588115023476231e-10,0.09637045829969315,2.6022227399819723e-10,0.08272653216176858,2.2603838835314202e-10,0.09664186846527265,3.0018442032582074e-10,0.10158161453492379,0.19897120914595257,0.2712186774254497,0.20787669165323425,0.27777807481240013,0.39319944282952635,0.32191331887395347,0.26221664311830867,0.24287583936450746,0.340655029994658,0.21177390791389827,0.3506528723212858,0.2971086717132551,0.3362732467659906,0.30367302439531524,0.34484507768775574,0.3154158892345309,4.898267291521413e-10,0.2672676995119296,9.753639873906162e-10,0.33876475821619634,9.513707600302941e-10,0.3575563808517399,1.0119072052702285e-09,0.32505180952089807,5.945708696981405e-10,0.25254624124140806,8.82500030727213e-10,0.27621446895427815,0.23570006439604824,0.28248430013930337,0.25393070277979707,0.3301961575142656,0.2644759200985879,0.3257262253977378,0.26622561367662473,0.3667434753793528,0.3252184662590215,0.2924832113906569,0.3123453355534421,0.30104021766534267,0.38049216414692993,0.3259855910968045,0.29147946312070744,0.3086831608119974,4.737352146112108e-10,0.2859494630080332,8.908864024950146e-10,0.32416997518501506,6.54464805228957e-10,0.2951010727481629,9.992005920566659e-10,0.32666009479410985,6.266714219383624e-10,0.3164845445279888,8.622765847735623e-10,0.3088508388248392
P022,S2_5,Sucralose,5,2,0.43896612469077056,0.3043044120457075,0.38388484355230246,0.2932620955397082,0.3208773742969796,0.2983375610327077,0.2047495723960683,0.28148540811445855,0.21246347476347488,0.3070339973644624,0.30573712634826256,0.19960941321197095,0.23008574843290258,0.281651210218231,0.35859651036763013,0.2961681747925886,5.337073461783781e-10,0.3209606692314537,8.035856449406449e-10,0.28273797349520524,8.303164170400075e-10,0.30960746766484365,8.426903191986643e-10,0.29162541095283806,4.528184969992325e-10,0.2431174902552634,7.336852804453467e-10,0.25974873606396864,0.13031998346846918,0.10714213576261922,0.13008222303265965,0.1173266843087362,0.08597542381606879,0.1012737611438019,0.15909334403184408,0.10151943404469752,0.1151673969147387,0.11971362404847552,0.11880858138230295,0.11996332106826607,0.11025419051396973,0.12457176296412983,0.12766708040076713,0.12269912748104017,1.9258555980084055e-10,0.12060715483717555,2.980534466463444e-10,0.10551878460949257,2.2516367217149333e-10,0.09362459247993535,3.481814396380375e-10,0.12129804033997671,3.3506940625956446e-10,0.1303063890382708,3.8865934066377515e-10,0.11744051048160711,0.09254621315160254,0.07654551344199585,0.09440501462817366,0.10154085557149102,0.04637007198600641,0.08507814651587982,0.08104327711426469,0.07907700063882568,0.09138497976588854,0.07497910901487802,0.06430344994709519,0.09788938459348645,0.1114007255834797,0.07216192226247017,0.07492079165273947,0.08616941957249695,1.2036847580412525e-10,0.08787173855564079,2.4663996972244116e-10,0.07875271658695902,1.252795052817347e-10,0.06572410925094312,2.8029305300830623e-10,0.08616321476779658,1.7460364961279344e-10,0.08006013887654519,3.0452719527817107e-10,0.08318204439038328,0.1728737236539027,0.20048893538421553,0.16681016228751824,0.170486314406666,0.2912779286422547,0.19772496834892594,0.2542622194053778,0.20674341448640537,0.28290249269676054,0.19691710518489894,0.23013753620532576,0.23442695143518888,0.2793325028800418,0.2244290090452971,0.19617994244663664,0.19490783294844347,3.2572611524599285e-10,0.1958706038954695,8.363804034277661e-10,0.24819110222912988,7.445093606139253e-10,0.24450144849559033,7.145168366283559e-10,0.22371232183010475,5.418758686929163e-10,0.2305028169458916,9.359204252717232e-10,0.23990979894082975,0.1652939550352554,0.3115190033654625,0.22481775649934593,0.3173840501733984,0.25549920125869063,0.317585562958684,0.30085158705244536,0.33117474271561265,0.2980816558591372,0.3013561643872853,0.28101330611701386,0.3481109296910878,0.26892683258960615,0.2971860955098719,0.24263567513222664,0.30005544520543126,3.988402578364989e-10,0.27468983348026066,7.875868830197093e-10,0.2847994230792132,6.712302582229398e-10,0.2865423821086873,7.650186301193587e-10,0.277201012109284,6.535552208525326e-10,0.316013164884029,1.0043029740235307e-09,0.2997189101232113
P023,S2_12,Sucralose,12,1,0.47157300453894435,0.32487703047652416,0.4360441968481547,0.30593195462756195,0.2117294264578431,0.24291273904986524,0.268138530331954,0.24888733981889916,0.3087892766188224,0.25274222385825496,0.25788695735928263,0.2666578965855575,0.20577155380361467,0.2443879452417113,0.2984597729159193,0.28620349582284266,4.372567692448826e-10,0.34382850673933757,6.161210888669147e-10,0.22620041613825856,5.812233977458152e-10,0.22732108275385415,8.160232729590214e-10,0.258705691946022,7.279042363394926e-10,0.2585129350754266,8.279371377161091e-10,0.28076575023853867,0.09150196489411344,0.10142332559761436,0.10294323163886265,0.0963059317458273,0.24824394515718495,0.15629510756790438,0.11644273410356322,0.11794374940953685,0.16085063023996515,0.1268254159132118,0.17629511961869085,0.1256887673267945,0.09926953383137979,0.12254256323176811,0.16411556344377531,0.132152792467643,2.078138082842373e-10,0.11569305680365051,4.902113442302316e-10,0.1565877874470593,6.657378870259416e-10,0.20226952636254467,4.2555902366669433e-10,0.12952011324364154,3.1734110740081927e-10,0.11719324175655003,4.306786690085734e-10,0.1438380230765885,0.068017560049448,0.05291106950363611,0.0618323313453056,0.06717172375158205,0.07598628026893066,0.0627883998483252,0.07325872221309623,0.06617953990481462,0.08283288620767874,0.08149768553008041,0.08613021080008108,0.08025210192881,0.0975596245087201,0.06296637314877249,0.07319453413727875,0.06116532159885521,1.1001811124236342e-10,0.06938583289647714,2.536216299923172e-10,0.07482516944368711,2.056078682910692e-10,0.06938734005862793,2.705734542759229e-10,0.07372146334840664,1.9864371906201405e-10,0.06971913105895543,2.2379624451773322e-10,0.08216528586887958,0.11714456279645895,0.21999042395408666,0.16013127880530334,0.23229275150498532,0.18803943827379932,0.19944101049646368,0.24270980556967134,0.24507380826556968,0.19089911519685934,0.2364056929692511,0.23680442660231837,0.23524298093229706,0.2986583766810244,0.2608145977356553,0.19455533221214874,0.22086445234117272,2.9023272502133746e-10,0.20026773743257495,7.233133962584413e-10,0.2367383557967357,5.1419815016439e-10,0.1937402243851315,7.880089808452282e-10,0.2437231897425003,6.613603825350423e-10,0.24389180691762052,5.218022371002038e-10,0.21365240408305522,0.25176290772103477,0.30079815046813846,0.23904896136237408,0.29829763837004386,0.27600090984224146,0.3385627430374412,0.2994502077817152,0.3219155626011796,0.25662809173667417,0.30252898172920184,0.2428832856196266,0.29215825322654104,0.29874091117526086,0.30928852064209267,0.26967479729087823,0.2996139377694866,3.445313834974115e-10,0.2708248661279598,8.497247375534802e-10,0.3056482711742591,7.60337424274112e-10,0.30728182643984137,9.152088993359585e-10,0.2943295417194296,8.184285693252633e-10,0.3106828851914474,6.99568063161025e-10,0.279578536732938
P023,S2_7,Sucralose,7,1,0.3838326337956454,0.3755921868932329,0.3741831987147613,0.348672489077254,0.19933537924469916,0.29647917835003595,0.18037576057876273,0.3026235601787677,0.22387742842370106,0.3200970739084915,0.30549309244213774,0.29534240861850103,0.21205967486523286,0.24107667074388534,0.3085917566581101,0.32596623927787904,5.592060821871339e-10,0.3471860015902554,7.676167986119428e-10,0.2372377258009633,7.035016831111733e-10,0.24790727879736757,1.0397564881109798e-09,0.2719235853862768,6.04048269416236e-10,0.2414996603787652,6.679749353487717e-10,0.2719872511660963,0.07923020158995013,0.07745134828567059,0.10130209258993664,0.0990615066327587,0.18785282583507693,0.12531697427558924,0.09766836768511675,0.09775612294663148,0.1355715672040138,0.09968606729992108,0.08175701766418393,0.07202306411507639,0.11541101085472291,0.08542039744546319,0.1374282990576357,0.10271968614689916,1.4353627761121282e-10,0.08513753847959606,5.407811707257122e-10,0.12850030210271307,6.382006855813371e-10,0.1565849000553331,4.961986284230059e-10,0.11024484837618023,3.1666739890940605e-10,0.09771224531587411,3.9121786351202406e-10,0.11762881725196744,0.05432014241730459,0.07500959859777771,0.058322038340026465,0.09135465926032846,0.10540927583103711,0.09151441145763355,0.11788152680511277,0.08367135758488457,0.07983564430377961,0.08462005641103953,0.09359694512816089,0.1282255371973679,0.0926400185902458,0.08832251229583152,0.08227837586297895,0.0807510215696658,1.4586655826664508e-10,0.08347148682349433,3.607086009052979e-10,0.094471554543687,3.615198016284889e-10,0.09846184364433533,3.4581108330295346e-10,0.08599798207968053,3.7680127566006565e-10,0.10077644219499868,2.3403720043859607e-10,0.08222785035740957,0.21058982767185894,0.20570753916188592,0.2455455718129762,0.22459370225056116,0.19110528706465177,0.23850703153266206,0.2945469315826325,0.23842516146966078,0.2686594511940388,0.21485183522350082,0.24403761842531063,0.23404869832349656,0.29762274255729537,0.2457421225850604,0.21282969142233757,0.2304262635248963,4.083079759204406e-10,0.22742049294101493,9.078087162218019e-10,0.2432442959349174,6.671022567983437e-10,0.21480615929865693,1.0049825112445176e-09,0.2466552050223974,9.461238190491876e-10,0.26648604652614666,7.777099334229193e-10,0.2417556432087698,0.27202719452524127,0.266239327061433,0.22064709854229952,0.23631764277909764,0.3162972320245345,0.24818240438407912,0.3095274133483754,0.27752379782005576,0.29205590887446653,0.2807449671570469,0.27511532634020613,0.2703602917455582,0.2822665531325028,0.33943829692975946,0.2588718769989368,0.26013678948066005,4.5840845544249817e-10,0.2567844801656393,1.0957053552524622e-09,0.296546121617719,1.0805489838080649e-09,0.2822398182043068,1.0777581400638046e-09,0.2851783791354648,9.98489625136744e-10,0.2935256055842156,8.520935715172207e-10,0.2864004380157567
P023,H2O,Water,0,1,0.5813413969835061,0.3086618748329447,0.49011957713629206,0.2659232063295201,0.24674080904256726,0.23974627827396877,0.3317479714642612,0.2376318544850978,0.25146958047829515,0.2582374686221635,0.2187823729315851,0.2420342560278604,0.25968631041276946,0.2618768474168086,0.22918794771941942,0.2630335707531962,4.799707789327726e-10,0.35114378070695146,7.329883970439555e-10,0.2520125612865285,7.230580625031739e-10,0.243243543658268,7.848984341058122e-10,0.2534461690755484,9.418950116686588e-10,0.2846899129746795,6.04876895405394e-10,0.25485352455022936,0.10007769364004185,0.13628493535229963,0.08154431138579124,0.16899749799541858,0.1861228579515182,0.15878679416819738,0.12473387649068053,0.13603210701038487,0.17760346821023057,0.15087674947653953,0.1805099189541078,0.1653834640859822,0.13891203120873483,0.19380799564653686,0.28342804319284276,0.1869083944750387,2.3189077086246266e-10,0.13879963690227357,4.734927247597006e-10,0.16940741974374682,5.42982322230873e-10,0.1724548260598578,7.057172493424218e-10,0.2007641161307883,3.5912597934917663e-10,0.1303829917505327,4.24180585928943e-10,0.16424010884338505,0.0414633716477559,0.06170491507427325,0.07154141397056428,0.06979223753755395,0.05964668663160008,0.05038099268585444,0.08477366160856002,0.07318960581333488,0.07742990264240514,0.05858600212173391,0.07873268920874005,0.06524649632584131,0.07513182295314508,0.06804865105643217,0.06921897469803939,0.06291732906935288,1.0827777699772037e-10,0.06474685396078812,1.9397246630548384e-10,0.06330203833175793,1.7395337304178656e-10,0.05501383965872726,2.3095818480749563e-10,0.06882919444424238,2.420189849290527e-10,0.07898163371094745,1.8424067904545734e-10,0.06800795238206953,0.11357711553272562,0.20705886676543986,0.18777545371348772,0.20209850245774902,0.17837281356968993,0.20622077744336167,0.17539846211028084,0.2022108993951599,0.18350819671403693,0.2272255869169494,0.20871306512429982,0.19466887740957087,0.2323027725656105,0.20826028335356145,0.14211254880859506,0.17840043348773113,2.89893547399644e-10,0.18564864683387883,5.93866364838416e-10,0.20628916173305586,5.263476534127822e-10,0.1922967955065258,5.878905953631029e-10,0.19026900955387455,5.061623935725458e-10,0.1888046807527204,4.4512317293033014e-10,0.20536689181549317,0.16354042219597117,0.286289407975043,0.16901924379386482,0.2931885556797583,0.3291168328046246,0.3448651574286183,0.28334602832621786,0.35093553329602306,0.3099888519550325,0.3050741928626136,0.3132619537812673,0.3326669061507446,0.29396706285974067,0.26800622252666145,0.2760524855811034,0.30874027221468087,4.091366784970449e-10,0.2596610815961082,9.023623814229546e-10,0.30898881890491126,9.672280886655113e-10,0.33699099511662145,9.162858849165344e-10,0.2866915107955466,8.20267043292834e-10,0.31714078081112046,7.443660400843584e-10,0.3075315224088231
P023,S2_5,Sucralose,5,1,0.3198492146524929,0.24832275085454641,0.38372387610088976,0.2920805119120272,0.30978969951537877,0.22459541763489319,0.14668132953212035,0.18222981039108443,0.2293891808782807,0.22538113476899888,0.196733112343774,0.2055669120344896,0.19660217369044275,0.20505327838725582,0.3457299675217089,0.24138344200268833,3.9426456759389205e-10,0.27437939631637,7.122440025152073e-10,0.23401014230699263,8.046749248314971e-10,0.26719255857513596,8.208928089013305e-10,0.24719221540052397,5.12877076518168e-10,0.16445556996160238,7.285999219853645e-10,0.22738515782363977,0.05469618544133003,0.1041514274559191,0.0894343424435962,0.12732634533759773,0.1646441986105015,0.15443534989569557,0.10197149316535355,0.11816184193718957,0.12562534870620892,0.1181207030191386,0.15091160889057995,0.1445302032450446,0.11735922666582199,0.10014518642832007,0.1390076838233758,0.14230763086589998,2.0634317614145402e-10,0.11184168546901128,3.9960591496713496e-10,0.1341459904000848,4.325762962139947e-10,0.15953977425309854,3.916043010877724e-10,0.12470493194585446,3.553363829903486e-10,0.11006666755127156,3.983361287259292e-10,0.12187302586267376,0.054124916744963114,0.07379647136218179,0.05029064546643167,0.07983583642078652,0.06246421510960097,0.08805868892238705,0.09804509447412225,0.08373880065939844,0.08060148249223724,0.08306140696397915,0.0757672297400692,0.08844951806038637,0.10280435490728115,0.08654901002521942,0.07914482236123442,0.07721480269663576,1.1486990667776813e-10,0.07037743629913644,2.446164335639128e-10,0.08496906724112215,1.682446512898988e-10,0.07526145201599402,2.788446972869514e-10,0.08642824749759269,3.3740951238470077e-10,0.09089194756676035,2.565087741968866e-10,0.08183144472810819,0.21472498796196504,0.24308671559107492,0.2631058044673638,0.2470112625243706,0.20881497133198296,0.24125027329682355,0.31116454642730035,0.2814474932696741,0.2591961591233027,0.26341064532564806,0.2922816208959022,0.2503260170853045,0.3306606550114293,0.28557230006277684,0.19821180290386126,0.24108978309756876,4.465647039049259e-10,0.25175606808766354,7.942507338577246e-10,0.2665745499257532,5.549884126687178e-10,0.22503262231440324,8.161441116046393e-10,0.263883635268909,1.073061462452143e-09,0.29630601984848726,8.243989861296809e-10,0.26130340222447535,0.3566046951992488,0.3306426347362777,0.2134453315217185,0.2537460438052174,0.25428691543253573,0.2916602702502008,0.34213753640110356,0.3344220537426535,0.30518782879997025,0.31002610992223534,0.2843064281296749,0.3111273495747752,0.25257358972502464,0.3226802250964278,0.23790572338982008,0.29800434133720693,4.82088087337349e-10,0.2916454138278188,7.403721237194585e-10,0.2803002501260472,6.755459037697762e-10,0.27297359284136824,7.624828797547808e-10,0.2777909698871199,1.1834193741723452e-09,0.33827979507187855,9.706640861757555e-10,0.30760696936110277
P023,S1_5,Sucrose,5,1,0.3317726000457814,0.21735025209193573,0.13430303914010788,0.29174917559204494,0.40269470846041877,0.24210825190495885,0.21556896506934045,0.24377204233850494,0.33633017430536527,0.2432605805094729,0.2858464377138591,0.22167625752232778,0.23607362590930922,0.29271886146039283,0.4063957022990578,0.3040286605649246,2.698061728076046e-10,0.24711629368434282,6.688073209210092e-10,0.2933988619337699,8.022111319054218e-10,0.3224014801826888,7.011936978905773e-10,0.30980421255842117,5.887231147844188e-10,0.2296705037039227,6.403022130979906e-10,0.2897953774074191,0.0631386591848849,0.0803212393442582,0.06985166958292235,0.0774125584119365,0.0635499258373521,0.08516354843251775,0.05982134613940892,0.08940678791165799,0.10219460207850171,0.07777144182404608,0.0901069829758184,0.08589270693630831,0.10097632826214352,0.08100275522411066,0.06300364679612173,0.06824144348664385,8.650525830435648e-11,0.07778730273935477,1.7745927554066544e-10,0.08267313943903101,1.300469896266788e-10,0.07435673713493493,1.8042646266690357e-10,0.07830604344225495,1.651260061229477e-10,0.07461406702553346,1.948469861477969e-10,0.08998302195127389,0.07258067760334029,0.09665420666414849,0.09544507475722017,0.09146127705479656,0.07107208639950151,0.10837335138951834,0.10312528702761566,0.09462009839405522,0.08570267633197373,0.08690849501281174,0.11842929042623995,0.10632850142354834,0.08266464486844693,0.09491092984584766,0.10328878049301315,0.09378493614167595,1.1278748413170663e-10,0.0968165046548823,1.6658671829589773e-10,0.0892552531258286,1.4640444129346572e-10,0.08972271889450992,2.0417516401306068e-10,0.09366232283724592,2.798652903006497e-10,0.09887269271083543,1.650332630080478e-10,0.08630558567239274,0.26603042993762405,0.3156117604284533,0.40675615902634316,0.29143697386791784,0.2327771745465575,0.27754804297613017,0.3458167939549377,0.3250177279651251,0.2683410870966321,0.3053052973881003,0.2571857104710076,0.3236972068573607,0.2763979457344312,0.2852212022732056,0.2310267065298421,0.30479185532862435,3.004859651885143e-10,0.31011970676478445,5.476488833593452e-10,0.2679860913825811,4.738230709097189e-10,0.25516260876134383,5.620833022450812e-10,0.2743594274665258,9.391126644493058e-10,0.33541726096003144,5.192254619930905e-10,0.2868231922423662,0.2664776332283697,0.2900625414712044,0.2936440574934065,0.24794001507330427,0.2299061047561701,0.286806805296875,0.2756676078086972,0.24718334339065687,0.20743146018752734,0.2867541852655687,0.24843157841307456,0.262405327260455,0.303887455225669,0.2461462511964431,0.19628516388196512,0.22915310447813173,2.6965890463448213e-10,0.2681601921566357,5.729406646843492e-10,0.26668665411878933,4.689103830915463e-10,0.25835645502652255,5.509240367414177e-10,0.24386799369555226,7.476540693008622e-10,0.26142547559967705,4.0518335364433534e-10,0.247092822726548
P023,S1_12,Sucrose,12,1,0.06374352405859206,0.08547081351569284,0.12148239671196999,0.14022479476895328,0.27763330660768865,0.13526269401656552,0.15058052797979213,0.08696662943351416,0.08674370698619802,0.0876458301672183,0.13812281655455497,0.10331782559546865,0.09917873126087363,0.10559536984056524,0.13639971425255806,0.10906353642718775,1.4024793748204826e-10,0.1087270285342053,4.2019102531340084e-10,0.15441752543142326,5.335325259579418e-10,0.20644800031212707,3.44769764889741e-10,0.11255933794529617,3.8135518480450446e-10,0.11877357870665314,2.4164090250480715e-10,0.08719476857670816,0.08124370867724162,0.09551399771468211,0.0720313396204281,0.0926575898376435,0.07631793295997122,0.09627366199910743,0.07955567699612968,0.1101717641171815,0.11443306363351663,0.09825808672625465,0.1036419575114647,0.10341048137420006,0.08108296695033186,0.09147451473461675,0.09641462608417108,0.11135046880716507,1.1385995986052317e-10,0.09141651245594336,2.024055017021737e-10,0.08628726916100682,1.533306501824943e-10,0.08629579747953933,2.6278413158387214e-10,0.09508064414407119,2.085611817895302e-10,0.0948637205566556,3.1678430245031664e-10,0.10634557517988563,0.08475752641091211,0.08404897610625686,0.07704002047232204,0.07656162185683935,0.10728970581738646,0.0889094569825447,0.10098842245581077,0.0802188000457774,0.11251623302092612,0.08239603989639892,0.09183015409306391,0.08431821436574824,0.10304922501968605,0.08787747759643776,0.10863804423443849,0.08963656570200104,1.0505968889950214e-10,0.08309275221752375,2.632598087289204e-10,0.09678146635401375,2.103154531412869e-10,0.09809958139996558,3.1064717032300086e-10,0.09730032813814085,2.5817378324407274e-10,0.09060361125079408,3.098483949254806e-10,0.09745613645866252,0.400953773177109,0.3716759989903412,0.38620900990312385,0.3596780727158879,0.28748863527210805,0.37171508869209163,0.38366576190043256,0.3892058129383207,0.3571133849500381,0.3824142100526538,0.317162792621788,0.34905597859208903,0.3288563994255241,0.3335555508995764,0.37333332185927764,0.3509939828470319,4.100522484602228e-10,0.36412260433338983,7.970388140939444e-10,0.33040391857232504,5.786163104930918e-10,0.32960186198209984,1.0341959269572925e-09,0.3466848137578525,9.901402995627732e-10,0.3864357874193766,9.972809107599575e-10,0.3697637975013459,0.36930146767614513,0.3632902136730266,0.34323723329215616,0.33087792082067613,0.2512704193428456,0.30783909830969036,0.2852096106678346,0.3334369934652058,0.3291936114093211,0.3492858331574745,0.3492422792191289,0.3598975000724937,0.38783267734358445,0.3814970869288038,0.2852142935695544,0.33895544621661405,4.205603568774233e-10,0.3526411024589378,8.499719874790583e-10,0.33210982048123106,5.037974864028215e-10,0.279554758826268,1.0039771393198538e-09,0.3483748760146392,7.409141542465965e-10,0.3093233020665202,9.189413689474255e-10,0.3392397222833978
P023,S1_7,Sucrose,7,1,0.2568521156082885,0.3190705386266791,0.16022814680147562,0.34059028930220336,0.47085995852710416,0.3854815487006872,0.2899293457367046,0.31906107798342687,0.4294494326940314,0.24429539570805395,0.26170919344832055,0.2942111377997203,0.22155843068517642,0.28989663661964393,0.33109198506726895,0.3263420714661908,2.2569541127566021e-10,0.2721102369311146,5.413595371987266e-10,0.34194914363315293,5.937671627112907e-10,0.42817075361389567,4.869078855731903e-10,0.29222228095957004,5.147918720752151e-10,0.30449521186006573,6.446209907805573e-10,0.3368724142010427,0.09175393989816161,0.06993170806912506,0.0902833463203384,0.068919686915104,0.06975453016389674,0.07651408588300625,0.08914609766582433,0.06722490606808734,0.07273419952401658,0.09231573587758372,0.10185314302244096,0.08887637163074662,0.08688474955607443,0.07873359674214918,0.0647797153353187,0.06164413267337966,8.671592732810157e-11,0.08526969930931944,1.3924647640861465e-10,0.07797174058628165,8.926438411415352e-11,0.0731343080234515,1.4197265155670655e-10,0.07301054857673049,1.5599635284392501e-10,0.07818550186695583,1.1214097502739825e-10,0.08252496770080014,0.10289447366526054,0.0709367905349403,0.17095166971290918,0.07057579298542972,0.060570901264237496,0.07088027970641476,0.06488213617672284,0.07213992280692055,0.06708570402229794,0.11260524312790059,0.08812505067344222,0.08877415999625575,0.10793306182372062,0.08012805551226583,0.0727730545193696,0.0832145682960171,8.443521068522441e-11,0.09870965626137294,1.558039639105608e-10,0.07987807457665969,7.781001421863963e-11,0.06572559048532613,1.705730907925725e-10,0.08601218503784329,1.1525798249055893e-10,0.0685110294918217,1.0502987301265326e-10,0.08984547357509926,0.2734159979515819,0.2843669914438889,0.24891061684854565,0.27358268785433326,0.21665998444563742,0.2406944383416427,0.3226523178056143,0.28657930918880675,0.24421582682684884,0.31255285541897576,0.271393748300807,0.2810893003483195,0.2924170963694385,0.3092391535182547,0.2933106727487431,0.27650854358747134,2.380166050477635e-10,0.27212655712457934,4.587549676396707e-10,0.2647526681687433,2.7746214974248203e-10,0.22867721139364006,5.343658333295381e-10,0.2928688665559769,5.678158111727237e-10,0.30461581349721056,3.7668055072309167e-10,0.2783843411229123,0.2750834728767073,0.2556939713253666,0.32962622031673083,0.24633154294293005,0.18215462559912432,0.22642964736824886,0.23339010261513374,0.2549947839527584,0.18651483693280563,0.23823076986748595,0.27691886455498954,0.2470490302249577,0.2912066615655899,0.24200255760768669,0.23804457232930015,0.25229068397694115,2.461945097942272e-10,0.2717838503736137,4.337698795430764e-10,0.23544837303516244,2.3488811290422054e-10,0.2042921364836866,4.912237308371987e-10,0.2558861188698795,4.142652221487413e-10,0.24419244328394607,2.8765441490095645e-10,0.2123728034001458
P023,S1_12,Sucrose,12,2,0.22356907436150633,0.33549867126088967,0.27850102380926994,0.3392794291305889,0.4398329586533248,0.39327945568343475,0.2775431252277905,0.2808592371549305,0.32462569629679927,0.3624363552651277,0.2813580470675619,0.28480587477442576,0.22802249973321054,0.3199390752704651,0.32428554759885764,0.3541099444323032,3.163902561844e-10,0.29050202006737375,7.230855729992143e-10,0.3452684973351088,9.332932346442942e-10,0.41655620716837977,6.469104569000663e-10,0.3065892667587091,5.256996979232593e-10,0.2792011811913605,6.635541317884658e-10,0.3435310257809635,0.040588807866199846,0.05998461498625933,0.06524208716269238,0.06034545981279825,0.053157994073395796,0.04963495796812477,0.06933317811206847,0.07291806860897249,0.079513359623081,0.06928042505778625,0.08531273636297533,0.06742228160650889,0.11132719651914941,0.07059324796787056,0.10458149594770773,0.05269519541524718,8.628744010813133e-11,0.06314933129957233,1.7763192513985637e-10,0.07117834913213514,1.1298555252936494e-10,0.05139647602076028,2.444075287670861e-10,0.08479928396249373,1.3155740560666828e-10,0.07112562336052047,1.607364818087562e-10,0.07439689234043362,0.06030446865971311,0.0585780337667202,0.06574916773602783,0.06700289253003594,0.06269167726198988,0.0539432308719225,0.09597056573916583,0.06989215609367437,0.08039569735186029,0.06422838356124586,0.0785659063702441,0.059281473385169314,0.09156004917738883,0.0584222654189852,0.08916828907077066,0.06042260283289542,8.430410347702996e-11,0.06491365707465174,1.660660906126907e-10,0.06665430568257161,1.3283808820776434e-10,0.05831745406695619,2.054177166511992e-10,0.07489330162501003,1.7948710731842417e-10,0.0829313609164201,1.619845955420267e-10,0.07231204045655307,0.3647538180004304,0.2934083847636248,0.3352675815133963,0.29203938595723866,0.2623356372226767,0.29023935060110245,0.2305762551835652,0.28240362799026725,0.26781653080427253,0.28568531100367983,0.31142515448674146,0.3444157193586978,0.30224315785680694,0.27929836361097515,0.23776338443412032,0.27186836979922535,3.704936874016821e-10,0.32355167401335494,6.138589112192754e-10,0.2835291273228903,5.616378354064264e-10,0.27628749391188956,6.198592254074488e-10,0.2727933189252819,4.4087113576936657e-10,0.25648994158691624,5.462068891688892e-10,0.2767509209039762,0.3107838311121504,0.25253029522250636,0.2552401397786133,0.24133283256933832,0.181981732788613,0.21290300487541539,0.32657687573740973,0.29392691015215516,0.24764871592398657,0.2183695251121604,0.2433381557124769,0.24407465087519814,0.26684709671344453,0.27174704773170427,0.24420128294854368,0.2609038875203286,2.928394840392468e-10,0.25788331754504723,4.905517787395222e-10,0.23336972052729427,3.9064178909531796e-10,0.1974423688320142,5.890243315521272e-10,0.26092482872850525,6.154974993747592e-10,0.31025189294478245,5.008610389403545e-10,0.2330091205180735
P023,S1_7,Sucrose,7,2,0.1303431986665255,0.1827508432227057,0.18820706717388608,0.24482574838511112,0.29987357078178156,0.20743501536284703,0.17908795518894108,0.21902990746696482,0.18718785441979915,0.22430035019773048,0.2112571848166627,0.16941596406762355,0.2335412850324824,0.18882459161815657,0.30139746510445825,0.22906434770548387,2.4676415556691365e-10,0.18780000105541908,6.453312284435608e-10,0.2324186156988169,6.352814663333607e-10,0.2536542930723143,7.373216844032207e-10,0.2382069223651453,4.066983650795456e-10,0.19905893132795294,5.329689530537691e-10,0.20574410230876483,0.05652204344589173,0.060338644391360226,0.08567199863397655,0.06912763742912471,0.07100516238264944,0.06418971676893977,0.0893120556021681,0.06377059743088594,0.09470540850400792,0.08355482156202684,0.10835443929728977,0.06611929287660805,0.07478258261962266,0.06823251010553479,0.09685608749007726,0.06453599672709671,1.194726868562618e-10,0.07435567601237518,1.8154134082359832e-10,0.06955249296918666,1.5213359785436962e-10,0.0675974395757946,2.3658369093855937e-10,0.07610179423558286,1.9706514427736207e-10,0.07654132651652701,2.658725741596597e-10,0.08913011503301738,0.070581246314455,0.10038942159358173,0.08808294406162616,0.09923447097066439,0.08612390690134245,0.1194216732197477,0.1325378946659376,0.09329645386799243,0.11557884133527284,0.09468130899998295,0.0892424775790814,0.10210054906017017,0.11159823676484208,0.10889508693945972,0.0889321858732609,0.11444647457157517,1.100498713070321e-10,0.0916051849299298,2.5251552154636625e-10,0.106509725956348,1.8924027087212092e-10,0.10277279006054507,2.814927496774357e-10,0.10596799603728446,2.922725521317619e-10,0.11291717426696501,3.23552053170741e-10,0.1051300751676279,0.41085522685690956,0.3422528677321845,0.34677510185750254,0.3175269962514293,0.28787269728112874,0.2987292427510262,0.3010374331489984,0.3210133649463488,0.29794621767509094,0.31794448658855,0.28447009117527206,0.36061906531994464,0.32160661856432216,0.337975591581536,0.24156060811990412,0.32959058596946356,3.966251125855572e-10,0.3437498915322071,7.67295836008472e-10,0.3115460375445033,6.211524912059781e-10,0.29330097001607747,7.935296374987336e-10,0.30768335105880645,6.776654415937143e-10,0.31102539904767357,8.433939680466349e-10,0.3079453521318205,0.3316982847162185,0.3142682230601676,0.29126288827300884,0.2692851469636705,0.2551246626530978,0.3102243518974389,0.2980246613939552,0.30288967628780783,0.3045816780658292,0.27951903265170935,0.3066758071316939,0.30174512867565334,0.258471277018731,0.29607221975531345,0.2712536534122993,0.2623625950263808,3.881671902886899e-10,0.3024892464700688,6.465969069908859e-10,0.27997312783114525,5.556485084074618e-10,0.2826745072752683,7.40708857590458e-10,0.27203993630318113,6.689949917218905e-10,0.30045716884088153,8.564344068411664e-10,0.2920503553587693
P023,H2O,Water,0,2,0.4779041145290038,0.2534147803167781,0.3148687457674302,0.27192706598339295,0.159431129774431,0.2502100699065269,0.23650855433081797,0.20001878707871307,0.30686021608591235,0.23855922319223932,0.17149947543408184,0.2421983229495489,0.1803077654084618,0.20613848769270526,0.2659124270749987,0.2536555108642335,3.4319379070153013e-10,0.288635417496706,4.661764092887023e-10,0.19902186319553122,3.9620377948649886e-10,0.20482059984047896,6.426088791519319e-10,0.22650354776009984,7.472478890011229e-10,0.21826367070476552,8.466859786783979e-10,0.27270971963907586,0.07351521321958075,0.11255809577459368,0.11415777921426666,0.14280021416710287,0.19238949411992534,0.16911575536695186,0.14459533226769644,0.12607666436375262,0.12459549842971578,0.14045496827966641,0.1279235975630903,0.1251986105934748,0.09793547848151356,0.15014715379369323,0.14854135152512687,0.14411433945873492,1.6886238013793304e-10,0.11602558508868484,3.7979990379685656e-10,0.152396970440521,4.6292033559196067e-10,0.18075262474343862,3.576960048448131e-10,0.13518458081476714,4.573790719847759e-10,0.13533599831572451,3.4975739234873525e-10,0.1325252333546911,0.055264302117140424,0.059870103702547244,0.08365973383294388,0.07903201972449653,0.10836897373431542,0.06027788076439203,0.08642286029989153,0.07468128219115872,0.08399049053638717,0.06498518459971954,0.06810957049948423,0.07735699752926785,0.09748912930753495,0.0758983652591215,0.06659360595705004,0.07187738422586276,9.823293066933247e-11,0.07054878790098003,2.707742865107826e-10,0.08550858726634097,2.5675300592355896e-10,0.08432342724935372,2.3666910597859547e-10,0.07796462118739231,2.732756206562364e-10,0.08055207124552513,2.3170323201731148e-10,0.07448783756805336,0.15979866913483276,0.28391379221891605,0.212230905842471,0.2427515407864218,0.21923237201465354,0.2857346032506547,0.2843138530468402,0.29435858543733706,0.223934078437629,0.27553024842479235,0.285141378402876,0.2655093803848493,0.31845832352017095,0.2714441341121882,0.24197303339553178,0.27383185301742946,3.648568146799811e-10,0.2415576111283945,7.359134692616551e-10,0.27371735822441684,5.381463735831278e-10,0.2524834876326541,8.101024078427261e-10,0.2764268360113301,9.058363666908099e-10,0.28933621924208863,6.317799479800119e-10,0.24973216343121069,0.23351770099944213,0.2902432279871647,0.2750828353428882,0.26348915933858635,0.3205780303566748,0.23466169071147436,0.2481594000547539,0.3048646809290389,0.2606197165103561,0.2804703755035819,0.3473259781004677,0.28973668854285894,0.3058093032823184,0.29637185914229247,0.2769795820472929,0.256520912433739,4.5096262602264507e-10,0.2832325983852347,8.3384001989189e-10,0.28935522087319,7.659725590270942e-10,0.2776198605340746,8.405386284377147e-10,0.2839204142264107,7.973583525966204e-10,0.27651204049189637,7.297708177549609e-10,0.270545046006969
P023,S1_5,Sucrose,5,2,0.2558865507047197,0.2220257412223272,0.3120320742950355,0.19637708385842045,0.25212442425086506,0.20762471881208971,0.16935818199683406,0.19199692711824523,0.1553574998245301,0.19200925164053412,0.23825747898005403,0.18860574410528647,0.18551837100264038,0.17327147516615998,0.29530848595620074,0.22379267643607278,4.1701889332740995e-10,0.23553077886097387,5.957230447396344e-10,0.2046347473079388,5.793424385963621e-10,0.2298745715314774,7.747171042469853e-10,0.21947275214026848,5.147923086260951e-10,0.18067755455753964,5.132362250889056e-10,0.17368337573253212,0.09248942437892844,0.1275563487987743,0.09071159246089398,0.14697516383363948,0.13516547950371385,0.15542370151516213,0.09211756076521688,0.14821174391838626,0.11194874337327725,0.12692705945097701,0.11544151727237784,0.12727475715504113,0.09642302169315199,0.11380686233155282,0.16239263581551647,0.17537412717689918,1.8828178911743652e-10,0.11674146731660918,3.190923646215786e-10,0.12520476626089522,3.162809899272349e-10,0.145294590509438,4.220798903072783e-10,0.13699916175428012,2.8614427833760504e-10,0.12016465234180157,3.683318276062027e-10,0.11943790141212712,0.10442382963784663,0.072230516129154,0.0873622947764109,0.08476379040677,0.0897408395242045,0.07204274573739076,0.11385732934182334,0.08845262704283353,0.11122207845430916,0.08586979621111188,0.09221983021623106,0.09673253889513399,0.08432425321090682,0.07809985715010716,0.10271887163252977,0.06798560271468225,1.587879225882013e-10,0.08962213334359109,2.4204386308239214e-10,0.08105192390565231,2.059705467783888e-10,0.08089179263079763,3.0143549294533877e-10,0.0832821461770565,3.4039304416743224e-10,0.10115497819232844,3.606620957252494e-10,0.09854593733271053,0.2632107179587187,0.2852985059284644,0.27264942049312507,0.320967357284622,0.2294886543872399,0.2514487335925634,0.28598902671898124,0.28812724337223744,0.2902720889633964,0.31542837924188005,0.26069338903581185,0.27780308736879816,0.3343318329835242,0.28766340424451114,0.2061359632383622,0.2321206362729873,4.5016033006567493e-10,0.28010374634492335,8.172964420119131e-10,0.27573315630195966,5.353884462840878e-10,0.24046869398990167,8.816885042040633e-10,0.2650629591848462,8.642514621429881e-10,0.28705813504560934,9.532531937401726e-10,0.3028502341026382,0.28398947731978674,0.2928888879212799,0.23724461797453464,0.2509166046165481,0.2934806023339764,0.31346010034279376,0.3386779011771446,0.28321145854829727,0.3311995893844869,0.27976551345549683,0.2933877844955251,0.30958387247574054,0.2994025211097765,0.34715840110766893,0.23344404335739072,0.3007269573993586,4.866034048622002e-10,0.2780018741339025,8.410944411542673e-10,0.31337540622355387,6.836336453946414e-10,0.30347035133838507,8.778216057478732e-10,0.29518298074354865,1.01534496050752e-09,0.3109446798627209,1.0771445350862227e-09,0.30548255141999187
P023,S2_5,Sucralose,5,2,0.5775272369756994,0.3695248576306904,0.4261522754706426,0.3149963334555576,0.26843848089899314,0.3234689105040303,0.33858506671813465,0.27038641982062156,0.22162925348706575,0.2692827375214087,0.25962048106564534,0.28462998477969365,0.24112446944714835,0.2540393490355917,0.30053218911416835,0.3049752866982609,5.955336022711622e-10,0.3720751948963215,7.477183787872979e-10,0.2717678024714409,7.111134372989459e-10,0.29595369570151175,9.201993580932499e-10,0.2751678235737923,1.1881871676401964e-09,0.3044857432693781,6.315929523108534e-10,0.24545599550423722,0.12009654129771748,0.14899970424580172,0.12676276380832172,0.14887574345049645,0.1933680415322636,0.17187672436073248,0.1271214253132788,0.15707626334845887,0.1966659307763663,0.17356849550125897,0.1576021745286823,0.1497140848824362,0.18222895124842656,0.17334054612578403,0.16558532401768253,0.17051651513651458,2.63442943871612e-10,0.142008502035576,5.472872345582684e-10,0.1802035658168017,5.044912563019129e-10,0.18262238294649805,5.861266198268474e-10,0.17291783413210193,4.5290680781420956e-10,0.14209884433086883,5.522545326400278e-10,0.18511721313881263,0.04306084948526728,0.08284010154181685,0.06884811510461705,0.08571506677536748,0.07936960607324701,0.07981596106494925,0.09820853458871373,0.1145572110032376,0.07003803021702512,0.08895991044760573,0.08991981837539603,0.10070947322586339,0.09468095284213664,0.08565811454057051,0.07150328949770551,0.08951138965573363,1.433950531907562e-10,0.07851557075138801,2.571045615823198e-10,0.08488115863022586,2.0824851799935052e-10,0.07959278356909813,2.7963714730513195e-10,0.08533843663403658,3.4906448429816104e-10,0.10638287279597566,2.0007680760923253e-10,0.07949897033231543,0.1155616795425634,0.17933517587913178,0.16088549598047688,0.15952852813488042,0.1447000320940846,0.1608445644828124,0.18964859520811417,0.21134248206711767,0.17794150529134803,0.16831178710332714,0.21146087257506646,0.1852297279551945,0.23145275260072848,0.1988599622269269,0.16570383843108044,0.1734660392353499,3.363929567847279e-10,0.16866691334455222,5.640185516149597e-10,0.1839643278511381,3.816061037151457e-10,0.15277229828844852,6.646798142737975e-10,0.19237064812352142,6.728622809015113e-10,0.20049553863761593,5.010877728412427e-10,0.17312664619733759,0.143753692698752,0.21930016070255912,0.21735134963594163,0.2908843281836977,0.3141238394014117,0.26399383958747585,0.2464363781717584,0.246637623760564,0.33372528022819464,0.29987706942639925,0.28139665345520987,0.2797167291568121,0.25051287386155907,0.2881020280711265,0.29667535893936314,0.261530769274141,4.4987104889732915e-10,0.23873381897216206,8.179632723295417e-10,0.2791831452303933,8.17608949632748e-10,0.2890588394944438,9.280298007001363e-10,0.27420525753654745,8.70914955461053e-10,0.2465370009661612,9.377991256729116e-10,0.31680117482729697
P023,S2_12,Sucralose,12,2,0.19930413074748307,0.18309409389015469,0.19506188360121116,0.2146423110695934,0.32074045300630194,0.22562427184860348,0.09289061830233887,0.16103199288857342,0.12225061122240302,0.14952171811881484,0.15620927248431385,0.16016254871108207,0.15137634536645275,0.18114064161645554,0.2463572718720524,0.20960386887205856,2.360219039664539e-10,0.1847457067506397,6.211215150327315e-10,0.21972042795945343,6.992389796842296e-10,0.2731823624274527,5.798629787037945e-10,0.1971195319317548,3.295591473801756e-10,0.12696130559545615,3.4188810895005903e-10,0.13588616467060893,0.058442481913540296,0.09684721796516868,0.09755538390352103,0.11122642848359536,0.08851546732172844,0.11300019761521181,0.08363509457865058,0.09944533677737949,0.11146753018647114,0.08538742077213872,0.09387856055125364,0.10983446969727872,0.09180231455645024,0.1164149027495533,0.09505846130205392,0.11212257797721047,1.2661934313173457e-10,0.09463075708572628,2.646469988971722e-10,0.10243322056073594,1.9906405925009445e-10,0.10075783246847012,2.8578107972988357e-10,0.10384956414631699,2.9063838716488333e-10,0.09154021567801504,3.062027243606453e-10,0.09842747547930493,0.0566950586747096,0.09438553693956152,0.09651422709881778,0.10174345231773052,0.07360662673714877,0.1085471894540041,0.13698321569695068,0.10513033301168219,0.07859254337269413,0.1291309590404846,0.10757326398127122,0.12073467580442428,0.10948515565004362,0.11378817385805004,0.1168372788745551,0.12614429343076347,1.3904215304824124e-10,0.09627436913608582,2.7879745734260847e-10,0.10135678642481163,1.6728642717811976e-10,0.09107690809557643,3.428376703653709e-10,0.11656372545335306,4.683127488300922e-10,0.12105677435431644,2.2337546480023825e-10,0.10386175120658936,0.37849379460540217,0.3174989358433234,0.3071045414233183,0.2828297144786761,0.2482619361067554,0.27651720222982495,0.3466541505048844,0.32733459722562447,0.3403281839362138,0.3256797899522411,0.3487874396072763,0.309058380614722,0.33183598599064484,0.2717880443326245,0.27398957243451183,0.27721832987141065,4.81722139460576e-10,0.3239621344287864,8.630719833448351e-10,0.2821007921649624,5.534663902506006e-10,0.26238956916829015,9.316624303665096e-10,0.28870798315729795,1.193314791145748e-09,0.33699437386525444,9.419380739302402e-10,0.33300398694422745,0.30706453405886464,0.30817421536179174,0.30376396397313193,0.2895580936504049,0.2688755168280657,0.27631113885235525,0.33983692091717554,0.3070577400967406,0.3473611312822179,0.31028011211632084,0.2935514633758851,0.30020992517249306,0.3155001984364084,0.31686823744331716,0.2677574155168269,0.2749109298485568,4.1546619786295515e-10,0.3003870325987619,8.599126785169521e-10,0.2943887728900366,5.96639226572913e-10,0.2725933278402105,8.992773643500127e-10,0.2937591953112773,1.1679985006531526e-09,0.32344733050695806,9.590016048465813e-10,0.3288206216992694
P023,S2_7,Sucralose,7,2,0.3871795119530273,0.25473628380609886,0.3699937994903422,0.2006173799891087,0.2377607997982128,0.24072094695324983,0.18019025331859595,0.18811879293760336,0.19745117410996324,0.2226461784155727,0.2304174666847427,0.17038368503987694,0.26375696502231327,0.22985940041441055,0.2729008527993166,0.2100454244103117,3.7352050314474643e-10,0.2688880211605328,7.2888723505184e-10,0.2430245280470466,6.39649413845789e-10,0.2392408733757313,8.332000073188903e-10,0.24414066066158804,5.061100503446674e-10,0.18415452312809966,7.791804090656077e-10,0.21004867626276796,0.07904631168335251,0.12055070381144668,0.09556769304908345,0.12654111268560178,0.16928583748643714,0.12196217888653993,0.11778503687183971,0.1232079338615004,0.14317383236144562,0.12589784181628236,0.14363773707535324,0.13506920294838767,0.11415858869431582,0.1097338733829127,0.17575706798233043,0.15445614608581895,1.7807669868413176e-10,0.11673546020887088,4.024060656693801e-10,0.1287851196125514,4.493649285846795e-10,0.14562400818648852,4.520031632467412e-10,0.13852641903634447,3.308570773075602e-10,0.12049648536667006,5.607368838157397e-10,0.134535837088864,0.053764858840597694,0.0526589629000798,0.07370343357984162,0.06371550898162681,0.10464535973730613,0.053821263781657594,0.09805154544487742,0.0658776413907136,0.10817258885310596,0.07469677688348568,0.0861614547367422,0.06446025114728979,0.08709848862643248,0.058137470859899086,0.08238393084503363,0.04963797858133565,1.0909452648063757e-10,0.06574407836436298,2.714782749919784e-10,0.07592564575132382,2.7513144259105974e-10,0.07923331175948187,2.6114716051461696e-10,0.06931446722817522,2.7116325745085245e-10,0.08196459341779551,4.2121074112598123e-10,0.09143468286829581,0.21283675474014144,0.25140538419089753,0.180423803787668,0.3122159136385159,0.17819648304308747,0.24383110601246502,0.24862573786558015,0.2684982690418869,0.24002790065638752,0.2703143906046133,0.2634147682789284,0.26901890831742087,0.2666357562270821,0.24726011060920164,0.20908006039799756,0.23138009889022498,3.4589707668599826e-10,0.24821925549226198,6.580997219813302e-10,0.23398086397295906,4.871851113265164e-10,0.21101379452777624,7.435740366428975e-10,0.23858900653112658,6.993663278649314e-10,0.25856200345373354,9.471555230151262e-10,0.2551711456305004,0.26717256278288154,0.3206486652914768,0.28031127009306456,0.2969100847051469,0.31011151993495667,0.339664504366088,0.35534742649910644,0.35429736276829565,0.31117450401909824,0.30644481228004605,0.2763685732242334,0.3610679525470249,0.26835020142985644,0.35500914473357637,0.259878087975322,0.3544803520323089,3.9103560302879855e-10,0.30041318477397133,8.428816693719537e-10,0.31828384261611936,8.374477685473128e-10,0.3248880121505223,8.370843421428122e-10,0.30942944654276594,9.961447919441067e-10,0.354822394633701,1.2226357252787281e-09,0.3088096581495722
P024,H2O,Water,0,1,0.5673441418136845,0.5742925653775054,0.6006980257094874,0.4656283277348521,0.3244868798851694,0.4587245410138281,0.40030021913116975,0.4803121012842976,0.36543683044555203,0.5094489895185585,0.3486887765870392,0.42786624741636786,0.3235356140377049,0.44552817270771183,0.2279546871152485,0.5205567166971309,6.697568676452459e-10,0.49741968077315607,1.0840944696296801e-09,0.38806880191110354,1.0658805146877223e-09,0.39160571044949877,8.660891073829077e-10,0.379393797639449,1.3826420323417812e-09,0.44030616020773367,1.0314218649597608e-09,0.43744290998205526,0.12881328457673444,0.09806478221999555,0.11870885105875928,0.12634883377785347,0.1622288755447366,0.15509305581146557,0.16311765468416717,0.11946109791849702,0.14992437581143986,0.0857269927730523,0.17240293618277786,0.12883730185553013,0.13288079954757345,0.09526496028662125,0.19014235661481274,0.11398894615265177,2.4831045203212834e-10,0.12886266494527512,4.81032337199165e-10,0.13636692279759924,5.219766467060129e-10,0.1586609656781011,4.599218885511612e-10,0.1330692656504148,5.512747110301365e-10,0.1412893763013321,4.0450697135397186e-10,0.11782568429224607,0.0542342283086062,0.05051975017373874,0.054434989918176156,0.06725960297290577,0.07000177006222659,0.06137709680367453,0.06678646432569954,0.06745777541174586,0.09625397744288915,0.06273341780733206,0.07393520048773405,0.07902944363605338,0.07628099706780252,0.0799712377057628,0.0978675437840423,0.05534826851226271,1.091395196485029e-10,0.06323553591620239,2.403489009354663e-10,0.0719077754098666,2.2441766657058463e-10,0.06568943343295056,2.5137006884694154e-10,0.07736701176746758,2.2866378495432481e-10,0.0671221198687227,2.608641282918229e-10,0.0794936976251106,0.09642457843431504,0.10029714986269163,0.06872897627642886,0.11090056678487699,0.13997734483634725,0.12916757659408562,0.12248674787302358,0.1183121141536768,0.12473416026623212,0.12366390809821845,0.11685762267294662,0.12135646991588918,0.15648540074452277,0.13217570268070827,0.1814588835049303,0.11444241451109252,1.7204569779857403e-10,0.10242756065785806,4.854216565437679e-10,0.13945150621391597,4.496976034922243e-10,0.13457246071521645,4.898991542137001e-10,0.14614060036031346,4.1851039883686557e-10,0.12039943101335018,3.4445795133473707e-10,0.12419903418222528,0.15318376686665944,0.17682575236606893,0.15742915703714824,0.2298626687295116,0.3033051296715198,0.19563772977694605,0.2473089139859396,0.21445691123178323,0.2636506560338864,0.21842669180283875,0.28811546406950206,0.242910537176159,0.3108171886023966,0.24705992661919599,0.3025765289809659,0.19566365412686196,3.9682569642473415e-10,0.20805455770750822,9.974575901695069e-10,0.2642049936675146,9.62026550414747e-10,0.24947142972423292,8.99182631702679e-10,0.2640293245823551,8.411138253699255e-10,0.2308829126088614,7.215833866207649e-10,0.24103867391836256
P024,S2_12,Sucralose,12,1,0.6142023548292737,0.5538234678230034,0.49625877135671975,0.43388378151070517,0.3588811484672931,0.4302140048383885,0.3439327166827133,0.427356167464968,0.19364988528598678,0.46392073279309787,0.3252563744551189,0.4023183120006569,0.2943662743546762,0.41669777656170154,0.15130033847007304,0.4762738806153801,6.569692113980353e-10,0.47095717699591294,1.0646916632121776e-09,0.3750398010555148,1.1495252822972532e-09,0.3945475766528408,7.225412743885598e-10,0.3346595675004577,1.1494856614637766e-09,0.38564444207384063,6.255493061795756e-10,0.32878530903954234,0.11678702574682777,0.09685447374610598,0.10674677373919667,0.13907030947160592,0.20862431359056166,0.12810042836501292,0.15973475458235253,0.14741850783588975,0.14168251191713135,0.13173194690813964,0.10756585067458029,0.14170532473374978,0.17928265733409718,0.13615977923335837,0.15085304101078068,0.11597225955501561,1.8331438090118446e-10,0.11812162635201107,6.152599635963643e-10,0.16304179463075752,6.504614273477626e-10,0.16836237097778728,4.960586442554862e-10,0.14556693428331297,5.25888497177984e-10,0.15357663120912113,4.252998457400238e-10,0.1367072294126355,0.036972686683956986,0.05408035570143523,0.05844097204344374,0.07737396567734005,0.08282316298327463,0.07107745092841561,0.07886356640885013,0.06690468151410454,0.11666702233630313,0.05755974831924933,0.05687932079207451,0.07390766212674035,0.0871151106841191,0.05326075589434933,0.13410276949871677,0.07192989075451382,9.218849317581548e-11,0.05960916050416515,2.7060014060333787e-10,0.07356912012253966,2.611782111364715e-10,0.07695030695584512,3.209148873305811e-10,0.08660213170792476,2.58721463109991e-10,0.07288412396147734,3.422715301670907e-10,0.08711338532777624,0.08992368754061854,0.10082033811604883,0.13265282101252163,0.1163430901050719,0.1305705342528748,0.12241571769043882,0.1334675907275222,0.1250710161849608,0.15264103712347582,0.11300901729101011,0.14952980000727978,0.11719572438695428,0.14997796793402124,0.16180478559393838,0.2016947571963904,0.10805719063572644,2.2667955766240712e-10,0.11774424352808249,4.526554409532048e-10,0.1411922513678183,4.1325708287901086e-10,0.1264931259716568,5.181027405053063e-10,0.15538367534001912,4.3970597650556713e-10,0.1292693034562415,4.536876564123129e-10,0.13282502720724296,0.14211424519932314,0.19442136461340662,0.2059006618481176,0.23332885323527688,0.2191008407059957,0.2481923981777447,0.28400137159856165,0.23324962700007684,0.395359543337103,0.2337785546885035,0.36076865407094677,0.2648729767518985,0.28925798969308597,0.23207690271665243,0.362049093824039,0.22776677843936374,5.016317333893875e-10,0.23356779261982827,8.186647789875662e-10,0.2471570328233697,6.996905634119473e-10,0.2336466194418702,9.596438716838799e-10,0.2777876911682853,9.305005697454354e-10,0.2586254992993192,1.1659213761183263e-09,0.31456904901280325
P024,S1_5,Sucrose,5,1,0.47947687989756943,0.6582629357140994,0.5698570012708891,0.5127580285092431,0.34225743563187977,0.5219545285633753,0.40105198434069056,0.5291772399431401,0.13627681997819135,0.5226037287128884,0.3477702393144652,0.48200016266926643,0.36783607926440515,0.5306039701071132,0.2230064930400173,0.5900868204078392,5.900096757195025e-10,0.5083542078959221,1.1342365349459075e-09,0.44066300339169334,1.0742012238103698e-09,0.4321059820976275,9.37611702218539e-10,0.4278833407048437,1.2184905111016542e-09,0.46511461214191535,4.126257964917305e-10,0.3294402743455399,0.13180014923158445,0.10031019318245046,0.0977680564584569,0.14636225075146247,0.17462047765125888,0.15469489757042165,0.16707479182636403,0.14937295600135167,0.22247412674871078,0.14610953226180878,0.17570378737433348,0.16742207421511088,0.2166790784794285,0.13602625294490117,0.2258049074763393,0.10067618566235226,2.283946951341393e-10,0.13656108520223312,6.064833098047359e-10,0.17050517666150256,5.349839365246558e-10,0.16465768761084026,6.526764102942341e-10,0.1697966061407553,4.976473792203064e-10,0.15822387391385784,5.741763936840485e-10,0.1842918295052598,0.06705938955258026,0.04294299243174334,0.046879663575067815,0.04707244123512204,0.0857882782447791,0.04758765626198344,0.0663586361638681,0.055838340531577615,0.10873513738664059,0.05875524961557636,0.07252723746491134,0.0635823109565703,0.05287227521917404,0.04833006377378907,0.0526528501287423,0.042043619686490785,9.680785182921281e-11,0.05667733920266585,2.1356235945456042e-10,0.058644568374931406,2.595004774192054e-10,0.06668796725338128,1.5811769865624513e-10,0.048974702202049046,1.9716596565233324e-10,0.06109848834772286,2.7885101783730064e-10,0.08374519350110848,0.13252077513498284,0.07639760608020062,0.14592497203483792,0.10746143772343646,0.13124854021322221,0.09478467544904971,0.12759277365957253,0.10046353906164965,0.1426915986370668,0.09663462013412817,0.1380915756385009,0.10858332036267135,0.1368875163831872,0.12152353622378655,0.17961680384429707,0.10150447985956822,1.9608845352258895e-10,0.11816328116243835,4.1652501478566027e-10,0.12111106706731141,3.995880939364976e-10,0.11301660783113596,4.675915288775041e-10,0.13488308407770974,3.7813838572614525e-10,0.11402815636061109,3.686791855801205e-10,0.11966310938559749,0.18914280618328236,0.12208627259150619,0.13957030666074802,0.18634584178073552,0.26608526825885986,0.18097824215516994,0.2379218140095052,0.1651479244622809,0.3898223172493904,0.17589686927559836,0.2659071602077893,0.17841213179638066,0.22572505065380521,0.16351617695040926,0.3189189455106042,0.16568889438374967,3.36835244302698e-10,0.18024408653674037,7.591153463669062e-10,0.20907618450456106,8.087903556662148e-10,0.2235317552070149,7.992271416147903e-10,0.21846226687464207,7.020028341049219e-10,0.20153486923589306,9.948118902446473e-10,0.2828595932624944
P024,S2_7,Sucralose,7,1,0.4527968775127724,0.6602468431591388,0.48983783616516774,0.5599414967121421,0.3319578740805072,0.4880591214139851,0.3828427998177745,0.5260572733617365,0.2977202338719039,0.5306969618354314,0.36923031870653533,0.5774376784900972,0.3676455824761629,0.5704105213244973,0.24582831157829466,0.5643707765920774,5.479271348733419e-10,0.5182485084576424,9.867617948212707e-10,0.43951827482378814,8.561009114328141e-10,0.4100084977472461,8.800339418801754e-10,0.4370637979927581,1.1838012119243842e-09,0.45445003658975547,8.367798566096367e-10,0.4142085978536676,0.10489626298874863,0.07124666614662827,0.09543503985505802,0.09032164102847808,0.17341458006348984,0.12727948989280025,0.19795518228172657,0.11762417759379754,0.18661162911202986,0.11240587816784542,0.23375602360726527,0.10670824146465768,0.15717389390307393,0.09229860835373087,0.22141917501018193,0.08354190084151582,2.521343495604935e-10,0.11706064584847264,4.4530741967120705e-10,0.1375416430532737,4.330997023076375e-10,0.15034703497814506,4.931218551638859e-10,0.13860839452712564,5.939425224141031e-10,0.15778967993776205,4.981123273883805e-10,0.14950875363993765,0.05835200077590137,0.039568122816487174,0.07394549624845694,0.04361473820108779,0.07448343828719856,0.05046558110289107,0.057981151212688875,0.048051547154234216,0.08461314515932086,0.047043333900972484,0.05498065844165022,0.042513354131754735,0.07932222159520658,0.04291272364241137,0.065023768046597,0.05350637815757832,7.538893858346234e-11,0.05216239510255637,2.0798250919484982e-10,0.06179599115692689,1.85556058085696e-10,0.06247450969504481,1.9454860390728788e-10,0.060191272860448314,1.7556581904684946e-10,0.05301634918346154,2.2538327300630324e-10,0.06582823953014667,0.16657011660499552,0.10148664955965653,0.16407227720081963,0.11156302300338462,0.1430994310754033,0.120704461500121,0.13675795656877804,0.13244756037319724,0.13382789895777383,0.12808778930046769,0.14100875575920213,0.1308852330626944,0.15484699990590448,0.12127389561178435,0.1683968864454532,0.1260112688711551,1.9194650563644557e-10,0.1359310091984588,4.069540767689472e-10,0.13498119702330327,3.5912248396875507e-10,0.13190194628776214,4.3213556102002127e-10,0.14263226270857426,4.1634858777450266e-10,0.13460275847098763,3.62906942725034e-10,0.13095784412912076,0.21738474211758177,0.1274517183180899,0.17670935053049736,0.19455910105490778,0.27704467649340087,0.21349134609020265,0.2244629101190314,0.17581944151703455,0.2972270928989716,0.18176603679528308,0.2010242434853473,0.14245549285079595,0.24101130211965233,0.17310425106757618,0.29933185891947317,0.17256967553767324,2.596940318522192e-10,0.17659744139287,6.994006341272354e-10,0.226162893942708,6.930371115737007e-10,0.24526801129180176,7.137874153033123e-10,0.2215042719110937,6.784691453969223e-10,0.20014117581803298,7.936993249330429e-10,0.23949656484712734
P024,S1_7,Sucrose,7,1,0.5446389099314095,0.6401437018515784,0.5757450181385149,0.49183937944600864,0.36961029311967014,0.502065920019339,0.41749570850130363,0.47091060954337005,0.24440255868351451,0.4900151738601344,0.364781036172722,0.5062432018763608,0.3761233789269233,0.5269112254729739,0.18551507384999608,0.5294557973358467,6.443297250910059e-10,0.5205652079027657,1.1205372445708152e-09,0.44367770438472653,1.0923346427553416e-09,0.4358381065695046,8.375820025311736e-10,0.40450136889643495,1.392437524168459e-09,0.44420315902233687,6.16342524675444e-10,0.3672088662718245,0.0856997444462136,0.10107665431989742,0.10458148711025873,0.15134150517128034,0.15365243875834,0.13221638243180847,0.1699965445578942,0.18800793809379113,0.19944025635408238,0.16575263817738234,0.18706227681084797,0.1537793014270117,0.24308033604799345,0.14741776814184138,0.22764384960836428,0.12793829706160004,2.4886526020564555e-10,0.13059016154758496,5.807277300735066e-10,0.1690917313449958,4.4556654435114656e-10,0.14293441059507422,6.4934147989531e-10,0.1865200627149498,5.664504050577807e-10,0.17900224132584266,4.723531663127957e-10,0.18259644726573238,0.057911093514613474,0.03571892483106358,0.051543126766152914,0.045900343289020304,0.05136420671023198,0.047018369735736115,0.08127197311531238,0.04632192048386821,0.07527505062643294,0.050101100865435774,0.059229686602434946,0.041151864056985524,0.05774049009091332,0.04872414791449174,0.049202125401348676,0.04187680989391619,8.68326243392561e-11,0.04857583984337845,1.6059709977975106e-10,0.05121180361284329,1.492622162560667e-10,0.04919128822298405,1.49808695432354e-10,0.049385893325167476,2.646973008247638e-10,0.0637969467995903,1.766524237029804e-10,0.06268807574593435,0.13538286582159204,0.07703259479194162,0.09665116949912439,0.10836811513650539,0.10909048534102582,0.11590304691807948,0.11854960737101562,0.09881493169576505,0.14235647455272835,0.10528541124978784,0.1107223626568716,0.09273579823204321,0.11959402924445657,0.11131338402172601,0.15316983784815885,0.10520775890460377,1.6899244195898834e-10,0.10348215102301306,3.3817014593299506e-10,0.11397523638132198,3.1880178097548013e-10,0.11249676612955264,3.7599317632374757e-10,0.1223212525047363,3.90491716222931e-10,0.10868226953339033,3.3545365840089354e-10,0.12382094290125809,0.17636738628617116,0.14602812420551867,0.17147919848594914,0.20255065695718524,0.31628257607073207,0.20279628089503732,0.21268616645447416,0.19594460018320572,0.3385256597832422,0.1888456758472596,0.2782046377571233,0.20608983440759795,0.20346176568971341,0.16563347444896706,0.384469113292132,0.19552133680403372,3.790136293476241e-10,0.19678663968325757,7.572199348871193e-10,0.22204352427611246,9.094300875222495e-10,0.2595394284828847,7.934027184858107e-10,0.23727142255871156,7.03187495295688e-10,0.20431538331883994,7.896713738227657e-10,0.26368566781525093
P024,S2_5,Sucralose,5,1,0.5749315715844763,0.6171480390903891,0.6323338219614846,0.5267628064752969,0.3847942629488536,0.4961937924072588,0.3778031054781879,0.5239199459676186,0.2340640787247897,0.49282912237842585,0.36761391180103753,0.5123717474634123,0.3429255814660472,0.5581033942124015,0.2155313370104875,0.5773852786956994,6.985030188574405e-10,0.5385269830626828,1.1094388159450603e-09,0.4455042577586403,1.1407318541529945e-09,0.44049402767805623,8.313906644961694e-10,0.4234863978461589,1.3348679387910754e-09,0.4508615257229033,6.869068158783876e-10,0.36344660055160777,0.10772559985600591,0.10595001189538472,0.09525111934003976,0.12818147888954573,0.21255441126457272,0.17269495699984286,0.2048616225549252,0.15043707723219327,0.1721447571481179,0.14993839028478065,0.14090824711013616,0.14410976347136273,0.25731217396739126,0.12987993514199553,0.1966956296530947,0.10040578381710223,2.1094699313108173e-10,0.12035437009374583,6.906849385992325e-10,0.19311036934345058,6.169761433632834e-10,0.1926246841322078,6.186840759516546e-10,0.1710733806448959,7.030188241659221e-10,0.17764934989355924,4.722004537982767e-10,0.16104157371644928,0.05362091393938447,0.04319644345700469,0.04852474855461037,0.051814905077796236,0.04972018626979448,0.04463738092088364,0.049938229747928206,0.043615165863481416,0.07188936804640107,0.05460034786333865,0.06705397851495391,0.06142785112620316,0.05293857064437907,0.04973960459491217,0.05977214348965142,0.054541725463578605,1.003740217680949e-10,0.0542731401116588,1.528439363903644e-10,0.04925893560749234,1.4487136376440844e-10,0.04717878359533906,1.539785458650134e-10,0.05424801104813032,1.724527723537009e-10,0.046776697805704814,1.9595127828082565e-10,0.06324485795486987,0.10843334520025663,0.08779787976547916,0.09942445825576479,0.09778919746151435,0.10327992238462949,0.10787365064128315,0.10610846636471731,0.10344930751785895,0.17467498485595606,0.11494477258537794,0.14886658497765354,0.09774376343947375,0.1182767997316343,0.10689527987898496,0.19224285778260258,0.09982930207793188,2.1652471748785116e-10,0.10667587151669038,3.307709068666091e-10,0.10908141315913297,3.0289469141290357e-10,0.10557678651295632,4.105776577799884e-10,0.12931105986778843,3.681041522127813e-10,0.10477888694128813,4.733663123666724e-10,0.144809878720667,0.15528856941987632,0.14590762579174218,0.12446585188810069,0.19545161209584622,0.2496512171321494,0.178600219030732,0.26128857585424164,0.17857850341884796,0.34722681122473514,0.18768736688807694,0.27555727759621895,0.18434687449954804,0.22854687419054723,0.15538178617170573,0.3357580320641639,0.16783790994568804,3.822410865902052e-10,0.18016963521522208,7.033158505588476e-10,0.20304502413128359,7.215138511871341e-10,0.2141257180814407,7.459885496363521e-10,0.2218811505930262,8.945882951293574e-10,0.2199335396365448,9.346441816021897e-10,0.267457089056406
P024,S1_12,Sucrose,12,1,0.48660160672599045,0.5273215790662665,0.5032131552723045,0.4331827792983175,0.3607046308487953,0.44252613932525625,0.4316964350263501,0.4781225525132331,0.36604578851076136,0.4830469571206105,0.4792278908331851,0.5072165895224096,0.42409148858061624,0.4486241618981249,0.33928720153557207,0.4754887514754448,5.662890641398281e-10,0.4894606001197457,8.638234578496762e-10,0.41898660516319813,7.061615620702442e-10,0.40161538508702577,8.505367208956353e-10,0.42187290087243945,1.0632758706338227e-09,0.4549094937697916,7.013197649683159e-10,0.42454637281568597,0.11872566496713488,0.10996729535518948,0.0976138154465548,0.13210345220360026,0.20085498749990674,0.13753909296479908,0.14691850135642964,0.14119504222631535,0.125486641614052,0.09959695683089902,0.14059991928324733,0.11133673437212642,0.159939766880271,0.1353816882144774,0.19571101594480517,0.14487774561086425,1.5442546308090822e-10,0.11839114693797553,3.8371436530912067e-10,0.15842888388986354,3.8495792051728404e-10,0.1691970402323529,3.8210494732017183e-10,0.15897755416260445,3.5980081368811497e-10,0.1440567717913725,2.348137483816593e-10,0.11254179922247551,0.06538550005692947,0.05996108199446569,0.05792702483474849,0.06136210030565972,0.07568320109971066,0.062049533249536694,0.05241795645259777,0.0639999099570543,0.0579668053601242,0.06482401679910678,0.04823694680528218,0.057704173025928555,0.0646612022052478,0.05643656328309491,0.07295852875972031,0.07088605108089527,6.145125273571873e-11,0.058429471170502345,1.5029824051816546e-10,0.06470762495939753,1.4582993537522629e-10,0.06886636717462367,1.4920657205418305e-10,0.06623558633223958,1.2967586859719951e-10,0.058208933204826036,1.1006848322550656e-10,0.06139541107961549,0.15772281652104297,0.14454477335224236,0.14780676649323712,0.1521845164562068,0.12539550655372864,0.15684154578066048,0.14385837860563747,0.1326735188834088,0.1923741427487789,0.16120135544983633,0.1171266615998595,0.14408512313380487,0.15832384312054743,0.17395402970333013,0.1689237099837295,0.14039256106599163,1.500396912817969e-10,0.14391177625939894,3.1379672619370355e-10,0.15362873128956667,2.4571805327783987e-10,0.14111852616719456,3.562913836915747e-10,0.16039853596839967,3.517719872906312e-10,0.13826594874452314,3.6069930060061573e-10,0.1767877490993076,0.1715644117289023,0.15820527023183548,0.19343923795315512,0.22116715173621554,0.23736167399785885,0.20104368867974756,0.22510872855898514,0.18400897641998784,0.25812662176628415,0.19133071379954722,0.21480858147842635,0.17965737994573022,0.19298369921331734,0.18560355690097272,0.22311954377617327,0.1683548907668042,2.399871316230346e-10,0.1898070055123775,4.6057980972077573e-10,0.2042481546979741,4.5784829698382455e-10,0.21920268133880322,4.493821699876554e-10,0.19251542266431687,5.481899601951166e-10,0.2045588524894865,4.818619467726043e-10,0.22472866778291567
P024,H2O,Water,0,2,0.46068181336068925,0.32390852650734975,0.33791781603215487,0.26392772866197106,0.5138239807406582,0.3426162199854943,0.3662525805600364,0.37421746116929183,0.43060908724295777,0.2338800996054158,0.4859736489980458,0.27862553485126834,0.4166878314753868,0.28412983570923,0.29986897746123453,0.3706146945257011,2.75731816130741e-10,0.3585058447352465,5.814797232199371e-10,0.38931446697769234,5.546275315967949e-10,0.42822010036307623,5.121779002093811e-10,0.3428253347928881,3.5677106876838293e-10,0.3702350208646641,7.35756385775395e-10,0.3322445934241868,0.09572866323986921,0.09683666975392546,0.08513725942787662,0.1181554724351366,0.09441422479201733,0.10096104816312616,0.09903508296038491,0.07782887867513423,0.08464867601575957,0.08781540896388641,0.06463590648090535,0.09096040144277412,0.07307478810500291,0.09419945808714913,0.07142502591444852,0.08405310722522073,4.380290089410058e-11,0.09190906213008121,1.0667153012411104e-10,0.09066237978682389,1.0385440260208045e-10,0.09768763647757175,1.0419335713121952e-10,0.08068809483295532,9.51609806367063e-11,0.08843198081775958,1.4645247612260203e-10,0.086232042489823,0.05011193049135574,0.10497386556219869,0.06665850243270166,0.10405726529392595,0.05879145229722713,0.09556876068424446,0.07541761743116318,0.10302825400018141,0.07193518099974454,0.12304949066857089,0.06591345017092334,0.08168175484232613,0.09328208726857977,0.10710937595145137,0.0895039177034294,0.10365704012313393,4.0313390117646745e-11,0.07889946146557193,1.0263803098156752e-10,0.0886879190503757,6.634125085027109e-11,0.0771801064907358,1.3139451023840075e-10,0.09838810526164862,7.492193817095799e-11,0.0892229357156723,1.2656097172266045e-10,0.09749233583415771,0.20973354962164595,0.22261569637995957,0.28131207461452734,0.23495852453954205,0.14353670347912298,0.22557494985675264,0.19661902379276236,0.22028899219603837,0.19538140782343272,0.27067605426523667,0.13392514829228316,0.24892283100799759,0.22907088378311857,0.26796079004127854,0.2906967534905135,0.20544726457058735,9.967538599952849e-11,0.2219113040759926,2.5153213110113423e-10,0.2165358317900682,1.6157297559608024e-10,0.1845558266679378,3.6886842896460337e-10,0.24829392297137448,1.926168125978748e-10,0.20845400799440036,3.4098805289843123e-10,0.2330287310443347,0.18374404328643965,0.2516652417965664,0.22897434749273923,0.27890100906942417,0.18943363869097532,0.23527902131038278,0.26267569525565315,0.2246364139593542,0.2174256479181051,0.2845789464968902,0.24955184605784242,0.2998094778556339,0.18788440936791248,0.24660054021089084,0.24850532543037446,0.2362278935553568,1.4766999062837303e-10,0.24877432759310766,2.4591685394184664e-10,0.21479940239504036,2.100464012973844e-10,0.21235633000067905,3.116503431944926e-10,0.22980454214113366,2.53421476863774e-10,0.24365605460750367,3.787376145454898e-10,0.25100229720749767
P024,S1_12,Sucrose,12,2,0.42959620921900027,0.327426498061726,0.39053706435677626,0.34348387774314093,0.46012570559349597,0.373942631946504,0.35197169573646886,0.31107925932639163,0.3246319171577315,0.2843503456060667,0.4518149982425504,0.38074921283579477,0.3315002680208332,0.3042847869096681,0.40606525873659055,0.4126005604762577,4.260495594145675e-10,0.38726797674316477,9.497193211023925e-10,0.3674633481176253,8.735101144462005e-10,0.41703416877,9.229752923589057e-10,0.3636127185358374,1.0376114300187977e-09,0.33152547753143025,8.118103488522363e-10,0.3044911313818991,0.18556631203196977,0.18151677899178706,0.13805765674714665,0.15906662389247833,0.10909195185600862,0.14592100570692454,0.13383657402853977,0.1573173051005219,0.10964001936373244,0.1712874711764405,0.10986460319902518,0.16921179544463194,0.16436089297681503,0.14246596482094237,0.10683591229443769,0.14482602062167474,1.2513685313750206e-10,0.15721396171783983,3.599534469148846e-10,0.14045995384017265,2.1199804886451187e-10,0.1275064787814666,3.6330240542171683e-10,0.13962219767846745,3.982863900007202e-10,0.14557693956453083,2.802808163159611e-10,0.14046374527008648,0.043598087252079774,0.07608784452409076,0.07814136983505411,0.08391142036818186,0.06979916419279993,0.07806737058952824,0.08562942671310228,0.071384298481352,0.06763116085465254,0.08175310753608933,0.08081712955658019,0.0856358442270936,0.0973329475609404,0.09731801766351235,0.07465967047813729,0.07462537443282949,7.417198117897485e-11,0.07469861596051337,2.1813841160049924e-10,0.08562937500169522,1.3433266202250576e-10,0.07393326739116408,2.2630700240659707e-10,0.08598400253385488,2.5202393226676047e-10,0.07850686259722714,1.7095179892995308e-10,0.07469213419537094,0.18414437144579304,0.15757784851803616,0.18660743216399867,0.1939051006874582,0.14922523090594067,0.17317684239104936,0.18738931729623828,0.21392987826164178,0.17330519114252252,0.20872082547848314,0.16260869255122049,0.17318990633302603,0.17985617328906245,0.21461365076265024,0.18495094691906075,0.164427538406854,1.6574742324463555e-10,0.1763388919499221,4.244027323999315e-10,0.17921797433717568,2.8772939088702064e-10,0.161201036648495,4.663311921042823e-10,0.18596207734440687,5.570482981584611e-10,0.20065959777894005,4.3800224508365976e-10,0.19101300831050283,0.15709502005115686,0.25739102990436036,0.20665647689702457,0.2196329773087409,0.21175794745175444,0.22889214936599359,0.24117298622565117,0.24628925883009287,0.32479171148136105,0.25388825020292005,0.19489457645062364,0.19121324115945318,0.2269497181523489,0.24131757984322705,0.22748821157177324,0.20352050606238412,1.8916545301354165e-10,0.2044805536285599,5.560977995051925e-10,0.227229348703331,4.0686106923539104e-10,0.220325048408874,5.812432359711427e-10,0.22481900390743334,7.141495171712303e-10,0.24373112252787202,8.097281359257762e-10,0.2893399808421405
P024,S2_5,Sucralose,5,2,0.39161309241934705,0.2354187715894265,0.3264747872749283,0.25749304763381364,0.2785157406889898,0.23464693838162223,0.2786026069517862,0.2502294459390792,0.24946874775123737,0.2057420876149786,0.2649193631231725,0.3035503814232635,0.23129238313516784,0.24420564032251998,0.27004056414430677,0.22236985364515616,1.7214156394870072e-10,0.29657824057732524,3.023002031795515e-10,0.24716517563207496,3.1056847383930743e-10,0.25658133953530604,3.6466052664634075e-10,0.2419771103117877,4.6399617954345187e-10,0.2644160264454327,4.3792085435494704e-10,0.227605417683108,0.11097861595281462,0.13862726539650203,0.18356251220524333,0.10341569848779077,0.18262400830246103,0.13419342497079237,0.12070597867901169,0.14074067454665004,0.1364232287536441,0.15021608798661218,0.12306156119748608,0.12186933841501081,0.13608244779649842,0.11752252695717896,0.13343618207226648,0.1586598913905505,7.673530477805191e-11,0.1302524986091413,1.870148637421488e-10,0.1426056020067327,2.025930352904467e-10,0.1584087166366267,1.9437153633776065e-10,0.13642526205412359,2.02997656302532e-10,0.13072332661283087,2.419040005173291e-10,0.14331965837012814,0.07490088363880208,0.10111201285385027,0.07525312786085758,0.10334221827938991,0.05944367750263949,0.08830108228510737,0.08872550072891783,0.09793662457267406,0.14816192097671949,0.10644452503069651,0.09156453547570165,0.0874118494177958,0.12859973393419805,0.09540735996069521,0.06962173841561098,0.09747395587320577,5.143418644069923e-11,0.08893077125439953,1.1469936144061311e-10,0.09293796342066003,6.832167861997385e-11,0.07387237989387344,1.375630758519089e-10,0.0977756970459275,1.488784551066747e-10,0.09333106265079594,2.590727336814925e-10,0.127303223003708,0.20396099952162586,0.25712620935981173,0.17448100514151588,0.2663344972975161,0.21722460851429953,0.2771708928159603,0.24307931168647035,0.27107754495885067,0.19426243690342912,0.2576072706664333,0.27002165079074886,0.22729333446263916,0.2242557448302797,0.276726401335285,0.2517757222958572,0.2522903726065717,1.4424380184276046e-10,0.23320294942897626,2.673548499700989e-10,0.24884441187395615,2.4724209130763593e-10,0.24719775066512992,3.476783942785484e-10,0.2512620602669984,4.0804731347335193e-10,0.2570784283226605,3.4727438310876007e-10,0.22593485378493122,0.21854640846741016,0.267715740800409,0.240228567517455,0.2694145383014894,0.26219196499160996,0.2656876615465175,0.26888660195381414,0.24001570998274646,0.27168366561497004,0.2799900287012793,0.25043288941289077,0.2598750962812904,0.2797696903038561,0.2661380714243205,0.2751257930719584,0.26920592648451586,1.4490311349038401e-10,0.25103554013015744,3.243345062836531e-10,0.26844684706657607,2.9475338380159394e-10,0.26393981326906374,3.996693477174136e-10,0.27255987032116274,4.47724164879876e-10,0.2544511559682803,4.805138634214232e-10,0.2758368471581247
P024,S1_7,Sucrose,7,2,0.36986150195626194,0.3092711157206512,0.3807493919570305,0.36235118325937676,0.5376416253488396,0.3699622105133427,0.48700648541608016,0.3561957304118315,0.3276562774524343,0.20232606820606078,0.4842693846476504,0.32754991860649363,0.37149270590724964,0.3044886402548407,0.4147317154405143,0.33676605670278886,4.025945431864828e-10,0.3723420826912441,8.58753495137351e-10,0.39589629550606814,9.584493588897977e-10,0.45380191793109115,7.658648296158777e-10,0.35686977957634836,1.0692053685210231e-09,0.42160110791395583,6.907630263170473e-10,0.26499117282924756,0.0774214481126206,0.11271764926716703,0.07624189083865957,0.12126389396171569,0.09074080699117343,0.11889661272946409,0.10528657860244861,0.1142216745966282,0.12892052743149005,0.10786419858441518,0.06973986791240537,0.11774496235340395,0.09582206734852905,0.11918480558592874,0.05104668863608021,0.10348175923752388,6.545029029259669e-11,0.0958549520743287,1.816329842485334e-10,0.10616107316377382,1.649690120595526e-10,0.10481870986031876,1.483823887524962e-10,0.09238383020201547,2.334438067278079e-10,0.1097541265995384,2.7353458017857575e-10,0.11839236300795261,0.07029932665661058,0.08617463487838067,0.07718800555985075,0.07200311855412583,0.06740693619688555,0.08183893189373762,0.06476298077271987,0.0826170056316927,0.09471988348014505,0.12139995019541285,0.07582623301061578,0.08858779615348746,0.10189618385579159,0.0932337902590311,0.05117571961616844,0.09184838390711296,6.702312252731752e-11,0.07834651913551184,1.654896905647156e-10,0.08609396055136145,1.2217926283684362e-10,0.07462293404531159,1.534358318557838e-10,0.08453851940952602,1.443546846722196e-10,0.07368999320220629,2.0357320746559872e-10,0.10805991683777895,0.23165717455372617,0.22431687768704925,0.22713859957674387,0.22291444316342268,0.13029644583482036,0.21624560500473466,0.15146695203374352,0.20162402772560675,0.20782476342492268,0.27214423897811557,0.16194938351125893,0.22606197478616014,0.21069692401871218,0.23553214914407847,0.28228528178864953,0.22877152893265135,1.5789566984376553e-10,0.21567307554639348,3.369263310005069e-10,0.19819278100058643,2.3946717788401466e-10,0.1732710254197775,4.801385005527405e-10,0.23932147097102285,3.38132260076016e-10,0.17654548987967514,4.47016703429312e-10,0.23998450120151912,0.2507605487207804,0.26751972244675165,0.23868211206771484,0.2214673610613591,0.17391418562828084,0.21305663985872084,0.1914770031750079,0.2453415616342413,0.24087854821100801,0.296265544035996,0.20821513091806979,0.24005534810045465,0.2200921188697177,0.2475606147561214,0.20076059451858708,0.23913227121992267,1.9217335883109538e-10,0.23778337055252174,3.8459393794517716e-10,0.21365588977821018,3.1533857141030144e-10,0.19348541274350084,4.160037937019808e-10,0.22688639984108722,4.268626682003862e-10,0.2184092824046246,5.169296697016303e-10,0.268572046123502
P024,S2_7,Sucralose,7,2,0.25064799662411075,0.2319188678397062,0.1700372211267384,0.2499238708179515,0.25359736265672556,0.2243067340681079,0.19800894933428065,0.1714477028224081,0.18967031919637364,0.17842365625175302,0.17791348696756099,0.24720445417703873,0.20173657077528465,0.1859556459116271,0.19817371952739743,0.2634974923043057,9.274195686245892e-11,0.22127431625885108,3.439531010526124e-10,0.21639907835293629,3.672531100906405e-10,0.23895204836241674,2.7171741329557024e-10,0.21234085712965373,3.4737462604855817e-10,0.18472832607834438,3.211351664344065e-10,0.18404698772406333,0.07034243703254532,0.12030227807049772,0.12882787714152347,0.12441822633466205,0.07774059396412798,0.09534815721818797,0.13088606256148902,0.13218689250375495,0.154318637139801,0.11471746752164534,0.07591090197879194,0.13696847760498893,0.18261929645683245,0.11617776062703104,0.1007072042084833,0.12783854481079632,4.6337131320443685e-11,0.1094616996938349,2.002258296363622e-10,0.11797145206654486,1.1386007536023053e-10,0.08654437559115798,1.9974402544549613e-10,0.13183570152578578,2.3060402093623745e-10,0.131536477532622,2.5977355813045623e-10,0.13451805233072317,0.09269971224714812,0.08725104236739256,0.06465205502765636,0.08253600446903617,0.12854130861194893,0.10308380317931037,0.1018050491890134,0.10266439169359293,0.11515072558713899,0.09959992550600515,0.11052740992886818,0.08724823912661007,0.12122609444746857,0.09283703607033916,0.10498205800903448,0.07262353786756909,4.705304438787917e-11,0.08748574386111858,1.8849617955202707e-10,0.11142206057726677,1.856400569139949e-10,0.11581255589562965,1.5294090305902836e-10,0.09791718159860283,1.7935913323144376e-10,0.10223472044130316,1.945326808746077e-10,0.10737532554657206,0.33408743600724766,0.2321384100131607,0.31838922078104337,0.21912344971517148,0.24682260758518856,0.24863711555691514,0.21855551741176038,0.264579815081692,0.20601744525566587,0.2704944869093297,0.34371878504753106,0.23445964908247424,0.1956070956906559,0.2898587735301314,0.3201346112216193,0.23440128423123685,1.6133543259841718e-10,0.28031949177443805,3.387651268132418e-10,0.24523139809072275,3.5889986392293623e-10,0.24772986157105187,3.34276701314079e-10,0.26000044116841087,3.8735801610040575e-10,0.24156766624672618,3.526080427796269e-10,0.23825596608249777,0.2522224180889484,0.3283894017092432,0.3180936259230381,0.3239984486631788,0.2932981271820094,0.3286241899774793,0.3507444215034564,0.32912119789855204,0.33484287282102043,0.33676446381126707,0.29192941607724765,0.29411918000888815,0.29881094262975844,0.3151707838608713,0.2760024070334659,0.3016391407860925,1.471313220929574e-10,0.3014587484117574,4.5291148605192056e-10,0.30897601091252963,4.2807365708263786e-10,0.3109611585797444,3.923099716777329e-10,0.29790581857754705,6.166531816551983e-10,0.33993280970100426,5.680077580549465e-10,0.3358036683161437
P024,S1_5,Sucrose,5,2,0.09635711346567598,0.16317871377655113,0.14814477972209084,0.14896912872917437,0.07524189985950233,0.12367459414278703,0.11186958554688775,0.1203004078129981,0.10320148468194115,0.16488231037511497,0.14479857718651887,0.11430511359870539,0.14199641900401158,0.1315651080172882,0.1344161049899257,0.12434387086681684,1.0248254715343627e-10,0.13595890441311945,8.675665011462199e-11,0.11811950525589729,5.798814288705557e-11,0.09945824700114468,9.692768601996878e-11,0.1330803757195106,1.3493978194546914e-10,0.11608499667994293,8.304379166272132e-11,0.13404189752852808,0.10376337555354236,0.16582446616128052,0.1480353170090601,0.12836382456684992,0.17190545285375475,0.15584368240933266,0.21779960264791917,0.14595370410437677,0.1805398510251765,0.2134830979834628,0.13397502639531245,0.1575153248398366,0.1850147495498359,0.1914657886187943,0.09086417900846244,0.15895089355790895,9.656225810475014e-11,0.13957955575431366,1.3938482150609117e-10,0.1760574183579294,1.2744276636452757e-10,0.1638745676315437,1.0338350327436735e-10,0.1565739026837504,2.596591764793903e-10,0.18187665337614797,1.4142690701989806e-10,0.19701147450431966,0.13417291032530798,0.14505032857257147,0.17153810642595219,0.1683425796485421,0.13786413528045294,0.13474623848497794,0.11195762734426858,0.15947458124404684,0.10578319005569849,0.1298853801533202,0.16475698939626587,0.15267628729185662,0.11230861074007571,0.14811853511250558,0.09800280906819461,0.16504672015925664,1.1773067224587297e-10,0.1560895336100827,9.786581569696162e-11,0.13325937990450304,1.0259465694892684e-10,0.13630518688271542,7.63601089494595e-11,0.13086916877000815,1.3639907998239243e-10,0.1357161042941577,8.311232908956967e-11,0.11783428510450936,0.27337629438338357,0.20792979015411303,0.2538480756096949,0.27210604966693397,0.24387093039438346,0.2093401388054975,0.20794840872822415,0.26257963815015417,0.2378433127521785,0.18632809364815495,0.2307318988852079,0.1835589252587927,0.22376113214715276,0.19497390676227302,0.33348778736033474,0.24428624828853424,1.689755810549254e-10,0.23692517232635435,1.8093980524685252e-10,0.21798652702732668,1.8032722873933107e-10,0.22660553459994048,1.8687802121368517e-10,0.24912726863957368,2.521813163070205e-10,0.23526402343918917,1.814420203915603e-10,0.21208570320016673,0.3923303062720897,0.31801670133548343,0.27843372123320254,0.2822184173885001,0.37111758161190644,0.37639534615740483,0.3504247757327005,0.3116916686884235,0.3726321614850049,0.30542111783994674,0.3257375081366954,0.3919443490108088,0.33691908855892444,0.3338766614891385,0.3432291195730821,0.3073722671274832,2.3743465357396656e-10,0.33144683389613,2.758495411042085e-10,0.35457716945434353,2.7671945090391716e-10,0.37375646388465567,2.373287283212785e-10,0.3303492841871571,4.2043528311589906e-10,0.331058222210562,2.849606844881486e-10,0.3390266396624758
P024,S2_12,Sucralose,12,2,0.44944812770084025,0.5860533880671802,0.6783334320361767,0.5037600073886318,0.4142359756512379,0.4789610926679651,0.5114111096393636,0.4937259269469319,0.4153512998699667,0.545651708687026,0.4991855281990806,0.5547479082597012,0.41434374919991035,0.49290101149199034,0.2964700608557405,0.5311249204503419,5.037378437550981e-10,0.5452547319419351,8.476535107443022e-10,0.45011045725277593,6.950296712290665e-10,0.4465985341596015,8.212151339348294e-10,0.43370993549949577,1.3376130229968234e-09,0.5025685182931477,8.738654417580186e-10,0.48050150427849636,0.093362492514189,0.0692116705783784,0.06349093219786663,0.12201932090129805,0.12740713481432236,0.10752322977731801,0.13643977734500495,0.10687189317750458,0.1422397535226468,0.0723379984899759,0.13680078789370256,0.08281590515020541,0.16516472668694146,0.09470251937877525,0.13751352036723824,0.09097487915600935,1.141828950014647e-10,0.09461685153927334,2.991209652213536e-10,0.12369940266433926,2.1012739404952825e-10,0.11746518229582019,3.35326110912476e-10,0.12208891139724107,3.54765217306042e-10,0.12165583526125476,2.876587278143903e-10,0.10728887600631135,0.07060936171390116,0.05613408669299931,0.049913496395257294,0.06142074065374828,0.08279435084907644,0.06703368232287817,0.0708596544093668,0.07474784077762268,0.07833561278900811,0.05965352611896789,0.05242081640488883,0.05520305566075698,0.07292587790237125,0.06390784460922312,0.080050728741782,0.06267579336738327,5.343580885416884e-11,0.05761692625359197,1.5497959115657818e-10,0.07166543892088724,1.362893435877725e-10,0.0749140165859773,1.695506227591386e-10,0.0698900611551899,1.8587087664456153e-10,0.07280374759349474,1.6042951671577142e-10,0.06899456945398799,0.18674560052526443,0.11481709833739026,0.07128080886435517,0.12987209444911527,0.13763529771799493,0.15276519446694917,0.10798745776387188,0.13745602968128898,0.14598267836680023,0.14210124776065503,0.12237094166282932,0.12961904825366824,0.1300045174434995,0.1437074436060913,0.22115096341808918,0.12730271484690203,1.2129091854955724e-10,0.12578426534877044,2.7152723315295804e-10,0.14102811330863374,2.3034879941355186e-10,0.14520024609247206,3.826065168142415e-10,0.1555414098286455,2.852475900993161e-10,0.12272174372258043,3.021029581525109e-10,0.14404196306372763,0.19983441754580483,0.17378375632405127,0.13698133050634417,0.1829278366072065,0.23792724096736892,0.19371680076488917,0.17330200084239314,0.18719830941665114,0.21809065545157838,0.18025551894337496,0.1892219258394981,0.1776140826756667,0.2175611287672778,0.20478118091392009,0.2648147266171501,0.18792169217936358,1.7765626197438445e-10,0.1767272249164286,4.556704355626896e-10,0.213496587853364,3.9175553175331787e-10,0.21582202086612906,5.324664687020943e-10,0.2187696821194279,4.549561439265287e-10,0.18025015512952214,4.480808230498327e-10,0.19917308719747667
P025,S1_5,Sucrose,5,1,0.28168454656244085,0.22340256547269988,0.33066674715055605,0.2026473843562959,0.18099746758367816,0.20850480587254044,0.15183938802900446,0.23212088527408417,0.18629947304246336,0.2406145784805941,0.17401372606065071,0.215035778411951,0.18008358866491514,0.2527240781977867,0.43513176196459596,0.2676459392794505,1.733605977794939e-10,0.2379084580024324,3.12248537870401e-10,0.20557748507973012,2.7787049131464973e-10,0.1947511367281093,5.645527455403212e-10,0.28389634202668707,3.43189975833358e-10,0.19198013665154431,3.0866317328505713e-10,0.21345702576152872,0.10954148146238728,0.15082214247846257,0.12704805632331923,0.14533595424149368,0.11702017141221918,0.13914588055193883,0.1335272073784958,0.15341789368417352,0.12303141918645892,0.13870805789715257,0.10018426416395608,0.12019739041363608,0.14374127882753393,0.1397692630560692,0.0996966269113643,0.14106077317059157,8.537584942940756e-11,0.12552154818054248,2.2427537334047567e-10,0.1349191484619403,1.8016196217541966e-10,0.128083025982079,2.2816278784056057e-10,0.13106698549138973,2.946379679970163e-10,0.14347255053133467,2.0122387639108083e-10,0.13086973854180575,0.11650951987360608,0.10919281457597906,0.10574973510381949,0.0872058975987732,0.12734767671253158,0.12224566565502362,0.12948877605048986,0.094983670447813,0.1564816219907344,0.10243077947976086,0.12266822328125018,0.11391049332941644,0.09208823651891133,0.10261052347436768,0.08214738749572237,0.10683332583967799,8.992361250578283e-11,0.10920611396047408,1.831610239507115e-10,0.11107302559020854,1.9263043824563288e-10,0.1247966711837776,1.6376319774274534e-10,0.09591986833216984,2.78128530500115e-10,0.11223622324915143,2.463477487324551e-10,0.12945620073524763,0.1903549222961085,0.16774665896269325,0.180223751984564,0.1951232163591227,0.24596678088549548,0.17114896016924067,0.26617944607965505,0.2151237424598313,0.2063978190905193,0.1803729409315416,0.2644453232934949,0.18479675494354333,0.24528351522954803,0.1838836202514823,0.15088054705987947,0.16222938578858598,1.7355089377118734e-10,0.1971151046399211,4.0754892540236404e-10,0.21157071913394163,3.6441818158408296e-10,0.20855787052736807,3.6476929322928273e-10,0.18556926708237392,5.745330958581372e-10,0.24065159426974317,3.307949625812918e-10,0.19338538001103045,0.301909529805458,0.3488358185101652,0.2563117094377413,0.3696875474443145,0.3286679034060753,0.35895468775125605,0.31896518246235495,0.304353808134098,0.32778966668982457,0.3378736432109511,0.3386884632006479,0.36605958290145296,0.33880338075909217,0.32101251502029426,0.2321436765684378,0.322230575921694,2.489607417515133e-10,0.33024877521663,5.668695956007065e-10,0.3368596217341795,5.022644177665514e-10,0.3438112955786657,5.342047236797447e-10,0.3035475370673796,6.950458868749372e-10,0.31165949529822645,5.320113532707862e-10,0.3328316549503878
P025,H2O,Water,0,1,0.40502320488026794,0.3460808686018109,0.46160904066450636,0.3533481151495292,0.3958160863648583,0.3712043864120569,0.4332245397773879,0.37930458531169264,0.3840267202230483,0.33941773608529874,0.414061783952432,0.35930919877399675,0.38063538576556966,0.3649914346446639,0.5398958134090772,0.3671302234298176,2.9121840255794066e-10,0.3899053686704239,7.206596685256364e-10,0.3781618232967872,6.856744021473111e-10,0.3835102363884576,8.418137883337968e-10,0.4131632143122821,9.628057336062162e-10,0.40626456254454024,6.646730091888675e-10,0.36172222815417354,0.09095509587953235,0.09492498652074652,0.0916943235489474,0.0794303264144028,0.10898962472411992,0.10983071376912602,0.08539919487288256,0.08045655785846931,0.11294433802703793,0.08857295247838598,0.0786242612467225,0.07673473468320367,0.08435645096741622,0.09277247779884967,0.08072411509714039,0.08148410593583748,5.8025292862950625e-11,0.08539395471559254,1.7887960792885635e-10,0.09898731681487796,1.8932352131624811e-10,0.10941016924662297,1.5453038639829833e-10,0.08483428744981095,1.901910835387816e-10,0.08292787636567593,1.9449627009113946e-10,0.10075864525271196,0.09498213437537222,0.09608263827638562,0.05212720827367671,0.08445991495202505,0.08068524089513682,0.08590836978166413,0.10099863765874333,0.1022747391492852,0.08188641497242201,0.08526759148848995,0.09393018127427467,0.08698543150246109,0.0974332742046808,0.101563322686316,0.06032319634978974,0.09446387953301456,6.268126739958988e-11,0.08476125144236589,1.6728046576527777e-10,0.09139755189194945,1.4047072676886316e-10,0.08329680533840048,1.5077161441102566e-10,0.08844591819345027,2.2543133401882404e-10,0.10163668840401427,1.428606694238227e-10,0.08357700323045597,0.19225021930971326,0.21580761965525633,0.17460900397258897,0.2176195044945363,0.18284276120169224,0.21052586929631553,0.1899090514195542,0.18828950728429397,0.21315227679030588,0.2244971477686245,0.18736153068439573,0.21832391757103678,0.18768314937355093,0.19939006148235872,0.14556614027445455,0.21931349973431155,1.3374504320465337e-10,0.20099529928125456,3.4679155409139793e-10,0.19511046033847937,3.1940617351765735e-10,0.19668431524900387,3.1643159487963264e-10,0.18798821271616895,4.235998617828496e-10,0.18909927935192408,3.720929790883816e-10,0.2188247122794652,0.2167893455551143,0.24710388694579988,0.21996042354028034,0.26514213898950617,0.23166628681419305,0.22253066074083766,0.19046857627143224,0.2496746103962588,0.2079902499871857,0.26224457217920066,0.22602224284217498,0.2586467174693014,0.24989173968878223,0.2412827033878116,0.17349073486953878,0.23760829136701891,1.6032279557459312e-10,0.23894412589036285,4.489511071408414e-10,0.23634284765790614,4.016766030533417e-10,0.22709847377751535,4.0143011391394585e-10,0.2255683673282879,4.2911019576567205e-10,0.22007159333384552,3.668724759729002e-10,0.23511741108319317
P025,S1_7,Sucrose,7,1,0.2762364152998171,0.216887792711978,0.1882353923532613,0.20575714085488533,0.1298217516671943,0.1854235991727882,0.18114240256125608,0.18058213327170378,0.22508005869926484,0.23493605022116643,0.16382185039054722,0.18905134145880068,0.2372554643572548,0.2592161532919037,0.2686478524868391,0.2365120822130692,1.636141582865137e-10,0.2066649888448816,3.536802509093241e-10,0.20292924212228525,3.246153223727997e-10,0.15762267541999125,3.9431877811405466e-10,0.2504078880872667,3.790494302395758e-10,0.1808622679164799,5.000190672399592e-10,0.23000805446021563,0.11406370349679593,0.1003943190181662,0.1838665674205097,0.08441864459217677,0.11938407632430285,0.0988738477769138,0.10158788800618342,0.10319327062392566,0.12055090480296964,0.11659258513125147,0.14163239102603514,0.13591984773675192,0.10516009935658024,0.11350704450025732,0.08881246376731504,0.1007541705721763,1.2928672113112722e-10,0.12671591221507258,2.3167207276733859e-10,0.10923126698951355,2.938086006086974e-10,0.10912896205060832,1.5264635063072652e-10,0.10205844454908222,2.1272160967552388e-10,0.10239057931505455,2.6703160631546944e-10,0.11857174496711055,0.07713988597212383,0.11664130003065801,0.11217876006830652,0.10778708581698408,0.1505338183449067,0.1471222508644477,0.09249676190141048,0.10593037086565515,0.19294860636470332,0.11542421040929843,0.1244723452897903,0.12335748060594551,0.11827306867747628,0.10945937164580838,0.11452208202783545,0.11808753854373966,1.0957766571193197e-10,0.11026280963063471,2.8058308501491103e-10,0.13134712738315976,3.7194448169337723e-10,0.1488280346046772,1.8172663744565826e-10,0.11508551522371493,1.9458276401064657e-10,0.09921356638353282,4.2143254693350317e-10,0.15418640838700087,0.2783549402065945,0.27578480571602737,0.23369280590039473,0.27596733346798347,0.24706782740696748,0.2924600362398194,0.26094635602455996,0.28409697879303847,0.23800890653068382,0.2531350404639107,0.2424101803134863,0.2806139021897156,0.22524509192811434,0.2431535216447437,0.25294647893503536,0.2676896603524175,2.2754719598067103e-10,0.2644706612990337,4.884749168642622e-10,0.25198161930491125,6.138149489198022e-10,0.2697639318233934,3.742206513327703e-10,0.24725868821507774,5.478395235795638e-10,0.27252166740879924,5.291349881875351e-10,0.24557197349729726,0.25420505502466884,0.29029178252317006,0.2820264742575279,0.3260697952679704,0.3531925262566281,0.2761202659460309,0.36382659150658975,0.3261972464456766,0.2234115236023787,0.2799121137743729,0.32766323298014144,0.2710574280087862,0.3140662756805743,0.27466390891728665,0.2750711227829755,0.27695654831859684,2.907190046628137e-10,0.2918856280103775,6.846650274276768e-10,0.30451074420013,8.681425507677455e-10,0.3146563961013295,4.59604819440274e-10,0.28518946392485833,7.585880118499753e-10,0.34501191897613315,5.002280888932314e-10,0.2516618186883758
P025,S2_12,Sucralose,12,1,0.12233376199223471,0.11796360300348646,0.18660713535494902,0.1439434906060438,0.17022624697486002,0.108505923805144,0.0967450981513297,0.14841167867644,0.1726188711387489,0.14419806380573424,0.14362130982159688,0.12678425015763334,0.13140713763222095,0.12247375243933281,0.23396440388516335,0.13986426619978698,6.421201263589835e-11,0.1402089251559907,1.8609997701884614e-10,0.13315326521288945,1.862481050400756e-10,0.139366085390002,2.028078841008012e-10,0.15692739003912604,1.1761094739551463e-10,0.12257838841388485,1.6521546377307033e-10,0.15840846747224158,0.1611258144910355,0.19510822516975673,0.1258788218422154,0.15173941788301737,0.13761555394572325,0.16523019063221606,0.12862637142081168,0.1493707441402746,0.12342068071087359,0.18644668426710456,0.1500871582184944,0.1755780354311068,0.15136226123099825,0.18611450400904853,0.14662247634920922,0.19465269538586352,6.856791387117113e-11,0.15991957883927105,1.858421329947663e-10,0.16008062745449653,1.5477171818198376e-10,0.15142287228896967,1.8066178647759114e-10,0.16968798424377987,1.528322139547894e-10,0.13899855778054315,1.2413753394974095e-10,0.1549336824889891,0.1358084555255744,0.09529071811828031,0.084020972845383,0.11029301121047791,0.11807052977548872,0.10393545004798688,0.13006530234548402,0.091120891174322,0.09582409108875095,0.0955634307547149,0.12008784716986168,0.09650160237359601,0.1180205464895618,0.10539633757234068,0.09300289803672071,0.08017098663843221,5.265746446923492e-11,0.10700043454052888,1.487345930764105e-10,0.11135571597134451,1.3073855759834215e-10,0.11100298991173779,1.2779962854169254e-10,0.09914769218426385,1.5012286507906064e-10,0.110593096759903,9.283321155911234e-11,0.09569376092173293,0.24802276672386006,0.2157206000184659,0.29968140510363067,0.23663162413059885,0.2223309031665157,0.24202261235499267,0.2576094878013972,0.22412545808276904,0.24429244134385408,0.21087234845569436,0.23457928651434778,0.21508391440282063,0.2657094789308277,0.2372035917136509,0.20465072094826878,0.22341787162684912,1.084660921800284e-10,0.24161993281562066,3.1203307847180556e-10,0.24181664654149676,2.4869669085470026e-10,0.2321767577607542,2.8694408102525953e-10,0.23274541580489913,3.00554940565759e-10,0.2408674729420831,2.3430550040023667e-10,0.22758239489977422,0.3327092012672949,0.37591685369001054,0.3038116648538218,0.35739245616986226,0.3517567661374125,0.38030582315966016,0.386953740280977,0.3869712279261944,0.36384391571777264,0.362919472716752,0.35162439827569936,0.38605219763484316,0.33350057571639163,0.3488118142656274,0.32175950078063803,0.3618941801490681,1.5632251628425807e-10,0.35125112864858865,4.337780440008234e-10,0.3535937448197729,3.933295927641884e-10,0.36603129464853634,3.935077549242168e-10,0.3414915177279313,4.551724125810363e-10,0.3869624841035857,3.524922587690413e-10,0.3633816942172623
P025,S1_12,Sucrose,12,1,0.18010345572996297,0.2483830800431147,0.3394273955579695,0.26900260332246706,0.49950824863101206,0.32684578273785064,0.24119680947827696,0.24553086503941446,0.3412605355471533,0.2288263086575406,0.4070729747712757,0.28531220600971763,0.31918702676059774,0.26009295448181907,0.2340128664494314,0.24542597112227257,2.796003601368973e-10,0.2882169525724179,7.013754160414906e-10,0.35140850315281985,8.336532284427279e-10,0.4131770156844313,4.2192743831912963e-10,0.2646797047035302,4.775247628867867e-10,0.2433638372588457,5.127345627912174e-10,0.28504342210234695,0.2215962833993126,0.08844251846225659,0.059181998609833676,0.10140306043135594,0.09761097244612267,0.09557252621555189,0.10517315982197754,0.08693326371064043,0.12128437252829347,0.11036678808020114,0.09858266047046738,0.1182894757021873,0.12053687809283886,0.09567316281209215,0.13126707145179048,0.08715177702544216,9.572173820343088e-11,0.11458266617923558,1.899207522225368e-10,0.10234838489165139,1.651062168375641e-10,0.09659174933083728,1.828380373527231e-10,0.10865722234554093,2.067452159295826e-10,0.09605321176630899,1.8394419717109647e-10,0.1158255803042473,0.12075159553700002,0.0840862683969723,0.09792710895038963,0.08605486402206053,0.062347334886526544,0.0859260847853157,0.07540232764543722,0.07832264751217632,0.07266977452879526,0.0861522315496002,0.09117456617021352,0.0953673852932582,0.09030179368787862,0.07501852412536567,0.10593946142960409,0.08590794306402284,7.75354416720323e-11,0.09589363139498236,1.3414425407378058e-10,0.07839843437127164,1.0718427922705648e-10,0.07413670983592112,1.419510437408285e-10,0.0892919305767178,1.4939750892254185e-10,0.07686248757880677,1.1139794870582054e-10,0.07941100303919774,0.1946851759037252,0.20139273641212802,0.2259740040963444,0.17160810994056963,0.13340835856006544,0.19594730359142865,0.2030843137455297,0.18798093878568542,0.20308136864525145,0.21157843967650575,0.1551755604307472,0.1841517558491132,0.20338885520934366,0.18036334661256065,0.2281630263373705,0.201366107284388,1.3515381072343995e-10,0.1888312237721046,2.969190232258981e-10,0.1782769659933496,2.3018686159715469e-10,0.16467783107574704,3.1457585250476016e-10,0.2033203338609157,4.006921857387866e-10,0.19553262626560758,3.095842908137697e-10,0.2073299041608786,0.2828634894299993,0.37769539668552826,0.27748949278546325,0.37193136228354645,0.20712508547627342,0.29570830266985326,0.3751433893087789,0.40123228495208324,0.26170394875050657,0.3630762320361523,0.24799423815729607,0.3168791771457243,0.2665854462493406,0.38885201196816244,0.3006175743318034,0.3801482015038739,2.109817339582135e-10,0.3124755260812596,4.220158896711076e-10,0.28956771159090744,3.5678960132681243e-10,0.25141669407306333,4.2214304560350226e-10,0.3340508085132951,7.441346945420825e-10,0.38818783713043103,4.0429891981578387e-10,0.31239009039332943
P025,S2_7,Sucralose,7,1,0.3014927276752924,0.2219030078914281,0.3641265214317274,0.21553260698956175,0.28213550249428393,0.2614077205706407,0.19464010177434765,0.18929398946675402,0.23427877198655028,0.23492791894076281,0.3037499097258538,0.23145260081003294,0.2729680254550062,0.2743091868199381,0.28428042474188475,0.2168388557903929,2.8074118485515293e-10,0.2730428957539827,5.958656255068599e-10,0.27270510883496724,5.997510548549071e-10,0.2717716115324623,5.298401782641722e-10,0.2620991232018055,3.9516285103753723e-10,0.19196704562055084,4.752626097871367e-10,0.23460334546365655,0.12671866408270294,0.11349392249253062,0.12050320355344488,0.1097610645221017,0.1111960703952782,0.11781640393855947,0.1338469645022738,0.10486768529446962,0.18623836811882907,0.1312236372058375,0.14692297339077737,0.10430502031972222,0.12189371322736037,0.0994975717798001,0.1372025536087481,0.11096390633080895,1.2671378798586088e-10,0.12028414139354664,2.4995663616071957e-10,0.11260093983524953,2.376587634730547e-10,0.11450623716691882,2.4423321776760844e-10,0.11738943623667938,2.693594920910103e-10,0.1193573248983717,3.722202461696184e-10,0.15873100266233328,0.15744294447193807,0.10571568599497773,0.10859012655381996,0.09704407299827975,0.11171730132174001,0.11057890368490944,0.10091486788881598,0.10503245905834327,0.10568365763604481,0.11971186758244924,0.10194584626113173,0.1484501653830941,0.13631888371822856,0.09152006475153904,0.09074579189323531,0.11374312035146317,1.0519758878613012e-10,0.11986480694387354,2.6479431285833196e-10,0.11253378836910427,2.380969615980274e-10,0.11114810250332473,2.2210572069980693e-10,0.10808196517861651,2.0552764720131304e-10,0.10297366347357963,2.157738240304869e-10,0.11269776260924702,0.1713130493016715,0.2267904846535053,0.17115108530336676,0.21897582699483698,0.18173116025358,0.23573928783673415,0.27908256236907636,0.24887226391360656,0.1838154059874514,0.21883474733950833,0.2101349423242639,0.22264810144783936,0.19886942649247819,0.23366734716091284,0.2048673583711546,0.22288529524350653,1.8443765297681244e-10,0.2035022483375806,4.132618676080283e-10,0.21250180543592628,3.921599722896159e-10,0.20873522404515707,3.8826813836431034e-10,0.21507235681701303,5.644795714419697e-10,0.2639774131413415,3.763634736530828e-10,0.20132507666347987,0.24303261446839516,0.3320968989675586,0.23562906315764148,0.35868642849522014,0.3132199655351178,0.27445768396915615,0.29151550346548616,0.35193360226682646,0.2899837962711245,0.2953018289314422,0.2372463282979738,0.2931441120393113,0.2699499511069263,0.30100582948781024,0.2829038713849775,0.3355688222838277,2.2641378296115316e-10,0.2833059075710167,6.263023041534101e-10,0.2896583575247526,6.644625072148774e-10,0.29383882475213696,5.31394512746716e-10,0.2973571185658854,5.982768575948383e-10,0.3217245528661563,5.887211200228845e-10,0.29264281260128333
P025,S2_5,Sucralose,5,1,0.4855098887686654,0.33197615665166247,0.485984253718378,0.2854055767692654,0.4166695750026798,0.3169220152064831,0.2455073185278852,0.2551892731095679,0.33474949582519853,0.3419493436990908,0.4353587513804771,0.32077721726830216,0.4357306050378703,0.32136830585436404,0.35695483626346297,0.25127491270268926,4.397171460857686e-10,0.3908353074261251,1.007156667200152e-09,0.37267262527534933,8.854410087425604e-10,0.3667957951045815,9.919028472816233e-10,0.3413321649645966,6.460383861169532e-10,0.25034829581872653,7.676141541476353e-10,0.33834941976214467,0.11416424376131214,0.11404637017433866,0.0865068396514886,0.1342342397519794,0.11021842916264758,0.12220665387173693,0.1080518355848744,0.1196830329473236,0.10339283223597548,0.11146569250790583,0.1335863235112718,0.12268215679124911,0.1551292675706547,0.1318620065447265,0.10426860587295157,0.11818935568957105,1.2418798257795892e-10,0.11753669560693995,3.216043418101312e-10,0.1298540892874414,2.3919378014778116e-10,0.11621254151719226,3.293695201152614e-10,0.12736230891947595,2.852085354176483e-10,0.113867434266099,2.3778383517731795e-10,0.10742926237194066,0.0757868106624154,0.0967580345593391,0.06362476777857615,0.09398417894012853,0.07472299081742499,0.10300991582678673,0.10882116808313891,0.10931869018263471,0.08183811973982219,0.08290984473590321,0.06575613773623647,0.10228666386432687,0.05669920026448673,0.07639727053101311,0.07741833786418917,0.10079703968714791,7.115751187794639e-11,0.08303276559017042,1.5792825188090852e-10,0.0777073443599279,1.6477580473302963e-10,0.08886645332210585,1.7083231442425147e-10,0.07782796208670924,2.859055100646548e-10,0.10906992913288681,1.875813608700831e-10,0.0823739822378627,0.12731187191631033,0.15334912321171235,0.15459105806925083,0.1613658905879197,0.19087258095502155,0.176614653957506,0.19279581383046537,0.1772493477322055,0.19160174054925336,0.16289312469805273,0.14823513000639674,0.1630074126691511,0.12820502023043706,0.15598479974937238,0.20210276878811265,0.17421344119863677,1.4658874680606132e-10,0.15131008107679017,3.746368474040115e-10,0.16291926372308424,4.0968789698187883e-10,0.18374361745626377,4.1359903930685187e-10,0.1651265074916397,5.045784367336321e-10,0.18502258078133543,4.3546837630396405e-10,0.17724743262365306,0.19722718489129634,0.3038703154029472,0.20929308078230735,0.32501011395070645,0.20751642406222617,0.2812467611374871,0.34482386397363596,0.33855965602826843,0.28841781164975006,0.3007819943590471,0.21706365736561725,0.2912465494069709,0.22423590689655132,0.31438761732052445,0.2592554512112844,0.35552525072195523,2.2240956543910517e-10,0.25728515029997423,5.27981193198026e-10,0.25684667735419725,4.5698024448992333e-10,0.24438159259985665,6.196031925197713e-10,0.28835105653757886,9.050223290296559e-10,0.3416917600009522,6.621016393394201e-10,0.2945999030043986
P025,S2_5,Sucralose,5,2,0.13803388873838562,0.12189047371919971,0.14777269935909515,0.12579994922592444,0.13885354909836106,0.13212827082758016,0.11797352502486237,0.14064075734815068,0.12140456619230956,0.13398918228006654,0.10831181255051885,0.12428349677615547,0.09609786572985836,0.10415001006658851,0.16649782211780706,0.13164311584410945,1.5512294592504501e-10,0.12768205339487987,4.2416968514855066e-10,0.11780742393059702,4.274376863006798e-10,0.1354909099629706,4.5811288350652955e-10,0.12459720343959085,5.122771467193882e-10,0.12930714118650652,3.703525143290864e-10,0.12769687423618806,0.12297795905448373,0.08874218020255026,0.1206970467117532,0.08171506051665119,0.09847616085946992,0.09948310252364893,0.1139436110051823,0.08597997586240234,0.07970801112491788,0.08528882680498917,0.08621355089281814,0.08362544990113797,0.10323270328792311,0.0881590693520554,0.14382836575101102,0.08582970281834951,1.2410157081907084e-10,0.09732854121323241,3.757591289996966e-10,0.09733775900577435,3.0425116380532256e-10,0.09897963169155943,4.349275900933369e-10,0.10526246030233476,4.843723422830389e-10,0.09996179343379233,2.4267154388329915e-10,0.08249841896495352,0.1150690515766793,0.12648974546303746,0.12464548106718433,0.12009473689144154,0.12366562440215612,0.10995842070557792,0.10789695027742914,0.10669511409454308,0.11497604005850073,0.11807714043391343,0.15146398574700368,0.1085473834123739,0.11451047897522129,0.12660220804642083,0.09930302057798747,0.10774639655119103,1.811506244357113e-10,0.1243850640262867,4.406323823359791e-10,0.11868418303234404,3.7920308767239405e-10,0.11681202255386702,4.0151705963622924e-10,0.11204052603770515,4.63943891896647e-10,0.1072960321859861,3.4915402427460135e-10,0.11652659024620708,0.2949899770378553,0.3287397383382641,0.2773189584745534,0.325693849592416,0.2790768145232422,0.3238777324406527,0.37056511770864903,0.3349152514834412,0.3680707609984437,0.34116730383520594,0.3308494295793219,0.3544398318022531,0.34153237394163655,0.3504835709567846,0.28920678032817027,0.34408112234702454,4.179368362829786e-10,0.318671964137444,1.1810607332431254e-09,0.323742622965579,8.702836713183598e-10,0.3014772734819474,1.1870648886669086e-09,0.33132596189340396,1.5868062956997538e-09,0.3527401845960451,1.1111078167345115e-09,0.3546190324168248,0.32892912359259585,0.33413786227694803,0.32956581438741417,0.3466964037735668,0.35992785111677017,0.3345524735025403,0.28962079598387713,0.3317689012114628,0.31584062162582816,0.3214775466458251,0.32316122123033764,0.32910383810807925,0.34462657806536084,0.3306051415781509,0.3011640112250237,0.33069966243932536,4.2556039502505414e-10,0.331932377228157,1.3035304351688482e-09,0.34242801106570553,1.106454103203957e-09,0.34724016230965526,1.2070676482169327e-09,0.3267738483269652,1.2548046844944633e-09,0.31069484859766994,9.586114948920598e-10,0.31865908413582666
P025,H2O,Water,0,2,0.3868531080549629,0.3308793748078253,0.43379766634313055,0.2835185777576329,0.3554162588809516,0.3129831973081814,0.3224655341820277,0.2760876705613031,0.3215034861635635,0.30969105556583415,0.5017939222147364,0.35949387151676904,0.45070365080323577,0.3370079119798118,0.42548072992608454,0.3337033676204319,4.034096746002961e-10,0.38272275344917617,7.231266293877793e-10,0.3640277547430451,5.612657024883385e-10,0.3341997280945665,8.9827446586039e-10,0.386723915082391,6.251327224275436e-10,0.2992766023716654,5.696853935788604e-10,0.3155972708646988,0.1055715218416091,0.10653397290229262,0.0916827959190873,0.10995082877440766,0.09107400991246938,0.11890214465220517,0.0728615872637625,0.10593030420649654,0.0960486629521165,0.10013784637546924,0.08753932650413469,0.10028531324731127,0.09954980522155343,0.09848137264213405,0.08748746642273775,0.11252283831430615,8.190921738531426e-11,0.10026062653147377,1.7241686805816304e-10,0.1020018331070905,1.4733481694085527e-10,0.10498807728233728,1.942945402751173e-10,0.09951037065018285,1.4493626844647736e-10,0.08939594573512952,1.708457674442342e-10,0.09809325466379287,0.11934026540715306,0.07609477694348724,0.06995462556218769,0.08576153037011568,0.08645332744943258,0.09423185566663167,0.07890000237764913,0.09123001641534115,0.07781350703659441,0.0823365281415866,0.056174045238496714,0.07638055637873266,0.09343768121599459,0.0906347520072502,0.06946682761262643,0.07785556700207995,6.302754186479258e-11,0.08061763331669551,1.616946735989591e-10,0.09118940408482726,1.3816807886780843e-10,0.09034259155803212,1.679971810492705e-10,0.08284870695948779,1.5496023672363506e-10,0.08506500939649514,1.3851389047945945e-10,0.0800750175890905,0.1777607015268121,0.19859235083580337,0.20918529007500408,0.21680853503845632,0.20229444065139426,0.19349439382363223,0.21925702603323588,0.20999653369405882,0.20683324662736077,0.2113641543537739,0.16604594749995588,0.21111735581238114,0.16325203910933633,0.18662641254246348,0.18182339085990448,0.21918247867861107,1.5613598071600795e-10,0.19658503013140213,3.234243773259929e-10,0.18641682153170658,3.2085242036423695e-10,0.19789441723751325,3.6095692926483924e-10,0.18772108029757884,4.2693796004701745e-10,0.21462677986364737,3.6753642552633074e-10,0.20909870049056734,0.2104744031694626,0.28789952451059164,0.19537962210059068,0.30396052805938784,0.26476196310575223,0.28038840854934977,0.3065158501433246,0.3167554751228004,0.2978010972203649,0.29647041556333625,0.18844675854267626,0.252722903044806,0.19305682364987942,0.2872495508283403,0.2357415851786467,0.2567357483845706,1.774169193077219e-10,0.23981395657125248,4.067573693353588e-10,0.25636418653333043,4.22393752638567e-10,0.272575185827551,4.510801032115506e-10,0.24319592701035925,5.988113949391894e-10,0.3116356626330625,5.285101454268975e-10,0.2971357563918506
P025,S2_7,Sucralose,7,2,0.536067452515821,0.4105746816352675,0.5029599081057885,0.3492714708328771,0.38153363688816205,0.3396903716632722,0.3417353198182359,0.3642779220247002,0.41207558912388104,0.38358247035118737,0.24731786079776774,0.30665986923689764,0.4277414448726583,0.37477950187091524,0.4591817367027083,0.3599951144080054,4.0781431539517075e-10,0.3921418738540699,1.1378881665981312e-09,0.38093623882375194,9.628388292772453e-10,0.36061200427571716,1.3047979402809157e-09,0.4054244494635718,9.884943243412395e-10,0.35300662092146806,1.1914677432464894e-09,0.3978290297375342,0.08080648779185949,0.09381531848342872,0.10860708585631684,0.12297597636958872,0.13340596766920387,0.09133677999516313,0.1282658913697314,0.12883361745289798,0.14910962760335655,0.09758667726452051,0.1937562257509605,0.1646149178932345,0.12117672958846173,0.10502583089597177,0.12626857905751623,0.12146841251609598,1.9220204074986033e-10,0.12742933535756482,3.523142203834093e-10,0.11273632703720013,3.3283284155165374e-10,0.1123713738321835,3.655577877511366e-10,0.11848488801451143,3.700653340285468e-10,0.1285497544113147,4.2584454397792946e-10,0.12334815243393854,0.05969865624992251,0.06448905294903057,0.051612193071783476,0.06642944419178379,0.055923230138982344,0.07337551439903221,0.058939129880039874,0.06843279066234205,0.059082275995333375,0.0766323764340523,0.09276854376671761,0.08274769190068997,0.08208213312073007,0.07382260980139753,0.05490796650497042,0.061870152186040354,9.77685070763981e-11,0.06962426368832132,1.9831073543026322e-10,0.07130087186503553,1.444206866985575e-10,0.06464937226900727,2.0478070027709512e-10,0.06817071540328459,1.7116261206555622e-10,0.06368596027119096,1.7360557912976357e-10,0.06785732621469284,0.16199073617567333,0.205913368026954,0.13671517334843733,0.2058076588551971,0.20209918521132658,0.23888759700833279,0.20352791813448995,0.2008172830146558,0.1479683064830185,0.22408879411866706,0.2098980553765791,0.21458103116218566,0.15619406174706005,0.20809333037031924,0.1511527964354045,0.2204551491609975,2.350580428104949e-10,0.18915100382417108,5.035651765274968e-10,0.20131854358425966,5.18248148668436e-10,0.22049339110982968,4.641104690304628e-10,0.1839738344284453,5.867709023052459e-10,0.20217260057457287,4.3891320375631425e-10,0.18602855030084278,0.16143666726672348,0.2252075789053187,0.2001056396176736,0.25551544975055296,0.227037980092325,0.2567097369341998,0.2675317407975028,0.23763838684540387,0.2317642007944101,0.21810968183157314,0.256259314307975,0.23139648980699218,0.21280563067108932,0.23827872706139597,0.20848892129940064,0.23621117172886022,2.8089250257428354e-10,0.22165352327587265,6.203229059751457e-10,0.2337080186897525,5.805720176820513e-10,0.2418738585132624,6.288697618323551e-10,0.22394611269018652,7.681145603669777e-10,0.25258506382145335,6.704229534669969e-10,0.22493694131299163
P025,S1_12,Sucrose,12,2,0.3127283544766115,0.1499752293907376,0.23608565657319597,0.2152323082154576,0.462703954997821,0.18469133528679127,0.19403591659077907,0.15644775328282803,0.32754186046287187,0.18390625200014363,0.2755429334415444,0.13213284523922145,0.29476827735045985,0.17574554386317293,0.30131520373167453,0.17675188854276708,2.1712062267650905e-10,0.2202828878894614,7.832627917592121e-10,0.2794772778745612,9.47648227254389e-10,0.32369764514230615,6.628853556904071e-10,0.23714522837201857,4.3345215139257893e-10,0.17524183493680356,6.501499176785619e-10,0.25572405623150773,0.12231153351192292,0.10245395330126941,0.11991684867778822,0.10217973542864718,0.05655515600275036,0.09047624938925262,0.09997112310123965,0.10925860669795512,0.0888600722812948,0.09636130362162339,0.0887868133022443,0.09781215772578167,0.07594226341011981,0.10915560826297922,0.09699212476399664,0.10225520336432883,7.973964289899473e-11,0.10557684032460896,1.4521162119716293e-10,0.08303231926627551,1.2322298932885483e-10,0.0735157026960015,1.9979435657051549e-10,0.09608629995035614,2.2622131038334195e-10,0.10461486489959738,1.814191407677189e-10,0.0926106879514591,0.1295913623410281,0.15684314490491488,0.09749326156600253,0.14319294187634796,0.0881904073470335,0.1561279660166065,0.1342544542203621,0.15140494038133914,0.1163106002244484,0.13313059232151186,0.10475644394736133,0.1506565912826376,0.10921115260788648,0.14657567994882523,0.09926401493035576,0.14516373306808777,9.211604202967093e-11,0.13042229098638206,2.164865429050953e-10,0.12502630148008792,1.9378824792214378e-10,0.12215918668181999,2.4067083995042254e-10,0.1250536451387888,3.0427308182049207e-10,0.14282969730085063,2.3822189238205426e-10,0.12472059627298013,0.17835488828213197,0.22479161866119257,0.27528065973446886,0.20008931885004924,0.16290244432417272,0.2310743259088705,0.251082627009514,0.24224736995943572,0.19931828761941053,0.23906639054014292,0.26858356103454917,0.2621445000436487,0.25024778554333715,0.24887347922670908,0.2279993823679388,0.23742596308467878,2.1139007909363285e-10,0.23487409110100674,4.4461259025870724e-10,0.22327450875077237,3.517173490904648e-10,0.1969883851165216,5.41734469716034e-10,0.24113665255566596,5.649134628446602e-10,0.24666499848447487,4.094185755254269e-10,0.21919233907977673,0.2570138613883057,0.36593605374188526,0.27122357344854453,0.3393056956294977,0.22964803732822228,0.3376301233984793,0.3206558790781049,0.34064132967844224,0.26796917941197423,0.347535461516578,0.26233024827430074,0.35725390570871063,0.2698305210881969,0.31964968869831406,0.274429274206034,0.3384032119401371,2.2538547394198628e-10,0.30884388969854076,5.414590591434949e-10,0.2891895926283031,4.971190906776466e-10,0.2836390803633508,6.242791062061191e-10,0.30057817398317055,7.246098157910978e-10,0.3306486043782736,5.53266410078153e-10,0.30775232046427614
P025,S2_12,Sucralose,12,2,0.5229538231577192,0.3710257449110362,0.47048206783260565,0.3443725799731912,0.3625105650583366,0.35397509038262065,0.28288610444967127,0.324987704779118,0.3563731024769104,0.3476850999114055,0.3194805079616368,0.34673930321119967,0.35794551835389077,0.32267429640032014,0.5026925413058997,0.3544142456852243,3.739849228121359e-10,0.39584233784123146,9.313602811379652e-10,0.34927636754879204,8.82140290783805e-10,0.35824282772047866,1.0320750875378699e-09,0.38443165043633376,7.944597467554478e-10,0.3039369046143946,7.972440247739482e-10,0.352029101194158,0.08845921662097798,0.08556835281841019,0.07850275365894284,0.11695874503192186,0.11773995082803586,0.08145550250474601,0.13876248072827163,0.11567127858363678,0.14497779084672072,0.09018740892478593,0.10006325814749048,0.11190236234682852,0.12325501976066999,0.11461130295856341,0.08375235601529704,0.09593216988482489,9.499862451342016e-11,0.09690911477076197,3.100809916032573e-10,0.10926544401300381,2.820635907887882e-10,0.09959772666639094,2.61509528154679e-10,0.10438771215483883,3.847984737019523e-10,0.1272168796559542,3.1814338438693083e-10,0.11758259988575331,0.0491381232722049,0.08956885662199876,0.0690271620029555,0.09409869544593509,0.07877917251339048,0.09115079196379995,0.06795120186023822,0.08452443758874975,0.06865580862027515,0.08137397043915921,0.080955254566405,0.08977163997614926,0.08328319970265838,0.09752465810759314,0.049327126461570794,0.08586621574407269,7.386499784338255e-11,0.07875995531427475,2.1229825774298118e-10,0.08768445557186048,1.9359065045334722e-10,0.08496498223859522,1.7170622322127225e-10,0.07900030000397376,1.915588663749311e-10,0.07623781972449398,1.553275070261814e-10,0.07501488952971719,0.17036241767347768,0.23043337619183224,0.1921349408092579,0.19575237935762885,0.20520816892654836,0.25786273613546906,0.26343969280600393,0.2507695363134652,0.21980671613073122,0.24058717437877158,0.24560140957145035,0.23753127534271604,0.2194873611996512,0.24259643998182465,0.17458332225361817,0.24083599690557225,2.1982879166010508e-10,0.21196929982439383,5.56976417791091e-10,0.23128867656087332,5.069860583613902e-10,0.2315354525310087,4.986503458715378e-10,0.21937578008516656,7.340312022524997e-10,0.25710461455973455,4.948859602934827e-10,0.2301969452547514,0.16908641927562026,0.2234036694567232,0.18985307569623885,0.24881760019132293,0.23576214267368836,0.2155558790133648,0.24696052015581488,0.22404704273503062,0.21018658192536235,0.24016634634587752,0.2538995697530172,0.21405541912310627,0.21602890098312955,0.22259330255169904,0.18964465396361427,0.2229513717803059,2.2479802488258229e-10,0.21651929224933816,5.835544711688806e-10,0.22248505630547044,5.71763451319473e-10,0.22565901084352658,5.073761270435494e-10,0.2128045573196872,6.868776707482364e-10,0.23550378144542275,4.744468554802519e-10,0.22517646413561992
P025,S1_7,Sucrose,7,2,0.24001912747448997,0.2918506893057511,0.23620638767673335,0.2509905003308009,0.3635991710956689,0.3571598948365497,0.2685048048561354,0.32037898717002905,0.289721191546058,0.2652951467872012,0.3765124475050653,0.27112691208113127,0.3103654949561447,0.2910031930512921,0.40928804123505935,0.2778544974666652,2.2440776986081928e-10,0.27778434406232866,6.291116269044616e-10,0.33053193848491386,6.736981683083833e-10,0.3603795329661093,6.875434028124978e-10,0.32212780667729035,6.614483984506531e-10,0.29444189601308224,5.715389233318253e-10,0.27750816916662957,0.2102629821233068,0.09972094499529044,0.1327228248889255,0.14310850568432154,0.12676943736684848,0.08984642931038583,0.1242757545074757,0.09486337575200042,0.14376853953726554,0.12039605683852803,0.11406855728798534,0.0997052898530868,0.11396439065797485,0.0896377034295417,0.07941394352411947,0.1127339468496533,9.460029037976313e-11,0.13326485080548608,2.2259548800827444e-10,0.10505449019118772,2.3218484056693514e-10,0.10830793333861716,1.8531795801474882e-10,0.09893749611532232,3.012651958560306e-10,0.10956956512973806,2.8251766511147956e-10,0.1320822981878968,0.13242652885531359,0.1119826090667724,0.06986823187189677,0.12985179551042728,0.10183654478230293,0.093486262604937,0.09924157101937843,0.08806463926466403,0.13885692272689176,0.125971769813871,0.09385770458145115,0.1338888980483636,0.1227856978183588,0.12764442786081662,0.08922786689536794,0.09943516830052357,7.157169494938534e-11,0.11197929465570412,2.1030519944187083e-10,0.11143823326660385,1.8817886940114284e-10,0.09766140369361997,2.0378971700460754e-10,0.10977329021876674,2.417031674982418e-10,0.09365310514202123,2.7381096222959234e-10,0.1324143462703814,0.1408226226192127,0.17276951189538414,0.27696830739689016,0.19771707987176856,0.1558761210219333,0.19329823825912415,0.22591747776495014,0.18123208513216785,0.16096500638221875,0.17976735091238694,0.18684551195183888,0.20354937961994518,0.16539301204204693,0.19146423941642776,0.16752393213034675,0.20323669337331854,1.3091279260044082e-10,0.19644540222583992,3.0343971089229124e-10,0.17650790268488303,2.919464290831813e-10,0.17458717964052872,3.224813098246592e-10,0.181904469240535,5.484643204372807e-10,0.203574781448559,3.206966369673494e-10,0.17036617864730286,0.27646873892767676,0.3236762447368024,0.284234248165554,0.2783321186026816,0.25191872573324625,0.2662091749890031,0.28206039185206006,0.315460912681139,0.2666883398075665,0.3085696756480131,0.2287157786736597,0.29172952039747285,0.28749140452547506,0.3002504362419215,0.25454621621510654,0.30673969400983936,1.7519832924608461e-10,0.2805261082506412,5.062891923469933e-10,0.2764674353724115,4.682306070750688e-10,0.2590639503611247,5.228330090230681e-10,0.2872569377480856,6.92914358388347e-10,0.29876065226659954,5.323797605605321e-10,0.28762900772778976
P025,S1_5,Sucrose,5,2,0.49832937702113955,0.4789567137402187,0.5310687661512623,0.38633429248411644,0.42954503521911286,0.4284686148486971,0.32687232875358013,0.39158685818142663,0.4651360317027452,0.4550551944063515,0.4422357206369942,0.4455870947448566,0.4147870758547352,0.41968703233307564,0.5547087600682772,0.4101092934006408,4.895687967667161e-10,0.4637519941297646,1.1123434010084398e-09,0.4231219395639052,1.1356400699826453e-09,0.42900682503390497,1.258394240123657e-09,0.4498230404141822,8.424406382181989e-10,0.3592295934675034,1.1999595971267291e-09,0.4600956130545484,0.09189713100147352,0.07898546925018762,0.07265939434795111,0.11787045443995256,0.11225553655730013,0.08049849935493737,0.17328421890861478,0.12127378470918672,0.13121227983526174,0.06969741435094504,0.14385570255671912,0.09320558260005772,0.09336180979127175,0.10272289454092948,0.08491856878959042,0.10588988848826979,1.308919566740278e-10,0.09974562236605694,2.6962011155460905e-10,0.09720968506110968,2.9312322329052824e-10,0.09637701795611875,2.34761460497413e-10,0.09672329040251536,4.364934464530401e-10,0.14727900180890074,3.319285403664967e-10,0.10045484709310339,0.0793759978587207,0.06412723802189532,0.049460998413010666,0.07591954638510104,0.0675914031873998,0.08511344033812206,0.07649295015613877,0.07819983058845109,0.06679138784119677,0.06281453895747334,0.06054691634827904,0.06444514045329804,0.1009282459590817,0.08588976939884119,0.05979567971451061,0.07565135868632397,6.734507910328542e-11,0.06564597291338413,2.2190161694702611e-10,0.08488071472086119,1.807568763779612e-10,0.07635242176276093,2.1024025785397866e-10,0.08056626343968937,1.9556999846697793e-10,0.07734639037229493,1.7202528595364002e-10,0.06480296339933506,0.14749961227527572,0.1600997495284355,0.18382685030583587,0.17114862062370506,0.17115023222205342,0.1724471259577976,0.18978630586379083,0.16699893894730292,0.14093933915499834,0.18503687409678102,0.16000120150879382,0.1748975603320902,0.1667193547918229,0.17449078336218202,0.11548092301271978,0.17180194497276408,1.716469037707514e-10,0.16624559909568937,4.455590081224938e-10,0.171201874083464,4.52691223242064e-10,0.17179867908992552,3.7267844771953483e-10,0.1571232515348722,4.820634255651967e-10,0.17839262240554687,3.6887861616537625e-10,0.1629881066258897,0.1828978818433906,0.21783082945926288,0.16298399078193967,0.24872708606712468,0.21945779281413375,0.2334723195004457,0.23356419631787495,0.24194058757363188,0.1959209614657979,0.22739597818844937,0.19336045894921383,0.22186462186969766,0.2242035136030886,0.21720952036497146,0.18509606841490225,0.23654751445200126,2.041661499470667e-10,0.20461081149510485,5.847016547112592e-10,0.2235857865706599,5.819007561664038e-10,0.22646505615728973,5.37551089256432e-10,0.2157641542087409,5.975256075976074e-10,0.23775239194575343,5.094397110058157e-10,0.21165846982712364
