subject,ma_mau,substance,intensity,band,power,win
P001,S1_5,Sucrose,5,delta,9.58093616432997e-10,early
P001,S1_7,Sucrose,7,delta,9.878473478449875e-10,early
P001,H2O,Water,0,delta,8.741159802727479e-10,early
P001,S1_12,Sucrose,12,delta,8.470962406224552e-10,early
P001,S2_12,Sucralose,12,delta,1.724183093956776e-09,early
P001,S2_5,Sucralose,5,delta,1.3089246360988314e-09,early
P001,S2_7,Sucralose,7,delta,1.3685464370309161e-09,early
P001,S2_5,Sucralose,5,delta,8.216463241609508e-10,early
P001,S2_7,Sucralose,7,delta,9.440389512704002e-10,early
P001,H2O,Water,0,delta,7.994645201810642e-10,early
P001,S2_12,Sucralose,12,delta,1.0104022745433798e-09,early
P001,S1_12,Sucrose,12,delta,9.223392323818027e-10,early
P001,S1_5,Sucrose,5,delta,1.3017500310895794e-09,early
P001,S1_7,Sucrose,7,delta,1.6860911250599626e-09,early
P001,S1_5,Sucrose,5,theta,2.800052399363281e-10,early
P001,S1_7,Sucrose,7,theta,3.829921977029761e-10,early
P001,H2O,Water,0,theta,3.9448604133652885e-10,early
P001,S1_12,Sucrose,12,theta,4.2577042171716194e-10,early
P001,S2_12,Sucralose,12,theta,5.591111885908312e-10,early
P001,S2_5,Sucralose,5,theta,5.344581834692058e-10,early
P001,S2_7,Sucralose,7,theta,5.412171407088255e-10,early
P001,S2_5,Sucralose,5,theta,2.8102020700530445e-10,early
P001,S2_7,Sucralose,7,theta,2.7454405371261144e-10,early
P001,H2O,Water,0,theta,6.323502018371821e-10,early
P001,S2_12,Sucralose,12,theta,4.0031903765613357e-10,early
P001,S1_12,Sucrose,12,theta,6.437932503862151e-10,early
P001,S1_5,Sucrose,5,theta,6.102021561294252e-10,early
P001,S1_7,Sucrose,7,theta,6.558190537292213e-10,early
P001,S1_5,Sucrose,5,alpha,3.863290332192741e-10,early
P001,S1_7,Sucrose,7,alpha,2.180719074982454e-10,early
P001,H2O,Water,0,alpha,2.492579117811009e-10,early
P001,S1_12,Sucrose,12,alpha,3.300862571962118e-10,early
P001,S2_12,Sucralose,12,alpha,4.1278750032453233e-10,early
P001,S2_5,Sucralose,5,alpha,4.40505150854511e-10,early
P001,S2_7,Sucralose,7,alpha,3.7319362744467197e-10,early
P001,S2_5,Sucralose,5,alpha,2.35472899527384e-10,early
P001,S2_7,Sucralose,7,alpha,3.0496128052720637e-10,early
P001,H2O,Water,0,alpha,3.903135616684142e-10,early
P001,S2_12,Sucralose,12,alpha,2.6302363464609894e-10,early
P001,S1_12,Sucrose,12,alpha,2.894886737838028e-10,early
P001,S1_5,Sucrose,5,alpha,3.4026713505444044e-10,early
P001,S1_7,Sucrose,7,alpha,4.098541701286555e-10,early
P001,S1_5,Sucrose,5,beta,5.110544206991362e-10,early
P001,S1_7,Sucrose,7,beta,1.2814029744796954e-09,early
P001,H2O,Water,0,beta,8.214845147595236e-10,early
P001,S1_12,Sucrose,12,beta,1.0293145324040896e-09,early
P001,S2_12,Sucralose,12,beta,8.189058121661275e-10,early
P001,S2_5,Sucralose,5,beta,1.349526556329911e-09,early
P001,S2_7,Sucralose,7,beta,9.156789247291088e-10,early
P001,S2_5,Sucralose,5,beta,6.462421076302793e-10,early
P001,S2_7,Sucralose,7,beta,9.092961170327846e-10,early
P001,H2O,Water,0,beta,1.48735939793538e-09,early
P001,S2_12,Sucralose,12,beta,7.915305844515034e-10,early
P001,S1_12,Sucrose,12,beta,7.101755139025958e-10,early
P001,S1_5,Sucrose,5,beta,1.0157095410363457e-09,early
P001,S1_7,Sucrose,7,beta,1.0149378143343788e-09,early
P001,S1_5,Sucrose,5,gamma,4.801173899854124e-10,early
P001,S1_7,Sucrose,7,gamma,1.1448871450481748e-09,early
P001,H2O,Water,0,gamma,7.843310322394905e-10,early
P001,S1_12,Sucrose,12,gamma,1.165203652908395e-09,early
P001,S2_12,Sucralose,12,gamma,9.221424812338227e-10,early
P001,S2_5,Sucralose,5,gamma,1.320456759744296e-09,early
P001,S2_7,Sucralose,7,gamma,9.477704910564025e-10,early
P001,S2_5,Sucralose,5,gamma,6.736083071499449e-10,early
P001,S2_7,Sucralose,7,gamma,8.77347316383017e-10,early
P001,H2O,Water,0,gamma,1.3839112362119617e-09,early
P001,S2_12,Sucralose,12,gamma,7.098646842827133e-10,early
P001,S1_12,Sucrose,12,gamma,7.845171340076488e-10,early
P001,S1_5,Sucrose,5,gamma,9.314667234882965e-10,early
P001,S1_7,Sucrose,7,gamma,1.0689669394027929e-09,early
P002,S1_7,Sucrose,7,delta,3.182615904849525e-10,early
P002,S1_12,Sucrose,12,delta,2.489850872971139e-10,early
P002,S1_5,Sucrose,5,delta,4.312914251241874e-10,early
P002,S2_5,Sucralose,5,delta,4.870255326340134e-10,early
P002,H2O,Water,0,delta,3.3527343008582547e-10,early
P002,S2_7,Sucralose,7,delta,4.016584036580091e-10,early
P002,S2_12,Sucralose,12,delta,3.852793154461588e-10,early
P002,S2_7,Sucralose,7,delta,4.785990620694325e-10,early
P002,S2_12,Sucralose,12,delta,2.411248994389256e-10,early
P002,S2_5,Sucralose,5,delta,7.342583156635613e-10,early
P002,S1_5,Sucrose,5,delta,5.78168073797839e-10,early
P002,H2O,Water,0,delta,2.0556146644452802e-10,early
P002,S1_7,Sucrose,7,delta,2.888843051689161e-10,early
P002,S1_12,Sucrose,12,delta,5.778630483101036e-10,early
P002,S1_7,Sucrose,7,theta,2.8365956661879143e-10,early
P002,S1_12,Sucrose,12,theta,3.970186918383645e-10,early
P002,S1_5,Sucrose,5,theta,3.782602694796345e-10,early
P002,S2_5,Sucralose,5,theta,2.718745446698252e-10,early
P002,H2O,Water,0,theta,5.053833316965167e-10,early
P002,S2_7,Sucralose,7,theta,1.7170658413542662e-10,early
P002,S2_12,Sucralose,12,theta,3.1095456513656376e-10,early
P002,S2_7,Sucralose,7,theta,2.3730583180737383e-10,early
P002,S2_12,Sucralose,12,theta,3.5481583949289873e-10,early
P002,S2_5,Sucralose,5,theta,3.9520624248225686e-10,early
P002,S1_5,Sucrose,5,theta,2.583112224662923e-10,early
P002,H2O,Water,0,theta,2.3046639275122058e-10,early
P002,S1_7,Sucrose,7,theta,3.5604672133599724e-10,early
P002,S1_12,Sucrose,12,theta,3.561711014306804e-10,early
P002,S1_7,Sucrose,7,alpha,3.1303055512570115e-10,early
P002,S1_12,Sucrose,12,alpha,4.091157810117642e-10,early
P002,S1_5,Sucrose,5,alpha,4.253287391347583e-10,early
P002,S2_5,Sucralose,5,alpha,4.794471396957175e-10,early
P002,H2O,Water,0,alpha,4.575791555000493e-10,early
P002,S2_7,Sucralose,7,alpha,1.8113958329966327e-10,early
P002,S2_12,Sucralose,12,alpha,3.2775472525008047e-10,early
P002,S2_7,Sucralose,7,alpha,2.722708907775817e-10,early
P002,S2_12,Sucralose,12,alpha,3.918115161772397e-10,early
P002,S2_5,Sucralose,5,alpha,4.80067826356188e-10,early
P002,S1_5,Sucrose,5,alpha,3.6960359779027106e-10,early
P002,H2O,Water,0,alpha,2.4536407879943915e-10,early
P002,S1_7,Sucrose,7,alpha,4.0442662148326114e-10,early
P002,S1_12,Sucrose,12,alpha,4.3064654409646195e-10,early
P002,S1_7,Sucrose,7,beta,1.3121691139598604e-09,early
P002,S1_12,Sucrose,12,beta,1.469628266080392e-09,early
P002,S1_5,Sucrose,5,beta,1.2328767139095118e-09,early
P002,S2_5,Sucralose,5,beta,1.986325989065494e-09,early
P002,H2O,Water,0,beta,1.2826033500376406e-09,early
P002,S2_7,Sucralose,7,beta,1.008371875755591e-09,early
P002,S2_12,Sucralose,12,beta,1.1377795579871342e-09,early
P002,S2_7,Sucralose,7,beta,1.024573473515711e-09,early
P002,S2_12,Sucralose,12,beta,1.7830725234358301e-09,early
P002,S2_5,Sucralose,5,beta,1.3566521946047812e-09,early
P002,S1_5,Sucrose,5,beta,1.622987831358139e-09,early
P002,H2O,Water,0,beta,1.0423588857687682e-09,early
P002,S1_7,Sucrose,7,beta,1.1950148777948893e-09,early
P002,S1_12,Sucrose,12,beta,9.83244423761591e-10,early
P002,S1_7,Sucrose,7,gamma,1.2334395015220997e-09,early
P002,S1_12,Sucrose,12,gamma,1.1957662401213889e-09,early
P002,S1_5,Sucrose,5,gamma,1.0562977546639713e-09,early
P002,S2_5,Sucralose,5,gamma,2.1065012634330956e-09,early
P002,H2O,Water,0,gamma,1.1138270885640938e-09,early
P002,S2_7,Sucralose,7,gamma,7.950175979378832e-10,early
P002,S2_12,Sucralose,12,gamma,1.2710080362502285e-09,early
P002,S2_7,Sucralose,7,gamma,9.639237696939402e-10,early
P002,S2_12,Sucralose,12,gamma,1.2275962615185928e-09,early
P002,S2_5,Sucralose,5,gamma,1.3117528417876177e-09,early
P002,S1_5,Sucrose,5,gamma,1.2727208324398442e-09,early
P002,H2O,Water,0,gamma,8.04026376937783e-10,early
P002,S1_7,Sucrose,7,gamma,1.1606955766671682e-09,early
P002,S1_12,Sucrose,12,gamma,1.068458053631505e-09,early
P003,S1_12,Sucrose,12,delta,1.8191618077166557e-10,early
P003,S2_5,Sucralose,5,delta,3.123252953712863e-10,early
P003,S1_7,Sucrose,7,delta,3.9583092022664643e-10,early
P003,S2_7,Sucralose,7,delta,3.8355956470422595e-10,early
P003,S1_5,Sucrose,5,delta,1.933877690667092e-10,early
P003,S2_12,Sucralose,12,delta,2.379755911524249e-10,early
P003,H2O,Water,0,delta,3.3332541026808474e-10,early
P003,S2_12,Sucralose,12,delta,2.463134171222906e-10,early
P003,S1_5,Sucrose,5,delta,4.680323343372745e-10,early
P003,S2_7,Sucralose,7,delta,2.0086917185606175e-10,early
P003,S1_7,Sucrose,7,delta,2.5441177246477704e-10,early
P003,S2_5,Sucralose,5,delta,3.03419434806526e-10,early
P003,S1_12,Sucrose,12,delta,3.1103905838009177e-10,early
P003,H2O,Water,0,delta,2.5808794012209006e-10,early
P003,S1_12,Sucrose,12,theta,2.306713700880936e-10,early
P003,S2_5,Sucralose,5,theta,3.67422058959584e-10,early
P003,S1_7,Sucrose,7,theta,4.0476718404506285e-10,early
P003,S2_7,Sucralose,7,theta,4.289902979089219e-10,early
P003,S1_5,Sucrose,5,theta,2.6119581605369043e-10,early
P003,S2_12,Sucralose,12,theta,2.909303561173902e-10,early
P003,H2O,Water,0,theta,5.182641806169514e-10,early
P003,S2_12,Sucralose,12,theta,2.661777534108046e-10,early
P003,S1_5,Sucrose,5,theta,3.948560781649548e-10,early
P003,S2_7,Sucralose,7,theta,4.760956019608818e-10,early
P003,S1_7,Sucrose,7,theta,5.022111458186577e-10,early
P003,S2_5,Sucralose,5,theta,2.8376202920075215e-10,early
P003,S1_12,Sucrose,12,theta,4.033821567678956e-10,early
P003,H2O,Water,0,theta,5.203334783652271e-10,early
P003,S1_12,Sucrose,12,alpha,3.832650171770123e-10,early
P003,S2_5,Sucralose,5,alpha,3.963272619161642e-10,early
P003,S1_7,Sucrose,7,alpha,4.484131583680241e-10,early
P003,S2_7,Sucralose,7,alpha,3.6255238053841027e-10,early
P003,S1_5,Sucrose,5,alpha,4.1832866546163005e-10,early
P003,S2_12,Sucralose,12,alpha,4.915382095474073e-10,early
P003,H2O,Water,0,alpha,5.322394241497738e-10,early
P003,S2_12,Sucralose,12,alpha,3.575907246530577e-10,early
P003,S1_5,Sucrose,5,alpha,4.818439030248672e-10,early
P003,S2_7,Sucralose,7,alpha,4.4857205700826175e-10,early
P003,S1_7,Sucrose,7,alpha,6.264731361837235e-10,early
P003,S2_5,Sucralose,5,alpha,4.185907865276556e-10,early
P003,S1_12,Sucrose,12,alpha,6.205030033717096e-10,early
P003,H2O,Water,0,alpha,8.538364054425631e-10,early
P003,S1_12,Sucrose,12,beta,1.5835462133548023e-09,early
P003,S2_5,Sucralose,5,beta,1.3210072777570725e-09,early
P003,S1_7,Sucrose,7,beta,1.6689820105576285e-09,early
P003,S2_7,Sucralose,7,beta,2.305592226404806e-09,early
P003,S1_5,Sucrose,5,beta,1.9826085638753017e-09,early
P003,S2_12,Sucralose,12,beta,1.926888238551659e-09,early
P003,H2O,Water,0,beta,1.8597314209194814e-09,early
P003,S2_12,Sucralose,12,beta,2.0082367196535473e-09,early
P003,S1_5,Sucrose,5,beta,1.8766472343850197e-09,early
P003,S2_7,Sucralose,7,beta,2.6764373093505252e-09,early
P003,S1_7,Sucrose,7,beta,2.1229352137226276e-09,early
P003,S2_5,Sucralose,5,beta,1.9707751362006055e-09,early
P003,S1_12,Sucrose,12,beta,1.9233130326594768e-09,early
P003,H2O,Water,0,beta,1.977614656718535e-09,early
P003,S1_12,Sucrose,12,gamma,1.232403540851127e-09,early
P003,S2_5,Sucralose,5,gamma,1.3985087493850224e-09,early
P003,S1_7,Sucrose,7,gamma,1.5923171329395604e-09,early
P003,S2_7,Sucralose,7,gamma,1.663577778319607e-09,early
P003,S1_5,Sucrose,5,gamma,1.5512236846048475e-09,early
P003,S2_12,Sucralose,12,gamma,2.1004605865834164e-09,early
P003,H2O,Water,0,gamma,1.333481090077078e-09,early
P003,S2_12,Sucralose,12,gamma,1.4883195082519732e-09,early
P003,S1_5,Sucrose,5,gamma,1.5195799479266522e-09,early
P003,S2_7,Sucralose,7,gamma,2.001106846091315e-09,early
P003,S1_7,Sucrose,7,gamma,2.0483621468584053e-09,early
P003,S2_5,Sucralose,5,gamma,1.3324663218256137e-09,early
P003,S1_12,Sucrose,12,gamma,1.5815144917292364e-09,early
P003,H2O,Water,0,gamma,1.7953467553059926e-09,early
P004,S2_5,Sucralose,5,delta,1.1538579823947519e-09,early
P004,S2_7,Sucralose,7,delta,6.058498596419223e-10,early
P004,S1_12,Sucrose,12,delta,1.0178675079015704e-09,early
P004,S2_12,Sucralose,12,delta,7.490893310039822e-10,early
P004,S1_7,Sucrose,7,delta,9.28010441693293e-10,early
P004,H2O,Water,0,delta,1.2928802142638622e-09,early
P004,S1_5,Sucrose,5,delta,6.27797361500714e-10,early
P004,S1_5,Sucrose,5,delta,3.798306653779721e-10,early
P004,S1_7,Sucrose,7,delta,5.153477181611148e-10,early
P004,S2_12,Sucralose,12,delta,7.205940244501884e-10,early
P004,S1_12,Sucrose,12,delta,5.285750467684446e-10,early
P004,S2_7,Sucralose,7,delta,4.13995366938212e-10,early
P004,H2O,Water,0,delta,6.103947384183453e-10,early
P004,S2_5,Sucralose,5,delta,8.143807687427698e-10,early
P004,S2_5,Sucralose,5,theta,5.292620142683178e-10,early
P004,S2_7,Sucralose,7,theta,4.0668703280870425e-10,early
P004,S1_12,Sucrose,12,theta,5.245399528372763e-10,early
P004,S2_12,Sucralose,12,theta,2.7175686268420747e-10,early
P004,S1_7,Sucrose,7,theta,4.374893276678126e-10,early
P004,H2O,Water,0,theta,5.372048691235973e-10,early
P004,S1_5,Sucrose,5,theta,4.668129780753884e-10,early
P004,S1_5,Sucrose,5,theta,4.271264977772379e-10,early
P004,S1_7,Sucrose,7,theta,1.766828682867098e-10,early
P004,S2_12,Sucralose,12,theta,2.923818862912235e-10,early
P004,S1_12,Sucrose,12,theta,3.6092487549719323e-10,early
P004,S2_7,Sucralose,7,theta,3.1350363848425e-10,early
P004,H2O,Water,0,theta,4.991216099406077e-10,early
P004,S2_5,Sucralose,5,theta,2.7690638226051254e-10,early
P004,S2_5,Sucralose,5,alpha,3.040199133277257e-10,early
P004,S2_7,Sucralose,7,alpha,5.260936184456624e-10,early
P004,S1_12,Sucrose,12,alpha,2.855744191559669e-10,early
P004,S2_12,Sucralose,12,alpha,3.0888838301689016e-10,early
P004,S1_7,Sucrose,7,alpha,2.1140175378297855e-10,early
P004,H2O,Water,0,alpha,3.662849470441362e-10,early
P004,S1_5,Sucrose,5,alpha,4.437287406893645e-10,early
P004,S1_5,Sucrose,5,alpha,4.035852161071878e-10,early
P004,S1_7,Sucrose,7,alpha,2.0771564219809294e-10,early
P004,S2_12,Sucralose,12,alpha,3.526779489408348e-10,early
P004,S1_12,Sucrose,12,alpha,3.650095631218698e-10,early
P004,S2_7,Sucralose,7,alpha,4.2817086699602906e-10,early
P004,H2O,Water,0,alpha,4.5455477036466717e-10,early
P004,S2_5,Sucralose,5,alpha,1.7323544258187473e-10,early
P004,S2_5,Sucralose,5,beta,1.5856012804565808e-09,early
P004,S2_7,Sucralose,7,beta,1.4336208939325571e-09,early
P004,S1_12,Sucrose,12,beta,1.1648989439370687e-09,early
P004,S2_12,Sucralose,12,beta,7.376629450546821e-10,early
P004,S1_7,Sucrose,7,beta,1.4321698904711465e-09,early
P004,H2O,Water,0,beta,1.128156244785197e-09,early
P004,S1_5,Sucrose,5,beta,1.003526272104569e-09,early
P004,S1_5,Sucrose,5,beta,1.6427301079933058e-09,early
P004,S1_7,Sucrose,7,beta,1.1953274862495183e-09,early
P004,S2_12,Sucralose,12,beta,1.1644778247872595e-09,early
P004,S1_12,Sucrose,12,beta,1.3698806030582716e-09,early
P004,S2_7,Sucralose,7,beta,1.7523026280059953e-09,early
P004,H2O,Water,0,beta,1.5537466934546572e-09,early
P004,S2_5,Sucralose,5,beta,1.1756862364243924e-09,early
P004,S2_5,Sucralose,5,gamma,1.317708744916681e-09,early
P004,S2_7,Sucralose,7,gamma,1.2212978804575884e-09,early
P004,S1_12,Sucrose,12,gamma,1.6531087034246008e-09,early
P004,S2_12,Sucralose,12,gamma,8.50119138559e-10,early
P004,S1_7,Sucrose,7,gamma,9.943317172346583e-10,early
P004,H2O,Water,0,gamma,7.564630234754856e-10,early
P004,S1_5,Sucrose,5,gamma,9.69180827542953e-10,early
P004,S1_5,Sucrose,5,gamma,1.2446142141671077e-09,early
P004,S1_7,Sucrose,7,gamma,7.516410576729147e-10,early
P004,S2_12,Sucralose,12,gamma,9.983589272674637e-10,early
P004,S1_12,Sucrose,12,gamma,1.3923353639380702e-09,early
P004,S2_7,Sucralose,7,gamma,1.4021969173800813e-09,early
P004,H2O,Water,0,gamma,1.3436853073840714e-09,early
P004,S2_5,Sucralose,5,gamma,8.422378251393399e-10,early
P005,S2_7,Sucralose,7,delta,5.787250464716715e-10,early
P005,S2_12,Sucralose,12,delta,5.856193803184189e-10,early
P005,S2_5,Sucralose,5,delta,5.861665088584126e-10,early
P005,H2O,Water,0,delta,6.624272822101794e-10,early
P005,S1_12,Sucrose,12,delta,7.197355114501976e-10,early
P005,S1_5,Sucrose,5,delta,4.730473182299161e-10,early
P005,S1_7,Sucrose,7,delta,4.1157237550684297e-10,early
P005,S1_7,Sucrose,7,delta,3.2271529479692393e-10,early
P005,S1_12,Sucrose,12,delta,2.5553299709517286e-10,early
P005,S1_5,Sucrose,5,delta,3.272330461335657e-10,early
P005,H2O,Water,0,delta,4.0864436990682066e-10,early
P005,S2_12,Sucralose,12,delta,6.510904159169329e-10,early
P005,S2_5,Sucralose,5,delta,3.0942491686325186e-10,early
P005,S2_7,Sucralose,7,delta,3.1332283179804813e-10,early
P005,S2_7,Sucralose,7,theta,3.1857007172177243e-10,early
P005,S2_12,Sucralose,12,theta,3.2056828471816837e-10,early
P005,S2_5,Sucralose,5,theta,4.0986114918100674e-10,early
P005,H2O,Water,0,theta,3.972333523709568e-10,early
P005,S1_12,Sucrose,12,theta,2.523124073863376e-10,early
P005,S1_5,Sucrose,5,theta,1.684182787925673e-10,early
P005,S1_7,Sucrose,7,theta,1.903483918137228e-10,early
P005,S1_7,Sucrose,7,theta,3.2980781557102367e-10,early
P005,S1_12,Sucrose,12,theta,3.427724875102532e-10,early
P005,S1_5,Sucrose,5,theta,2.3853709766895736e-10,early
P005,H2O,Water,0,theta,2.6822054739735303e-10,early
P005,S2_12,Sucralose,12,theta,3.583723252395804e-10,early
P005,S2_5,Sucralose,5,theta,4.815107851187849e-10,early
P005,S2_7,Sucralose,7,theta,3.940842932781128e-10,early
P005,S2_7,Sucralose,7,alpha,5.41728800236402e-10,early
P005,S2_12,Sucralose,12,alpha,3.352691900759105e-10,early
P005,S2_5,Sucralose,5,alpha,4.114005108825762e-10,early
P005,H2O,Water,0,alpha,4.655147301942314e-10,early
P005,S1_12,Sucrose,12,alpha,2.983409444603815e-10,early
P005,S1_5,Sucrose,5,alpha,3.087966955745829e-10,early
P005,S1_7,Sucrose,7,alpha,3.600706311591942e-10,early
P005,S1_7,Sucrose,7,alpha,4.789689965250143e-10,early
P005,S1_12,Sucrose,12,alpha,3.6133171934695687e-10,early
P005,S1_5,Sucrose,5,alpha,3.306324773715692e-10,early
P005,H2O,Water,0,alpha,3.3732061629270336e-10,early
P005,S2_12,Sucralose,12,alpha,4.492130600915421e-10,early
P005,S2_5,Sucralose,5,alpha,6.386869960472713e-10,early
P005,S2_7,Sucralose,7,alpha,2.94596144088734e-10,early
P005,S2_7,Sucralose,7,beta,1.3898676940842083e-09,early
P005,S2_12,Sucralose,12,beta,1.7766496884671352e-09,early
P005,S2_5,Sucralose,5,beta,1.7825556707000755e-09,early
P005,H2O,Water,0,beta,1.4481363040531916e-09,early
P005,S1_12,Sucrose,12,beta,1.302901492945712e-09,early
P005,S1_5,Sucrose,5,beta,1.2278553434634665e-09,early
P005,S1_7,Sucrose,7,beta,2.036187234273517e-09,early
P005,S1_7,Sucrose,7,beta,1.6104642538776957e-09,early
P005,S1_12,Sucrose,12,beta,1.2087951064540088e-09,early
P005,S1_5,Sucrose,5,beta,1.7968566225536048e-09,early
P005,H2O,Water,0,beta,1.5073656878284736e-09,early
P005,S2_12,Sucralose,12,beta,1.7657129072999719e-09,early
P005,S2_5,Sucralose,5,beta,2.1272965001995577e-09,early
P005,S2_7,Sucralose,7,beta,1.338151799263131e-09,early
P005,S2_7,Sucralose,7,gamma,1.1019570848599636e-09,early
P005,S2_12,Sucralose,12,gamma,1.3223638338211725e-09,early
P005,S2_5,Sucralose,5,gamma,1.2548851712665682e-09,early
P005,H2O,Water,0,gamma,1.5891574730683955e-09,early
P005,S1_12,Sucrose,12,gamma,1.2228034605295007e-09,early
P005,S1_5,Sucrose,5,gamma,9.551863956202102e-10,early
P005,S1_7,Sucrose,7,gamma,1.4534433163196948e-09,early
P005,S1_7,Sucrose,7,gamma,1.2156529544042549e-09,early
P005,S1_12,Sucrose,12,gamma,1.165268214737115e-09,early
P005,S1_5,Sucrose,5,gamma,9.312475980729713e-10,early
P005,H2O,Water,0,gamma,1.2509506050789323e-09,early
P005,S2_12,Sucralose,12,gamma,1.4905174958430892e-09,early
P005,S2_5,Sucralose,5,gamma,1.3090425039331202e-09,early
P005,S2_7,Sucralose,7,gamma,1.4731278330713873e-09,early
P006,S2_12,Sucralose,12,delta,4.272270299688526e-10,early
P006,H2O,Water,0,delta,4.950824628455516e-10,early
P006,S2_7,Sucralose,7,delta,3.90634486055023e-10,early
P006,S1_5,Sucrose,5,delta,4.794287717630989e-10,early
P006,S2_5,Sucralose,5,delta,3.520105460362702e-10,early
P006,S1_7,Sucrose,7,delta,6.132243662185225e-10,early
P006,S1_12,Sucrose,12,delta,3.23377858187993e-10,early
P006,S1_12,Sucrose,12,delta,3.76031901914621e-10,early
P006,H2O,Water,0,delta,4.643660164682592e-10,early
P006,S1_7,Sucrose,7,delta,2.2216973717272176e-10,early
P006,S2_5,Sucralose,5,delta,8.541384824139566e-10,early
P006,S1_5,Sucrose,5,delta,2.1171165421164385e-10,early
P006,S2_7,Sucralose,7,delta,6.063063911681628e-10,early
P006,S2_12,Sucralose,12,delta,6.153674956686274e-10,early
P006,S2_12,Sucralose,12,theta,2.5326744172862397e-10,early
P006,H2O,Water,0,theta,3.3837472141457095e-10,early
P006,S2_7,Sucralose,7,theta,5.820037604051319e-10,early
P006,S1_5,Sucrose,5,theta,3.9669567450843314e-10,early
P006,S2_5,Sucralose,5,theta,3.8949941139901487e-10,early
P006,S1_7,Sucrose,7,theta,5.783788057418985e-10,early
P006,S1_12,Sucrose,12,theta,3.775344173269188e-10,early
P006,S1_12,Sucrose,12,theta,3.074897735741832e-10,early
P006,H2O,Water,0,theta,2.7192636644297336e-10,early
P006,S1_7,Sucrose,7,theta,2.1961936662507213e-10,early
P006,S2_5,Sucralose,5,theta,3.655292322549611e-10,early
P006,S1_5,Sucrose,5,theta,3.097921428681188e-10,early
P006,S2_7,Sucralose,7,theta,4.710335760188803e-10,early
P006,S2_12,Sucralose,12,theta,3.917455453956183e-10,early
P006,S2_12,Sucralose,12,alpha,3.7591832985881504e-10,early
P006,H2O,Water,0,alpha,3.764510359195937e-10,early
P006,S2_7,Sucralose,7,alpha,3.572180704806561e-10,early
P006,S1_5,Sucrose,5,alpha,5.01286146044976e-10,early
P006,S2_5,Sucralose,5,alpha,3.330385784031071e-10,early
P006,S1_7,Sucrose,7,alpha,3.8573888846367804e-10,early
P006,S1_12,Sucrose,12,alpha,3.6724029609018697e-10,early
P006,S1_12,Sucrose,12,alpha,2.876078586620253e-10,early
P006,H2O,Water,0,alpha,3.045591329130808e-10,early
P006,S1_7,Sucrose,7,alpha,3.464650293931317e-10,early
P006,S2_5,Sucralose,5,alpha,4.295144718080575e-10,early
P006,S1_5,Sucrose,5,alpha,3.463898056654941e-10,early
P006,S2_7,Sucralose,7,alpha,4.781894011948871e-10,early
P006,S2_12,Sucralose,12,alpha,3.631955919768127e-10,early
P006,S2_12,Sucralose,12,beta,1.1555034913465165e-09,early
P006,H2O,Water,0,beta,2.0115863762584426e-09,early
P006,S2_7,Sucralose,7,beta,1.334788204269811e-09,early
P006,S1_5,Sucrose,5,beta,1.2372880916067346e-09,early
P006,S2_5,Sucralose,5,beta,1.1727581193538436e-09,early
P006,S1_7,Sucrose,7,beta,1.6472404785723721e-09,early
P006,S1_12,Sucrose,12,beta,9.95150162879559e-10,early
P006,S1_12,Sucrose,12,beta,1.7137119182196558e-09,early
P006,H2O,Water,0,beta,1.1817435697477636e-09,early
P006,S1_7,Sucrose,7,beta,1.016787000581019e-09,early
P006,S2_5,Sucralose,5,beta,1.3254314895110439e-09,early
P006,S1_5,Sucrose,5,beta,1.2254582448210535e-09,early
P006,S2_7,Sucralose,7,beta,1.4152466012949268e-09,early
P006,S2_12,Sucralose,12,beta,1.5674516095122324e-09,early
P006,S2_12,Sucralose,12,gamma,1.373251094961066e-09,early
P006,H2O,Water,0,gamma,1.3095703479163655e-09,early
P006,S2_7,Sucralose,7,gamma,1.3654715544928463e-09,early
P006,S1_5,Sucrose,5,gamma,1.484795353107632e-09,early
P006,S2_5,Sucralose,5,gamma,1.200531940227061e-09,early
P006,S1_7,Sucrose,7,gamma,1.5149331210359824e-09,early
P006,S1_12,Sucrose,12,gamma,1.1561160915194841e-09,early
P006,S1_12,Sucrose,12,gamma,1.1100237958623719e-09,early
P006,H2O,Water,0,gamma,1.3525752764804507e-09,early
P006,S1_7,Sucrose,7,gamma,9.273533486153623e-10,early
P006,S2_5,Sucralose,5,gamma,1.2617686748310672e-09,early
P006,S1_5,Sucrose,5,gamma,1.2108901683066615e-09,early
P006,S2_7,Sucralose,7,gamma,1.6376167495251135e-09,early
P006,S2_12,Sucralose,12,gamma,1.814211215445248e-09,early
P007,H2O,Water,0,delta,2.9459854286145696e-10,early
P007,S1_5,Sucrose,5,delta,3.7632178084365817e-10,early
P007,S2_12,Sucralose,12,delta,4.871922844467354e-10,early
P007,S1_7,Sucrose,7,delta,1.483503723938872e-09,early
P007,S2_7,Sucralose,7,delta,9.317914203818804e-10,early
P007,S1_12,Sucrose,12,delta,9.021952421980213e-10,early
P007,S2_5,Sucralose,5,delta,2.572799892642151e-10,early
P007,H2O,Water,0,delta,3.195940707595775e-10,early
P007,S2_5,Sucralose,5,delta,5.6557688069518e-10,early
P007,S1_12,Sucrose,12,delta,1.359519417244347e-10,early
P007,S2_7,Sucralose,7,delta,6.386113273978294e-10,early
P007,S1_5,Sucrose,5,delta,1.2702346424173744e-09,early
P007,S1_7,Sucrose,7,delta,3.65907118982553e-10,early
P007,S2_12,Sucralose,12,delta,2.2839301431387042e-10,early
P007,H2O,Water,0,theta,1.7940442261356675e-10,early
P007,S1_5,Sucrose,5,theta,2.833009534253013e-10,early
P007,S2_12,Sucralose,12,theta,3.091279766423364e-10,early
P007,S1_7,Sucrose,7,theta,3.597154569769866e-10,early
P007,S2_7,Sucralose,7,theta,3.0330584872937053e-10,early
P007,S1_12,Sucrose,12,theta,5.003673309480696e-10,early
P007,S2_5,Sucralose,5,theta,1.487206532000758e-10,early
P007,H2O,Water,0,theta,2.405171767326289e-10,early
P007,S2_5,Sucralose,5,theta,1.2738159758769367e-10,early
P007,S1_12,Sucrose,12,theta,7.975064029825149e-11,early
P007,S2_7,Sucralose,7,theta,4.276474501507556e-10,early
P007,S1_5,Sucrose,5,theta,4.999518217370124e-10,early
P007,S1_7,Sucrose,7,theta,2.931829722897991e-10,early
P007,S2_12,Sucralose,12,theta,1.3383801879844814e-10,early
P007,H2O,Water,0,alpha,2.6334595140948234e-10,early
P007,S1_5,Sucrose,5,alpha,3.0026995342503487e-10,early
P007,S2_12,Sucralose,12,alpha,2.763739033459846e-10,early
P007,S1_7,Sucrose,7,alpha,4.303709140540498e-10,early
P007,S2_7,Sucralose,7,alpha,4.5587971619633933e-10,early
P007,S1_12,Sucrose,12,alpha,3.6011274025076974e-10,early
P007,S2_5,Sucralose,5,alpha,1.2003549083689988e-10,early
P007,H2O,Water,0,alpha,3.4262803086768744e-10,early
P007,S2_5,Sucralose,5,alpha,1.7883145814939776e-10,early
P007,S1_12,Sucrose,12,alpha,1.0606684662443812e-10,early
P007,S2_7,Sucralose,7,alpha,3.561266072973875e-10,early
P007,S1_5,Sucrose,5,alpha,4.5329163955863375e-10,early
P007,S1_7,Sucrose,7,alpha,4.1829144432262183e-10,early
P007,S2_12,Sucralose,12,alpha,1.6356093129587811e-10,early
P007,H2O,Water,0,beta,1.2800982419702675e-09,early
P007,S1_5,Sucrose,5,beta,1.0312427549631497e-09,early
P007,S2_12,Sucralose,12,beta,4.894064875158002e-10,early
P007,S1_7,Sucrose,7,beta,1.92270222416359e-09,early
P007,S2_7,Sucralose,7,beta,1.4051949996101009e-09,early
P007,S1_12,Sucrose,12,beta,1.0855741597104547e-09,early
P007,S2_5,Sucralose,5,beta,4.4095942776631905e-10,early
P007,H2O,Water,0,beta,1.2504216798615777e-09,early
P007,S2_5,Sucralose,5,beta,8.430401373999964e-10,early
P007,S1_12,Sucrose,12,beta,6.899480763543459e-10,early
P007,S2_7,Sucralose,7,beta,1.583357359056347e-09,early
P007,S1_5,Sucrose,5,beta,1.2512589295863438e-09,early
P007,S1_7,Sucrose,7,beta,1.527979851236366e-09,early
P007,S2_12,Sucralose,12,beta,5.786324113211401e-10,early
P007,H2O,Water,0,gamma,7.416059669898453e-10,early
P007,S1_5,Sucrose,5,gamma,9.252640861949387e-10,early
P007,S2_12,Sucralose,12,gamma,7.527084433436153e-10,early
P007,S1_7,Sucrose,7,gamma,1.6230996212781428e-09,early
P007,S2_7,Sucralose,7,gamma,1.2696756390002181e-09,early
P007,S1_12,Sucrose,12,gamma,1.1515313358069409e-09,early
P007,S2_5,Sucralose,5,gamma,4.1477640886810727e-10,early
P007,H2O,Water,0,gamma,1.1669940055050457e-09,early
P007,S2_5,Sucralose,5,gamma,7.006657737730932e-10,early
P007,S1_12,Sucrose,12,gamma,3.919679575017186e-10,early
P007,S2_7,Sucralose,7,gamma,1.2809900707761072e-09,early
P007,S1_5,Sucrose,5,gamma,1.7017771663344185e-09,early
P007,S1_7,Sucrose,7,gamma,1.0541436836764802e-09,early
P007,S2_12,Sucralose,12,gamma,4.77256567612274e-10,early
P008,S2_7,Sucralose,7,delta,3.0121804029123305e-10,early
P008,S2_5,Sucralose,5,delta,1.6551157207504731e-10,early
P008,S2_12,Sucralose,12,delta,1.6744725478003874e-10,early
P008,S1_12,Sucrose,12,delta,3.6224130360441846e-10,early
P008,H2O,Water,0,delta,5.01607453489113e-10,early
P008,S1_7,Sucrose,7,delta,5.889013449613535e-10,early
P008,S1_5,Sucrose,5,delta,2.108329710185874e-10,early
P008,S1_7,Sucrose,7,delta,3.287843893921152e-10,early
P008,S1_5,Sucrose,5,delta,1.759298159913904e-10,early
P008,S1_12,Sucrose,12,delta,2.924257083969024e-10,early
P008,S2_12,Sucralose,12,delta,4.871384661843908e-10,early
P008,H2O,Water,0,delta,3.131188325414384e-10,early
P008,S2_7,Sucralose,7,delta,2.367684431728124e-10,early
P008,S2_5,Sucralose,5,delta,1.482654111337208e-10,early
P008,S2_7,Sucralose,7,theta,3.504502846863098e-10,early
P008,S2_5,Sucralose,5,theta,2.3626910223662397e-10,early
P008,S2_12,Sucralose,12,theta,2.623550044359211e-10,early
P008,S1_12,Sucrose,12,theta,2.5908491135625293e-10,early
P008,H2O,Water,0,theta,3.16679996552539e-10,early
P008,S1_7,Sucrose,7,theta,4.591473337409743e-10,early
P008,S1_5,Sucrose,5,theta,2.2269707979235684e-10,early
P008,S1_7,Sucrose,7,theta,4.302917246286274e-10,early
P008,S1_5,Sucrose,5,theta,3.2311012350930527e-10,early
P008,S1_12,Sucrose,12,theta,4.3364325148520953e-10,early
P008,S2_12,Sucralose,12,theta,2.369128623423828e-10,early
P008,H2O,Water,0,theta,3.948386524842819e-10,early
P008,S2_7,Sucralose,7,theta,4.835991478367551e-10,early
P008,S2_5,Sucralose,5,theta,1.9103984990297244e-10,early
P008,S2_7,Sucralose,7,alpha,6.12975173307711e-10,early
P008,S2_5,Sucralose,5,alpha,2.5752489877507643e-10,early
P008,S2_12,Sucralose,12,alpha,3.466819194788813e-10,early
P008,S1_12,Sucrose,12,alpha,6.855855594210658e-10,early
P008,H2O,Water,0,alpha,4.13962705428209e-10,early
P008,S1_7,Sucrose,7,alpha,6.089494698843911e-10,early
P008,S1_5,Sucrose,5,alpha,3.19426699574115e-10,early
P008,S1_7,Sucrose,7,alpha,5.477818657404813e-10,early
P008,S1_5,Sucrose,5,alpha,3.028112519148651e-10,early
P008,S1_12,Sucrose,12,alpha,3.3291934188147207e-10,early
P008,S2_12,Sucralose,12,alpha,3.428561894095828e-10,early
P008,H2O,Water,0,alpha,7.602383781045575e-10,early
P008,S2_7,Sucralose,7,alpha,4.833217575382998e-10,early
P008,S2_5,Sucralose,5,alpha,2.42532598879452e-10,early
P008,S2_7,Sucralose,7,beta,1.8551145465831214e-09,early
P008,S2_5,Sucralose,5,beta,1.2533402763797799e-09,early
P008,S2_12,Sucralose,12,beta,1.627249750901888e-09,early
P008,S1_12,Sucrose,12,beta,2.0896903689257317e-09,early
P008,H2O,Water,0,beta,1.736402274458663e-09,early
P008,S1_7,Sucrose,7,beta,2.5174214657730644e-09,early
P008,S1_5,Sucrose,5,beta,1.1604800091619357e-09,early
P008,S1_7,Sucrose,7,beta,2.727248723180192e-09,early
P008,S1_5,Sucrose,5,beta,1.186196035239398e-09,early
P008,S1_12,Sucrose,12,beta,1.3999509979093436e-09,early
P008,S2_12,Sucralose,12,beta,1.6175499926566208e-09,early
P008,H2O,Water,0,beta,1.8155378715812574e-09,early
P008,S2_7,Sucralose,7,beta,1.6590848538635041e-09,early
P008,S2_5,Sucralose,5,beta,1.1094674304442181e-09,early
P008,S2_7,Sucralose,7,gamma,1.9140342643487464e-09,early
P008,S2_5,Sucralose,5,gamma,8.043304197892373e-10,early
P008,S2_12,Sucralose,12,gamma,1.3361960574881397e-09,early
P008,S1_12,Sucrose,12,gamma,1.6117847694942218e-09,early
P008,H2O,Water,0,gamma,1.4347992156194362e-09,early
P008,S1_7,Sucrose,7,gamma,1.5952667125616326e-09,early
P008,S1_5,Sucrose,5,gamma,9.65234984594099e-10,early
P008,S1_7,Sucrose,7,gamma,2.3026739729961975e-09,early
P008,S1_5,Sucrose,5,gamma,1.083344983052237e-09,early
P008,S1_12,Sucrose,12,gamma,9.191758956128383e-10,early
P008,S2_12,Sucralose,12,gamma,1.2872020818643518e-09,early
P008,H2O,Water,0,gamma,1.4133229892484267e-09,early
P008,S2_7,Sucralose,7,gamma,1.1109254756594236e-09,early
P008,S2_5,Sucralose,5,gamma,1.0011694928548521e-09,early
P009,S2_12,Sucralose,12,delta,7.168120389547963e-10,early
P009,S2_7,Sucralose,7,delta,9.170102562635178e-10,early
P009,H2O,Water,0,delta,3.721655722462576e-10,early
P009,S2_5,Sucralose,5,delta,4.384914952051969e-10,early
P009,S1_5,Sucrose,5,delta,2.486339388716792e-10,early
P009,S1_12,Sucrose,12,delta,7.087834711056228e-10,early
P009,S1_7,Sucrose,7,delta,4.485654838531285e-10,early
P009,S1_12,Sucrose,12,delta,1.2538219989125385e-09,early
P009,S1_7,Sucrose,7,delta,9.998329623562275e-10,early
P009,H2O,Water,0,delta,3.497831062604816e-10,early
P009,S1_5,Sucrose,5,delta,3.7214575550771836e-10,early
P009,S2_5,Sucralose,5,delta,7.270441217525725e-10,early
P009,S2_12,Sucralose,12,delta,8.215627456071306e-10,early
P009,S2_7,Sucralose,7,delta,6.89211396115388e-10,early
P009,S2_12,Sucralose,12,theta,4.3193138840472146e-10,early
P009,S2_7,Sucralose,7,theta,2.1978967371477867e-10,early
P009,H2O,Water,0,theta,3.295931890675305e-10,early
P009,S2_5,Sucralose,5,theta,2.6924811218844707e-10,early
P009,S1_5,Sucrose,5,theta,2.1441980027466008e-10,early
P009,S1_12,Sucrose,12,theta,2.1794203667417284e-10,early
P009,S1_7,Sucrose,7,theta,3.722371535912299e-10,early
P009,S1_12,Sucrose,12,theta,4.812818177029962e-10,early
P009,S1_7,Sucrose,7,theta,2.5177181971350056e-10,early
P009,H2O,Water,0,theta,1.2225238841059072e-10,early
P009,S1_5,Sucrose,5,theta,3.7239111206862245e-10,early
P009,S2_5,Sucralose,5,theta,2.7151177935510104e-10,early
P009,S2_12,Sucralose,12,theta,4.87074582799793e-10,early
P009,S2_7,Sucralose,7,theta,1.7107711909518984e-10,early
P009,S2_12,Sucralose,12,alpha,3.2423535358300797e-10,early
P009,S2_7,Sucralose,7,alpha,4.03021829173019e-10,early
P009,H2O,Water,0,alpha,3.8190437165190023e-10,early
P009,S2_5,Sucralose,5,alpha,2.9265378961275917e-10,early
P009,S1_5,Sucrose,5,alpha,2.67805480736981e-10,early
P009,S1_12,Sucrose,12,alpha,2.596493004803005e-10,early
P009,S1_7,Sucrose,7,alpha,5.017881491634971e-10,early
P009,S1_12,Sucrose,12,alpha,5.317703978307633e-10,early
P009,S1_7,Sucrose,7,alpha,2.986117734144958e-10,early
P009,H2O,Water,0,alpha,1.3359921155926198e-10,early
P009,S1_5,Sucrose,5,alpha,3.545144939957324e-10,early
P009,S2_5,Sucralose,5,alpha,1.8304723481452599e-10,early
P009,S2_12,Sucralose,12,alpha,3.395284385118111e-10,early
P009,S2_7,Sucralose,7,alpha,1.8275078843106657e-10,early
P009,S2_12,Sucralose,12,beta,8.577033585943734e-10,early
P009,S2_7,Sucralose,7,beta,1.0021866280810916e-09,early
P009,H2O,Water,0,beta,9.306151204348288e-10,early
P009,S2_5,Sucralose,5,beta,9.139805149224104e-10,early
P009,S1_5,Sucrose,5,beta,7.567080622546557e-10,early
P009,S1_12,Sucrose,12,beta,7.038953481384689e-10,early
P009,S1_7,Sucrose,7,beta,1.2220687618835636e-09,early
P009,S1_12,Sucrose,12,beta,1.1057810117141095e-09,early
P009,S1_7,Sucrose,7,beta,1.2383374454598826e-09,early
P009,H2O,Water,0,beta,5.859397279857727e-10,early
P009,S1_5,Sucrose,5,beta,1.321363237080117e-09,early
P009,S2_5,Sucralose,5,beta,6.390933484509998e-10,early
P009,S2_12,Sucralose,12,beta,7.285892370885702e-10,early
P009,S2_7,Sucralose,7,beta,9.18604901063342e-10,early
P009,S2_12,Sucralose,12,gamma,9.567129293164222e-10,early
P009,S2_7,Sucralose,7,gamma,8.91349358318772e-10,early
P009,H2O,Water,0,gamma,1.1291446683867641e-09,early
P009,S2_5,Sucralose,5,gamma,7.605207374183494e-10,early
P009,S1_5,Sucrose,5,gamma,7.153636894745598e-10,early
P009,S1_12,Sucrose,12,gamma,9.7333260578753e-10,early
P009,S1_7,Sucrose,7,gamma,1.1580651918986593e-09,early
P009,S1_12,Sucrose,12,gamma,1.1118625559467854e-09,early
P009,S1_7,Sucrose,7,gamma,8.997086997632311e-10,early
P009,H2O,Water,0,gamma,4.3170757668047387e-10,early
P009,S1_5,Sucrose,5,gamma,9.4801700057373e-10,early
P009,S2_5,Sucralose,5,gamma,6.410232696214236e-10,early
P009,S2_12,Sucralose,12,gamma,8.110799852310341e-10,early
P009,S2_7,Sucralose,7,gamma,6.865321261645756e-10,early
P010,H2O,Water,0,delta,1.251307879628104e-09,early
P010,S2_12,Sucralose,12,delta,1.0749729262682502e-09,early
P010,S1_5,Sucrose,5,delta,8.177833254039652e-10,early
P010,S2_7,Sucralose,7,delta,4.211335836157914e-10,early
P010,S1_7,Sucrose,7,delta,9.229259675082139e-10,early
P010,S2_5,Sucralose,5,delta,3.571779004476366e-10,early
P010,S1_12,Sucrose,12,delta,7.454773353087012e-10,early
P010,H2O,Water,0,delta,1.2645400804566033e-09,early
P010,S1_12,Sucrose,12,delta,6.351868352582104e-10,early
P010,S2_5,Sucralose,5,delta,3.120816371817657e-10,early
P010,S1_7,Sucrose,7,delta,3.337206742928944e-10,early
P010,S2_7,Sucralose,7,delta,3.031588972050088e-10,early
P010,S1_5,Sucrose,5,delta,6.609951256704232e-10,early
P010,S2_12,Sucralose,12,delta,7.392176486963703e-10,early
P010,H2O,Water,0,theta,5.779681744406606e-10,early
P010,S2_12,Sucralose,12,theta,5.936021984932196e-10,early
P010,S1_5,Sucrose,5,theta,4.921886664853414e-10,early
P010,S2_7,Sucralose,7,theta,4.805394469272601e-10,early
P010,S1_7,Sucrose,7,theta,5.740513681882329e-10,early
P010,S2_5,Sucralose,5,theta,5.487499059736763e-10,early
P010,S1_12,Sucrose,12,theta,5.514312636041795e-10,early
P010,H2O,Water,0,theta,3.954296940527955e-10,early
P010,S1_12,Sucrose,12,theta,4.2629748618052325e-10,early
P010,S2_5,Sucralose,5,theta,2.496111928818602e-10,early
P010,S1_7,Sucrose,7,theta,2.4621516827205046e-10,early
P010,S2_7,Sucralose,7,theta,9.961299711347462e-11,early
P010,S1_5,Sucrose,5,theta,3.177201808248363e-10,early
P010,S2_12,Sucralose,12,theta,5.028730816865357e-10,early
P010,H2O,Water,0,alpha,6.063430148098753e-10,early
P010,S2_12,Sucralose,12,alpha,5.170315389368299e-10,early
P010,S1_5,Sucrose,5,alpha,4.1871867226047683e-10,early
P010,S2_7,Sucralose,7,alpha,4.868841483901861e-10,early
P010,S1_7,Sucrose,7,alpha,5.450237436737122e-10,early
P010,S2_5,Sucralose,5,alpha,3.573756532037549e-10,early
P010,S1_12,Sucrose,12,alpha,5.981557588215687e-10,early
P010,H2O,Water,0,alpha,3.037970313032341e-10,early
P010,S1_12,Sucrose,12,alpha,4.926560381423375e-10,early
P010,S2_5,Sucralose,5,alpha,1.601731266228302e-10,early
P010,S1_7,Sucrose,7,alpha,2.2382020790917477e-10,early
P010,S2_7,Sucralose,7,alpha,1.6171584905423028e-10,early
P010,S1_5,Sucrose,5,alpha,3.7772336219313936e-10,early
P010,S2_12,Sucralose,12,alpha,6.369266918219489e-10,early
P010,H2O,Water,0,beta,1.8501742671558183e-09,early
P010,S2_12,Sucralose,12,beta,1.852284666159051e-09,early
P010,S1_5,Sucrose,5,beta,1.8158090647995473e-09,early
P010,S2_7,Sucralose,7,beta,1.5200933763364107e-09,early
P010,S1_7,Sucrose,7,beta,1.5620825887260227e-09,early
P010,S2_5,Sucralose,5,beta,1.6127551893981225e-09,early
P010,S1_12,Sucrose,12,beta,1.539772272723478e-09,early
P010,H2O,Water,0,beta,9.691155079258005e-10,early
P010,S1_12,Sucrose,12,beta,1.8178298225535307e-09,early
P010,S2_5,Sucralose,5,beta,6.796489785984256e-10,early
P010,S1_7,Sucrose,7,beta,1.1004791764200659e-09,early
P010,S2_7,Sucralose,7,beta,8.015776810240945e-10,early
P010,S1_5,Sucrose,5,beta,1.270202227689515e-09,early
P010,S2_12,Sucralose,12,beta,1.5222060477156816e-09,early
P010,H2O,Water,0,gamma,1.2479803666787272e-09,early
P010,S2_12,Sucralose,12,gamma,1.277184019980332e-09,early
P010,S1_5,Sucrose,5,gamma,1.5731621921331208e-09,early
P010,S2_7,Sucralose,7,gamma,1.2891703369973892e-09,early
P010,S1_7,Sucrose,7,gamma,1.3917054525941825e-09,early
P010,S2_5,Sucralose,5,gamma,1.349640714601178e-09,early
P010,S1_12,Sucrose,12,gamma,1.6571022708780332e-09,early
P010,H2O,Water,0,gamma,9.186037473229772e-10,early
P010,S1_12,Sucrose,12,gamma,1.1565363895666354e-09,early
P010,S2_5,Sucralose,5,gamma,5.648826744206153e-10,early
P010,S1_7,Sucrose,7,gamma,7.360805813141714e-10,early
P010,S2_7,Sucralose,7,gamma,5.469859493621902e-10,early
P010,S1_5,Sucrose,5,gamma,1.302924135131727e-09,early
P010,S2_12,Sucralose,12,gamma,1.4973461024688529e-09,early
P011,S1_5,Sucrose,5,delta,6.671325607480351e-10,early
P011,H2O,Water,0,delta,2.356820477160582e-09,early
P011,S1_7,Sucrose,7,delta,2.720111922952843e-09,early
P011,S2_12,Sucralose,12,delta,1.9799532524575943e-09,early
P011,S1_12,Sucrose,12,delta,3.022319446145662e-09,early
P011,S2_7,Sucralose,7,delta,1.1796158684066195e-09,early
P011,S2_5,Sucralose,5,delta,2.263527525190867e-09,early
P011,S2_5,Sucralose,5,delta,1.2747954561037078e-09,early
P011,H2O,Water,0,delta,8.222114831689814e-10,early
P011,S2_7,Sucralose,7,delta,1.2878901720178487e-09,early
P011,S1_12,Sucrose,12,delta,1.3989251189627914e-09,early
P011,S2_12,Sucralose,12,delta,1.0567814245584667e-09,early
P011,S1_7,Sucrose,7,delta,9.249718098820072e-10,early
P011,S1_5,Sucrose,5,delta,1.5429930826724069e-09,early
P011,S1_5,Sucrose,5,theta,5.693179878056663e-10,early
P011,H2O,Water,0,theta,1.8225283744344816e-09,early
P011,S1_7,Sucrose,7,theta,1.8118538622576161e-09,early
P011,S2_12,Sucralose,12,theta,1.1306276466218239e-09,early
P011,S1_12,Sucrose,12,theta,2.390594417292438e-09,early
P011,S2_7,Sucralose,7,theta,8.755200274650984e-10,early
P011,S2_5,Sucralose,5,theta,1.2945825154139071e-09,early
P011,S2_5,Sucralose,5,theta,6.30364286511202e-10,early
P011,H2O,Water,0,theta,6.152476610754451e-10,early
P011,S2_7,Sucralose,7,theta,8.824748940371614e-10,early
P011,S1_12,Sucrose,12,theta,1.4040300085595576e-09,early
P011,S2_12,Sucralose,12,theta,9.647124461263782e-10,early
P011,S1_7,Sucrose,7,theta,7.089707661205e-10,early
P011,S1_5,Sucrose,5,theta,8.767824025266293e-10,early
P011,S1_5,Sucrose,5,alpha,5.848123112152657e-10,early
P011,H2O,Water,0,alpha,1.2547770278782587e-09,early
P011,S1_7,Sucrose,7,alpha,1.1316117345692655e-09,early
P011,S2_12,Sucralose,12,alpha,1.2031831219581952e-09,early
P011,S1_12,Sucrose,12,alpha,1.4038675706612996e-09,early
P011,S2_7,Sucralose,7,alpha,9.693935148894913e-10,early
P011,S2_5,Sucralose,5,alpha,8.169915935144191e-10,early
P011,S2_5,Sucralose,5,alpha,5.803980018017778e-10,early
P011,H2O,Water,0,alpha,7.800969517405983e-10,early
P011,S2_7,Sucralose,7,alpha,7.224293001516274e-10,early
P011,S1_12,Sucrose,12,alpha,1.5351576542004628e-09,early
P011,S2_12,Sucralose,12,alpha,6.984169804707661e-10,early
P011,S1_7,Sucrose,7,alpha,4.705958575934344e-10,early
P011,S1_5,Sucrose,5,alpha,6.462267604991716e-10,early
P011,S1_5,Sucrose,5,beta,1.3808226140295936e-09,early
P011,H2O,Water,0,beta,2.0137842775903556e-09,early
P011,S1_7,Sucrose,7,beta,1.438648214313206e-09,early
P011,S2_12,Sucralose,12,beta,2.2872856536850815e-09,early
P011,S1_12,Sucrose,12,beta,3.0969592268094776e-09,early
P011,S2_7,Sucralose,7,beta,1.8149268116120957e-09,early
P011,S2_5,Sucralose,5,beta,1.8204730746816452e-09,early
P011,S2_5,Sucralose,5,beta,2.012095897515825e-09,early
P011,H2O,Water,0,beta,1.630470005510798e-09,early
P011,S2_7,Sucralose,7,beta,2.148787714786598e-09,early
P011,S1_12,Sucrose,12,beta,1.5896365883987192e-09,early
P011,S2_12,Sucralose,12,beta,1.7106559013217216e-09,early
P011,S1_7,Sucrose,7,beta,1.2104376898069506e-09,early
P011,S1_5,Sucrose,5,beta,1.0096696430110133e-09,early
P011,S1_5,Sucrose,5,gamma,1.0414583916946572e-09,early
P011,H2O,Water,0,gamma,1.5594774353503175e-09,early
P011,S1_7,Sucrose,7,gamma,9.0700113333647e-10,early
P011,S2_12,Sucralose,12,gamma,1.4068291675991838e-09,early
P011,S1_12,Sucrose,12,gamma,1.1826207579011287e-09,early
P011,S2_7,Sucralose,7,gamma,1.247848499577763e-09,early
P011,S2_5,Sucralose,5,gamma,1.4044445485433488e-09,early
P011,S2_5,Sucralose,5,gamma,1.2516502504611511e-09,early
P011,H2O,Water,0,gamma,1.4400831445518215e-09,early
P011,S2_7,Sucralose,7,gamma,1.4321643646645955e-09,early
P011,S1_12,Sucrose,12,gamma,1.3898980148013152e-09,early
P011,S2_12,Sucralose,12,gamma,1.0881558408299076e-09,early
P011,S1_7,Sucrose,7,gamma,8.598838657802583e-10,early
P011,S1_5,Sucrose,5,gamma,6.936351360932254e-10,early
P012,S1_7,Sucrose,7,delta,9.6042987119518e-10,early
P012,S1_5,Sucrose,5,delta,5.132871272416251e-10,early
P012,S1_12,Sucrose,12,delta,1.1151624762649866e-10,early
P012,H2O,Water,0,delta,2.9944166804410626e-10,early
P012,S2_5,Sucralose,5,delta,1.4222126705715574e-10,early
P012,S2_12,Sucralose,12,delta,6.099989349022839e-10,early
P012,S2_7,Sucralose,7,delta,2.5531223430146577e-10,early
P012,S2_5,Sucralose,5,delta,4.802167383586439e-10,early
P012,S2_12,Sucralose,12,delta,1.9921060859963552e-10,early
P012,H2O,Water,0,delta,2.8248423385840394e-10,early
P012,S1_5,Sucrose,5,delta,2.3111615039569832e-10,early
P012,S1_12,Sucrose,12,delta,2.903688828902534e-10,early
P012,S1_7,Sucrose,7,delta,3.51912868190268e-10,early
P012,S1_7,Sucrose,7,theta,3.9791119039581895e-10,early
P012,S1_5,Sucrose,5,theta,1.76865593089508e-10,early
P012,S1_12,Sucrose,12,theta,8.750824024476538e-11,early
P012,H2O,Water,0,theta,1.6796313015010817e-10,early
P012,S2_5,Sucralose,5,theta,1.3044443290965695e-10,early
P012,S2_12,Sucralose,12,theta,2.095952644137066e-10,early
P012,S2_7,Sucralose,7,theta,3.1574868930810894e-10,early
P012,S2_5,Sucralose,5,theta,1.8461736868292547e-10,early
P012,S2_12,Sucralose,12,theta,2.316266526638488e-10,early
P012,H2O,Water,0,theta,2.1001044844580626e-10,early
P012,S1_5,Sucrose,5,theta,2.0374540496600582e-10,early
P012,S1_12,Sucrose,12,theta,2.157074474220221e-10,early
P012,S1_7,Sucrose,7,theta,1.4982116004006488e-10,early
P012,S1_7,Sucrose,7,alpha,4.057290335285535e-10,early
P012,S1_5,Sucrose,5,alpha,7.111081599189993e-10,early
P012,S1_12,Sucrose,12,alpha,9.468071170117819e-11,early
P012,H2O,Water,0,alpha,1.71502539595078e-10,early
P012,S2_5,Sucralose,5,alpha,1.476887611320346e-10,early
P012,S2_12,Sucralose,12,alpha,3.293871366405573e-10,early
P012,S2_7,Sucralose,7,alpha,3.6302122721562755e-10,early
P012,S2_5,Sucralose,5,alpha,2.79131495150128e-10,early
P012,S2_12,Sucralose,12,alpha,2.0893267798848449e-10,early
P012,H2O,Water,0,alpha,2.3642207927237027e-10,early
P012,S1_5,Sucrose,5,alpha,2.4662662090702835e-10,early
P012,S1_12,Sucrose,12,alpha,2.438192140807607e-10,early
P012,S1_7,Sucrose,7,alpha,1.7306120083486777e-10,early
P012,S1_7,Sucrose,7,beta,1.4284645990340583e-09,early
P012,S1_5,Sucrose,5,beta,5.191742790344848e-10,early
P012,S1_12,Sucrose,12,beta,3.840355948558066e-10,early
P012,H2O,Water,0,beta,5.366708242507712e-10,early
P012,S2_5,Sucralose,5,beta,4.000343951633705e-10,early
P012,S2_12,Sucralose,12,beta,6.45204976975323e-10,early
P012,S2_7,Sucralose,7,beta,6.560344025616088e-10,early
P012,S2_5,Sucralose,5,beta,1.0675244773443873e-09,early
P012,S2_12,Sucralose,12,beta,7.169857474002207e-10,early
P012,H2O,Water,0,beta,9.828582318782482e-10,early
P012,S1_5,Sucrose,5,beta,8.723596699171586e-10,early
P012,S1_12,Sucrose,12,beta,9.851862003517304e-10,early
P012,S1_7,Sucrose,7,beta,4.717192519882029e-10,early
P012,S1_7,Sucrose,7,gamma,1.1897817238117918e-09,early
P012,S1_5,Sucrose,5,gamma,4.893643055428835e-10,early
P012,S1_12,Sucrose,12,gamma,3.261104105381437e-10,early
P012,H2O,Water,0,gamma,4.2270663552115065e-10,early
P012,S2_5,Sucralose,5,gamma,3.7276292565397195e-10,early
P012,S2_12,Sucralose,12,gamma,4.303316190843911e-10,early
P012,S2_7,Sucralose,7,gamma,6.673072210597488e-10,early
P012,S2_5,Sucralose,5,gamma,7.769271604459914e-10,early
P012,S2_12,Sucralose,12,gamma,6.129704230294281e-10,early
P012,H2O,Water,0,gamma,8.480557710588751e-10,early
P012,S1_5,Sucrose,5,gamma,5.843563865720214e-10,early
P012,S1_12,Sucrose,12,gamma,1.023906452851617e-09,early
P012,S1_7,Sucrose,7,gamma,6.32488688651369e-10,early
P014,S2_5,Sucralose,5,delta,1.025554566194996e-09,early
P014,S1_12,Sucrose,12,delta,1.1330393290480836e-09,early
P014,S2_7,Sucralose,7,delta,4.1165882896333064e-10,early
P014,S1_7,Sucrose,7,delta,7.507159482864245e-10,early
P014,S2_12,Sucralose,12,delta,1.1073620070284523e-09,early
P014,S1_5,Sucrose,5,delta,1.779074421862045e-09,early
P014,H2O,Water,0,delta,1.1431755574523673e-09,early
P014,S1_5,Sucrose,5,delta,7.344118380477908e-10,early
P014,S2_12,Sucralose,12,delta,8.18686490051002e-10,early
P014,S1_7,Sucrose,7,delta,6.130903676513479e-10,early
P014,S2_7,Sucralose,7,delta,9.639499807981851e-10,early
P014,S1_12,Sucrose,12,delta,9.113293815274674e-10,early
P014,S2_5,Sucralose,5,delta,5.164592913258317e-10,early
P014,H2O,Water,0,delta,1.8364294235357787e-09,early
P014,S2_5,Sucralose,5,theta,5.336329645300897e-10,early
P014,S1_12,Sucrose,12,theta,4.4884525945756477e-10,early
P014,S2_7,Sucralose,7,theta,4.014078446541433e-10,early
P014,S1_7,Sucrose,7,theta,2.79414577420386e-10,early
P014,S2_12,Sucralose,12,theta,5.922514594091306e-10,early
P014,S1_5,Sucrose,5,theta,6.79237710580125e-10,early
P014,H2O,Water,0,theta,6.444026990752668e-10,early
P014,S1_5,Sucrose,5,theta,2.906917562074996e-10,early
P014,S2_12,Sucralose,12,theta,3.9774748208418654e-10,early
P014,S1_7,Sucrose,7,theta,2.3704689899460986e-10,early
P014,S2_7,Sucralose,7,theta,6.067640049310773e-10,early
P014,S1_12,Sucrose,12,theta,4.299154488601022e-10,early
P014,S2_5,Sucralose,5,theta,2.742839536924207e-10,early
P014,H2O,Water,0,theta,6.010624288227645e-10,early
P014,S2_5,Sucralose,5,alpha,4.958439220625948e-10,early
P014,S1_12,Sucrose,12,alpha,2.4783412616840506e-10,early
P014,S2_7,Sucralose,7,alpha,4.53659973013035e-10,early
P014,S1_7,Sucrose,7,alpha,2.2674523321591914e-10,early
P014,S2_12,Sucralose,12,alpha,8.043047962144952e-10,early
P014,S1_5,Sucrose,5,alpha,4.618376448657457e-10,early
P014,H2O,Water,0,alpha,6.247708339075593e-10,early
P014,S1_5,Sucrose,5,alpha,3.3151872050329457e-10,early
P014,S2_12,Sucralose,12,alpha,3.4689062085430857e-10,early
P014,S1_7,Sucrose,7,alpha,3.4502083788285447e-10,early
P014,S2_7,Sucralose,7,alpha,4.1827682633532547e-10,early
P014,S1_12,Sucrose,12,alpha,3.0670327644206227e-10,early
P014,S2_5,Sucralose,5,alpha,2.9292826586201305e-10,early
P014,H2O,Water,0,alpha,4.1748729224830937e-10,early
P014,S2_5,Sucralose,5,beta,1.2979056919764322e-09,early
P014,S1_12,Sucrose,12,beta,8.18736408645913e-10,early
P014,S2_7,Sucralose,7,beta,1.4067319195022106e-09,early
P014,S1_7,Sucrose,7,beta,7.33944623310193e-10,early
P014,S2_12,Sucralose,12,beta,1.4477699298434939e-09,early
P014,S1_5,Sucrose,5,beta,1.5761220106678853e-09,early
P014,H2O,Water,0,beta,9.784396034646878e-10,early
P014,S1_5,Sucrose,5,beta,1.1875086770968799e-09,early
P014,S2_12,Sucralose,12,beta,7.008591645444089e-10,early
P014,S1_7,Sucrose,7,beta,9.60510487962588e-10,early
P014,S2_7,Sucralose,7,beta,1.0742854094949227e-09,early
P014,S1_12,Sucrose,12,beta,7.749977594213398e-10,early
P014,S2_5,Sucralose,5,beta,1.1838984655848799e-09,early
P014,H2O,Water,0,beta,1.0452431285850657e-09,early
P014,S2_5,Sucralose,5,gamma,1.1598664940218658e-09,early
P014,S1_12,Sucrose,12,gamma,6.066442565348484e-10,early
P014,S2_7,Sucralose,7,gamma,1.2058223318845626e-09,early
P014,S1_7,Sucrose,7,gamma,6.460216765098525e-10,early
P014,S2_12,Sucralose,12,gamma,1.2102912865527045e-09,early
P014,S1_5,Sucrose,5,gamma,1.3926039744974141e-09,early
P014,H2O,Water,0,gamma,9.250464814450131e-10,early
P014,S1_5,Sucrose,5,gamma,8.002631235235006e-10,early
P014,S2_12,Sucralose,12,gamma,7.588620246276638e-10,early
P014,S1_7,Sucrose,7,gamma,1.0097332797910713e-09,early
P014,S2_7,Sucralose,7,gamma,1.1483135425712063e-09,early
P014,S1_12,Sucrose,12,gamma,8.079050779318311e-10,early
P014,S2_5,Sucralose,5,gamma,8.789869220850824e-10,early
P014,H2O,Water,0,gamma,8.30619971002734e-10,early
P015,S1_5,Sucrose,5,delta,1.0807385986927232e-09,early
P015,S1_7,Sucrose,7,delta,3.647680971388074e-10,early
P015,H2O,Water,0,delta,1.148707569187733e-09,early
P015,S1_12,Sucrose,12,delta,1.2754735099715254e-09,early
P015,S2_12,Sucralose,12,delta,9.71918073594464e-10,early
P015,S2_5,Sucralose,5,delta,4.628991411754986e-10,early
P015,S2_7,Sucralose,7,delta,6.669479667485138e-10,early
P015,S2_5,Sucralose,5,delta,8.592305160292647e-10,early
P015,S2_7,Sucralose,7,delta,8.07152778231707e-10,early
P015,H2O,Water,0,delta,1.108809559917347e-09,early
P015,S2_12,Sucralose,12,delta,9.780771573907038e-10,early
P015,S1_12,Sucrose,12,delta,9.398192843143779e-10,early
P015,S1_5,Sucrose,5,delta,7.510624362534464e-10,early
P015,S1_7,Sucrose,7,delta,6.093442841900233e-10,early
P015,S1_5,Sucrose,5,theta,4.317539709165945e-10,early
P015,S1_7,Sucrose,7,theta,2.1214455568622506e-10,early
P015,H2O,Water,0,theta,4.449448143720858e-10,early
P015,S1_12,Sucrose,12,theta,3.6460868638392314e-10,early
P015,S2_12,Sucralose,12,theta,3.5097320033975897e-10,early
P015,S2_5,Sucralose,5,theta,2.9980655322193834e-10,early
P015,S2_7,Sucralose,7,theta,2.8049543430753484e-10,early
P015,S2_5,Sucralose,5,theta,3.2007351854311654e-10,early
P015,S2_7,Sucralose,7,theta,4.641850230536125e-10,early
P015,H2O,Water,0,theta,3.4860532325756633e-10,early
P015,S2_12,Sucralose,12,theta,2.931645948852274e-10,early
P015,S1_12,Sucrose,12,theta,2.436069066118142e-10,early
P015,S1_5,Sucrose,5,theta,2.345624491747847e-10,early
P015,S1_7,Sucrose,7,theta,5.49615622857446e-10,early
P015,S1_5,Sucrose,5,alpha,3.9661817113006534e-10,early
P015,S1_7,Sucrose,7,alpha,4.0183936754474174e-10,early
P015,H2O,Water,0,alpha,2.7041100016348233e-10,early
P015,S1_12,Sucrose,12,alpha,4.0407040270430215e-10,early
P015,S2_12,Sucralose,12,alpha,2.9682141530781765e-10,early
P015,S2_5,Sucralose,5,alpha,3.767327386493467e-10,early
P015,S2_7,Sucralose,7,alpha,1.9815712315350742e-10,early
P015,S2_5,Sucralose,5,alpha,2.617953826935647e-10,early
P015,S2_7,Sucralose,7,alpha,3.3274338417648376e-10,early
P015,H2O,Water,0,alpha,3.5303361452053246e-10,early
P015,S2_12,Sucralose,12,alpha,4.3854248204545873e-10,early
P015,S1_12,Sucrose,12,alpha,1.9051965452308705e-10,early
P015,S1_5,Sucrose,5,alpha,3.2445474614481346e-10,early
P015,S1_7,Sucrose,7,alpha,3.678400258071052e-10,early
P015,S1_5,Sucrose,5,beta,1.061701637495781e-09,early
P015,S1_7,Sucrose,7,beta,1.4387902303481036e-09,early
P015,H2O,Water,0,beta,7.561947190777141e-10,early
P015,S1_12,Sucrose,12,beta,7.597346203501221e-10,early
P015,S2_12,Sucralose,12,beta,1.0255808645004748e-09,early
P015,S2_5,Sucralose,5,beta,6.699792166674802e-10,early
P015,S2_7,Sucralose,7,beta,8.725649443271493e-10,early
P015,S2_5,Sucralose,5,beta,7.479289167820623e-10,early
P015,S2_7,Sucralose,7,beta,9.328190651778442e-10,early
P015,H2O,Water,0,beta,7.580116172350958e-10,early
P015,S2_12,Sucralose,12,beta,1.0206455997675958e-09,early
P015,S1_12,Sucrose,12,beta,8.202051611414769e-10,early
P015,S1_5,Sucrose,5,beta,1.2298789819989559e-09,early
P015,S1_7,Sucrose,7,beta,1.0254175031328547e-09,early
P015,S1_5,Sucrose,5,gamma,9.271852880563111e-10,early
P015,S1_7,Sucrose,7,gamma,1.3152630637646982e-09,early
P015,H2O,Water,0,gamma,6.789442464880407e-10,early
P015,S1_12,Sucrose,12,gamma,8.97064763891757e-10,early
P015,S2_12,Sucralose,12,gamma,7.638882313251267e-10,early
P015,S2_5,Sucralose,5,gamma,6.092953384608776e-10,early
P015,S2_7,Sucralose,7,gamma,7.994691801975245e-10,early
P015,S2_5,Sucralose,5,gamma,6.98204443298198e-10,early
P015,S2_7,Sucralose,7,gamma,6.889274776218859e-10,early
P015,H2O,Water,0,gamma,9.587563008649281e-10,early
P015,S2_12,Sucralose,12,gamma,8.075125264165256e-10,early
P015,S1_12,Sucrose,12,gamma,7.973195112422735e-10,early
P015,S1_5,Sucrose,5,gamma,1.061337992919123e-09,early
P015,S1_7,Sucrose,7,gamma,1.0246376738846712e-09,early
P016,S1_7,Sucrose,7,delta,8.909428023533147e-10,early
P016,S1_12,Sucrose,12,delta,4.4010428829061084e-10,early
P016,S1_5,Sucrose,5,delta,7.264740834963322e-10,early
P016,S2_5,Sucralose,5,delta,3.1350227476164714e-10,early
P016,H2O,Water,0,delta,3.070211658410472e-10,early
P016,S2_7,Sucralose,7,delta,2.964467974046338e-10,early
P016,S2_12,Sucralose,12,delta,3.21627331552236e-10,early
P016,S2_7,Sucralose,7,delta,6.058999800659518e-10,early
P016,S2_12,Sucralose,12,delta,6.564466258994569e-10,early
P016,S2_5,Sucralose,5,delta,9.502578095798799e-10,early
P016,S1_5,Sucrose,5,delta,5.523230369892368e-10,early
P016,H2O,Water,0,delta,3.775489110992882e-10,early
P016,S1_7,Sucrose,7,delta,6.289341173871574e-10,early
P016,S1_12,Sucrose,12,delta,3.5131100852299023e-10,early
P016,S1_7,Sucrose,7,theta,2.948006953316454e-10,early
P016,S1_12,Sucrose,12,theta,3.6494017409801717e-10,early
P016,S1_5,Sucrose,5,theta,3.401603033950494e-10,early
P016,S2_5,Sucralose,5,theta,2.845652833284656e-10,early
P016,H2O,Water,0,theta,2.5485281112362396e-10,early
P016,S2_7,Sucralose,7,theta,2.7041294635216815e-10,early
P016,S2_12,Sucralose,12,theta,3.9411425774879844e-10,early
P016,S2_7,Sucralose,7,theta,4.993123891486753e-10,early
P016,S2_12,Sucralose,12,theta,3.1021271923959874e-10,early
P016,S2_5,Sucralose,5,theta,4.675123402808545e-10,early
P016,S1_5,Sucrose,5,theta,2.4021550875424943e-10,early
P016,H2O,Water,0,theta,3.124040122249931e-10,early
P016,S1_7,Sucrose,7,theta,4.795512080063509e-10,early
P016,S1_12,Sucrose,12,theta,3.4348976414026064e-10,early
P016,S1_7,Sucrose,7,alpha,2.816559201778519e-10,early
P016,S1_12,Sucrose,12,alpha,3.255297167708025e-10,early
P016,S1_5,Sucrose,5,alpha,2.6087126591663875e-10,early
P016,S2_5,Sucralose,5,alpha,3.7300997225963984e-10,early
P016,H2O,Water,0,alpha,2.815920247368486e-10,early
P016,S2_7,Sucralose,7,alpha,2.6244147852446044e-10,early
P016,S2_12,Sucralose,12,alpha,3.291578828135184e-10,early
P016,S2_7,Sucralose,7,alpha,2.7397522204969827e-10,early
P016,S2_12,Sucralose,12,alpha,3.066027027725028e-10,early
P016,S2_5,Sucralose,5,alpha,3.485558900923477e-10,early
P016,S1_5,Sucrose,5,alpha,3.549303738344161e-10,early
P016,H2O,Water,0,alpha,5.250429293788929e-10,early
P016,S1_7,Sucrose,7,alpha,5.626462013005188e-10,early
P016,S1_12,Sucrose,12,alpha,4.5119868856490126e-10,early
P016,S1_7,Sucrose,7,beta,1.2410887195775342e-09,early
P016,S1_12,Sucrose,12,beta,1.3590794117320309e-09,early
P016,S1_5,Sucrose,5,beta,1.0209068913370386e-09,early
P016,S2_5,Sucralose,5,beta,8.44045933136948e-10,early
P016,H2O,Water,0,beta,8.94995517559856e-10,early
P016,S2_7,Sucralose,7,beta,1.3253748861334464e-09,early
P016,S2_12,Sucralose,12,beta,9.778438635595516e-10,early
P016,S2_7,Sucralose,7,beta,9.268392070367316e-10,early
P016,S2_12,Sucralose,12,beta,1.2037860748073631e-09,early
P016,S2_5,Sucralose,5,beta,1.1171733909824776e-09,early
P016,S1_5,Sucrose,5,beta,8.031801410962246e-10,early
P016,H2O,Water,0,beta,1.4053411832807405e-09,early
P016,S1_7,Sucrose,7,beta,1.6109646195064715e-09,early
P016,S1_12,Sucrose,12,beta,1.4749582869141486e-09,early
P016,S1_7,Sucrose,7,gamma,1.016492385274556e-09,early
P016,S1_12,Sucrose,12,gamma,9.953399774388825e-10,early
P016,S1_5,Sucrose,5,gamma,7.984012348095011e-10,early
P016,S2_5,Sucralose,5,gamma,7.925827832885113e-10,early
P016,H2O,Water,0,gamma,8.299327752342955e-10,early
P016,S2_7,Sucralose,7,gamma,1.157551904979261e-09,early
P016,S2_12,Sucralose,12,gamma,1.0247381321115248e-09,early
P016,S2_7,Sucralose,7,gamma,9.01587818496799e-10,early
P016,S2_12,Sucralose,12,gamma,1.0195920731767848e-09,early
P016,S2_5,Sucralose,5,gamma,1.3366688750695162e-09,early
P016,S1_5,Sucrose,5,gamma,8.064108046522936e-10,early
P016,H2O,Water,0,gamma,1.395910983274407e-09,early
P016,S1_7,Sucrose,7,gamma,1.3416423160507138e-09,early
P016,S1_12,Sucrose,12,gamma,1.1773228670725898e-09,early
P017,S1_12,Sucrose,12,delta,3.394424424700009e-10,early
P017,S2_5,Sucralose,5,delta,3.4228459782241095e-10,early
P017,S1_7,Sucrose,7,delta,1.0147559866578469e-09,early
P017,S2_7,Sucralose,7,delta,3.5775044395423825e-10,early
P017,S1_5,Sucrose,5,delta,4.985962768997529e-10,early
P017,S2_12,Sucralose,12,delta,5.384549695535436e-10,early
P017,H2O,Water,0,delta,7.660930389422472e-10,early
P017,S2_12,Sucralose,12,delta,1.4238619914690869e-09,early
P017,S1_5,Sucrose,5,delta,9.748083766656526e-10,early
P017,S2_7,Sucralose,7,delta,6.00537168749115e-10,early
P017,S1_7,Sucrose,7,delta,8.747281645854888e-10,early
P017,S2_5,Sucralose,5,delta,8.496624825097806e-10,early
P017,S1_12,Sucrose,12,delta,5.221136114557446e-10,early
P017,H2O,Water,0,delta,5.563795231605438e-10,early
P017,S1_12,Sucrose,12,theta,3.230186301688586e-10,early
P017,S2_5,Sucralose,5,theta,1.8517279930006298e-10,early
P017,S1_7,Sucrose,7,theta,3.640311957796076e-10,early
P017,S2_7,Sucralose,7,theta,2.402431016881893e-10,early
P017,S1_5,Sucrose,5,theta,3.7448164180486927e-10,early
P017,S2_12,Sucralose,12,theta,5.315846672742069e-10,early
P017,H2O,Water,0,theta,2.981853523858134e-10,early
P017,S2_12,Sucralose,12,theta,4.6066640455774e-10,early
P017,S1_5,Sucrose,5,theta,3.7834235459288084e-10,early
P017,S2_7,Sucralose,7,theta,3.66847828692154e-10,early
P017,S1_7,Sucrose,7,theta,5.558665761374628e-10,early
P017,S2_5,Sucralose,5,theta,6.747812395073615e-10,early
P017,S1_12,Sucrose,12,theta,2.56721212504365e-10,early
P017,H2O,Water,0,theta,2.568141247964892e-10,early
P017,S1_12,Sucrose,12,alpha,6.460804481639029e-10,early
P017,S2_5,Sucralose,5,alpha,2.125856410465183e-10,early
P017,S1_7,Sucrose,7,alpha,2.712595800849583e-10,early
P017,S2_7,Sucralose,7,alpha,2.7606051335632015e-10,early
P017,S1_5,Sucrose,5,alpha,3.3288222307982524e-10,early
P017,S2_12,Sucralose,12,alpha,3.3309646620402165e-10,early
P017,H2O,Water,0,alpha,4.1254316375211015e-10,early
P017,S2_12,Sucralose,12,alpha,3.142475129405153e-10,early
P017,S1_5,Sucrose,5,alpha,4.1511398414639846e-10,early
P017,S2_7,Sucralose,7,alpha,4.109814127298544e-10,early
P017,S1_7,Sucrose,7,alpha,3.7737024344149843e-10,early
P017,S2_5,Sucralose,5,alpha,3.3547938724585416e-10,early
P017,S1_12,Sucrose,12,alpha,2.6872068266842314e-10,early
P017,H2O,Water,0,alpha,2.8447457785056527e-10,early
P017,S1_12,Sucrose,12,beta,1.6378272520755995e-09,early
P017,S2_5,Sucralose,5,beta,5.498090431140357e-10,early
P017,S1_7,Sucrose,7,beta,1.0880734986143428e-09,early
P017,S2_7,Sucralose,7,beta,8.886935522995718e-10,early
P017,S1_5,Sucrose,5,beta,1.2741209853245769e-09,early
P017,S2_12,Sucralose,12,beta,1.0507647039763435e-09,early
P017,H2O,Water,0,beta,1.1593723968524657e-09,early
P017,S2_12,Sucralose,12,beta,1.073621283306493e-09,early
P017,S1_5,Sucrose,5,beta,1.385738131127468e-09,early
P017,S2_7,Sucralose,7,beta,9.741674247216266e-10,early
P017,S1_7,Sucrose,7,beta,1.2468930504882398e-09,early
P017,S2_5,Sucralose,5,beta,9.514900080682022e-10,early
P017,S1_12,Sucrose,12,beta,1.0673508678501605e-09,early
P017,H2O,Water,0,beta,8.420016961168283e-10,early
P017,S1_12,Sucrose,12,gamma,1.2936179546268402e-09,early
P017,S2_5,Sucralose,5,gamma,9.864194121873814e-10,early
P017,S1_7,Sucrose,7,gamma,9.721663129623183e-10,early
P017,S2_7,Sucralose,7,gamma,5.977121018640355e-10,early
P017,S1_5,Sucrose,5,gamma,8.503388517189859e-10,early
P017,S2_12,Sucralose,12,gamma,1.362615946186105e-09,early
P017,H2O,Water,0,gamma,1.4205494393811618e-09,early
P017,S2_12,Sucralose,12,gamma,1.1558970586556593e-09,early
P017,S1_5,Sucrose,5,gamma,1.3653437285486953e-09,early
P017,S2_7,Sucralose,7,gamma,1.0358100967375531e-09,early
P017,S1_7,Sucrose,7,gamma,1.2395382494877848e-09,early
P017,S2_5,Sucralose,5,gamma,8.510700538556783e-10,early
P017,S1_12,Sucrose,12,gamma,9.908272410177271e-10,early
P017,H2O,Water,0,gamma,1.0420054997597686e-09,early
P019,S2_7,Sucralose,7,delta,2.3702777110891817e-10,early
P019,S2_12,Sucralose,12,delta,3.42898357552704e-10,early
P019,S2_5,Sucralose,5,delta,3.224024992424536e-10,early
P019,H2O,Water,0,delta,5.362711111879238e-10,early
P019,S1_12,Sucrose,12,delta,3.53306455949678e-10,early
P019,S1_5,Sucrose,5,delta,5.053554182964314e-10,early
P019,S1_7,Sucrose,7,delta,3.9348655563636526e-10,early
P019,S1_7,Sucrose,7,delta,5.630973891036427e-10,early
P019,S1_12,Sucrose,12,delta,3.0898197483779124e-10,early
P019,S1_5,Sucrose,5,delta,2.357975037728337e-10,early
P019,H2O,Water,0,delta,8.591250255635118e-10,early
P019,S2_12,Sucralose,12,delta,5.428017527615731e-10,early
P019,S2_5,Sucralose,5,delta,2.72056189032359e-10,early
P019,S2_7,Sucralose,7,delta,2.796805988795304e-10,early
P019,S2_7,Sucralose,7,theta,2.9924848061200537e-10,early
P019,S2_12,Sucralose,12,theta,4.359535209726623e-10,early
P019,S2_5,Sucralose,5,theta,3.424890046113927e-10,early
P019,H2O,Water,0,theta,4.4022902015924733e-10,early
P019,S1_12,Sucrose,12,theta,3.6806984985416186e-10,early
P019,S1_5,Sucrose,5,theta,3.9615804894341455e-10,early
P019,S1_7,Sucrose,7,theta,1.921324442994945e-10,early
P019,S1_7,Sucrose,7,theta,3.9640101240733293e-10,early
P019,S1_12,Sucrose,12,theta,4.001399315129849e-10,early
P019,S1_5,Sucrose,5,theta,1.7302404026831474e-10,early
P019,H2O,Water,0,theta,3.91585923236361e-10,early
P019,S2_12,Sucralose,12,theta,3.165208509896458e-10,early
P019,S2_5,Sucralose,5,theta,2.8070415906675363e-10,early
P019,S2_7,Sucralose,7,theta,3.072544694981445e-10,early
P019,S2_7,Sucralose,7,alpha,2.6710793847426246e-10,early
P019,S2_12,Sucralose,12,alpha,3.1385116614957966e-10,early
P019,S2_5,Sucralose,5,alpha,4.927513288489823e-10,early
P019,H2O,Water,0,alpha,3.2408490792009073e-10,early
P019,S1_12,Sucrose,12,alpha,2.996158034234689e-10,early
P019,S1_5,Sucrose,5,alpha,4.344698088013071e-10,early
P019,S1_7,Sucrose,7,alpha,3.045073915736959e-10,early
P019,S1_7,Sucrose,7,alpha,2.1996036582041513e-10,early
P019,S1_12,Sucrose,12,alpha,4.625113609998005e-10,early
P019,S1_5,Sucrose,5,alpha,2.5871046319408826e-10,early
P019,H2O,Water,0,alpha,4.694970724667636e-10,early
P019,S2_12,Sucralose,12,alpha,3.6918415608166196e-10,early
P019,S2_5,Sucralose,5,alpha,3.439388484829777e-10,early
P019,S2_7,Sucralose,7,alpha,2.773000728967027e-10,early
P019,S2_7,Sucralose,7,beta,9.45382630199447e-10,early
P019,S2_12,Sucralose,12,beta,1.3077332426274449e-09,early
P019,S2_5,Sucralose,5,beta,1.6007795365235232e-09,early
P019,H2O,Water,0,beta,9.62821969648401e-10,early
P019,S1_12,Sucrose,12,beta,1.3268459249251178e-09,early
P019,S1_5,Sucrose,5,beta,1.2511223518100236e-09,early
P019,S1_7,Sucrose,7,beta,1.2251243977559576e-09,early
P019,S1_7,Sucrose,7,beta,1.3102349218314386e-09,early
P019,S1_12,Sucrose,12,beta,1.3864665936382466e-09,early
P019,S1_5,Sucrose,5,beta,1.3396334853025183e-09,early
P019,H2O,Water,0,beta,1.2073191076336882e-09,early
P019,S2_12,Sucralose,12,beta,1.1257004073130412e-09,early
P019,S2_5,Sucralose,5,beta,1.339721736840627e-09,early
P019,S2_7,Sucralose,7,beta,1.3070151147948346e-09,early
P019,S2_7,Sucralose,7,gamma,9.694532285625767e-10,early
P019,S2_12,Sucralose,12,gamma,1.4433568502053758e-09,early
P019,S2_5,Sucralose,5,gamma,1.111372546821449e-09,early
P019,H2O,Water,0,gamma,1.67217246619847e-09,early
P019,S1_12,Sucrose,12,gamma,9.611499855050421e-10,early
P019,S1_5,Sucrose,5,gamma,8.26216827552648e-10,early
P019,S1_7,Sucrose,7,gamma,1.037036926643775e-09,early
P019,S1_7,Sucrose,7,gamma,7.298537840273388e-10,early
P019,S1_12,Sucrose,12,gamma,1.1018321056421009e-09,early
P019,S1_5,Sucrose,5,gamma,1.0417677216493925e-09,early
P019,H2O,Water,0,gamma,1.164835484306757e-09,early
P019,S2_12,Sucralose,12,gamma,8.870652933917614e-10,early
P019,S2_5,Sucralose,5,gamma,1.0421987004759004e-09,early
P019,S2_7,Sucralose,7,gamma,1.119575445892431e-09,early
P020,S2_12,Sucralose,12,delta,1.2620374087955582e-09,early
P020,H2O,Water,0,delta,9.569523629489614e-10,early
P020,S2_7,Sucralose,7,delta,7.910622337448346e-10,early
P020,S1_5,Sucrose,5,delta,1.1174361920247187e-09,early
P020,S2_5,Sucralose,5,delta,1.2460748481332528e-09,early
P020,S1_7,Sucrose,7,delta,1.1548073138391585e-09,early
P020,S1_12,Sucrose,12,delta,9.305495395085968e-10,early
P020,S1_12,Sucrose,12,delta,4.3738748244373505e-10,early
P020,H2O,Water,0,delta,1.0621325755073276e-09,early
P020,S1_7,Sucrose,7,delta,1.1052712610207085e-09,early
P020,S2_5,Sucralose,5,delta,5.941896738285775e-10,early
P020,S1_5,Sucrose,5,delta,1.1752425052620442e-10,early
P020,S2_7,Sucralose,7,delta,2.5813722158254677e-10,early
P020,S2_12,Sucralose,12,delta,9.415482099658594e-10,early
P020,S2_12,Sucralose,12,theta,1.5087644987379003e-10,early
P020,H2O,Water,0,theta,1.3586739872350756e-10,early
P020,S2_7,Sucralose,7,theta,1.154481631256363e-10,early
P020,S1_5,Sucrose,5,theta,1.3176026246087394e-10,early
P020,S2_5,Sucralose,5,theta,5.229106760818805e-10,early
P020,S1_7,Sucrose,7,theta,7.587501062152741e-10,early
P020,S1_12,Sucrose,12,theta,3.4061926493133904e-10,early
P020,S1_12,Sucrose,12,theta,2.6916975216699187e-10,early
P020,H2O,Water,0,theta,5.110033257756408e-10,early
P020,S1_7,Sucrose,7,theta,2.8936754827194706e-10,early
P020,S2_5,Sucralose,5,theta,3.048641888367388e-10,early
P020,S1_5,Sucrose,5,theta,2.566246578641314e-11,early
P020,S2_7,Sucralose,7,theta,7.833725360671993e-11,early
P020,S2_12,Sucralose,12,theta,3.0697989012994334e-10,early
P020,S2_12,Sucralose,12,alpha,1.1449721214104958e-10,early
P020,H2O,Water,0,alpha,1.0311268465269015e-10,early
P020,S2_7,Sucralose,7,alpha,6.725780590109578e-11,early
P020,S1_5,Sucrose,5,alpha,1.682566563986288e-10,early
P020,S2_5,Sucralose,5,alpha,2.4304526850526176e-10,early
P020,S1_7,Sucrose,7,alpha,1.4402144350016197e-10,early
P020,S1_12,Sucrose,12,alpha,2.0925013392315333e-10,early
P020,S1_12,Sucrose,12,alpha,2.592410354467428e-10,early
P020,H2O,Water,0,alpha,3.030447471553465e-10,early
P020,S1_7,Sucrose,7,alpha,3.2650731615283405e-10,early
P020,S2_5,Sucralose,5,alpha,3.4910989644287673e-10,early
P020,S1_5,Sucrose,5,alpha,3.80796742330127e-11,early
P020,S2_7,Sucralose,7,alpha,7.872671374803723e-11,early
P020,S2_12,Sucralose,12,alpha,1.6202734238730528e-10,early
P020,S2_12,Sucralose,12,beta,2.503582790593379e-10,early
P020,H2O,Water,0,beta,2.283110351179254e-10,early
P020,S2_7,Sucralose,7,beta,1.4692110746874438e-10,early
P020,S1_5,Sucrose,5,beta,3.804489102034442e-10,early
P020,S2_5,Sucralose,5,beta,5.05279602345395e-10,early
P020,S1_7,Sucrose,7,beta,3.8689459347138697e-10,early
P020,S1_12,Sucrose,12,beta,4.2981319534473073e-10,early
P020,S1_12,Sucrose,12,beta,6.504391810450143e-10,early
P020,H2O,Water,0,beta,3.9629281720582187e-10,early
P020,S1_7,Sucrose,7,beta,7.945740317318167e-10,early
P020,S2_5,Sucralose,5,beta,1.075913850298513e-09,early
P020,S1_5,Sucrose,5,beta,7.081169862253667e-11,early
P020,S2_7,Sucralose,7,beta,2.957687168591191e-10,early
P020,S2_12,Sucralose,12,beta,3.903126468856348e-10,early
P020,S2_12,Sucralose,12,gamma,3.862478399013953e-10,early
P020,H2O,Water,0,gamma,2.7639355368597276e-10,early
P020,S2_7,Sucralose,7,gamma,1.8644219022809233e-10,early
P020,S1_5,Sucrose,5,gamma,4.0226364441435847e-10,early
P020,S2_5,Sucralose,5,gamma,1.0772648506499e-09,early
P020,S1_7,Sucrose,7,gamma,7.485584586143114e-10,early
P020,S1_12,Sucrose,12,gamma,5.849624556124324e-10,early
P020,S1_12,Sucrose,12,gamma,7.62773278293497e-10,early
P020,H2O,Water,0,gamma,8.100357792530624e-10,early
P020,S1_7,Sucrose,7,gamma,6.932492018800828e-10,early
P020,S2_5,Sucralose,5,gamma,9.117826576253047e-10,early
P020,S1_5,Sucrose,5,gamma,9.05498104756224e-11,early
P020,S2_7,Sucralose,7,gamma,2.355073824022667e-10,early
P020,S2_12,Sucralose,12,gamma,4.1336224859307605e-10,early
P021,H2O,Water,0,delta,1.2595164123050911e-09,early
P021,S1_5,Sucrose,5,delta,2.62680779877043e-09,early
P021,S2_12,Sucralose,12,delta,2.473289582780906e-09,early
P021,S1_7,Sucrose,7,delta,1.8110650248369738e-09,early
P021,S2_7,Sucralose,7,delta,1.540158379473737e-09,early
P021,S1_12,Sucrose,12,delta,2.011095790629907e-09,early
P021,S2_5,Sucralose,5,delta,1.6091720613434915e-09,early
P021,H2O,Water,0,delta,1.5161359901366101e-09,early
P021,S1_12,Sucrose,12,delta,1.1951218832269937e-09,early
P021,S2_7,Sucralose,7,delta,2.6425975471462645e-09,early
P021,S1_7,Sucrose,7,delta,6.723791440173709e-10,early
P021,S2_12,Sucralose,12,delta,4.868635402195436e-10,early
P021,S1_5,Sucrose,5,delta,2.144476965890341e-09,early
P021,H2O,Water,0,theta,5.285843907682208e-10,early
P021,S1_5,Sucrose,5,theta,7.847213214879492e-10,early
P021,S2_12,Sucralose,12,theta,5.39399785262804e-10,early
P021,S1_7,Sucrose,7,theta,5.256113647104488e-10,early
P021,S2_7,Sucralose,7,theta,3.9611116506186226e-10,early
P021,S1_12,Sucrose,12,theta,7.878089674486253e-10,early
P021,S2_5,Sucralose,5,theta,4.557081870936945e-10,early
P021,H2O,Water,0,theta,5.264260134907314e-10,early
P021,S1_12,Sucrose,12,theta,4.979941582520788e-10,early
P021,S2_7,Sucralose,7,theta,5.885453195753851e-10,early
P021,S1_7,Sucrose,7,theta,3.6076578890153723e-10,early
P021,S2_12,Sucralose,12,theta,6.810669333065479e-10,early
P021,S1_5,Sucrose,5,theta,4.2128421587263173e-10,early
P021,H2O,Water,0,alpha,5.483342039443331e-10,early
P021,S1_5,Sucrose,5,alpha,2.350948361366037e-10,early
P021,S2_12,Sucralose,12,alpha,5.521178481878696e-10,early
P021,S1_7,Sucrose,7,alpha,3.3281890662121096e-10,early
P021,S2_7,Sucralose,7,alpha,2.9896450760781693e-10,early
P021,S1_12,Sucrose,12,alpha,3.6276423937287153e-10,early
P021,S2_5,Sucralose,5,alpha,4.025686695839946e-10,early
P021,H2O,Water,0,alpha,4.104676659666608e-10,early
P021,S1_12,Sucrose,12,alpha,4.5737945466220573e-10,early
P021,S2_7,Sucralose,7,alpha,3.9117560870759313e-10,early
P021,S1_7,Sucrose,7,alpha,3.4224556264511164e-10,early
P021,S2_12,Sucralose,12,alpha,5.130683031532645e-10,early
P021,S1_5,Sucrose,5,alpha,3.217188610829702e-10,early
P021,H2O,Water,0,beta,1.544633117524603e-09,early
P021,S1_5,Sucrose,5,beta,1.6333050652558112e-09,early
P021,S2_12,Sucralose,12,beta,1.262150289711478e-09,early
P021,S1_7,Sucrose,7,beta,9.357251247542717e-10,early
P021,S2_7,Sucralose,7,beta,9.552682254730896e-10,early
P021,S1_12,Sucrose,12,beta,1.4614240185062229e-09,early
P021,S2_5,Sucralose,5,beta,1.1273662469245911e-09,early
P021,H2O,Water,0,beta,1.4472547032872778e-09,early
P021,S1_12,Sucrose,12,beta,1.7822176372639675e-09,early
P021,S2_7,Sucralose,7,beta,9.46508788640532e-10,early
P021,S1_7,Sucrose,7,beta,8.91202026447329e-10,early
P021,S2_12,Sucralose,12,beta,1.1226049815754202e-09,early
P021,S1_5,Sucrose,5,beta,1.2776140094575624e-09,early
P021,H2O,Water,0,gamma,2.088232496786747e-09,early
P021,S1_5,Sucrose,5,gamma,1.1636510157464228e-09,early
P021,S2_12,Sucralose,12,gamma,1.5126961027349014e-09,early
P021,S1_7,Sucrose,7,gamma,1.0650742791885242e-09,early
P021,S2_7,Sucralose,7,gamma,1.1512618953059576e-09,early
P021,S1_12,Sucrose,12,gamma,1.6318100594292258e-09,early
P021,S2_5,Sucralose,5,gamma,1.2754385714970655e-09,early
P021,H2O,Water,0,gamma,1.5561126814268823e-09,early
P021,S1_12,Sucrose,12,gamma,1.1887540085545126e-09,early
P021,S2_7,Sucralose,7,gamma,1.3913955057180942e-09,early
P021,S1_7,Sucrose,7,gamma,9.888774756079945e-10,early
P021,S2_12,Sucralose,12,gamma,1.3733517614439118e-09,early
P021,S1_5,Sucrose,5,gamma,1.1976718223903926e-09,early
P022,S2_7,Sucralose,7,delta,5.752573205969508e-10,early
P022,S2_5,Sucralose,5,delta,1.403887000039065e-09,early
P022,S2_12,Sucralose,12,delta,1.681631532406742e-10,early
P022,S1_12,Sucrose,12,delta,1.8960619469161837e-10,early
P022,H2O,Water,0,delta,1.798538623340053e-09,early
P022,S1_7,Sucrose,7,delta,1.0142963662901321e-10,early
P022,S1_5,Sucrose,5,delta,8.217770886235404e-10,early
P022,S1_7,Sucrose,7,delta,4.355675358729718e-10,early
P022,S1_5,Sucrose,5,delta,1.0834363722903873e-09,early
P022,S1_12,Sucrose,12,delta,6.554670633809235e-10,early
P022,S2_12,Sucralose,12,delta,2.1536101053612374e-10,early
P022,H2O,Water,0,delta,9.706443265916012e-10,early
P022,S2_7,Sucralose,7,delta,4.994309671542599e-10,early
P022,S2_5,Sucralose,5,delta,1.3009410273255047e-09,early
P022,S2_7,Sucralose,7,theta,3.466528799337368e-10,early
P022,S2_5,Sucralose,5,theta,5.231704120205924e-10,early
P022,S2_12,Sucralose,12,theta,2.438592529460501e-10,early
P022,S1_12,Sucrose,12,theta,7.066196248562697e-11,early
P022,H2O,Water,0,theta,5.768200541239681e-10,early
P022,S1_7,Sucrose,7,theta,9.414020090704112e-11,early
P022,S1_5,Sucrose,5,theta,3.6010597450934305e-10,early
P022,S1_7,Sucrose,7,theta,1.716197087516101e-10,early
P022,S1_5,Sucrose,5,theta,6.34835697530564e-10,early
P022,S1_12,Sucrose,12,theta,2.0466413378497638e-10,early
P022,S2_12,Sucralose,12,theta,1.0499852446846618e-10,early
P022,H2O,Water,0,theta,3.946738262539862e-10,early
P022,S2_7,Sucralose,7,theta,3.9572007696271294e-10,early
P022,S2_5,Sucralose,5,theta,2.714786099002809e-10,early
P022,S2_7,Sucralose,7,alpha,2.9468600519716267e-10,early
P022,S2_5,Sucralose,5,alpha,1.6156357889324788e-10,early
P022,S2_12,Sucralose,12,alpha,2.296283458772239e-10,early
P022,S1_12,Sucrose,12,alpha,6.49228209496454e-11,early
P022,H2O,Water,0,alpha,2.0008324356917904e-10,early
P022,S1_7,Sucrose,7,alpha,1.028138962652088e-10,early
P022,S1_5,Sucrose,5,alpha,3.2832810363014013e-10,early
P022,S1_7,Sucrose,7,alpha,9.740718414957684e-11,early
P022,S1_5,Sucrose,5,alpha,3.307313069564908e-10,early
P022,S1_12,Sucrose,12,alpha,2.5352098470060127e-10,early
P022,S2_12,Sucralose,12,alpha,3.492096517129177e-10,early
P022,H2O,Water,0,alpha,2.8765610032143263e-10,early
P022,S2_7,Sucralose,7,alpha,1.9107672547674882e-10,early
P022,S2_5,Sucralose,5,alpha,2.1590664279133194e-10,early
P022,S2_7,Sucralose,7,beta,1.0462889708210854e-09,early
P022,S2_5,Sucralose,5,beta,2.38166178105746e-10,early
P022,S2_12,Sucralose,12,beta,6.25702363156785e-10,early
P022,S1_12,Sucrose,12,beta,1.9498669569352575e-10,early
P022,H2O,Water,0,beta,3.900641579106474e-10,early
P022,S1_7,Sucrose,7,beta,3.622725428260321e-10,early
P022,S1_5,Sucrose,5,beta,1.1555869560802932e-09,early
P022,S1_7,Sucrose,7,beta,2.7161459882097297e-10,early
P022,S1_5,Sucrose,5,beta,7.510547348172074e-10,early
P022,S1_12,Sucrose,12,beta,1.141629366459394e-09,early
P022,S2_12,Sucralose,12,beta,5.642594886913172e-10,early
P022,H2O,Water,0,beta,1.3088023564701418e-09,early
P022,S2_7,Sucralose,7,beta,9.804275143848217e-10,early
P022,S2_5,Sucralose,5,beta,6.19501271860382e-10,early
P022,S2_7,Sucralose,7,gamma,1.2535480811532147e-09,early
P022,S2_5,Sucralose,5,gamma,6.390581968181136e-10,early
P022,S2_12,Sucralose,12,gamma,6.088078228110507e-10,early
P022,S1_12,Sucrose,12,gamma,2.015644606724079e-10,early
P022,H2O,Water,0,gamma,6.156402015600915e-10,early
P022,S1_7,Sucrose,7,gamma,2.80604583228977e-10,early
P022,S1_5,Sucrose,5,gamma,1.1348374525602352e-09,early
P022,S1_7,Sucrose,7,gamma,3.6041457154973574e-10,early
P022,S1_5,Sucrose,5,gamma,1.0852204982058827e-09,early
P022,S1_12,Sucrose,12,gamma,8.071940212113494e-10,early
P022,S2_12,Sucralose,12,gamma,7.57775171788435e-10,early
P022,H2O,Water,0,gamma,1.2077018334646193e-09,early
P022,S2_7,Sucralose,7,gamma,1.1859999600755438e-09,early
P022,S2_5,Sucralose,5,gamma,7.752367539057288e-10,early
P023,S2_12,Sucralose,12,delta,5.066123648169673e-10,early
P023,S2_7,Sucralose,7,delta,8.673609855981762e-10,early
P023,H2O,Water,0,delta,4.594222214908285e-10,early
P023,S2_5,Sucralose,5,delta,7.140060529837779e-10,early
P023,S1_5,Sucrose,5,delta,5.92909981809654e-10,early
P023,S1_12,Sucrose,12,delta,2.661206222823726e-10,early
P023,S1_7,Sucrose,7,delta,6.050378764027011e-10,early
P023,S1_12,Sucrose,12,delta,7.079242743409621e-10,early
P023,S1_7,Sucrose,7,delta,6.609053916715875e-10,early
P023,H2O,Water,0,delta,6.456019124869124e-10,early
P023,S1_5,Sucrose,5,delta,6.87448508841782e-10,early
P023,S2_5,Sucralose,5,delta,1.0572788750811803e-09,early
P023,S2_12,Sucralose,12,delta,4.4705672982794345e-10,early
P023,S2_7,Sucralose,7,delta,6.149132758974882e-10,early
P023,S2_12,Sucralose,12,theta,4.1398733985447636e-10,early
P023,S2_7,Sucralose,7,theta,7.697926715925137e-10,early
P023,H2O,Water,0,theta,3.8781359705611976e-10,early
P023,S2_5,Sucralose,5,theta,4.3090533846504233e-10,early
P023,S1_5,Sucrose,5,theta,6.793189370418472e-11,early
P023,S1_12,Sucrose,12,theta,7.329849872104284e-11,early
P023,S1_7,Sucrose,7,theta,1.4674542781787306e-10,early
P023,S1_12,Sucrose,12,theta,2.7656840390216246e-10,early
P023,S1_7,Sucrose,7,theta,1.6077838003136352e-10,early
P023,H2O,Water,0,theta,4.634464864873059e-10,early
P023,S1_5,Sucrose,5,theta,1.6087330841840365e-10,early
P023,S2_5,Sucralose,5,theta,5.044661407482912e-10,early
P023,S2_12,Sucralose,12,theta,2.3792262946555113e-10,early
P023,S2_7,Sucralose,7,theta,3.529426116113564e-10,early
P023,S2_12,Sucralose,12,alpha,2.0968493249259494e-10,early
P023,S2_7,Sucralose,7,alpha,4.946476822401918e-10,early
P023,H2O,Water,0,alpha,2.017200317445115e-10,early
P023,S2_5,Sucralose,5,alpha,2.532251570043171e-10,early
P023,S1_5,Sucrose,5,alpha,1.277296832908839e-10,early
P023,S1_12,Sucrose,12,alpha,1.5726511559888455e-10,early
P023,S1_7,Sucrose,7,alpha,5.5746794191987915e-11,early
P023,S1_12,Sucrose,12,alpha,3.558373850959918e-10,early
P023,S1_7,Sucrose,7,alpha,1.8557696772391712e-10,early
P023,H2O,Water,0,alpha,2.713185907693469e-10,early
P023,S1_5,Sucrose,5,alpha,1.372328635262887e-10,early
P023,S2_5,Sucralose,5,alpha,3.1017356485802074e-10,early
P023,S2_12,Sucralose,12,alpha,2.9624350960569523e-10,early
P023,S2_7,Sucralose,7,alpha,2.5587402513849486e-10,early
P023,S2_12,Sucralose,12,beta,8.353898371222606e-10,early
P023,S2_7,Sucralose,7,beta,8.431947602335096e-10,early
P023,H2O,Water,0,beta,7.074547001787613e-10,early
P023,S2_5,Sucralose,5,beta,7.103158394731862e-10,early
P023,S1_5,Sucrose,5,beta,3.817652735604011e-10,early
P023,S1_12,Sucrose,12,beta,2.631191326607009e-10,early
P023,S1_7,Sucrose,7,beta,2.024560847826296e-10,early
P023,S1_12,Sucrose,12,beta,1.1378443251914545e-09,early
P023,S1_7,Sucrose,7,beta,6.935710795196253e-10,early
P023,H2O,Water,0,beta,5.685417053055062e-10,early
P023,S1_5,Sucrose,5,beta,4.934635170078233e-10,early
P023,S2_5,Sucralose,5,beta,6.384477293361781e-10,early
P023,S2_12,Sucralose,12,beta,7.365562458150997e-10,early
P023,S2_7,Sucralose,7,beta,4.3565654882596406e-10,early
P023,S2_12,Sucralose,12,gamma,6.085159876564254e-10,early
P023,S2_7,Sucralose,7,gamma,9.985106388106082e-10,early
P023,H2O,Water,0,gamma,9.184418881587288e-10,early
P023,S2_5,Sucralose,5,gamma,7.100473511222311e-10,early
P023,S1_5,Sucrose,5,gamma,3.4863039498579293e-10,early
P023,S1_12,Sucrose,12,gamma,3.0297164126694783e-10,early
P023,S1_7,Sucrose,7,gamma,2.0570927067132294e-10,early
P023,S1_12,Sucrose,12,gamma,8.627645258319814e-10,early
P023,S1_7,Sucrose,7,gamma,6.988535165545395e-10,early
P023,H2O,Water,0,gamma,7.055275398442559e-10,early
P023,S1_5,Sucrose,5,gamma,8.129618714154665e-10,early
P023,S2_5,Sucralose,5,gamma,1.0083381195560031e-09,early
P023,S2_12,Sucralose,12,gamma,7.40534521908695e-10,early
P023,S2_7,Sucralose,7,gamma,8.165473131654978e-10,early
P024,H2O,Water,0,delta,1.4353258882561783e-09,early
P024,S2_12,Sucralose,12,delta,1.1834248609648687e-09,early
P024,S1_5,Sucrose,5,delta,1.3846790576935675e-09,early
P024,S2_7,Sucralose,7,delta,7.804570325433992e-10,early
P024,S1_7,Sucrose,7,delta,1.206644216959833e-09,early
P024,S2_5,Sucralose,5,delta,1.2403562042727734e-09,early
P024,S1_12,Sucrose,12,delta,6.174606097153599e-10,early
P024,H2O,Water,0,delta,1.9107981572346564e-09,early
P024,S1_12,Sucrose,12,delta,1.4086142301797687e-09,early
P024,S2_5,Sucralose,5,delta,2.8296748255525433e-10,early
P024,S1_7,Sucrose,7,delta,4.426439709965668e-10,early
P024,S2_7,Sucralose,7,delta,1.151627586334757e-10,early
P024,S1_5,Sucrose,5,delta,9.08083395888728e-11,early
P024,S2_12,Sucralose,12,delta,5.4053004263669e-10,early
P024,H2O,Water,0,theta,6.033591336669897e-10,early
P024,S2_12,Sucralose,12,theta,1.06343471913627e-09,early
P024,S1_5,Sucrose,5,theta,6.81287126621333e-10,early
P024,S2_7,Sucralose,7,theta,3.403531790241967e-10,early
P024,S1_7,Sucrose,7,theta,5.765388941678986e-10,early
P024,S2_5,Sucralose,5,theta,8.39236068525337e-10,early
P024,S1_12,Sucrose,12,theta,2.6282589151084974e-10,early
P024,H2O,Water,0,theta,2.423462928862597e-10,early
P024,S1_12,Sucrose,12,theta,9.896063725883085e-10,early
P024,S2_5,Sucralose,5,theta,2.2754627562701258e-10,early
P024,S1_7,Sucrose,7,theta,1.1856442047859152e-10,early
P024,S2_7,Sucralose,7,theta,1.2619520478590266e-10,early
P024,S1_5,Sucrose,5,theta,1.810975839007582e-10,early
P024,S2_12,Sucralose,12,theta,1.4395414728478634e-10,early
P024,H2O,Water,0,alpha,2.771849701516433e-10,early
P024,S2_12,Sucralose,12,alpha,3.8726636651678003e-10,early
P024,S1_5,Sucrose,5,alpha,3.0042736131780593e-10,early
P024,S2_7,Sucralose,7,alpha,2.3005992409039739e-10,early
P024,S1_7,Sucrose,7,alpha,1.9106908397255664e-10,early
P024,S2_5,Sucralose,5,alpha,1.7591980479942055e-10,early
P024,S1_12,Sucrose,12,alpha,1.2913456219191248e-10,early
P024,H2O,Water,0,alpha,1.999872565108063e-10,early
P024,S1_12,Sucrose,12,alpha,3.341317013891036e-10,early
P024,S2_5,Sucralose,5,alpha,1.510654838965815e-10,early
P024,S1_7,Sucrose,7,alpha,1.6744629508941216e-10,early
P024,S2_7,Sucralose,7,alpha,8.459547603215158e-11,early
P024,S1_5,Sucrose,5,alpha,1.7438415879567124e-10,early
P024,S2_12,Sucralose,12,alpha,7.495057279960412e-11,early
P024,H2O,Water,0,beta,5.328445532162169e-10,early
P024,S2_12,Sucralose,12,beta,6.582452398087768e-10,early
P024,S1_5,Sucrose,5,beta,5.693344698829443e-10,early
P024,S2_7,Sucralose,7,beta,3.8703629767343965e-10,early
P024,S1_7,Sucrose,7,beta,3.861430388468838e-10,early
P024,S2_5,Sucralose,5,beta,3.7660722756070773e-10,early
P024,S1_12,Sucrose,12,beta,3.3257745031545134e-10,early
P024,H2O,Water,0,beta,5.948095108245217e-10,early
P024,S1_12,Sucrose,12,beta,7.200774884081398e-10,early
P024,S2_5,Sucralose,5,beta,4.972565240345482e-10,early
P024,S1_7,Sucrose,7,beta,2.68150631645147e-10,early
P024,S2_7,Sucralose,7,beta,2.4561208446062714e-10,early
P024,S1_5,Sucrose,5,beta,2.680370254923379e-10,early
P024,S2_12,Sucralose,12,beta,2.1228755927870762e-10,early
P024,H2O,Water,0,gamma,1.0507641040733203e-09,early
P024,S2_12,Sucralose,12,gamma,8.886165190649247e-10,early
P024,S1_5,Sucrose,5,gamma,9.515344945407158e-10,early
P024,S2_7,Sucralose,7,gamma,6.788280231615654e-10,early
P024,S1_7,Sucrose,7,gamma,9.097271286061862e-10,early
P024,S2_5,Sucralose,5,gamma,9.5329993697365e-10,early
P024,S1_12,Sucrose,12,gamma,4.346462203624315e-10,early
P024,H2O,Water,0,gamma,4.0181419064802454e-10,early
P024,S1_12,Sucrose,12,gamma,8.12671348505824e-10,early
P024,S2_5,Sucralose,5,gamma,5.115344670304528e-10,early
P024,S1_7,Sucrose,7,gamma,3.437095945017477e-10,early
P024,S2_7,Sucralose,7,gamma,2.436108851096055e-10,early
P024,S1_5,Sucrose,5,gamma,4.470724203036517e-10,early
P024,S2_12,Sucralose,12,gamma,2.205513193039765e-10,early
P025,S1_5,Sucrose,5,delta,7.838357357322714e-10,early
P025,H2O,Water,0,delta,2.8063603673319236e-10,early
P025,S1_7,Sucrose,7,delta,2.6667532598323947e-10,early
P025,S2_12,Sucralose,12,delta,1.2630549171691544e-10,early
P025,S1_12,Sucrose,12,delta,9.459620918912396e-10,early
P025,S2_7,Sucralose,7,delta,8.784550742413666e-10,early
P025,S2_5,Sucralose,5,delta,1.0278162251834897e-09,early
P025,S2_5,Sucralose,5,delta,8.199229122580291e-10,early
P025,H2O,Water,0,delta,4.813844940811603e-10,early
P025,S2_7,Sucralose,7,delta,1.3950699045276967e-09,early
P025,S1_12,Sucrose,12,delta,2.0105107761409582e-10,early
P025,S2_12,Sucralose,12,delta,3.146967182757195e-10,early
P025,S1_7,Sucrose,7,delta,5.733372256382589e-10,early
P025,S1_5,Sucrose,5,delta,1.0530567575606654e-09,early
P025,S1_5,Sucrose,5,theta,3.107915531588626e-10,early
P025,H2O,Water,0,theta,2.7026915706881097e-10,early
P025,S1_7,Sucrose,7,theta,3.244072210320844e-10,early
P025,S2_12,Sucralose,12,theta,1.3217990675886352e-10,early
P025,S1_12,Sucrose,12,theta,3.2089850986671176e-10,early
P025,S2_7,Sucralose,7,theta,4.0749831917534224e-10,early
P025,S2_5,Sucralose,5,theta,4.75624551780136e-10,early
P025,S2_5,Sucralose,5,theta,7.734789722405043e-10,early
P025,H2O,Water,0,theta,1.2571603710453607e-10,early
P025,S2_7,Sucralose,7,theta,4.393750248431524e-10,early
P025,S1_12,Sucrose,12,theta,2.0846121379075408e-10,early
P025,S2_12,Sucralose,12,theta,1.2900323655593206e-10,early
P025,S1_7,Sucrose,7,theta,9.199977954155342e-11,early
P025,S1_5,Sucrose,5,theta,1.814836296374178e-10,early
P025,S1_5,Sucrose,5,alpha,2.2323325255614837e-10,early
P025,H2O,Water,0,alpha,3.575985560767811e-10,early
P025,S1_7,Sucrose,7,alpha,3.4339923079416355e-10,early
P025,S2_12,Sucralose,12,alpha,7.153952535487732e-11,early
P025,S1_12,Sucrose,12,alpha,1.3649826419554472e-10,early
P025,S2_7,Sucralose,7,alpha,4.6015288670450325e-10,early
P025,S2_5,Sucralose,5,alpha,1.3813747408737832e-10,early
P025,S2_5,Sucralose,5,alpha,5.172551696674987e-10,early
P025,H2O,Water,0,alpha,8.493490641401025e-11,early
P025,S2_7,Sucralose,7,alpha,2.12458243434549e-10,early
P025,S1_12,Sucrose,12,alpha,2.1178782194794022e-10,early
P025,S2_12,Sucralose,12,alpha,2.3099978600118294e-10,early
P025,S1_7,Sucrose,7,alpha,8.961828155762478e-11,early
P025,S1_5,Sucrose,5,alpha,2.065063688528748e-10,early
P025,S1_5,Sucrose,5,beta,6.757812347396357e-10,early
P025,H2O,Water,0,beta,7.627961692725225e-10,early
P025,S1_7,Sucrose,7,beta,5.348441319946208e-10,early
P025,S2_12,Sucralose,12,beta,1.5961625947863227e-10,early
P025,S1_12,Sucrose,12,beta,3.3582597549630416e-10,early
P025,S2_7,Sucralose,7,beta,5.510565550084958e-10,early
P025,S2_5,Sucralose,5,beta,4.5096226514332866e-10,early
P025,S2_5,Sucralose,5,beta,9.436486795868622e-10,early
P025,H2O,Water,0,beta,2.998735868830579e-10,early
P025,S2_7,Sucralose,7,beta,4.2494069178012763e-10,early
P025,S1_12,Sucrose,12,beta,5.148389762801684e-10,early
P025,S2_12,Sucralose,12,beta,6.336442393973513e-10,early
P025,S1_7,Sucrose,7,beta,2.0971980352212038e-10,early
P025,S1_5,Sucrose,5,beta,3.3375738982150704e-10,early
P025,S1_5,Sucrose,5,gamma,8.184040543971224e-10,early
P025,H2O,Water,0,gamma,8.619459870726071e-10,early
P025,S1_7,Sucrose,7,gamma,7.780735575300562e-10,early
P025,S2_12,Sucralose,12,gamma,1.9831134308550289e-10,early
P025,S1_12,Sucrose,12,gamma,5.873331901684772e-10,early
P025,S2_7,Sucralose,7,gamma,1.057266123299974e-09,early
P025,S2_5,Sucralose,5,gamma,5.73038453440724e-10,early
P025,S2_5,Sucralose,5,gamma,1.654285148123018e-09,early
P025,H2O,Water,0,gamma,2.8438595555324255e-10,early
P025,S2_7,Sucralose,7,gamma,7.193215574158404e-10,early
P025,S1_12,Sucrose,12,gamma,5.857059278500137e-10,early
P025,S2_12,Sucralose,12,gamma,5.306786979716784e-10,early
P025,S1_7,Sucrose,7,gamma,2.1175714225479142e-10,early
P025,S1_5,Sucrose,5,gamma,5.599297508729545e-10,early
P001,S1_5,Sucrose,5,delta,1.2339260243329857e-10,late
P001,S1_7,Sucrose,7,delta,2.1435174445801682e-10,late
P001,H2O,Water,0,delta,8.1816936284121e-10,late
P001,S1_12,Sucrose,12,delta,1.0044862172910077e-09,late
P001,S2_12,Sucralose,12,delta,1.691193128710093e-10,late
P001,S2_5,Sucralose,5,delta,1.3692318071674309e-10,late
P001,S2_7,Sucralose,7,delta,1.4252641031750142e-10,late
P001,S2_5,Sucralose,5,delta,1.3927183948271333e-10,late
P001,S2_7,Sucralose,7,delta,3.553967105038644e-10,late
P001,H2O,Water,0,delta,4.484951547468113e-10,late
P001,S2_12,Sucralose,12,delta,5.615554386835766e-10,late
P001,S1_12,Sucrose,12,delta,2.1137969643240851e-10,late
P001,S1_5,Sucrose,5,delta,4.012484721137384e-10,late
P001,S1_7,Sucrose,7,delta,1.424140887690775e-10,late
P001,S1_5,Sucrose,5,theta,1.520932310800975e-10,late
P001,S1_7,Sucrose,7,theta,4.3823523233119e-10,late
P001,H2O,Water,0,theta,4.068868610085486e-10,late
P001,S1_12,Sucrose,12,theta,4.442590695068471e-10,late
P001,S2_12,Sucralose,12,theta,3.0124903717071183e-10,late
P001,S2_5,Sucralose,5,theta,1.2409742563845374e-10,late
P001,S2_7,Sucralose,7,theta,1.2480510757666233e-10,late
P001,S2_5,Sucralose,5,theta,1.82861321002229e-10,late
P001,S2_7,Sucralose,7,theta,1.6733052806342002e-10,late
P001,H2O,Water,0,theta,1.5206252501698853e-10,late
P001,S2_12,Sucralose,12,theta,2.4476352166475946e-10,late
P001,S1_12,Sucrose,12,theta,1.5734000043674e-10,late
P001,S1_5,Sucrose,5,theta,1.9379865050595774e-10,late
P001,S1_7,Sucrose,7,theta,1.7608869912751784e-10,late
P001,S1_5,Sucrose,5,alpha,1.9020492998593337e-10,late
P001,S1_7,Sucrose,7,alpha,1.691120910387604e-10,late
P001,H2O,Water,0,alpha,3.519599337214812e-10,late
P001,S1_12,Sucrose,12,alpha,2.4491786026651857e-10,late
P001,S2_12,Sucralose,12,alpha,1.6107815645295417e-10,late
P001,S2_5,Sucralose,5,alpha,1.5256461742289545e-10,late
P001,S2_7,Sucralose,7,alpha,2.947430875968871e-10,late
P001,S2_5,Sucralose,5,alpha,1.615120098909274e-10,late
P001,S2_7,Sucralose,7,alpha,1.7722181068833375e-10,late
P001,H2O,Water,0,alpha,1.9084130601051034e-10,late
P001,S2_12,Sucralose,12,alpha,3.27681540500695e-10,late
P001,S1_12,Sucrose,12,alpha,2.0688871998196065e-10,late
P001,S1_5,Sucrose,5,alpha,1.7486430769647102e-10,late
P001,S1_7,Sucrose,7,alpha,1.2876943963583634e-10,late
P001,S1_5,Sucrose,5,beta,5.205862971110662e-10,late
P001,S1_7,Sucrose,7,beta,7.185302250737294e-10,late
P001,H2O,Water,0,beta,1.412820679331446e-09,late
P001,S1_12,Sucrose,12,beta,7.21760680037478e-10,late
P001,S2_12,Sucralose,12,beta,1.2478626103991292e-09,late
P001,S2_5,Sucralose,5,beta,5.433959119675105e-10,late
P001,S2_7,Sucralose,7,beta,6.285004598335853e-10,late
P001,S2_5,Sucralose,5,beta,6.677223921200506e-10,late
P001,S2_7,Sucralose,7,beta,4.981540238092618e-10,late
P001,H2O,Water,0,beta,7.525563386179871e-10,late
P001,S2_12,Sucralose,12,beta,1.216543582803532e-09,late
P001,S1_12,Sucrose,12,beta,7.754799288731348e-10,late
P001,S1_5,Sucrose,5,beta,7.1981971733638e-10,late
P001,S1_7,Sucrose,7,beta,5.76897942703339e-10,late
P001,S1_5,Sucrose,5,gamma,4.527878614252511e-10,late
P001,S1_7,Sucrose,7,gamma,5.42367739665896e-10,late
P001,H2O,Water,0,gamma,1.1957810927584764e-09,late
P001,S1_12,Sucrose,12,gamma,4.944695536180377e-10,late
P001,S2_12,Sucralose,12,gamma,8.894966801393288e-10,late
P001,S2_5,Sucralose,5,gamma,3.9087521096465763e-10,late
P001,S2_7,Sucralose,7,gamma,5.416755158080751e-10,late
P001,S2_5,Sucralose,5,gamma,5.270894328790509e-10,late
P001,S2_7,Sucralose,7,gamma,4.870088725956926e-10,late
P001,H2O,Water,0,gamma,4.398238899103544e-10,late
P001,S2_12,Sucralose,12,gamma,1.262789111314528e-09,late
P001,S1_12,Sucrose,12,gamma,5.790570985389586e-10,late
P001,S1_5,Sucrose,5,gamma,5.620249207827328e-10,late
P001,S1_7,Sucrose,7,gamma,5.123422009277824e-10,late
P002,S1_7,Sucrose,7,delta,1.2166433248004154e-10,late
P002,S1_12,Sucrose,12,delta,1.6605983552592359e-10,late
P002,S1_5,Sucrose,5,delta,2.0409051873757324e-10,late
P002,S2_5,Sucralose,5,delta,1.526917498691793e-10,late
P002,H2O,Water,0,delta,4.5841311906464367e-10,late
P002,S2_7,Sucralose,7,delta,1.8077617941728263e-10,late
P002,S2_12,Sucralose,12,delta,3.4155197497039834e-10,late
P002,S2_7,Sucralose,7,delta,2.795278633219164e-10,late
P002,S2_12,Sucralose,12,delta,4.029339542727862e-10,late
P002,S2_5,Sucralose,5,delta,2.797102597466163e-10,late
P002,S1_5,Sucrose,5,delta,2.6386081734619283e-10,late
P002,H2O,Water,0,delta,1.381128304197021e-10,late
P002,S1_7,Sucrose,7,delta,2.2537444128154766e-10,late
P002,S1_12,Sucrose,12,delta,8.49789656248078e-10,late
P002,S1_7,Sucrose,7,theta,2.0582668379320743e-10,late
P002,S1_12,Sucrose,12,theta,2.0029980472690638e-10,late
P002,S1_5,Sucrose,5,theta,2.2777182552804418e-10,late
P002,S2_5,Sucralose,5,theta,2.1489357565806206e-10,late
P002,H2O,Water,0,theta,4.030291501944957e-10,late
P002,S2_7,Sucralose,7,theta,3.885059727288295e-10,late
P002,S2_12,Sucralose,12,theta,4.065145668228291e-10,late
P002,S2_7,Sucralose,7,theta,2.1375412603111412e-10,late
P002,S2_12,Sucralose,12,theta,3.745621653007006e-10,late
P002,S2_5,Sucralose,5,theta,2.884912870316073e-10,late
P002,S1_5,Sucrose,5,theta,5.693295759015849e-10,late
P002,H2O,Water,0,theta,2.0366909294576998e-10,late
P002,S1_7,Sucrose,7,theta,4.710643465686071e-10,late
P002,S1_12,Sucrose,12,theta,4.4214085074533993e-10,late
P002,S1_7,Sucrose,7,alpha,3.021244417093211e-10,late
P002,S1_12,Sucrose,12,alpha,2.5954523338102424e-10,late
P002,S1_5,Sucrose,5,alpha,3.316835234675782e-10,late
P002,S2_5,Sucralose,5,alpha,2.1555692511897401e-10,late
P002,H2O,Water,0,alpha,3.252671016837922e-10,late
P002,S2_7,Sucralose,7,alpha,3.625778444681228e-10,late
P002,S2_12,Sucralose,12,alpha,3.5991242329190915e-10,late
P002,S2_7,Sucralose,7,alpha,2.0927529769604725e-10,late
P002,S2_12,Sucralose,12,alpha,4.824346818555442e-10,late
P002,S2_5,Sucralose,5,alpha,3.80308813288008e-10,late
P002,S1_5,Sucrose,5,alpha,4.909468160619036e-10,late
P002,H2O,Water,0,alpha,2.878550437013261e-10,late
P002,S1_7,Sucrose,7,alpha,4.3107575183166684e-10,late
P002,S1_12,Sucrose,12,alpha,3.873110539318041e-10,late
P002,S1_7,Sucrose,7,beta,9.582032605949177e-10,late
P002,S1_12,Sucrose,12,beta,1.037496592309884e-09,late
P002,S1_5,Sucrose,5,beta,1.1480754795083499e-09,late
P002,S2_5,Sucralose,5,beta,1.050689545870316e-09,late
P002,H2O,Water,0,beta,1.4116649186560599e-09,late
P002,S2_7,Sucralose,7,beta,1.214460383874483e-09,late
P002,S2_12,Sucralose,12,beta,1.4842232658115343e-09,late
P002,S2_7,Sucralose,7,beta,8.163853870810328e-10,late
P002,S2_12,Sucralose,12,beta,1.6362332118432718e-09,late
P002,S2_5,Sucralose,5,beta,7.617001005511626e-10,late
P002,S1_5,Sucrose,5,beta,1.975638438821841e-09,late
P002,H2O,Water,0,beta,1.2525858492689876e-09,late
P002,S1_7,Sucrose,7,beta,1.8219219477115493e-09,late
P002,S1_12,Sucrose,12,beta,1.643300186174635e-09,late
P002,S1_7,Sucrose,7,gamma,7.944552823268267e-10,late
P002,S1_12,Sucrose,12,gamma,8.118533053482753e-10,late
P002,S1_5,Sucrose,5,gamma,1.07254258955527e-09,late
P002,S2_5,Sucralose,5,gamma,7.974679433937114e-10,late
P002,H2O,Water,0,gamma,1.1943484796276246e-09,late
P002,S2_7,Sucralose,7,gamma,1.2219997070479378e-09,late
P002,S2_12,Sucralose,12,gamma,1.3441417012954364e-09,late
P002,S2_7,Sucralose,7,gamma,9.255336452773177e-10,late
P002,S2_12,Sucralose,12,gamma,1.4653366642742288e-09,late
P002,S2_5,Sucralose,5,gamma,1.1018278855215807e-09,late
P002,S1_5,Sucrose,5,gamma,1.3873773864862703e-09,late
P002,H2O,Water,0,gamma,9.652388794494059e-10,late
P002,S1_7,Sucrose,7,gamma,1.2735237941665428e-09,late
P002,S1_12,Sucrose,12,gamma,1.134640060219363e-09,late
P003,S1_12,Sucrose,12,delta,2.8955020430191026e-10,late
P003,S2_5,Sucralose,5,delta,3.0257394133280866e-10,late
P003,S1_7,Sucrose,7,delta,2.436192691868369e-10,late
P003,S2_7,Sucralose,7,delta,1.494143285754468e-10,late
P003,S1_5,Sucrose,5,delta,2.508879350653044e-10,late
P003,S2_12,Sucralose,12,delta,2.2962271245403705e-10,late
P003,H2O,Water,0,delta,4.0670693118548316e-10,late
P003,S2_12,Sucralose,12,delta,2.1406017057824566e-10,late
P003,S1_5,Sucrose,5,delta,1.993608682053243e-10,late
P003,S2_7,Sucralose,7,delta,2.4349300558787287e-10,late
P003,S1_7,Sucrose,7,delta,3.507973877833438e-10,late
P003,S2_5,Sucralose,5,delta,1.7691014330918202e-10,late
P003,S1_12,Sucrose,12,delta,2.0369187698935557e-10,late
P003,H2O,Water,0,delta,2.6766260087634506e-10,late
P003,S1_12,Sucrose,12,theta,2.8287464052547617e-10,late
P003,S2_5,Sucralose,5,theta,2.7655727604872045e-10,late
P003,S1_7,Sucrose,7,theta,4.3287564793816104e-10,late
P003,S2_7,Sucralose,7,theta,3.7645381242951227e-10,late
P003,S1_5,Sucrose,5,theta,4.056056350598795e-10,late
P003,S2_12,Sucralose,12,theta,4.072728156567004e-10,late
P003,H2O,Water,0,theta,4.105714406755608e-10,late
P003,S2_12,Sucralose,12,theta,3.7818650040265295e-10,late
P003,S1_5,Sucrose,5,theta,3.9604261744725414e-10,late
P003,S2_7,Sucralose,7,theta,2.0600511854971894e-10,late
P003,S1_7,Sucrose,7,theta,4.414225187987955e-10,late
P003,S2_5,Sucralose,5,theta,3.602536886038859e-10,late
P003,S1_12,Sucrose,12,theta,3.3956818872091666e-10,late
P003,H2O,Water,0,theta,3.1017943172802616e-10,late
P003,S1_12,Sucrose,12,alpha,3.171768004268e-10,late
P003,S2_5,Sucralose,5,alpha,4.323973336787489e-10,late
P003,S1_7,Sucrose,7,alpha,7.518063843318913e-10,late
P003,S2_7,Sucralose,7,alpha,4.477174241585305e-10,late
P003,S1_5,Sucrose,5,alpha,4.895408636624923e-10,late
P003,S2_12,Sucralose,12,alpha,3.898539715671866e-10,late
P003,H2O,Water,0,alpha,4.526665738525653e-10,late
P003,S2_12,Sucralose,12,alpha,4.678420095887064e-10,late
P003,S1_5,Sucrose,5,alpha,3.909922228989114e-10,late
P003,S2_7,Sucralose,7,alpha,3.715599509633382e-10,late
P003,S1_7,Sucrose,7,alpha,6.243692948907196e-10,late
P003,S2_5,Sucralose,5,alpha,4.32682025295582e-10,late
P003,S1_12,Sucrose,12,alpha,5.508863274432406e-10,late
P003,H2O,Water,0,alpha,7.036802628668902e-10,late
P003,S1_12,Sucrose,12,beta,1.1552178602781701e-09,late
P003,S2_5,Sucralose,5,beta,1.4256660658701657e-09,late
P003,S1_7,Sucrose,7,beta,1.50821419499354e-09,late
P003,S2_7,Sucralose,7,beta,2.207793152287915e-09,late
P003,S1_5,Sucrose,5,beta,2.4509384371896653e-09,late
P003,S2_12,Sucralose,12,beta,1.7909601897316994e-09,late
P003,H2O,Water,0,beta,2.4768253611204083e-09,late
P003,S2_12,Sucralose,12,beta,1.6652430923600466e-09,late
P003,S1_5,Sucrose,5,beta,2.000232471352319e-09,late
P003,S2_7,Sucralose,7,beta,1.7087537174740404e-09,late
P003,S1_7,Sucrose,7,beta,2.121293075187388e-09,late
P003,S2_5,Sucralose,5,beta,1.8228545817008408e-09,late
P003,S1_12,Sucrose,12,beta,1.9254916822864486e-09,late
P003,H2O,Water,0,beta,1.520841942004699e-09,late
P003,S1_12,Sucrose,12,gamma,1.0465994744423933e-09,late
P003,S2_5,Sucralose,5,gamma,1.211103435176036e-09,late
P003,S1_7,Sucrose,7,gamma,1.5503382455626737e-09,late
P003,S2_7,Sucralose,7,gamma,1.5438408501920556e-09,late
P003,S1_5,Sucrose,5,gamma,1.7559509190763528e-09,late
P003,S2_12,Sucralose,12,gamma,1.565197622271175e-09,late
P003,H2O,Water,0,gamma,1.416598731905632e-09,late
P003,S2_12,Sucralose,12,gamma,1.2920653106226119e-09,late
P003,S1_5,Sucrose,5,gamma,1.4766014404239576e-09,late
P003,S2_7,Sucralose,7,gamma,1.4312659606969356e-09,late
P003,S1_7,Sucrose,7,gamma,1.2773726001879442e-09,late
P003,S2_5,Sucralose,5,gamma,1.4544329001588958e-09,late
P003,S1_12,Sucrose,12,gamma,2.0074557705134298e-09,late
P003,H2O,Water,0,gamma,1.7235509405777455e-09,late
P004,S2_5,Sucralose,5,delta,5.78796342401991e-10,late
P004,S2_7,Sucralose,7,delta,1.9223470729295517e-10,late
P004,S1_12,Sucrose,12,delta,2.565051484259372e-10,late
P004,S2_12,Sucralose,12,delta,3.8601708954874887e-10,late
P004,S1_7,Sucrose,7,delta,3.6980672702471747e-10,late
P004,H2O,Water,0,delta,5.572808422712983e-10,late
P004,S1_5,Sucrose,5,delta,2.2871315136508844e-10,late
P004,S1_5,Sucrose,5,delta,2.477602414711395e-10,late
P004,S1_7,Sucrose,7,delta,3.7357815401076697e-10,late
P004,S2_12,Sucralose,12,delta,1.6474720146483188e-10,late
P004,S1_12,Sucrose,12,delta,1.2259068529577416e-10,late
P004,S2_7,Sucralose,7,delta,2.366531037121837e-10,late
P004,H2O,Water,0,delta,2.15694594612305e-10,late
P004,S2_5,Sucralose,5,delta,1.673685771929569e-10,late
P004,S2_5,Sucralose,5,theta,4.113630225009484e-10,late
P004,S2_7,Sucralose,7,theta,1.7374550989568746e-10,late
P004,S1_12,Sucrose,12,theta,4.2568999726945855e-10,late
P004,S2_12,Sucralose,12,theta,2.4944179853749047e-10,late
P004,S1_7,Sucrose,7,theta,2.559966546295388e-10,late
P004,H2O,Water,0,theta,4.019396929862809e-10,late
P004,S1_5,Sucrose,5,theta,2.3492275221165007e-10,late
P004,S1_5,Sucrose,5,theta,2.027064921081588e-10,late
P004,S1_7,Sucrose,7,theta,3.707751969232198e-10,late
P004,S2_12,Sucralose,12,theta,1.624456809790753e-10,late
P004,S1_12,Sucrose,12,theta,2.101854843560862e-10,late
P004,S2_7,Sucralose,7,theta,2.1770608158326909e-10,late
P004,H2O,Water,0,theta,3.951546276993184e-10,late
P004,S2_5,Sucralose,5,theta,1.8309429855118707e-10,late
P004,S2_5,Sucralose,5,alpha,2.881899822978262e-10,late
P004,S2_7,Sucralose,7,alpha,2.2851146731568678e-10,late
P004,S1_12,Sucrose,12,alpha,3.7181246048195206e-10,late
P004,S2_12,Sucralose,12,alpha,4.523693790945318e-10,late
P004,S1_7,Sucrose,7,alpha,2.3096402206385465e-10,late
P004,H2O,Water,0,alpha,4.0430787890246273e-10,late
P004,S1_5,Sucrose,5,alpha,2.1006028104419597e-10,late
P004,S1_5,Sucrose,5,alpha,1.7138422405037472e-10,late
P004,S1_7,Sucrose,7,alpha,3.3012167546584905e-10,late
P004,S2_12,Sucralose,12,alpha,2.1329190002416803e-10,late
P004,S1_12,Sucrose,12,alpha,2.088158612234815e-10,late
P004,S2_7,Sucralose,7,alpha,4.038677991265616e-10,late
P004,H2O,Water,0,alpha,2.1387561539514506e-10,late
P004,S2_5,Sucralose,5,alpha,3.3651050911197385e-10,late
P004,S2_5,Sucralose,5,beta,1.2468588595447585e-09,late
P004,S2_7,Sucralose,7,beta,1.0392836865358681e-09,late
P004,S1_12,Sucrose,12,beta,1.565070505370676e-09,late
P004,S2_12,Sucralose,12,beta,1.3229103032544102e-09,late
P004,S1_7,Sucrose,7,beta,1.1494528450689268e-09,late
P004,H2O,Water,0,beta,1.1609201059304282e-09,late
P004,S1_5,Sucrose,5,beta,1.1579724654219351e-09,late
P004,S1_5,Sucrose,5,beta,1.171829178745641e-09,late
P004,S1_7,Sucrose,7,beta,1.348913935965746e-09,late
P004,S2_12,Sucralose,12,beta,7.705629804354173e-10,late
P004,S1_12,Sucrose,12,beta,1.1340019641646532e-09,late
P004,S2_7,Sucralose,7,beta,1.798200252704439e-09,late
P004,H2O,Water,0,beta,1.5400624411743023e-09,late
P004,S2_5,Sucralose,5,beta,9.936822432069237e-10,late
P004,S2_5,Sucralose,5,gamma,9.679250746231426e-10,late
P004,S2_7,Sucralose,7,gamma,9.105794114725349e-10,late
P004,S1_12,Sucrose,12,gamma,1.3982770050905964e-09,late
P004,S2_12,Sucralose,12,gamma,1.006214805804556e-09,late
P004,S1_7,Sucrose,7,gamma,7.36262505718986e-10,late
P004,H2O,Water,0,gamma,1.2284294202127798e-09,late
P004,S1_5,Sucrose,5,gamma,7.470997348086546e-10,late
P004,S1_5,Sucrose,5,gamma,1.0049785448841015e-09,late
P004,S1_7,Sucrose,7,gamma,1.1731158216251501e-09,late
P004,S2_12,Sucralose,12,gamma,6.605359148113492e-10,late
P004,S1_12,Sucrose,12,gamma,1.0879178654658654e-09,late
P004,S2_7,Sucralose,7,gamma,1.558879201888492e-09,late
P004,H2O,Water,0,gamma,1.3902356559787804e-09,late
P004,S2_5,Sucralose,5,gamma,1.2026102298580147e-09,late
P005,S2_7,Sucralose,7,delta,2.628635872661827e-10,late
P005,S2_12,Sucralose,12,delta,2.0409884131931534e-10,late
P005,S2_5,Sucralose,5,delta,2.2992036878950646e-10,late
P005,H2O,Water,0,delta,2.412845766427136e-10,late
P005,S1_12,Sucrose,12,delta,2.1148335853396175e-10,late
P005,S1_5,Sucrose,5,delta,1.8992104616321938e-10,late
P005,S1_7,Sucrose,7,delta,1.7898223346523052e-10,late
P005,S1_7,Sucrose,7,delta,2.1986212594977367e-10,late
P005,S1_12,Sucrose,12,delta,2.328148901180512e-10,late
P005,S1_5,Sucrose,5,delta,2.0003302547480355e-10,late
P005,H2O,Water,0,delta,2.4837122981267796e-10,late
P005,S2_12,Sucralose,12,delta,2.8491097332026605e-10,late
P005,S2_5,Sucralose,5,delta,4.781722476429938e-10,late
P005,S2_7,Sucralose,7,delta,2.7165863165683446e-10,late
P005,S2_7,Sucralose,7,theta,3.0891718221166207e-10,late
P005,S2_12,Sucralose,12,theta,4.194596015132331e-10,late
P005,S2_5,Sucralose,5,theta,3.0211823076761194e-10,late
P005,H2O,Water,0,theta,4.880449090462676e-10,late
P005,S1_12,Sucrose,12,theta,3.1066802128390693e-10,late
P005,S1_5,Sucrose,5,theta,3.3171783005837483e-10,late
P005,S1_7,Sucrose,7,theta,2.409437538660787e-10,late
P005,S1_7,Sucrose,7,theta,2.9735258973442676e-10,late
P005,S1_12,Sucrose,12,theta,3.238542470665843e-10,late
P005,S1_5,Sucrose,5,theta,4.6205719822472616e-10,late
P005,H2O,Water,0,theta,3.85757843068052e-10,late
P005,S2_12,Sucralose,12,theta,3.5108697362268084e-10,late
P005,S2_5,Sucralose,5,theta,3.2577222414728565e-10,late
P005,S2_7,Sucralose,7,theta,4.907290075818656e-10,late
P005,S2_7,Sucralose,7,alpha,5.864781816470788e-10,late
P005,S2_12,Sucralose,12,alpha,6.55678926801511e-10,late
P005,S2_5,Sucralose,5,alpha,6.189153777979214e-10,late
P005,H2O,Water,0,alpha,5.635333460141932e-10,late
P005,S1_12,Sucrose,12,alpha,4.5031698385033616e-10,late
P005,S1_5,Sucrose,5,alpha,4.676133017740531e-10,late
P005,S1_7,Sucrose,7,alpha,3.2051860971479945e-10,late
P005,S1_7,Sucrose,7,alpha,3.1815004143228774e-10,late
P005,S1_12,Sucrose,12,alpha,5.731003460099019e-10,late
P005,S1_5,Sucrose,5,alpha,5.165364128403994e-10,late
P005,H2O,Water,0,alpha,4.586731675954464e-10,late
P005,S2_12,Sucralose,12,alpha,5.527418178250562e-10,late
P005,S2_5,Sucralose,5,alpha,6.389640188389589e-10,late
P005,S2_7,Sucralose,7,alpha,3.663985161851086e-10,late
P005,S2_7,Sucralose,7,beta,1.2540120902654916e-09,late
P005,S2_12,Sucralose,12,beta,1.9067321378997683e-09,late
P005,S2_5,Sucralose,5,beta,1.8684563418486513e-09,late
P005,H2O,Water,0,beta,2.491458554410659e-09,late
P005,S1_12,Sucrose,12,beta,2.103896179024634e-09,late
P005,S1_5,Sucrose,5,beta,1.4160474453989812e-09,late
P005,S1_7,Sucrose,7,beta,1.9693370802173615e-09,late
P005,S1_7,Sucrose,7,beta,9.848729016526976e-10,late
P005,S1_12,Sucrose,12,beta,1.499198043814452e-09,late
P005,S1_5,Sucrose,5,beta,2.056446364668674e-09,late
P005,H2O,Water,0,beta,1.6885716562853323e-09,late
P005,S2_12,Sucralose,12,beta,1.7155392286523498e-09,late
P005,S2_5,Sucralose,5,beta,1.6235046174208553e-09,late
P005,S2_7,Sucralose,7,beta,2.1530147431912407e-09,late
P005,S2_7,Sucralose,7,gamma,1.1918572308023326e-09,late
P005,S2_12,Sucralose,12,gamma,1.7320595468463724e-09,late
P005,S2_5,Sucralose,5,gamma,1.4253287567062015e-09,late
P005,H2O,Water,0,gamma,1.447913094801166e-09,late
P005,S1_12,Sucrose,12,gamma,1.7403686358410304e-09,late
P005,S1_5,Sucrose,5,gamma,1.180980745432485e-09,late
P005,S1_7,Sucrose,7,gamma,1.8984865450268812e-09,late
P005,S1_7,Sucrose,7,gamma,9.575387425398787e-10,late
P005,S1_12,Sucrose,12,gamma,1.4846496867123108e-09,late
P005,S1_5,Sucrose,5,gamma,1.4316396156706312e-09,late
P005,H2O,Water,0,gamma,1.4799719123711648e-09,late
P005,S2_12,Sucralose,12,gamma,1.517495823608164e-09,late
P005,S2_5,Sucralose,5,gamma,1.1055370017163385e-09,late
P005,S2_7,Sucralose,7,gamma,1.6125938860413912e-09,late
P006,S2_12,Sucralose,12,delta,1.3949395689216455e-10,late
P006,H2O,Water,0,delta,6.118013982017325e-10,late
P006,S2_7,Sucralose,7,delta,2.3495120546651833e-10,late
P006,S1_5,Sucrose,5,delta,2.7947720355399436e-10,late
P006,S2_5,Sucralose,5,delta,2.4690536932505705e-10,late
P006,S1_7,Sucrose,7,delta,4.1408316699015015e-10,late
P006,S1_12,Sucrose,12,delta,2.8013034902073257e-10,late
P006,S1_12,Sucrose,12,delta,2.5510910340996526e-10,late
P006,H2O,Water,0,delta,2.769161057989013e-10,late
P006,S1_7,Sucrose,7,delta,1.938249060560862e-10,late
P006,S2_5,Sucralose,5,delta,3.769198679281698e-10,late
P006,S1_5,Sucrose,5,delta,3.0424793645112007e-10,late
P006,S2_7,Sucralose,7,delta,2.2409418443166636e-10,late
P006,S2_12,Sucralose,12,delta,2.4462687854339426e-10,late
P006,S2_12,Sucralose,12,theta,1.9644178488183108e-10,late
P006,H2O,Water,0,theta,3.790293808298639e-10,late
P006,S2_7,Sucralose,7,theta,5.567807774969094e-10,late
P006,S1_5,Sucrose,5,theta,5.639602009045609e-10,late
P006,S2_5,Sucralose,5,theta,3.876992367352207e-10,late
P006,S1_7,Sucrose,7,theta,3.0863044902535313e-10,late
P006,S1_12,Sucrose,12,theta,3.7573492947580975e-10,late
P006,S1_12,Sucrose,12,theta,3.144190008293047e-10,late
P006,H2O,Water,0,theta,2.735688705685076e-10,late
P006,S1_7,Sucrose,7,theta,1.5949523265157974e-10,late
P006,S2_5,Sucralose,5,theta,3.2144239052371997e-10,late
P006,S1_5,Sucrose,5,theta,4.352171956698729e-10,late
P006,S2_7,Sucralose,7,theta,2.775244497435514e-10,late
P006,S2_12,Sucralose,12,theta,3.20931445636317e-10,late
P006,S2_12,Sucralose,12,alpha,2.8191600034997553e-10,late
P006,H2O,Water,0,alpha,5.032943272171375e-10,late
P006,S2_7,Sucralose,7,alpha,4.349708526008367e-10,late
P006,S1_5,Sucrose,5,alpha,3.635015804632515e-10,late
P006,S2_5,Sucralose,5,alpha,4.01339578008346e-10,late
P006,S1_7,Sucrose,7,alpha,2.8848294760381176e-10,late
P006,S1_12,Sucrose,12,alpha,4.875258266598391e-10,late
P006,S1_12,Sucrose,12,alpha,4.0465439584384394e-10,late
P006,H2O,Water,0,alpha,4.105098513666282e-10,late
P006,S1_7,Sucrose,7,alpha,3.7426647387748014e-10,late
P006,S2_5,Sucralose,5,alpha,5.148966313333496e-10,late
P006,S1_5,Sucrose,5,alpha,4.03384350929524e-10,late
P006,S2_7,Sucralose,7,alpha,3.9869324386143363e-10,late
P006,S2_12,Sucralose,12,alpha,3.312740250244018e-10,late
P006,S2_12,Sucralose,12,beta,1.2141806661418352e-09,late
P006,H2O,Water,0,beta,1.7479075419881375e-09,late
P006,S2_7,Sucralose,7,beta,2.4349708729384775e-09,late
P006,S1_5,Sucrose,5,beta,2.0923385823460283e-09,late
P006,S2_5,Sucralose,5,beta,1.3108465743264988e-09,late
P006,S1_7,Sucrose,7,beta,1.427963557230947e-09,late
P006,S1_12,Sucrose,12,beta,1.5483407640371293e-09,late
P006,S1_12,Sucrose,12,beta,1.1490398316981204e-09,late
P006,H2O,Water,0,beta,1.4405097420142858e-09,late
P006,S1_7,Sucrose,7,beta,1.3222675211923175e-09,late
P006,S2_5,Sucralose,5,beta,1.9191891375164607e-09,late
P006,S1_5,Sucrose,5,beta,1.8928745269055322e-09,late
P006,S2_7,Sucralose,7,beta,1.3001324457823542e-09,late
P006,S2_12,Sucralose,12,beta,1.4485728741225675e-09,late
P006,S2_12,Sucralose,12,gamma,1.1034961014622969e-09,late
P006,H2O,Water,0,gamma,1.7994273212296095e-09,late
P006,S2_7,Sucralose,7,gamma,2.3234200202774102e-09,late
P006,S1_5,Sucrose,5,gamma,1.5464540517880204e-09,late
P006,S2_5,Sucralose,5,gamma,1.3278203098983887e-09,late
P006,S1_7,Sucrose,7,gamma,1.5402712307771473e-09,late
P006,S1_12,Sucrose,12,gamma,1.3021354823603007e-09,late
P006,S1_12,Sucrose,12,gamma,9.84797908179783e-10,late
P006,H2O,Water,0,gamma,9.214544876258255e-10,late
P006,S1_7,Sucrose,7,gamma,1.076366837604433e-09,late
P006,S2_5,Sucralose,5,gamma,1.485876445745741e-09,late
P006,S1_5,Sucrose,5,gamma,2.5743718785762672e-09,late
P006,S2_7,Sucralose,7,gamma,1.3766849878757044e-09,late
P006,S2_12,Sucralose,12,gamma,1.1439157852199732e-09,late
P007,H2O,Water,0,delta,9.583250310185333e-10,late
P007,S1_5,Sucrose,5,delta,2.2897375905580025e-10,late
P007,S2_12,Sucralose,12,delta,5.589629262557887e-10,late
P007,S1_7,Sucrose,7,delta,1.5889060705392864e-10,late
P007,S2_7,Sucralose,7,delta,1.4986231570347093e-10,late
P007,S1_12,Sucrose,12,delta,5.961700229671172e-10,late
P007,S2_5,Sucralose,5,delta,5.940779790820737e-10,late
P007,H2O,Water,0,delta,2.8322384923233986e-10,late
P007,S2_5,Sucralose,5,delta,8.634381861842216e-10,late
P007,S1_12,Sucrose,12,delta,2.0336768557639803e-10,late
P007,S2_7,Sucralose,7,delta,8.105614090354522e-10,late
P007,S1_5,Sucrose,5,delta,2.614506441872162e-10,late
P007,S1_7,Sucrose,7,delta,2.927244776846339e-10,late
P007,S2_12,Sucralose,12,delta,7.646586539652129e-11,late
P007,H2O,Water,0,theta,5.234991702430182e-10,late
P007,S1_5,Sucrose,5,theta,1.6728275506163518e-10,late
P007,S2_12,Sucralose,12,theta,5.172160956061216e-10,late
P007,S1_7,Sucrose,7,theta,1.87131363607561e-10,late
P007,S2_7,Sucralose,7,theta,1.287093377272585e-10,late
P007,S1_12,Sucrose,12,theta,1.9241940733373395e-10,late
P007,S2_5,Sucralose,5,theta,3.223905514739747e-10,late
P007,H2O,Water,0,theta,7.960276703398252e-11,late
P007,S2_5,Sucralose,5,theta,4.0709960698414456e-10,late
P007,S1_12,Sucrose,12,theta,2.4210882599817383e-10,late
P007,S2_7,Sucralose,7,theta,3.287791479139014e-10,late
P007,S1_5,Sucrose,5,theta,2.3094451530096176e-10,late
P007,S1_7,Sucrose,7,theta,1.7288977982346625e-10,late
P007,S2_12,Sucralose,12,theta,1.1314099583490001e-10,late
P007,H2O,Water,0,alpha,3.635195173687474e-10,late
P007,S1_5,Sucrose,5,alpha,1.4324984598165008e-10,late
P007,S2_12,Sucralose,12,alpha,4.255069188955118e-10,late
P007,S1_7,Sucrose,7,alpha,2.1092915742167717e-10,late
P007,S2_7,Sucralose,7,alpha,1.38103898694411e-10,late
P007,S1_12,Sucrose,12,alpha,2.2538123795457885e-10,late
P007,S2_5,Sucralose,5,alpha,2.3151537085904516e-10,late
P007,H2O,Water,0,alpha,1.396219552081087e-10,late
P007,S2_5,Sucralose,5,alpha,3.2627153082886045e-10,late
P007,S1_12,Sucrose,12,alpha,3.2743281833480367e-10,late
P007,S2_7,Sucralose,7,alpha,3.118706174806509e-10,late
P007,S1_5,Sucrose,5,alpha,3.7131585489422677e-10,late
P007,S1_7,Sucrose,7,alpha,2.1020412547744511e-10,late
P007,S2_12,Sucralose,12,alpha,1.0766542853360973e-10,late
P007,H2O,Water,0,beta,1.5844859569292212e-09,late
P007,S1_5,Sucrose,5,beta,4.882588934940862e-10,late
P007,S2_12,Sucralose,12,beta,1.5171817311746146e-09,late
P007,S1_7,Sucrose,7,beta,9.838203741940704e-10,late
P007,S2_7,Sucralose,7,beta,6.344576668406513e-10,late
P007,S1_12,Sucrose,12,beta,1.2590303906980476e-09,late
P007,S2_5,Sucralose,5,beta,9.71454924870681e-10,late
P007,H2O,Water,0,beta,6.702298000813854e-10,late
P007,S2_5,Sucralose,5,beta,1.3100751126980285e-09,late
P007,S1_12,Sucrose,12,beta,1.3902306927697672e-09,late
P007,S2_7,Sucralose,7,beta,1.3475241681445955e-09,late
P007,S1_5,Sucrose,5,beta,9.198192159485144e-10,late
P007,S1_7,Sucrose,7,beta,7.269183233842188e-10,late
P007,S2_12,Sucralose,12,beta,8.07289998311655e-10,late
P007,H2O,Water,0,gamma,1.0886301086190491e-09,late
P007,S1_5,Sucrose,5,gamma,4.4870948313678774e-10,late
P007,S2_12,Sucralose,12,gamma,1.3230380803150979e-09,late
P007,S1_7,Sucrose,7,gamma,8.014420167808564e-10,late
P007,S2_7,Sucralose,7,gamma,3.9459955348595714e-10,late
P007,S1_12,Sucrose,12,gamma,9.158408901660739e-10,late
P007,S2_5,Sucralose,5,gamma,5.932846425343946e-10,late
P007,H2O,Water,0,gamma,5.439072866667523e-10,late
P007,S2_5,Sucralose,5,gamma,9.096687802218708e-10,late
P007,S1_12,Sucrose,12,gamma,1.0371453118621857e-09,late
P007,S2_7,Sucralose,7,gamma,1.138088322683113e-09,late
P007,S1_5,Sucrose,5,gamma,7.841700703439171e-10,late
P007,S1_7,Sucrose,7,gamma,6.975823310241048e-10,late
P007,S2_12,Sucralose,12,gamma,6.189165347789116e-10,late
P008,S2_7,Sucralose,7,delta,1.363861960084851e-10,late
P008,S2_5,Sucralose,5,delta,1.934804563276028e-10,late
P008,S2_12,Sucralose,12,delta,1.528264015300241e-10,late
P008,S1_12,Sucrose,12,delta,1.1534571225353568e-10,late
P008,H2O,Water,0,delta,2.9305484258751865e-10,late
P008,S1_7,Sucrose,7,delta,2.1295166254267966e-10,late
P008,S1_5,Sucrose,5,delta,5.308989026964729e-10,late
P008,S1_7,Sucrose,7,delta,1.5147525200763578e-10,late
P008,S1_5,Sucrose,5,delta,3.506432873791028e-10,late
P008,S1_12,Sucrose,12,delta,1.7997108419265252e-10,late
P008,S2_12,Sucralose,12,delta,2.9325318657561525e-10,late
P008,H2O,Water,0,delta,2.410277350400661e-10,late
P008,S2_7,Sucralose,7,delta,2.6297818294125937e-10,late
P008,S2_5,Sucralose,5,delta,2.645154405345898e-10,late
P008,S2_7,Sucralose,7,theta,1.9359159497583293e-10,late
P008,S2_5,Sucralose,5,theta,2.3766460185937717e-10,late
P008,S2_12,Sucralose,12,theta,2.2147341313275237e-10,late
P008,S1_12,Sucrose,12,theta,2.3988670221417645e-10,late
P008,H2O,Water,0,theta,2.332894097353866e-10,late
P008,S1_7,Sucrose,7,theta,3.5804939541466596e-10,late
P008,S1_5,Sucrose,5,theta,7.295262710167105e-10,late
P008,S1_7,Sucrose,7,theta,2.789778770751293e-10,late
P008,S1_5,Sucrose,5,theta,3.2912948397592053e-10,late
P008,S1_12,Sucrose,12,theta,2.6647480858028705e-10,late
P008,S2_12,Sucralose,12,theta,3.0150706179449333e-10,late
P008,H2O,Water,0,theta,2.3302989229938033e-10,late
P008,S2_7,Sucralose,7,theta,2.286693423347062e-10,late
P008,S2_5,Sucralose,5,theta,4.086825985981323e-10,late
P008,S2_7,Sucralose,7,alpha,2.2979110083107878e-10,late
P008,S2_5,Sucralose,5,alpha,3.119343544296047e-10,late
P008,S2_12,Sucralose,12,alpha,2.476132485133684e-10,late
P008,S1_12,Sucrose,12,alpha,1.737386219910557e-10,late
P008,H2O,Water,0,alpha,3.8671073975437444e-10,late
P008,S1_7,Sucrose,7,alpha,5.973940490869576e-10,late
P008,S1_5,Sucrose,5,alpha,9.998553040333232e-10,late
P008,S1_7,Sucrose,7,alpha,4.132762481669289e-10,late
P008,S1_5,Sucrose,5,alpha,4.4571331647289805e-10,late
P008,S1_12,Sucrose,12,alpha,2.827838854766711e-10,late
P008,S2_12,Sucralose,12,alpha,4.4161106059982553e-10,late
P008,H2O,Water,0,alpha,3.640107012084784e-10,late
P008,S2_7,Sucralose,7,alpha,4.0646097856769974e-10,late
P008,S2_5,Sucralose,5,alpha,3.845533953956546e-10,late
P008,S2_7,Sucralose,7,beta,9.521601519113497e-10,late
P008,S2_5,Sucralose,5,beta,1.2667857365123236e-09,late
P008,S2_12,Sucralose,12,beta,9.430659988621933e-10,late
P008,S1_12,Sucrose,12,beta,7.952870695498655e-10,late
P008,H2O,Water,0,beta,1.4023904110222421e-09,late
P008,S1_7,Sucrose,7,beta,1.8944584105572367e-09,late
P008,S1_5,Sucrose,5,beta,2.6386263305635296e-09,late
P008,S1_7,Sucrose,7,beta,2.0152417100675684e-09,late
P008,S1_5,Sucrose,5,beta,1.4634286514601086e-09,late
P008,S1_12,Sucrose,12,beta,1.2502415403375206e-09,late
P008,S2_12,Sucralose,12,beta,1.453709968798369e-09,late
P008,H2O,Water,0,beta,1.3601265788600004e-09,late
P008,S2_7,Sucralose,7,beta,1.4246602530073967e-09,late
P008,S2_5,Sucralose,5,beta,1.8869001012948824e-09,late
P008,S2_7,Sucralose,7,gamma,6.714148868603808e-10,late
P008,S2_5,Sucralose,5,gamma,8.630689179613196e-10,late
P008,S2_12,Sucralose,12,gamma,7.597159199459065e-10,late
P008,S1_12,Sucrose,12,gamma,7.89476612925278e-10,late
P008,H2O,Water,0,gamma,1.0940486378441104e-09,late
P008,S1_7,Sucrose,7,gamma,1.240895031378522e-09,late
P008,S1_5,Sucrose,5,gamma,2.3302840847373394e-09,late
P008,S1_7,Sucrose,7,gamma,1.9745132814870393e-09,late
P008,S1_5,Sucrose,5,gamma,1.662821731706736e-09,late
P008,S1_12,Sucrose,12,gamma,1.017886490816684e-09,late
P008,S2_12,Sucralose,12,gamma,1.2445144863260893e-09,late
P008,H2O,Water,0,gamma,8.638475084220189e-10,late
P008,S2_7,Sucralose,7,gamma,1.345412445319654e-09,late
P008,S2_5,Sucralose,5,gamma,1.734613068045034e-09,late
P009,S2_12,Sucralose,12,delta,6.191190207818263e-10,late
P009,S2_7,Sucralose,7,delta,3.7404840965817476e-10,late
P009,H2O,Water,0,delta,3.7554553907631775e-10,late
P009,S2_5,Sucralose,5,delta,2.953638511383203e-10,late
P009,S1_5,Sucrose,5,delta,3.5748706769916016e-10,late
P009,S1_12,Sucrose,12,delta,5.827135010605273e-10,late
P009,S1_7,Sucrose,7,delta,1.3263361646539275e-09,late
P009,S1_12,Sucrose,12,delta,3.7849180198067783e-10,late
P009,S1_7,Sucrose,7,delta,3.4099111074574376e-10,late
P009,H2O,Water,0,delta,1.5530798000230993e-09,late
P009,S1_5,Sucrose,5,delta,8.326946573896214e-10,late
P009,S2_5,Sucralose,5,delta,2.1770358528069203e-10,late
P009,S2_12,Sucralose,12,delta,1.1791587827908572e-09,late
P009,S2_7,Sucralose,7,delta,4.145457147581253e-10,late
P009,S2_12,Sucralose,12,theta,3.360768340278343e-10,late
P009,S2_7,Sucralose,7,theta,2.9556081656532906e-10,late
P009,H2O,Water,0,theta,1.648905770955747e-10,late
P009,S2_5,Sucralose,5,theta,3.0450472331436834e-10,late
P009,S1_5,Sucrose,5,theta,2.5401361028727883e-10,late
P009,S1_12,Sucrose,12,theta,4.902456682183657e-10,late
P009,S1_7,Sucrose,7,theta,8.450038419239801e-10,late
P009,S1_12,Sucrose,12,theta,1.800543024429352e-10,late
P009,S1_7,Sucrose,7,theta,1.502293371503533e-10,late
P009,H2O,Water,0,theta,2.812833218570934e-10,late
P009,S1_5,Sucrose,5,theta,2.902114140993606e-10,late
P009,S2_5,Sucralose,5,theta,3.88593812406523e-10,late
P009,S2_12,Sucralose,12,theta,4.1878350487707644e-10,late
P009,S2_7,Sucralose,7,theta,2.1619323528570063e-10,late
P009,S2_12,Sucralose,12,alpha,3.1575741338665185e-10,late
P009,S2_7,Sucralose,7,alpha,2.474302292593457e-10,late
P009,H2O,Water,0,alpha,2.0621452689882735e-10,late
P009,S2_5,Sucralose,5,alpha,3.620928010853745e-10,late
P009,S1_5,Sucrose,5,alpha,3.2420574214066775e-10,late
P009,S1_12,Sucrose,12,alpha,4.814340978754733e-10,late
P009,S1_7,Sucrose,7,alpha,5.575488812595802e-10,late
P009,S1_12,Sucrose,12,alpha,3.8774576623131085e-10,late
P009,S1_7,Sucrose,7,alpha,1.2938883824234233e-10,late
P009,H2O,Water,0,alpha,4.230083737432904e-10,late
P009,S1_5,Sucrose,5,alpha,3.185062052485977e-10,late
P009,S2_5,Sucralose,5,alpha,3.8861140405198217e-10,late
P009,S2_12,Sucralose,12,alpha,3.2473120287307e-10,late
P009,S2_7,Sucralose,7,alpha,2.0385976610191536e-10,late
P009,S2_12,Sucralose,12,beta,1.1097074660861637e-09,late
P009,S2_7,Sucralose,7,beta,9.346878736726381e-10,late
P009,H2O,Water,0,beta,5.940253601820145e-10,late
P009,S2_5,Sucralose,5,beta,7.789830421611385e-10,late
P009,S1_5,Sucrose,5,beta,9.844004743858508e-10,late
P009,S1_12,Sucrose,12,beta,1.469274806977888e-09,late
P009,S1_7,Sucrose,7,beta,1.9277515500924752e-09,late
P009,S1_12,Sucrose,12,beta,1.0321641146168904e-09,late
P009,S1_7,Sucrose,7,beta,8.878525248261883e-10,late
P009,H2O,Water,0,beta,1.7539949735207213e-09,late
P009,S1_5,Sucrose,5,beta,1.2791604323639912e-09,late
P009,S2_5,Sucralose,5,beta,1.2897163521195102e-09,late
P009,S2_12,Sucralose,12,beta,1.4161165892212e-09,late
P009,S2_7,Sucralose,7,beta,7.477593120834386e-10,late
P009,S2_12,Sucralose,12,gamma,1.1665974628372776e-09,late
P009,S2_7,Sucralose,7,gamma,1.01688440550166e-09,late
P009,H2O,Water,0,gamma,5.679717412133819e-10,late
P009,S2_5,Sucralose,5,gamma,7.604556271710379e-10,late
P009,S1_5,Sucrose,5,gamma,7.481573925270432e-10,late
P009,S1_12,Sucrose,12,gamma,1.3883775981969208e-09,late
P009,S1_7,Sucrose,7,gamma,1.3156235637708254e-09,late
P009,S1_12,Sucrose,12,gamma,9.260246100015273e-10,late
P009,S1_7,Sucrose,7,gamma,4.4954491699460797e-10,late
P009,H2O,Water,0,gamma,1.2557329666025572e-09,late
P009,S1_5,Sucrose,5,gamma,7.246837834587623e-10,late
P009,S2_5,Sucralose,5,gamma,1.1984603081965158e-09,late
P009,S2_12,Sucralose,12,gamma,1.39898751601143e-09,late
P009,S2_7,Sucralose,7,gamma,5.41359200458366e-10,late
P010,H2O,Water,0,delta,4.387259422154221e-10,late
P010,S2_12,Sucralose,12,delta,2.29988238071358e-10,late
P010,S1_5,Sucrose,5,delta,5.532146524798953e-10,late
P010,S2_7,Sucralose,7,delta,3.1229085276529956e-10,late
P010,S1_7,Sucrose,7,delta,1.2303457897714965e-10,late
P010,S2_5,Sucralose,5,delta,3.164079078207899e-10,late
P010,S1_12,Sucrose,12,delta,2.6178266772811164e-10,late
P010,H2O,Water,0,delta,1.0378687358482854e-10,late
P010,S1_12,Sucrose,12,delta,2.6673243775711567e-10,late
P010,S2_5,Sucralose,5,delta,4.1055731182152294e-10,late
P010,S1_7,Sucrose,7,delta,2.0974161608042943e-10,late
P010,S2_7,Sucralose,7,delta,5.318329656949797e-10,late
P010,S1_5,Sucrose,5,delta,2.147456358236948e-10,late
P010,S2_12,Sucralose,12,delta,9.667854556922181e-11,late
P010,H2O,Water,0,theta,3.8418684671690596e-10,late
P010,S2_12,Sucralose,12,theta,3.585616167553039e-10,late
P010,S1_5,Sucrose,5,theta,2.9881448526917207e-10,late
P010,S2_7,Sucralose,7,theta,3.253220578581752e-10,late
P010,S1_7,Sucrose,7,theta,1.803977932974362e-10,late
P010,S2_5,Sucralose,5,theta,4.6122089353305577e-10,late
P010,S1_12,Sucrose,12,theta,4.728709864674099e-10,late
P010,H2O,Water,0,theta,1.3131648999437894e-10,late
P010,S1_12,Sucrose,12,theta,1.708302959714072e-10,late
P010,S2_5,Sucralose,5,theta,4.184725159370661e-10,late
P010,S1_7,Sucrose,7,theta,8.984296644942523e-11,late
P010,S2_7,Sucralose,7,theta,2.745329908825657e-10,late
P010,S1_5,Sucrose,5,theta,2.6388875447587137e-10,late
P010,S2_12,Sucralose,12,theta,3.0595475699247466e-10,late
P010,H2O,Water,0,alpha,3.467172224362446e-10,late
P010,S2_12,Sucralose,12,alpha,3.482293310534084e-10,late
P010,S1_5,Sucrose,5,alpha,1.8313024728933867e-10,late
P010,S2_7,Sucralose,7,alpha,3.0389683344772053e-10,late
P010,S1_7,Sucrose,7,alpha,2.1164046217296463e-10,late
P010,S2_5,Sucralose,5,alpha,3.424472888376047e-10,late
P010,S1_12,Sucrose,12,alpha,3.638597491551081e-10,late
P010,H2O,Water,0,alpha,1.2755728829934183e-10,late
P010,S1_12,Sucrose,12,alpha,1.3604608167929415e-10,late
P010,S2_5,Sucralose,5,alpha,3.7765621380697685e-10,late
P010,S1_7,Sucrose,7,alpha,1.4336923769337997e-10,late
P010,S2_7,Sucralose,7,alpha,1.8411111912392536e-10,late
P010,S1_5,Sucrose,5,alpha,3.107316469530798e-10,late
P010,S2_12,Sucralose,12,alpha,1.6627839732738495e-10,late
P010,H2O,Water,0,beta,1.3317070885137051e-09,late
P010,S2_12,Sucralose,12,beta,1.9375479197131214e-09,late
P010,S1_5,Sucrose,5,beta,1.3448320749161963e-09,late
P010,S2_7,Sucralose,7,beta,1.291828254963833e-09,late
P010,S1_7,Sucrose,7,beta,1.3152460684567424e-09,late
P010,S2_5,Sucralose,5,beta,1.7916800753220609e-09,late
P010,S1_12,Sucrose,12,beta,1.2864450065380462e-09,late
P010,H2O,Water,0,beta,6.06452786864786e-10,late
P010,S1_12,Sucrose,12,beta,1.1192606883068369e-09,late
P010,S2_5,Sucralose,5,beta,1.469645737544765e-09,late
P010,S1_7,Sucrose,7,beta,7.498604645419529e-10,late
P010,S2_7,Sucralose,7,beta,1.082662439389565e-09,late
P010,S1_5,Sucrose,5,beta,1.1245695201707554e-09,late
P010,S2_12,Sucralose,12,beta,1.0523389743055116e-09,late
P010,H2O,Water,0,gamma,1.3242373688948563e-09,late
P010,S2_12,Sucralose,12,gamma,1.2215371082082712e-09,late
P010,S1_5,Sucrose,5,gamma,9.790079770741799e-10,late
P010,S2_7,Sucralose,7,gamma,1.2464932441296033e-09,late
P010,S1_7,Sucrose,7,gamma,1.1504885674428128e-09,late
P010,S2_5,Sucralose,5,gamma,1.2383357629209141e-09,late
P010,S1_12,Sucrose,12,gamma,1.0872560003685704e-09,late
P010,H2O,Water,0,gamma,6.173216589971706e-10,late
P010,S1_12,Sucrose,12,gamma,9.367919387932613e-10,late
P010,S2_5,Sucralose,5,gamma,1.2402876239612526e-09,late
P010,S1_7,Sucrose,7,gamma,7.585733307002428e-10,late
P010,S2_7,Sucralose,7,gamma,8.952577947992433e-10,late
P010,S1_5,Sucrose,5,gamma,1.072213555111937e-09,late
P010,S2_12,Sucralose,12,gamma,8.139851278710318e-10,late
P011,S1_5,Sucrose,5,delta,5.055823669794486e-10,late
P011,H2O,Water,0,delta,5.333199595037491e-10,late
P011,S1_7,Sucrose,7,delta,1.1412964418344263e-09,late
P011,S2_12,Sucralose,12,delta,3.461139582588832e-09,late
P011,S1_12,Sucrose,12,delta,9.701426130714465e-10,late
P011,S2_7,Sucralose,7,delta,5.278635307568987e-09,late
P011,S2_5,Sucralose,5,delta,6.118161544302222e-10,late
P011,S2_5,Sucralose,5,delta,1.215789152888e-09,late
P011,H2O,Water,0,delta,1.1678385590164318e-09,late
P011,S2_7,Sucralose,7,delta,2.410951571370225e-10,late
P011,S1_12,Sucrose,12,delta,1.777022285065782e-09,late
P011,S2_12,Sucralose,12,delta,5.166939624723187e-10,late
P011,S1_7,Sucrose,7,delta,9.52297364405464e-10,late
P011,S1_5,Sucrose,5,delta,4.952604862421209e-10,late
P011,S1_5,Sucrose,5,theta,3.120263194082095e-10,late
P011,H2O,Water,0,theta,8.853845818762378e-10,late
P011,S1_7,Sucrose,7,theta,8.884580082790101e-10,late
P011,S2_12,Sucralose,12,theta,9.490656493250814e-10,late
P011,S1_12,Sucrose,12,theta,8.835952222264825e-10,late
P011,S2_7,Sucralose,7,theta,2.0655069799117717e-09,late
P011,S2_5,Sucralose,5,theta,9.42397255474936e-10,late
P011,S2_5,Sucralose,5,theta,4.428307995671116e-10,late
P011,H2O,Water,0,theta,5.188019026261039e-10,late
P011,S2_7,Sucralose,7,theta,4.661260641362484e-10,late
P011,S1_12,Sucrose,12,theta,2.0404473575037597e-09,late
P011,S2_12,Sucralose,12,theta,6.587844591989746e-10,late
P011,S1_7,Sucrose,7,theta,7.278063411897661e-10,late
P011,S1_5,Sucrose,5,theta,6.666198295794361e-10,late
P011,S1_5,Sucrose,5,alpha,7.110643537382242e-10,late
P011,H2O,Water,0,alpha,9.257732861377377e-10,late
P011,S1_7,Sucrose,7,alpha,1.4025047765746218e-09,late
P011,S2_12,Sucralose,12,alpha,8.386332702058124e-10,late
P011,S1_12,Sucrose,12,alpha,8.22853990252643e-10,late
P011,S2_7,Sucralose,7,alpha,9.91072730670165e-10,late
P011,S2_5,Sucralose,5,alpha,6.953505209271546e-10,late
P011,S2_5,Sucralose,5,alpha,4.0225078713869017e-10,late
P011,H2O,Water,0,alpha,3.973399881351851e-10,late
P011,S2_7,Sucralose,7,alpha,5.550629332811781e-10,late
P011,S1_12,Sucrose,12,alpha,1.38661125574042e-09,late
P011,S2_12,Sucralose,12,alpha,9.950846044965638e-10,late
P011,S1_7,Sucrose,7,alpha,7.316655259421051e-10,late
P011,S1_5,Sucrose,5,alpha,8.20810375373906e-10,late
P011,S1_5,Sucrose,5,beta,1.763405405356846e-09,late
P011,H2O,Water,0,beta,2.134300398012505e-09,late
P011,S1_7,Sucrose,7,beta,3.321193278188759e-09,late
P011,S2_12,Sucralose,12,beta,1.7640556695662781e-09,late
P011,S1_12,Sucrose,12,beta,2.1800499494297426e-09,late
P011,S2_7,Sucralose,7,beta,2.30680427985226e-09,late
P011,S2_5,Sucralose,5,beta,1.9618686745694247e-09,late
P011,S2_5,Sucralose,5,beta,1.1115171388040788e-09,late
P011,H2O,Water,0,beta,1.4263837603569938e-09,late
P011,S2_7,Sucralose,7,beta,2.5215291774502647e-09,late
P011,S1_12,Sucrose,12,beta,2.0196758843538813e-09,late
P011,S2_12,Sucralose,12,beta,1.443291492851711e-09,late
P011,S1_7,Sucrose,7,beta,1.4105472165242843e-09,late
P011,S1_5,Sucrose,5,beta,1.8219381335446118e-09,late
P011,S1_5,Sucrose,5,gamma,1.3062891609885923e-09,late
P011,H2O,Water,0,gamma,1.695723609022368e-09,late
P011,S1_7,Sucrose,7,gamma,1.8723342704792338e-09,late
P011,S2_12,Sucralose,12,gamma,1.2629903431107838e-09,late
P011,S1_12,Sucrose,12,gamma,1.6814600435864581e-09,late
P011,S2_7,Sucralose,7,gamma,1.465927710870812e-09,late
P011,S2_5,Sucralose,5,gamma,1.470078887990988e-09,late
P011,S2_5,Sucralose,5,gamma,1.3423766718364937e-09,late
P011,H2O,Water,0,gamma,1.2858132334543048e-09,late
P011,S2_7,Sucralose,7,gamma,1.7436173346122922e-09,late
P011,S1_12,Sucrose,12,gamma,1.6603591457780178e-09,late
P011,S2_12,Sucralose,12,gamma,1.3478920936729565e-09,late
P011,S1_7,Sucrose,7,gamma,1.3570649417776353e-09,late
P011,S1_5,Sucrose,5,gamma,1.46729375631168e-09,late
P012,S1_7,Sucrose,7,delta,1.097251375106634e-09,late
P012,S1_5,Sucrose,5,delta,3.079192947594133e-10,late
P012,S1_12,Sucrose,12,delta,1.8871214623196264e-10,late
P012,H2O,Water,0,delta,2.2345902933263512e-10,late
P012,S2_5,Sucralose,5,delta,5.671033262407378e-10,late
P012,S2_12,Sucralose,12,delta,3.7092749315237727e-10,late
P012,S2_7,Sucralose,7,delta,6.26883476563066e-10,late
P012,S2_5,Sucralose,5,delta,7.111201360110781e-10,late
P012,S2_12,Sucralose,12,delta,3.6472693297061037e-10,late
P012,H2O,Water,0,delta,2.7889098429921393e-10,late
P012,S1_5,Sucrose,5,delta,3.108501021357704e-10,late
P012,S1_12,Sucrose,12,delta,2.2001823538193193e-10,late
P012,S1_7,Sucrose,7,delta,5.370942317270233e-10,late
P012,S1_7,Sucrose,7,theta,5.07707173016527e-10,late
P012,S1_5,Sucrose,5,theta,4.577907358729957e-10,late
P012,S1_12,Sucrose,12,theta,2.3644606218693616e-10,late
P012,H2O,Water,0,theta,3.3682411496215174e-10,late
P012,S2_5,Sucralose,5,theta,6.764121702414831e-10,late
P012,S2_12,Sucralose,12,theta,4.692520232487973e-10,late
P012,S2_7,Sucralose,7,theta,3.071908648702981e-10,late
P012,S2_5,Sucralose,5,theta,3.734115232804969e-10,late
P012,S2_12,Sucralose,12,theta,3.5477225097551064e-10,late
P012,H2O,Water,0,theta,2.758816539944637e-10,late
P012,S1_5,Sucrose,5,theta,1.784766252155144e-10,late
P012,S1_12,Sucrose,12,theta,2.2568738375948143e-10,late
P012,S1_7,Sucrose,7,theta,4.2680731841918227e-10,late
P012,S1_7,Sucrose,7,alpha,4.713948204068358e-10,late
P012,S1_5,Sucrose,5,alpha,5.895754751868967e-10,late
P012,S1_12,Sucrose,12,alpha,2.7022968904435014e-10,late
P012,H2O,Water,0,alpha,4.225703276797823e-10,late
P012,S2_5,Sucralose,5,alpha,7.439029948005846e-10,late
P012,S2_12,Sucralose,12,alpha,4.179271123622029e-10,late
P012,S2_7,Sucralose,7,alpha,2.48722356355778e-10,late
P012,S2_5,Sucralose,5,alpha,9.447981443576208e-10,late
P012,S2_12,Sucralose,12,alpha,3.7954651896636416e-10,late
P012,H2O,Water,0,alpha,5.009446247890724e-10,late
P012,S1_5,Sucrose,5,alpha,6.029511594050467e-10,late
P012,S1_12,Sucrose,12,alpha,2.398672227582491e-10,late
P012,S1_7,Sucrose,7,alpha,5.231019092644457e-10,late
P012,S1_7,Sucrose,7,beta,1.463404458836503e-09,late
P012,S1_5,Sucrose,5,beta,1.7934132971388996e-09,late
P012,S1_12,Sucrose,12,beta,1.19887753866617e-09,late
P012,H2O,Water,0,beta,1.2095247637894596e-09,late
P012,S2_5,Sucralose,5,beta,1.7509940075372941e-09,late
P012,S2_12,Sucralose,12,beta,2.1305362691714075e-09,late
P012,S2_7,Sucralose,7,beta,9.830754818272558e-10,late
P012,S2_5,Sucralose,5,beta,1.058777652663976e-09,late
P012,S2_12,Sucralose,12,beta,1.2589852391439821e-09,late
P012,H2O,Water,0,beta,8.53373200309928e-10,late
P012,S1_5,Sucrose,5,beta,1.2259210261360428e-09,late
P012,S1_12,Sucrose,12,beta,1.575050047406784e-09,late
P012,S1_7,Sucrose,7,beta,1.4244167431196872e-09,late
P012,S1_7,Sucrose,7,gamma,1.2605901595408326e-09,late
P012,S1_5,Sucrose,5,gamma,1.2542947190229967e-09,late
P012,S1_12,Sucrose,12,gamma,1.3844924753685474e-09,late
P012,H2O,Water,0,gamma,1.3260067650342856e-09,late
P012,S2_5,Sucralose,5,gamma,1.6918965348511196e-09,late
P012,S2_12,Sucralose,12,gamma,1.5011795672932803e-09,late
P012,S2_7,Sucralose,7,gamma,1.009857322688972e-09,late
P012,S2_5,Sucralose,5,gamma,8.52352624908169e-10,late
P012,S2_12,Sucralose,12,gamma,1.1179980838414764e-09,late
P012,H2O,Water,0,gamma,6.711302615424533e-10,late
P012,S1_5,Sucrose,5,gamma,1.430136082649676e-09,late
P012,S1_12,Sucrose,12,gamma,1.4874250059301508e-09,late
P012,S1_7,Sucrose,7,gamma,1.6213341977814533e-09,late
P014,S2_5,Sucralose,5,delta,1.4669811282805374e-10,late
P014,S1_12,Sucrose,12,delta,1.351407596604333e-10,late
P014,S2_7,Sucralose,7,delta,7.025267541225212e-11,late
P014,S1_7,Sucrose,7,delta,4.2703224644670266e-11,late
P014,S2_12,Sucralose,12,delta,1.0681504896523621e-10,late
P014,S1_5,Sucrose,5,delta,6.19660432276692e-10,late
P014,H2O,Water,0,delta,2.4819619346973555e-10,late
P014,S1_5,Sucrose,5,delta,4.256309695567294e-11,late
P014,S2_12,Sucralose,12,delta,5.991067329887645e-10,late
P014,S1_7,Sucrose,7,delta,3.2410509459564713e-10,late
P014,S2_7,Sucralose,7,delta,2.5038916582951694e-10,late
P014,S1_12,Sucrose,12,delta,2.5686315925464714e-10,late
P014,S2_5,Sucralose,5,delta,3.353821187354368e-10,late
P014,H2O,Water,0,delta,2.6740135285639284e-10,late
P014,S2_5,Sucralose,5,theta,9.656145644647845e-11,late
P014,S1_12,Sucrose,12,theta,1.147228949578972e-10,late
P014,S2_7,Sucralose,7,theta,8.627600667861684e-11,late
P014,S1_7,Sucrose,7,theta,3.201645120792602e-11,late
P014,S2_12,Sucralose,12,theta,1.381913705466972e-10,late
P014,S1_5,Sucrose,5,theta,3.885373921808762e-10,late
P014,H2O,Water,0,theta,3.745132138473684e-10,late
P014,S1_5,Sucrose,5,theta,4.129848865715747e-11,late
P014,S2_12,Sucralose,12,theta,2.9598451484754813e-10,late
P014,S1_7,Sucrose,7,theta,2.3147008516845577e-10,late
P014,S2_7,Sucralose,7,theta,1.9549649904351988e-10,late
P014,S1_12,Sucrose,12,theta,3.152053133617946e-10,late
P014,S2_5,Sucralose,5,theta,2.0625884489177558e-10,late
P014,H2O,Water,0,theta,2.4519333751263936e-10,late
P014,S2_5,Sucralose,5,alpha,3.2011803017284015e-10,late
P014,S1_12,Sucrose,12,alpha,2.298015106824772e-10,late
P014,S2_7,Sucralose,7,alpha,9.6661839169856e-11,late
P014,S1_7,Sucrose,7,alpha,9.613437630014717e-11,late
P014,S2_12,Sucralose,12,alpha,2.4937583708348694e-10,late
P014,S1_5,Sucrose,5,alpha,3.9639051946707995e-10,late
P014,H2O,Water,0,alpha,3.600551433813521e-10,late
P014,S1_5,Sucrose,5,alpha,5.581842508320845e-11,late
P014,S2_12,Sucralose,12,alpha,4.888460914117422e-10,late
P014,S1_7,Sucrose,7,alpha,2.9673575628503176e-10,late
P014,S2_7,Sucralose,7,alpha,1.6885981008181316e-10,late
P014,S1_12,Sucrose,12,alpha,3.576187194954931e-10,late
P014,S2_5,Sucralose,5,alpha,2.4074377390032857e-10,late
P014,H2O,Water,0,alpha,3.379457678312898e-10,late
P014,S2_5,Sucralose,5,beta,9.124305342740741e-10,late
P014,S1_12,Sucrose,12,beta,9.71753752824028e-10,late
P014,S2_7,Sucralose,7,beta,5.426644081683527e-10,late
P014,S1_7,Sucrose,7,beta,3.4642302931809105e-10,late
P014,S2_12,Sucralose,12,beta,4.180261840748792e-10,late
P014,S1_5,Sucrose,5,beta,1.0621649536648679e-09,late
P014,H2O,Water,0,beta,1.1498838271384014e-09,late
P014,S1_5,Sucrose,5,beta,1.382640156324593e-10,late
P014,S2_12,Sucralose,12,beta,1.8959632659456053e-09,late
P014,S1_7,Sucrose,7,beta,1.1042860973713868e-09,late
P014,S2_7,Sucralose,7,beta,9.39067727461689e-10,late
P014,S1_12,Sucrose,12,beta,1.2827929918583104e-09,late
P014,S2_5,Sucralose,5,beta,9.081003921930169e-10,late
P014,H2O,Water,0,beta,1.2220482136946055e-09,late
P014,S2_5,Sucralose,5,gamma,9.517499121345064e-10,late
P014,S1_12,Sucrose,12,gamma,9.627380123008103e-10,late
P014,S2_7,Sucralose,7,gamma,3.456070710223001e-10,late
P014,S1_7,Sucrose,7,gamma,2.1947707374434425e-10,late
P014,S2_12,Sucralose,12,gamma,5.45302828235021e-10,late
P014,S1_5,Sucrose,5,gamma,1.053279226947698e-09,late
P014,H2O,Water,0,gamma,1.3892471759753755e-09,late
P014,S1_5,Sucrose,5,gamma,1.4766805186532683e-10,late
P014,S2_12,Sucralose,12,gamma,2.0658571105535595e-09,late
P014,S1_7,Sucrose,7,gamma,8.523019607713162e-10,late
P014,S2_7,Sucralose,7,gamma,7.048837488594576e-10,late
P014,S1_12,Sucrose,12,gamma,1.1014368380346191e-09,late
P014,S2_5,Sucralose,5,gamma,8.705865324900285e-10,late
P014,H2O,Water,0,gamma,1.1585807469291037e-09,late
P015,S1_5,Sucrose,5,delta,1.0265065158717684e-10,late
P015,S1_7,Sucrose,7,delta,4.815550555015654e-10,late
P015,H2O,Water,0,delta,1.772575976512145e-10,late
P015,S1_12,Sucrose,12,delta,4.224174160384305e-10,late
P015,S2_12,Sucralose,12,delta,5.793004770464461e-10,late
P015,S2_5,Sucralose,5,delta,4.1498902195282677e-10,late
P015,S2_7,Sucralose,7,delta,9.04950927612365e-10,late
P015,S2_5,Sucralose,5,delta,2.0722884185813973e-09,late
P015,S2_7,Sucralose,7,delta,6.364439787491555e-10,late
P015,H2O,Water,0,delta,8.52396028181919e-10,late
P015,S2_12,Sucralose,12,delta,2.4112398325815353e-10,late
P015,S1_12,Sucrose,12,delta,6.118870655647271e-10,late
P015,S1_5,Sucrose,5,delta,5.340090274600486e-10,late
P015,S1_7,Sucrose,7,delta,4.958181612703773e-10,late
P015,S1_5,Sucrose,5,theta,1.8143962333505547e-10,late
P015,S1_7,Sucrose,7,theta,3.423608348435462e-10,late
P015,H2O,Water,0,theta,1.9696485115164516e-10,late
P015,S1_12,Sucrose,12,theta,2.5884592928966775e-10,late
P015,S2_12,Sucralose,12,theta,3.0745806590425436e-10,late
P015,S2_5,Sucralose,5,theta,2.294558190223506e-10,late
P015,S2_7,Sucralose,7,theta,2.6720733437692116e-10,late
P015,S2_5,Sucralose,5,theta,5.037433352831911e-10,late
P015,S2_7,Sucralose,7,theta,2.68575964501279e-10,late
P015,H2O,Water,0,theta,2.532377558183898e-10,late
P015,S2_12,Sucralose,12,theta,3.502707140959096e-10,late
P015,S1_12,Sucrose,12,theta,4.741501482697634e-10,late
P015,S1_5,Sucrose,5,theta,3.6748804733805735e-10,late
P015,S1_7,Sucrose,7,theta,2.745615600459623e-10,late
P015,S1_5,Sucrose,5,alpha,1.176610165707547e-10,late
P015,S1_7,Sucrose,7,alpha,4.1855145029542953e-10,late
P015,H2O,Water,0,alpha,2.951937034111158e-10,late
P015,S1_12,Sucrose,12,alpha,3.675544171268489e-10,late
P015,S2_12,Sucralose,12,alpha,2.186725528027843e-10,late
P015,S2_5,Sucralose,5,alpha,3.79298977761616e-10,late
P015,S2_7,Sucralose,7,alpha,2.2877287679307677e-10,late
P015,S2_5,Sucralose,5,alpha,3.000207105237868e-10,late
P015,S2_7,Sucralose,7,alpha,3.394529980872228e-10,late
P015,H2O,Water,0,alpha,2.853525457137481e-10,late
P015,S2_12,Sucralose,12,alpha,2.7829833559850797e-10,late
P015,S1_12,Sucrose,12,alpha,4.097304698325412e-10,late
P015,S1_5,Sucrose,5,alpha,3.436669206291302e-10,late
P015,S1_7,Sucrose,7,alpha,2.745238137724742e-10,late
P015,S1_5,Sucrose,5,beta,5.7748164570376e-10,late
P015,S1_7,Sucrose,7,beta,1.7549479694339345e-09,late
P015,H2O,Water,0,beta,7.402481984011318e-10,late
P015,S1_12,Sucrose,12,beta,7.354259534593558e-10,late
P015,S2_12,Sucralose,12,beta,5.149548731049157e-10,late
P015,S2_5,Sucralose,5,beta,1.1334905460416981e-09,late
P015,S2_7,Sucralose,7,beta,8.981546017136414e-10,late
P015,S2_5,Sucralose,5,beta,8.514264930930807e-10,late
P015,S2_7,Sucralose,7,beta,1.1778016241487622e-09,late
P015,H2O,Water,0,beta,1.0740471429477891e-09,late
P015,S2_12,Sucralose,12,beta,9.000117645974739e-10,late
P015,S1_12,Sucrose,12,beta,8.73489510244315e-10,late
P015,S1_5,Sucrose,5,beta,8.269438370844868e-10,late
P015,S1_7,Sucrose,7,beta,1.1458918813702873e-09,late
P015,S1_5,Sucrose,5,gamma,4.499931910924752e-10,late
P015,S1_7,Sucrose,7,gamma,1.3886625736189004e-09,late
P015,H2O,Water,0,gamma,7.603687398343555e-10,late
P015,S1_12,Sucrose,12,gamma,7.336914201592261e-10,late
P015,S2_12,Sucralose,12,gamma,5.827541849944407e-10,late
P015,S2_5,Sucralose,5,gamma,1.0256212608683199e-09,late
P015,S2_7,Sucralose,7,gamma,7.86659352837915e-10,late
P015,S2_5,Sucralose,5,gamma,8.6431747892572e-10,late
P015,S2_7,Sucralose,7,gamma,9.86362714813743e-10,late
P015,H2O,Water,0,gamma,8.548690396977169e-10,late
P015,S2_12,Sucralose,12,gamma,7.852245128179405e-10,late
P015,S1_12,Sucrose,12,gamma,1.0536571965520556e-09,late
P015,S1_5,Sucrose,5,gamma,8.902353386978381e-10,late
P015,S1_7,Sucrose,7,gamma,1.0636241014919428e-09,late
P016,S1_7,Sucrose,7,delta,3.43519059955087e-10,late
P016,S1_12,Sucrose,12,delta,1.2244010069490846e-10,late
P016,S1_5,Sucrose,5,delta,3.1972630254255127e-10,late
P016,S2_5,Sucralose,5,delta,1.2448938809037252e-10,late
P016,H2O,Water,0,delta,2.9650235489937943e-10,late
P016,S2_7,Sucralose,7,delta,2.51534696305634e-10,late
P016,S2_12,Sucralose,12,delta,2.778003041625587e-10,late
P016,S2_7,Sucralose,7,delta,2.0556799361489173e-10,late
P016,S2_12,Sucralose,12,delta,4.736178853823629e-10,late
P016,S2_5,Sucralose,5,delta,4.553703197928885e-10,late
P016,S1_5,Sucrose,5,delta,2.3022286331104476e-10,late
P016,H2O,Water,0,delta,4.166595003580378e-10,late
P016,S1_7,Sucrose,7,delta,8.478189458597992e-10,late
P016,S1_12,Sucrose,12,delta,1.4020360395250534e-10,late
P016,S1_7,Sucrose,7,theta,3.511506446075926e-10,late
P016,S1_12,Sucrose,12,theta,1.4475432092709095e-10,late
P016,S1_5,Sucrose,5,theta,3.5442173452040443e-10,late
P016,S2_5,Sucralose,5,theta,1.6143933396309118e-10,late
P016,H2O,Water,0,theta,3.6136749870688224e-10,late
P016,S2_7,Sucralose,7,theta,1.8930812690250974e-10,late
P016,S2_12,Sucralose,12,theta,2.2302494707502685e-10,late
P016,S2_7,Sucralose,7,theta,2.0523561340252372e-10,late
P016,S2_12,Sucralose,12,theta,3.6235259287654183e-10,late
P016,S2_5,Sucralose,5,theta,3.8045598803813766e-10,late
P016,S1_5,Sucrose,5,theta,2.2027934146190537e-10,late
P016,H2O,Water,0,theta,3.4915347307157895e-10,late
P016,S1_7,Sucrose,7,theta,3.523543237417894e-10,late
P016,S1_12,Sucrose,12,theta,1.2689514650274998e-10,late
P016,S1_7,Sucrose,7,alpha,2.4063198690678384e-10,late
P016,S1_12,Sucrose,12,alpha,2.242109504276112e-10,late
P016,S1_5,Sucrose,5,alpha,3.975729514327106e-10,late
P016,S2_5,Sucralose,5,alpha,1.9006976879936058e-10,late
P016,H2O,Water,0,alpha,3.562463665690087e-10,late
P016,S2_7,Sucralose,7,alpha,2.9074310878142375e-10,late
P016,S2_12,Sucralose,12,alpha,2.4005967936056356e-10,late
P016,S2_7,Sucralose,7,alpha,2.1780342816141031e-10,late
P016,S2_12,Sucralose,12,alpha,4.238712513646995e-10,late
P016,S2_5,Sucralose,5,alpha,3.4263311651279506e-10,late
P016,S1_5,Sucrose,5,alpha,2.547511399766427e-10,late
P016,H2O,Water,0,alpha,5.269286134666802e-10,late
P016,S1_7,Sucrose,7,alpha,2.4894368908620605e-10,late
P016,S1_12,Sucrose,12,alpha,2.7785555290468467e-10,late
P016,S1_7,Sucrose,7,beta,1.0773033671754563e-09,late
P016,S1_12,Sucrose,12,beta,8.21845819641196e-10,late
P016,S1_5,Sucrose,5,beta,1.4624198829727412e-09,late
P016,S2_5,Sucralose,5,beta,6.725092880138155e-10,late
P016,H2O,Water,0,beta,1.564884756275623e-09,late
P016,S2_7,Sucralose,7,beta,1.373865409894885e-09,late
P016,S2_12,Sucralose,12,beta,1.2617095291067473e-09,late
P016,S2_7,Sucralose,7,beta,8.563535337783479e-10,late
P016,S2_12,Sucralose,12,beta,1.6882347021833473e-09,late
P016,S2_5,Sucralose,5,beta,1.1713998855298436e-09,late
P016,S1_5,Sucrose,5,beta,9.724662830989218e-10,late
P016,H2O,Water,0,beta,1.309156173561851e-09,late
P016,S1_7,Sucrose,7,beta,1.1210474303427393e-09,late
P016,S1_12,Sucrose,12,beta,8.244698136378001e-10,late
P016,S1_7,Sucrose,7,gamma,1.0504876497642536e-09,late
P016,S1_12,Sucrose,12,gamma,8.202224499630448e-10,late
P016,S1_5,Sucrose,5,gamma,1.307688316139685e-09,late
P016,S2_5,Sucralose,5,gamma,5.845550929226042e-10,late
P016,H2O,Water,0,gamma,1.4156969592863893e-09,late
P016,S2_7,Sucralose,7,gamma,1.0304383613301308e-09,late
P016,S2_12,Sucralose,12,gamma,8.960476705310845e-10,late
P016,S2_7,Sucralose,7,gamma,6.853182108220574e-10,late
P016,S2_12,Sucralose,12,gamma,1.592773883992712e-09,late
P016,S2_5,Sucralose,5,gamma,9.569816516344885e-10,late
P016,S1_5,Sucrose,5,gamma,7.488614964649491e-10,late
P016,H2O,Water,0,gamma,1.2234027364519464e-09,late
P016,S1_7,Sucrose,7,gamma,7.621413968452754e-10,late
P016,S1_12,Sucrose,12,gamma,7.429117252188802e-10,late
P017,S1_12,Sucrose,12,delta,6.744745228866535e-10,late
P017,S2_5,Sucralose,5,delta,1.427142208307763e-10,late
P017,S1_7,Sucrose,7,delta,4.760994443780512e-10,late
P017,S2_7,Sucralose,7,delta,2.4763189306224165e-10,late
P017,S1_5,Sucrose,5,delta,2.0028050371372007e-10,late
P017,S2_12,Sucralose,12,delta,4.1616893301276737e-10,late
P017,H2O,Water,0,delta,5.110886094321725e-10,late
P017,S2_12,Sucralose,12,delta,2.705454809194512e-10,late
P017,S1_5,Sucrose,5,delta,5.217548416537239e-10,late
P017,S2_7,Sucralose,7,delta,2.9361436041512e-10,late
P017,S1_7,Sucrose,7,delta,4.704500651583258e-10,late
P017,S2_5,Sucralose,5,delta,1.5544001792297569e-10,late
P017,S1_12,Sucrose,12,delta,3.113174214578385e-10,late
P017,H2O,Water,0,delta,1.5738140264246728e-10,late
P017,S1_12,Sucrose,12,theta,4.091229990225633e-10,late
P017,S2_5,Sucralose,5,theta,1.591205555848755e-10,late
P017,S1_7,Sucrose,7,theta,2.9769039112695993e-10,late
P017,S2_7,Sucralose,7,theta,2.027107457726501e-10,late
P017,S1_5,Sucrose,5,theta,2.4559406069048955e-10,late
P017,S2_12,Sucralose,12,theta,3.673178565863073e-10,late
P017,H2O,Water,0,theta,2.154812315828698e-10,late
P017,S2_12,Sucralose,12,theta,3.8397670733674124e-10,late
P017,S1_5,Sucrose,5,theta,3.5011139473100454e-10,late
P017,S2_7,Sucralose,7,theta,3.489326583772855e-10,late
P017,S1_7,Sucrose,7,theta,3.3946639404832497e-10,late
P017,S2_5,Sucralose,5,theta,1.8226868632970632e-10,late
P017,S1_12,Sucrose,12,theta,6.487003280503093e-10,late
P017,H2O,Water,0,theta,2.0708916769040761e-10,late
P017,S1_12,Sucrose,12,alpha,3.2030510287651246e-10,late
P017,S2_5,Sucralose,5,alpha,2.8243299579878074e-10,late
P017,S1_7,Sucrose,7,alpha,3.481147407886931e-10,late
P017,S2_7,Sucralose,7,alpha,3.131031288779292e-10,late
P017,S1_5,Sucrose,5,alpha,4.316267676697785e-10,late
P017,S2_12,Sucralose,12,alpha,2.383509504783079e-10,late
P017,H2O,Water,0,alpha,2.5356985325541184e-10,late
P017,S2_12,Sucralose,12,alpha,6.561169258093749e-10,late
P017,S1_5,Sucrose,5,alpha,3.6588156556833577e-10,late
P017,S2_7,Sucralose,7,alpha,2.4376151651534874e-10,late
P017,S1_7,Sucrose,7,alpha,2.1611833486434042e-10,late
P017,S2_5,Sucralose,5,alpha,2.0598927276049716e-10,late
P017,S1_12,Sucrose,12,alpha,6.685377032693485e-10,late
P017,H2O,Water,0,alpha,2.383091340106177e-10,late
P017,S1_12,Sucrose,12,beta,1.137817747945419e-09,late
P017,S2_5,Sucralose,5,beta,1.1174673986225938e-09,late
P017,S1_7,Sucrose,7,beta,1.2811203758717598e-09,late
P017,S2_7,Sucralose,7,beta,1.150049746686042e-09,late
P017,S1_5,Sucrose,5,beta,1.1816388029478842e-09,late
P017,S2_12,Sucralose,12,beta,1.2512252253456878e-09,late
P017,H2O,Water,0,beta,6.570700688883189e-10,late
P017,S2_12,Sucralose,12,beta,2.1414269192945142e-09,late
P017,S1_5,Sucrose,5,beta,1.6798009213924226e-09,late
P017,S2_7,Sucralose,7,beta,1.475891197863569e-09,late
P017,S1_7,Sucrose,7,beta,1.1967493318575556e-09,late
P017,S2_5,Sucralose,5,beta,1.379308312702549e-09,late
P017,S1_12,Sucrose,12,beta,1.7642256482852751e-09,late
P017,H2O,Water,0,beta,8.906876015823827e-10,late
P017,S1_12,Sucrose,12,gamma,1.1713774598285406e-09,late
P017,S2_5,Sucralose,5,gamma,9.35138483173505e-10,late
P017,S1_7,Sucrose,7,gamma,1.314136591293077e-09,late
P017,S2_7,Sucralose,7,gamma,1.184571969832622e-09,late
P017,S1_5,Sucrose,5,gamma,1.1418167222382334e-09,late
P017,S2_12,Sucralose,12,gamma,9.820619355160458e-10,late
P017,H2O,Water,0,gamma,7.775841969737929e-10,late
P017,S2_12,Sucralose,12,gamma,1.5896728436948737e-09,late
P017,S1_5,Sucrose,5,gamma,1.1312269904483967e-09,late
P017,S2_7,Sucralose,7,gamma,1.1648895211532445e-09,late
P017,S1_7,Sucrose,7,gamma,8.316694429747481e-10,late
P017,S2_5,Sucralose,5,gamma,6.588252432119388e-10,late
P017,S1_12,Sucrose,12,gamma,1.7697399790760161e-09,late
P017,H2O,Water,0,gamma,7.799301897502956e-10,late
P019,S2_7,Sucralose,7,delta,2.3610031843045324e-10,late
P019,S2_12,Sucralose,12,delta,3.2955406793147673e-10,late
P019,S2_5,Sucralose,5,delta,3.300350610235396e-10,late
P019,H2O,Water,0,delta,4.803177223055613e-10,late
P019,S1_12,Sucrose,12,delta,5.156755159059839e-10,late
P019,S1_5,Sucrose,5,delta,2.1853204434018814e-10,late
P019,S1_7,Sucrose,7,delta,2.0645412049667827e-10,late
P019,S1_7,Sucrose,7,delta,2.3189611422729397e-10,late
P019,S1_12,Sucrose,12,delta,1.8983688411682396e-10,late
P019,S1_5,Sucrose,5,delta,8.677933611138111e-10,late
P019,H2O,Water,0,delta,4.379441886421246e-10,late
P019,S2_12,Sucralose,12,delta,4.797021794275589e-10,late
P019,S2_5,Sucralose,5,delta,2.1859690617981302e-10,late
P019,S2_7,Sucralose,7,delta,2.5486911383290565e-10,late
P019,S2_7,Sucralose,7,theta,3.358297157169947e-10,late
P019,S2_12,Sucralose,12,theta,2.5348340283768816e-10,late
P019,S2_5,Sucralose,5,theta,3.640830102123355e-10,late
P019,H2O,Water,0,theta,3.6928186188974783e-10,late
P019,S1_12,Sucrose,12,theta,3.4179540632794743e-10,late
P019,S1_5,Sucrose,5,theta,3.0881664887259547e-10,late
P019,S1_7,Sucrose,7,theta,3.953833132434951e-10,late
P019,S1_7,Sucrose,7,theta,2.969913806021193e-10,late
P019,S1_12,Sucrose,12,theta,3.4716549151900477e-10,late
P019,S1_5,Sucrose,5,theta,5.047111037044693e-10,late
P019,H2O,Water,0,theta,4.5638960416072933e-10,late
P019,S2_12,Sucralose,12,theta,3.6699736059567194e-10,late
P019,S2_5,Sucralose,5,theta,2.7731772814005027e-10,late
P019,S2_7,Sucralose,7,theta,2.5575552001302877e-10,late
P019,S2_7,Sucralose,7,alpha,3.015102471117605e-10,late
P019,S2_12,Sucralose,12,alpha,2.262524820358294e-10,late
P019,S2_5,Sucralose,5,alpha,2.5985107695969956e-10,late
P019,H2O,Water,0,alpha,5.302842142468098e-10,late
P019,S1_12,Sucrose,12,alpha,2.457177633057126e-10,late
P019,S1_5,Sucrose,5,alpha,2.5073032016664877e-10,late
P019,S1_7,Sucrose,7,alpha,2.6498861063562775e-10,late
P019,S1_7,Sucrose,7,alpha,3.9118356465236416e-10,late
P019,S1_12,Sucrose,12,alpha,4.6509272662744144e-10,late
P019,S1_5,Sucrose,5,alpha,2.9859495156792346e-10,late
P019,H2O,Water,0,alpha,4.028701277913868e-10,late
P019,S2_12,Sucralose,12,alpha,3.873696436344292e-10,late
P019,S2_5,Sucralose,5,alpha,2.915011751592141e-10,late
P019,S2_7,Sucralose,7,alpha,3.7654908683127367e-10,late
P019,S2_7,Sucralose,7,beta,1.402471952279713e-09,late
P019,S2_12,Sucralose,12,beta,1.3196204478564938e-09,late
P019,S2_5,Sucralose,5,beta,1.7070275496151605e-09,late
P019,H2O,Water,0,beta,1.1774712184993514e-09,late
P019,S1_12,Sucrose,12,beta,1.0447669347648166e-09,late
P019,S1_5,Sucrose,5,beta,1.145710694889388e-09,late
P019,S1_7,Sucrose,7,beta,1.1990831544368129e-09,late
P019,S1_7,Sucrose,7,beta,1.4141418385520472e-09,late
P019,S1_12,Sucrose,12,beta,1.0943825251708795e-09,late
P019,S1_5,Sucrose,5,beta,1.4968439854569632e-09,late
P019,H2O,Water,0,beta,1.4233617828893377e-09,late
P019,S2_12,Sucralose,12,beta,1.1018059099795973e-09,late
P019,S2_5,Sucralose,5,beta,1.0373372366497839e-09,late
P019,S2_7,Sucralose,7,beta,1.4504342122337932e-09,late
P019,S2_7,Sucralose,7,gamma,1.1808011045631183e-09,late
P019,S2_12,Sucralose,12,gamma,8.801370572084057e-10,late
P019,S2_5,Sucralose,5,gamma,1.004269792547968e-09,late
P019,H2O,Water,0,gamma,1.4314210151586395e-09,late
P019,S1_12,Sucrose,12,gamma,9.76190596235001e-10,late
P019,S1_5,Sucrose,5,gamma,1.0838351559088865e-09,late
P019,S1_7,Sucrose,7,gamma,9.475741517773571e-10,late
P019,S1_7,Sucrose,7,gamma,1.2192755630037199e-09,late
P019,S1_12,Sucrose,12,gamma,1.0924050778308189e-09,late
P019,S1_5,Sucrose,5,gamma,1.3399371647073684e-09,late
P019,H2O,Water,0,gamma,1.2985894281956047e-09,late
P019,S2_12,Sucralose,12,gamma,1.1042411854979812e-09,late
P019,S2_5,Sucralose,5,gamma,1.0078750992123852e-09,late
P019,S2_7,Sucralose,7,gamma,9.694861269974306e-10,late
P020,S2_12,Sucralose,12,delta,7.629950291811787e-10,late
P020,H2O,Water,0,delta,7.662330915649003e-10,late
P020,S2_7,Sucralose,7,delta,6.631443216487829e-10,late
P020,S1_5,Sucrose,5,delta,2.2608669213079204e-10,late
P020,S2_5,Sucralose,5,delta,8.135174457464904e-10,late
P020,S1_7,Sucrose,7,delta,6.90405479363968e-10,late
P020,S1_12,Sucrose,12,delta,4.303658558348802e-10,late
P020,S1_12,Sucrose,12,delta,1.7996200570796882e-10,late
P020,H2O,Water,0,delta,1.0242600560104204e-09,late
P020,S1_7,Sucrose,7,delta,3.4277871821687815e-10,late
P020,S2_5,Sucralose,5,delta,6.308692385559711e-10,late
P020,S1_5,Sucrose,5,delta,1.6585726030285533e-10,late
P020,S2_7,Sucralose,7,delta,8.292205896547866e-10,late
P020,S2_12,Sucralose,12,delta,1.1526188592208802e-09,late
P020,S2_12,Sucralose,12,theta,8.348434617982093e-11,late
P020,H2O,Water,0,theta,1.2217807892975318e-10,late
P020,S2_7,Sucralose,7,theta,1.5710000443002448e-10,late
P020,S1_5,Sucrose,5,theta,1.6280232361551817e-11,late
P020,S2_5,Sucralose,5,theta,4.683775156352995e-10,late
P020,S1_7,Sucrose,7,theta,1.641119861310389e-10,late
P020,S1_12,Sucrose,12,theta,1.6450909260304057e-10,late
P020,S1_12,Sucrose,12,theta,1.152832113873348e-10,late
P020,H2O,Water,0,theta,5.323148637587903e-10,late
P020,S1_7,Sucrose,7,theta,9.557411075733773e-11,late
P020,S2_5,Sucralose,5,theta,5.758996241764395e-10,late
P020,S1_5,Sucrose,5,theta,9.978025556205183e-11,late
P020,S2_7,Sucralose,7,theta,2.6644531633393344e-10,late
P020,S2_12,Sucralose,12,theta,7.957145950782172e-10,late
P020,S2_12,Sucralose,12,alpha,5.495530960654657e-11,late
P020,H2O,Water,0,alpha,1.3182325651167408e-10,late
P020,S2_7,Sucralose,7,alpha,1.2667914355716844e-10,late
P020,S1_5,Sucrose,5,alpha,4.2575678390149225e-11,late
P020,S2_5,Sucralose,5,alpha,1.1584200766036931e-10,late
P020,S1_7,Sucrose,7,alpha,8.493071797234707e-11,late
P020,S1_12,Sucrose,12,alpha,6.430041481207838e-11,late
P020,S1_12,Sucrose,12,alpha,2.7871830864999654e-10,late
P020,H2O,Water,0,alpha,1.1289212435421696e-10,late
P020,S1_7,Sucrose,7,alpha,8.04105901475343e-11,late
P020,S2_5,Sucralose,5,alpha,3.15473707779743e-10,late
P020,S1_5,Sucrose,5,alpha,9.085194314250034e-11,late
P020,S2_7,Sucralose,7,alpha,1.3153309757822363e-10,late
P020,S2_12,Sucralose,12,alpha,2.3324049590056626e-10,late
P020,S2_12,Sucralose,12,beta,2.7867058415340603e-10,late
P020,H2O,Water,0,beta,1.5252268680843718e-10,late
P020,S2_7,Sucralose,7,beta,2.690747761304998e-10,late
P020,S1_5,Sucrose,5,beta,9.125747682005052e-11,late
P020,S2_5,Sucralose,5,beta,4.3759406558898517e-10,late
P020,S1_7,Sucrose,7,beta,2.062913037590039e-10,late
P020,S1_12,Sucrose,12,beta,1.5913405402841492e-10,late
P020,S1_12,Sucrose,12,beta,8.679676396060248e-10,late
P020,H2O,Water,0,beta,4.5651129407487256e-10,late
P020,S1_7,Sucrose,7,beta,2.421323384832816e-10,late
P020,S2_5,Sucralose,5,beta,6.231861141846289e-10,late
P020,S1_5,Sucrose,5,beta,3.6941978859794675e-10,late
P020,S2_7,Sucralose,7,beta,3.706520548198387e-10,late
P020,S2_12,Sucralose,12,beta,6.505005027013207e-10,late
P020,S2_12,Sucralose,12,gamma,2.1157557686055315e-10,late
P020,H2O,Water,0,gamma,2.0838952042531378e-10,late
P020,S2_7,Sucralose,7,gamma,2.8536659015335916e-10,late
P020,S1_5,Sucrose,5,gamma,1.1225660869092331e-10,late
P020,S2_5,Sucralose,5,gamma,5.046157399290238e-10,late
P020,S1_7,Sucrose,7,gamma,3.503248992762252e-10,late
P020,S1_12,Sucrose,12,gamma,2.766136011893216e-10,late
P020,S1_12,Sucrose,12,gamma,7.79384169546231e-10,late
P020,H2O,Water,0,gamma,7.930263626518542e-10,late
P020,S1_7,Sucrose,7,gamma,2.357039891488746e-10,late
P020,S2_5,Sucralose,5,gamma,6.696558736104852e-10,late
P020,S1_5,Sucrose,5,gamma,3.995230952531111e-10,late
P020,S2_7,Sucralose,7,gamma,4.141677218301685e-10,late
P020,S2_12,Sucralose,12,gamma,6.496488272547577e-10,late
P021,H2O,Water,0,delta,8.4815222182048e-10,late
P021,S1_5,Sucrose,5,delta,1.5697086065672842e-09,late
P021,S2_12,Sucralose,12,delta,5.465022229885332e-10,late
P021,S1_7,Sucrose,7,delta,6.581183667914615e-10,late
P021,S2_7,Sucralose,7,delta,2.3849672699545395e-10,late
P021,S1_12,Sucrose,12,delta,5.053210842471647e-10,late
P021,S2_5,Sucralose,5,delta,3.3289803987474104e-10,late
P021,H2O,Water,0,delta,8.456363898104489e-10,late
P021,S1_12,Sucrose,12,delta,1.930795513817119e-09,late
P021,S2_7,Sucralose,7,delta,8.20678849922653e-10,late
P021,S1_7,Sucrose,7,delta,6.709902390167556e-10,late
P021,S2_12,Sucralose,12,delta,2.492987663065558e-10,late
P021,S1_5,Sucrose,5,delta,9.463285737295434e-10,late
P021,H2O,Water,0,theta,4.6184704200054165e-10,late
P021,S1_5,Sucrose,5,theta,3.78268852202052e-10,late
P021,S2_12,Sucralose,12,theta,4.1958359310670724e-10,late
P021,S1_7,Sucrose,7,theta,3.5950908370263844e-10,late
P021,S2_7,Sucralose,7,theta,1.9996672561134406e-10,late
P021,S1_12,Sucrose,12,theta,3.3349924147625276e-10,late
P021,S2_5,Sucralose,5,theta,2.79555919888867e-10,late
P021,H2O,Water,0,theta,3.392437361066271e-10,late
P021,S1_12,Sucrose,12,theta,8.245894324547378e-10,late
P021,S2_7,Sucralose,7,theta,6.382500840964823e-10,late
P021,S1_7,Sucrose,7,theta,2.783967602297869e-10,late
P021,S2_12,Sucralose,12,theta,3.1797179870414717e-10,late
P021,S1_5,Sucrose,5,theta,4.1495414700260484e-10,late
P021,H2O,Water,0,alpha,5.953906302398804e-10,late
P021,S1_5,Sucrose,5,alpha,4.501972167337958e-10,late
P021,S2_12,Sucralose,12,alpha,2.519560075957242e-10,late
P021,S1_7,Sucrose,7,alpha,5.343578901335969e-10,late
P021,S2_7,Sucralose,7,alpha,4.792625576876985e-10,late
P021,S1_12,Sucrose,12,alpha,3.7758581599584605e-10,late
P021,S2_5,Sucralose,5,alpha,1.921324165309999e-10,late
P021,H2O,Water,0,alpha,2.791328533360585e-10,late
P021,S1_12,Sucrose,12,alpha,4.309661313899948e-10,late
P021,S2_7,Sucralose,7,alpha,4.0085110036065727e-10,late
P021,S1_7,Sucrose,7,alpha,2.256775541631972e-10,late
P021,S2_12,Sucralose,12,alpha,2.8109942157889086e-10,late
P021,S1_5,Sucrose,5,alpha,3.695258722096546e-10,late
P021,H2O,Water,0,beta,1.977011384883119e-09,late
P021,S1_5,Sucrose,5,beta,9.565210225005822e-10,late
P021,S2_12,Sucralose,12,beta,1.3341308887215906e-09,late
P021,S1_7,Sucrose,7,beta,1.2288159349834147e-09,late
P021,S2_7,Sucralose,7,beta,8.54842457480043e-10,late
P021,S1_12,Sucrose,12,beta,1.446501396502639e-09,late
P021,S2_5,Sucralose,5,beta,6.724484008984294e-10,late
P021,H2O,Water,0,beta,1.3410537285868144e-09,late
P021,S1_12,Sucrose,12,beta,1.3379048324143234e-09,late
P021,S2_7,Sucralose,7,beta,1.1203298704662472e-09,late
P021,S1_7,Sucrose,7,beta,1.6263599487807988e-09,late
P021,S2_12,Sucralose,12,beta,1.094344835482155e-09,late
P021,S1_5,Sucrose,5,beta,1.1331105792328195e-09,late
P021,H2O,Water,0,gamma,1.397143270626348e-09,late
P021,S1_5,Sucrose,5,gamma,8.350130573225878e-10,late
P021,S2_12,Sucralose,12,gamma,1.0827243586967819e-09,late
P021,S1_7,Sucrose,7,gamma,1.4123204932345412e-09,late
P021,S2_7,Sucralose,7,gamma,1.0811329447251822e-09,late
P021,S1_12,Sucrose,12,gamma,1.0003657187962213e-09,late
P021,S2_5,Sucralose,5,gamma,7.270063294480332e-10,late
P021,H2O,Water,0,gamma,1.1100383845865387e-09,late
P021,S1_12,Sucrose,12,gamma,1.5885604178264164e-09,late
P021,S2_7,Sucralose,7,gamma,1.1673579979605138e-09,late
P021,S1_7,Sucrose,7,gamma,1.6000051921736359e-09,late
P021,S2_12,Sucralose,12,gamma,9.660088759496039e-10,late
P021,S1_5,Sucrose,5,gamma,1.0223807864066612e-09,late
P022,S2_7,Sucralose,7,delta,3.2972712742645344e-10,late
P022,S2_5,Sucralose,5,delta,1.2857454540908267e-09,late
P022,S2_12,Sucralose,12,delta,9.841888207949088e-11,late
P022,S1_12,Sucrose,12,delta,1.161996536159429e-10,late
P022,H2O,Water,0,delta,6.886194027918592e-10,late
P022,S1_7,Sucrose,7,delta,1.6788405299915485e-10,late
P022,S1_5,Sucrose,5,delta,1.2096003782650928e-10,late
P022,S1_7,Sucrose,7,delta,3.465377355212429e-10,late
P022,S1_5,Sucrose,5,delta,7.082552017971291e-10,late
P022,S1_12,Sucrose,12,delta,1.2422854039810646e-09,late
P022,S2_12,Sucralose,12,delta,6.925333525993478e-10,late
P022,H2O,Water,0,delta,2.1499274581951068e-10,late
P022,S2_7,Sucralose,7,delta,3.475705174221949e-10,late
P022,S2_5,Sucralose,5,delta,1.1721273461964806e-09,late
P022,S2_7,Sucralose,7,theta,2.520501595464309e-10,late
P022,S2_5,Sucralose,5,theta,3.919267215913113e-10,late
P022,S2_12,Sucralose,12,theta,9.746190140974186e-11,late
P022,S1_12,Sucrose,12,theta,8.675076873208992e-11,late
P022,H2O,Water,0,theta,4.231182317829526e-10,late
P022,S1_7,Sucrose,7,theta,2.9754671861682135e-10,late
P022,S1_5,Sucrose,5,theta,2.729801603624935e-11,late
P022,S1_7,Sucrose,7,theta,1.2205781796608734e-10,late
P022,S1_5,Sucrose,5,theta,1.3352669528168153e-10,late
P022,S1_12,Sucrose,12,theta,4.070141916938151e-10,late
P022,S2_12,Sucralose,12,theta,9.918015068125783e-11,late
P022,H2O,Water,0,theta,1.5102792895772637e-10,late
P022,S2_7,Sucralose,7,theta,2.7728893369679963e-10,late
P022,S2_5,Sucralose,5,theta,3.5285561745099594e-10,late
P022,S2_7,Sucralose,7,alpha,1.3569787653831296e-10,late
P022,S2_5,Sucralose,5,alpha,1.1060663702735386e-10,late
P022,S2_12,Sucralose,12,alpha,1.2107318589404296e-10,late
P022,S1_12,Sucrose,12,alpha,1.6245379343612323e-10,late
P022,H2O,Water,0,alpha,1.1708753446507138e-10,late
P022,S1_7,Sucrose,7,alpha,2.2771378938858178e-10,late
P022,S1_5,Sucrose,5,alpha,2.4778871611909975e-11,late
P022,S1_7,Sucrose,7,alpha,1.5845710551789206e-10,late
P022,S1_5,Sucrose,5,alpha,2.5766579839497716e-10,late
P022,S1_12,Sucrose,12,alpha,3.2075945621551605e-10,late
P022,S2_12,Sucralose,12,alpha,1.3733057962974473e-10,late
P022,H2O,Water,0,alpha,1.0201637142498298e-10,late
P022,S2_7,Sucralose,7,alpha,2.5142296014515484e-10,late
P022,S2_5,Sucralose,5,alpha,3.226104999589409e-10,late
P022,S2_7,Sucralose,7,beta,7.80703424252369e-10,late
P022,S2_5,Sucralose,5,beta,2.5323517032652555e-10,late
P022,S2_12,Sucralose,12,beta,1.8852785312072485e-10,late
P022,S1_12,Sucrose,12,beta,2.147325191884812e-10,late
P022,H2O,Water,0,beta,3.0795219599783083e-10,late
P022,S1_7,Sucrose,7,beta,4.106207479024611e-10,late
P022,S1_5,Sucrose,5,beta,7.356388755445493e-11,late
P022,S1_7,Sucrose,7,beta,3.4888543827421853e-10,late
P022,S1_5,Sucrose,5,beta,8.192608379555633e-10,late
P022,S1_12,Sucrose,12,beta,9.908828260854167e-10,late
P022,S2_12,Sucralose,12,beta,1.0280534568023752e-09,late
P022,H2O,Water,0,beta,2.2036535291593525e-10,late
P022,S2_7,Sucralose,7,beta,1.012622356458538e-09,late
P022,S2_5,Sucralose,5,beta,9.592793523011201e-10,late
P022,S2_7,Sucralose,7,gamma,7.736268134237949e-10,late
P022,S2_5,Sucralose,5,gamma,6.185481382353797e-10,late
P022,S2_12,Sucralose,12,gamma,2.7114407422925276e-10,late
P022,S1_12,Sucrose,12,gamma,3.6091843907022326e-10,late
P022,H2O,Water,0,gamma,4.4851565533713436e-10,late
P022,S1_7,Sucrose,7,gamma,3.488706849097914e-10,late
P022,S1_5,Sucrose,5,gamma,8.17444418001912e-11,late
P022,S1_7,Sucrose,7,gamma,4.298327059661538e-10,late
P022,S1_5,Sucrose,5,gamma,6.894677246713012e-10,late
P022,S1_12,Sucrose,12,gamma,6.616198448241199e-10,late
P022,S2_12,Sucralose,12,gamma,8.491693506719642e-10,late
P022,H2O,Water,0,gamma,2.6203878863064633e-10,late
P022,S2_7,Sucralose,7,gamma,7.138736933655488e-10,late
P022,S2_5,Sucralose,5,gamma,8.831553919669962e-10,late
P023,S2_12,Sucralose,12,delta,7.115020101092462e-10,late
P023,S2_7,Sucralose,7,delta,9.851617495761581e-10,late
P023,H2O,Water,0,delta,8.353389053283593e-10,late
P023,S2_5,Sucralose,5,delta,6.514812701839145e-10,late
P023,S1_5,Sucrose,5,delta,6.108855167032258e-10,late
P023,S1_12,Sucrose,12,delta,5.642140915629133e-10,late
P023,S1_7,Sucrose,7,delta,4.178781586508211e-10,late
P023,S1_12,Sucrose,12,delta,6.179757343949111e-10,late
P023,S1_7,Sucrose,7,delta,1.2369822531605106e-09,late
P023,H2O,Water,0,delta,2.891731435774644e-10,late
P023,S1_5,Sucrose,5,delta,5.827605264786069e-10,late
P023,S2_5,Sucralose,5,delta,5.670475673426258e-10,late
P023,S2_12,Sucralose,12,delta,3.138645451608355e-10,late
P023,S2_7,Sucralose,7,delta,7.374161348720466e-10,late
P023,S2_12,Sucralose,12,theta,8.116233453103559e-10,late
P023,S2_7,Sucralose,7,theta,7.214073485304337e-10,late
P023,H2O,Water,0,theta,4.521448545232909e-10,late
P023,S2_5,Sucralose,5,theta,4.903971433026407e-10,late
P023,S1_5,Sucrose,5,theta,3.0905675160859975e-10,late
P023,S1_12,Sucrose,12,theta,3.8660113293114227e-10,late
P023,S1_7,Sucrose,7,theta,1.5797894087681594e-10,late
P023,S1_12,Sucrose,12,theta,7.216834015438029e-11,late
P023,S1_7,Sucrose,7,theta,2.451204884966243e-10,late
P023,H2O,Water,0,theta,2.9356804758515203e-10,late
P023,S1_5,Sucrose,5,theta,4.181303297793608e-10,late
P023,S2_5,Sucralose,5,theta,7.116003852292563e-10,late
P023,S2_12,Sucralose,12,theta,1.8192049223496784e-10,late
P023,S2_7,Sucralose,7,theta,4.970277288436725e-10,late
P023,S2_12,Sucralose,12,alpha,2.2441037249095518e-10,late
P023,S2_7,Sucralose,7,alpha,4.606754490754143e-10,late
P023,H2O,Water,0,alpha,2.0281419754889393e-10,late
P023,S2_5,Sucralose,5,alpha,2.784144073301182e-10,late
P023,S1_5,Sucrose,5,alpha,2.4367565608323014e-10,late
P023,S1_12,Sucrose,12,alpha,3.7951816401654216e-10,late
P023,S1_7,Sucrose,7,alpha,2.464777720844764e-10,late
P023,S1_12,Sucrose,12,alpha,6.48978494220178e-11,late
P023,S1_7,Sucrose,7,alpha,3.7438629231864144e-10,late
P023,H2O,Water,0,alpha,2.7940797055496775e-10,late
P023,S1_5,Sucrose,5,alpha,3.3703837925488773e-10,late
P023,S2_5,Sucralose,5,alpha,1.977948324841625e-10,late
P023,S2_12,Sucralose,12,alpha,2.4545674423782914e-10,late
P023,S2_7,Sucralose,7,alpha,3.89500444345621e-10,late
P023,S2_12,Sucralose,12,beta,7.350456166381087e-10,late
P023,S2_7,Sucralose,7,beta,7.86289976153754e-10,late
P023,H2O,Water,0,beta,5.786366942165277e-10,late
P023,S2_5,Sucralose,5,beta,9.087824575451086e-10,late
P023,S1_5,Sucrose,5,beta,5.429786782896832e-10,late
P023,S1_12,Sucrose,12,beta,1.27756471691158e-09,late
P023,S1_7,Sucrose,7,beta,7.04815330782682e-10,late
P023,S1_12,Sucrose,12,beta,4.469089149460654e-10,late
P023,S1_7,Sucrose,7,beta,1.0268424234649274e-09,late
P023,H2O,Water,0,beta,1.0056180040696042e-09,late
P023,S1_5,Sucrose,5,beta,1.0475781365860831e-09,late
P023,S2_5,Sucralose,5,beta,4.865342563270728e-10,late
P023,S2_12,Sucralose,12,beta,6.721119971968442e-10,late
P023,S2_7,Sucralose,7,beta,8.242776732614335e-10,late
P023,S2_12,Sucralose,12,gamma,9.044396431014612e-10,late
P023,S2_7,Sucralose,7,gamma,1.417872132085633e-09,late
P023,H2O,Water,0,gamma,1.0253481365498669e-09,late
P023,S2_5,Sucralose,5,gamma,9.372055213304712e-10,late
P023,S1_5,Sucrose,5,gamma,6.3699481384603e-10,late
P023,S1_12,Sucrose,12,gamma,1.4637824952849554e-09,late
P023,S1_7,Sucrose,7,gamma,5.806427558426697e-10,late
P023,S1_12,Sucrose,12,gamma,1.9444576183045748e-10,late
P023,S1_7,Sucrose,7,gamma,7.907253613471843e-10,late
P023,H2O,Water,0,gamma,1.161935939570962e-09,late
P023,S1_5,Sucrose,5,gamma,1.164957832527268e-09,late
P023,S2_5,Sucralose,5,gamma,8.175617409130265e-10,late
P023,S2_12,Sucralose,12,gamma,6.237423588016047e-10,late
P023,S2_7,Sucralose,7,gamma,1.0841549848744307e-09,late
P024,H2O,Water,0,delta,1.0185379127730087e-09,late
P024,S2_12,Sucralose,12,delta,1.311852484573694e-09,late
P024,S1_5,Sucrose,5,delta,1.2910975502823834e-09,late
P024,S2_7,Sucralose,7,delta,1.0292034902196358e-09,late
P024,S1_7,Sucrose,7,delta,1.3892563662055194e-09,late
P024,S2_5,Sucralose,5,delta,9.5191530836699e-10,late
P024,S1_12,Sucrose,12,delta,8.906378089710127e-10,late
P024,H2O,Water,0,delta,3.792582544002517e-11,late
P024,S1_12,Sucrose,12,delta,9.064344962770715e-10,late
P024,S2_5,Sucralose,5,delta,4.3407466225359605e-10,late
P024,S1_7,Sucrose,7,delta,1.1286277659193039e-09,late
P024,S2_7,Sucralose,7,delta,5.087369366247696e-10,late
P024,S1_5,Sucrose,5,delta,2.7884389681351248e-11,late
P024,S2_12,Sucralose,12,delta,7.107013413712371e-10,late
P024,H2O,Water,0,theta,4.872830249867538e-10,late
P024,S2_12,Sucralose,12,theta,7.143791577266993e-10,late
P024,S1_5,Sucrose,5,theta,7.288667350788079e-10,late
P024,S2_7,Sucralose,7,theta,6.240511490068948e-10,late
P024,S1_7,Sucrose,7,theta,8.24018274743367e-10,late
P024,S2_5,Sucralose,5,theta,5.013081217200385e-10,late
P024,S1_12,Sucrose,12,theta,2.867772244656622e-10,late
P024,H2O,Water,0,theta,1.3167966903851082e-11,late
P024,S1_12,Sucrose,12,theta,1.0341513888197809e-10,late
P024,S2_5,Sucralose,5,theta,2.9502989612664803e-10,late
P024,S1_7,Sucrose,7,theta,2.73353554153503e-10,late
P024,S2_7,Sucralose,7,theta,3.3406252196143713e-10,late
P024,S1_5,Sucrose,5,theta,2.2718554478598598e-11,late
P024,S2_12,Sucralose,12,theta,1.9007327012967481e-10,late
P024,H2O,Water,0,alpha,2.4805217723762365e-10,late
P024,S2_12,Sucralose,12,alpha,2.713854969848407e-10,late
P024,S1_5,Sucrose,5,alpha,1.878271815944368e-10,late
P024,S2_7,Sucralose,7,alpha,2.032554995520466e-10,late
P024,S1_7,Sucrose,7,alpha,2.0083091864108022e-10,late
P024,S2_5,Sucralose,5,alpha,1.2558931823499636e-10,late
P024,S1_12,Sucrose,12,alpha,1.4147944454466387e-10,late
P024,H2O,Water,0,alpha,1.3532356226615543e-11,late
P024,S1_12,Sucrose,12,alpha,1.381140430356923e-10,late
P024,S2_5,Sucralose,5,alpha,1.2170791459177135e-10,late
P024,S1_7,Sucrose,7,alpha,1.1212273306663429e-10,late
P024,S2_7,Sucralose,7,alpha,2.513635913773585e-10,late
P024,S1_5,Sucrose,5,alpha,2.6313219087489764e-11,late
P024,S2_12,Sucralose,12,alpha,9.119410360000009e-11,late
P024,H2O,Water,0,beta,3.688559465585733e-10,late
P024,S2_12,Sucralose,12,beta,4.603296432759259e-10,late
P024,S1_5,Sucrose,5,beta,4.0093219396381074e-10,late
P024,S2_7,Sucralose,7,beta,3.9879151740689003e-10,late
P024,S1_7,Sucrose,7,beta,3.915268417894551e-10,late
P024,S2_5,Sucralose,5,beta,2.7312457065673004e-10,late
P024,S1_12,Sucrose,12,beta,2.2957129017896678e-10,late
P024,H2O,Water,0,beta,7.854667047695178e-11,late
P024,S1_12,Sucrose,12,beta,4.101117064584173e-10,late
P024,S2_5,Sucralose,5,beta,2.1492588774013767e-10,late
P024,S1_7,Sucrose,7,beta,2.843400141312663e-10,late
P024,S2_7,Sucralose,7,beta,3.3293431116691535e-10,late
P024,S1_5,Sucrose,5,beta,9.887428753574587e-11,late
P024,S2_12,Sucralose,12,beta,2.2700747931970688e-10,late
P024,H2O,Water,0,gamma,7.949706935292711e-10,late
P024,S2_12,Sucralose,12,gamma,1.1840754288989775e-09,late
P024,S1_5,Sucrose,5,gamma,7.214455083117695e-10,late
P024,S2_7,Sucralose,7,gamma,9.532640499708937e-10,late
P024,S1_7,Sucrose,7,gamma,6.8079214287599e-10,late
P024,S2_5,Sucralose,5,gamma,6.182121494345396e-10,late
P024,S1_12,Sucrose,12,gamma,3.2748463134969126e-10,late
P024,H2O,Water,0,gamma,5.27144570389621e-11,late
P024,S1_12,Sucrose,12,gamma,4.3014355880712875e-10,late
P024,S2_5,Sucralose,5,gamma,4.0938568294696944e-10,late
P024,S1_7,Sucrose,7,gamma,4.1942826959703283e-10,late
P024,S2_7,Sucralose,7,gamma,4.178395506063227e-10,late
P024,S1_5,Sucrose,5,gamma,6.628134232538995e-11,late
P024,S2_12,Sucralose,12,gamma,3.326910682179335e-10,late
P025,S1_5,Sucrose,5,delta,7.224637147494976e-11,late
P025,H2O,Water,0,delta,9.68757825213626e-10,late
P025,S1_7,Sucrose,7,delta,3.3871826877578856e-10,late
P025,S2_12,Sucralose,12,delta,2.6678807203745483e-10,late
P025,S1_12,Sucrose,12,delta,7.3614568912524e-10,late
P025,S2_7,Sucralose,7,delta,1.9324132667709102e-10,late
P025,S2_5,Sucralose,5,delta,1.4511063393406303e-09,late
P025,S2_5,Sucralose,5,delta,3.636356560653325e-10,late
P025,H2O,Water,0,delta,9.732240914021434e-10,late
P025,S2_7,Sucralose,7,delta,5.297416948824455e-10,late
P025,S1_12,Sucrose,12,delta,1.4867996819200546e-09,late
P025,S2_12,Sucralose,12,delta,4.0658743367154286e-10,late
P025,S1_7,Sucrose,7,delta,1.1464206381435481e-10,late
P025,S1_5,Sucrose,5,delta,1.6981651780363704e-09,late
P025,S1_5,Sucrose,5,theta,9.016033374487222e-11,late
P025,H2O,Water,0,theta,1.2658605770402225e-10,late
P025,S1_7,Sucrose,7,theta,8.564692927709421e-11,late
P025,S2_12,Sucralose,12,theta,1.7546367673420108e-10,late
P025,S1_12,Sucrose,12,theta,1.2836160916298974e-10,late
P025,S2_7,Sucralose,7,theta,1.8230244721530312e-10,late
P025,S2_5,Sucralose,5,theta,2.822762955090119e-10,late
P025,S2_5,Sucralose,5,theta,2.416931519155035e-10,late
P025,H2O,Water,0,theta,3.312941858156087e-10,late
P025,S2_7,Sucralose,7,theta,1.5399682373373543e-10,late
P025,S1_12,Sucrose,12,theta,1.2141493504107976e-10,late
P025,S2_12,Sucralose,12,theta,1.901093837494026e-10,late
P025,S1_7,Sucrose,7,theta,1.6328737964943044e-10,late
P025,S1_5,Sucrose,5,theta,3.618731397270141e-10,late
P025,S1_5,Sucrose,5,alpha,2.140668252268217e-10,late
P025,H2O,Water,0,alpha,9.82190336243358e-11,late
P025,S1_7,Sucrose,7,alpha,1.1393840742119086e-10,late
P025,S2_12,Sucralose,12,alpha,1.6653283843096846e-10,late
P025,S1_12,Sucrose,12,alpha,1.4030927419838263e-10,late
P025,S2_7,Sucralose,7,alpha,1.6851944437397944e-10,late
P025,S2_5,Sucralose,5,alpha,1.412644559333632e-10,late
P025,S2_5,Sucralose,5,alpha,3.4903986422139654e-10,late
P025,H2O,Water,0,alpha,3.1403225329299934e-10,late
P025,S2_7,Sucralose,7,alpha,1.4945631816409749e-10,late
P025,S1_12,Sucrose,12,alpha,1.4436004316454953e-10,late
P025,S2_12,Sucralose,12,alpha,1.016458248456314e-10,late
P025,S1_7,Sucrose,7,alpha,1.9397072131842974e-10,late
P025,S1_5,Sucrose,5,alpha,1.50810712313834e-10,late
P025,S1_5,Sucrose,5,beta,3.450533678527832e-10,late
P025,H2O,Water,0,beta,2.597155956009632e-10,late
P025,S1_7,Sucrose,7,beta,1.2486353818035614e-10,late
P025,S2_12,Sucralose,12,beta,3.6239775498097323e-10,late
P025,S1_12,Sucrose,12,beta,2.327843627353288e-10,late
P025,S2_7,Sucralose,7,beta,4.157870114804299e-10,late
P025,S2_5,Sucralose,5,beta,3.6320400392979414e-10,late
P025,S2_5,Sucralose,5,beta,1.1335620263354153e-09,late
P025,H2O,Water,0,beta,3.751574180782018e-10,late
P025,S2_7,Sucralose,7,beta,6.82257514823625e-10,late
P025,S1_12,Sucrose,12,beta,2.3998826677090083e-10,late
P025,S2_12,Sucralose,12,beta,6.559308502480178e-10,late
P025,S1_7,Sucrose,7,beta,2.464693517142432e-10,late
P025,S1_5,Sucrose,5,beta,2.770936709837241e-10,late
P025,S1_5,Sucrose,5,gamma,4.0478413566149255e-10,late
P025,H2O,Water,0,gamma,3.461112984183114e-10,late
P025,S1_7,Sucrose,7,gamma,2.7969133170003573e-10,late
P025,S2_12,Sucralose,12,gamma,5.212307892906877e-10,late
P025,S1_12,Sucrose,12,gamma,3.8143840049917717e-10,late
P025,S2_7,Sucralose,7,gamma,4.743255291698521e-10,late
P025,S2_5,Sucralose,5,gamma,4.4141352045387927e-10,late
P025,S2_5,Sucralose,5,gamma,1.108157269118001e-09,late
P025,H2O,Water,0,gamma,6.933515362219793e-10,late
P025,S2_7,Sucralose,7,gamma,5.030672361319951e-10,late
P025,S1_12,Sucrose,12,gamma,3.838966316899712e-10,late
P025,S2_12,Sucralose,12,gamma,4.1842951025836114e-10,late
P025,S1_7,Sucrose,7,gamma,4.2979714202866085e-10,late
P025,S1_5,Sucrose,5,gamma,5.653262323076665e-10,late
